"gene.id","baseMean","log2FoldChange","lfcSE","stat","pvalue","padj","design","comparison","direction","human_symbol","mouse_entrez","human_entrez","mouse_ensembl","human_ensembl","ortholog_support_n","ortholog_support_sources"
"Kcnc1",1659.47390803398,-0.348564793758779,0.0861886146650739,-4.04420926259564,5.25000121538964e-05,0.454097159691186,"~cohort + diet","old ID vs CD","Downregulated","KCNC1",16502,3746,"ENSMUSG00000058975","ENSG00000129159",12,"EggNOG|Ensembl|HGNC|HomoloGene|Inparanoid|NCBI|OMA|OrthoDB|OrthoMCL|Panther|PhylomeDB|Treefam"
"Fuca2",387.277460171015,-0.305878785678796,0.0783680171612629,-3.90310737413925,9.49655469990513e-05,0.454097159691186,"~cohort + diet","old ID vs CD","Downregulated","FUCA2",66848,2519,"ENSMUSG00000019810","ENSG00000001036",12,"EggNOG|Ensembl|HGNC|HomoloGene|Inparanoid|NCBI|OMA|OrthoDB|OrthoMCL|Panther|PhylomeDB|Treefam"
"Fat3",97.9536141939563,-0.61754307439234,0.178490360976178,-3.45981189692793,0.00054055285352166,0.984887299116464,"~cohort + diet","old ID vs CD","Downregulated","FAT3",270120,120114,"ENSMUSG00000074505","ENSG00000165323",11,"EggNOG|Ensembl|HGNC|HomoloGene|Inparanoid|NCBI|OMA|OrthoDB|OrthoMCL|Panther|PhylomeDB"
"Pigk",933.59509468171,-0.180116373384757,0.0541133771068691,-3.32849995721101,0.000873150184144718,0.999946780809711,"~cohort + diet","old ID vs CD","Downregulated","PIGK",329777,10026,"ENSMUSG00000039047","ENSG00000142892",12,"EggNOG|Ensembl|HGNC|HomoloGene|Inparanoid|NCBI|OMA|OrthoDB|OrthoMCL|Panther|PhylomeDB|Treefam"
"Ddah1",185.622181725783,-0.720204193611072,0.219425625465956,-3.28222463571289,0.00102991522328114,0.999946780809711,"~cohort + diet","old ID vs CD","Downregulated","DDAH1",69219,23576,"ENSMUSG00000028194","ENSG00000153904",12,"EggNOG|Ensembl|HGNC|HomoloGene|Inparanoid|NCBI|OMA|OrthoDB|OrthoMCL|Panther|PhylomeDB|Treefam"
"Dera",172.9481627763,-0.443562030655798,0.13547825123915,-3.27404603025773,0.00106019339696447,0.999946780809711,"~cohort + diet","old ID vs CD","Downregulated","DERA",232449,51071,"ENSMUSG00000030225","ENSG00000023697",12,"EggNOG|Ensembl|HGNC|HomoloGene|Inparanoid|NCBI|OMA|OrthoDB|OrthoMCL|Panther|PhylomeDB|Treefam"
"Hspa5",7005.32911947866,-0.224695069061432,0.0703094397532181,-3.1958022969618,0.00139442623882386,0.999946780809711,"~cohort + diet","old ID vs CD","Downregulated","HSPA5",14828,3309,"ENSMUSG00000026864","ENSG00000044574",12,"EggNOG|Ensembl|HGNC|HomoloGene|Inparanoid|NCBI|OMA|OrthoDB|OrthoMCL|Panther|PhylomeDB|Treefam"
"Ostm1",1162.99721923262,-0.249658702207422,0.0801794050136974,-3.11375099584204,0.00184725315530937,0.999946780809711,"~cohort + diet","old ID vs CD","Downregulated","OSTM1",14628,28962,"ENSMUSG00000038280","ENSG00000081087",12,"EggNOG|Ensembl|HGNC|HomoloGene|Inparanoid|NCBI|OMA|OrthoDB|OrthoMCL|Panther|PhylomeDB|Treefam"
"Ttc13",556.406739392551,-0.252063161123568,0.0813269836021356,-3.09937919690592,0.00193926643440027,0.999946780809711,"~cohort + diet","old ID vs CD","Downregulated","TTC13",234875,79573,"ENSMUSG00000037300","ENSG00000143643",12,"EggNOG|Ensembl|HGNC|HomoloGene|Inparanoid|NCBI|OMA|OrthoDB|OrthoMCL|Panther|PhylomeDB|Treefam"
"Zdhhc21",774.210843153475,-0.240013597784777,0.0812251112911483,-2.95491866947965,0.00312751485744206,0.999946780809711,"~cohort + diet","old ID vs CD","Downregulated","ZDHHC21",68268,340481,"ENSMUSG00000028403","ENSG00000175893",12,"EggNOG|Ensembl|HGNC|HomoloGene|Inparanoid|NCBI|OMA|OrthoDB|OrthoMCL|Panther|PhylomeDB|Treefam"
"Pigv",230.798955415458,-0.269711445238726,0.0924225494089909,-2.91824286349418,0.00352010066481804,0.999946780809711,"~cohort + diet","old ID vs CD","Downregulated","PIGV",230801,55650,"ENSMUSG00000043257","ENSG00000060642",12,"EggNOG|Ensembl|HGNC|HomoloGene|Inparanoid|NCBI|OMA|OrthoDB|OrthoMCL|Panther|PhylomeDB|Treefam"
"Armc6",175.577748202905,-0.330592540322683,0.116266278100187,-2.84340864543554,0.00446338027516973,0.999946780809711,"~cohort + diet","old ID vs CD","Downregulated","ARMC6",76813,93436,"ENSMUSG00000002343","ENSG00000105676",12,"EggNOG|Ensembl|HGNC|HomoloGene|Inparanoid|NCBI|OMA|OrthoDB|OrthoMCL|Panther|PhylomeDB|Treefam"
"Hoxa10",355.990877790794,-0.334438514244374,0.119059052059225,-2.80901374956363,0.00496935242024617,0.999946780809711,"~cohort + diet","old ID vs CD","Downregulated","HOXA10",15395,3206,"ENSMUSG00000000938","ENSG00000253293",12,"EggNOG|Ensembl|HGNC|HomoloGene|Inparanoid|NCBI|OMA|OrthoDB|OrthoMCL|Panther|PhylomeDB|Treefam"
"Msi2",3786.40330638069,-0.185488929565356,0.066165180125664,-2.80342212041238,0.00505634423390026,0.999946780809711,"~cohort + diet","old ID vs CD","Downregulated","MSI2",76626,124540,"ENSMUSG00000069769","ENSG00000153944",11,"EggNOG|Ensembl|HGNC|HomoloGene|Inparanoid|NCBI|OMA|OrthoDB|OrthoMCL|Panther|PhylomeDB"
"Nr3c2",401.068479262287,-0.221725798703509,0.0812371472392099,-2.72936465937951,0.00634564905121723,0.999946780809711,"~cohort + diet","old ID vs CD","Downregulated","NR3C2",110784,4306,"ENSMUSG00000031618","ENSG00000151623",12,"EggNOG|Ensembl|HGNC|HomoloGene|Inparanoid|NCBI|OMA|OrthoDB|OrthoMCL|Panther|PhylomeDB|Treefam"
"Lep",895.289371815496,-1.40598864895238,0.518843460880903,-2.70985134237841,0.00673133703789259,0.999946780809711,"~cohort + diet","old ID vs CD","Downregulated","LEP",16846,3952,"ENSMUSG00000059201","ENSG00000174697",12,"EggNOG|Ensembl|HGNC|HomoloGene|Inparanoid|NCBI|OMA|OrthoDB|OrthoMCL|Panther|PhylomeDB|Treefam"
"Pik3r3",446.654991584467,-0.295015779833049,0.10991534048233,-2.68402734812504,0.00727411557513727,0.999946780809711,"~cohort + diet","old ID vs CD","Downregulated","PIK3R3",18710,8503,"ENSMUSG00000028698","ENSG00000117461",10,"Ensembl|HGNC|HomoloGene|Inparanoid|NCBI|OMA|OrthoMCL|Panther|PhylomeDB|Treefam"
"Copz1",913.977695702278,-0.170192948245957,0.0634687126319028,-2.68152513558954,0.00732874085167142,0.999946780809711,"~cohort + diet","old ID vs CD","Downregulated","COPZ1",56447,22818,"ENSMUSG00000060992","ENSG00000111481",12,"EggNOG|Ensembl|HGNC|HomoloGene|Inparanoid|NCBI|OMA|OrthoDB|OrthoMCL|Panther|PhylomeDB|Treefam"
"0610009E02Rik",35.6860079070163,-0.803594249720892,0.301129676677141,-2.6685986535378,0.00761684060743239,0.999946780809711,"~cohort + diet","old ID vs CD","Downregulated",NA,NA,NA,NA,NA,NA,NA
"Suco",500.034649756532,-0.245743793874785,0.093393220510978,-2.63128086311039,0.00850637050991709,0.999946780809711,"~cohort + diet","old ID vs CD","Downregulated","SUCO",226551,51430,"ENSMUSG00000040297","ENSG00000094975",11,"EggNOG|Ensembl|HGNC|HomoloGene|Inparanoid|NCBI|OMA|OrthoDB|OrthoMCL|Panther|Treefam"
"Slmo2",1390.81636024269,-0.176055305748953,0.0671613847681926,-2.62137694683646,0.00875753712727615,0.999946780809711,"~cohort + diet","old ID vs CD","Downregulated",NA,NA,NA,NA,NA,NA,NA
"Tmem132b",149.693160322557,-0.599929666898688,0.230023028930433,-2.60812871514759,0.00910387143449985,0.999946780809711,"~cohort + diet","old ID vs CD","Downregulated","TMEM132B",208151,114795,"ENSMUSG00000070498","ENSG00000139364",11,"EggNOG|Ensembl|HGNC|HomoloGene|Inparanoid|NCBI|OMA|OrthoDB|OrthoMCL|Panther|Treefam"
"St8sia5",644.494109985505,-0.236036710243289,0.0912413788888725,-2.58694808339941,0.00968301804007341,0.999946780809711,"~cohort + diet","old ID vs CD","Downregulated","ST8SIA5",225742,29906,"ENSMUSG00000025425","ENSG00000101638",11,"EggNOG|Ensembl|HGNC|HomoloGene|Inparanoid|NCBI|OMA|OrthoDB|OrthoMCL|Panther|Treefam"
"G3bp2",3641.73427642377,-0.173426342604546,0.067041504899731,-2.58685038266858,0.00968576389882502,0.999946780809711,"~cohort + diet","old ID vs CD","Downregulated","G3BP2",23881,9908,"ENSMUSG00000029405","ENSG00000138757",12,"EggNOG|Ensembl|HGNC|HomoloGene|Inparanoid|NCBI|OMA|OrthoDB|OrthoMCL|Panther|PhylomeDB|Treefam"
"Mob1b",1394.78211703565,-0.209811438002615,0.0814032717942363,-2.577432495993,0.00995373211683307,0.999946780809711,"~cohort + diet","old ID vs CD","Downregulated","MOB1B",68473,92597,"ENSMUSG00000006262","ENSG00000173542",12,"EggNOG|Ensembl|HGNC|HomoloGene|Inparanoid|NCBI|OMA|OrthoDB|OrthoMCL|Panther|PhylomeDB|Treefam"
"Acot8",102.422405386727,-0.330592045217196,0.129986868947001,-2.54327262357544,0.0109819506673011,0.999946780809711,"~cohort + diet","old ID vs CD","Downregulated","ACOT8",170789,10005,"ENSMUSG00000017307","ENSG00000101473",12,"EggNOG|Ensembl|HGNC|HomoloGene|Inparanoid|NCBI|OMA|OrthoDB|OrthoMCL|Panther|PhylomeDB|Treefam"
"Rab3a",375.402302612962,-0.226156641918335,0.0891639438819717,-2.53641362272741,0.0111994367472497,0.999946780809711,"~cohort + diet","old ID vs CD","Downregulated","RAB3A",19339,5864,"ENSMUSG00000031840","ENSG00000105649",12,"EggNOG|Ensembl|HGNC|HomoloGene|Inparanoid|NCBI|OMA|OrthoDB|OrthoMCL|Panther|PhylomeDB|Treefam"
"Cyp4f14",64.6959177266698,-1.00368985569248,0.399813026480622,-2.51039808414328,0.0120595127240462,0.999946780809711,"~cohort + diet","old ID vs CD","Downregulated","CYP4F2",64385,8529,"ENSMUSG00000024292","ENSG00000186115",7,"Ensembl|OMA|OrthoDB|OrthoMCL|Panther|PhylomeDB|Treefam"
"Mcfd2",1019.9435809257,-0.159049760706639,0.0634359926485122,-2.50724792134815,0.0121675335258987,0.999946780809711,"~cohort + diet","old ID vs CD","Downregulated","MCFD2",193813,90411,"ENSMUSG00000024150","ENSG00000180398",12,"EggNOG|Ensembl|HGNC|HomoloGene|Inparanoid|NCBI|OMA|OrthoDB|OrthoMCL|Panther|PhylomeDB|Treefam"
"Gm28229",42.7313823703975,-0.753590979503195,0.303552950946484,-2.4825684519076,0.0130439003741183,0.999946780809711,"~cohort + diet","old ID vs CD","Downregulated",NA,NA,NA,NA,NA,NA,NA
"Map3k7",2395.06722481182,-0.147675379291256,0.0596012838122358,-2.47772144902924,0.0132224327624079,0.999946780809711,"~cohort + diet","old ID vs CD","Downregulated","MAP3K7",26409,6885,"ENSMUSG00000028284","ENSG00000135341",11,"EggNOG|Ensembl|HGNC|Inparanoid|NCBI|OMA|OrthoDB|OrthoMCL|Panther|PhylomeDB|Treefam"
"Slc4a7",393.801011375405,-0.392886734430784,0.158623126343264,-2.47685658130687,0.0132545150775524,0.999946780809711,"~cohort + diet","old ID vs CD","Downregulated","SLC4A7",218756,9497,"ENSMUSG00000021733","ENSG00000033867",11,"EggNOG|Ensembl|HGNC|HomoloGene|NCBI|OMA|OrthoDB|OrthoMCL|Panther|PhylomeDB|Treefam"
"B230312C02Rik",169.176950152216,-0.552075120337668,0.223316572465065,-2.47216368334702,0.0134298010421355,0.999946780809711,"~cohort + diet","old ID vs CD","Downregulated",NA,NA,NA,NA,NA,NA,NA
"2810039B14Rik",38.7969445527197,-0.642312177948136,0.261920900024008,-2.45231357210998,0.0141940909068013,0.999946780809711,"~cohort + diet","old ID vs CD","Downregulated",NA,NA,NA,NA,NA,NA,NA
"Scx",76.8882257960498,-0.513362808932777,0.20938495186301,-2.45176553694577,0.0142157256212444,0.999946780809711,"~cohort + diet","old ID vs CD","Downregulated","SCX",20289,642658,"ENSMUSG00000034161","ENSG00000260428",11,"EggNOG|Ensembl|HGNC|HomoloGene|Inparanoid|NCBI|OMA|OrthoDB|OrthoMCL|Panther|PhylomeDB"
"Msra",367.84404426973,-0.221233495053831,0.0905276218756847,-2.44382311685637,0.0145325496606714,0.999946780809711,"~cohort + diet","old ID vs CD","Downregulated","MSRA",110265,4482,"ENSMUSG00000054733","ENSG00000175806",12,"EggNOG|Ensembl|HGNC|HomoloGene|Inparanoid|NCBI|OMA|OrthoDB|OrthoMCL|Panther|PhylomeDB|Treefam"
"Tmub2",450.896580610679,-0.207868181546669,0.0850743617597284,-2.44337044965135,0.0145507926941322,0.999946780809711,"~cohort + diet","old ID vs CD","Downregulated","TMUB2",72053,79089,"ENSMUSG00000034757","ENSG00000168591",11,"EggNOG|Ensembl|HGNC|HomoloGene|Inparanoid|NCBI|OMA|OrthoDB|OrthoMCL|Panther|Treefam"
"Ric3",217.397431322246,-0.332693638502006,0.136768706736994,-2.43252748702066,0.0149938534120635,0.999946780809711,"~cohort + diet","old ID vs CD","Downregulated","RIC3",320360,79608,"ENSMUSG00000048330","ENSG00000166405",12,"EggNOG|Ensembl|HGNC|HomoloGene|Inparanoid|NCBI|OMA|OrthoDB|OrthoMCL|Panther|PhylomeDB|Treefam"
"Dffa",1722.32595460509,-0.17289496334798,0.0717547028544674,-2.40952796778553,0.0159731717476552,0.999946780809711,"~cohort + diet","old ID vs CD","Downregulated","DFFA",13347,1676,"ENSMUSG00000028974","ENSG00000160049",11,"EggNOG|Ensembl|HGNC|HomoloGene|Inparanoid|NCBI|OMA|OrthoDB|OrthoMCL|Panther|Treefam"
"Ppp1r15a",739.796704581546,-0.292032618788882,0.121887572426583,-2.3959179182503,0.0165788024816001,0.999946780809711,"~cohort + diet","old ID vs CD","Downregulated","PPP1R15A",17872,23645,"ENSMUSG00000040435","ENSG00000087074",12,"EggNOG|Ensembl|HGNC|HomoloGene|Inparanoid|NCBI|OMA|OrthoDB|OrthoMCL|Panther|PhylomeDB|Treefam"
"Nucks1",2083.97497193365,-0.174327117968949,0.0729549591363306,-2.38951703945423,0.0168705412633114,0.999946780809711,"~cohort + diet","old ID vs CD","Downregulated","NUCKS1",98415,64710,"ENSMUSG00000026434","ENSG00000069275",11,"EggNOG|Ensembl|HGNC|HomoloGene|Inparanoid|NCBI|OMA|OrthoDB|OrthoMCL|Panther|PhylomeDB"
"Lphn1",305.785179726485,-0.30391891506372,0.127537214872072,-2.38298221714008,0.0171730238742636,0.999946780809711,"~cohort + diet","old ID vs CD","Downregulated",NA,NA,NA,NA,NA,NA,NA
"Ube2h",2251.41654651061,-0.160580079083466,0.0674236618925259,-2.38165763436925,0.0172349125781748,0.999946780809711,"~cohort + diet","old ID vs CD","Downregulated","UBE2H",22214,7328,"ENSMUSG00000039159","ENSG00000186591",12,"EggNOG|Ensembl|HGNC|HomoloGene|Inparanoid|NCBI|OMA|OrthoDB|OrthoMCL|Panther|PhylomeDB|Treefam"
"Haghl",113.315907129826,-0.40134281458593,0.16858703357442,-2.38062682566132,0.0172832105042247,0.999946780809711,"~cohort + diet","old ID vs CD","Downregulated","HAGHL",68977,84264,"ENSMUSG00000061046","ENSG00000103253",12,"EggNOG|Ensembl|HGNC|HomoloGene|Inparanoid|NCBI|OMA|OrthoDB|OrthoMCL|Panther|PhylomeDB|Treefam"
"Gins2",144.004157002365,-0.533566134523149,0.224450180427836,-2.37721410384296,0.0174439596515387,0.999946780809711,"~cohort + diet","old ID vs CD","Downregulated","GINS2",272551,51659,"ENSMUSG00000031821","ENSG00000131153",12,"EggNOG|Ensembl|HGNC|HomoloGene|Inparanoid|NCBI|OMA|OrthoDB|OrthoMCL|Panther|PhylomeDB|Treefam"
"Mup3",87.4183082720126,-1.55381913213193,0.653861517976293,-2.37637342069161,0.0174837589516427,0.999946780809711,"~cohort + diet","old ID vs CD","Downregulated",NA,NA,NA,NA,NA,NA,NA
"Pde12",413.67815141311,-0.222631209697934,0.0937941023758206,-2.37361629418745,0.0176148450210019,0.999946780809711,"~cohort + diet","old ID vs CD","Downregulated","PDE12",211948,201626,"ENSMUSG00000043702","ENSG00000174840",11,"EggNOG|Ensembl|HGNC|HomoloGene|NCBI|OMA|OrthoDB|OrthoMCL|Panther|PhylomeDB|Treefam"
"Rc3h2",1256.46709195713,-0.177617975087013,0.0748401181639306,-2.37329896644413,0.0176299873374133,0.999946780809711,"~cohort + diet","old ID vs CD","Downregulated","RC3H2",319817,54542,"ENSMUSG00000075376","ENSG00000056586",12,"EggNOG|Ensembl|HGNC|HomoloGene|Inparanoid|NCBI|OMA|OrthoDB|OrthoMCL|Panther|PhylomeDB|Treefam"
"Mmgt1",2045.42194404637,-0.162755273911781,0.0686355211543077,-2.3712979981003,0.0177257330537621,0.999946780809711,"~cohort + diet","old ID vs CD","Downregulated","MMGT1",236792,93380,"ENSMUSG00000061273","ENSG00000169446",11,"Ensembl|HGNC|HomoloGene|Inparanoid|NCBI|OMA|OrthoDB|OrthoMCL|Panther|PhylomeDB|Treefam"
"Rhoq",5470.34198672166,-0.146835556917973,0.0620974937319087,-2.36459715350029,0.0180496924744306,0.999946780809711,"~cohort + diet","old ID vs CD","Downregulated","RHOQ",104215,23433,"ENSMUSG00000024143","ENSG00000119729",12,"EggNOG|Ensembl|HGNC|HomoloGene|Inparanoid|NCBI|OMA|OrthoDB|OrthoMCL|Panther|PhylomeDB|Treefam"
"Prdx6",2162.85913552851,-0.168686276956227,0.0713437764391538,-2.36441474471277,0.018058583253817,0.999946780809711,"~cohort + diet","old ID vs CD","Downregulated","PRDX6",11758,9588,"ENSMUSG00000026701","ENSG00000117592",10,"Ensembl|HGNC|HomoloGene|Inparanoid|NCBI|OMA|OrthoDB|OrthoMCL|Panther|Treefam"
"Nfib",2606.6439734736,-0.211551631818539,0.0896592870596364,-2.35950606742865,0.0182992816199261,0.999946780809711,"~cohort + diet","old ID vs CD","Downregulated","NFIB",18028,4781,"ENSMUSG00000008575","ENSG00000147862",12,"EggNOG|Ensembl|HGNC|HomoloGene|Inparanoid|NCBI|OMA|OrthoDB|OrthoMCL|Panther|PhylomeDB|Treefam"
"2510009E07Rik",1098.98368455354,-0.156533457555226,0.0664702940038433,-2.35493854662618,0.0185257691635678,0.999946780809711,"~cohort + diet","old ID vs CD","Downregulated","C3orf70",72190,285382,"ENSMUSG00000043391","ENSG00000187068",12,"EggNOG|Ensembl|HGNC|HomoloGene|Inparanoid|NCBI|OMA|OrthoDB|OrthoMCL|Panther|PhylomeDB|Treefam"
"Epha7",163.654325626274,-0.388095733862688,0.164896732150905,-2.35356837458442,0.0185941878453745,0.999946780809711,"~cohort + diet","old ID vs CD","Downregulated","EPHA7",13841,2045,"ENSMUSG00000028289","ENSG00000135333",11,"EggNOG|Ensembl|HGNC|HomoloGene|Inparanoid|NCBI|OMA|OrthoDB|OrthoMCL|Panther|Treefam"
"Gtf2a1",701.852007734542,-0.301934952199204,0.128393538592398,-2.35163665951863,0.0186910223683701,0.999946780809711,"~cohort + diet","old ID vs CD","Downregulated","GTF2A1",83602,2957,"ENSMUSG00000020962","ENSG00000165417",11,"Ensembl|HGNC|HomoloGene|Inparanoid|NCBI|OMA|OrthoDB|OrthoMCL|Panther|PhylomeDB|Treefam"
"Arl5b",806.966749621322,-0.156431171749802,0.066581404199953,-2.34947240343592,0.0188000376639075,0.999946780809711,"~cohort + diet","old ID vs CD","Downregulated","ARL5B",75869,221079,"ENSMUSG00000017418","ENSG00000165997",12,"EggNOG|Ensembl|HGNC|HomoloGene|Inparanoid|NCBI|OMA|OrthoDB|OrthoMCL|Panther|PhylomeDB|Treefam"
"Dnm1l",3030.14588296518,-0.133026800289507,0.0567004204831378,-2.34613428182721,0.0189692719409521,0.999946780809711,"~cohort + diet","old ID vs CD","Downregulated","DNM1L",74006,10059,"ENSMUSG00000022789","ENSG00000087470",12,"EggNOG|Ensembl|HGNC|HomoloGene|Inparanoid|NCBI|OMA|OrthoDB|OrthoMCL|Panther|PhylomeDB|Treefam"
"Tmem182",11391.5243540758,-0.203475703030102,0.0872836103843915,-2.33120172428716,0.0197427252728927,0.999946780809711,"~cohort + diet","old ID vs CD","Downregulated","TMEM182",381339,130827,"ENSMUSG00000079588","ENSG00000170417",12,"EggNOG|Ensembl|HGNC|HomoloGene|Inparanoid|NCBI|OMA|OrthoDB|OrthoMCL|Panther|PhylomeDB|Treefam"
"Gm12725",17.1895884937808,-1.24571770808314,0.535764344701137,-2.3251224543097,0.0200654132997737,0.999946780809711,"~cohort + diet","old ID vs CD","Downregulated",NA,NA,NA,NA,NA,NA,NA
"Nme1",475.351773283803,-0.211252972498566,0.0912320167265035,-2.31555741151556,0.0205824464604756,0.999946780809711,"~cohort + diet","old ID vs CD","Downregulated","NME1",18102,4830,"ENSMUSG00000037601","ENSG00000239672",10,"EggNOG|Ensembl|HGNC|HomoloGene|Inparanoid|OMA|OrthoMCL|Panther|PhylomeDB|Treefam"
"Fam83h",22.1407437599656,-1.06914097723296,0.463727636823844,-2.30553646652527,0.0211365468630989,0.999946780809711,"~cohort + diet","old ID vs CD","Downregulated","FAM83H",105732,286077,"ENSMUSG00000046761","ENSG00000180921",12,"EggNOG|Ensembl|HGNC|HomoloGene|Inparanoid|NCBI|OMA|OrthoDB|OrthoMCL|Panther|PhylomeDB|Treefam"
"Trp53inp2",8332.80767450868,-0.221515346108402,0.0963799597376004,-2.29835483135176,0.0215416020721923,0.999946780809711,"~cohort + diet","old ID vs CD","Downregulated","TP53INP2",68728,58476,"ENSMUSG00000038375","ENSG00000078804",12,"EggNOG|Ensembl|HGNC|HomoloGene|Inparanoid|NCBI|OMA|OrthoDB|OrthoMCL|Panther|PhylomeDB|Treefam"
"Folh1",25.2970230504143,-1.13155732260323,0.493174700968552,-2.29443505593646,0.0217655214695118,0.999946780809711,"~cohort + diet","old ID vs CD","Downregulated","FOLH1",53320,2346,"ENSMUSG00000001773","ENSG00000086205",9,"EggNOG|Ensembl|HGNC|Inparanoid|OMA|OrthoDB|OrthoMCL|Panther|Treefam"
"Auts2",263.907931351961,-0.397123028429328,0.173167749370912,-2.29328515195241,0.0218315935001137,0.999946780809711,"~cohort + diet","old ID vs CD","Downregulated","AUTS2",319974,26053,"ENSMUSG00000029673","ENSG00000158321",9,"Ensembl|HGNC|HomoloGene|Inparanoid|NCBI|OMA|OrthoDB|OrthoMCL|Panther"
"Gm29170",129.69238457242,-0.265541581122536,0.115803800636876,-2.29302993219704,0.0218462817502292,0.999946780809711,"~cohort + diet","old ID vs CD","Downregulated",NA,NA,NA,NA,NA,NA,NA
"Cab39",7667.63070190417,-0.169881245175269,0.0744614132475502,-2.28146683988513,0.0225208367667776,0.999946780809711,"~cohort + diet","old ID vs CD","Downregulated","CAB39",12283,51719,"ENSMUSG00000036707","ENSG00000135932",11,"EggNOG|Ensembl|HGNC|HomoloGene|Inparanoid|NCBI|OMA|OrthoDB|OrthoMCL|Panther|Treefam"
"Lyrm7",265.285720765691,-0.229413170650497,0.100694653951796,-2.27830536823058,0.0227083900502347,0.999946780809711,"~cohort + diet","old ID vs CD","Downregulated","LYRM7",75530,90624,"ENSMUSG00000020268","ENSG00000186687",10,"Ensembl|HGNC|HomoloGene|Inparanoid|NCBI|OMA|OrthoDB|OrthoMCL|Panther|Treefam"
"Cstb",205.445671905224,-0.321943715071452,0.141486911489524,-2.27543107473435,0.0228800830198396,0.999946780809711,"~cohort + diet","old ID vs CD","Downregulated","CSTB",13014,1476,"ENSMUSG00000005054","ENSG00000160213",11,"Ensembl|HGNC|HomoloGene|Inparanoid|NCBI|OMA|OrthoDB|OrthoMCL|Panther|PhylomeDB|Treefam"
"Syt9",82.4145029313405,-0.683291583360021,0.300338152434025,-2.27507420493345,0.0229014787717588,0.999946780809711,"~cohort + diet","old ID vs CD","Downregulated","SYT9",60510,143425,"ENSMUSG00000062542","ENSG00000170743",11,"EggNOG|Ensembl|HGNC|HomoloGene|Inparanoid|NCBI|OMA|OrthoDB|OrthoMCL|Panther|Treefam"
"Cox10",643.461618260358,-0.207449644303289,0.0913077217220628,-2.27198357806755,0.0230875022168934,0.999946780809711,"~cohort + diet","old ID vs CD","Downregulated","COX10",70383,1352,"ENSMUSG00000042148","ENSG00000006695",12,"EggNOG|Ensembl|HGNC|HomoloGene|Inparanoid|NCBI|OMA|OrthoDB|OrthoMCL|Panther|PhylomeDB|Treefam"
"Ykt6",1342.3242874266,-0.148237497843309,0.0652633154994045,-2.27137553017302,0.023124254427114,0.999946780809711,"~cohort + diet","old ID vs CD","Downregulated","YKT6",56418,10652,"ENSMUSG00000002741","ENSG00000106636",12,"EggNOG|Ensembl|HGNC|HomoloGene|Inparanoid|NCBI|OMA|OrthoDB|OrthoMCL|Panther|PhylomeDB|Treefam"
"Hebp1",136.046773406311,-0.46698723147986,0.205772614797282,-2.26943333513992,0.0232419869421077,0.999946780809711,"~cohort + diet","old ID vs CD","Downregulated","HEBP1",15199,50865,"ENSMUSG00000042770","ENSG00000013583",11,"EggNOG|Ensembl|HGNC|HomoloGene|Inparanoid|NCBI|OMA|OrthoDB|OrthoMCL|Panther|Treefam"
"Mib1",5208.33727765848,-0.406179223112609,0.179480280149712,-2.26308551988997,0.0236304179905253,0.999946780809711,"~cohort + diet","old ID vs CD","Downregulated","MIB1",225164,57534,"ENSMUSG00000024294","ENSG00000101752",12,"EggNOG|Ensembl|HGNC|HomoloGene|Inparanoid|NCBI|OMA|OrthoDB|OrthoMCL|Panther|PhylomeDB|Treefam"
"Nsun4",646.639296658136,-0.185879884750293,0.0825010067543591,-2.25306201782164,0.0242552388944208,0.999946780809711,"~cohort + diet","old ID vs CD","Downregulated","NSUN4",72181,387338,"ENSMUSG00000028706","ENSG00000117481",8,"HGNC|HomoloGene|NCBI|OMA|OrthoDB|OrthoMCL|PhylomeDB|Treefam"
"Ccdc34",68.1257188011103,-0.585706828498641,0.262017241995515,-2.23537513805548,0.0253927309130809,0.999946780809711,"~cohort + diet","old ID vs CD","Downregulated","CCDC34",68201,91057,"ENSMUSG00000027160","ENSG00000109881",12,"EggNOG|Ensembl|HGNC|HomoloGene|Inparanoid|NCBI|OMA|OrthoDB|OrthoMCL|Panther|PhylomeDB|Treefam"
"Bcl6",1849.58004441251,-0.363305356124659,0.162760290620227,-2.23214983667219,0.0256050615416901,0.999946780809711,"~cohort + diet","old ID vs CD","Downregulated","BCL6",12053,604,"ENSMUSG00000022508","ENSG00000113916",12,"EggNOG|Ensembl|HGNC|HomoloGene|Inparanoid|NCBI|OMA|OrthoDB|OrthoMCL|Panther|PhylomeDB|Treefam"
"Glrx",721.381450245315,-0.204695892298046,0.0923373364553244,-2.2168269104999,0.0266349218403028,0.999946780809711,"~cohort + diet","old ID vs CD","Downregulated","GLRX",93692,2745,"ENSMUSG00000021591","ENSG00000173221",12,"EggNOG|Ensembl|HGNC|HomoloGene|Inparanoid|NCBI|OMA|OrthoDB|OrthoMCL|Panther|PhylomeDB|Treefam"
"Atg7",290.745951257095,-0.226380972705607,0.102141523347296,-2.2163461566544,0.0266678041935369,0.999946780809711,"~cohort + diet","old ID vs CD","Downregulated","ATG7",74244,10533,"ENSMUSG00000030314","ENSG00000197548",12,"EggNOG|Ensembl|HGNC|HomoloGene|Inparanoid|NCBI|OMA|OrthoDB|OrthoMCL|Panther|PhylomeDB|Treefam"
"Rpn1",1473.17198517071,-0.145553073199384,0.065833173100065,-2.21093813871232,0.0270401211617618,0.999946780809711,"~cohort + diet","old ID vs CD","Downregulated","RPN1",103963,6184,"ENSMUSG00000030062","ENSG00000163902",12,"EggNOG|Ensembl|HGNC|HomoloGene|Inparanoid|NCBI|OMA|OrthoDB|OrthoMCL|Panther|PhylomeDB|Treefam"
"Ttr",218.665665796948,-2.73256062519861,1.23689702257902,-2.20920624378335,0.0271602988052192,0.999946780809711,"~cohort + diet","old ID vs CD","Downregulated","TTR",22139,7276,"ENSMUSG00000061808","ENSG00000118271",12,"EggNOG|Ensembl|HGNC|HomoloGene|Inparanoid|NCBI|OMA|OrthoDB|OrthoMCL|Panther|PhylomeDB|Treefam"
"Cela1",20.8620753981545,-1.01417925479448,0.459868141701668,-2.2053696762765,0.0274281641261331,0.999946780809711,"~cohort + diet","old ID vs CD","Downregulated","CELA1",109901,1990,"ENSMUSG00000023031","ENSG00000139610",12,"EggNOG|Ensembl|HGNC|HomoloGene|Inparanoid|NCBI|OMA|OrthoDB|OrthoMCL|Panther|PhylomeDB|Treefam"
"Fastkd3",245.449064254371,-0.240785341907459,0.109966492212728,-2.18962464894909,0.0285514698734079,0.999946780809711,"~cohort + diet","old ID vs CD","Downregulated","FASTKD3",69577,79072,"ENSMUSG00000021532","ENSG00000124279",11,"EggNOG|Ensembl|HGNC|HomoloGene|Inparanoid|NCBI|OMA|OrthoMCL|Panther|PhylomeDB|Treefam"
"Mettl18",118.544432143305,-0.32452311615702,0.148221540041188,-2.18944639265548,0.0285644108417614,0.999946780809711,"~cohort + diet","old ID vs CD","Downregulated","METTL18",69962,92342,"ENSMUSG00000041396","ENSG00000171806",12,"EggNOG|Ensembl|HGNC|HomoloGene|Inparanoid|NCBI|OMA|OrthoDB|OrthoMCL|Panther|PhylomeDB|Treefam"
"Larp7",345.855454830514,-0.193826434425894,0.0885679192500571,-2.18844967869976,0.0286368629579035,0.999946780809711,"~cohort + diet","old ID vs CD","Downregulated","LARP7",28036,51574,"ENSMUSG00000027968","ENSG00000174720",11,"Ensembl|HGNC|HomoloGene|Inparanoid|NCBI|OMA|OrthoDB|OrthoMCL|Panther|PhylomeDB|Treefam"
"Mef2c",22134.5859907273,-0.205562228649446,0.0940034609155008,-2.18675170730389,0.0287606546470933,0.999946780809711,"~cohort + diet","old ID vs CD","Downregulated","MEF2C",17260,4208,"ENSMUSG00000005583","ENSG00000081189",12,"EggNOG|Ensembl|HGNC|HomoloGene|Inparanoid|NCBI|OMA|OrthoDB|OrthoMCL|Panther|PhylomeDB|Treefam"
"Lpgat1",1909.91442709458,-0.348977405730991,0.160379103829962,-2.17595308489182,0.0295587687875668,0.999946780809711,"~cohort + diet","old ID vs CD","Downregulated","LPGAT1",226856,9926,"ENSMUSG00000026623","ENSG00000123684",12,"EggNOG|Ensembl|HGNC|HomoloGene|Inparanoid|NCBI|OMA|OrthoDB|OrthoMCL|Panther|PhylomeDB|Treefam"
"3110043O21Rik",671.381254151223,-0.222857477248832,0.102426462053754,-2.17578028939313,0.0295716932204082,0.999946780809711,"~cohort + diet","old ID vs CD","Downregulated",NA,NA,NA,NA,NA,NA,NA
"Sncg",466.023202411356,-0.574463562879974,0.26515500043207,-2.16651981649935,0.0302714872415585,0.999946780809711,"~cohort + diet","old ID vs CD","Downregulated","SNCG",20618,6623,"ENSMUSG00000023064","ENSG00000173267",11,"Ensembl|HGNC|HomoloGene|Inparanoid|NCBI|OMA|OrthoDB|OrthoMCL|Panther|PhylomeDB|Treefam"
"Pkp2",156.352572823216,-0.348321448834492,0.160962572528443,-2.163990320004,0.0304650923233813,0.999946780809711,"~cohort + diet","old ID vs CD","Downregulated","PKP2",67451,5318,"ENSMUSG00000041957","ENSG00000057294",12,"EggNOG|Ensembl|HGNC|HomoloGene|Inparanoid|NCBI|OMA|OrthoDB|OrthoMCL|Panther|PhylomeDB|Treefam"
"Pphln1",420.570112132862,-0.169242156624944,0.0782474971572827,-2.16290824337494,0.0305482376257578,0.999946780809711,"~cohort + diet","old ID vs CD","Downregulated","PPHLN1",223828,51535,"ENSMUSG00000036167","ENSG00000134283",11,"EggNOG|Ensembl|HGNC|HomoloGene|Inparanoid|NCBI|OMA|OrthoDB|Panther|PhylomeDB|Treefam"
"Wisp2",32.9205568788416,-0.805659399178277,0.372571024607428,-2.16243171359659,0.030584915297822,0.999946780809711,"~cohort + diet","old ID vs CD","Downregulated",NA,NA,NA,NA,NA,NA,NA
"Gsta3",110.588781257228,-1.22080692190839,0.565041718211867,-2.16056068527428,0.030729291114308,0.999946780809711,"~cohort + diet","old ID vs CD","Downregulated","GSTA3",14859,2940,"ENSMUSG00000025934","ENSG00000174156",5,"HomoloGene|OrthoDB|OrthoMCL|Panther|Treefam"
"mt-Nd2",383457.341283625,-0.255183871152312,0.118402983476089,-2.15521487432659,0.0311450234789102,0.999946780809711,"~cohort + diet","old ID vs CD","Downregulated","MT-ND2",17717,4536,"ENSMUSG00000064345","ENSG00000198763",11,"EggNOG|Ensembl|HGNC|HomoloGene|Inparanoid|OMA|OrthoDB|OrthoMCL|Panther|PhylomeDB|Treefam"
"Kif26b",31.8663950573359,-0.679617029817903,0.316499694503655,-2.14729126637452,0.0317701006913637,0.999946780809711,"~cohort + diet","old ID vs CD","Downregulated","KIF26B",269152,55083,"ENSMUSG00000026494","ENSG00000162849",12,"EggNOG|Ensembl|HGNC|HomoloGene|Inparanoid|NCBI|OMA|OrthoDB|OrthoMCL|Panther|PhylomeDB|Treefam"
"Fam73a",566.160851892236,-0.135459585117052,0.0632083719484429,-2.14306397936562,0.0321079613336603,0.999946780809711,"~cohort + diet","old ID vs CD","Downregulated",NA,NA,NA,NA,NA,NA,NA
"Ddc",22.698738781043,-0.741710195651308,0.346098444332377,-2.14306133933097,0.0321081732935776,0.999946780809711,"~cohort + diet","old ID vs CD","Downregulated","DDC",13195,1644,"ENSMUSG00000020182","ENSG00000132437",12,"EggNOG|Ensembl|HGNC|HomoloGene|Inparanoid|NCBI|OMA|OrthoDB|OrthoMCL|Panther|PhylomeDB|Treefam"
"Mpzl3",204.426226493435,-0.331147340418065,0.154601272460772,-2.14194446880823,0.032197950881293,0.999946780809711,"~cohort + diet","old ID vs CD","Downregulated","MPZL3",319742,196264,"ENSMUSG00000070305","ENSG00000160588",10,"EggNOG|Ensembl|HGNC|HomoloGene|Inparanoid|NCBI|OMA|OrthoDB|OrthoMCL|Panther"
"Cuta",517.975785584847,-0.223668102526654,0.104652136427084,-2.13725309547305,0.0325774116042735,0.999946780809711,"~cohort + diet","old ID vs CD","Downregulated","CUTA",67675,51596,"ENSMUSG00000024194","ENSG00000112514",11,"Ensembl|HGNC|HomoloGene|Inparanoid|NCBI|OMA|OrthoDB|OrthoMCL|Panther|PhylomeDB|Treefam"
"Pbx3",73.674696356334,-0.40975156115182,0.192182055207803,-2.13210104714909,0.0329985405744203,0.999946780809711,"~cohort + diet","old ID vs CD","Downregulated","PBX3",18516,5090,"ENSMUSG00000038718","ENSG00000167081",12,"EggNOG|Ensembl|HGNC|HomoloGene|Inparanoid|NCBI|OMA|OrthoDB|OrthoMCL|Panther|PhylomeDB|Treefam"
"Gnb3",27.8862410047132,-0.843194014686906,0.39572068937361,-2.13078071814139,0.0331072115798732,0.999946780809711,"~cohort + diet","old ID vs CD","Downregulated","GNB3",14695,2784,"ENSMUSG00000023439","ENSG00000111664",12,"EggNOG|Ensembl|HGNC|HomoloGene|Inparanoid|NCBI|OMA|OrthoDB|OrthoMCL|Panther|PhylomeDB|Treefam"
"Ppic",472.688971377658,-0.210053410805655,0.0986842360473524,-2.12854067902865,0.0332922809348735,0.999946780809711,"~cohort + diet","old ID vs CD","Downregulated","PPIC",19038,5480,"ENSMUSG00000024538","ENSG00000168938",12,"EggNOG|Ensembl|HGNC|HomoloGene|Inparanoid|NCBI|OMA|OrthoDB|OrthoMCL|Panther|PhylomeDB|Treefam"
"Canx",3914.57276332851,-0.125806379402567,0.0591163044470538,-2.1281164406216,0.0333274305272865,0.999946780809711,"~cohort + diet","old ID vs CD","Downregulated","CANX",12330,821,"ENSMUSG00000020368","ENSG00000127022",12,"EggNOG|Ensembl|HGNC|HomoloGene|Inparanoid|NCBI|OMA|OrthoDB|OrthoMCL|Panther|PhylomeDB|Treefam"
"Tmem37",223.49395571925,-0.38664154774418,0.181770662894386,-2.1270844347904,0.0334130683114045,0.999946780809711,"~cohort + diet","old ID vs CD","Downregulated","TMEM37",170706,140738,"ENSMUSG00000050777","ENSG00000171227",12,"EggNOG|Ensembl|HGNC|HomoloGene|Inparanoid|NCBI|OMA|OrthoDB|OrthoMCL|Panther|PhylomeDB|Treefam"
"Zmpste24",1568.41588993225,-0.155875040979874,0.073378721617388,-2.12425397368789,0.0336489121653093,0.999946780809711,"~cohort + diet","old ID vs CD","Downregulated","ZMPSTE24",230709,10269,"ENSMUSG00000043207","ENSG00000084073",12,"EggNOG|Ensembl|HGNC|HomoloGene|Inparanoid|NCBI|OMA|OrthoDB|OrthoMCL|Panther|PhylomeDB|Treefam"
"Fam63a",734.828610813903,-0.153952208442183,0.0724770964635821,-2.12414977908974,0.0336576211231254,0.999946780809711,"~cohort + diet","old ID vs CD","Downregulated",NA,NA,NA,NA,NA,NA,NA
"Ptges2",638.072123853056,-0.144584733282963,0.0682869575072202,-2.11731110245577,0.034233453254039,0.999946780809711,"~cohort + diet","old ID vs CD","Downregulated","PTGES2",96979,80142,"ENSMUSG00000026820","ENSG00000148334",11,"EggNOG|Ensembl|HGNC|HomoloGene|Inparanoid|NCBI|OMA|OrthoDB|OrthoMCL|Panther|Treefam"
"Npr3",786.153722249243,-1.12304914215689,0.531376566022177,-2.11347133834656,0.0345604456733797,0.999946780809711,"~cohort + diet","old ID vs CD","Downregulated","NPR3",18162,4883,"ENSMUSG00000022206","ENSG00000113389",11,"EggNOG|Ensembl|HGNC|HomoloGene|Inparanoid|NCBI|OMA|OrthoDB|OrthoMCL|Panther|Treefam"
"Ahsg",521.825772672719,-2.4314565170443,1.15197814990461,-2.11067937117179,0.034799880277113,0.999946780809711,"~cohort + diet","old ID vs CD","Downregulated","AHSG",11625,197,"ENSMUSG00000022868","ENSG00000145192",12,"EggNOG|Ensembl|HGNC|HomoloGene|Inparanoid|NCBI|OMA|OrthoDB|OrthoMCL|Panther|PhylomeDB|Treefam"
"F10",46.225873759526,-2.00283945490212,0.952470395074247,-2.10278394505479,0.0354846600838884,0.999946780809711,"~cohort + diet","old ID vs CD","Downregulated","F10",14058,2159,"ENSMUSG00000031444","ENSG00000126218",12,"EggNOG|Ensembl|HGNC|HomoloGene|Inparanoid|NCBI|OMA|OrthoDB|OrthoMCL|Panther|PhylomeDB|Treefam"
"Serpina1c",334.34526038372,-2.59966873915206,1.23754332715985,-2.10066886718082,0.0356700440657896,0.999946780809711,"~cohort + diet","old ID vs CD","Downregulated","SERPINA1",20702,5265,"ENSMUSG00000079015","ENSG00000197249",9,"Ensembl|HGNC|HomoloGene|OMA|OrthoDB|OrthoMCL|Panther|PhylomeDB|Treefam"
"Aldh3a2",467.593589050424,-0.216736847779049,0.103397247567463,-2.09615684051585,0.0360682801415587,0.999946780809711,"~cohort + diet","old ID vs CD","Downregulated","ALDH3A2",11671,224,"ENSMUSG00000010025","ENSG00000072210",11,"EggNOG|Ensembl|HGNC|HomoloGene|Inparanoid|OMA|OrthoDB|OrthoMCL|Panther|PhylomeDB|Treefam"
"2510003E04Rik",766.129686098982,-0.164722369329014,0.0785832950008284,-2.0961499429017,0.0360688918219941,0.999946780809711,"~cohort + diet","old ID vs CD","Downregulated",NA,NA,NA,NA,NA,NA,NA
"Setd6",182.933287744967,-0.32770075918255,0.15642437040908,-2.094946959515,0.0361757077551399,0.999946780809711,"~cohort + diet","old ID vs CD","Downregulated","SETD6",66083,79918,"ENSMUSG00000031671","ENSG00000103037",12,"EggNOG|Ensembl|HGNC|HomoloGene|Inparanoid|NCBI|OMA|OrthoDB|OrthoMCL|Panther|PhylomeDB|Treefam"
"Trim67",15.8356358230375,-1.50439979895988,0.719951932386707,-2.08958366702712,0.0366552149794453,0.999946780809711,"~cohort + diet","old ID vs CD","Downregulated","TRIM67",330863,440730,"ENSMUSG00000036913","ENSG00000119283",12,"EggNOG|Ensembl|HGNC|HomoloGene|Inparanoid|NCBI|OMA|OrthoDB|OrthoMCL|Panther|PhylomeDB|Treefam"
"Lbp",237.603168345674,-0.489907102778698,0.234558262805617,-2.08863715530113,0.0367403979022599,0.999946780809711,"~cohort + diet","old ID vs CD","Downregulated","LBP",16803,3929,"ENSMUSG00000016024","ENSG00000129988",11,"EggNOG|Ensembl|HGNC|HomoloGene|Inparanoid|NCBI|OMA|OrthoDB|OrthoMCL|Panther|Treefam"
"Pigyl",285.205382942837,-0.288169250895711,0.138094048857658,-2.08676082191453,0.0369097602402671,0.999946780809711,"~cohort + diet","old ID vs CD","Downregulated","PIGY",66268,84992,"ENSMUSG00000010607","ENSG00000255072",7,"EggNOG|Ensembl|HomoloGene|Inparanoid|OMA|OrthoMCL|Panther"
"Rdh9",26.9584276981401,-1.11390198904516,0.533924634145282,-2.08625322341292,0.0369556913973101,0.999946780809711,"~cohort + diet","old ID vs CD","Downregulated","RDH16",103142,8608,"ENSMUSG00000056148","ENSG00000139547",9,"Ensembl|HGNC|HomoloGene|OMA|OrthoDB|OrthoMCL|Panther|PhylomeDB|Treefam"
"Gdpd1",158.349331422625,-0.27783574225231,0.133391012330118,-2.08286703428503,0.0372633452195933,0.999946780809711,"~cohort + diet","old ID vs CD","Downregulated","GDPD1",66569,284161,"ENSMUSG00000061666","ENSG00000153982",12,"EggNOG|Ensembl|HGNC|HomoloGene|Inparanoid|NCBI|OMA|OrthoDB|OrthoMCL|Panther|PhylomeDB|Treefam"
"Socs6",1457.08727171885,-0.155834548318333,0.0749915039847216,-2.07802937716893,0.0377066534642946,0.999946780809711,"~cohort + diet","old ID vs CD","Downregulated","SOCS6",54607,9306,"ENSMUSG00000056153","ENSG00000170677",11,"EggNOG|Ensembl|HGNC|HomoloGene|Inparanoid|NCBI|OMA|OrthoDB|OrthoMCL|Panther|Treefam"
"Coa3",772.787618312514,-0.186372785626659,0.0900255800655497,-2.07022032505602,0.0384317167599443,0.999946780809711,"~cohort + diet","old ID vs CD","Downregulated","COA3",52469,28958,"ENSMUSG00000017188","ENSG00000183978",12,"EggNOG|Ensembl|HGNC|HomoloGene|Inparanoid|NCBI|OMA|OrthoDB|OrthoMCL|Panther|PhylomeDB|Treefam"
"Arl2bp",882.180455017016,-0.160893570607849,0.0777768292945065,-2.06865684892625,0.0385782991791404,0.999946780809711,"~cohort + diet","old ID vs CD","Downregulated","ARL2BP",107566,23568,"ENSMUSG00000031776","ENSG00000102931",10,"EggNOG|Ensembl|HGNC|HomoloGene|Inparanoid|NCBI|OMA|OrthoDB|Panther|Treefam"
"Rngtt",460.396535370785,-0.143211376986302,0.0693166403689021,-2.06604613587925,0.0388241235009055,0.999946780809711,"~cohort + diet","old ID vs CD","Downregulated","RNGTT",24018,8732,"ENSMUSG00000028274","ENSG00000111880",12,"EggNOG|Ensembl|HGNC|HomoloGene|Inparanoid|NCBI|OMA|OrthoDB|OrthoMCL|Panther|PhylomeDB|Treefam"
"Dctn3",470.705137104117,-0.214821867956241,0.104094443920097,-2.06372078918196,0.0390441970819627,0.999946780809711,"~cohort + diet","old ID vs CD","Downregulated","DCTN3",53598,11258,"ENSMUSG00000028447","ENSG00000137100",12,"EggNOG|Ensembl|HGNC|HomoloGene|Inparanoid|NCBI|OMA|OrthoDB|OrthoMCL|Panther|PhylomeDB|Treefam"
"Eif5b",4235.54247389633,-0.172531133494515,0.0837560589184926,-2.05992420992987,0.0394057868506499,0.999946780809711,"~cohort + diet","old ID vs CD","Downregulated","EIF5B",226982,9669,"ENSMUSG00000026083","ENSG00000158417",12,"EggNOG|Ensembl|HGNC|HomoloGene|Inparanoid|NCBI|OMA|OrthoDB|OrthoMCL|Panther|PhylomeDB|Treefam"
"Dfna5",349.649923322729,-0.261434329932702,0.127026672113028,-2.05810579450651,0.0395799789062517,0.999946780809711,"~cohort + diet","old ID vs CD","Downregulated",NA,NA,NA,NA,NA,NA,NA
"Abcb7",3487.89549335791,-0.112430354510523,0.0546371124210838,-2.05776530875262,0.0396126677085397,0.999946780809711,"~cohort + diet","old ID vs CD","Downregulated","ABCB7",11306,22,"ENSMUSG00000031333","ENSG00000131269",11,"EggNOG|Ensembl|HGNC|HomoloGene|Inparanoid|NCBI|OMA|OrthoDB|OrthoMCL|Panther|Treefam"
"Slc5a3",293.701358656697,-0.583551983912975,0.285139390677149,-2.04654987347471,0.0407023008456032,0.999946780809711,"~cohort + diet","old ID vs CD","Downregulated","SLC5A3",53881,6526,"ENSMUSG00000089774","ENSG00000198743",10,"EggNOG|Ensembl|HGNC|HomoloGene|Inparanoid|NCBI|OMA|OrthoMCL|Panther|Treefam"
"Wfdc21",24.7416217363731,-1.51488025228978,0.74078717850643,-2.04496014002843,0.0408587879875062,0.999946780809711,"~cohort + diet","old ID vs CD","Downregulated",NA,NA,NA,NA,NA,NA,NA
"Tspan17",183.505747950706,-0.274946237170823,0.134650706842015,-2.04192197441203,0.0411592716510239,0.999946780809711,"~cohort + diet","old ID vs CD","Downregulated","TSPAN17",74257,26262,"ENSMUSG00000025875","ENSG00000048140",12,"EggNOG|Ensembl|HGNC|HomoloGene|Inparanoid|NCBI|OMA|OrthoDB|OrthoMCL|Panther|PhylomeDB|Treefam"
"Cdc5l",1588.40930467138,-0.0979940723105194,0.048159396672823,-2.03478612857745,0.0418723974146908,0.999946780809711,"~cohort + diet","old ID vs CD","Downregulated","CDC5L",71702,988,"ENSMUSG00000023932","ENSG00000096401",12,"EggNOG|Ensembl|HGNC|HomoloGene|Inparanoid|NCBI|OMA|OrthoDB|OrthoMCL|Panther|PhylomeDB|Treefam"
"Nudt4",10366.6919166211,-0.222028451806543,0.109228673752005,-2.03269383560073,0.0420834644790692,0.999946780809711,"~cohort + diet","old ID vs CD","Downregulated","NUDT4",71207,11163,"ENSMUSG00000020029","ENSG00000173598",11,"Ensembl|HGNC|HomoloGene|Inparanoid|NCBI|OMA|OrthoDB|OrthoMCL|Panther|PhylomeDB|Treefam"
"Map1lc3a",2973.57241305067,-0.274095680774084,0.134889062686862,-2.03200819484069,0.0421528263427156,0.999946780809711,"~cohort + diet","old ID vs CD","Downregulated","MAP1LC3A",66734,84557,"ENSMUSG00000027602","ENSG00000101460",12,"EggNOG|Ensembl|HGNC|HomoloGene|Inparanoid|NCBI|OMA|OrthoDB|OrthoMCL|Panther|PhylomeDB|Treefam"
"2200002D01Rik",22.9477765205333,-1.36145855390061,0.671003251313688,-2.0289895037545,0.0424593594129262,0.999946780809711,"~cohort + diet","old ID vs CD","Downregulated","C19orf33",72275,64073,"ENSMUSG00000030587","ENSG00000167644",6,"EggNOG|Ensembl|HGNC|NCBI|OMA|OrthoMCL"
"Tsc22d1",2532.41091460908,-0.140543798236805,0.0693436410006863,-2.0267726962219,0.0426856639945626,0.999946780809711,"~cohort + diet","old ID vs CD","Downregulated","TSC22D1",21807,8848,"ENSMUSG00000022010","ENSG00000102804",11,"EggNOG|Ensembl|HGNC|HomoloGene|Inparanoid|NCBI|OMA|OrthoDB|OrthoMCL|Panther|Treefam"
"Tmem19",452.095676424021,-0.187957954942628,0.0928347014180993,-2.02465190356052,0.0429031205885351,0.999946780809711,"~cohort + diet","old ID vs CD","Downregulated","TMEM19",67226,55266,"ENSMUSG00000069520","ENSG00000139291",12,"EggNOG|Ensembl|HGNC|HomoloGene|Inparanoid|NCBI|OMA|OrthoDB|OrthoMCL|Panther|PhylomeDB|Treefam"
"Ankrd40",5610.32608166635,-0.120081329888193,0.0593407415993462,-2.02358997632608,0.0430123572445853,0.999946780809711,"~cohort + diet","old ID vs CD","Downregulated","ANKRD40",71452,91369,"ENSMUSG00000020864","ENSG00000154945",12,"EggNOG|Ensembl|HGNC|HomoloGene|Inparanoid|NCBI|OMA|OrthoDB|OrthoMCL|Panther|PhylomeDB|Treefam"
"Rabl3",221.73146906401,-0.221801977787152,0.110078102147053,-2.01495096173485,0.0439097874995758,0.999946780809711,"~cohort + diet","old ID vs CD","Downregulated","RABL3",67657,285282,"ENSMUSG00000022827","ENSG00000144840",12,"EggNOG|Ensembl|HGNC|HomoloGene|Inparanoid|NCBI|OMA|OrthoDB|OrthoMCL|Panther|PhylomeDB|Treefam"
"Cln5",519.915538667863,-0.17372305816046,0.0864276215168591,-2.01004094653435,0.0444268553192461,0.999946780809711,"~cohort + diet","old ID vs CD","Downregulated","CLN5",211286,1203,"ENSMUSG00000022125","ENSG00000102805",12,"EggNOG|Ensembl|HGNC|HomoloGene|Inparanoid|NCBI|OMA|OrthoDB|OrthoMCL|Panther|PhylomeDB|Treefam"
"Mrgprh",70.0416728973986,-0.382920215379829,0.190540678622526,-2.00965073782706,0.0444681672052326,0.999946780809711,"~cohort + diet","old ID vs CD","Downregulated",NA,NA,NA,NA,NA,NA,NA
"Psph",249.592098959111,-0.222659610106976,0.110804823857513,-2.00947578232967,0.0444867004854031,0.999946780809711,"~cohort + diet","old ID vs CD","Downregulated","PSPH",100678,5723,"ENSMUSG00000029446","ENSG00000146733",12,"EggNOG|Ensembl|HGNC|HomoloGene|Inparanoid|NCBI|OMA|OrthoDB|OrthoMCL|Panther|PhylomeDB|Treefam"
"Nudt1",71.235175427177,-0.340624107645549,0.170098911469522,-2.00250609896808,0.0452303278199766,0.999946780809711,"~cohort + diet","old ID vs CD","Downregulated","NUDT1",17766,4521,"ENSMUSG00000036639","ENSG00000106268",11,"EggNOG|Ensembl|HGNC|HomoloGene|Inparanoid|NCBI|OMA|OrthoMCL|Panther|PhylomeDB|Treefam"
"Fam49b",1229.57611571023,-0.129460304828133,0.0646916042042256,-2.00119175309734,0.045371729365938,0.999946780809711,"~cohort + diet","old ID vs CD","Downregulated",NA,NA,NA,NA,NA,NA,NA
"Csgalnact2",1794.08961360543,-0.14439001879827,0.0723687575580846,-1.99519825502573,0.046021261295788,0.999946780809711,"~cohort + diet","old ID vs CD","Downregulated","CSGALNACT2",78752,55454,"ENSMUSG00000042042","ENSG00000169826",12,"EggNOG|Ensembl|HGNC|HomoloGene|Inparanoid|NCBI|OMA|OrthoDB|OrthoMCL|Panther|PhylomeDB|Treefam"
"Itgb6",790.4123021959,-0.274509339701966,0.137666018587414,-1.99402396116846,0.0461494360186652,0.999946780809711,"~cohort + diet","old ID vs CD","Downregulated","ITGB6",16420,3694,"ENSMUSG00000026971","ENSG00000115221",12,"EggNOG|Ensembl|HGNC|HomoloGene|Inparanoid|NCBI|OMA|OrthoDB|OrthoMCL|Panther|PhylomeDB|Treefam"
"Ino80c",1023.2805035922,-0.191190195208048,0.0960153435861809,-1.99124627447113,0.0464538187770204,0.999946780809711,"~cohort + diet","old ID vs CD","Downregulated","INO80C",225280,125476,"ENSMUSG00000047989","ENSG00000153391",11,"EggNOG|Ensembl|HGNC|HomoloGene|Inparanoid|NCBI|OMA|OrthoDB|OrthoMCL|Panther|Treefam"
"Cyb5r1",1415.18174773351,-0.168016983389485,0.084474036261472,-1.98897780697282,0.0467036526244013,0.999946780809711,"~cohort + diet","old ID vs CD","Downregulated","CYB5R1",72017,51706,"ENSMUSG00000026456","ENSG00000159348",12,"EggNOG|Ensembl|HGNC|HomoloGene|Inparanoid|NCBI|OMA|OrthoDB|OrthoMCL|Panther|PhylomeDB|Treefam"
"Otub2",530.554143602596,-0.375579966960217,0.189214820824019,-1.98493947421554,0.0471512058778514,0.999946780809711,"~cohort + diet","old ID vs CD","Downregulated","OTUB2",68149,78990,"ENSMUSG00000021203","ENSG00000089723",12,"EggNOG|Ensembl|HGNC|HomoloGene|Inparanoid|NCBI|OMA|OrthoDB|OrthoMCL|Panther|PhylomeDB|Treefam"
"Gc",498.956874339814,-2.46509348453306,1.24282502719099,-1.98345980375421,0.047316092729704,0.999946780809711,"~cohort + diet","old ID vs CD","Downregulated","GC",14473,2638,"ENSMUSG00000035540","ENSG00000145321",12,"EggNOG|Ensembl|HGNC|HomoloGene|Inparanoid|NCBI|OMA|OrthoDB|OrthoMCL|Panther|PhylomeDB|Treefam"
"Fam169a",51.9552280042377,-0.54437173668687,0.274943280666676,-1.97994195518032,0.0477100513385081,0.999946780809711,"~cohort + diet","old ID vs CD","Downregulated","FAM169A",320557,26049,"ENSMUSG00000041817","ENSG00000198780",12,"EggNOG|Ensembl|HGNC|HomoloGene|Inparanoid|NCBI|OMA|OrthoDB|OrthoMCL|Panther|PhylomeDB|Treefam"
"Anp32e",3723.40322577404,-0.177602428856967,0.089778372297569,-1.97823177578121,0.0479025655829319,0.999946780809711,"~cohort + diet","old ID vs CD","Downregulated","ANP32E",66471,81611,"ENSMUSG00000015749","ENSG00000143401",9,"EggNOG|Ensembl|HGNC|NCBI|OMA|OrthoDB|OrthoMCL|Panther|PhylomeDB"
"Serpina3n",289.988522773444,-0.644319444428726,0.32582605210365,-1.97749517041,0.0479856858907403,0.999946780809711,"~cohort + diet","old ID vs CD","Downregulated","SERPINA3",20716,12,"ENSMUSG00000021091","ENSG00000196136",9,"Ensembl|HGNC|HomoloGene|OMA|OrthoDB|OrthoMCL|Panther|PhylomeDB|Treefam"
"Ttc9c",766.110209757078,-0.152905836058194,0.0773922898302033,-1.97572440864155,0.0481859988636095,0.999946780809711,"~cohort + diet","old ID vs CD","Downregulated","TTC9C",70387,283237,"ENSMUSG00000071660","ENSG00000162222",12,"EggNOG|Ensembl|HGNC|HomoloGene|Inparanoid|NCBI|OMA|OrthoDB|OrthoMCL|Panther|PhylomeDB|Treefam"
"Rnf103",819.68588905592,-0.127850821260811,0.0647376364789385,-1.97490715161351,0.0482786856719586,0.999946780809711,"~cohort + diet","old ID vs CD","Downregulated","RNF103",22644,7844,"ENSMUSG00000052656","ENSG00000239305",11,"EggNOG|Ensembl|HGNC|HomoloGene|Inparanoid|NCBI|OMA|OrthoDB|OrthoMCL|Panther|Treefam"
"Pds5a",1572.43140979757,-0.142848359894393,0.072445430611096,-1.97180634705915,0.0486317175176203,0.999946780809711,"~cohort + diet","old ID vs CD","Downregulated","PDS5A",71521,23244,"ENSMUSG00000029202","ENSG00000121892",11,"EggNOG|Ensembl|HGNC|HomoloGene|Inparanoid|NCBI|OMA|OrthoDB|OrthoMCL|Panther|Treefam"
"Scarb2",4872.21390431595,-0.154403393726156,0.0785146553148464,-1.96655507315154,0.0492345272394888,0.999946780809711,"~cohort + diet","old ID vs CD","Downregulated","SCARB2",12492,950,"ENSMUSG00000029426","ENSG00000138760",12,"EggNOG|Ensembl|HGNC|HomoloGene|Inparanoid|NCBI|OMA|OrthoDB|OrthoMCL|Panther|PhylomeDB|Treefam"
"Paqr7",144.505214702599,-0.297765868906003,0.151756984155272,-1.96212299923765,0.0497481658717396,0.999946780809711,"~cohort + diet","old ID vs CD","Downregulated","PAQR7",71904,164091,"ENSMUSG00000037348","ENSG00000182749",12,"EggNOG|Ensembl|HGNC|HomoloGene|Inparanoid|NCBI|OMA|OrthoDB|OrthoMCL|Panther|PhylomeDB|Treefam"
"Atf5",924.650768526142,-0.168043239462225,0.0856974971806584,-1.96088853222836,0.0498920273641089,0.999946780809711,"~cohort + diet","old ID vs CD","Downregulated","ATF5",107503,22809,"ENSMUSG00000038539","ENSG00000169136",12,"EggNOG|Ensembl|HGNC|HomoloGene|Inparanoid|NCBI|OMA|OrthoDB|OrthoMCL|Panther|PhylomeDB|Treefam"
"Tmx2",1909.89883982888,-0.170594429907315,0.0870300595643194,-1.9601782506105,0.0499749596675632,0.999946780809711,"~cohort + diet","old ID vs CD","Downregulated","TMX2",66958,51075,"ENSMUSG00000050043","ENSG00000213593",12,"EggNOG|Ensembl|HGNC|HomoloGene|Inparanoid|NCBI|OMA|OrthoDB|OrthoMCL|Panther|PhylomeDB|Treefam"
"Kcnf1",55.2695684930223,1.38775902294491,0.358171052018427,3.87457058610509,0.00010681288059225,0.454097159691186,"~cohort + diet","old ID vs CD","Upregulated","KCNF1",382571,3754,"ENSMUSG00000051726","ENSG00000162975",12,"EggNOG|Ensembl|HGNC|HomoloGene|Inparanoid|NCBI|OMA|OrthoDB|OrthoMCL|Panther|PhylomeDB|Treefam"
"Glcci1",60.6067313162613,1.32657343840185,0.354873765843443,3.73815583479081,0.000185375037067138,0.480986654316009,"~cohort + diet","old ID vs CD","Upregulated","GLCCI1",170772,113263,"ENSMUSG00000029638","ENSG00000106415",12,"EggNOG|Ensembl|HGNC|HomoloGene|Inparanoid|NCBI|OMA|OrthoDB|OrthoMCL|Panther|PhylomeDB|Treefam"
"Clec11a",25.5516395682593,1.11601502441322,0.298889973719119,3.73386571160795,0.000188563060340289,0.480986654316009,"~cohort + diet","old ID vs CD","Upregulated","CLEC11A",20256,6320,"ENSMUSG00000004473","ENSG00000105472",12,"EggNOG|Ensembl|HGNC|HomoloGene|Inparanoid|NCBI|OMA|OrthoDB|OrthoMCL|Panther|PhylomeDB|Treefam"
"Casp12",287.619173186005,0.466935264624147,0.129193775508387,3.61422415891727,0.000301248348209306,0.640353572176916,"~cohort + diet","old ID vs CD","Upregulated","CASP12",12364,100506742,"ENSMUSG00000025887","ENSG00000204403",5,"Ensembl|HGNC|OMA|Panther|PhylomeDB"
"Gm12940",46.13801573573,0.98119457287716,0.303482736453361,3.23311495192066,0.00122448280519718,0.999946780809711,"~cohort + diet","old ID vs CD","Upregulated",NA,NA,NA,NA,NA,NA,NA
"Ccl8",105.28167760874,1.51314884557249,0.470007207013014,3.21941626212254,0.00128451871024306,0.999946780809711,"~cohort + diet","old ID vs CD","Upregulated","CCL8",20307,6355,"ENSMUSG00000009185","ENSG00000108700",4,"Ensembl|Panther|PhylomeDB|Treefam"
"Rian",600.533194081245,0.493281488148047,0.154946100688553,3.18356825990452,0.00145471809502643,0.999946780809711,"~cohort + diet","old ID vs CD","Upregulated",NA,NA,NA,NA,NA,NA,NA
"Vwf",1120.91491359239,0.483764058319128,0.154529234490165,3.1305665877088,0.00174469440875532,0.999946780809711,"~cohort + diet","old ID vs CD","Upregulated","VWF",22371,7450,"ENSMUSG00000001930","ENSG00000110799",12,"EggNOG|Ensembl|HGNC|HomoloGene|Inparanoid|NCBI|OMA|OrthoDB|OrthoMCL|Panther|PhylomeDB|Treefam"
"Phactr1",55.4603754513023,0.71775032222894,0.229330778892081,3.12976010327293,0.00174949112803138,0.999946780809711,"~cohort + diet","old ID vs CD","Upregulated","PHACTR1",218194,221692,"ENSMUSG00000054728","ENSG00000112137",11,"EggNOG|Ensembl|HGNC|HomoloGene|Inparanoid|NCBI|OMA|OrthoDB|OrthoMCL|Panther|PhylomeDB"
"Galnt16",143.12894511343,0.414971831114273,0.132933747548144,3.12164396752588,0.00179844289850801,0.999946780809711,"~cohort + diet","old ID vs CD","Upregulated","GALNT16",108760,57452,"ENSMUSG00000021130","ENSG00000100626",11,"EggNOG|Ensembl|HGNC|HomoloGene|Inparanoid|NCBI|OMA|OrthoDB|OrthoMCL|Panther|Treefam"
"Col6a6",165.718840288573,1.05198124397678,0.349623258573468,3.00889948874991,0.00262195842374582,0.999946780809711,"~cohort + diet","old ID vs CD","Upregulated","COL6A6",245026,131873,"ENSMUSG00000043719","ENSG00000206384",12,"EggNOG|Ensembl|HGNC|HomoloGene|Inparanoid|NCBI|OMA|OrthoDB|OrthoMCL|Panther|PhylomeDB|Treefam"
"Fcna",49.5452135967246,1.12176264178416,0.375917083526618,2.98406933587718,0.00284442307572769,0.999946780809711,"~cohort + diet","old ID vs CD","Upregulated","FCN1",14133,2219,"ENSMUSG00000026938","ENSG00000085265",3,"OrthoDB|Panther|Treefam"
"Fcna",49.5452135967246,1.12176264178416,0.375917083526618,2.98406933587718,0.00284442307572769,0.999946780809711,"~cohort + diet","old ID vs CD","Upregulated","FCN2",14133,2220,"ENSMUSG00000026938","ENSG00000160339",3,"OrthoDB|Panther|Treefam"
"Cdk12",360.086525684597,0.343025883518608,0.115327027989321,2.97437547380802,0.00293585590563309,0.999946780809711,"~cohort + diet","old ID vs CD","Upregulated","CDK12",69131,51755,"ENSMUSG00000003119","ENSG00000167258",12,"EggNOG|Ensembl|HGNC|HomoloGene|Inparanoid|NCBI|OMA|OrthoDB|OrthoMCL|Panther|PhylomeDB|Treefam"
"Syne3",103.756133878327,0.523873168822122,0.177590411536437,2.94989557313255,0.00317881351994583,0.999946780809711,"~cohort + diet","old ID vs CD","Upregulated","SYNE3",212073,161176,"ENSMUSG00000054150","ENSG00000176438",12,"EggNOG|Ensembl|HGNC|HomoloGene|Inparanoid|NCBI|OMA|OrthoDB|OrthoMCL|Panther|PhylomeDB|Treefam"
"Col14a1",395.444910803953,0.845964211604821,0.287578052773236,2.94168558221614,0.00326431179853008,0.999946780809711,"~cohort + diet","old ID vs CD","Upregulated","COL14A1",12818,7373,"ENSMUSG00000022371","ENSG00000187955",12,"EggNOG|Ensembl|HGNC|HomoloGene|Inparanoid|NCBI|OMA|OrthoDB|OrthoMCL|Panther|PhylomeDB|Treefam"
"Pcdh20",22.8028954960533,1.04824541230756,0.35769299236461,2.93057296252269,0.00338337529780682,0.999946780809711,"~cohort + diet","old ID vs CD","Upregulated","PCDH20",219257,64881,"ENSMUSG00000050505","ENSG00000280165",11,"EggNOG|Ensembl|HGNC|HomoloGene|Inparanoid|NCBI|OMA|OrthoDB|OrthoMCL|Panther|Treefam"
"Spns2",631.836382973463,0.415507075996241,0.142189549350826,2.92220544964985,0.00347562193155361,0.999946780809711,"~cohort + diet","old ID vs CD","Upregulated","SPNS2",216892,124976,"ENSMUSG00000040447","ENSG00000183018",11,"EggNOG|Ensembl|HGNC|HomoloGene|Inparanoid|NCBI|OMA|OrthoDB|OrthoMCL|Panther|Treefam"
"Adamtsl3",149.293177507198,0.544893922371446,0.189281306999046,2.87875190112773,0.00399252286983499,0.999946780809711,"~cohort + diet","old ID vs CD","Upregulated","ADAMTSL3",269959,57188,"ENSMUSG00000070469","ENSG00000156218",11,"EggNOG|Ensembl|HGNC|HomoloGene|Inparanoid|NCBI|OMA|OrthoDB|OrthoMCL|Panther|Treefam"
"Mmp9",91.7391417083166,0.894193794354276,0.31243953529829,2.86197389680719,0.00421011579628731,0.999946780809711,"~cohort + diet","old ID vs CD","Upregulated","MMP9",17395,4318,"ENSMUSG00000017737","ENSG00000100985",11,"EggNOG|Ensembl|HGNC|HomoloGene|Inparanoid|NCBI|OMA|OrthoDB|OrthoMCL|Panther|Treefam"
"Ace",774.828266893467,0.319810138639493,0.112018142908498,2.85498518664722,0.00430388363132689,0.999946780809711,"~cohort + diet","old ID vs CD","Upregulated","ACE",11421,1636,"ENSMUSG00000020681","ENSG00000159640",12,"EggNOG|Ensembl|HGNC|HomoloGene|Inparanoid|NCBI|OMA|OrthoDB|OrthoMCL|Panther|PhylomeDB|Treefam"
"Scara3",188.358139594222,0.422181586262837,0.149206311170395,2.82951560796045,0.00466185260679382,0.999946780809711,"~cohort + diet","old ID vs CD","Upregulated","SCARA3",219151,51435,"ENSMUSG00000034463","ENSG00000168077",11,"EggNOG|Ensembl|HGNC|HomoloGene|Inparanoid|NCBI|OMA|OrthoDB|OrthoMCL|PhylomeDB|Treefam"
"Rnf213",978.526577183698,0.36348680541286,0.129088556538569,2.81579417385659,0.00486568283045917,0.999946780809711,"~cohort + diet","old ID vs CD","Upregulated","RNF213",672511,57674,"ENSMUSG00000070327","ENSG00000173821",10,"EggNOG|Ensembl|HGNC|HomoloGene|Inparanoid|NCBI|OMA|OrthoDB|OrthoMCL|Panther"
"Cbx7",546.378689693683,0.266091502258286,0.0945678029925523,2.81376423939173,0.0048965125033934,0.999946780809711,"~cohort + diet","old ID vs CD","Upregulated","CBX7",52609,23492,"ENSMUSG00000053411","ENSG00000100307",10,"EggNOG|Ensembl|HGNC|HomoloGene|NCBI|OMA|OrthoDB|OrthoMCL|PhylomeDB|Treefam"
"Akap8l",793.890824277776,0.215057349418604,0.0766726886346541,2.80487554627637,0.00503360111519357,0.999946780809711,"~cohort + diet","old ID vs CD","Upregulated","AKAP8L",54194,26993,"ENSMUSG00000002625","ENSG00000011243",12,"EggNOG|Ensembl|HGNC|HomoloGene|Inparanoid|NCBI|OMA|OrthoDB|OrthoMCL|Panther|PhylomeDB|Treefam"
"Stab1",431.652381699908,0.558421778711593,0.199252913078534,2.80257773943559,0.00506959967788105,0.999946780809711,"~cohort + diet","old ID vs CD","Upregulated","STAB1",192187,23166,"ENSMUSG00000042286","ENSG00000010327",12,"EggNOG|Ensembl|HGNC|HomoloGene|Inparanoid|NCBI|OMA|OrthoDB|OrthoMCL|Panther|PhylomeDB|Treefam"
"mt-Rnr2",93402.9360058301,0.826390373193219,0.296940652673633,2.78301527848228,0.00538562699235061,0.999946780809711,"~cohort + diet","old ID vs CD","Upregulated",NA,NA,NA,NA,NA,NA,NA
"Kmt2e",996.170516321657,0.225687545133263,0.0814742739762453,2.77004671682088,0.00560482530231654,0.999946780809711,"~cohort + diet","old ID vs CD","Upregulated","KMT2E",69188,55904,"ENSMUSG00000029004","ENSG00000005483",11,"EggNOG|Ensembl|HGNC|HomoloGene|Inparanoid|NCBI|OMA|OrthoDB|OrthoMCL|Panther|Treefam"
"Itga8",130.459762721633,0.602396415056246,0.219064925882769,2.74985332603455,0.00596219458590452,0.999946780809711,"~cohort + diet","old ID vs CD","Upregulated","ITGA8",241226,8516,"ENSMUSG00000026768","ENSG00000077943",12,"EggNOG|Ensembl|HGNC|HomoloGene|Inparanoid|NCBI|OMA|OrthoDB|OrthoMCL|Panther|PhylomeDB|Treefam"
"Meg3",324.119114061653,0.502539145937103,0.183692201494311,2.73576745147053,0.00622349896437945,0.999946780809711,"~cohort + diet","old ID vs CD","Upregulated",NA,NA,NA,NA,NA,NA,NA
"Mrc1",698.868692187512,0.600277391050612,0.220936787061705,2.71696442694698,0.0065883688489818,0.999946780809711,"~cohort + diet","old ID vs CD","Upregulated","MRC1",17533,4360,"ENSMUSG00000026712","ENSG00000260314",10,"EggNOG|Ensembl|HGNC|HomoloGene|Inparanoid|NCBI|OMA|OrthoDB|OrthoMCL|Panther"
"Hid1",40.3467653027401,0.681662276525222,0.25157170693569,2.70961422819887,0.00673615053839069,0.999946780809711,"~cohort + diet","old ID vs CD","Upregulated","HID1",217310,283987,"ENSMUSG00000034586","ENSG00000167861",12,"EggNOG|Ensembl|HGNC|HomoloGene|Inparanoid|NCBI|OMA|OrthoDB|OrthoMCL|Panther|PhylomeDB|Treefam"
"Tmpo",1486.89769230411,0.171162725921163,0.0632899786242696,2.70442066250798,0.00684236070188946,0.999946780809711,"~cohort + diet","old ID vs CD","Upregulated","TMPO",21917,7112,"ENSMUSG00000019961","ENSG00000120802",11,"EggNOG|Ensembl|HGNC|HomoloGene|Inparanoid|NCBI|OMA|OrthoDB|OrthoMCL|Panther|Treefam"
"Susd1",24.7208894491489,1.09759892815619,0.409183000016699,2.68241576045778,0.0073092557642475,0.999946780809711,"~cohort + diet","old ID vs CD","Upregulated","SUSD1",634731,64420,"ENSMUSG00000038578","ENSG00000106868",11,"EggNOG|Ensembl|HGNC|HomoloGene|Inparanoid|NCBI|OMA|OrthoDB|OrthoMCL|Panther|Treefam"
"Socs2",324.78438424535,0.574152723620923,0.21429472659838,2.67926669374823,0.00737836012015393,0.999946780809711,"~cohort + diet","old ID vs CD","Upregulated","SOCS2",216233,8835,"ENSMUSG00000020027","ENSG00000120833",9,"Ensembl|HGNC|HomoloGene|NCBI|OMA|OrthoDB|Panther|PhylomeDB|Treefam"
"Fcgr3",169.722403986665,0.651819684653868,0.244420811600393,2.66679289863229,0.00765788454393933,0.999946780809711,"~cohort + diet","old ID vs CD","Upregulated","FCGR2A",14131,2212,"ENSMUSG00000059498","ENSG00000143226",6,"EggNOG|Ensembl|HomoloGene|OrthoDB|Panther|Treefam"
"Gpx8",177.777470710231,0.49884594642273,0.188629807847037,2.64457644375725,0.00817932291133158,0.999946780809711,"~cohort + diet","old ID vs CD","Upregulated","GPX8",69590,493869,"ENSMUSG00000021760","ENSG00000164294",12,"EggNOG|Ensembl|HGNC|HomoloGene|Inparanoid|NCBI|OMA|OrthoDB|OrthoMCL|Panther|PhylomeDB|Treefam"
"Clca1",23.5723220113426,1.25187040899713,0.476630147291714,2.62650278441356,0.00862672866919216,0.999946780809711,"~cohort + diet","old ID vs CD","Upregulated","CLCA1",23844,1179,"ENSMUSG00000028255","ENSG00000016490",12,"EggNOG|Ensembl|HGNC|HomoloGene|Inparanoid|NCBI|OMA|OrthoDB|OrthoMCL|Panther|PhylomeDB|Treefam"
"Cadm3",252.602861195303,0.501246698638284,0.191695760777497,2.61480325180526,0.00892788670537459,0.999946780809711,"~cohort + diet","old ID vs CD","Upregulated","CADM3",94332,57863,"ENSMUSG00000005338","ENSG00000162706",12,"EggNOG|Ensembl|HGNC|HomoloGene|Inparanoid|NCBI|OMA|OrthoDB|OrthoMCL|Panther|PhylomeDB|Treefam"
"Tnfsf10",242.990476380341,0.618780588771304,0.236746885931402,2.61367994910226,0.00895729003287635,0.999946780809711,"~cohort + diet","old ID vs CD","Upregulated","TNFSF10",22035,8743,"ENSMUSG00000039304","ENSG00000121858",12,"EggNOG|Ensembl|HGNC|HomoloGene|Inparanoid|NCBI|OMA|OrthoDB|OrthoMCL|Panther|PhylomeDB|Treefam"
"Cish",90.8569490954497,1.58982504199954,0.608607378077241,2.61223425687385,0.00899525942180023,0.999946780809711,"~cohort + diet","old ID vs CD","Upregulated","CISH",12700,1154,"ENSMUSG00000032578","ENSG00000114737",12,"EggNOG|Ensembl|HGNC|HomoloGene|Inparanoid|NCBI|OMA|OrthoDB|OrthoMCL|Panther|PhylomeDB|Treefam"
"Fbxl20",808.591183570108,0.200070070177336,0.0768468553174564,2.60349066140497,0.00922797815897357,0.999946780809711,"~cohort + diet","old ID vs CD","Upregulated","FBXL20",72194,84961,"ENSMUSG00000020883","ENSG00000108306",12,"EggNOG|Ensembl|HGNC|HomoloGene|Inparanoid|NCBI|OMA|OrthoDB|OrthoMCL|Panther|PhylomeDB|Treefam"
"Gpm6a",57.425634885841,0.757823698082177,0.292668991728068,2.58935425173537,0.00961561179650966,0.999946780809711,"~cohort + diet","old ID vs CD","Upregulated","GPM6A",234267,2823,"ENSMUSG00000031517","ENSG00000150625",12,"EggNOG|Ensembl|HGNC|HomoloGene|Inparanoid|NCBI|OMA|OrthoDB|OrthoMCL|Panther|PhylomeDB|Treefam"
"Tmem47",384.248859647488,0.218642955139099,0.0845074094681455,2.58726372651992,0.00967415169728232,0.999946780809711,"~cohort + diet","old ID vs CD","Upregulated","TMEM47",192216,83604,"ENSMUSG00000025666","ENSG00000147027",12,"EggNOG|Ensembl|HGNC|HomoloGene|Inparanoid|NCBI|OMA|OrthoDB|OrthoMCL|Panther|PhylomeDB|Treefam"
"Tgfbi",595.287111170806,0.420564194922771,0.162759385426245,2.58396278544164,0.00976723326266104,0.999946780809711,"~cohort + diet","old ID vs CD","Upregulated","TGFBI",21810,7045,"ENSMUSG00000035493","ENSG00000120708",12,"EggNOG|Ensembl|HGNC|HomoloGene|Inparanoid|NCBI|OMA|OrthoDB|OrthoMCL|Panther|PhylomeDB|Treefam"
"H2-T10",21.8388857776142,1.03196422810591,0.400037245866639,2.57967036511881,0.00988946645261812,0.999946780809711,"~cohort + diet","old ID vs CD","Upregulated",NA,NA,NA,NA,NA,NA,NA
"S100a9",110.049268351331,1.94057772261321,0.753818831680795,2.57432905766799,0.01004347026219,0.999946780809711,"~cohort + diet","old ID vs CD","Upregulated","S100A9",20202,6280,"ENSMUSG00000056071","ENSG00000163220",12,"EggNOG|Ensembl|HGNC|HomoloGene|Inparanoid|NCBI|OMA|OrthoDB|OrthoMCL|Panther|PhylomeDB|Treefam"
"Gas7",119.841217272686,0.649117914842324,0.252630905151209,2.56943193254128,0.0101865401476221,0.999946780809711,"~cohort + diet","old ID vs CD","Upregulated","GAS7",14457,8522,"ENSMUSG00000033066","ENSG00000007237",12,"EggNOG|Ensembl|HGNC|HomoloGene|Inparanoid|NCBI|OMA|OrthoDB|OrthoMCL|Panther|PhylomeDB|Treefam"
"Loxl3",76.3836211784672,0.664805371796156,0.26022585244861,2.55472454231826,0.0106271861031401,0.999946780809711,"~cohort + diet","old ID vs CD","Upregulated","LOXL3",16950,84695,"ENSMUSG00000000693","ENSG00000115318",11,"EggNOG|Ensembl|HGNC|HomoloGene|Inparanoid|NCBI|OMA|OrthoDB|OrthoMCL|Panther|Treefam"
"Frem2",39.1932367945319,0.827586065824025,0.324051409764917,2.55387275254997,0.010653218134881,0.999946780809711,"~cohort + diet","old ID vs CD","Upregulated","FREM2",242022,341640,"ENSMUSG00000037016","ENSG00000150893",12,"EggNOG|Ensembl|HGNC|HomoloGene|Inparanoid|NCBI|OMA|OrthoDB|OrthoMCL|Panther|PhylomeDB|Treefam"
"Efhd1",103.907264748365,0.441018775587104,0.173260484070754,2.54540888508083,0.0109149845103719,0.999946780809711,"~cohort + diet","old ID vs CD","Upregulated","EFHD1",98363,80303,"ENSMUSG00000026255","ENSG00000115468",12,"EggNOG|Ensembl|HGNC|HomoloGene|Inparanoid|NCBI|OMA|OrthoDB|OrthoMCL|Panther|PhylomeDB|Treefam"
"Kcna2",153.571893643304,0.308002829643769,0.121258553619677,2.54005033417939,0.0110836516383722,0.999946780809711,"~cohort + diet","old ID vs CD","Upregulated","KCNA2",16490,3737,"ENSMUSG00000040724","ENSG00000177301",11,"Ensembl|HGNC|HomoloGene|Inparanoid|NCBI|OMA|OrthoDB|OrthoMCL|Panther|PhylomeDB|Treefam"
"Rbm33",1543.60673164088,0.15768051417182,0.0620818483930386,2.53988111264904,0.0110890156085343,0.999946780809711,"~cohort + diet","old ID vs CD","Upregulated","RBM33",381626,155435,"ENSMUSG00000048271","ENSG00000184863",10,"EggNOG|Ensembl|HGNC|Inparanoid|NCBI|OMA|OrthoDB|Panther|PhylomeDB|Treefam"
"Kcna1",72.401653396659,0.769058563181855,0.303379386077402,2.53497303533221,0.0112455981961404,0.999946780809711,"~cohort + diet","old ID vs CD","Upregulated","KCNA1",16485,3736,"ENSMUSG00000047976","ENSG00000111262",12,"EggNOG|Ensembl|HGNC|HomoloGene|Inparanoid|NCBI|OMA|OrthoDB|OrthoMCL|Panther|PhylomeDB|Treefam"
"Pydc3",31.8135352980813,0.714804533708964,0.282484409335229,2.5304211846279,0.0113925677095881,0.999946780809711,"~cohort + diet","old ID vs CD","Upregulated",NA,NA,NA,NA,NA,NA,NA
"Pcx",2950.58958050329,0.505353098401126,0.200201997664083,2.52421606326353,0.0115956635186261,0.999946780809711,"~cohort + diet","old ID vs CD","Upregulated","PC",18563,5091,"ENSMUSG00000024892","ENSG00000173599",11,"EggNOG|Ensembl|HGNC|HomoloGene|Inparanoid|NCBI|OrthoDB|OrthoMCL|Panther|PhylomeDB|Treefam"
"Crispld2",355.714518684418,0.329112481364674,0.130782243043515,2.51649209942949,0.0118529557601488,0.999946780809711,"~cohort + diet","old ID vs CD","Upregulated","CRISPLD2",78892,83716,"ENSMUSG00000031825","ENSG00000103196",12,"EggNOG|Ensembl|HGNC|HomoloGene|Inparanoid|NCBI|OMA|OrthoDB|OrthoMCL|Panther|PhylomeDB|Treefam"
"Gm14296",254.389150335274,0.711162465998071,0.282643417893931,2.51611189567823,0.0118657504228127,0.999946780809711,"~cohort + diet","old ID vs CD","Upregulated",NA,NA,NA,NA,NA,NA,NA
"Slc6a2",39.8824101179616,0.882116268580842,0.350942710126231,2.51356202345264,0.0119518759760078,0.999946780809711,"~cohort + diet","old ID vs CD","Upregulated","SLC6A2",20538,6530,"ENSMUSG00000055368","ENSG00000103546",11,"EggNOG|Ensembl|HGNC|HomoloGene|Inparanoid|NCBI|OMA|OrthoDB|OrthoMCL|Panther|Treefam"
"H2-Q7",426.929278833497,0.74625261142736,0.297127640409732,2.51155567485507,0.0120200323909951,0.999946780809711,"~cohort + diet","old ID vs CD","Upregulated","HLA-A",15018,3105,"ENSMUSG00000060550","ENSG00000206503",5,"HomoloGene|OMA|OrthoDB|OrthoMCL|PhylomeDB"
"F13a1",646.49932842722,0.56702928530277,0.226019162130898,2.50876642474402,0.0121153566353848,0.999946780809711,"~cohort + diet","old ID vs CD","Upregulated","F13A1",74145,2162,"ENSMUSG00000039109","ENSG00000124491",12,"EggNOG|Ensembl|HGNC|HomoloGene|Inparanoid|NCBI|OMA|OrthoDB|OrthoMCL|Panther|PhylomeDB|Treefam"
"Abca6",251.762269357179,0.51619039487966,0.206340640951576,2.50164190873478,0.0123618889112879,0.999946780809711,"~cohort + diet","old ID vs CD","Upregulated","ABCA6",76184,23460,"ENSMUSG00000044749","ENSG00000154262",10,"EggNOG|Ensembl|HGNC|HomoloGene|Inparanoid|OMA|OrthoDB|OrthoMCL|Panther|Treefam"
"Kdm4c",388.597509677246,0.206903324117245,0.083117703761754,2.489281040659,0.0128001736996948,0.999946780809711,"~cohort + diet","old ID vs CD","Upregulated","KDM4C",76804,23081,"ENSMUSG00000028397","ENSG00000107077",11,"Ensembl|HGNC|HomoloGene|Inparanoid|NCBI|OMA|OrthoDB|OrthoMCL|Panther|PhylomeDB|Treefam"
"Mgl2",194.156036405607,0.7750333092076,0.313082523085337,2.47549208933757,0.0133052709249358,0.999946780809711,"~cohort + diet","old ID vs CD","Upregulated","CLEC10A",216864,10462,"ENSMUSG00000040950","ENSG00000132514",7,"EggNOG|Ensembl|HGNC|HomoloGene|OMA|OrthoDB|Treefam"
"Jak3",161.292685384339,0.473875280245367,0.191556618307933,2.47381314428718,0.0133679593856577,0.999946780809711,"~cohort + diet","old ID vs CD","Upregulated","JAK3",16453,3718,"ENSMUSG00000031805","ENSG00000105639",12,"EggNOG|Ensembl|HGNC|HomoloGene|Inparanoid|NCBI|OMA|OrthoDB|OrthoMCL|Panther|PhylomeDB|Treefam"
"Pkd1",905.365942741172,0.319329682949821,0.129372778972338,2.46829113115131,0.0135759854897806,0.999946780809711,"~cohort + diet","old ID vs CD","Upregulated","PKD1",18763,5310,"ENSMUSG00000032855","ENSG00000008710",11,"EggNOG|Ensembl|HGNC|HomoloGene|Inparanoid|NCBI|OMA|OrthoDB|OrthoMCL|Panther|Treefam"
"Pdgfrl",27.0702692435687,0.957205683357611,0.388964949862329,2.46090472598214,0.0138587162756092,0.999946780809711,"~cohort + diet","old ID vs CD","Upregulated","PDGFRL",68797,5157,"ENSMUSG00000031595","ENSG00000104213",11,"EggNOG|Ensembl|HGNC|HomoloGene|Inparanoid|NCBI|OMA|OrthoDB|OrthoMCL|Panther|PhylomeDB"
"Ifi204",315.224771863294,0.611548637902862,0.248724920389572,2.45873488247582,0.0139427537842464,0.999946780809711,"~cohort + diet","old ID vs CD","Upregulated","IFI16",15951,3428,"ENSMUSG00000073489","ENSG00000163565",4,"HomoloGene|OrthoDB|OrthoMCL|Panther"
"Ifi204",315.224771863294,0.611548637902862,0.248724920389572,2.45873488247582,0.0139427537842464,0.999946780809711,"~cohort + diet","old ID vs CD","Upregulated","MNDA",15951,4332,"ENSMUSG00000073489","ENSG00000163563",4,"OMA|OrthoDB|Panther|Treefam"
"2310007L24Rik",26.1030996734823,0.904785627108946,0.368025060726043,2.45848917278616,0.0139522983582375,0.999946780809711,"~cohort + diet","old ID vs CD","Upregulated",NA,NA,NA,NA,NA,NA,NA
"Lepr",177.926120758507,0.494675328553424,0.201395452393863,2.45623882105343,0.0140399817593478,0.999946780809711,"~cohort + diet","old ID vs CD","Upregulated","LEPR",16847,3953,"ENSMUSG00000057722","ENSG00000116678",12,"EggNOG|Ensembl|HGNC|HomoloGene|Inparanoid|NCBI|OMA|OrthoDB|OrthoMCL|Panther|PhylomeDB|Treefam"
"B4galt1",889.330815689225,0.224636521217137,0.0916492462370235,2.45104603082258,0.0142441736432655,0.999946780809711,"~cohort + diet","old ID vs CD","Upregulated","B4GALT1",14595,2683,"ENSMUSG00000028413","ENSG00000086062",12,"EggNOG|Ensembl|HGNC|HomoloGene|Inparanoid|NCBI|OMA|OrthoDB|OrthoMCL|Panther|PhylomeDB|Treefam"
"Piwil2",49.6185531545634,0.514736075611045,0.210807758374115,2.44173212400255,0.0146169880866973,0.999946780809711,"~cohort + diet","old ID vs CD","Upregulated","PIWIL2",57746,55124,"ENSMUSG00000033644","ENSG00000197181",12,"EggNOG|Ensembl|HGNC|HomoloGene|Inparanoid|NCBI|OMA|OrthoDB|OrthoMCL|Panther|PhylomeDB|Treefam"
"Mmp2",836.039367442317,0.365520427232685,0.149727963048873,2.44123021371348,0.0146373204719433,0.999946780809711,"~cohort + diet","old ID vs CD","Upregulated","MMP2",17390,4313,"ENSMUSG00000031740","ENSG00000087245",12,"EggNOG|Ensembl|HGNC|HomoloGene|Inparanoid|NCBI|OMA|OrthoDB|OrthoMCL|Panther|PhylomeDB|Treefam"
"Gm10557",44.1202115032391,0.731832561283609,0.300899808098019,2.43214698576748,0.0150096148438872,0.999946780809711,"~cohort + diet","old ID vs CD","Upregulated",NA,NA,NA,NA,NA,NA,NA
"Dus3l",335.098229772986,0.291244358015151,0.11983565761964,2.43036474952693,0.0150836345176874,0.999946780809711,"~cohort + diet","old ID vs CD","Upregulated","DUS3L",224907,56931,"ENSMUSG00000007603","ENSG00000141994",12,"EggNOG|Ensembl|HGNC|HomoloGene|Inparanoid|NCBI|OMA|OrthoDB|OrthoMCL|Panther|PhylomeDB|Treefam"
"Pi16",455.276026159362,0.36833630008554,0.152761906793375,2.41117898969243,0.0159010426915716,0.999946780809711,"~cohort + diet","old ID vs CD","Upregulated","PI16",74116,221476,"ENSMUSG00000024011","ENSG00000164530",11,"Ensembl|HGNC|HomoloGene|Inparanoid|NCBI|OMA|OrthoDB|OrthoMCL|Panther|PhylomeDB|Treefam"
"Ccdc149",27.5009927061132,0.621184542017717,0.259270185916737,2.39589654252497,0.0165797693226871,0.999946780809711,"~cohort + diet","old ID vs CD","Upregulated","CCDC149",100503884,91050,"ENSMUSG00000045790","ENSG00000181982",11,"EggNOG|Ensembl|HGNC|HomoloGene|Inparanoid|NCBI|OMA|OrthoDB|OrthoMCL|Panther|Treefam"
"Vit",62.7064735109247,0.620341151788572,0.259247106581452,2.39285660684382,0.0167177733013697,0.999946780809711,"~cohort + diet","old ID vs CD","Upregulated","VIT",74199,5212,"ENSMUSG00000024076","ENSG00000205221",12,"EggNOG|Ensembl|HGNC|HomoloGene|Inparanoid|NCBI|OMA|OrthoDB|OrthoMCL|Panther|PhylomeDB|Treefam"
"Abi3bp",579.215028743561,0.455243401459173,0.190479005464574,2.38999253670421,0.0168487151782549,0.999946780809711,"~cohort + diet","old ID vs CD","Upregulated","ABI3BP",320712,25890,"ENSMUSG00000035258","ENSG00000154175",11,"EggNOG|Ensembl|HGNC|Inparanoid|NCBI|OMA|OrthoDB|OrthoMCL|Panther|PhylomeDB|Treefam"
"Csf3r",31.997617061942,1.02891707128911,0.431118739866964,2.38662107707639,0.0170040071800016,0.999946780809711,"~cohort + diet","old ID vs CD","Upregulated","CSF3R",12986,1441,"ENSMUSG00000028859","ENSG00000119535",10,"EggNOG|Ensembl|HGNC|HomoloGene|Inparanoid|NCBI|OMA|OrthoDB|OrthoMCL|Treefam"
"Hbegf",207.584707177572,0.523055894879567,0.219507471801461,2.38286146064612,0.0171786579126138,0.999946780809711,"~cohort + diet","old ID vs CD","Upregulated","HBEGF",15200,1839,"ENSMUSG00000024486","ENSG00000113070",12,"EggNOG|Ensembl|HGNC|HomoloGene|Inparanoid|NCBI|OMA|OrthoDB|OrthoMCL|Panther|PhylomeDB|Treefam"
"Mmrn1",120.482736319097,0.784783170714066,0.330087159999777,2.37750287140704,0.0174303072688525,0.999946780809711,"~cohort + diet","old ID vs CD","Upregulated","MMRN1",70945,22915,"ENSMUSG00000054641","ENSG00000138722",11,"EggNOG|Ensembl|HGNC|HomoloGene|Inparanoid|NCBI|OMA|OrthoDB|OrthoMCL|Panther|Treefam"
"Inhba",57.3897044737701,0.496692873714719,0.209621112719686,2.3694792345603,0.017813155350654,0.999946780809711,"~cohort + diet","old ID vs CD","Upregulated","INHBA",16323,3624,"ENSMUSG00000041324","ENSG00000122641",12,"EggNOG|Ensembl|HGNC|HomoloGene|Inparanoid|NCBI|OMA|OrthoDB|OrthoMCL|Panther|PhylomeDB|Treefam"
"Ptpru",20.5478558047673,0.836426027624029,0.35322806941793,2.3679489260362,0.0178870049470631,0.999946780809711,"~cohort + diet","old ID vs CD","Upregulated","PTPRU",19273,10076,"ENSMUSG00000028909","ENSG00000060656",12,"EggNOG|Ensembl|HGNC|HomoloGene|Inparanoid|NCBI|OMA|OrthoDB|OrthoMCL|Panther|PhylomeDB|Treefam"
"Uvssa",251.93627245938,0.276272429322591,0.11731112819439,2.35504025555696,0.018520699186858,0.999946780809711,"~cohort + diet","old ID vs CD","Upregulated","UVSSA",71101,57654,"ENSMUSG00000037355","ENSG00000163945",12,"EggNOG|Ensembl|HGNC|HomoloGene|Inparanoid|NCBI|OMA|OrthoDB|OrthoMCL|Panther|PhylomeDB|Treefam"
"Slc7a2",2289.39915039063,0.265978251601882,0.112942291080358,2.35499252811012,0.0185230781486789,0.999946780809711,"~cohort + diet","old ID vs CD","Upregulated","SLC7A2",11988,6542,"ENSMUSG00000031596","ENSG00000003989",10,"EggNOG|Ensembl|HGNC|HomoloGene|Inparanoid|NCBI|OMA|OrthoDB|OrthoMCL|Treefam"
"Ackr1",51.5720581412947,0.726372698928806,0.309870458111924,2.34411729131804,0.0190721725709434,0.999946780809711,"~cohort + diet","old ID vs CD","Upregulated","ACKR1",13349,2532,"ENSMUSG00000037872","ENSG00000213088",12,"EggNOG|Ensembl|HGNC|HomoloGene|Inparanoid|NCBI|OMA|OrthoDB|OrthoMCL|Panther|PhylomeDB|Treefam"
"Itgb4",196.075504214442,0.582947810339761,0.24939137883017,2.33748180500151,0.0194141459319964,0.999946780809711,"~cohort + diet","old ID vs CD","Upregulated","ITGB4",192897,3691,"ENSMUSG00000020758","ENSG00000132470",12,"EggNOG|Ensembl|HGNC|HomoloGene|Inparanoid|NCBI|OMA|OrthoDB|OrthoMCL|Panther|PhylomeDB|Treefam"
"Notch1",446.958394122188,0.350942811439161,0.150749227458004,2.32799077883783,0.0199125933139866,0.999946780809711,"~cohort + diet","old ID vs CD","Upregulated","NOTCH1",18128,4851,"ENSMUSG00000026923","ENSG00000148400",9,"Ensembl|HGNC|HomoloGene|Inparanoid|NCBI|OMA|OrthoDB|OrthoMCL|Panther"
"Cntln",115.727506424421,0.38046345231145,0.16405235091406,2.31915879407762,0.020386427808767,0.999946780809711,"~cohort + diet","old ID vs CD","Upregulated","CNTLN",338349,54875,"ENSMUSG00000038070","ENSG00000044459",11,"EggNOG|Ensembl|HGNC|HomoloGene|Inparanoid|NCBI|OMA|OrthoDB|OrthoMCL|Panther|PhylomeDB"
"Fam171b",74.4313438299951,0.404201747637372,0.175036549891542,2.3092419719643,0.0209301576921544,0.999946780809711,"~cohort + diet","old ID vs CD","Upregulated","FAM171B",241520,165215,"ENSMUSG00000048388","ENSG00000144369",12,"EggNOG|Ensembl|HGNC|HomoloGene|Inparanoid|NCBI|OMA|OrthoDB|OrthoMCL|Panther|PhylomeDB|Treefam"
"Gm26621",41.80864480274,0.503732680883301,0.218526246332965,2.30513583304667,0.021158967196435,0.999946780809711,"~cohort + diet","old ID vs CD","Upregulated",NA,NA,NA,NA,NA,NA,NA
"Mcm9",116.120718664911,0.342581355744636,0.148851592613018,2.30149607223399,0.0213636071442165,0.999946780809711,"~cohort + diet","old ID vs CD","Upregulated","MCM9",71567,254394,"ENSMUSG00000058298","ENSG00000111877",10,"EggNOG|Ensembl|HGNC|HomoloGene|Inparanoid|NCBI|OrthoDB|OrthoMCL|Panther|Treefam"
"Polk",461.499525492376,0.321016958999515,0.139531523396989,2.30067694513856,0.0214098981861073,0.999946780809711,"~cohort + diet","old ID vs CD","Upregulated","POLK",27015,51426,"ENSMUSG00000021668","ENSG00000122008",12,"EggNOG|Ensembl|HGNC|HomoloGene|Inparanoid|NCBI|OMA|OrthoDB|OrthoMCL|Panther|PhylomeDB|Treefam"
"Tgtp2",303.79413960388,0.931859336526451,0.405497800853531,2.2980626148033,0.0215582256514868,0.999946780809711,"~cohort + diet","old ID vs CD","Upregulated",NA,NA,NA,NA,NA,NA,NA
"Itga2",36.2088901134476,0.886935610701525,0.386517006503797,2.29468715678054,0.0217510593540194,0.999946780809711,"~cohort + diet","old ID vs CD","Upregulated","ITGA2",16398,3673,"ENSMUSG00000015533","ENSG00000164171",11,"EggNOG|Ensembl|HGNC|HomoloGene|Inparanoid|NCBI|OMA|OrthoDB|OrthoMCL|Panther|Treefam"
"Cntfr",218.529330442825,0.470724855179366,0.205282622404111,2.29305749150415,0.021844695259926,0.999946780809711,"~cohort + diet","old ID vs CD","Upregulated","CNTFR",12804,1271,"ENSMUSG00000028444","ENSG00000122756",12,"EggNOG|Ensembl|HGNC|HomoloGene|Inparanoid|NCBI|OMA|OrthoDB|OrthoMCL|Panther|PhylomeDB|Treefam"
"Ogn",1828.28799520548,0.444250452211322,0.193938129862875,2.29068132463395,0.0219818515207197,0.999946780809711,"~cohort + diet","old ID vs CD","Upregulated","OGN",18295,4969,"ENSMUSG00000021390","ENSG00000106809",12,"EggNOG|Ensembl|HGNC|HomoloGene|Inparanoid|NCBI|OMA|OrthoDB|OrthoMCL|Panther|PhylomeDB|Treefam"
"Comp",95.2164539213232,0.978172253453432,0.427312888688117,2.28912415082188,0.0220721399756846,0.999946780809711,"~cohort + diet","old ID vs CD","Upregulated","COMP",12845,1311,"ENSMUSG00000031849","ENSG00000105664",11,"EggNOG|Ensembl|HGNC|HomoloGene|Inparanoid|NCBI|OMA|OrthoDB|OrthoMCL|Panther|Treefam"
"Sim1",22.6514030698581,1.03226631986717,0.451650173823252,2.28554394461749,0.0222809527557439,0.999946780809711,"~cohort + diet","old ID vs CD","Upregulated","SIM1",20464,6492,"ENSMUSG00000019913","ENSG00000112246",12,"EggNOG|Ensembl|HGNC|HomoloGene|Inparanoid|NCBI|OMA|OrthoDB|OrthoMCL|Panther|PhylomeDB|Treefam"
"Cd163",508.90103025494,0.627207046393033,0.274726472126287,2.28302369822125,0.0224289724637725,0.999946780809711,"~cohort + diet","old ID vs CD","Upregulated","CD163",93671,9332,"ENSMUSG00000008845","ENSG00000177575",10,"EggNOG|Ensembl|HGNC|HomoloGene|Inparanoid|OMA|OrthoDB|OrthoMCL|Panther|Treefam"
"Sytl2",217.380676055601,0.390170751383804,0.171082021069693,2.28060639536671,0.0225717485242838,0.999946780809711,"~cohort + diet","old ID vs CD","Upregulated","SYTL2",83671,54843,"ENSMUSG00000030616","ENSG00000137501",11,"EggNOG|Ensembl|HGNC|HomoloGene|Inparanoid|NCBI|OMA|OrthoDB|OrthoMCL|Panther|PhylomeDB"
"Rgs2",230.408776412555,0.217996121497283,0.0956285729752487,2.27961282611325,0.0226306615766168,0.999946780809711,"~cohort + diet","old ID vs CD","Upregulated","RGS2",19735,5997,"ENSMUSG00000026360","ENSG00000116741",12,"EggNOG|Ensembl|HGNC|HomoloGene|Inparanoid|NCBI|OMA|OrthoDB|OrthoMCL|Panther|PhylomeDB|Treefam"
"Pira2",16.7010151331559,1.56317005364577,0.686677756363067,2.27642447881954,0.0228206159499758,0.999946780809711,"~cohort + diet","old ID vs CD","Upregulated","LILRA4",18725,23547,"ENSMUSG00000089942","ENSG00000239961",6,"Ensembl|OMA|OrthoDB|OrthoMCL|Panther|Treefam"
"1700109H08Rik",98.9790347033317,0.373469677006624,0.164135948357464,2.27536795408926,0.0228838660868895,0.999946780809711,"~cohort + diet","old ID vs CD","Upregulated",NA,NA,NA,NA,NA,NA,NA
"Pydc4",51.6481274033202,0.730154571973536,0.321060117539009,2.27419891816623,0.0229540292713192,0.999946780809711,"~cohort + diet","old ID vs CD","Upregulated",NA,NA,NA,NA,NA,NA,NA
"Cdh11",64.2652639739693,0.666581361823418,0.29346545441994,2.2714133871088,0.0231219647599561,0.999946780809711,"~cohort + diet","old ID vs CD","Upregulated","CDH11",12552,1009,"ENSMUSG00000031673","ENSG00000140937",11,"Ensembl|HGNC|HomoloGene|Inparanoid|NCBI|OMA|OrthoDB|OrthoMCL|Panther|PhylomeDB|Treefam"
"Rab44",19.5916792905515,1.09982743813844,0.484989111444204,2.26773635157162,0.0233452808223229,0.999946780809711,"~cohort + diet","old ID vs CD","Upregulated","RAB44",442827,401258,"ENSMUSG00000064147","ENSG00000255587",11,"EggNOG|Ensembl|HGNC|HomoloGene|Inparanoid|NCBI|OMA|OrthoDB|OrthoMCL|Panther|PhylomeDB"
"Penk",100.963747917783,0.453221404768142,0.20009801449045,2.26499701120109,0.0235128629261275,0.999946780809711,"~cohort + diet","old ID vs CD","Upregulated","PENK",18619,5179,"ENSMUSG00000045573","ENSG00000181195",12,"EggNOG|Ensembl|HGNC|HomoloGene|Inparanoid|NCBI|OMA|OrthoDB|OrthoMCL|Panther|PhylomeDB|Treefam"
"RP23-13A13.6",64.8793953579572,0.463832979552815,0.205245448046139,2.2598941119929,0.0238278234424027,0.999946780809711,"~cohort + diet","old ID vs CD","Upregulated",NA,NA,NA,NA,NA,NA,NA
"Npnt",124.492606047727,0.491304739535671,0.217627316721114,2.25755087613965,0.0239736742202574,0.999946780809711,"~cohort + diet","old ID vs CD","Upregulated","NPNT",114249,255743,"ENSMUSG00000040998","ENSG00000168743",12,"EggNOG|Ensembl|HGNC|HomoloGene|Inparanoid|NCBI|OMA|OrthoDB|OrthoMCL|Panther|PhylomeDB|Treefam"
"Grem2",192.407777494431,0.712224642259142,0.316923616239892,2.24730694010518,0.0246204176538059,0.999946780809711,"~cohort + diet","old ID vs CD","Upregulated","GREM2",23893,64388,"ENSMUSG00000050069","ENSG00000180875",12,"EggNOG|Ensembl|HGNC|HomoloGene|Inparanoid|NCBI|OMA|OrthoDB|OrthoMCL|Panther|PhylomeDB|Treefam"
"Zfp111",90.5617842596877,0.34093482583625,0.151760573065015,2.24653095959379,0.0246700187915087,0.999946780809711,"~cohort + diet","old ID vs CD","Upregulated","ZNF235",56707,9310,"ENSMUSG00000087598","ENSG00000159917",5,"EggNOG|OrthoMCL|Panther|PhylomeDB|Treefam"
"Galr2",15.1695108166533,1.09179744734132,0.487095179216843,2.24144580756624,0.0249972121373473,0.999946780809711,"~cohort + diet","old ID vs CD","Upregulated","GALR2",14428,8811,"ENSMUSG00000020793","ENSG00000182687",11,"EggNOG|Ensembl|HGNC|HomoloGene|Inparanoid|NCBI|OMA|OrthoDB|OrthoMCL|Panther|Treefam"
"Atp13a5",102.889234654232,0.35898613788722,0.160679465804503,2.23417557489266,0.0254715228901946,0.999946780809711,"~cohort + diet","old ID vs CD","Upregulated","ATP13A5",268878,344905,"ENSMUSG00000048939","ENSG00000187527",12,"EggNOG|Ensembl|HGNC|HomoloGene|Inparanoid|NCBI|OMA|OrthoDB|OrthoMCL|Panther|PhylomeDB|Treefam"
"Kcnab1",333.325979280751,0.71320142871564,0.319352961781851,2.23327012449261,0.0255311364104653,0.999946780809711,"~cohort + diet","old ID vs CD","Upregulated","KCNAB1",16497,7881,"ENSMUSG00000027827","ENSG00000169282",11,"EggNOG|Ensembl|HGNC|HomoloGene|Inparanoid|NCBI|OMA|OrthoDB|OrthoMCL|Panther|Treefam"
"Odf2l",264.65667371834,0.206918686371179,0.0929024596480416,2.22726811706692,0.0259293600278093,0.999946780809711,"~cohort + diet","old ID vs CD","Upregulated","ODF2L",52184,57489,"ENSMUSG00000028256","ENSG00000122417",12,"EggNOG|Ensembl|HGNC|HomoloGene|Inparanoid|NCBI|OMA|OrthoDB|OrthoMCL|Panther|PhylomeDB|Treefam"
"Aff3",102.276243120514,0.439225340508783,0.197214738967782,2.2271425696055,0.0259377469255473,0.999946780809711,"~cohort + diet","old ID vs CD","Upregulated","AFF3",16764,3899,"ENSMUSG00000037138","ENSG00000144218",11,"EggNOG|Ensembl|HGNC|HomoloGene|Inparanoid|NCBI|OMA|OrthoDB|OrthoMCL|Panther|PhylomeDB"
"Uhrf2",527.916305869405,0.189441265077983,0.0853677419428045,2.21912001848317,0.0264785604807639,0.999946780809711,"~cohort + diet","old ID vs CD","Upregulated","UHRF2",109113,115426,"ENSMUSG00000024817","ENSG00000147854",12,"EggNOG|Ensembl|HGNC|HomoloGene|Inparanoid|NCBI|OMA|OrthoDB|OrthoMCL|Panther|PhylomeDB|Treefam"
"Plekha4",67.2889050925679,0.570336510474294,0.257413364636865,2.21564451899719,0.0267158573666944,0.999946780809711,"~cohort + diet","old ID vs CD","Upregulated","PLEKHA4",69217,57664,"ENSMUSG00000040428","ENSG00000105559",11,"EggNOG|Ensembl|HGNC|HomoloGene|Inparanoid|NCBI|OMA|OrthoDB|OrthoMCL|Panther|Treefam"
"Per3",474.744292602873,0.303927101635847,0.137259901622946,2.21424536985854,0.0268119043984166,0.999946780809711,"~cohort + diet","old ID vs CD","Upregulated","PER3",18628,8863,"ENSMUSG00000028957","ENSG00000049246",11,"EggNOG|Ensembl|HGNC|HomoloGene|Inparanoid|NCBI|OMA|OrthoDB|OrthoMCL|Panther|Treefam"
"Syne2",917.726879393408,0.244671652623549,0.110559363618272,2.21303419824598,0.0268952880098058,0.999946780809711,"~cohort + diet","old ID vs CD","Upregulated","SYNE2",319565,23224,"ENSMUSG00000063450","ENSG00000054654",12,"EggNOG|Ensembl|HGNC|HomoloGene|Inparanoid|NCBI|OMA|OrthoDB|OrthoMCL|Panther|PhylomeDB|Treefam"
"Myof",274.930468163886,0.474783140419125,0.214622167334407,2.21218127799146,0.0269541419225903,0.999946780809711,"~cohort + diet","old ID vs CD","Upregulated","MYOF",226101,26509,"ENSMUSG00000048612","ENSG00000138119",11,"EggNOG|Ensembl|HGNC|HomoloGene|Inparanoid|NCBI|OMA|OrthoDB|OrthoMCL|PhylomeDB|Treefam"
"Cfh",947.536820932482,0.458288400340601,0.207522066048456,2.20838395196775,0.0272175195328154,0.999946780809711,"~cohort + diet","old ID vs CD","Upregulated","CFH",12628,3075,"ENSMUSG00000026365","ENSG00000000971",6,"HGNC|Inparanoid|OMA|OrthoMCL|Panther|Treefam"
"A330023F24Rik",355.145174023782,0.268886637897269,0.121768319225038,2.20818222349233,0.027231573070664,0.999946780809711,"~cohort + diet","old ID vs CD","Upregulated",NA,NA,NA,NA,NA,NA,NA
"Gm10032",8.51526159125313,1.75955117624158,0.796971924889137,2.20779568425367,0.0272585190594503,0.999946780809711,"~cohort + diet","old ID vs CD","Upregulated",NA,NA,NA,NA,NA,NA,NA
"Zcchc14",598.330615035495,0.156430503231512,0.0709774987737117,2.20394499572658,0.0275282126074155,0.999946780809711,"~cohort + diet","old ID vs CD","Upregulated","ZCCHC14",142682,23174,"ENSMUSG00000061410","ENSG00000140948",12,"EggNOG|Ensembl|HGNC|HomoloGene|Inparanoid|NCBI|OMA|OrthoDB|OrthoMCL|Panther|PhylomeDB|Treefam"
"Cenpj",142.956695233527,0.36399593089543,0.1651639817078,2.20384570008365,0.0275351973838726,0.999946780809711,"~cohort + diet","old ID vs CD","Upregulated","CENPJ",219103,55835,"ENSMUSG00000064128","ENSG00000151849",11,"EggNOG|Ensembl|HGNC|HomoloGene|Inparanoid|NCBI|OMA|OrthoDB|OrthoMCL|Panther|Treefam"
"Bub1b",30.610056484927,0.672663232601076,0.305855937878706,2.19928126053853,0.0278579293398997,0.999946780809711,"~cohort + diet","old ID vs CD","Upregulated","BUB1B",12236,701,"ENSMUSG00000040084","ENSG00000156970",11,"EggNOG|Ensembl|HGNC|HomoloGene|Inparanoid|NCBI|OMA|OrthoDB|OrthoMCL|Panther|Treefam"
"Cd209f",152.767454264356,0.586529860811018,0.267231916274213,2.19483461776761,0.0281754632649723,0.999946780809711,"~cohort + diet","old ID vs CD","Upregulated","CLEC4M",69142,10332,"ENSMUSG00000051906","ENSG00000104938",3,"Ensembl|OrthoDB|Treefam"
"Prkd2",158.314952397273,0.445342032150257,0.203208924210343,2.19154760983469,0.0284121884043988,0.999946780809711,"~cohort + diet","old ID vs CD","Upregulated","PRKD2",101540,25865,"ENSMUSG00000041187","ENSG00000105287",12,"EggNOG|Ensembl|HGNC|HomoloGene|Inparanoid|NCBI|OMA|OrthoDB|OrthoMCL|Panther|PhylomeDB|Treefam"
"H2-M3",63.8855118373014,0.584182413581571,0.266892969303569,2.18882653636751,0.0286094502180379,0.999946780809711,"~cohort + diet","old ID vs CD","Upregulated","HLA-F",14991,3134,"ENSMUSG00000016206","ENSG00000204642",4,"OMA|OrthoDB|Panther|PhylomeDB"
"H2-M3",63.8855118373014,0.584182413581571,0.266892969303569,2.18882653636751,0.0286094502180379,0.999946780809711,"~cohort + diet","old ID vs CD","Upregulated","HLA-G",14991,3135,"ENSMUSG00000016206","ENSG00000204632",4,"HomoloGene|OrthoDB|Panther|PhylomeDB"
"4833403I15Rik",186.15206935042,0.474667664238695,0.216860334127471,2.18881736094571,0.028610117372456,0.999946780809711,"~cohort + diet","old ID vs CD","Upregulated",NA,NA,NA,NA,NA,NA,NA
"Nebl",29.6615401575552,0.624429062149694,0.285389490072018,2.18798899003646,0.0286704043149896,0.999946780809711,"~cohort + diet","old ID vs CD","Upregulated","NEBL",74103,10529,"ENSMUSG00000053702","ENSG00000078114",8,"EggNOG|Ensembl|HGNC|NCBI|OMA|OrthoDB|OrthoMCL|Treefam"
"Lair1",33.1717352652268,1.0201945462087,0.466359973122498,2.18756884167828,0.0287010235456811,0.999946780809711,"~cohort + diet","old ID vs CD","Upregulated","LAIR1",52855,3903,"ENSMUSG00000055541","ENSG00000167613",10,"EggNOG|Ensembl|HGNC|HomoloGene|Inparanoid|OMA|OrthoDB|OrthoMCL|Panther|PhylomeDB"
"Ikzf4",7.24338584206711,1.25238695190674,0.574059469802487,2.18163277114415,0.0291366462499977,0.999946780809711,"~cohort + diet","old ID vs CD","Upregulated","IKZF4",22781,64375,"ENSMUSG00000002578","ENSG00000123411",12,"EggNOG|Ensembl|HGNC|HomoloGene|Inparanoid|NCBI|OMA|OrthoDB|OrthoMCL|Panther|PhylomeDB|Treefam"
"AW551984",32.9388864682692,1.02866966643205,0.471852339616462,2.18006689819148,0.0292525030302287,0.999946780809711,"~cohort + diet","old ID vs CD","Upregulated","VWA5A",244810,4013,"ENSMUSG00000038112","ENSG00000110002",7,"EggNOG|Ensembl|OrthoDB|OrthoMCL|Panther|PhylomeDB|Treefam"
"Amn1",177.489277954001,0.312823122289897,0.143853200065555,2.17459967624871,0.0296601286193321,0.999946780809711,"~cohort + diet","old ID vs CD","Upregulated","AMN1",232566,196394,"ENSMUSG00000068250","ENSG00000151743",11,"EggNOG|Ensembl|HGNC|HomoloGene|Inparanoid|NCBI|OMA|OrthoDB|OrthoMCL|Panther|Treefam"
"Rnf24",135.290811558625,0.376120608068713,0.173293772822243,2.17042194848236,0.0299748955677501,0.999946780809711,"~cohort + diet","old ID vs CD","Upregulated","RNF24",51902,11237,"ENSMUSG00000048911","ENSG00000101236",10,"EggNOG|Ensembl|HGNC|HomoloGene|Inparanoid|NCBI|OMA|OrthoDB|OrthoMCL|PhylomeDB"
"Cep95",137.118336814081,0.298122922874512,0.137642078516095,2.16592866141331,0.030316638735617,0.999946780809711,"~cohort + diet","old ID vs CD","Upregulated","CEP95",320162,90799,"ENSMUSG00000018372","ENSG00000258890",11,"EggNOG|Ensembl|HGNC|HomoloGene|Inparanoid|NCBI|OMA|OrthoDB|OrthoMCL|Panther|Treefam"
"Zfp280c",201.392003678855,0.286599878198657,0.13235442823736,2.16539697247362,0.0303572977102975,0.999946780809711,"~cohort + diet","old ID vs CD","Upregulated","ZNF280C",208968,55609,"ENSMUSG00000036916","ENSG00000056277",12,"EggNOG|Ensembl|HGNC|HomoloGene|Inparanoid|NCBI|OMA|OrthoDB|OrthoMCL|Panther|PhylomeDB|Treefam"
"Abca9",540.192364023614,0.431913140348444,0.199464038093113,2.165368476832,0.0303594781327106,0.999946780809711,"~cohort + diet","old ID vs CD","Upregulated","ABCA9",217262,10350,"ENSMUSG00000041797","ENSG00000154258",11,"EggNOG|Ensembl|HGNC|HomoloGene|Inparanoid|NCBI|OMA|OrthoDB|OrthoMCL|Panther|Treefam"
"Rbm5",1766.06231475406,0.190028220138055,0.0877802114558385,2.16481843671175,0.0304015923369667,0.999946780809711,"~cohort + diet","old ID vs CD","Upregulated","RBM5",83486,10181,"ENSMUSG00000032580","ENSG00000003756",12,"EggNOG|Ensembl|HGNC|HomoloGene|Inparanoid|NCBI|OMA|OrthoDB|OrthoMCL|Panther|PhylomeDB|Treefam"
"Maml3",58.2099885645475,0.551496592119062,0.256857172126856,2.14709438538352,0.0317857682081892,0.999946780809711,"~cohort + diet","old ID vs CD","Upregulated","MAML3",433586,55534,"ENSMUSG00000061143","ENSG00000196782",11,"EggNOG|Ensembl|HGNC|HomoloGene|Inparanoid|NCBI|OMA|OrthoDB|OrthoMCL|Panther|Treefam"
"2410089E03Rik",172.026727667603,0.337505552103196,0.157232650090589,2.14653605284108,0.0318302355772563,0.999946780809711,"~cohort + diet","old ID vs CD","Upregulated",NA,NA,NA,NA,NA,NA,NA
"Tgfbr2",1084.10857784712,0.279951113421863,0.13051893604392,2.14490802566502,0.031960201430662,0.999946780809711,"~cohort + diet","old ID vs CD","Upregulated","TGFBR2",21813,7048,"ENSMUSG00000032440","ENSG00000163513",12,"EggNOG|Ensembl|HGNC|HomoloGene|Inparanoid|NCBI|OMA|OrthoDB|OrthoMCL|Panther|PhylomeDB|Treefam"
"Tmem67",64.1717289315077,0.42402914178567,0.197933472196977,2.14228112647713,0.03217086665128,0.999946780809711,"~cohort + diet","old ID vs CD","Upregulated","TMEM67",329795,91147,"ENSMUSG00000049488","ENSG00000164953",12,"EggNOG|Ensembl|HGNC|HomoloGene|Inparanoid|NCBI|OMA|OrthoDB|OrthoMCL|Panther|PhylomeDB|Treefam"
"Itgb8",85.9132868851935,0.496815998046851,0.232509156886716,2.13675884726085,0.0326176108916167,0.999946780809711,"~cohort + diet","old ID vs CD","Upregulated","ITGB8",320910,3696,"ENSMUSG00000025321","ENSG00000105855",12,"EggNOG|Ensembl|HGNC|HomoloGene|Inparanoid|NCBI|OMA|OrthoDB|OrthoMCL|Panther|PhylomeDB|Treefam"
"Tbc1d2b",258.848490704745,0.287305800965741,0.134565796306752,2.13505815631491,0.0327562600079796,0.999946780809711,"~cohort + diet","old ID vs CD","Upregulated","TBC1D2B",67016,23102,"ENSMUSG00000037410","ENSG00000167202",12,"EggNOG|Ensembl|HGNC|HomoloGene|Inparanoid|NCBI|OMA|OrthoDB|OrthoMCL|Panther|PhylomeDB|Treefam"
"P2rx7",76.6735923182729,0.482653591526561,0.226190883348932,2.13383308991281,0.0328564461762593,0.999946780809711,"~cohort + diet","old ID vs CD","Upregulated","P2RX7",18439,5027,"ENSMUSG00000029468","ENSG00000089041",10,"EggNOG|Ensembl|HGNC|HomoloGene|Inparanoid|NCBI|OMA|OrthoDB|OrthoMCL|Panther"
"Psmb8",213.618504620642,0.483285294261292,0.226884304924339,2.13009575264563,0.0331637089248196,0.999946780809711,"~cohort + diet","old ID vs CD","Upregulated","PSMB8",16913,5696,"ENSMUSG00000024338","ENSG00000204264",12,"EggNOG|Ensembl|HGNC|HomoloGene|Inparanoid|NCBI|OMA|OrthoDB|OrthoMCL|Panther|PhylomeDB|Treefam"
"C1qa",403.532782706893,0.504706183880672,0.236983825673095,2.12970730153072,0.0331957858119471,0.999946780809711,"~cohort + diet","old ID vs CD","Upregulated","C1QA",12259,712,"ENSMUSG00000036887","ENSG00000173372",10,"Ensembl|HGNC|HomoloGene|Inparanoid|NCBI|OMA|OrthoDB|OrthoMCL|Panther|Treefam"
"Samhd1",863.841752963256,0.264799767578533,0.124428138723492,2.12813412058649,0.0333259650483415,0.999946780809711,"~cohort + diet","old ID vs CD","Upregulated","SAMHD1",56045,25939,"ENSMUSG00000027639","ENSG00000101347",12,"EggNOG|Ensembl|HGNC|HomoloGene|Inparanoid|NCBI|OMA|OrthoDB|OrthoMCL|Panther|PhylomeDB|Treefam"
"Aoah",28.3858020024199,0.896481865111594,0.421301796209121,2.12788521952232,0.0333466013463275,0.999946780809711,"~cohort + diet","old ID vs CD","Upregulated","AOAH",27052,313,"ENSMUSG00000021322","ENSG00000136250",11,"EggNOG|Ensembl|HGNC|HomoloGene|Inparanoid|NCBI|OMA|OrthoDB|OrthoMCL|Panther|PhylomeDB"
"Kif1a",65.4180498206155,0.724330385357803,0.340418559266766,2.12776408818001,0.0333566482570986,0.999946780809711,"~cohort + diet","old ID vs CD","Upregulated","KIF1A",16560,547,"ENSMUSG00000014602","ENSG00000130294",12,"EggNOG|Ensembl|HGNC|HomoloGene|Inparanoid|NCBI|OMA|OrthoDB|OrthoMCL|Panther|PhylomeDB|Treefam"
"Tbc1d4",1718.22943149792,0.287181596158113,0.13519546988742,2.12419540682284,0.0336538071564906,0.999946780809711,"~cohort + diet","old ID vs CD","Upregulated","TBC1D4",210789,9882,"ENSMUSG00000033083","ENSG00000136111",12,"EggNOG|Ensembl|HGNC|HomoloGene|Inparanoid|NCBI|OMA|OrthoDB|OrthoMCL|Panther|PhylomeDB|Treefam"
"Whsc1l1",610.004213311693,0.248164821596122,0.117149417792531,2.11836154436223,0.0341444600792413,0.999946780809711,"~cohort + diet","old ID vs CD","Upregulated",NA,NA,NA,NA,NA,NA,NA
"Rasal3",20.232585254493,1.3111328948975,0.618987648257845,2.11818910859969,0.0341590552141585,0.999946780809711,"~cohort + diet","old ID vs CD","Upregulated","RASAL3",320484,64926,"ENSMUSG00000052142","ENSG00000105122",10,"Ensembl|HGNC|HomoloGene|Inparanoid|NCBI|OMA|OrthoDB|OrthoMCL|Panther|Treefam"
"Gpr64",58.6828871802492,0.638689761424111,0.30175254412732,2.1166010820927,0.0342937182129469,0.999946780809711,"~cohort + diet","old ID vs CD","Upregulated",NA,NA,NA,NA,NA,NA,NA
"N28178",33.5846419960783,0.596620599033749,0.28225296007416,2.11377977710842,0.0345340809868644,0.999946780809711,"~cohort + diet","old ID vs CD","Upregulated",NA,NA,NA,NA,NA,NA,NA
"Fndc1",747.840021552054,0.389820779050586,0.184456029949547,2.113353405455,0.0345705308680034,0.999946780809711,"~cohort + diet","old ID vs CD","Upregulated","FNDC1",68655,84624,"ENSMUSG00000071984","ENSG00000164694",10,"EggNOG|Ensembl|HGNC|Inparanoid|NCBI|OMA|OrthoDB|OrthoMCL|Panther|Treefam"
"Lrfn4",46.8503724627193,0.523822994494071,0.248086897104946,2.11144965980401,0.0347336804845011,0.999946780809711,"~cohort + diet","old ID vs CD","Upregulated","LRFN4",225875,78999,"ENSMUSG00000045045","ENSG00000173621",12,"EggNOG|Ensembl|HGNC|HomoloGene|Inparanoid|NCBI|OMA|OrthoDB|OrthoMCL|Panther|PhylomeDB|Treefam"
"Slc2a4rg-ps",43.3022377458413,0.557840505533818,0.264420913960878,2.10966862332362,0.0348869089314464,0.999946780809711,"~cohort + diet","old ID vs CD","Upregulated",NA,NA,NA,NA,NA,NA,NA
"Cx3cr1",22.8301805517327,0.811673011887057,0.384956582486341,2.1084793683606,0.0349895455319441,0.999946780809711,"~cohort + diet","old ID vs CD","Upregulated","CX3CR1",13051,1524,"ENSMUSG00000052336","ENSG00000168329",12,"EggNOG|Ensembl|HGNC|HomoloGene|Inparanoid|NCBI|OMA|OrthoDB|OrthoMCL|Panther|PhylomeDB|Treefam"
"Zfp790",258.612600784176,0.1898775613068,0.0902024692677121,2.10501511597495,0.0352899922784944,0.999946780809711,"~cohort + diet","old ID vs CD","Upregulated","ZNF790",233056,388536,"ENSMUSG00000011427","ENSG00000197863",3,"HGNC|HomoloGene|PhylomeDB"
"Gpc3",297.096695735712,0.463421920533933,0.220209023175829,2.10446381283798,0.035338008043759,0.999946780809711,"~cohort + diet","old ID vs CD","Upregulated","GPC3",14734,2719,"ENSMUSG00000055653","ENSG00000147257",12,"EggNOG|Ensembl|HGNC|HomoloGene|Inparanoid|NCBI|OMA|OrthoDB|OrthoMCL|Panther|PhylomeDB|Treefam"
"Cep112",31.5144692773628,0.547537992364774,0.260249804246213,2.1038939643035,0.0353876976058479,0.999946780809711,"~cohort + diet","old ID vs CD","Upregulated","CEP112",76380,201134,"ENSMUSG00000020728","ENSG00000154240",11,"Ensembl|HGNC|HomoloGene|Inparanoid|NCBI|OMA|OrthoDB|OrthoMCL|Panther|PhylomeDB|Treefam"
"Gja1",499.398241905874,0.368586854916101,0.175443642581455,2.10088464587694,0.0356510935624792,0.999946780809711,"~cohort + diet","old ID vs CD","Upregulated","GJA1",14609,2697,"ENSMUSG00000050953","ENSG00000152661",10,"HGNC|HomoloGene|Inparanoid|NCBI|OMA|OrthoDB|OrthoMCL|Panther|PhylomeDB|Treefam"
"Adamts10",177.849831646164,0.358586713217189,0.170836615463841,2.09900384787878,0.0358165615360296,0.999946780809711,"~cohort + diet","old ID vs CD","Upregulated","ADAMTS10",224697,81794,"ENSMUSG00000024299","ENSG00000142303",12,"EggNOG|Ensembl|HGNC|HomoloGene|Inparanoid|NCBI|OMA|OrthoDB|OrthoMCL|Panther|PhylomeDB|Treefam"
"Tmeff2",64.8689085748849,0.377135691812174,0.179820342736339,2.09729158599785,0.0359677712420225,0.999946780809711,"~cohort + diet","old ID vs CD","Upregulated","TMEFF2",56363,23671,"ENSMUSG00000026109","ENSG00000144339",12,"EggNOG|Ensembl|HGNC|HomoloGene|Inparanoid|NCBI|OMA|OrthoDB|OrthoMCL|Panther|PhylomeDB|Treefam"
"Tppp",529.58918830672,0.273022908008467,0.130203281671551,2.096897286331,0.0360026688165224,0.999946780809711,"~cohort + diet","old ID vs CD","Upregulated","TPPP",72948,11076,"ENSMUSG00000021573","ENSG00000171368",11,"EggNOG|Ensembl|HGNC|HomoloGene|Inparanoid|NCBI|OMA|OrthoMCL|Panther|PhylomeDB|Treefam"
"Hist1h1e",389.910104952201,0.269335336541795,0.128453280267458,2.09675717101968,0.036015076701708,0.999946780809711,"~cohort + diet","old ID vs CD","Upregulated",NA,NA,NA,NA,NA,NA,NA
"Galnt15",703.232462136614,0.322511046190152,0.154517568506111,2.08721279598311,0.0368689033077592,0.999946780809711,"~cohort + diet","old ID vs CD","Upregulated","GALNT15",78754,117248,"ENSMUSG00000021903","ENSG00000131386",12,"EggNOG|Ensembl|HGNC|HomoloGene|Inparanoid|NCBI|OMA|OrthoDB|OrthoMCL|Panther|PhylomeDB|Treefam"
"Appl2",612.397724172678,0.172934359784533,0.0829162782972328,2.08565028889273,0.0370103124797991,0.999946780809711,"~cohort + diet","old ID vs CD","Upregulated","APPL2",216190,55198,"ENSMUSG00000020263","ENSG00000136044",12,"EggNOG|Ensembl|HGNC|HomoloGene|Inparanoid|NCBI|OMA|OrthoDB|OrthoMCL|Panther|PhylomeDB|Treefam"
"Csf1r",502.294437925725,0.565815164910211,0.271716957127612,2.08236972359615,0.0373087117213038,0.999946780809711,"~cohort + diet","old ID vs CD","Upregulated","CSF1R",12978,1436,"ENSMUSG00000024621","ENSG00000182578",12,"EggNOG|Ensembl|HGNC|HomoloGene|Inparanoid|NCBI|OMA|OrthoDB|OrthoMCL|Panther|PhylomeDB|Treefam"
"Tln2",2733.32921726606,0.211603011665916,0.101655904228046,2.08156145255689,0.0373825454628804,0.999946780809711,"~cohort + diet","old ID vs CD","Upregulated","TLN2",70549,83660,"ENSMUSG00000052698","ENSG00000171914",11,"EggNOG|Ensembl|HGNC|HomoloGene|Inparanoid|NCBI|OMA|OrthoDB|OrthoMCL|Panther|Treefam"
"Gulp1",181.983405573349,0.302492098518274,0.145325342925102,2.08148208997637,0.0373898017565536,0.999946780809711,"~cohort + diet","old ID vs CD","Upregulated","GULP1",70676,51454,"ENSMUSG00000056870","ENSG00000144366",12,"EggNOG|Ensembl|HGNC|HomoloGene|Inparanoid|NCBI|OMA|OrthoDB|OrthoMCL|Panther|PhylomeDB|Treefam"
"Cyp2d22",230.704464724295,0.353374171363077,0.170030713966704,2.07829610967978,0.0376820945526705,0.999946780809711,"~cohort + diet","old ID vs CD","Upregulated","CYP2D6",56448,1565,"ENSMUSG00000061740","ENSG00000100197",6,"Ensembl|Inparanoid|OMA|OrthoDB|OrthoMCL|Panther"
"Ltbp4",1710.19407136717,0.227616445168392,0.109573532538127,2.07729403165122,0.0377744295980846,0.999946780809711,"~cohort + diet","old ID vs CD","Upregulated","LTBP4",108075,8425,"ENSMUSG00000040488","ENSG00000090006",10,"EggNOG|Ensembl|HGNC|HomoloGene|Inparanoid|NCBI|OMA|OrthoDB|Panther|Treefam"
"Garem",263.424492372173,0.259526509795985,0.1250056902553,2.07611756925587,0.0378830786077854,0.999946780809711,"~cohort + diet","old ID vs CD","Upregulated",NA,NA,NA,NA,NA,NA,NA
"0610030E20Rik",435.518259900627,0.217493306246123,0.104787820655513,2.07555901903072,0.0379347549935312,0.999946780809711,"~cohort + diet","old ID vs CD","Upregulated","C2orf68",68364,388969,"ENSMUSG00000058706","ENSG00000168887",11,"EggNOG|Ensembl|HGNC|HomoloGene|Inparanoid|NCBI|OMA|OrthoMCL|Panther|PhylomeDB|Treefam"
"C1qc",327.748742233121,0.470835992735556,0.22699376856878,2.07422430890605,0.0380584836107373,0.999946780809711,"~cohort + diet","old ID vs CD","Upregulated","C1QC",12262,714,"ENSMUSG00000036896","ENSG00000159189",11,"EggNOG|Ensembl|HGNC|HomoloGene|Inparanoid|NCBI|OMA|OrthoDB|OrthoMCL|Panther|Treefam"
"Siglec1",66.6256081438085,0.844288238920959,0.407557268027625,2.07158184911508,0.0383044540886938,0.999946780809711,"~cohort + diet","old ID vs CD","Upregulated","SIGLEC1",20612,6614,"ENSMUSG00000027322","ENSG00000088827",9,"EggNOG|Ensembl|HomoloGene|Inparanoid|NCBI|OrthoDB|OrthoMCL|Panther|Treefam"
"Zfp90",55.2205496405941,0.465429647856821,0.225013665105904,2.06845058782436,0.0385976724487611,0.999946780809711,"~cohort + diet","old ID vs CD","Upregulated","ZFP90",22751,146198,"ENSMUSG00000031907","ENSG00000184939",12,"EggNOG|Ensembl|HGNC|HomoloGene|Inparanoid|NCBI|OMA|OrthoDB|OrthoMCL|Panther|PhylomeDB|Treefam"
"Gm9917",76.5753815153985,0.391137294473204,0.189458398204047,2.06450227691647,0.0389701182387507,0.999946780809711,"~cohort + diet","old ID vs CD","Upregulated",NA,NA,NA,NA,NA,NA,NA
"Zfp445",2054.00851089024,0.157143246499121,0.0762744067989804,2.06023557696448,0.0393760253251508,0.999946780809711,"~cohort + diet","old ID vs CD","Upregulated","ZNF445",235682,353274,"ENSMUSG00000047036","ENSG00000185219",12,"EggNOG|Ensembl|HGNC|HomoloGene|Inparanoid|NCBI|OMA|OrthoDB|OrthoMCL|Panther|PhylomeDB|Treefam"
"Asap2",215.834092834617,0.317097380066022,0.15397895852191,2.05935527236925,0.0394602171761307,0.999946780809711,"~cohort + diet","old ID vs CD","Upregulated","ASAP2",211914,8853,"ENSMUSG00000052632","ENSG00000151693",11,"EggNOG|Ensembl|HGNC|HomoloGene|Inparanoid|NCBI|OMA|OrthoDB|OrthoMCL|Panther|Treefam"
"Islr2",28.156715117727,0.871514641394288,0.423338117706415,2.05867273685637,0.0395255996300568,0.999946780809711,"~cohort + diet","old ID vs CD","Upregulated","ISLR2",320563,57611,"ENSMUSG00000051243","ENSG00000167178",11,"EggNOG|Ensembl|HGNC|HomoloGene|Inparanoid|NCBI|OMA|OrthoDB|OrthoMCL|Panther|PhylomeDB"
"Gbp4",379.014835164983,0.811103258359729,0.39435147861258,2.05680288359354,0.0397051906058399,0.999946780809711,"~cohort + diet","old ID vs CD","Upregulated","GBP6",17472,163351,"ENSMUSG00000079363","ENSG00000183347",7,"Ensembl|HomoloGene|OMA|OrthoDB|OrthoMCL|Panther|Treefam"
"Rnf169",247.309143385229,0.212878944139629,0.10366319015679,2.05356350521001,0.0400179573883657,0.999946780809711,"~cohort + diet","old ID vs CD","Upregulated","RNF169",108937,254225,"ENSMUSG00000058761","ENSG00000166439",11,"Ensembl|HGNC|HomoloGene|Inparanoid|NCBI|OMA|OrthoDB|OrthoMCL|Panther|PhylomeDB|Treefam"
"Chil3",34.6523386111788,1.96842536230706,0.958582348243675,2.05347549525988,0.0400264839599583,0.999946780809711,"~cohort + diet","old ID vs CD","Upregulated","CHIA",12655,27159,"ENSMUSG00000040809","ENSG00000134216",5,"Ensembl|OrthoDB|Panther|PhylomeDB|Treefam"
"Clec3b",436.514618648971,0.270747981018275,0.132304065799342,2.04640711063938,0.0407163330682145,0.999946780809711,"~cohort + diet","old ID vs CD","Upregulated","CLEC3B",21922,7123,"ENSMUSG00000025784","ENSG00000163815",12,"EggNOG|Ensembl|HGNC|HomoloGene|Inparanoid|NCBI|OMA|OrthoDB|OrthoMCL|Panther|PhylomeDB|Treefam"
"Tlr8",36.0057388931685,0.753099251729154,0.368648902278213,2.04286313366208,0.0410659886912417,0.999946780809711,"~cohort + diet","old ID vs CD","Upregulated","TLR8",170744,51311,"ENSMUSG00000040522","ENSG00000101916",11,"EggNOG|Ensembl|HGNC|HomoloGene|Inparanoid|NCBI|OMA|OrthoDB|OrthoMCL|Panther|Treefam"
"Actc1",10317.2336161917,0.868455632283305,0.425790524669785,2.03963118474001,0.0413870736184295,0.999946780809711,"~cohort + diet","old ID vs CD","Upregulated","ACTC1",11464,70,"ENSMUSG00000068614","ENSG00000159251",12,"EggNOG|Ensembl|HGNC|HomoloGene|Inparanoid|NCBI|OMA|OrthoDB|OrthoMCL|Panther|PhylomeDB|Treefam"
"Zfp217",165.185604345969,0.306564996132726,0.150397768173202,2.03836133911028,0.0415138096715795,0.999946780809711,"~cohort + diet","old ID vs CD","Upregulated","ZNF217",228913,7764,"ENSMUSG00000052056","ENSG00000171940",12,"EggNOG|Ensembl|HGNC|HomoloGene|Inparanoid|NCBI|OMA|OrthoDB|OrthoMCL|Panther|PhylomeDB|Treefam"
"Bgn",1452.77580124744,0.396694326348496,0.194848753172359,2.03590898011848,0.0417594959181635,0.999946780809711,"~cohort + diet","old ID vs CD","Upregulated","BGN",12111,633,"ENSMUSG00000031375","ENSG00000182492",12,"EggNOG|Ensembl|HGNC|HomoloGene|Inparanoid|NCBI|OMA|OrthoDB|OrthoMCL|Panther|PhylomeDB|Treefam"
"Ecm2",572.65226419406,0.344646562243515,0.169366462246801,2.03491622645631,0.0418593029961515,0.999946780809711,"~cohort + diet","old ID vs CD","Upregulated","ECM2",407800,1842,"ENSMUSG00000043631","ENSG00000106823",12,"EggNOG|Ensembl|HGNC|HomoloGene|Inparanoid|NCBI|OMA|OrthoDB|OrthoMCL|Panther|PhylomeDB|Treefam"
"Acer2",191.444183423153,0.45275842107108,0.223998998355509,2.02125198949553,0.0432536863402927,0.999946780809711,"~cohort + diet","old ID vs CD","Upregulated","ACER2",230379,340485,"ENSMUSG00000038007","ENSG00000177076",12,"EggNOG|Ensembl|HGNC|HomoloGene|Inparanoid|NCBI|OMA|OrthoDB|OrthoMCL|Panther|PhylomeDB|Treefam"
"Numbl",72.9924269141494,0.482432928370085,0.23872346495987,2.02088608445417,0.0432915587355111,0.999946780809711,"~cohort + diet","old ID vs CD","Upregulated","NUMBL",18223,9253,"ENSMUSG00000063160","ENSG00000105245",11,"EggNOG|Ensembl|HGNC|HomoloGene|Inparanoid|NCBI|OMA|OrthoDB|OrthoMCL|Panther|Treefam"
"Ppm1k",543.977278730488,0.206489994087875,0.102248656946267,2.01948857085124,0.0434364640343264,0.999946780809711,"~cohort + diet","old ID vs CD","Upregulated","PPM1K",243382,152926,"ENSMUSG00000037826","ENSG00000163644",12,"EggNOG|Ensembl|HGNC|HomoloGene|Inparanoid|NCBI|OMA|OrthoDB|OrthoMCL|Panther|PhylomeDB|Treefam"
"AI607873",275.46878160512,0.49655741762522,0.246180317688633,2.01704759457359,0.0436905467167952,0.999946780809711,"~cohort + diet","old ID vs CD","Upregulated",NA,NA,NA,NA,NA,NA,NA
"Ppl",147.034775271235,0.319223591551551,0.15876270598609,2.01069633809039,0.0443575410690701,0.999946780809711,"~cohort + diet","old ID vs CD","Upregulated","PPL",19041,5493,"ENSMUSG00000039457","ENSG00000118898",12,"EggNOG|Ensembl|HGNC|HomoloGene|Inparanoid|NCBI|OMA|OrthoDB|OrthoMCL|Panther|PhylomeDB|Treefam"
"Gm4245",924.125536377217,0.340115440115174,0.169161718782759,2.01059342836282,0.044368418764458,0.999946780809711,"~cohort + diet","old ID vs CD","Upregulated",NA,NA,NA,NA,NA,NA,NA
"4933439C10Rik",53.2254811239764,0.46716307392964,0.232610812017877,2.00834634416622,0.0446065003512967,0.999946780809711,"~cohort + diet","old ID vs CD","Upregulated",NA,NA,NA,NA,NA,NA,NA
"Cd14",57.1407566152343,0.636265238325803,0.316964605108612,2.00736999674704,0.0447102810531459,0.999946780809711,"~cohort + diet","old ID vs CD","Upregulated","CD14",12475,929,"ENSMUSG00000051439","ENSG00000170458",11,"EggNOG|Ensembl|HGNC|HomoloGene|Inparanoid|NCBI|OMA|OrthoMCL|Panther|PhylomeDB|Treefam"
"Krba1",1314.17030205207,0.205634376281722,0.102548712453851,2.00523606158645,0.0449378165704809,0.999946780809711,"~cohort + diet","old ID vs CD","Upregulated","KRBA1",77827,84626,"ENSMUSG00000042810","ENSG00000133619",10,"EggNOG|Ensembl|HGNC|HomoloGene|Inparanoid|NCBI|OMA|OrthoDB|OrthoMCL|Panther"
"Cdc14a",546.69657625784,0.299588950837793,0.149644180972108,2.00200869082663,0.0452837968303076,0.999946780809711,"~cohort + diet","old ID vs CD","Upregulated","CDC14A",229776,8556,"ENSMUSG00000033502","ENSG00000079335",12,"EggNOG|Ensembl|HGNC|HomoloGene|Inparanoid|NCBI|OMA|OrthoDB|OrthoMCL|Panther|PhylomeDB|Treefam"
"Ston1",112.42661651352,0.406654791675796,0.20317621267781,2.00148819744295,0.0453398044328383,0.999946780809711,"~cohort + diet","old ID vs CD","Upregulated","STON1",77057,11037,"ENSMUSG00000033855","ENSG00000243244",9,"EggNOG|Ensembl|HGNC|HomoloGene|NCBI|OMA|OrthoMCL|Panther|Treefam"
"Etohi1",208.532702266799,0.312964296689714,0.156487006695579,1.99993790729563,0.0455069692029404,0.999946780809711,"~cohort + diet","old ID vs CD","Upregulated",NA,NA,NA,NA,NA,NA,NA
"Il7r",32.0391824593059,0.946223193763172,0.473256054716939,1.99938951510958,0.0455662254911761,0.999946780809711,"~cohort + diet","old ID vs CD","Upregulated","IL7R",16197,3575,"ENSMUSG00000003882","ENSG00000168685",11,"EggNOG|Ensembl|HGNC|HomoloGene|Inparanoid|NCBI|OMA|OrthoDB|OrthoMCL|Panther|Treefam"
"Slc43a3",605.532991281057,0.300136645904406,0.150295702177448,1.99697424181862,0.0458279812075869,0.999946780809711,"~cohort + diet","old ID vs CD","Upregulated","SLC43A3",58207,29015,"ENSMUSG00000027074","ENSG00000134802",11,"EggNOG|Ensembl|HGNC|HomoloGene|Inparanoid|NCBI|OMA|OrthoDB|Panther|PhylomeDB|Treefam"
"Acsm3",103.869514047257,1.1970815141044,0.600145072923476,1.99465357313204,0.0460806762486165,0.999946780809711,"~cohort + diet","old ID vs CD","Upregulated","ACSM3",20216,6296,"ENSMUSG00000030935","ENSG00000005187",12,"EggNOG|Ensembl|HGNC|HomoloGene|Inparanoid|NCBI|OMA|OrthoDB|OrthoMCL|Panther|PhylomeDB|Treefam"
"Zfp53",88.0402059794105,0.304111720211133,0.152468525973161,1.99458687142201,0.0460879566378184,0.999946780809711,"~cohort + diet","old ID vs CD","Upregulated",NA,NA,NA,NA,NA,NA,NA
"Fnbp1",385.644252402099,0.303326214456468,0.152203874003958,1.99289417855803,0.0462730359249681,0.999946780809711,"~cohort + diet","old ID vs CD","Upregulated","FNBP1",14269,23048,"ENSMUSG00000075415","ENSG00000187239",12,"EggNOG|Ensembl|HGNC|HomoloGene|Inparanoid|NCBI|OMA|OrthoDB|OrthoMCL|Panther|PhylomeDB|Treefam"
"Ccr5",60.6705789632253,0.75497325287884,0.378914368644413,1.99246403766582,0.0463201671846142,0.999946780809711,"~cohort + diet","old ID vs CD","Upregulated","CCR5",12774,1234,"ENSMUSG00000079227","ENSG00000160791",8,"EggNOG|HGNC|HomoloGene|Inparanoid|OMA|OrthoDB|OrthoMCL|Panther"
"Sdk1",116.982278229863,0.350080047663942,0.17582860069753,1.99103016389335,0.0464775711670924,0.999946780809711,"~cohort + diet","old ID vs CD","Upregulated","SDK1",330222,221935,"ENSMUSG00000039683","ENSG00000146555",12,"EggNOG|Ensembl|HGNC|HomoloGene|Inparanoid|NCBI|OMA|OrthoDB|OrthoMCL|Panther|PhylomeDB|Treefam"
"Hmgb1-ps8",71.8820882751448,0.390886281356203,0.196409277797624,1.99016200120121,0.0465730926800706,0.999946780809711,"~cohort + diet","old ID vs CD","Upregulated",NA,NA,NA,NA,NA,NA,NA
"B3galnt1",91.5309703668068,0.374145257798338,0.188033712922803,1.98977753501013,0.0466154471804633,0.999946780809711,"~cohort + diet","old ID vs CD","Upregulated","B3GALNT1",26879,8706,"ENSMUSG00000043300","ENSG00000169255",12,"EggNOG|Ensembl|HGNC|HomoloGene|Inparanoid|NCBI|OMA|OrthoDB|OrthoMCL|Panther|PhylomeDB|Treefam"
"Gvin1",1196.98190618675,0.487777479005118,0.245336734074873,1.98819586004702,0.0467900326785022,0.999946780809711,"~cohort + diet","old ID vs CD","Upregulated",NA,NA,NA,NA,NA,NA,NA
"Gm5537",264.251351441896,0.332134978892918,0.167180487477125,1.98668507255288,0.0469573070550447,0.999946780809711,"~cohort + diet","old ID vs CD","Upregulated",NA,NA,NA,NA,NA,NA,NA
"Apol10b",113.929476251606,0.540715297744014,0.272993725464504,1.98068763970299,0.0476263137481029,0.999946780809711,"~cohort + diet","old ID vs CD","Upregulated","APOL1",328561,8542,"ENSMUSG00000050014","ENSG00000100342",4,"Ensembl|OrthoDB|Panther|Treefam"
"Apol10b",113.929476251606,0.540715297744014,0.272993725464504,1.98068763970299,0.0476263137481029,0.999946780809711,"~cohort + diet","old ID vs CD","Upregulated","APOL2",328561,23780,"ENSMUSG00000050014","ENSG00000128335",4,"Ensembl|OrthoDB|Panther|Treefam"
"Apol10b",113.929476251606,0.540715297744014,0.272993725464504,1.98068763970299,0.0476263137481029,0.999946780809711,"~cohort + diet","old ID vs CD","Upregulated","APOL3",328561,80833,"ENSMUSG00000050014","ENSG00000128284",4,"Ensembl|OrthoDB|Panther|Treefam"
"Apol10b",113.929476251606,0.540715297744014,0.272993725464504,1.98068763970299,0.0476263137481029,0.999946780809711,"~cohort + diet","old ID vs CD","Upregulated","APOL4",328561,80832,"ENSMUSG00000050014","ENSG00000100336",4,"Ensembl|OrthoDB|Panther|Treefam"
"Ccl6",435.75490370432,0.573208966279617,0.289645246429403,1.97900353396384,0.0478156083803191,0.999946780809711,"~cohort + diet","old ID vs CD","Upregulated","CCL15",20305,6359,"ENSMUSG00000018927","ENSG00000275718",5,"Ensembl|Inparanoid|OrthoDB|Panther|PhylomeDB"
"Ccl6",435.75490370432,0.573208966279617,0.289645246429403,1.97900353396384,0.0478156083803191,0.999946780809711,"~cohort + diet","old ID vs CD","Upregulated","CCL23",20305,6368,"ENSMUSG00000018927","ENSG00000274736",5,"Ensembl|OrthoDB|OrthoMCL|Panther|PhylomeDB"
"Rassf2",234.461118128756,0.451365973327514,0.228232332237167,1.97766008392921,0.0479670661336642,0.999946780809711,"~cohort + diet","old ID vs CD","Upregulated","RASSF2",215653,9770,"ENSMUSG00000027339","ENSG00000101265",12,"EggNOG|Ensembl|HGNC|HomoloGene|Inparanoid|NCBI|OMA|OrthoDB|OrthoMCL|Panther|PhylomeDB|Treefam"
"Anks1",319.088245847743,0.270830892576172,0.137023090171361,1.97653470110381,0.0480942495537415,0.999946780809711,"~cohort + diet","old ID vs CD","Upregulated","ANKS1A",224650,23294,"ENSMUSG00000024219","ENSG00000064999",12,"EggNOG|Ensembl|HGNC|HomoloGene|Inparanoid|NCBI|OMA|OrthoDB|OrthoMCL|Panther|PhylomeDB|Treefam"
"Ptpn13",93.6304040730915,0.49286969782694,0.249467727887501,1.97568519984759,0.0481904421974876,0.999946780809711,"~cohort + diet","old ID vs CD","Upregulated","PTPN13",19249,5783,"ENSMUSG00000034573","ENSG00000163629",12,"EggNOG|Ensembl|HGNC|HomoloGene|Inparanoid|NCBI|OMA|OrthoDB|OrthoMCL|Panther|PhylomeDB|Treefam"
"Reln",198.497905336572,0.46679538502341,0.236379528824263,1.97477077370118,0.0482941671444314,0.999946780809711,"~cohort + diet","old ID vs CD","Upregulated","RELN",19699,5649,"ENSMUSG00000042453","ENSG00000189056",11,"EggNOG|Ensembl|HGNC|HomoloGene|Inparanoid|NCBI|OMA|OrthoDB|OrthoMCL|Panther|Treefam"
"Cr1l",1197.42123321988,0.130243355062976,0.0660251158090698,1.97263349661682,0.0485373338031588,0.999946780809711,"~cohort + diet","old ID vs CD","Upregulated","CR1L",12946,1379,"ENSMUSG00000016481","ENSG00000197721",8,"HGNC|HomoloGene|Inparanoid|NCBI|OrthoDB|Panther|PhylomeDB|Treefam"
"Fam173b",287.247136859554,0.195308747840964,0.0990384683580766,1.97204935697126,0.0486039723645513,0.999946780809711,"~cohort + diet","old ID vs CD","Upregulated",NA,NA,NA,NA,NA,NA,NA
"Plp1",249.176237058109,0.273801870120367,0.138852459559052,1.97189067438825,0.0486220881132286,0.999946780809711,"~cohort + diet","old ID vs CD","Upregulated","PLP1",18823,5354,"ENSMUSG00000031425","ENSG00000123560",11,"EggNOG|Ensembl|HGNC|HomoloGene|Inparanoid|NCBI|OMA|OrthoDB|OrthoMCL|Panther|PhylomeDB"
"9930111J21Rik1",67.0679732339423,0.472035270984962,0.239694406082141,1.96932118150142,0.0489162203399637,0.999946780809711,"~cohort + diet","old ID vs CD","Upregulated",NA,NA,NA,NA,NA,NA,NA
"Rbm12b2",184.574453330882,0.348246976868027,0.177176158228681,1.96554085126141,0.0493516723541007,0.999946780809711,"~cohort + diet","old ID vs CD","Upregulated","RBM12B",77604,389677,"ENSMUSG00000052137","ENSG00000183808",10,"EggNOG|Ensembl|HGNC|HomoloGene|NCBI|OMA|OrthoDB|OrthoMCL|Panther|Treefam"
"Cep152",58.3033468914579,0.441353518831322,0.224788800171635,1.96341418475623,0.0495980669350481,0.999946780809711,"~cohort + diet","old ID vs CD","Upregulated","CEP152",99100,22995,"ENSMUSG00000068394","ENSG00000103995",11,"EggNOG|Ensembl|HGNC|HomoloGene|Inparanoid|NCBI|OMA|OrthoDB|OrthoMCL|Panther|Treefam"
"Tgtp1",154.297843169407,0.968868854848529,0.493718703634582,1.96239042133924,0.0497170470986866,0.999946780809711,"~cohort + diet","old ID vs CD","Upregulated",NA,NA,NA,NA,NA,NA,NA
"Phldb2",347.916417778125,0.205408102254846,0.104731669023537,1.96127975587483,0.0498463974944795,0.999946780809711,"~cohort + diet","old ID vs CD","Upregulated","PHLDB2",208177,90102,"ENSMUSG00000033149","ENSG00000144824",12,"EggNOG|Ensembl|HGNC|HomoloGene|Inparanoid|NCBI|OMA|OrthoDB|OrthoMCL|Panther|PhylomeDB|Treefam"
