"direction","overlap_group","gene.id"
"Upregulated","Old ID vs old CD only","2310007L24Rik"
"Upregulated","Old ID vs old CD only","4833403I15Rik"
"Upregulated","Old ID vs old CD only","9930111J21Rik1"
"Upregulated","Old ID vs old CD only","A330023F24Rik"
"Upregulated","Old ID vs old CD only","AI607873"
"Upregulated","Old ID vs old CD only","AW551984"
"Upregulated","Old ID vs old CD only","Abca6"
"Upregulated","Old ID vs old CD only","Abca9"
"Upregulated","Old ID vs old CD only","Ace"
"Upregulated","Old ID vs old CD only","Acer2"
"Upregulated","Old ID vs old CD only","Ackr1"
"Upregulated","Old ID vs old CD only","Acsm3"
"Upregulated","Old ID vs old CD only","Adamtsl3"
"Upregulated","Old ID vs old CD only","Aff3"
"Upregulated","Old ID vs old CD only","Amn1"
"Upregulated","Old ID vs old CD only","Aoah"
"Upregulated","Old ID vs old CD only","Atp13a5"
"Upregulated","Old ID vs old CD only","B3galnt1"
"Upregulated","Old ID vs old CD only","Bgn"
"Upregulated","Old ID vs old CD only","Bub1b"
"Upregulated","Old ID vs old CD only","C1qa"
"Upregulated","Old ID vs old CD only","C1qc"
"Upregulated","Old ID vs old CD only","Cadm3"
"Upregulated","Old ID vs old CD only","Ccl6"
"Upregulated","Old ID vs old CD only","Ccl8"
"Upregulated","Old ID vs old CD only","Ccr5"
"Upregulated","Old ID vs old CD only","Cd14"
"Upregulated","Old ID vs old CD only","Cd163"
"Upregulated","Old ID vs old CD only","Cd209f"
"Upregulated","Old ID vs old CD only","Cdh11"
"Upregulated","Old ID vs old CD only","Cenpj"
"Upregulated","Old ID vs old CD only","Cep112"
"Upregulated","Old ID vs old CD only","Cfh"
"Upregulated","Old ID vs old CD only","Chil3"
"Upregulated","Old ID vs old CD only","Clca1"
"Upregulated","Old ID vs old CD only","Clec11a"
"Upregulated","Old ID vs old CD only","Clec3b"
"Upregulated","Old ID vs old CD only","Cntln"
"Upregulated","Old ID vs old CD only","Col14a1"
"Upregulated","Old ID vs old CD only","Comp"
"Upregulated","Old ID vs old CD only","Cr1l"
"Upregulated","Old ID vs old CD only","Csf1r"
"Upregulated","Old ID vs old CD only","Csf3r"
"Upregulated","Old ID vs old CD only","Cx3cr1"
"Upregulated","Old ID vs old CD only","Cyp2d22"
"Upregulated","Old ID vs old CD only","Ecm2"
"Upregulated","Old ID vs old CD only","Etohi1"
"Upregulated","Old ID vs old CD only","F13a1"
"Upregulated","Old ID vs old CD only","Fam171b"
"Upregulated","Old ID vs old CD only","Fcgr3"
"Upregulated","Old ID vs old CD only","Fcna"
"Upregulated","Old ID vs old CD only","Frem2"
"Upregulated","Old ID vs old CD only","Galnt15"
"Upregulated","Old ID vs old CD only","Galnt16"
"Upregulated","Old ID vs old CD only","Garem"
"Upregulated","Old ID vs old CD only","Gas7"
"Upregulated","Old ID vs old CD only","Gja1"
"Upregulated","Old ID vs old CD only","Glcci1"
"Upregulated","Old ID vs old CD only","Gm10557"
"Upregulated","Old ID vs old CD only","Gm26621"
"Upregulated","Old ID vs old CD only","Gm5537"
"Upregulated","Old ID vs old CD only","Gm9917"
"Upregulated","Old ID vs old CD only","Gpc3"
"Upregulated","Old ID vs old CD only","Gpm6a"
"Upregulated","Old ID vs old CD only","Gpr64"
"Upregulated","Old ID vs old CD only","Gpx8"
"Upregulated","Old ID vs old CD only","Grem2"
"Upregulated","Old ID vs old CD only","Gulp1"
"Upregulated","Old ID vs old CD only","Gvin1"
"Upregulated","Old ID vs old CD only","H2-M3"
"Upregulated","Old ID vs old CD only","H2-Q7"
"Upregulated","Old ID vs old CD only","H2-T10"
"Upregulated","Old ID vs old CD only","Hid1"
"Upregulated","Old ID vs old CD only","Hist1h1e"
"Upregulated","Old ID vs old CD only","Ifi204"
"Upregulated","Old ID vs old CD only","Il7r"
"Upregulated","Old ID vs old CD only","Inhba"
"Upregulated","Old ID vs old CD only","Islr2"
"Upregulated","Old ID vs old CD only","Itga8"
"Upregulated","Old ID vs old CD only","Itgb4"
"Upregulated","Old ID vs old CD only","Itgb8"
"Upregulated","Old ID vs old CD only","Kcna1"
"Upregulated","Old ID vs old CD only","Kcna2"
"Upregulated","Old ID vs old CD only","Kcnab1"
"Upregulated","Old ID vs old CD only","Kdm4c"
"Upregulated","Old ID vs old CD only","Kif1a"
"Upregulated","Old ID vs old CD only","Lair1"
"Upregulated","Old ID vs old CD only","Lepr"
"Upregulated","Old ID vs old CD only","Loxl3"
"Upregulated","Old ID vs old CD only","Mcm9"
"Upregulated","Old ID vs old CD only","Mgl2"
"Upregulated","Old ID vs old CD only","Mmp9"
"Upregulated","Old ID vs old CD only","Mmrn1"
"Upregulated","Old ID vs old CD only","Mrc1"
"Upregulated","Old ID vs old CD only","Myof"
"Upregulated","Old ID vs old CD only","N28178"
"Upregulated","Old ID vs old CD only","Nebl"
"Upregulated","Old ID vs old CD only","Npnt"
"Upregulated","Old ID vs old CD only","Ogn"
"Upregulated","Old ID vs old CD only","P2rx7"
"Upregulated","Old ID vs old CD only","Pcdh20"
"Upregulated","Old ID vs old CD only","Penk"
"Upregulated","Old ID vs old CD only","Per3"
"Upregulated","Old ID vs old CD only","Phactr1"
"Upregulated","Old ID vs old CD only","Phldb2"
"Upregulated","Old ID vs old CD only","Pira2"
"Upregulated","Old ID vs old CD only","Plekha4"
"Upregulated","Old ID vs old CD only","Plp1"
"Upregulated","Old ID vs old CD only","Prkd2"
"Upregulated","Old ID vs old CD only","Psmb8"
"Upregulated","Old ID vs old CD only","Ptpn13"
"Upregulated","Old ID vs old CD only","Ptpru"
"Upregulated","Old ID vs old CD only","Pydc3"
"Upregulated","Old ID vs old CD only","Pydc4"
"Upregulated","Old ID vs old CD only","RP23-13A13.6"
"Upregulated","Old ID vs old CD only","Rab44"
"Upregulated","Old ID vs old CD only","Rasal3"
"Upregulated","Old ID vs old CD only","Rassf2"
"Upregulated","Old ID vs old CD only","Reln"
"Upregulated","Old ID vs old CD only","Rgs2"
"Upregulated","Old ID vs old CD only","Rnf213"
"Upregulated","Old ID vs old CD only","Rnf24"
"Upregulated","Old ID vs old CD only","S100a9"
"Upregulated","Old ID vs old CD only","Samhd1"
"Upregulated","Old ID vs old CD only","Scara3"
"Upregulated","Old ID vs old CD only","Sdk1"
"Upregulated","Old ID vs old CD only","Siglec1"
"Upregulated","Old ID vs old CD only","Sim1"
"Upregulated","Old ID vs old CD only","Slc43a3"
"Upregulated","Old ID vs old CD only","Spns2"
"Upregulated","Old ID vs old CD only","Ston1"
"Upregulated","Old ID vs old CD only","Susd1"
"Upregulated","Old ID vs old CD only","Syne2"
"Upregulated","Old ID vs old CD only","Syne3"
"Upregulated","Old ID vs old CD only","Tbc1d2b"
"Upregulated","Old ID vs old CD only","Tgfbi"
"Upregulated","Old ID vs old CD only","Tgfbr2"
"Upregulated","Old ID vs old CD only","Tgtp2"
"Upregulated","Old ID vs old CD only","Tlr8"
"Upregulated","Old ID vs old CD only","Tmeff2"
"Upregulated","Old ID vs old CD only","Tmem47"
"Upregulated","Old ID vs old CD only","Tmem67"
"Upregulated","Old ID vs old CD only","Tmpo"
"Upregulated","Old ID vs old CD only","Uhrf2"
"Upregulated","Old ID vs old CD only","Uvssa"
"Upregulated","Old ID vs old CD only","Vit"
"Upregulated","Old ID vs old CD only","Vwf"
"Upregulated","Old ID vs old CD only","Whsc1l1"
"Upregulated","Old ID vs old CD only","Zfp280c"
"Upregulated","Old ID vs old CD only","Zfp445"
"Upregulated","Old ID vs old CD only","Zfp53"
"Upregulated","Old ID vs old CD only","Zfp790"
"Upregulated","Old ID vs old CD only","mt-Rnr2"
"Upregulated","Shared","0610030E20Rik"
"Upregulated","Shared","1700109H08Rik"
"Upregulated","Shared","2410089E03Rik"
"Upregulated","Shared","4933439C10Rik"
"Upregulated","Shared","Abi3bp"
"Upregulated","Shared","Actc1"
"Upregulated","Shared","Adamts10"
"Upregulated","Shared","Akap8l"
"Upregulated","Shared","Anks1"
"Upregulated","Shared","Apol10b"
"Upregulated","Shared","Appl2"
"Upregulated","Shared","Asap2"
"Upregulated","Shared","B4galt1"
"Upregulated","Shared","Casp12"
"Upregulated","Shared","Cbx7"
"Upregulated","Shared","Ccdc149"
"Upregulated","Shared","Cdc14a"
"Upregulated","Shared","Cdk12"
"Upregulated","Shared","Cep152"
"Upregulated","Shared","Cep95"
"Upregulated","Shared","Cish"
"Upregulated","Shared","Cntfr"
"Upregulated","Shared","Col6a6"
"Upregulated","Shared","Crispld2"
"Upregulated","Shared","Dus3l"
"Upregulated","Shared","Efhd1"
"Upregulated","Shared","Fam173b"
"Upregulated","Shared","Fbxl20"
"Upregulated","Shared","Fnbp1"
"Upregulated","Shared","Fndc1"
"Upregulated","Shared","Galr2"
"Upregulated","Shared","Gbp4"
"Upregulated","Shared","Gm10032"
"Upregulated","Shared","Gm12940"
"Upregulated","Shared","Gm14296"
"Upregulated","Shared","Gm4245"
"Upregulated","Shared","Hbegf"
"Upregulated","Shared","Hmgb1-ps8"
"Upregulated","Shared","Ikzf4"
"Upregulated","Shared","Itga2"
"Upregulated","Shared","Jak3"
"Upregulated","Shared","Kcnf1"
"Upregulated","Shared","Kmt2e"
"Upregulated","Shared","Krba1"
"Upregulated","Shared","Lrfn4"
"Upregulated","Shared","Ltbp4"
"Upregulated","Shared","Maml3"
"Upregulated","Shared","Meg3"
"Upregulated","Shared","Mmp2"
"Upregulated","Shared","Notch1"
"Upregulated","Shared","Numbl"
"Upregulated","Shared","Odf2l"
"Upregulated","Shared","Pcx"
"Upregulated","Shared","Pdgfrl"
"Upregulated","Shared","Pi16"
"Upregulated","Shared","Piwil2"
"Upregulated","Shared","Pkd1"
"Upregulated","Shared","Polk"
"Upregulated","Shared","Ppl"
"Upregulated","Shared","Ppm1k"
"Upregulated","Shared","Rbm12b2"
"Upregulated","Shared","Rbm33"
"Upregulated","Shared","Rbm5"
"Upregulated","Shared","Rian"
"Upregulated","Shared","Rnf169"
"Upregulated","Shared","Slc2a4rg-ps"
"Upregulated","Shared","Slc6a2"
"Upregulated","Shared","Slc7a2"
"Upregulated","Shared","Socs2"
"Upregulated","Shared","Stab1"
"Upregulated","Shared","Sytl2"
"Upregulated","Shared","Tbc1d4"
"Upregulated","Shared","Tgtp1"
"Upregulated","Shared","Tln2"
"Upregulated","Shared","Tnfsf10"
"Upregulated","Shared","Tppp"
"Upregulated","Shared","Zcchc14"
"Upregulated","Shared","Zfp111"
"Upregulated","Shared","Zfp217"
"Upregulated","Shared","Zfp90"
"Upregulated","Young CD vs old CD only","0610009L18Rik"
"Upregulated","Young CD vs old CD only","0610009O20Rik"
"Upregulated","Young CD vs old CD only","0610010K14Rik"
"Upregulated","Young CD vs old CD only","1110002E22Rik"
"Upregulated","Young CD vs old CD only","1110002L01Rik"
"Upregulated","Young CD vs old CD only","1110038F14Rik"
"Upregulated","Young CD vs old CD only","1190002N15Rik"
"Upregulated","Young CD vs old CD only","1300002E11Rik"
"Upregulated","Young CD vs old CD only","1600020E01Rik"
"Upregulated","Young CD vs old CD only","1700021K19Rik"
"Upregulated","Young CD vs old CD only","1700025G04Rik"
"Upregulated","Young CD vs old CD only","1700120C14Rik"
"Upregulated","Young CD vs old CD only","1700123M08Rik"
"Upregulated","Young CD vs old CD only","1810055G02Rik"
"Upregulated","Young CD vs old CD only","2010315B03Rik"
"Upregulated","Young CD vs old CD only","2210011C24Rik"
"Upregulated","Young CD vs old CD only","2310003H01Rik"
"Upregulated","Young CD vs old CD only","2310014F06Rik"
"Upregulated","Young CD vs old CD only","2310043M15Rik"
"Upregulated","Young CD vs old CD only","2310065F04Rik"
"Upregulated","Young CD vs old CD only","2310067B10Rik"
"Upregulated","Young CD vs old CD only","2410016O06Rik"
"Upregulated","Young CD vs old CD only","2410131K14Rik"
"Upregulated","Young CD vs old CD only","2510009E07Rik"
"Upregulated","Young CD vs old CD only","2510039O18Rik"
"Upregulated","Young CD vs old CD only","2610015P09Rik"
"Upregulated","Young CD vs old CD only","2610203C20Rik"
"Upregulated","Young CD vs old CD only","2610507B11Rik"
"Upregulated","Young CD vs old CD only","2700038G22Rik"
"Upregulated","Young CD vs old CD only","2700049A03Rik"
"Upregulated","Young CD vs old CD only","2700081O15Rik"
"Upregulated","Young CD vs old CD only","2700089E24Rik"
"Upregulated","Young CD vs old CD only","2810029C07Rik"
"Upregulated","Young CD vs old CD only","2810030D12Rik"
"Upregulated","Young CD vs old CD only","2810403A07Rik"
"Upregulated","Young CD vs old CD only","2810408M09Rik"
"Upregulated","Young CD vs old CD only","2810468N07Rik"
"Upregulated","Young CD vs old CD only","2900076A07Rik"
"Upregulated","Young CD vs old CD only","3110056K07Rik"
"Upregulated","Young CD vs old CD only","3110062M04Rik"
"Upregulated","Young CD vs old CD only","3425401B19Rik"
"Upregulated","Young CD vs old CD only","4732440D04Rik"
"Upregulated","Young CD vs old CD only","4833418N02Rik"
"Upregulated","Young CD vs old CD only","4833439L19Rik"
"Upregulated","Young CD vs old CD only","4921514A10Rik"
"Upregulated","Young CD vs old CD only","4930404I05Rik"
"Upregulated","Young CD vs old CD only","4930429F24Rik"
"Upregulated","Young CD vs old CD only","4930451G09Rik"
"Upregulated","Young CD vs old CD only","4930516B21Rik"
"Upregulated","Young CD vs old CD only","4930544D05Rik"
"Upregulated","Young CD vs old CD only","4933404O12Rik"
"Upregulated","Young CD vs old CD only","5031434O11Rik"
"Upregulated","Young CD vs old CD only","5031439G07Rik"
"Upregulated","Young CD vs old CD only","5730409E04Rik"
"Upregulated","Young CD vs old CD only","5730596B20Rik"
"Upregulated","Young CD vs old CD only","6030458C11Rik"
"Upregulated","Young CD vs old CD only","6330403L08Rik"
"Upregulated","Young CD vs old CD only","6330408A02Rik"
"Upregulated","Young CD vs old CD only","6430571L13Rik"
"Upregulated","Young CD vs old CD only","8030462N17Rik"
"Upregulated","Young CD vs old CD only","8430419L09Rik"
"Upregulated","Young CD vs old CD only","9130221H12Rik"
"Upregulated","Young CD vs old CD only","9230112E08Rik"
"Upregulated","Young CD vs old CD only","9330151L19Rik"
"Upregulated","Young CD vs old CD only","9430008C03Rik"
"Upregulated","Young CD vs old CD only","9530082P21Rik"
"Upregulated","Young CD vs old CD only","9930104L06Rik"
"Upregulated","Young CD vs old CD only","A230050P20Rik"
"Upregulated","Young CD vs old CD only","A230072C01Rik"
"Upregulated","Young CD vs old CD only","A430110L20Rik"
"Upregulated","Young CD vs old CD only","A630072M18Rik"
"Upregulated","Young CD vs old CD only","A730017L22Rik"
"Upregulated","Young CD vs old CD only","A730032A03Rik"
"Upregulated","Young CD vs old CD only","A930016O22Rik"
"Upregulated","Young CD vs old CD only","A930024E05Rik"
"Upregulated","Young CD vs old CD only","A930033H14Rik"
"Upregulated","Young CD vs old CD only","AA415398"
"Upregulated","Young CD vs old CD only","AI314180"
"Upregulated","Young CD vs old CD only","AI464131"
"Upregulated","Young CD vs old CD only","AI480526"
"Upregulated","Young CD vs old CD only","AU022252"
"Upregulated","Young CD vs old CD only","AU040320"
"Upregulated","Young CD vs old CD only","Aaed1"
"Upregulated","Young CD vs old CD only","Aamp"
"Upregulated","Young CD vs old CD only","Aasdh"
"Upregulated","Young CD vs old CD only","Abca2"
"Upregulated","Young CD vs old CD only","Abcb10"
"Upregulated","Young CD vs old CD only","Abcb4"
"Upregulated","Young CD vs old CD only","Abcb6"
"Upregulated","Young CD vs old CD only","Abcc10"
"Upregulated","Young CD vs old CD only","Abcc4"
"Upregulated","Young CD vs old CD only","Abcc5"
"Upregulated","Young CD vs old CD only","Abcc9"
"Upregulated","Young CD vs old CD only","Abcd1"
"Upregulated","Young CD vs old CD only","Abhd13"
"Upregulated","Young CD vs old CD only","Abhd14b"
"Upregulated","Young CD vs old CD only","Abhd17a"
"Upregulated","Young CD vs old CD only","Abhd8"
"Upregulated","Young CD vs old CD only","Abl1"
"Upregulated","Young CD vs old CD only","Abl2"
"Upregulated","Young CD vs old CD only","Ablim2"
"Upregulated","Young CD vs old CD only","Ablim3"
"Upregulated","Young CD vs old CD only","Acaa1a"
"Upregulated","Young CD vs old CD only","Acacb"
"Upregulated","Young CD vs old CD only","Acad10"
"Upregulated","Young CD vs old CD only","Acad12"
"Upregulated","Young CD vs old CD only","Acap3"
"Upregulated","Young CD vs old CD only","Ache"
"Upregulated","Young CD vs old CD only","Acin1"
"Upregulated","Young CD vs old CD only","Aco2"
"Upregulated","Young CD vs old CD only","Acot7"
"Upregulated","Young CD vs old CD only","Acox3"
"Upregulated","Young CD vs old CD only","Acrbp"
"Upregulated","Young CD vs old CD only","Acsl3"
"Upregulated","Young CD vs old CD only","Acta1"
"Upregulated","Young CD vs old CD only","Actg1"
"Upregulated","Young CD vs old CD only","Actn3"
"Upregulated","Young CD vs old CD only","Acvr1"
"Upregulated","Young CD vs old CD only","Acvr1b"
"Upregulated","Young CD vs old CD only","Acvr2a"
"Upregulated","Young CD vs old CD only","Acvr2b"
"Upregulated","Young CD vs old CD only","Adam19"
"Upregulated","Young CD vs old CD only","Adam33"
"Upregulated","Young CD vs old CD only","Adam9"
"Upregulated","Young CD vs old CD only","Adamts2"
"Upregulated","Young CD vs old CD only","Adamts20"
"Upregulated","Young CD vs old CD only","Adamts3"
"Upregulated","Young CD vs old CD only","Adamts8"
"Upregulated","Young CD vs old CD only","Adamtsl1"
"Upregulated","Young CD vs old CD only","Adat3"
"Upregulated","Young CD vs old CD only","Adcy6"
"Upregulated","Young CD vs old CD only","Adcy9"
"Upregulated","Young CD vs old CD only","Adhfe1"
"Upregulated","Young CD vs old CD only","Adipor1"
"Upregulated","Young CD vs old CD only","Ado"
"Upregulated","Young CD vs old CD only","Adora1"
"Upregulated","Young CD vs old CD only","Adprh"
"Upregulated","Young CD vs old CD only","Adrbk1"
"Upregulated","Young CD vs old CD only","Adrbk2"
"Upregulated","Young CD vs old CD only","Adssl1"
"Upregulated","Young CD vs old CD only","Aebp1"
"Upregulated","Young CD vs old CD only","Aen"
"Upregulated","Young CD vs old CD only","Aes"
"Upregulated","Young CD vs old CD only","Aff1"
"Upregulated","Young CD vs old CD only","Afg3l1"
"Upregulated","Young CD vs old CD only","Aga"
"Upregulated","Young CD vs old CD only","Agap1"
"Upregulated","Young CD vs old CD only","Agap3"
"Upregulated","Young CD vs old CD only","Agbl5"
"Upregulated","Young CD vs old CD only","Aggf1"
"Upregulated","Young CD vs old CD only","Ago1"
"Upregulated","Young CD vs old CD only","Ago2"
"Upregulated","Young CD vs old CD only","Ago4"
"Upregulated","Young CD vs old CD only","Agpat1"
"Upregulated","Young CD vs old CD only","Agpat6"
"Upregulated","Young CD vs old CD only","Agrn"
"Upregulated","Young CD vs old CD only","Ahdc1"
"Upregulated","Young CD vs old CD only","Aip"
"Upregulated","Young CD vs old CD only","Ak1"
"Upregulated","Young CD vs old CD only","Ak3"
"Upregulated","Young CD vs old CD only","Akap1"
"Upregulated","Young CD vs old CD only","Akap13"
"Upregulated","Young CD vs old CD only","Akap5"
"Upregulated","Young CD vs old CD only","Akap8"
"Upregulated","Young CD vs old CD only","Akt1s1"
"Upregulated","Young CD vs old CD only","Aldh18a1"
"Upregulated","Young CD vs old CD only","Aldh1l2"
"Upregulated","Young CD vs old CD only","Aldh2"
"Upregulated","Young CD vs old CD only","Aldh4a1"
"Upregulated","Young CD vs old CD only","Aldh5a1"
"Upregulated","Young CD vs old CD only","Aldh6a1"
"Upregulated","Young CD vs old CD only","Aldh7a1"
"Upregulated","Young CD vs old CD only","Alg2"
"Upregulated","Young CD vs old CD only","Alg3"
"Upregulated","Young CD vs old CD only","Alkbh5"
"Upregulated","Young CD vs old CD only","Amer1"
"Upregulated","Young CD vs old CD only","Amfr"
"Upregulated","Young CD vs old CD only","Amigo1"
"Upregulated","Young CD vs old CD only","Amigo3"
"Upregulated","Young CD vs old CD only","Amotl1"
"Upregulated","Young CD vs old CD only","Ampd1"
"Upregulated","Young CD vs old CD only","Ampd2"
"Upregulated","Young CD vs old CD only","Amt"
"Upregulated","Young CD vs old CD only","Amz2"
"Upregulated","Young CD vs old CD only","Anapc5"
"Upregulated","Young CD vs old CD only","Angptl1"
"Upregulated","Young CD vs old CD only","Ank1"
"Upregulated","Young CD vs old CD only","Ankrd11"
"Upregulated","Young CD vs old CD only","Ankrd13b"
"Upregulated","Young CD vs old CD only","Ankrd13c"
"Upregulated","Young CD vs old CD only","Ankrd16"
"Upregulated","Young CD vs old CD only","Ankrd23"
"Upregulated","Young CD vs old CD only","Ankrd27"
"Upregulated","Young CD vs old CD only","Ankrd28"
"Upregulated","Young CD vs old CD only","Ankrd34a"
"Upregulated","Young CD vs old CD only","Ankrd35"
"Upregulated","Young CD vs old CD only","Ankrd39"
"Upregulated","Young CD vs old CD only","Ankrd40"
"Upregulated","Young CD vs old CD only","Ankrd44"
"Upregulated","Young CD vs old CD only","Ankrd46"
"Upregulated","Young CD vs old CD only","Ankrd52"
"Upregulated","Young CD vs old CD only","Ankzf1"
"Upregulated","Young CD vs old CD only","Ano1"
"Upregulated","Young CD vs old CD only","Ano5"
"Upregulated","Young CD vs old CD only","Ano6"
"Upregulated","Young CD vs old CD only","Ano8"
"Upregulated","Young CD vs old CD only","Anp32b"
"Upregulated","Young CD vs old CD only","Antxr2"
"Upregulated","Young CD vs old CD only","Anxa6"
"Upregulated","Young CD vs old CD only","Ap1ar"
"Upregulated","Young CD vs old CD only","Ap3s2"
"Upregulated","Young CD vs old CD only","Apba3"
"Upregulated","Young CD vs old CD only","Apbb2"
"Upregulated","Young CD vs old CD only","Apc2"
"Upregulated","Young CD vs old CD only","Aph1a"
"Upregulated","Young CD vs old CD only","Aplnr"
"Upregulated","Young CD vs old CD only","Aplp2"
"Upregulated","Young CD vs old CD only","Appl1"
"Upregulated","Young CD vs old CD only","Arel1"
"Upregulated","Young CD vs old CD only","Arfgap1"
"Upregulated","Young CD vs old CD only","Arfgef1"
"Upregulated","Young CD vs old CD only","Arfip2"
"Upregulated","Young CD vs old CD only","Arfrp1"
"Upregulated","Young CD vs old CD only","Arglu1"
"Upregulated","Young CD vs old CD only","Arhgap10"
"Upregulated","Young CD vs old CD only","Arhgap12"
"Upregulated","Young CD vs old CD only","Arhgap17"
"Upregulated","Young CD vs old CD only","Arhgap19"
"Upregulated","Young CD vs old CD only","Arhgap20"
"Upregulated","Young CD vs old CD only","Arhgap21"
"Upregulated","Young CD vs old CD only","Arhgap28"
"Upregulated","Young CD vs old CD only","Arhgef1"
"Upregulated","Young CD vs old CD only","Arhgef10l"
"Upregulated","Young CD vs old CD only","Arhgef11"
"Upregulated","Young CD vs old CD only","Arhgef12"
"Upregulated","Young CD vs old CD only","Arhgef25"
"Upregulated","Young CD vs old CD only","Arhgef40"
"Upregulated","Young CD vs old CD only","Arhgef5"
"Upregulated","Young CD vs old CD only","Arhgef6"
"Upregulated","Young CD vs old CD only","Arhgef7"
"Upregulated","Young CD vs old CD only","Arhgef9"
"Upregulated","Young CD vs old CD only","Arid1a"
"Upregulated","Young CD vs old CD only","Arid1b"
"Upregulated","Young CD vs old CD only","Arid3b"
"Upregulated","Young CD vs old CD only","Arid4a"
"Upregulated","Young CD vs old CD only","Arid5b"
"Upregulated","Young CD vs old CD only","Arl2bp"
"Upregulated","Young CD vs old CD only","Arl3"
"Upregulated","Young CD vs old CD only","Arl5b"
"Upregulated","Young CD vs old CD only","Arl6ip6"
"Upregulated","Young CD vs old CD only","Armcx2"
"Upregulated","Young CD vs old CD only","Armcx4"
"Upregulated","Young CD vs old CD only","Armcx6"
"Upregulated","Young CD vs old CD only","Arnt"
"Upregulated","Young CD vs old CD only","Arnt2"
"Upregulated","Young CD vs old CD only","Arntl"
"Upregulated","Young CD vs old CD only","Arrb1"
"Upregulated","Young CD vs old CD only","Arsi"
"Upregulated","Young CD vs old CD only","Asap3"
"Upregulated","Young CD vs old CD only","Asb12"
"Upregulated","Young CD vs old CD only","Asb16"
"Upregulated","Young CD vs old CD only","Asb18"
"Upregulated","Young CD vs old CD only","Ash1l"
"Upregulated","Young CD vs old CD only","Asxl1"
"Upregulated","Young CD vs old CD only","Atad2b"
"Upregulated","Young CD vs old CD only","Atad3a"
"Upregulated","Young CD vs old CD only","Atcay"
"Upregulated","Young CD vs old CD only","Atcayos"
"Upregulated","Young CD vs old CD only","Atf2"
"Upregulated","Young CD vs old CD only","Atf4"
"Upregulated","Young CD vs old CD only","Atf5"
"Upregulated","Young CD vs old CD only","Atf7"
"Upregulated","Young CD vs old CD only","Atg2a"
"Upregulated","Young CD vs old CD only","Atg2b"
"Upregulated","Young CD vs old CD only","Atg4c"
"Upregulated","Young CD vs old CD only","Atg4d"
"Upregulated","Young CD vs old CD only","Atg9a"
"Upregulated","Young CD vs old CD only","Atmin"
"Upregulated","Young CD vs old CD only","Atn1"
"Upregulated","Young CD vs old CD only","Atp11a"
"Upregulated","Young CD vs old CD only","Atp11b"
"Upregulated","Young CD vs old CD only","Atp13a1"
"Upregulated","Young CD vs old CD only","Atp13a2"
"Upregulated","Young CD vs old CD only","Atp1a2"
"Upregulated","Young CD vs old CD only","Atp1a4"
"Upregulated","Young CD vs old CD only","Atp1b2"
"Upregulated","Young CD vs old CD only","Atp2a1"
"Upregulated","Young CD vs old CD only","Atp2b3"
"Upregulated","Young CD vs old CD only","Atp5sl"
"Upregulated","Young CD vs old CD only","Atp6v0a2"
"Upregulated","Young CD vs old CD only","Atp8a1"
"Upregulated","Young CD vs old CD only","Atp8a2"
"Upregulated","Young CD vs old CD only","Atxn1"
"Upregulated","Young CD vs old CD only","Atxn1l"
"Upregulated","Young CD vs old CD only","Atxn2"
"Upregulated","Young CD vs old CD only","Atxn2l"
"Upregulated","Young CD vs old CD only","Atxn7"
"Upregulated","Young CD vs old CD only","Atxn7l2"
"Upregulated","Young CD vs old CD only","Atxn7l3"
"Upregulated","Young CD vs old CD only","Auh"
"Upregulated","Young CD vs old CD only","Auts2"
"Upregulated","Young CD vs old CD only","Avil"
"Upregulated","Young CD vs old CD only","Axin2"
"Upregulated","Young CD vs old CD only","B230219D22Rik"
"Upregulated","Young CD vs old CD only","B230312C02Rik"
"Upregulated","Young CD vs old CD only","B230319C09Rik"
"Upregulated","Young CD vs old CD only","B3galnt2"
"Upregulated","Young CD vs old CD only","B3gat3"
"Upregulated","Young CD vs old CD only","B3gnt1"
"Upregulated","Young CD vs old CD only","B4galt3"
"Upregulated","Young CD vs old CD only","B4galt5"
"Upregulated","Young CD vs old CD only","B4galt7"
"Upregulated","Young CD vs old CD only","B630005N14Rik"
"Upregulated","Young CD vs old CD only","BC023829"
"Upregulated","Young CD vs old CD only","BC024978"
"Upregulated","Young CD vs old CD only","BC030336"
"Upregulated","Young CD vs old CD only","BC037032"
"Upregulated","Young CD vs old CD only","BC052040"
"Upregulated","Young CD vs old CD only","Babam1"
"Upregulated","Young CD vs old CD only","Bace1"
"Upregulated","Young CD vs old CD only","Bag2"
"Upregulated","Young CD vs old CD only","Bag6"
"Upregulated","Young CD vs old CD only","Bahcc1"
"Upregulated","Young CD vs old CD only","Bai2"
"Upregulated","Young CD vs old CD only","Bap1"
"Upregulated","Young CD vs old CD only","Baz2a"
"Upregulated","Young CD vs old CD only","Bbs2"
"Upregulated","Young CD vs old CD only","Bcat2"
"Upregulated","Young CD vs old CD only","Bcdin3d"
"Upregulated","Young CD vs old CD only","Bckdha"
"Upregulated","Young CD vs old CD only","Bckdhb"
"Upregulated","Young CD vs old CD only","Bckdk"
"Upregulated","Young CD vs old CD only","Bcl2l11"
"Upregulated","Young CD vs old CD only","Bcl2l2"
"Upregulated","Young CD vs old CD only","Bcl6b"
"Upregulated","Young CD vs old CD only","Bcl7a"
"Upregulated","Young CD vs old CD only","Bcl9"
"Upregulated","Young CD vs old CD only","Bcl9l"
"Upregulated","Young CD vs old CD only","Bcor"
"Upregulated","Young CD vs old CD only","Bcorl1"
"Upregulated","Young CD vs old CD only","Bcs1l"
"Upregulated","Young CD vs old CD only","Bend3"
"Upregulated","Young CD vs old CD only","Best3"
"Upregulated","Young CD vs old CD only","Bicd2"
"Upregulated","Young CD vs old CD only","Bmp1"
"Upregulated","Young CD vs old CD only","Bmp5"
"Upregulated","Young CD vs old CD only","Bms1"
"Upregulated","Young CD vs old CD only","Bptf"
"Upregulated","Young CD vs old CD only","Brat1"
"Upregulated","Young CD vs old CD only","Brd1"
"Upregulated","Young CD vs old CD only","Brd2"
"Upregulated","Young CD vs old CD only","Brd3"
"Upregulated","Young CD vs old CD only","Brd4"
"Upregulated","Young CD vs old CD only","Brd8"
"Upregulated","Young CD vs old CD only","Brd9"
"Upregulated","Young CD vs old CD only","Brf1"
"Upregulated","Young CD vs old CD only","Brf2"
"Upregulated","Young CD vs old CD only","Brinp2"
"Upregulated","Young CD vs old CD only","Brms1l"
"Upregulated","Young CD vs old CD only","Brpf1"
"Upregulated","Young CD vs old CD only","Brpf3"
"Upregulated","Young CD vs old CD only","Btbd19"
"Upregulated","Young CD vs old CD only","Btbd2"
"Upregulated","Young CD vs old CD only","Btbd3"
"Upregulated","Young CD vs old CD only","Btbd6"
"Upregulated","Young CD vs old CD only","Btbd7"
"Upregulated","Young CD vs old CD only","Btnl7-ps"
"Upregulated","Young CD vs old CD only","Bysl"
"Upregulated","Young CD vs old CD only","C030037D09Rik"
"Upregulated","Young CD vs old CD only","C130036L24Rik"
"Upregulated","Young CD vs old CD only","C130046K22Rik"
"Upregulated","Young CD vs old CD only","C130080G10Rik"
"Upregulated","Young CD vs old CD only","C1qtnf6"
"Upregulated","Young CD vs old CD only","C2cd2"
"Upregulated","Young CD vs old CD only","C2cd2l"
"Upregulated","Young CD vs old CD only","C2cd5"
"Upregulated","Young CD vs old CD only","C430049B03Rik"
"Upregulated","Young CD vs old CD only","C530005A16Rik"
"Upregulated","Young CD vs old CD only","C920021L13Rik"
"Upregulated","Young CD vs old CD only","Cabin1"
"Upregulated","Young CD vs old CD only","Cables2"
"Upregulated","Young CD vs old CD only","Cacfd1"
"Upregulated","Young CD vs old CD only","Cacna1c"
"Upregulated","Young CD vs old CD only","Cacna1g"
"Upregulated","Young CD vs old CD only","Cacna1s"
"Upregulated","Young CD vs old CD only","Cacna2d1"
"Upregulated","Young CD vs old CD only","Cacna2d4"
"Upregulated","Young CD vs old CD only","Cacnb1"
"Upregulated","Young CD vs old CD only","Cacng6"
"Upregulated","Young CD vs old CD only","Cacng7"
"Upregulated","Young CD vs old CD only","Cactin"
"Upregulated","Young CD vs old CD only","Cacul1"
"Upregulated","Young CD vs old CD only","Cad"
"Upregulated","Young CD vs old CD only","Calcoco1"
"Upregulated","Young CD vs old CD only","Calm3"
"Upregulated","Young CD vs old CD only","Camk1"
"Upregulated","Young CD vs old CD only","Camk2a"
"Upregulated","Young CD vs old CD only","Camk2g"
"Upregulated","Young CD vs old CD only","Camkk2"
"Upregulated","Young CD vs old CD only","Camsap1"
"Upregulated","Young CD vs old CD only","Camta2"
"Upregulated","Young CD vs old CD only","Capn10"
"Upregulated","Young CD vs old CD only","Capn3"
"Upregulated","Young CD vs old CD only","Capn6"
"Upregulated","Young CD vs old CD only","Caprin2"
"Upregulated","Young CD vs old CD only","Capzb"
"Upregulated","Young CD vs old CD only","Card10"
"Upregulated","Young CD vs old CD only","Carm1"
"Upregulated","Young CD vs old CD only","Casc3"
"Upregulated","Young CD vs old CD only","Casc4"
"Upregulated","Young CD vs old CD only","Caskin1"
"Upregulated","Young CD vs old CD only","Casq1"
"Upregulated","Young CD vs old CD only","Casz1"
"Upregulated","Young CD vs old CD only","Cbfa2t3"
"Upregulated","Young CD vs old CD only","Cbll1"
"Upregulated","Young CD vs old CD only","Cbx1"
"Upregulated","Young CD vs old CD only","Cbx6"
"Upregulated","Young CD vs old CD only","Cbx8"
"Upregulated","Young CD vs old CD only","Cc2d2a"
"Upregulated","Young CD vs old CD only","Ccar2"
"Upregulated","Young CD vs old CD only","Ccbl1"
"Upregulated","Young CD vs old CD only","Ccdc117"
"Upregulated","Young CD vs old CD only","Ccdc134"
"Upregulated","Young CD vs old CD only","Ccdc157"
"Upregulated","Young CD vs old CD only","Ccdc167"
"Upregulated","Young CD vs old CD only","Ccdc6"
"Upregulated","Young CD vs old CD only","Ccdc61"
"Upregulated","Young CD vs old CD only","Ccdc69"
"Upregulated","Young CD vs old CD only","Ccdc74a"
"Upregulated","Young CD vs old CD only","Ccdc84"
"Upregulated","Young CD vs old CD only","Ccdc85c"
"Upregulated","Young CD vs old CD only","Ccdc88c"
"Upregulated","Young CD vs old CD only","Ccdc9"
"Upregulated","Young CD vs old CD only","Ccdc97"
"Upregulated","Young CD vs old CD only","Ccl25"
"Upregulated","Young CD vs old CD only","Ccm2"
"Upregulated","Young CD vs old CD only","Ccm2l"
"Upregulated","Young CD vs old CD only","Ccnd3"
"Upregulated","Young CD vs old CD only","Ccnj"
"Upregulated","Young CD vs old CD only","Ccnl2"
"Upregulated","Young CD vs old CD only","Ccnt2"
"Upregulated","Young CD vs old CD only","Ccnyl1"
"Upregulated","Young CD vs old CD only","Cd248"
"Upregulated","Young CD vs old CD only","Cd46"
"Upregulated","Young CD vs old CD only","Cdan1"
"Upregulated","Young CD vs old CD only","Cdc23"
"Upregulated","Young CD vs old CD only","Cdc25a"
"Upregulated","Young CD vs old CD only","Cdc37l1"
"Upregulated","Young CD vs old CD only","Cdc42bpb"
"Upregulated","Young CD vs old CD only","Cdc42ep2"
"Upregulated","Young CD vs old CD only","Cdc42ep3"
"Upregulated","Young CD vs old CD only","Cdh23"
"Upregulated","Young CD vs old CD only","Cdh4"
"Upregulated","Young CD vs old CD only","Cdk10"
"Upregulated","Young CD vs old CD only","Cdk11b"
"Upregulated","Young CD vs old CD only","Cdk16"
"Upregulated","Young CD vs old CD only","Cdk20"
"Upregulated","Young CD vs old CD only","Cdk5rap2"
"Upregulated","Young CD vs old CD only","Cdkn1b"
"Upregulated","Young CD vs old CD only","Cdnf"
"Upregulated","Young CD vs old CD only","Cdon"
"Upregulated","Young CD vs old CD only","Cdr2l"
"Upregulated","Young CD vs old CD only","Cdv3"
"Upregulated","Young CD vs old CD only","Cebpg"
"Upregulated","Young CD vs old CD only","Cecr2"
"Upregulated","Young CD vs old CD only","Cecr5"
"Upregulated","Young CD vs old CD only","Celf2"
"Upregulated","Young CD vs old CD only","Cenpb"
"Upregulated","Young CD vs old CD only","Cep104"
"Upregulated","Young CD vs old CD only","Cep164"
"Upregulated","Young CD vs old CD only","Cep170b"
"Upregulated","Young CD vs old CD only","Cep250"
"Upregulated","Young CD vs old CD only","Cep63"
"Upregulated","Young CD vs old CD only","Cep68"
"Upregulated","Young CD vs old CD only","Cep78"
"Upregulated","Young CD vs old CD only","Cep85"
"Upregulated","Young CD vs old CD only","Cers1"
"Upregulated","Young CD vs old CD only","Cfap52"
"Upregulated","Young CD vs old CD only","Cflar"
"Upregulated","Young CD vs old CD only","Chad"
"Upregulated","Young CD vs old CD only","Chadl"
"Upregulated","Young CD vs old CD only","Chchd10"
"Upregulated","Young CD vs old CD only","Chd2"
"Upregulated","Young CD vs old CD only","Chd6"
"Upregulated","Young CD vs old CD only","Chd7"
"Upregulated","Young CD vs old CD only","Chd8"
"Upregulated","Young CD vs old CD only","Chfr"
"Upregulated","Young CD vs old CD only","Chic2"
"Upregulated","Young CD vs old CD only","Chkb"
"Upregulated","Young CD vs old CD only","Chmp7"
"Upregulated","Young CD vs old CD only","Chodl"
"Upregulated","Young CD vs old CD only","Chrna10"
"Upregulated","Young CD vs old CD only","Chrne"
"Upregulated","Young CD vs old CD only","Chst12"
"Upregulated","Young CD vs old CD only","Chst2"
"Upregulated","Young CD vs old CD only","Chst7"
"Upregulated","Young CD vs old CD only","Chtop"
"Upregulated","Young CD vs old CD only","Cib2"
"Upregulated","Young CD vs old CD only","Cic"
"Upregulated","Young CD vs old CD only","Cilp2"
"Upregulated","Young CD vs old CD only","Cisd2"
"Upregulated","Young CD vs old CD only","Cited4"
"Upregulated","Young CD vs old CD only","Ciz1"
"Upregulated","Young CD vs old CD only","Clasrp"
"Upregulated","Young CD vs old CD only","Clcn1"
"Upregulated","Young CD vs old CD only","Cldn12"
"Upregulated","Young CD vs old CD only","Cldn25"
"Upregulated","Young CD vs old CD only","Clip4"
"Upregulated","Young CD vs old CD only","Clk2"
"Upregulated","Young CD vs old CD only","Clk3"
"Upregulated","Young CD vs old CD only","Cln8"
"Upregulated","Young CD vs old CD only","Clpb"
"Upregulated","Young CD vs old CD only","Clu"
"Upregulated","Young CD vs old CD only","Cluh"
"Upregulated","Young CD vs old CD only","Cmss1"
"Upregulated","Young CD vs old CD only","Cnih4"
"Upregulated","Young CD vs old CD only","Cnnm3"
"Upregulated","Young CD vs old CD only","Cnot3"
"Upregulated","Young CD vs old CD only","Cntnap1"
"Upregulated","Young CD vs old CD only","Cntrl"
"Upregulated","Young CD vs old CD only","Coa5"
"Upregulated","Young CD vs old CD only","Col11a1"
"Upregulated","Young CD vs old CD only","Col1a1"
"Upregulated","Young CD vs old CD only","Col1a2"
"Upregulated","Young CD vs old CD only","Col22a1"
"Upregulated","Young CD vs old CD only","Col24a1"
"Upregulated","Young CD vs old CD only","Col26a1"
"Upregulated","Young CD vs old CD only","Col3a1"
"Upregulated","Young CD vs old CD only","Col4a3"
"Upregulated","Young CD vs old CD only","Col4a3bp"
"Upregulated","Young CD vs old CD only","Col4a4"
"Upregulated","Young CD vs old CD only","Col4a5"
"Upregulated","Young CD vs old CD only","Col5a1"
"Upregulated","Young CD vs old CD only","Col5a3"
"Upregulated","Young CD vs old CD only","Col6a1"
"Upregulated","Young CD vs old CD only","Col6a2"
"Upregulated","Young CD vs old CD only","Col6a3"
"Upregulated","Young CD vs old CD only","Col8a2"
"Upregulated","Young CD vs old CD only","Coq10a"
"Upregulated","Young CD vs old CD only","Coq2"
"Upregulated","Young CD vs old CD only","Coro7"
"Upregulated","Young CD vs old CD only","Cpeb1"
"Upregulated","Young CD vs old CD only","Cpeb3"
"Upregulated","Young CD vs old CD only","Cpeb4"
"Upregulated","Young CD vs old CD only","Cpne1"
"Upregulated","Young CD vs old CD only","Cpox"
"Upregulated","Young CD vs old CD only","Cpsf1"
"Upregulated","Young CD vs old CD only","Cpsf7"
"Upregulated","Young CD vs old CD only","Cpt1b"
"Upregulated","Young CD vs old CD only","Cpt1c"
"Upregulated","Young CD vs old CD only","Cramp1l"
"Upregulated","Young CD vs old CD only","Crat"
"Upregulated","Young CD vs old CD only","Creb3l1"
"Upregulated","Young CD vs old CD only","Crebbp"
"Upregulated","Young CD vs old CD only","Crebl2"
"Upregulated","Young CD vs old CD only","Crhr2"
"Upregulated","Young CD vs old CD only","Crlf1"
"Upregulated","Young CD vs old CD only","Crocc"
"Upregulated","Young CD vs old CD only","Crtc1"
"Upregulated","Young CD vs old CD only","Crtc2"
"Upregulated","Young CD vs old CD only","Crtc3"
"Upregulated","Young CD vs old CD only","Cry1"
"Upregulated","Young CD vs old CD only","Cs"
"Upregulated","Young CD vs old CD only","Csf1"
"Upregulated","Young CD vs old CD only","Csnk1d"
"Upregulated","Young CD vs old CD only","Csnk1e"
"Upregulated","Young CD vs old CD only","Csnk1g1"
"Upregulated","Young CD vs old CD only","Csnk1g2"
"Upregulated","Young CD vs old CD only","Cspg4"
"Upregulated","Young CD vs old CD only","Csrp2bp"
"Upregulated","Young CD vs old CD only","Ctbp1"
"Upregulated","Young CD vs old CD only","Ctbs"
"Upregulated","Young CD vs old CD only","Ctc1"
"Upregulated","Young CD vs old CD only","Ctcf"
"Upregulated","Young CD vs old CD only","Ctdnep1"
"Upregulated","Young CD vs old CD only","Ctdsp1"
"Upregulated","Young CD vs old CD only","Ctdsp2"
"Upregulated","Young CD vs old CD only","Ctnnbip1"
"Upregulated","Young CD vs old CD only","Cuedc1"
"Upregulated","Young CD vs old CD only","Cul3"
"Upregulated","Young CD vs old CD only","Cul9"
"Upregulated","Young CD vs old CD only","Cxxc1"
"Upregulated","Young CD vs old CD only","Cxxc5"
"Upregulated","Young CD vs old CD only","Cyb561d1"
"Upregulated","Young CD vs old CD only","Cyb5rl"
"Upregulated","Young CD vs old CD only","Cyhr1"
"Upregulated","Young CD vs old CD only","Cyp2u1"
"Upregulated","Young CD vs old CD only","Cyp4f13"
"Upregulated","Young CD vs old CD only","Cyp4f39"
"Upregulated","Young CD vs old CD only","Cyth1"
"Upregulated","Young CD vs old CD only","D130017N08Rik"
"Upregulated","Young CD vs old CD only","D17H6S53E"
"Upregulated","Young CD vs old CD only","D17Wsu92e"
"Upregulated","Young CD vs old CD only","D2hgdh"
"Upregulated","Young CD vs old CD only","D330041H03Rik"
"Upregulated","Young CD vs old CD only","D430042O09Rik"
"Upregulated","Young CD vs old CD only","D630003M21Rik"
"Upregulated","Young CD vs old CD only","D7Ertd715e"
"Upregulated","Young CD vs old CD only","Daam2"
"Upregulated","Young CD vs old CD only","Dab2ip"
"Upregulated","Young CD vs old CD only","Dag1"
"Upregulated","Young CD vs old CD only","Dagla"
"Upregulated","Young CD vs old CD only","Dand5"
"Upregulated","Young CD vs old CD only","Dbndd1"
"Upregulated","Young CD vs old CD only","Dbt"
"Upregulated","Young CD vs old CD only","Dcaf11"
"Upregulated","Young CD vs old CD only","Dcaf5"
"Upregulated","Young CD vs old CD only","Dcaf7"
"Upregulated","Young CD vs old CD only","Dcaf8"
"Upregulated","Young CD vs old CD only","Dcakd"
"Upregulated","Young CD vs old CD only","Dchs1"
"Upregulated","Young CD vs old CD only","Dcp1a"
"Upregulated","Young CD vs old CD only","Dctd"
"Upregulated","Young CD vs old CD only","Dctn1"
"Upregulated","Young CD vs old CD only","Ddb2"
"Upregulated","Young CD vs old CD only","Ddi2"
"Upregulated","Young CD vs old CD only","Ddit4l"
"Upregulated","Young CD vs old CD only","Ddo"
"Upregulated","Young CD vs old CD only","Ddr1"
"Upregulated","Young CD vs old CD only","Ddrgk1"
"Upregulated","Young CD vs old CD only","Ddx17"
"Upregulated","Young CD vs old CD only","Ddx19b"
"Upregulated","Young CD vs old CD only","Ddx23"
"Upregulated","Young CD vs old CD only","Ddx5"
"Upregulated","Young CD vs old CD only","Ddx55"
"Upregulated","Young CD vs old CD only","Deaf1"
"Upregulated","Young CD vs old CD only","Def8"
"Upregulated","Young CD vs old CD only","Dennd1a"
"Upregulated","Young CD vs old CD only","Dennd4b"
"Upregulated","Young CD vs old CD only","Dennd6b"
"Upregulated","Young CD vs old CD only","Desi1"
"Upregulated","Young CD vs old CD only","Desi2"
"Upregulated","Young CD vs old CD only","Det1"
"Upregulated","Young CD vs old CD only","Dexi"
"Upregulated","Young CD vs old CD only","Dffb"
"Upregulated","Young CD vs old CD only","Dfna5"
"Upregulated","Young CD vs old CD only","Dgat2l6"
"Upregulated","Young CD vs old CD only","Dgcr2"
"Upregulated","Young CD vs old CD only","Dgkq"
"Upregulated","Young CD vs old CD only","Dgkz"
"Upregulated","Young CD vs old CD only","Dguok"
"Upregulated","Young CD vs old CD only","Dhodh"
"Upregulated","Young CD vs old CD only","Dhrs7c"
"Upregulated","Young CD vs old CD only","Dhtkd1"
"Upregulated","Young CD vs old CD only","Dhx16"
"Upregulated","Young CD vs old CD only","Dhx30"
"Upregulated","Young CD vs old CD only","Dhx35"
"Upregulated","Young CD vs old CD only","Dhx57"
"Upregulated","Young CD vs old CD only","Dicer1"
"Upregulated","Young CD vs old CD only","Dido1"
"Upregulated","Young CD vs old CD only","Diexf"
"Upregulated","Young CD vs old CD only","Dis3l"
"Upregulated","Young CD vs old CD only","Disp1"
"Upregulated","Young CD vs old CD only","Dlat"
"Upregulated","Young CD vs old CD only","Dlk1"
"Upregulated","Young CD vs old CD only","Dll4"
"Upregulated","Young CD vs old CD only","Dmpk"
"Upregulated","Young CD vs old CD only","Dmwd"
"Upregulated","Young CD vs old CD only","Dnah17"
"Upregulated","Young CD vs old CD only","Dnajb1"
"Upregulated","Young CD vs old CD only","Dnajb2"
"Upregulated","Young CD vs old CD only","Dnajb5"
"Upregulated","Young CD vs old CD only","Dnajc11"
"Upregulated","Young CD vs old CD only","Dnajc16"
"Upregulated","Young CD vs old CD only","Dnajc21"
"Upregulated","Young CD vs old CD only","Dnajc27"
"Upregulated","Young CD vs old CD only","Dnase1l2"
"Upregulated","Young CD vs old CD only","Dnm1"
"Upregulated","Young CD vs old CD only","Dnm3"
"Upregulated","Young CD vs old CD only","Dnmbp"
"Upregulated","Young CD vs old CD only","Dnmt1"
"Upregulated","Young CD vs old CD only","Dnmt3a"
"Upregulated","Young CD vs old CD only","Dock4"
"Upregulated","Young CD vs old CD only","Dock6"
"Upregulated","Young CD vs old CD only","Dolpp1"
"Upregulated","Young CD vs old CD only","Dopey2"
"Upregulated","Young CD vs old CD only","Dot1l"
"Upregulated","Young CD vs old CD only","Dpf2"
"Upregulated","Young CD vs old CD only","Dph2"
"Upregulated","Young CD vs old CD only","Dpp8"
"Upregulated","Young CD vs old CD only","Dpp9"
"Upregulated","Young CD vs old CD only","Dpysl5"
"Upregulated","Young CD vs old CD only","Drosha"
"Upregulated","Young CD vs old CD only","Dst"
"Upregulated","Young CD vs old CD only","Dtx3"
"Upregulated","Young CD vs old CD only","Dusp10"
"Upregulated","Young CD vs old CD only","Dusp11"
"Upregulated","Young CD vs old CD only","Dusp15"
"Upregulated","Young CD vs old CD only","Dusp19"
"Upregulated","Young CD vs old CD only","Dusp23"
"Upregulated","Young CD vs old CD only","Dusp26"
"Upregulated","Young CD vs old CD only","Dusp27"
"Upregulated","Young CD vs old CD only","Dusp7"
"Upregulated","Young CD vs old CD only","Dusp8"
"Upregulated","Young CD vs old CD only","Dut"
"Upregulated","Young CD vs old CD only","Dvl2"
"Upregulated","Young CD vs old CD only","Dvl3"
"Upregulated","Young CD vs old CD only","Dync1li2"
"Upregulated","Young CD vs old CD only","Dynll2"
"Upregulated","Young CD vs old CD only","Dynlt1c"
"Upregulated","Young CD vs old CD only","Dyrk1b"
"Upregulated","Young CD vs old CD only","Dyrk2"
"Upregulated","Young CD vs old CD only","Dzip1l"
"Upregulated","Young CD vs old CD only","E130307A14Rik"
"Upregulated","Young CD vs old CD only","E230016M11Rik"
"Upregulated","Young CD vs old CD only","E2f3"
"Upregulated","Young CD vs old CD only","E2f6"
"Upregulated","Young CD vs old CD only","E330009J07Rik"
"Upregulated","Young CD vs old CD only","Echdc3"
"Upregulated","Young CD vs old CD only","Echs1"
"Upregulated","Young CD vs old CD only","Ecsit"
"Upregulated","Young CD vs old CD only","Eda"
"Upregulated","Young CD vs old CD only","Edc4"
"Upregulated","Young CD vs old CD only","Eef1a2"
"Upregulated","Young CD vs old CD only","Efcab6"
"Upregulated","Young CD vs old CD only","Egfl7"
"Upregulated","Young CD vs old CD only","Egflam"
"Upregulated","Young CD vs old CD only","Egln1"
"Upregulated","Young CD vs old CD only","Ehbp1l1"
"Upregulated","Young CD vs old CD only","Ehhadh"
"Upregulated","Young CD vs old CD only","Ehmt1"
"Upregulated","Young CD vs old CD only","Ei24"
"Upregulated","Young CD vs old CD only","Eif1"
"Upregulated","Young CD vs old CD only","Eif2ak1"
"Upregulated","Young CD vs old CD only","Eif3f"
"Upregulated","Young CD vs old CD only","Eif4ebp2"
"Upregulated","Young CD vs old CD only","Eif4enif1"
"Upregulated","Young CD vs old CD only","Eif4g1"
"Upregulated","Young CD vs old CD only","Eif4g3"
"Upregulated","Young CD vs old CD only","Eif4h"
"Upregulated","Young CD vs old CD only","Eif5"
"Upregulated","Young CD vs old CD only","Elac1"
"Upregulated","Young CD vs old CD only","Elf2"
"Upregulated","Young CD vs old CD only","Elk1"
"Upregulated","Young CD vs old CD only","Elmo2"
"Upregulated","Young CD vs old CD only","Elmsan1"
"Upregulated","Young CD vs old CD only","Emc1"
"Upregulated","Young CD vs old CD only","Emc9"
"Upregulated","Young CD vs old CD only","Emid1"
"Upregulated","Young CD vs old CD only","Emilin3"
"Upregulated","Young CD vs old CD only","Eml1"
"Upregulated","Young CD vs old CD only","Eml3"
"Upregulated","Young CD vs old CD only","En1"
"Upregulated","Young CD vs old CD only","Engase"
"Upregulated","Young CD vs old CD only","Enthd2"
"Upregulated","Young CD vs old CD only","Entpd4"
"Upregulated","Young CD vs old CD only","Ep300"
"Upregulated","Young CD vs old CD only","Ep400"
"Upregulated","Young CD vs old CD only","Epb4.1"
"Upregulated","Young CD vs old CD only","Epb4.1l4a"
"Upregulated","Young CD vs old CD only","Epg5"
"Upregulated","Young CD vs old CD only","Epm2a"
"Upregulated","Young CD vs old CD only","Epn1"
"Upregulated","Young CD vs old CD only","Epn2"
"Upregulated","Young CD vs old CD only","Ercc2"
"Upregulated","Young CD vs old CD only","Ercc6l2"
"Upregulated","Young CD vs old CD only","Etv5"
"Upregulated","Young CD vs old CD only","Evc2"
"Upregulated","Young CD vs old CD only","Evi5l"
"Upregulated","Young CD vs old CD only","Exd2"
"Upregulated","Young CD vs old CD only","Exoc3l"
"Upregulated","Young CD vs old CD only","Exoc7"
"Upregulated","Young CD vs old CD only","Ext1"
"Upregulated","Young CD vs old CD only","Ext2"
"Upregulated","Young CD vs old CD only","Extl3"
"Upregulated","Young CD vs old CD only","F2rl3"
"Upregulated","Young CD vs old CD only","Fam109a"
"Upregulated","Young CD vs old CD only","Fam120a"
"Upregulated","Young CD vs old CD only","Fam126a"
"Upregulated","Young CD vs old CD only","Fam132a"
"Upregulated","Young CD vs old CD only","Fam160a2"
"Upregulated","Young CD vs old CD only","Fam168b"
"Upregulated","Young CD vs old CD only","Fam189a2"
"Upregulated","Young CD vs old CD only","Fam189b"
"Upregulated","Young CD vs old CD only","Fam193b"
"Upregulated","Young CD vs old CD only","Fam195b"
"Upregulated","Young CD vs old CD only","Fam19a3"
"Upregulated","Young CD vs old CD only","Fam19a4"
"Upregulated","Young CD vs old CD only","Fam20b"
"Upregulated","Young CD vs old CD only","Fam20c"
"Upregulated","Young CD vs old CD only","Fam212b"
"Upregulated","Young CD vs old CD only","Fam219b"
"Upregulated","Young CD vs old CD only","Fam3a"
"Upregulated","Young CD vs old CD only","Fam53a"
"Upregulated","Young CD vs old CD only","Fam53c"
"Upregulated","Young CD vs old CD only","Fam57b"
"Upregulated","Young CD vs old CD only","Fam73b"
"Upregulated","Young CD vs old CD only","Fam78a"
"Upregulated","Young CD vs old CD only","Fam83d"
"Upregulated","Young CD vs old CD only","Fam92a"
"Upregulated","Young CD vs old CD only","Fam98c"
"Upregulated","Young CD vs old CD only","Fan1"
"Upregulated","Young CD vs old CD only","Farsa"
"Upregulated","Young CD vs old CD only","Fastk"
"Upregulated","Young CD vs old CD only","Fastkd1"
"Upregulated","Young CD vs old CD only","Fat4"
"Upregulated","Young CD vs old CD only","Fbf1"
"Upregulated","Young CD vs old CD only","Fbln7"
"Upregulated","Young CD vs old CD only","Fbn1"
"Upregulated","Young CD vs old CD only","Fbrs"
"Upregulated","Young CD vs old CD only","Fbrsl1"
"Upregulated","Young CD vs old CD only","Fbxl12"
"Upregulated","Young CD vs old CD only","Fbxl14"
"Upregulated","Young CD vs old CD only","Fbxl16"
"Upregulated","Young CD vs old CD only","Fbxl17"
"Upregulated","Young CD vs old CD only","Fbxl18"
"Upregulated","Young CD vs old CD only","Fbxo10"
"Upregulated","Young CD vs old CD only","Fbxo17"
"Upregulated","Young CD vs old CD only","Fbxo28"
"Upregulated","Young CD vs old CD only","Fbxo3"
"Upregulated","Young CD vs old CD only","Fbxo31"
"Upregulated","Young CD vs old CD only","Fbxo42"
"Upregulated","Young CD vs old CD only","Fbxo45"
"Upregulated","Young CD vs old CD only","Fbxo9"
"Upregulated","Young CD vs old CD only","Fbxw4"
"Upregulated","Young CD vs old CD only","Fbxw5"
"Upregulated","Young CD vs old CD only","Fdft1"
"Upregulated","Young CD vs old CD only","Fem1a"
"Upregulated","Young CD vs old CD only","Fem1b"
"Upregulated","Young CD vs old CD only","Fem1c"
"Upregulated","Young CD vs old CD only","Fermt2"
"Upregulated","Young CD vs old CD only","Fez2"
"Upregulated","Young CD vs old CD only","Fgf11"
"Upregulated","Young CD vs old CD only","Fgf6"
"Upregulated","Young CD vs old CD only","Fgfr4"
"Upregulated","Young CD vs old CD only","Fkbp10"
"Upregulated","Young CD vs old CD only","Fkbp4"
"Upregulated","Young CD vs old CD only","Fkbp9"
"Upregulated","Young CD vs old CD only","Fkrp"
"Upregulated","Young CD vs old CD only","Flad1"
"Upregulated","Young CD vs old CD only","Flot1"
"Upregulated","Young CD vs old CD only","Flot2"
"Upregulated","Young CD vs old CD only","Fmod"
"Upregulated","Young CD vs old CD only","Fn3krp"
"Upregulated","Young CD vs old CD only","Fnbp4"
"Upregulated","Young CD vs old CD only","Fndc9"
"Upregulated","Young CD vs old CD only","Foxj2"
"Upregulated","Young CD vs old CD only","Foxk2"
"Upregulated","Young CD vs old CD only","Foxn3"
"Upregulated","Young CD vs old CD only","Foxo4"
"Upregulated","Young CD vs old CD only","Foxo6"
"Upregulated","Young CD vs old CD only","Foxo6os"
"Upregulated","Young CD vs old CD only","Foxred1"
"Upregulated","Young CD vs old CD only","Fras1"
"Upregulated","Young CD vs old CD only","Frat2"
"Upregulated","Young CD vs old CD only","Frmd6"
"Upregulated","Young CD vs old CD only","Frmd8os"
"Upregulated","Young CD vs old CD only","Frs2"
"Upregulated","Young CD vs old CD only","Fryl"
"Upregulated","Young CD vs old CD only","Fsbp"
"Upregulated","Young CD vs old CD only","Fsd2"
"Upregulated","Young CD vs old CD only","Fuk"
"Upregulated","Young CD vs old CD only","Furin"
"Upregulated","Young CD vs old CD only","Fus"
"Upregulated","Young CD vs old CD only","Fuz"
"Upregulated","Young CD vs old CD only","Fyco1"
"Upregulated","Young CD vs old CD only","Fzd7"
"Upregulated","Young CD vs old CD only","Fzd8"
"Upregulated","Young CD vs old CD only","G0s2"
"Upregulated","Young CD vs old CD only","G6pc3"
"Upregulated","Young CD vs old CD only","Gab1"
"Upregulated","Young CD vs old CD only","Gabbr1"
"Upregulated","Young CD vs old CD only","Gabre"
"Upregulated","Young CD vs old CD only","Gadl1"
"Upregulated","Young CD vs old CD only","Galnt10"
"Upregulated","Young CD vs old CD only","Galnt2"
"Upregulated","Young CD vs old CD only","Gan"
"Upregulated","Young CD vs old CD only","Ganab"
"Upregulated","Young CD vs old CD only","Gatad1"
"Upregulated","Young CD vs old CD only","Gatad2a"
"Upregulated","Young CD vs old CD only","Gatad2b"
"Upregulated","Young CD vs old CD only","Gatsl2"
"Upregulated","Young CD vs old CD only","Gba2"
"Upregulated","Young CD vs old CD only","Gbf1"
"Upregulated","Young CD vs old CD only","Gbp7"
"Upregulated","Young CD vs old CD only","Gbp9"
"Upregulated","Young CD vs old CD only","Gbx2"
"Upregulated","Young CD vs old CD only","Gcc1"
"Upregulated","Young CD vs old CD only","Gcdh"
"Upregulated","Young CD vs old CD only","Gdi1"
"Upregulated","Young CD vs old CD only","Gen1"
"Upregulated","Young CD vs old CD only","Gfm2"
"Upregulated","Young CD vs old CD only","Gfod2"
"Upregulated","Young CD vs old CD only","Gfpt1"
"Upregulated","Young CD vs old CD only","Gga1"
"Upregulated","Young CD vs old CD only","Gga3"
"Upregulated","Young CD vs old CD only","Ggcx"
"Upregulated","Young CD vs old CD only","Ggnbp1"
"Upregulated","Young CD vs old CD only","Gid4"
"Upregulated","Young CD vs old CD only","Gigyf1"
"Upregulated","Young CD vs old CD only","Git1"
"Upregulated","Young CD vs old CD only","Git2"
"Upregulated","Young CD vs old CD only","Gli2"
"Upregulated","Young CD vs old CD only","Glis2"
"Upregulated","Young CD vs old CD only","Glrx2"
"Upregulated","Young CD vs old CD only","Glrx5"
"Upregulated","Young CD vs old CD only","Gltscr1"
"Upregulated","Young CD vs old CD only","Glud1"
"Upregulated","Young CD vs old CD only","Gm10138"
"Upregulated","Young CD vs old CD only","Gm10184"
"Upregulated","Young CD vs old CD only","Gm10435"
"Upregulated","Young CD vs old CD only","Gm10524"
"Upregulated","Young CD vs old CD only","Gm10602"
"Upregulated","Young CD vs old CD only","Gm10605"
"Upregulated","Young CD vs old CD only","Gm10644"
"Upregulated","Young CD vs old CD only","Gm10762"
"Upregulated","Young CD vs old CD only","Gm10767"
"Upregulated","Young CD vs old CD only","Gm10830"
"Upregulated","Young CD vs old CD only","Gm11266"
"Upregulated","Young CD vs old CD only","Gm11525"
"Upregulated","Young CD vs old CD only","Gm12002"
"Upregulated","Young CD vs old CD only","Gm12199"
"Upregulated","Young CD vs old CD only","Gm12300"
"Upregulated","Young CD vs old CD only","Gm12319"
"Upregulated","Young CD vs old CD only","Gm12784"
"Upregulated","Young CD vs old CD only","Gm13421"
"Upregulated","Young CD vs old CD only","Gm13446"
"Upregulated","Young CD vs old CD only","Gm13490"
"Upregulated","Young CD vs old CD only","Gm14230"
"Upregulated","Young CD vs old CD only","Gm14319"
"Upregulated","Young CD vs old CD only","Gm14440"
"Upregulated","Young CD vs old CD only","Gm15265"
"Upregulated","Young CD vs old CD only","Gm15337"
"Upregulated","Young CD vs old CD only","Gm15510"
"Upregulated","Young CD vs old CD only","Gm15533"
"Upregulated","Young CD vs old CD only","Gm15545"
"Upregulated","Young CD vs old CD only","Gm15612"
"Upregulated","Young CD vs old CD only","Gm15737"
"Upregulated","Young CD vs old CD only","Gm15751"
"Upregulated","Young CD vs old CD only","Gm15800"
"Upregulated","Young CD vs old CD only","Gm15856"
"Upregulated","Young CD vs old CD only","Gm15903"
"Upregulated","Young CD vs old CD only","Gm16023"
"Upregulated","Young CD vs old CD only","Gm16091"
"Upregulated","Young CD vs old CD only","Gm16286"
"Upregulated","Young CD vs old CD only","Gm16536"
"Upregulated","Young CD vs old CD only","Gm16576"
"Upregulated","Young CD vs old CD only","Gm16754"
"Upregulated","Young CD vs old CD only","Gm16758"
"Upregulated","Young CD vs old CD only","Gm16892"
"Upregulated","Young CD vs old CD only","Gm17081"
"Upregulated","Young CD vs old CD only","Gm17251"
"Upregulated","Young CD vs old CD only","Gm17354"
"Upregulated","Young CD vs old CD only","Gm17491"
"Upregulated","Young CD vs old CD only","Gm17552"
"Upregulated","Young CD vs old CD only","Gm20342"
"Upregulated","Young CD vs old CD only","Gm20544"
"Upregulated","Young CD vs old CD only","Gm20605"
"Upregulated","Young CD vs old CD only","Gm20634"
"Upregulated","Young CD vs old CD only","Gm20683"
"Upregulated","Young CD vs old CD only","Gm20716"
"Upregulated","Young CD vs old CD only","Gm21685"
"Upregulated","Young CD vs old CD only","Gm21781"
"Upregulated","Young CD vs old CD only","Gm21986"
"Upregulated","Young CD vs old CD only","Gm26581"
"Upregulated","Young CD vs old CD only","Gm26604"
"Upregulated","Young CD vs old CD only","Gm26703"
"Upregulated","Young CD vs old CD only","Gm26724"
"Upregulated","Young CD vs old CD only","Gm26740"
"Upregulated","Young CD vs old CD only","Gm26852"
"Upregulated","Young CD vs old CD only","Gm26885"
"Upregulated","Young CD vs old CD only","Gm27177"
"Upregulated","Young CD vs old CD only","Gm28042"
"Upregulated","Young CD vs old CD only","Gm28192"
"Upregulated","Young CD vs old CD only","Gm28370"
"Upregulated","Young CD vs old CD only","Gm28651"
"Upregulated","Young CD vs old CD only","Gm28876"
"Upregulated","Young CD vs old CD only","Gm2897"
"Upregulated","Young CD vs old CD only","Gm29007"
"Upregulated","Young CD vs old CD only","Gm3235"
"Upregulated","Young CD vs old CD only","Gm4631"
"Upregulated","Young CD vs old CD only","Gm4673"
"Upregulated","Young CD vs old CD only","Gm4980"
"Upregulated","Young CD vs old CD only","Gm5601"
"Upregulated","Young CD vs old CD only","Gm6161"
"Upregulated","Young CD vs old CD only","Gm7598"
"Upregulated","Young CD vs old CD only","Gm9821"
"Upregulated","Young CD vs old CD only","Gmeb1"
"Upregulated","Young CD vs old CD only","Gmip"
"Upregulated","Young CD vs old CD only","Gmpr"
"Upregulated","Young CD vs old CD only","Gna12"
"Upregulated","Young CD vs old CD only","Gnao1"
"Upregulated","Young CD vs old CD only","Gnas"
"Upregulated","Young CD vs old CD only","Gnptab"
"Upregulated","Young CD vs old CD only","Golga2"
"Upregulated","Young CD vs old CD only","Golga4"
"Upregulated","Young CD vs old CD only","Golim4"
"Upregulated","Young CD vs old CD only","Gon4l"
"Upregulated","Young CD vs old CD only","Gosr1"
"Upregulated","Young CD vs old CD only","Gpam"
"Upregulated","Young CD vs old CD only","Gpatch2"
"Upregulated","Young CD vs old CD only","Gpatch8"
"Upregulated","Young CD vs old CD only","Gpd2"
"Upregulated","Young CD vs old CD only","Gpi1"
"Upregulated","Young CD vs old CD only","Gpr107"
"Upregulated","Young CD vs old CD only","Gpr124"
"Upregulated","Young CD vs old CD only","Gpr125"
"Upregulated","Young CD vs old CD only","Gpr137c"
"Upregulated","Young CD vs old CD only","Gpr19"
"Upregulated","Young CD vs old CD only","Gprc5c"
"Upregulated","Young CD vs old CD only","Gpsm1"
"Upregulated","Young CD vs old CD only","Gpx3"
"Upregulated","Young CD vs old CD only","Gramd1b"
"Upregulated","Young CD vs old CD only","Gramd4"
"Upregulated","Young CD vs old CD only","Grb10"
"Upregulated","Young CD vs old CD only","Greb1"
"Upregulated","Young CD vs old CD only","Grhpr"
"Upregulated","Young CD vs old CD only","Grik5"
"Upregulated","Young CD vs old CD only","Grip2"
"Upregulated","Young CD vs old CD only","Gsk3a"
"Upregulated","Young CD vs old CD only","Gstm1"
"Upregulated","Young CD vs old CD only","Gstm4"
"Upregulated","Young CD vs old CD only","Gtf2i"
"Upregulated","Young CD vs old CD only","Gtf2ird1"
"Upregulated","Young CD vs old CD only","Gtf2ird2"
"Upregulated","Young CD vs old CD only","Gtf3c1"
"Upregulated","Young CD vs old CD only","Gtpbp2"
"Upregulated","Young CD vs old CD only","H2afv"
"Upregulated","Young CD vs old CD only","H3f3aos"
"Upregulated","Young CD vs old CD only","Has3"
"Upregulated","Young CD vs old CD only","Hbs1l"
"Upregulated","Young CD vs old CD only","Hcfc1"
"Upregulated","Young CD vs old CD only","Hdac10"
"Upregulated","Young CD vs old CD only","Hdac5"
"Upregulated","Young CD vs old CD only","Hdac7"
"Upregulated","Young CD vs old CD only","Hdgfrp2"
"Upregulated","Young CD vs old CD only","Hdhd2"
"Upregulated","Young CD vs old CD only","Heca"
"Upregulated","Young CD vs old CD only","Helb"
"Upregulated","Young CD vs old CD only","Helz"
"Upregulated","Young CD vs old CD only","Hemk1"
"Upregulated","Young CD vs old CD only","Herc2"
"Upregulated","Young CD vs old CD only","Heyl"
"Upregulated","Young CD vs old CD only","Hfe2"
"Upregulated","Young CD vs old CD only","Hgsnat"
"Upregulated","Young CD vs old CD only","Hhatl"
"Upregulated","Young CD vs old CD only","Hibadh"
"Upregulated","Young CD vs old CD only","Hic1"
"Upregulated","Young CD vs old CD only","Hif1an"
"Upregulated","Young CD vs old CD only","Hinfp"
"Upregulated","Young CD vs old CD only","Hipk2"
"Upregulated","Young CD vs old CD only","Hipk3"
"Upregulated","Young CD vs old CD only","Hipk4"
"Upregulated","Young CD vs old CD only","Hist1h1c"
"Upregulated","Young CD vs old CD only","Hist1h2bq"
"Upregulated","Young CD vs old CD only","Hist1h4m"
"Upregulated","Young CD vs old CD only","Hist2h2be"
"Upregulated","Young CD vs old CD only","Hist2h4"
"Upregulated","Young CD vs old CD only","Hist3h2a"
"Upregulated","Young CD vs old CD only","Hivep1"
"Upregulated","Young CD vs old CD only","Hjurp"
"Upregulated","Young CD vs old CD only","Hlf"
"Upregulated","Young CD vs old CD only","Hmbox1"
"Upregulated","Young CD vs old CD only","Hmcn1"
"Upregulated","Young CD vs old CD only","Hmcn2"
"Upregulated","Young CD vs old CD only","Hmg20a"
"Upregulated","Young CD vs old CD only","Hmgxb3"
"Upregulated","Young CD vs old CD only","Hnrnpd"
"Upregulated","Young CD vs old CD only","Hnrnph1"
"Upregulated","Young CD vs old CD only","Hnrnpm"
"Upregulated","Young CD vs old CD only","Hnrnpul2"
"Upregulated","Young CD vs old CD only","Homer2"
"Upregulated","Young CD vs old CD only","Hoxa10"
"Upregulated","Young CD vs old CD only","Hoxa3"
"Upregulated","Young CD vs old CD only","Hoxa7"
"Upregulated","Young CD vs old CD only","Hoxa9"
"Upregulated","Young CD vs old CD only","Hoxaas2"
"Upregulated","Young CD vs old CD only","Hoxb3os"
"Upregulated","Young CD vs old CD only","Hoxc10"
"Upregulated","Young CD vs old CD only","Hoxc6"
"Upregulated","Young CD vs old CD only","Hps4"
"Upregulated","Young CD vs old CD only","Hras"
"Upregulated","Young CD vs old CD only","Hs3st5"
"Upregulated","Young CD vs old CD only","Hs6st1"
"Upregulated","Young CD vs old CD only","Hsd17b14"
"Upregulated","Young CD vs old CD only","Hspg2"
"Upregulated","Young CD vs old CD only","Htatsf1"
"Upregulated","Young CD vs old CD only","Hus1"
"Upregulated","Young CD vs old CD only","Huwe1"
"Upregulated","Young CD vs old CD only","I830012O16Rik"
"Upregulated","Young CD vs old CD only","Ibtk"
"Upregulated","Young CD vs old CD only","Ice1"
"Upregulated","Young CD vs old CD only","Icmt"
"Upregulated","Young CD vs old CD only","Ids"
"Upregulated","Young CD vs old CD only","Iffo2"
"Upregulated","Young CD vs old CD only","Ifngr2"
"Upregulated","Young CD vs old CD only","Ifrd2"
"Upregulated","Young CD vs old CD only","Ift140"
"Upregulated","Young CD vs old CD only","Ift80"
"Upregulated","Young CD vs old CD only","Igf1r"
"Upregulated","Young CD vs old CD only","Igf2bp2"
"Upregulated","Young CD vs old CD only","Igfals"
"Upregulated","Young CD vs old CD only","Igfbp6"
"Upregulated","Young CD vs old CD only","Igsf3"
"Upregulated","Young CD vs old CD only","Igsf9b"
"Upregulated","Young CD vs old CD only","Il15ra"
"Upregulated","Young CD vs old CD only","Il6st"
"Upregulated","Young CD vs old CD only","Impad1"
"Upregulated","Young CD vs old CD only","Inafm1"
"Upregulated","Young CD vs old CD only","Ing4"
"Upregulated","Young CD vs old CD only","Ino80d"
"Upregulated","Young CD vs old CD only","Ino80dos"
"Upregulated","Young CD vs old CD only","Ino80e"
"Upregulated","Young CD vs old CD only","Inpp5b"
"Upregulated","Young CD vs old CD only","Inpp5e"
"Upregulated","Young CD vs old CD only","Inppl1"
"Upregulated","Young CD vs old CD only","Insr"
"Upregulated","Young CD vs old CD only","Ints1"
"Upregulated","Young CD vs old CD only","Ints5"
"Upregulated","Young CD vs old CD only","Ints7"
"Upregulated","Young CD vs old CD only","Ip6k1"
"Upregulated","Young CD vs old CD only","Ipmk"
"Upregulated","Young CD vs old CD only","Iqgap3"
"Upregulated","Young CD vs old CD only","Iqsec1"
"Upregulated","Young CD vs old CD only","Irak1"
"Upregulated","Young CD vs old CD only","Ireb2"
"Upregulated","Young CD vs old CD only","Irf2"
"Upregulated","Young CD vs old CD only","Irf2bp1"
"Upregulated","Young CD vs old CD only","Irf2bpl"
"Upregulated","Young CD vs old CD only","Irs1"
"Upregulated","Young CD vs old CD only","Isca1"
"Upregulated","Young CD vs old CD only","Isoc2a"
"Upregulated","Young CD vs old CD only","Itfg2"
"Upregulated","Young CD vs old CD only","Itga11"
"Upregulated","Young CD vs old CD only","Itsn1"
"Upregulated","Young CD vs old CD only","Ivd"
"Upregulated","Young CD vs old CD only","Jade1"
"Upregulated","Young CD vs old CD only","Jag2"
"Upregulated","Young CD vs old CD only","Jak2"
"Upregulated","Young CD vs old CD only","Jarid2"
"Upregulated","Young CD vs old CD only","Josd1"
"Upregulated","Young CD vs old CD only","Josd2"
"Upregulated","Young CD vs old CD only","Jph1"
"Upregulated","Young CD vs old CD only","Jph2"
"Upregulated","Young CD vs old CD only","Kank3"
"Upregulated","Young CD vs old CD only","Kansl1"
"Upregulated","Young CD vs old CD only","Kansl1l"
"Upregulated","Young CD vs old CD only","Kansl2"
"Upregulated","Young CD vs old CD only","Kansl3"
"Upregulated","Young CD vs old CD only","Kantr"
"Upregulated","Young CD vs old CD only","Kat2a"
"Upregulated","Young CD vs old CD only","Kat6a"
"Upregulated","Young CD vs old CD only","Kat6b"
"Upregulated","Young CD vs old CD only","Katnal1"
"Upregulated","Young CD vs old CD only","Katnb1"
"Upregulated","Young CD vs old CD only","Kazald1"
"Upregulated","Young CD vs old CD only","Kbtbd12"
"Upregulated","Young CD vs old CD only","Kbtbd13"
"Upregulated","Young CD vs old CD only","Kcmf1"
"Upregulated","Young CD vs old CD only","Kcna7"
"Upregulated","Young CD vs old CD only","Kcnc1"
"Upregulated","Young CD vs old CD only","Kcnc3"
"Upregulated","Young CD vs old CD only","Kcnc4"
"Upregulated","Young CD vs old CD only","Kcnd1"
"Upregulated","Young CD vs old CD only","Kcng4"
"Upregulated","Young CD vs old CD only","Kcnj11"
"Upregulated","Young CD vs old CD only","Kcnj12"
"Upregulated","Young CD vs old CD only","Kcnj2"
"Upregulated","Young CD vs old CD only","Kcnma1"
"Upregulated","Young CD vs old CD only","Kcnn1"
"Upregulated","Young CD vs old CD only","Kcnq4"
"Upregulated","Young CD vs old CD only","Kcp"
"Upregulated","Young CD vs old CD only","Kctd15"
"Upregulated","Young CD vs old CD only","Kctd20"
"Upregulated","Young CD vs old CD only","Kctd21"
"Upregulated","Young CD vs old CD only","Kctd3"
"Upregulated","Young CD vs old CD only","Kctd5"
"Upregulated","Young CD vs old CD only","Kctd6"
"Upregulated","Young CD vs old CD only","Kctd9"
"Upregulated","Young CD vs old CD only","Kdm1a"
"Upregulated","Young CD vs old CD only","Kdm2a"
"Upregulated","Young CD vs old CD only","Kdm2b"
"Upregulated","Young CD vs old CD only","Kdm3b"
"Upregulated","Young CD vs old CD only","Kdm4b"
"Upregulated","Young CD vs old CD only","Kdm5b"
"Upregulated","Young CD vs old CD only","Kdm6b"
"Upregulated","Young CD vs old CD only","Kdm8"
"Upregulated","Young CD vs old CD only","Kdr"
"Upregulated","Young CD vs old CD only","Keap1"
"Upregulated","Young CD vs old CD only","Kera"
"Upregulated","Young CD vs old CD only","Khnyn"
"Upregulated","Young CD vs old CD only","Khsrp"
"Upregulated","Young CD vs old CD only","Kif13a"
"Upregulated","Young CD vs old CD only","Kif16b"
"Upregulated","Young CD vs old CD only","Kif1c"
"Upregulated","Young CD vs old CD only","Kif2a"
"Upregulated","Young CD vs old CD only","Kifc2"
"Upregulated","Young CD vs old CD only","Kl"
"Upregulated","Young CD vs old CD only","Klc1"
"Upregulated","Young CD vs old CD only","Klc2"
"Upregulated","Young CD vs old CD only","Klf12"
"Upregulated","Young CD vs old CD only","Klf7"
"Upregulated","Young CD vs old CD only","Klhdc10"
"Upregulated","Young CD vs old CD only","Klhdc3"
"Upregulated","Young CD vs old CD only","Klhl12"
"Upregulated","Young CD vs old CD only","Klhl20"
"Upregulated","Young CD vs old CD only","Klhl21"
"Upregulated","Young CD vs old CD only","Klhl23"
"Upregulated","Young CD vs old CD only","Klhl26"
"Upregulated","Young CD vs old CD only","Klhl31"
"Upregulated","Young CD vs old CD only","Klhl33"
"Upregulated","Young CD vs old CD only","Klhl8"
"Upregulated","Young CD vs old CD only","Kmt2a"
"Upregulated","Young CD vs old CD only","Kmt2b"
"Upregulated","Young CD vs old CD only","Kmt2d"
"Upregulated","Young CD vs old CD only","Knop1"
"Upregulated","Young CD vs old CD only","Kpna6"
"Upregulated","Young CD vs old CD only","Krt222"
"Upregulated","Young CD vs old CD only","Ksr1"
"Upregulated","Young CD vs old CD only","Ky"
"Upregulated","Young CD vs old CD only","L2hgdh"
"Upregulated","Young CD vs old CD only","L3mbtl3"
"Upregulated","Young CD vs old CD only","Lama2"
"Upregulated","Young CD vs old CD only","Lamb2"
"Upregulated","Young CD vs old CD only","Lamc1"
"Upregulated","Young CD vs old CD only","Larp1"
"Upregulated","Young CD vs old CD only","Las1l"
"Upregulated","Young CD vs old CD only","Lbx1"
"Upregulated","Young CD vs old CD only","Ldb1"
"Upregulated","Young CD vs old CD only","Ldhd"
"Upregulated","Young CD vs old CD only","Ldlr"
"Upregulated","Young CD vs old CD only","Ldlrad4"
"Upregulated","Young CD vs old CD only","Ldoc1l"
"Upregulated","Young CD vs old CD only","Lemd2"
"Upregulated","Young CD vs old CD only","Leng1"
"Upregulated","Young CD vs old CD only","Leng8"
"Upregulated","Young CD vs old CD only","Leng9"
"Upregulated","Young CD vs old CD only","Leo1"
"Upregulated","Young CD vs old CD only","Lepre1"
"Upregulated","Young CD vs old CD only","Leprel2"
"Upregulated","Young CD vs old CD only","Letm2"
"Upregulated","Young CD vs old CD only","Lgalsl"
"Upregulated","Young CD vs old CD only","Lgr4"
"Upregulated","Young CD vs old CD only","Lif"
"Upregulated","Young CD vs old CD only","Lig3"
"Upregulated","Young CD vs old CD only","Lime1"
"Upregulated","Young CD vs old CD only","Lingo3"
"Upregulated","Young CD vs old CD only","Lman2l"
"Upregulated","Young CD vs old CD only","Lmbr1"
"Upregulated","Young CD vs old CD only","Lmf2"
"Upregulated","Young CD vs old CD only","Lmnb1"
"Upregulated","Young CD vs old CD only","Lmtk2"
"Upregulated","Young CD vs old CD only","Loh12cr1"
"Upregulated","Young CD vs old CD only","Lonp1"
"Upregulated","Young CD vs old CD only","Lonrf2"
"Upregulated","Young CD vs old CD only","Loxl2"
"Upregulated","Young CD vs old CD only","Lphn1"
"Upregulated","Young CD vs old CD only","Lphn2"
"Upregulated","Young CD vs old CD only","Lppr3"
"Upregulated","Young CD vs old CD only","Lrig1"
"Upregulated","Young CD vs old CD only","Lrp10"
"Upregulated","Young CD vs old CD only","Lrp3"
"Upregulated","Young CD vs old CD only","Lrp6"
"Upregulated","Young CD vs old CD only","Lrrc20"
"Upregulated","Young CD vs old CD only","Lrrc30"
"Upregulated","Young CD vs old CD only","Lrrc38"
"Upregulated","Young CD vs old CD only","Lrrc45"
"Upregulated","Young CD vs old CD only","Lrrc55"
"Upregulated","Young CD vs old CD only","Lrrc61"
"Upregulated","Young CD vs old CD only","Lrrfip1"
"Upregulated","Young CD vs old CD only","Lrsam1"
"Upregulated","Young CD vs old CD only","Lrtm1"
"Upregulated","Young CD vs old CD only","Lrtm2"
"Upregulated","Young CD vs old CD only","Lsm11"
"Upregulated","Young CD vs old CD only","Lsm12"
"Upregulated","Young CD vs old CD only","Lsm14b"
"Upregulated","Young CD vs old CD only","Ltbp3"
"Upregulated","Young CD vs old CD only","Ltbr"
"Upregulated","Young CD vs old CD only","Luc7l2"
"Upregulated","Young CD vs old CD only","Lurap1"
"Upregulated","Young CD vs old CD only","Lynx1"
"Upregulated","Young CD vs old CD only","Lyrm9"
"Upregulated","Young CD vs old CD only","Lysmd1"
"Upregulated","Young CD vs old CD only","Lzts2"
"Upregulated","Young CD vs old CD only","Macrod1"
"Upregulated","Young CD vs old CD only","Mad1l1"
"Upregulated","Young CD vs old CD only","Maf"
"Upregulated","Young CD vs old CD only","Maf1"
"Upregulated","Young CD vs old CD only","Mafa"
"Upregulated","Young CD vs old CD only","Mafb"
"Upregulated","Young CD vs old CD only","Mafg"
"Upregulated","Young CD vs old CD only","Mamdc4"
"Upregulated","Young CD vs old CD only","Mamld1"
"Upregulated","Young CD vs old CD only","Man1b1"
"Upregulated","Young CD vs old CD only","Man2a2"
"Upregulated","Young CD vs old CD only","Man2c1"
"Upregulated","Young CD vs old CD only","Manba"
"Upregulated","Young CD vs old CD only","Map2k2"
"Upregulated","Young CD vs old CD only","Map2k3"
"Upregulated","Young CD vs old CD only","Map2k6"
"Upregulated","Young CD vs old CD only","Map2k7"
"Upregulated","Young CD vs old CD only","Map3k10"
"Upregulated","Young CD vs old CD only","Map3k12"
"Upregulated","Young CD vs old CD only","Map3k13"
"Upregulated","Young CD vs old CD only","Map3k3"
"Upregulated","Young CD vs old CD only","Map3k4"
"Upregulated","Young CD vs old CD only","Map3k7cl"
"Upregulated","Young CD vs old CD only","Map7d1"
"Upregulated","Young CD vs old CD only","Mapk14"
"Upregulated","Young CD vs old CD only","Mapk7"
"Upregulated","Young CD vs old CD only","Mapk8ip1"
"Upregulated","Young CD vs old CD only","Mapk8ip3"
"Upregulated","Young CD vs old CD only","Mapk9"
"Upregulated","Young CD vs old CD only","Mapkapk2"
"Upregulated","Young CD vs old CD only","Mapkbp1"
"Upregulated","Young CD vs old CD only","March4"
"Upregulated","Young CD vs old CD only","March6"
"Upregulated","Young CD vs old CD only","March8"
"Upregulated","Young CD vs old CD only","Marf1"
"Upregulated","Young CD vs old CD only","Mark2"
"Upregulated","Young CD vs old CD only","Mars"
"Upregulated","Young CD vs old CD only","Mars2"
"Upregulated","Young CD vs old CD only","Mast4"
"Upregulated","Young CD vs old CD only","Mau2"
"Upregulated","Young CD vs old CD only","Mavs"
"Upregulated","Young CD vs old CD only","Maz"
"Upregulated","Young CD vs old CD only","Mbd1"
"Upregulated","Young CD vs old CD only","Mbd6"
"Upregulated","Young CD vs old CD only","Mbtd1"
"Upregulated","Young CD vs old CD only","Mbtps1"
"Upregulated","Young CD vs old CD only","Mc5r"
"Upregulated","Young CD vs old CD only","Mccc1"
"Upregulated","Young CD vs old CD only","Mccc2"
"Upregulated","Young CD vs old CD only","Mcm3ap"
"Upregulated","Young CD vs old CD only","Mcoln1"
"Upregulated","Young CD vs old CD only","Mdga1"
"Upregulated","Young CD vs old CD only","Me1"
"Upregulated","Young CD vs old CD only","Me3"
"Upregulated","Young CD vs old CD only","Mecp2"
"Upregulated","Young CD vs old CD only","Med1"
"Upregulated","Young CD vs old CD only","Med12"
"Upregulated","Young CD vs old CD only","Med12l"
"Upregulated","Young CD vs old CD only","Med13"
"Upregulated","Young CD vs old CD only","Med13l"
"Upregulated","Young CD vs old CD only","Med18"
"Upregulated","Young CD vs old CD only","Med20"
"Upregulated","Young CD vs old CD only","Med22"
"Upregulated","Young CD vs old CD only","Med25"
"Upregulated","Young CD vs old CD only","Mef2d"
"Upregulated","Young CD vs old CD only","Megf11"
"Upregulated","Young CD vs old CD only","Megf8"
"Upregulated","Young CD vs old CD only","Mepce"
"Upregulated","Young CD vs old CD only","Metrn"
"Upregulated","Young CD vs old CD only","Mettl13"
"Upregulated","Young CD vs old CD only","Mettl14"
"Upregulated","Young CD vs old CD only","Mettl17"
"Upregulated","Young CD vs old CD only","Mettl2"
"Upregulated","Young CD vs old CD only","Mettl7a3"
"Upregulated","Young CD vs old CD only","Mex3c"
"Upregulated","Young CD vs old CD only","Mex3d"
"Upregulated","Young CD vs old CD only","Mfap3l"
"Upregulated","Young CD vs old CD only","Mfn1"
"Upregulated","Young CD vs old CD only","Mfn2"
"Upregulated","Young CD vs old CD only","Mfsd2b"
"Upregulated","Young CD vs old CD only","Mfsd7b"
"Upregulated","Young CD vs old CD only","Mfsd8"
"Upregulated","Young CD vs old CD only","Mgat1"
"Upregulated","Young CD vs old CD only","Mgat4b"
"Upregulated","Young CD vs old CD only","Mgme1"
"Upregulated","Young CD vs old CD only","Mgrn1"
"Upregulated","Young CD vs old CD only","Mib2"
"Upregulated","Young CD vs old CD only","Mical1"
"Upregulated","Young CD vs old CD only","Mief1"
"Upregulated","Young CD vs old CD only","Mier2"
"Upregulated","Young CD vs old CD only","Mif4gd"
"Upregulated","Young CD vs old CD only","Miip"
"Upregulated","Young CD vs old CD only","Mink1"
"Upregulated","Young CD vs old CD only","Mipep"
"Upregulated","Young CD vs old CD only","Mir99ahg"
"Upregulated","Young CD vs old CD only","Mirg"
"Upregulated","Young CD vs old CD only","Mkl1"
"Upregulated","Young CD vs old CD only","Mkl2"
"Upregulated","Young CD vs old CD only","Mknk1"
"Upregulated","Young CD vs old CD only","Mkrn2"
"Upregulated","Young CD vs old CD only","Mlf1"
"Upregulated","Young CD vs old CD only","Mlf2"
"Upregulated","Young CD vs old CD only","Mllt1"
"Upregulated","Young CD vs old CD only","Mllt10"
"Upregulated","Young CD vs old CD only","Mllt4"
"Upregulated","Young CD vs old CD only","Mllt6"
"Upregulated","Young CD vs old CD only","Mlst8"
"Upregulated","Young CD vs old CD only","Mlxip"
"Upregulated","Young CD vs old CD only","Mlxipl"
"Upregulated","Young CD vs old CD only","Mmaa"
"Upregulated","Young CD vs old CD only","Mmab"
"Upregulated","Young CD vs old CD only","Mmp15"
"Upregulated","Young CD vs old CD only","Mn1"
"Upregulated","Young CD vs old CD only","Mob3c"
"Upregulated","Young CD vs old CD only","Mocs2"
"Upregulated","Young CD vs old CD only","Mon1b"
"Upregulated","Young CD vs old CD only","Mon2"
"Upregulated","Young CD vs old CD only","Morc2a"
"Upregulated","Young CD vs old CD only","Mospd3"
"Upregulated","Young CD vs old CD only","Mpdz"
"Upregulated","Young CD vs old CD only","Mpnd"
"Upregulated","Young CD vs old CD only","Mpp2"
"Upregulated","Young CD vs old CD only","Mpp6"
"Upregulated","Young CD vs old CD only","Mprip"
"Upregulated","Young CD vs old CD only","Mpst"
"Upregulated","Young CD vs old CD only","Mrc2"
"Upregulated","Young CD vs old CD only","Mreg"
"Upregulated","Young CD vs old CD only","Mrpl37"
"Upregulated","Young CD vs old CD only","Mrps2"
"Upregulated","Young CD vs old CD only","Mrps25"
"Upregulated","Young CD vs old CD only","Mrps5"
"Upregulated","Young CD vs old CD only","Msantd2"
"Upregulated","Young CD vs old CD only","Msantd3"
"Upregulated","Young CD vs old CD only","Msh2"
"Upregulated","Young CD vs old CD only","Msi2"
"Upregulated","Young CD vs old CD only","Msl1"
"Upregulated","Young CD vs old CD only","Msl2"
"Upregulated","Young CD vs old CD only","Msl3"
"Upregulated","Young CD vs old CD only","Msrb3"
"Upregulated","Young CD vs old CD only","Mta1"
"Upregulated","Young CD vs old CD only","Mtf1"
"Upregulated","Young CD vs old CD only","Mtfp1"
"Upregulated","Young CD vs old CD only","Mtfr1l"
"Upregulated","Young CD vs old CD only","Mthfd1"
"Upregulated","Young CD vs old CD only","Mthfr"
"Upregulated","Young CD vs old CD only","Mtmr14"
"Upregulated","Young CD vs old CD only","Mtmr3"
"Upregulated","Young CD vs old CD only","Mtrr"
"Upregulated","Young CD vs old CD only","Mtss1l"
"Upregulated","Young CD vs old CD only","Mtus1"
"Upregulated","Young CD vs old CD only","Mum1"
"Upregulated","Young CD vs old CD only","Mut"
"Upregulated","Young CD vs old CD only","Mvb12b"
"Upregulated","Young CD vs old CD only","Mxi1"
"Upregulated","Young CD vs old CD only","Mybpc2"
"Upregulated","Young CD vs old CD only","Mycn"
"Upregulated","Young CD vs old CD only","Myh4"
"Upregulated","Young CD vs old CD only","Mylip"
"Upregulated","Young CD vs old CD only","Myo19"
"Upregulated","Young CD vs old CD only","Myo5c"
"Upregulated","Young CD vs old CD only","Myod1"
"Upregulated","Young CD vs old CD only","Mzf1"
"Upregulated","Young CD vs old CD only","N4bp1"
"Upregulated","Young CD vs old CD only","Naa15"
"Upregulated","Young CD vs old CD only","Naa40"
"Upregulated","Young CD vs old CD only","Naa60"
"Upregulated","Young CD vs old CD only","Naca"
"Upregulated","Young CD vs old CD only","Nacc2"
"Upregulated","Young CD vs old CD only","Nadk2"
"Upregulated","Young CD vs old CD only","Naprt"
"Upregulated","Young CD vs old CD only","Narf"
"Upregulated","Young CD vs old CD only","Narfl"
"Upregulated","Young CD vs old CD only","Nat10"
"Upregulated","Young CD vs old CD only","Nav1"
"Upregulated","Young CD vs old CD only","Ncapd2"
"Upregulated","Young CD vs old CD only","Nck2"
"Upregulated","Young CD vs old CD only","Nckap5l"
"Upregulated","Young CD vs old CD only","Nckipsd"
"Upregulated","Young CD vs old CD only","Ncln"
"Upregulated","Young CD vs old CD only","Ncoa1"
"Upregulated","Young CD vs old CD only","Ncoa6"
"Upregulated","Young CD vs old CD only","Ncor1"
"Upregulated","Young CD vs old CD only","Ncstn"
"Upregulated","Young CD vs old CD only","Nde1"
"Upregulated","Young CD vs old CD only","Ndor1"
"Upregulated","Young CD vs old CD only","Ndrg2"
"Upregulated","Young CD vs old CD only","Ndst1"
"Upregulated","Young CD vs old CD only","Ndufa4l2"
"Upregulated","Young CD vs old CD only","Ndufs7"
"Upregulated","Young CD vs old CD only","Nek9"
"Upregulated","Young CD vs old CD only","Neurl4"
"Upregulated","Young CD vs old CD only","Nf2"
"Upregulated","Young CD vs old CD only","Nfatc2"
"Upregulated","Young CD vs old CD only","Nfatc3"
"Upregulated","Young CD vs old CD only","Nfatc4"
"Upregulated","Young CD vs old CD only","Nfia"
"Upregulated","Young CD vs old CD only","Nfib"
"Upregulated","Young CD vs old CD only","Nfic"
"Upregulated","Young CD vs old CD only","Nfix"
"Upregulated","Young CD vs old CD only","Nfkb1"
"Upregulated","Young CD vs old CD only","Nfrkb"
"Upregulated","Young CD vs old CD only","Nfya"
"Upregulated","Young CD vs old CD only","Nfyb"
"Upregulated","Young CD vs old CD only","Nhsl1"
"Upregulated","Young CD vs old CD only","Nim1k"
"Upregulated","Young CD vs old CD only","Nin"
"Upregulated","Young CD vs old CD only","Nkain1"
"Upregulated","Young CD vs old CD only","Nktr"
"Upregulated","Young CD vs old CD only","Nle1"
"Upregulated","Young CD vs old CD only","Nlgn2"
"Upregulated","Young CD vs old CD only","Nlrx1"
"Upregulated","Young CD vs old CD only","Nmt2"
"Upregulated","Young CD vs old CD only","Noa1"
"Upregulated","Young CD vs old CD only","Noc2l"
"Upregulated","Young CD vs old CD only","Nod1"
"Upregulated","Young CD vs old CD only","Nog"
"Upregulated","Young CD vs old CD only","Nol10"
"Upregulated","Young CD vs old CD only","Nol9"
"Upregulated","Young CD vs old CD only","Nomo1"
"Upregulated","Young CD vs old CD only","Nop2"
"Upregulated","Young CD vs old CD only","Nos2"
"Upregulated","Young CD vs old CD only","Notch3"
"Upregulated","Young CD vs old CD only","Nova2"
"Upregulated","Young CD vs old CD only","Npc1l1"
"Upregulated","Young CD vs old CD only","Npepl1"
"Upregulated","Young CD vs old CD only","Npff"
"Upregulated","Young CD vs old CD only","Npr1"
"Upregulated","Young CD vs old CD only","Npr2"
"Upregulated","Young CD vs old CD only","Nr1d1"
"Upregulated","Young CD vs old CD only","Nr2c2"
"Upregulated","Young CD vs old CD only","Nr2f6"
"Upregulated","Young CD vs old CD only","Nrarp"
"Upregulated","Young CD vs old CD only","Nrbf2"
"Upregulated","Young CD vs old CD only","Nrbp2"
"Upregulated","Young CD vs old CD only","Nrep"
"Upregulated","Young CD vs old CD only","Nrk"
"Upregulated","Young CD vs old CD only","Nsd1"
"Upregulated","Young CD vs old CD only","Nsmaf"
"Upregulated","Young CD vs old CD only","Ntf5"
"Upregulated","Young CD vs old CD only","Nthl1"
"Upregulated","Young CD vs old CD only","Ntmt1"
"Upregulated","Young CD vs old CD only","Ntpcr"
"Upregulated","Young CD vs old CD only","Nudt3"
"Upregulated","Young CD vs old CD only","Nudt4"
"Upregulated","Young CD vs old CD only","Nudt8"
"Upregulated","Young CD vs old CD only","Numa1"
"Upregulated","Young CD vs old CD only","Nup210"
"Upregulated","Young CD vs old CD only","Nup50"
"Upregulated","Young CD vs old CD only","Nxf1"
"Upregulated","Young CD vs old CD only","Nynrin"
"Upregulated","Young CD vs old CD only","Oaf"
"Upregulated","Young CD vs old CD only","Obscn"
"Upregulated","Young CD vs old CD only","Obsl1"
"Upregulated","Young CD vs old CD only","Ogdh"
"Upregulated","Young CD vs old CD only","Ogfod1"
"Upregulated","Young CD vs old CD only","Ogfod2"
"Upregulated","Young CD vs old CD only","Opa1"
"Upregulated","Young CD vs old CD only","Opa3"
"Upregulated","Young CD vs old CD only","Opcml"
"Upregulated","Young CD vs old CD only","Oplah"
"Upregulated","Young CD vs old CD only","Orai3"
"Upregulated","Young CD vs old CD only","Osbp"
"Upregulated","Young CD vs old CD only","Osbpl6"
"Upregulated","Young CD vs old CD only","Otoa"
"Upregulated","Young CD vs old CD only","Otud3"
"Upregulated","Young CD vs old CD only","Otud4"
"Upregulated","Young CD vs old CD only","Otud7b"
"Upregulated","Young CD vs old CD only","Ovgp1"
"Upregulated","Young CD vs old CD only","Oxa1l"
"Upregulated","Young CD vs old CD only","Oxct1"
"Upregulated","Young CD vs old CD only","Oxsr1"
"Upregulated","Young CD vs old CD only","P2rx6"
"Upregulated","Young CD vs old CD only","P2ry1"
"Upregulated","Young CD vs old CD only","P2ry2"
"Upregulated","Young CD vs old CD only","P2ry6"
"Upregulated","Young CD vs old CD only","P4htm"
"Upregulated","Young CD vs old CD only","PCDHGC5"
"Upregulated","Young CD vs old CD only","Pabpc4"
"Upregulated","Young CD vs old CD only","Pabpn1"
"Upregulated","Young CD vs old CD only","Pacs2"
"Upregulated","Young CD vs old CD only","Pag1"
"Upregulated","Young CD vs old CD only","Pald1"
"Upregulated","Young CD vs old CD only","Palld"
"Upregulated","Young CD vs old CD only","Pan2"
"Upregulated","Young CD vs old CD only","Pank2"
"Upregulated","Young CD vs old CD only","Papd7"
"Upregulated","Young CD vs old CD only","Parp1"
"Upregulated","Young CD vs old CD only","Parp10"
"Upregulated","Young CD vs old CD only","Parp6"
"Upregulated","Young CD vs old CD only","Parvb"
"Upregulated","Young CD vs old CD only","Patl1"
"Upregulated","Young CD vs old CD only","Patz1"
"Upregulated","Young CD vs old CD only","Pax7"
"Upregulated","Young CD vs old CD only","Paxbp1"
"Upregulated","Young CD vs old CD only","Pbx2"
"Upregulated","Young CD vs old CD only","Pcbp2"
"Upregulated","Young CD vs old CD only","Pccb"
"Upregulated","Young CD vs old CD only","Pcdh12"
"Upregulated","Young CD vs old CD only","Pcdh17"
"Upregulated","Young CD vs old CD only","Pcdh18"
"Upregulated","Young CD vs old CD only","Pcdhb20"
"Upregulated","Young CD vs old CD only","Pcdhb22"
"Upregulated","Young CD vs old CD only","Pcdhb5"
"Upregulated","Young CD vs old CD only","Pcgf2"
"Upregulated","Young CD vs old CD only","Pcgf5"
"Upregulated","Young CD vs old CD only","Pcif1"
"Upregulated","Young CD vs old CD only","Pcnx"
"Upregulated","Young CD vs old CD only","Pcnxl3"
"Upregulated","Young CD vs old CD only","Pcolce"
"Upregulated","Young CD vs old CD only","Pcyox1"
"Upregulated","Young CD vs old CD only","Pcyt1a"
"Upregulated","Young CD vs old CD only","Pcyt2"
"Upregulated","Young CD vs old CD only","Pdcd2l"
"Upregulated","Young CD vs old CD only","Pde4a"
"Upregulated","Young CD vs old CD only","Pde4c"
"Upregulated","Young CD vs old CD only","Pde4dip"
"Upregulated","Young CD vs old CD only","Pde7b"
"Upregulated","Young CD vs old CD only","Pdf"
"Upregulated","Young CD vs old CD only","Pdgfa"
"Upregulated","Young CD vs old CD only","Pdgfrb"
"Upregulated","Young CD vs old CD only","Pdk1"
"Upregulated","Young CD vs old CD only","Pdk2"
"Upregulated","Young CD vs old CD only","Pdlim7"
"Upregulated","Young CD vs old CD only","Pdzd2"
"Upregulated","Young CD vs old CD only","Pdzd7"
"Upregulated","Young CD vs old CD only","Pdzrn3"
"Upregulated","Young CD vs old CD only","Pelp1"
"Upregulated","Young CD vs old CD only","Peo1"
"Upregulated","Young CD vs old CD only","Pex26"
"Upregulated","Young CD vs old CD only","Pex5"
"Upregulated","Young CD vs old CD only","Pex6"
"Upregulated","Young CD vs old CD only","Pfas"
"Upregulated","Young CD vs old CD only","Pfkm"
"Upregulated","Young CD vs old CD only","Pfn1"
"Upregulated","Young CD vs old CD only","Pfn2"
"Upregulated","Young CD vs old CD only","Pgam2"
"Upregulated","Young CD vs old CD only","Pgbd1"
"Upregulated","Young CD vs old CD only","Pgk1-rs7"
"Upregulated","Young CD vs old CD only","Pgm2"
"Upregulated","Young CD vs old CD only","Pgp"
"Upregulated","Young CD vs old CD only","Pgs1"
"Upregulated","Young CD vs old CD only","Phactr4"
"Upregulated","Young CD vs old CD only","Phb2"
"Upregulated","Young CD vs old CD only","Phc1"
"Upregulated","Young CD vs old CD only","Phf1"
"Upregulated","Young CD vs old CD only","Phf10"
"Upregulated","Young CD vs old CD only","Phf12"
"Upregulated","Young CD vs old CD only","Phf2"
"Upregulated","Young CD vs old CD only","Phf21a"
"Upregulated","Young CD vs old CD only","Phf23"
"Upregulated","Young CD vs old CD only","Phkg1"
"Upregulated","Young CD vs old CD only","Phldb1"
"Upregulated","Young CD vs old CD only","Phospho1"
"Upregulated","Young CD vs old CD only","Phrf1"
"Upregulated","Young CD vs old CD only","Phtf2"
"Upregulated","Young CD vs old CD only","Pi4kb"
"Upregulated","Young CD vs old CD only","Pias2"
"Upregulated","Young CD vs old CD only","Pias4"
"Upregulated","Young CD vs old CD only","Pick1"
"Upregulated","Young CD vs old CD only","Pigg"
"Upregulated","Young CD vs old CD only","Pigm"
"Upregulated","Young CD vs old CD only","Pigo"
"Upregulated","Young CD vs old CD only","Pigq"
"Upregulated","Young CD vs old CD only","Pigv"
"Upregulated","Young CD vs old CD only","Pik3c2b"
"Upregulated","Young CD vs old CD only","Pik3cd"
"Upregulated","Young CD vs old CD only","Pik3r1"
"Upregulated","Young CD vs old CD only","Pik3r2"
"Upregulated","Young CD vs old CD only","Pim1"
"Upregulated","Young CD vs old CD only","Pink1"
"Upregulated","Young CD vs old CD only","Pip4k2b"
"Upregulated","Young CD vs old CD only","Pip5k1a"
"Upregulated","Young CD vs old CD only","Pip5k1c"
"Upregulated","Young CD vs old CD only","Pitpna"
"Upregulated","Young CD vs old CD only","Pitpnc1"
"Upregulated","Young CD vs old CD only","Pitpnm2"
"Upregulated","Young CD vs old CD only","Pitpnm3"
"Upregulated","Young CD vs old CD only","Pitx2"
"Upregulated","Young CD vs old CD only","Pitx3"
"Upregulated","Young CD vs old CD only","Pkdcc"
"Upregulated","Young CD vs old CD only","Pkn1"
"Upregulated","Young CD vs old CD only","Pkn2"
"Upregulated","Young CD vs old CD only","Pknox2"
"Upregulated","Young CD vs old CD only","Pla2g16"
"Upregulated","Young CD vs old CD only","Pla2g4b"
"Upregulated","Young CD vs old CD only","Pla2g6"
"Upregulated","Young CD vs old CD only","Plagl2"
"Upregulated","Young CD vs old CD only","Plcd1"
"Upregulated","Young CD vs old CD only","Plcd4"
"Upregulated","Young CD vs old CD only","Plcg1"
"Upregulated","Young CD vs old CD only","Plcl2"
"Upregulated","Young CD vs old CD only","Pld2"
"Upregulated","Young CD vs old CD only","Plec"
"Upregulated","Young CD vs old CD only","Plekha2"
"Upregulated","Young CD vs old CD only","Plekha3"
"Upregulated","Young CD vs old CD only","Plekha6"
"Upregulated","Young CD vs old CD only","Plekhg2"
"Upregulated","Young CD vs old CD only","Plekhg5"
"Upregulated","Young CD vs old CD only","Plekhh3"
"Upregulated","Young CD vs old CD only","Plet1os"
"Upregulated","Young CD vs old CD only","Plod1"
"Upregulated","Young CD vs old CD only","Plxdc1"
"Upregulated","Young CD vs old CD only","Plxna1"
"Upregulated","Young CD vs old CD only","Plxnb1"
"Upregulated","Young CD vs old CD only","Plxnd1"
"Upregulated","Young CD vs old CD only","Pmepa1"
"Upregulated","Young CD vs old CD only","Pmpca"
"Upregulated","Young CD vs old CD only","Pnisr"
"Upregulated","Young CD vs old CD only","Pnmal2"
"Upregulated","Young CD vs old CD only","Pnn"
"Upregulated","Young CD vs old CD only","Pnpla6"
"Upregulated","Young CD vs old CD only","Pnpla7"
"Upregulated","Young CD vs old CD only","Poc5"
"Upregulated","Young CD vs old CD only","Podn"
"Upregulated","Young CD vs old CD only","Podxl2"
"Upregulated","Young CD vs old CD only","Pofut1"
"Upregulated","Young CD vs old CD only","Pofut2"
"Upregulated","Young CD vs old CD only","Pogk"
"Upregulated","Young CD vs old CD only","Pogz"
"Upregulated","Young CD vs old CD only","Poldip2"
"Upregulated","Young CD vs old CD only","Polg"
"Upregulated","Young CD vs old CD only","Polh"
"Upregulated","Young CD vs old CD only","Polm"
"Upregulated","Young CD vs old CD only","Polr1a"
"Upregulated","Young CD vs old CD only","Polr1b"
"Upregulated","Young CD vs old CD only","Polr2m"
"Upregulated","Young CD vs old CD only","Polr3d"
"Upregulated","Young CD vs old CD only","Polr3f"
"Upregulated","Young CD vs old CD only","Polr3gl"
"Upregulated","Young CD vs old CD only","Pom121"
"Upregulated","Young CD vs old CD only","Pomgnt2"
"Upregulated","Young CD vs old CD only","Pomk"
"Upregulated","Young CD vs old CD only","Pop5"
"Upregulated","Young CD vs old CD only","Pou2f1"
"Upregulated","Young CD vs old CD only","Pou6f1"
"Upregulated","Young CD vs old CD only","Ppapdc3"
"Upregulated","Young CD vs old CD only","Ppargc1b"
"Upregulated","Young CD vs old CD only","Ppfia1"
"Upregulated","Young CD vs old CD only","Ppm1a"
"Upregulated","Young CD vs old CD only","Ppm1b"
"Upregulated","Young CD vs old CD only","Ppm1g"
"Upregulated","Young CD vs old CD only","Ppm1j"
"Upregulated","Young CD vs old CD only","Ppm1l"
"Upregulated","Young CD vs old CD only","Ppm1n"
"Upregulated","Young CD vs old CD only","Ppox"
"Upregulated","Young CD vs old CD only","Ppp1cc"
"Upregulated","Young CD vs old CD only","Ppp1r10"
"Upregulated","Young CD vs old CD only","Ppp1r14c"
"Upregulated","Young CD vs old CD only","Ppp1r26"
"Upregulated","Young CD vs old CD only","Ppp1r37"
"Upregulated","Young CD vs old CD only","Ppp2r2a"
"Upregulated","Young CD vs old CD only","Ppp2r2b"
"Upregulated","Young CD vs old CD only","Ppp2r3d"
"Upregulated","Young CD vs old CD only","Ppp2r4"
"Upregulated","Young CD vs old CD only","Ppp2r5a"
"Upregulated","Young CD vs old CD only","Ppp2r5b"
"Upregulated","Young CD vs old CD only","Ppp2r5e"
"Upregulated","Young CD vs old CD only","Ppp3cb"
"Upregulated","Young CD vs old CD only","Ppp3r1"
"Upregulated","Young CD vs old CD only","Ppp4r2"
"Upregulated","Young CD vs old CD only","Ppp5c"
"Upregulated","Young CD vs old CD only","Ppp6r1"
"Upregulated","Young CD vs old CD only","Ppp6r2"
"Upregulated","Young CD vs old CD only","Pprc1"
"Upregulated","Young CD vs old CD only","Prcc"
"Upregulated","Young CD vs old CD only","Prdm10"
"Upregulated","Young CD vs old CD only","Prdm4"
"Upregulated","Young CD vs old CD only","Preb"
"Upregulated","Young CD vs old CD only","Prepl"
"Upregulated","Young CD vs old CD only","Prkaa2"
"Upregulated","Young CD vs old CD only","Prkab2"
"Upregulated","Young CD vs old CD only","Prkaca"
"Upregulated","Young CD vs old CD only","Prkacb"
"Upregulated","Young CD vs old CD only","Prkag1"
"Upregulated","Young CD vs old CD only","Prkag2"
"Upregulated","Young CD vs old CD only","Prkar2a"
"Upregulated","Young CD vs old CD only","Prkca"
"Upregulated","Young CD vs old CD only","Prob1"
"Upregulated","Young CD vs old CD only","Proser1"
"Upregulated","Young CD vs old CD only","Prpf38b"
"Upregulated","Young CD vs old CD only","Prpf4"
"Upregulated","Young CD vs old CD only","Prpf40b"
"Upregulated","Young CD vs old CD only","Prr12"
"Upregulated","Young CD vs old CD only","Prr14"
"Upregulated","Young CD vs old CD only","Prr33"
"Upregulated","Young CD vs old CD only","Prrc1"
"Upregulated","Young CD vs old CD only","Prrc2a"
"Upregulated","Young CD vs old CD only","Prrc2b"
"Upregulated","Young CD vs old CD only","Prrc2c"
"Upregulated","Young CD vs old CD only","Prrxl1"
"Upregulated","Young CD vs old CD only","Prss23"
"Upregulated","Young CD vs old CD only","Prss55"
"Upregulated","Young CD vs old CD only","Prune"
"Upregulated","Young CD vs old CD only","Psap"
"Upregulated","Young CD vs old CD only","Psme4"
"Upregulated","Young CD vs old CD only","Ptgr1"
"Upregulated","Young CD vs old CD only","Ptk2"
"Upregulated","Young CD vs old CD only","Ptms"
"Upregulated","Young CD vs old CD only","Ptov1"
"Upregulated","Young CD vs old CD only","Ptp4a3"
"Upregulated","Young CD vs old CD only","Ptpla"
"Upregulated","Young CD vs old CD only","Ptpn21"
"Upregulated","Young CD vs old CD only","Ptpn23"
"Upregulated","Young CD vs old CD only","Ptpn4"
"Upregulated","Young CD vs old CD only","Ptprs"
"Upregulated","Young CD vs old CD only","Ptx3"
"Upregulated","Young CD vs old CD only","Pus7l"
"Upregulated","Young CD vs old CD only","Pwwp2a"
"Upregulated","Young CD vs old CD only","Pygm"
"Upregulated","Young CD vs old CD only","Pygo1"
"Upregulated","Young CD vs old CD only","Pygo2"
"Upregulated","Young CD vs old CD only","Qser1"
"Upregulated","Young CD vs old CD only","Qtrtd1"
"Upregulated","Young CD vs old CD only","R3hcc1"
"Upregulated","Young CD vs old CD only","R3hdm2"
"Upregulated","Young CD vs old CD only","R3hdm4"
"Upregulated","Young CD vs old CD only","RP23-118E21.11"
"Upregulated","Young CD vs old CD only","RP23-135F22.6"
"Upregulated","Young CD vs old CD only","RP23-187M7.5"
"Upregulated","Young CD vs old CD only","RP23-191A19.1"
"Upregulated","Young CD vs old CD only","RP23-211F21.1"
"Upregulated","Young CD vs old CD only","RP23-334M9.3"
"Upregulated","Young CD vs old CD only","RP23-346B12.4"
"Upregulated","Young CD vs old CD only","RP23-348C6.3"
"Upregulated","Young CD vs old CD only","RP23-371A16.2"
"Upregulated","Young CD vs old CD only","RP23-395H6.2"
"Upregulated","Young CD vs old CD only","RP23-456B9.23"
"Upregulated","Young CD vs old CD only","RP23-59N15.4"
"Upregulated","Young CD vs old CD only","RP23-61D6.3"
"Upregulated","Young CD vs old CD only","RP23-85E24.2"
"Upregulated","Young CD vs old CD only","RP24-114E18.7"
"Upregulated","Young CD vs old CD only","RP24-167M10.4"
"Upregulated","Young CD vs old CD only","RP24-176F12.12"
"Upregulated","Young CD vs old CD only","RP24-191N24.2"
"Upregulated","Young CD vs old CD only","RP24-229G16.1"
"Upregulated","Young CD vs old CD only","RP24-562D16.4"
"Upregulated","Young CD vs old CD only","Rab10os"
"Upregulated","Young CD vs old CD only","Rab11b"
"Upregulated","Young CD vs old CD only","Rab11fip2"
"Upregulated","Young CD vs old CD only","Rab11fip3"
"Upregulated","Young CD vs old CD only","Rab22a"
"Upregulated","Young CD vs old CD only","Rab24"
"Upregulated","Young CD vs old CD only","Rab27b"
"Upregulated","Young CD vs old CD only","Rab35"
"Upregulated","Young CD vs old CD only","Rab3ip"
"Upregulated","Young CD vs old CD only","Rab5b"
"Upregulated","Young CD vs old CD only","Rabep2"
"Upregulated","Young CD vs old CD only","Rabgef1"
"Upregulated","Young CD vs old CD only","Rabl6"
"Upregulated","Young CD vs old CD only","Rad23a"
"Upregulated","Young CD vs old CD only","Rad54l2"
"Upregulated","Young CD vs old CD only","Raf1"
"Upregulated","Young CD vs old CD only","Rai1"
"Upregulated","Young CD vs old CD only","Rai2"
"Upregulated","Young CD vs old CD only","Ralgds"
"Upregulated","Young CD vs old CD only","Ramp1"
"Upregulated","Young CD vs old CD only","Rap2c"
"Upregulated","Young CD vs old CD only","Rara"
"Upregulated","Young CD vs old CD only","Rarg"
"Upregulated","Young CD vs old CD only","Rasa4"
"Upregulated","Young CD vs old CD only","Rasgrp2"
"Upregulated","Young CD vs old CD only","Rasgrp3"
"Upregulated","Young CD vs old CD only","Rassf8"
"Upregulated","Young CD vs old CD only","Rbbp6"
"Upregulated","Young CD vs old CD only","Rbfa"
"Upregulated","Young CD vs old CD only","Rbfox1"
"Upregulated","Young CD vs old CD only","Rbl2"
"Upregulated","Young CD vs old CD only","Rbm10"
"Upregulated","Young CD vs old CD only","Rbm15b"
"Upregulated","Young CD vs old CD only","Rbm19"
"Upregulated","Young CD vs old CD only","Rbm20"
"Upregulated","Young CD vs old CD only","Rbm22"
"Upregulated","Young CD vs old CD only","Rbm26"
"Upregulated","Young CD vs old CD only","Rbm28"
"Upregulated","Young CD vs old CD only","Rbm4b"
"Upregulated","Young CD vs old CD only","Rbpj"
"Upregulated","Young CD vs old CD only","Rc3h1"
"Upregulated","Young CD vs old CD only","Rc3h2"
"Upregulated","Young CD vs old CD only","Rccd1"
"Upregulated","Young CD vs old CD only","Rcor3"
"Upregulated","Young CD vs old CD only","Rcsd1"
"Upregulated","Young CD vs old CD only","Rdh13"
"Upregulated","Young CD vs old CD only","Rdx"
"Upregulated","Young CD vs old CD only","Reck"
"Upregulated","Young CD vs old CD only","Reep1"
"Upregulated","Young CD vs old CD only","Repin1"
"Upregulated","Young CD vs old CD only","Rere"
"Upregulated","Young CD vs old CD only","Ret"
"Upregulated","Young CD vs old CD only","Rexo1"
"Upregulated","Young CD vs old CD only","Rfk"
"Upregulated","Young CD vs old CD only","Rfng"
"Upregulated","Young CD vs old CD only","Rftn1"
"Upregulated","Young CD vs old CD only","Rftn2"
"Upregulated","Young CD vs old CD only","Rfwd2"
"Upregulated","Young CD vs old CD only","Rfxap"
"Upregulated","Young CD vs old CD only","Rgl2"
"Upregulated","Young CD vs old CD only","Rgma"
"Upregulated","Young CD vs old CD only","Rgmb"
"Upregulated","Young CD vs old CD only","Rgp1"
"Upregulated","Young CD vs old CD only","Rgs6"
"Upregulated","Young CD vs old CD only","Rgs9bp"
"Upregulated","Young CD vs old CD only","Rhbdd2"
"Upregulated","Young CD vs old CD only","Rhbdf1"
"Upregulated","Young CD vs old CD only","Rhbdf2"
"Upregulated","Young CD vs old CD only","Rhobtb1"
"Upregulated","Young CD vs old CD only","Rhobtb2"
"Upregulated","Young CD vs old CD only","Rhoq"
"Upregulated","Young CD vs old CD only","Rhot2"
"Upregulated","Young CD vs old CD only","Ric1"
"Upregulated","Young CD vs old CD only","Ric8b"
"Upregulated","Young CD vs old CD only","Rilp"
"Upregulated","Young CD vs old CD only","Rims4"
"Upregulated","Young CD vs old CD only","Ring1"
"Upregulated","Young CD vs old CD only","Rmi2"
"Upregulated","Young CD vs old CD only","Rmnd1"
"Upregulated","Young CD vs old CD only","Rmnd5a"
"Upregulated","Young CD vs old CD only","Rnase13"
"Upregulated","Young CD vs old CD only","Rnd1"
"Upregulated","Young CD vs old CD only","Rnf11"
"Upregulated","Young CD vs old CD only","Rnf122"
"Upregulated","Young CD vs old CD only","Rnf123"
"Upregulated","Young CD vs old CD only","Rnf126"
"Upregulated","Young CD vs old CD only","Rnf135"
"Upregulated","Young CD vs old CD only","Rnf138"
"Upregulated","Young CD vs old CD only","Rnf150"
"Upregulated","Young CD vs old CD only","Rnf157"
"Upregulated","Young CD vs old CD only","Rnf167"
"Upregulated","Young CD vs old CD only","Rnf170"
"Upregulated","Young CD vs old CD only","Rnf214"
"Upregulated","Young CD vs old CD only","Rnf220"
"Upregulated","Young CD vs old CD only","Rnf31"
"Upregulated","Young CD vs old CD only","Rnf38"
"Upregulated","Young CD vs old CD only","Rnf40"
"Upregulated","Young CD vs old CD only","Rnf44"
"Upregulated","Young CD vs old CD only","Rnls"
"Upregulated","Young CD vs old CD only","Rnpep"
"Upregulated","Young CD vs old CD only","Rnpepl1"
"Upregulated","Young CD vs old CD only","Rnps1"
"Upregulated","Young CD vs old CD only","Rpap1"
"Upregulated","Young CD vs old CD only","Rpap3"
"Upregulated","Young CD vs old CD only","Rpl3l"
"Upregulated","Young CD vs old CD only","Rprd1b"
"Upregulated","Young CD vs old CD only","Rps11-ps2"
"Upregulated","Young CD vs old CD only","Rps6ka2"
"Upregulated","Young CD vs old CD only","Rrn3"
"Upregulated","Young CD vs old CD only","Rrnad1"
"Upregulated","Young CD vs old CD only","Rrp1b"
"Upregulated","Young CD vs old CD only","Rrp9"
"Upregulated","Young CD vs old CD only","Rrs1"
"Upregulated","Young CD vs old CD only","Rsad1"
"Upregulated","Young CD vs old CD only","Rsph10b"
"Upregulated","Young CD vs old CD only","Rsrp1"
"Upregulated","Young CD vs old CD only","Rtel1"
"Upregulated","Young CD vs old CD only","Rtkn"
"Upregulated","Young CD vs old CD only","Rusc2"
"Upregulated","Young CD vs old CD only","Ruvbl2"
"Upregulated","Young CD vs old CD only","Rxra"
"Upregulated","Young CD vs old CD only","Rxrb"
"Upregulated","Young CD vs old CD only","Ryk"
"Upregulated","Young CD vs old CD only","Ryr1"
"Upregulated","Young CD vs old CD only","S100pbp"
"Upregulated","Young CD vs old CD only","S1pr3"
"Upregulated","Young CD vs old CD only","Safb"
"Upregulated","Young CD vs old CD only","Safb2"
"Upregulated","Young CD vs old CD only","Samd1"
"Upregulated","Young CD vs old CD only","Samd13"
"Upregulated","Young CD vs old CD only","Samd4"
"Upregulated","Young CD vs old CD only","Sars"
"Upregulated","Young CD vs old CD only","Sart3"
"Upregulated","Young CD vs old CD only","Satb1"
"Upregulated","Young CD vs old CD only","Sav1"
"Upregulated","Young CD vs old CD only","Sbf1"
"Upregulated","Young CD vs old CD only","Sbno1"
"Upregulated","Young CD vs old CD only","Scaf1"
"Upregulated","Young CD vs old CD only","Scaf4"
"Upregulated","Young CD vs old CD only","Scarb1"
"Upregulated","Young CD vs old CD only","Scarf1"
"Upregulated","Young CD vs old CD only","Scarf2"
"Upregulated","Young CD vs old CD only","Scmh1"
"Upregulated","Young CD vs old CD only","Scn1b"
"Upregulated","Young CD vs old CD only","Scn4a"
"Upregulated","Young CD vs old CD only","Scn4b"
"Upregulated","Young CD vs old CD only","Scrib"
"Upregulated","Young CD vs old CD only","Scube2"
"Upregulated","Young CD vs old CD only","Sdc2"
"Upregulated","Young CD vs old CD only","Sdccag3"
"Upregulated","Young CD vs old CD only","Sdha"
"Upregulated","Young CD vs old CD only","Sdr39u1"
"Upregulated","Young CD vs old CD only","Sec14l1"
"Upregulated","Young CD vs old CD only","Sec14l5"
"Upregulated","Young CD vs old CD only","Sec16a"
"Upregulated","Young CD vs old CD only","Sec22c"
"Upregulated","Young CD vs old CD only","Sec24c"
"Upregulated","Young CD vs old CD only","Sec31b"
"Upregulated","Young CD vs old CD only","Sec61a2"
"Upregulated","Young CD vs old CD only","Sel1l3"
"Upregulated","Young CD vs old CD only","Sema4c"
"Upregulated","Young CD vs old CD only","Sema4d"
"Upregulated","Young CD vs old CD only","Sema6c"
"Upregulated","Young CD vs old CD only","Sema6d"
"Upregulated","Young CD vs old CD only","Senp1"
"Upregulated","Young CD vs old CD only","Senp2"
"Upregulated","Young CD vs old CD only","Senp6"
"Upregulated","Young CD vs old CD only","Senp7"
"Upregulated","Young CD vs old CD only","Sephs1"
"Upregulated","Young CD vs old CD only","Sephs2"
"Upregulated","Young CD vs old CD only","Sept4"
"Upregulated","Young CD vs old CD only","Sepw1"
"Upregulated","Young CD vs old CD only","Serpinb1c"
"Upregulated","Young CD vs old CD only","Serpine2"
"Upregulated","Young CD vs old CD only","Sertad4"
"Upregulated","Young CD vs old CD only","Sesn1"
"Upregulated","Young CD vs old CD only","Setbp1"
"Upregulated","Young CD vs old CD only","Setd1a"
"Upregulated","Young CD vs old CD only","Setd1b"
"Upregulated","Young CD vs old CD only","Setd2"
"Upregulated","Young CD vs old CD only","Setd5"
"Upregulated","Young CD vs old CD only","Setd7"
"Upregulated","Young CD vs old CD only","Setd8"
"Upregulated","Young CD vs old CD only","Setdb1"
"Upregulated","Young CD vs old CD only","Sf1"
"Upregulated","Young CD vs old CD only","Sfi1"
"Upregulated","Young CD vs old CD only","Sfrp2"
"Upregulated","Young CD vs old CD only","Sfswap"
"Upregulated","Young CD vs old CD only","Sft2d2"
"Upregulated","Young CD vs old CD only","Sfxn2"
"Upregulated","Young CD vs old CD only","Sfxn3"
"Upregulated","Young CD vs old CD only","Sfxn5"
"Upregulated","Young CD vs old CD only","Sgcb"
"Upregulated","Young CD vs old CD only","Sgsm2"
"Upregulated","Young CD vs old CD only","Sh2b1"
"Upregulated","Young CD vs old CD only","Sh2b3"
"Upregulated","Young CD vs old CD only","Sh3bp1"
"Upregulated","Young CD vs old CD only","Sh3bp5"
"Upregulated","Young CD vs old CD only","Sh3bp5l"
"Upregulated","Young CD vs old CD only","Sh3gl1"
"Upregulated","Young CD vs old CD only","Sh3gl3"
"Upregulated","Young CD vs old CD only","Sh3glb2"
"Upregulated","Young CD vs old CD only","Sh3pxd2a"
"Upregulated","Young CD vs old CD only","Shank3"
"Upregulated","Young CD vs old CD only","Sharpin"
"Upregulated","Young CD vs old CD only","Shisa2"
"Upregulated","Young CD vs old CD only","Siae"
"Upregulated","Young CD vs old CD only","Sidt2"
"Upregulated","Young CD vs old CD only","Sike1"
"Upregulated","Young CD vs old CD only","Sipa1"
"Upregulated","Young CD vs old CD only","Sipa1l2"
"Upregulated","Young CD vs old CD only","Sipa1l3"
"Upregulated","Young CD vs old CD only","Sirt2"
"Upregulated","Young CD vs old CD only","Sirt4"
"Upregulated","Young CD vs old CD only","Sirt6"
"Upregulated","Young CD vs old CD only","Six1"
"Upregulated","Young CD vs old CD only","Six2"
"Upregulated","Young CD vs old CD only","Six4"
"Upregulated","Young CD vs old CD only","Six5"
"Upregulated","Young CD vs old CD only","Ski"
"Upregulated","Young CD vs old CD only","Slc11a2"
"Upregulated","Young CD vs old CD only","Slc12a6"
"Upregulated","Young CD vs old CD only","Slc12a9"
"Upregulated","Young CD vs old CD only","Slc16a10"
"Upregulated","Young CD vs old CD only","Slc16a6"
"Upregulated","Young CD vs old CD only","Slc18a2"
"Upregulated","Young CD vs old CD only","Slc22a17"
"Upregulated","Young CD vs old CD only","Slc22a21"
"Upregulated","Young CD vs old CD only","Slc22a5"
"Upregulated","Young CD vs old CD only","Slc25a12"
"Upregulated","Young CD vs old CD only","Slc25a19"
"Upregulated","Young CD vs old CD only","Slc25a26"
"Upregulated","Young CD vs old CD only","Slc25a27"
"Upregulated","Young CD vs old CD only","Slc25a29"
"Upregulated","Young CD vs old CD only","Slc25a39"
"Upregulated","Young CD vs old CD only","Slc25a42"
"Upregulated","Young CD vs old CD only","Slc25a44"
"Upregulated","Young CD vs old CD only","Slc25a51"
"Upregulated","Young CD vs old CD only","Slc29a2"
"Upregulated","Young CD vs old CD only","Slc2a4"
"Upregulated","Young CD vs old CD only","Slc30a9"
"Upregulated","Young CD vs old CD only","Slc35a2"
"Upregulated","Young CD vs old CD only","Slc35a4"
"Upregulated","Young CD vs old CD only","Slc35c2"
"Upregulated","Young CD vs old CD only","Slc35e1"
"Upregulated","Young CD vs old CD only","Slc35e2"
"Upregulated","Young CD vs old CD only","Slc37a3"
"Upregulated","Young CD vs old CD only","Slc39a1"
"Upregulated","Young CD vs old CD only","Slc39a13"
"Upregulated","Young CD vs old CD only","Slc39a2"
"Upregulated","Young CD vs old CD only","Slc39a3"
"Upregulated","Young CD vs old CD only","Slc41a1"
"Upregulated","Young CD vs old CD only","Slc41a3"
"Upregulated","Young CD vs old CD only","Slc43a1"
"Upregulated","Young CD vs old CD only","Slc44a2"
"Upregulated","Young CD vs old CD only","Slc45a4"
"Upregulated","Young CD vs old CD only","Slc4a2"
"Upregulated","Young CD vs old CD only","Slc6a8"
"Upregulated","Young CD vs old CD only","Slc7a6os"
"Upregulated","Young CD vs old CD only","Smad1"
"Upregulated","Young CD vs old CD only","Smad4"
"Upregulated","Young CD vs old CD only","Smad5"
"Upregulated","Young CD vs old CD only","Smad6"
"Upregulated","Young CD vs old CD only","Smarcb1"
"Upregulated","Young CD vs old CD only","Smarcc2"
"Upregulated","Young CD vs old CD only","Smarcd1"
"Upregulated","Young CD vs old CD only","Smco4"
"Upregulated","Young CD vs old CD only","Smg5"
"Upregulated","Young CD vs old CD only","Smg6"
"Upregulated","Young CD vs old CD only","Smim13"
"Upregulated","Young CD vs old CD only","Smpd1"
"Upregulated","Young CD vs old CD only","Smpd4"
"Upregulated","Young CD vs old CD only","Smtn"
"Upregulated","Young CD vs old CD only","Smug1"
"Upregulated","Young CD vs old CD only","Smurf1"
"Upregulated","Young CD vs old CD only","Smurf2"
"Upregulated","Young CD vs old CD only","Smyd3"
"Upregulated","Young CD vs old CD only","Snap23"
"Upregulated","Young CD vs old CD only","Snap91"
"Upregulated","Young CD vs old CD only","Snapc4"
"Upregulated","Young CD vs old CD only","Snph"
"Upregulated","Young CD vs old CD only","Snrnp70"
"Upregulated","Young CD vs old CD only","Snrpn"
"Upregulated","Young CD vs old CD only","Snx11"
"Upregulated","Young CD vs old CD only","Snx17"
"Upregulated","Young CD vs old CD only","Snx19"
"Upregulated","Young CD vs old CD only","Snx24"
"Upregulated","Young CD vs old CD only","Snx30"
"Upregulated","Young CD vs old CD only","Sobp"
"Upregulated","Young CD vs old CD only","Socs1"
"Upregulated","Young CD vs old CD only","Socs7"
"Upregulated","Young CD vs old CD only","Sod2"
"Upregulated","Young CD vs old CD only","Soga1"
"Upregulated","Young CD vs old CD only","Sos1"
"Upregulated","Young CD vs old CD only","Sos2"
"Upregulated","Young CD vs old CD only","Sox12"
"Upregulated","Young CD vs old CD only","Sox6"
"Upregulated","Young CD vs old CD only","Sox8"
"Upregulated","Young CD vs old CD only","Spaca6"
"Upregulated","Young CD vs old CD only","Spag1"
"Upregulated","Young CD vs old CD only","Spast"
"Upregulated","Young CD vs old CD only","Spata2"
"Upregulated","Young CD vs old CD only","Spats2l"
"Upregulated","Young CD vs old CD only","Specc1l"
"Upregulated","Young CD vs old CD only","Speg"
"Upregulated","Young CD vs old CD only","Spen"
"Upregulated","Young CD vs old CD only","Spg7"
"Upregulated","Young CD vs old CD only","Spns1"
"Upregulated","Young CD vs old CD only","Spop"
"Upregulated","Young CD vs old CD only","Spopl"
"Upregulated","Young CD vs old CD only","Sppl2b"
"Upregulated","Young CD vs old CD only","Sppl3"
"Upregulated","Young CD vs old CD only","Spr"
"Upregulated","Young CD vs old CD only","Spry1"
"Upregulated","Young CD vs old CD only","Spry2"
"Upregulated","Young CD vs old CD only","Spryd3"
"Upregulated","Young CD vs old CD only","Spsb4"
"Upregulated","Young CD vs old CD only","Sptb"
"Upregulated","Young CD vs old CD only","Srcap"
"Upregulated","Young CD vs old CD only","Srcin1"
"Upregulated","Young CD vs old CD only","Srebf1"
"Upregulated","Young CD vs old CD only","Srek1"
"Upregulated","Young CD vs old CD only","Srf"
"Upregulated","Young CD vs old CD only","Srgap2"
"Upregulated","Young CD vs old CD only","Srl"
"Upregulated","Young CD vs old CD only","Srpr"
"Upregulated","Young CD vs old CD only","Srr"
"Upregulated","Young CD vs old CD only","Srrm1"
"Upregulated","Young CD vs old CD only","Srrm2"
"Upregulated","Young CD vs old CD only","Srrt"
"Upregulated","Young CD vs old CD only","Srsf2"
"Upregulated","Young CD vs old CD only","Srsf4"
"Upregulated","Young CD vs old CD only","Srsf6"
"Upregulated","Young CD vs old CD only","Srsf9"
"Upregulated","Young CD vs old CD only","Ss18l1"
"Upregulated","Young CD vs old CD only","Ssc5d"
"Upregulated","Young CD vs old CD only","Ssh1"
"Upregulated","Young CD vs old CD only","Sspn"
"Upregulated","Young CD vs old CD only","Ssx2ip"
"Upregulated","Young CD vs old CD only","St3gal2"
"Upregulated","Young CD vs old CD only","St3gal3"
"Upregulated","Young CD vs old CD only","St6galnac4"
"Upregulated","Young CD vs old CD only","St6galnac6"
"Upregulated","Young CD vs old CD only","Stac3"
"Upregulated","Young CD vs old CD only","Star"
"Upregulated","Young CD vs old CD only","Stard8"
"Upregulated","Young CD vs old CD only","Stard9"
"Upregulated","Young CD vs old CD only","Stat2"
"Upregulated","Young CD vs old CD only","Stat5b"
"Upregulated","Young CD vs old CD only","Stc2"
"Upregulated","Young CD vs old CD only","Steap3"
"Upregulated","Young CD vs old CD only","Stim1"
"Upregulated","Young CD vs old CD only","Stk11"
"Upregulated","Young CD vs old CD only","Stk38"
"Upregulated","Young CD vs old CD only","Ston2"
"Upregulated","Young CD vs old CD only","Stox2"
"Upregulated","Young CD vs old CD only","Stradb"
"Upregulated","Young CD vs old CD only","Strbp"
"Upregulated","Young CD vs old CD only","Strip1"
"Upregulated","Young CD vs old CD only","Stub1"
"Upregulated","Young CD vs old CD only","Stx16"
"Upregulated","Young CD vs old CD only","Stx17"
"Upregulated","Young CD vs old CD only","Stx1b"
"Upregulated","Young CD vs old CD only","Styx"
"Upregulated","Young CD vs old CD only","Suds3"
"Upregulated","Young CD vs old CD only","Sufu"
"Upregulated","Young CD vs old CD only","Sugp2"
"Upregulated","Young CD vs old CD only","Sumf2"
"Upregulated","Young CD vs old CD only","Sun1"
"Upregulated","Young CD vs old CD only","Sun2"
"Upregulated","Young CD vs old CD only","Supv3l1"
"Upregulated","Young CD vs old CD only","Suv420h1"
"Upregulated","Young CD vs old CD only","Suv420h2"
"Upregulated","Young CD vs old CD only","Svil"
"Upregulated","Young CD vs old CD only","Sympk"
"Upregulated","Young CD vs old CD only","Syne4"
"Upregulated","Young CD vs old CD only","Synm"
"Upregulated","Young CD vs old CD only","Synpo2l"
"Upregulated","Young CD vs old CD only","Sypl2"
"Upregulated","Young CD vs old CD only","Syt15"
"Upregulated","Young CD vs old CD only","Szrd1"
"Upregulated","Young CD vs old CD only","Szt2"
"Upregulated","Young CD vs old CD only","TIGD5"
"Upregulated","Young CD vs old CD only","Tab2"
"Upregulated","Young CD vs old CD only","Tada2b"
"Upregulated","Young CD vs old CD only","Tada3"
"Upregulated","Young CD vs old CD only","Taf1a"
"Upregulated","Young CD vs old CD only","Taf3"
"Upregulated","Young CD vs old CD only","Taf4a"
"Upregulated","Young CD vs old CD only","Taf5"
"Upregulated","Young CD vs old CD only","Taf5l"
"Upregulated","Young CD vs old CD only","Taf8"
"Upregulated","Young CD vs old CD only","Tagln3"
"Upregulated","Young CD vs old CD only","Tamm41"
"Upregulated","Young CD vs old CD only","Tango6"
"Upregulated","Young CD vs old CD only","Taok2"
"Upregulated","Young CD vs old CD only","Tap2"
"Upregulated","Young CD vs old CD only","Taz"
"Upregulated","Young CD vs old CD only","Tbc1d10b"
"Upregulated","Young CD vs old CD only","Tbc1d16"
"Upregulated","Young CD vs old CD only","Tbc1d22b"
"Upregulated","Young CD vs old CD only","Tbc1d24"
"Upregulated","Young CD vs old CD only","Tbc1d9b"
"Upregulated","Young CD vs old CD only","Tbcel"
"Upregulated","Young CD vs old CD only","Tbkbp1"
"Upregulated","Young CD vs old CD only","Tbx4"
"Upregulated","Young CD vs old CD only","Tcea3"
"Upregulated","Young CD vs old CD only","Tceanc2"
"Upregulated","Young CD vs old CD only","Tceb3"
"Upregulated","Young CD vs old CD only","Tcerg1"
"Upregulated","Young CD vs old CD only","Tcf25"
"Upregulated","Young CD vs old CD only","Tcf3"
"Upregulated","Young CD vs old CD only","Tchp"
"Upregulated","Young CD vs old CD only","Tcirg1"
"Upregulated","Young CD vs old CD only","Tcof1"
"Upregulated","Young CD vs old CD only","Tctn1"
"Upregulated","Young CD vs old CD only","Tdg"
"Upregulated","Young CD vs old CD only","Tead1"
"Upregulated","Young CD vs old CD only","Tead3"
"Upregulated","Young CD vs old CD only","Tecpr1"
"Upregulated","Young CD vs old CD only","Tecpr2"
"Upregulated","Young CD vs old CD only","Teddm2"
"Upregulated","Young CD vs old CD only","Telo2"
"Upregulated","Young CD vs old CD only","Tenm3"
"Upregulated","Young CD vs old CD only","Terf2"
"Upregulated","Young CD vs old CD only","Tesk1"
"Upregulated","Young CD vs old CD only","Tet1"
"Upregulated","Young CD vs old CD only","Tet2"
"Upregulated","Young CD vs old CD only","Tet3"
"Upregulated","Young CD vs old CD only","Tex261"
"Upregulated","Young CD vs old CD only","Tex38"
"Upregulated","Young CD vs old CD only","Tfap4"
"Upregulated","Young CD vs old CD only","Tfcp2"
"Upregulated","Young CD vs old CD only","Tfe3"
"Upregulated","Young CD vs old CD only","Tgfbr3l"
"Upregulated","Young CD vs old CD only","Tgm4"
"Upregulated","Young CD vs old CD only","Thap2"
"Upregulated","Young CD vs old CD only","Them6"
"Upregulated","Young CD vs old CD only","Thra"
"Upregulated","Young CD vs old CD only","Thtpa"
"Upregulated","Young CD vs old CD only","Tial1"
"Upregulated","Young CD vs old CD only","Tiam1"
"Upregulated","Young CD vs old CD only","Tie1"
"Upregulated","Young CD vs old CD only","Timeless"
"Upregulated","Young CD vs old CD only","Timm44"
"Upregulated","Young CD vs old CD only","Timp2"
"Upregulated","Young CD vs old CD only","Tjap1"
"Upregulated","Young CD vs old CD only","Tk1"
"Upregulated","Young CD vs old CD only","Tle2"
"Upregulated","Young CD vs old CD only","Tle4"
"Upregulated","Young CD vs old CD only","Tlk1"
"Upregulated","Young CD vs old CD only","Tll1"
"Upregulated","Young CD vs old CD only","Tm9sf1"
"Upregulated","Young CD vs old CD only","Tmcc2"
"Upregulated","Young CD vs old CD only","Tmem109"
"Upregulated","Young CD vs old CD only","Tmem110"
"Upregulated","Young CD vs old CD only","Tmem117"
"Upregulated","Young CD vs old CD only","Tmem134"
"Upregulated","Young CD vs old CD only","Tmem143"
"Upregulated","Young CD vs old CD only","Tmem150a"
"Upregulated","Young CD vs old CD only","Tmem170b"
"Upregulated","Young CD vs old CD only","Tmem178b"
"Upregulated","Young CD vs old CD only","Tmem184b"
"Upregulated","Young CD vs old CD only","Tmem191c"
"Upregulated","Young CD vs old CD only","Tmem198b"
"Upregulated","Young CD vs old CD only","Tmem201"
"Upregulated","Young CD vs old CD only","Tmem233"
"Upregulated","Young CD vs old CD only","Tmem25"
"Upregulated","Young CD vs old CD only","Tmem263"
"Upregulated","Young CD vs old CD only","Tmem39a"
"Upregulated","Young CD vs old CD only","Tmem44"
"Upregulated","Young CD vs old CD only","Tmem63a"
"Upregulated","Young CD vs old CD only","Tmem64"
"Upregulated","Young CD vs old CD only","Tmem8b"
"Upregulated","Young CD vs old CD only","Tmtc1"
"Upregulated","Young CD vs old CD only","Tmub1"
"Upregulated","Young CD vs old CD only","Tnfaip1"
"Upregulated","Young CD vs old CD only","Tnfaip2"
"Upregulated","Young CD vs old CD only","Tnfrsf18"
"Upregulated","Young CD vs old CD only","Tnfrsf19"
"Upregulated","Young CD vs old CD only","Tnfrsf25"
"Upregulated","Young CD vs old CD only","Tnfrsf4"
"Upregulated","Young CD vs old CD only","Tnk2"
"Upregulated","Young CD vs old CD only","Tnpo2"
"Upregulated","Young CD vs old CD only","Tnrc18"
"Upregulated","Young CD vs old CD only","Tnrc6a"
"Upregulated","Young CD vs old CD only","Tnrc6b"
"Upregulated","Young CD vs old CD only","Tnrc6c"
"Upregulated","Young CD vs old CD only","Tnxb"
"Upregulated","Young CD vs old CD only","Tob2"
"Upregulated","Young CD vs old CD only","Top2b"
"Upregulated","Young CD vs old CD only","Top3b"
"Upregulated","Young CD vs old CD only","Tor1aip1"
"Upregulated","Young CD vs old CD only","Tpcn1"
"Upregulated","Young CD vs old CD only","Tpm2"
"Upregulated","Young CD vs old CD only","Trabd"
"Upregulated","Young CD vs old CD only","Traf3ip1"
"Upregulated","Young CD vs old CD only","Traf5"
"Upregulated","Young CD vs old CD only","Trak1"
"Upregulated","Young CD vs old CD only","Trak2"
"Upregulated","Young CD vs old CD only","Trappc6b"
"Upregulated","Young CD vs old CD only","Trappc8"
"Upregulated","Young CD vs old CD only","Trappc9"
"Upregulated","Young CD vs old CD only","Trib2"
"Upregulated","Young CD vs old CD only","Trim11"
"Upregulated","Young CD vs old CD only","Trim24"
"Upregulated","Young CD vs old CD only","Trim26"
"Upregulated","Young CD vs old CD only","Trim27"
"Upregulated","Young CD vs old CD only","Trim28"
"Upregulated","Young CD vs old CD only","Trim35"
"Upregulated","Young CD vs old CD only","Trim39"
"Upregulated","Young CD vs old CD only","Trim41"
"Upregulated","Young CD vs old CD only","Trim43a"
"Upregulated","Young CD vs old CD only","Trim56"
"Upregulated","Young CD vs old CD only","Trim65"
"Upregulated","Young CD vs old CD only","Trim72"
"Upregulated","Young CD vs old CD only","Trim8"
"Upregulated","Young CD vs old CD only","Trio"
"Upregulated","Young CD vs old CD only","Triobp"
"Upregulated","Young CD vs old CD only","Trip10"
"Upregulated","Young CD vs old CD only","Trmt1l"
"Upregulated","Young CD vs old CD only","Trp53"
"Upregulated","Young CD vs old CD only","Trp53i11"
"Upregulated","Young CD vs old CD only","Trp53rk"
"Upregulated","Young CD vs old CD only","Trpc2"
"Upregulated","Young CD vs old CD only","Trpc3"
"Upregulated","Young CD vs old CD only","Trpm4"
"Upregulated","Young CD vs old CD only","Trrap"
"Upregulated","Young CD vs old CD only","Trub1"
"Upregulated","Young CD vs old CD only","Tsc1"
"Upregulated","Young CD vs old CD only","Tsc2"
"Upregulated","Young CD vs old CD only","Tsc22d2"
"Upregulated","Young CD vs old CD only","Tshz3"
"Upregulated","Young CD vs old CD only","Tspan14"
"Upregulated","Young CD vs old CD only","Tspyl2"
"Upregulated","Young CD vs old CD only","Tssc4"
"Upregulated","Young CD vs old CD only","Tst"
"Upregulated","Young CD vs old CD only","Ttc28"
"Upregulated","Young CD vs old CD only","Ttll3"
"Upregulated","Young CD vs old CD only","Ttll4"
"Upregulated","Young CD vs old CD only","Ttn"
"Upregulated","Young CD vs old CD only","Ttyh2"
"Upregulated","Young CD vs old CD only","Ttyh3"
"Upregulated","Young CD vs old CD only","Tuba8"
"Upregulated","Young CD vs old CD only","Tubd1"
"Upregulated","Young CD vs old CD only","Tubg1"
"Upregulated","Young CD vs old CD only","Tubgcp6"
"Upregulated","Young CD vs old CD only","Tug1"
"Upregulated","Young CD vs old CD only","Tusc2"
"Upregulated","Young CD vs old CD only","Twist1"
"Upregulated","Young CD vs old CD only","Txlna"
"Upregulated","Young CD vs old CD only","Txlnb"
"Upregulated","Young CD vs old CD only","Tyw3"
"Upregulated","Young CD vs old CD only","U2af2"
"Upregulated","Young CD vs old CD only","Uaca"
"Upregulated","Young CD vs old CD only","Uba7"
"Upregulated","Young CD vs old CD only","Ubap1"
"Upregulated","Young CD vs old CD only","Ubap2"
"Upregulated","Young CD vs old CD only","Ubap2l"
"Upregulated","Young CD vs old CD only","Ube2d1"
"Upregulated","Young CD vs old CD only","Ube2f"
"Upregulated","Young CD vs old CD only","Ube2g1"
"Upregulated","Young CD vs old CD only","Ube2h"
"Upregulated","Young CD vs old CD only","Ube2j2"
"Upregulated","Young CD vs old CD only","Ube2q1"
"Upregulated","Young CD vs old CD only","Ube2r2"
"Upregulated","Young CD vs old CD only","Ube3b"
"Upregulated","Young CD vs old CD only","Ubiad1"
"Upregulated","Young CD vs old CD only","Ubl3"
"Upregulated","Young CD vs old CD only","Ubn1"
"Upregulated","Young CD vs old CD only","Ubox5"
"Upregulated","Young CD vs old CD only","Ubp1"
"Upregulated","Young CD vs old CD only","Ubqln2"
"Upregulated","Young CD vs old CD only","Ubqln4"
"Upregulated","Young CD vs old CD only","Ubr2"
"Upregulated","Young CD vs old CD only","Ubr5"
"Upregulated","Young CD vs old CD only","Ubtd2"
"Upregulated","Young CD vs old CD only","Ubtf"
"Upregulated","Young CD vs old CD only","Ufsp1"
"Upregulated","Young CD vs old CD only","Uggt2"
"Upregulated","Young CD vs old CD only","Uhrf1bp1"
"Upregulated","Young CD vs old CD only","Ulk1"
"Upregulated","Young CD vs old CD only","Ulk2"
"Upregulated","Young CD vs old CD only","Unc119b"
"Upregulated","Young CD vs old CD only","Unc13a"
"Upregulated","Young CD vs old CD only","Unc45a"
"Upregulated","Young CD vs old CD only","Unc45b"
"Upregulated","Young CD vs old CD only","Unc5b"
"Upregulated","Young CD vs old CD only","Upf1"
"Upregulated","Young CD vs old CD only","Urb1"
"Upregulated","Young CD vs old CD only","Urb2"
"Upregulated","Young CD vs old CD only","Usf1"
"Upregulated","Young CD vs old CD only","Usf2"
"Upregulated","Young CD vs old CD only","Ushbp1"
"Upregulated","Young CD vs old CD only","Usp10"
"Upregulated","Young CD vs old CD only","Usp19"
"Upregulated","Young CD vs old CD only","Usp21"
"Upregulated","Young CD vs old CD only","Usp24"
"Upregulated","Young CD vs old CD only","Usp29"
"Upregulated","Young CD vs old CD only","Usp36"
"Upregulated","Young CD vs old CD only","Usp42"
"Upregulated","Young CD vs old CD only","Usp44"
"Upregulated","Young CD vs old CD only","Usp48"
"Upregulated","Young CD vs old CD only","Usp7"
"Upregulated","Young CD vs old CD only","Vamp1"
"Upregulated","Young CD vs old CD only","Vamp2"
"Upregulated","Young CD vs old CD only","Vangl2"
"Upregulated","Young CD vs old CD only","Vapb"
"Upregulated","Young CD vs old CD only","Vars2"
"Upregulated","Young CD vs old CD only","Vasp"
"Upregulated","Young CD vs old CD only","Vdac1"
"Upregulated","Young CD vs old CD only","Vegfa"
"Upregulated","Young CD vs old CD only","Vegfb"
"Upregulated","Young CD vs old CD only","Vezf1"
"Upregulated","Young CD vs old CD only","Vgll4"
"Upregulated","Young CD vs old CD only","Vkorc1l1"
"Upregulated","Young CD vs old CD only","Vps26b"
"Upregulated","Young CD vs old CD only","Vps4a"
"Upregulated","Young CD vs old CD only","Vps54"
"Upregulated","Young CD vs old CD only","Vps9d1"
"Upregulated","Young CD vs old CD only","Vsig10l"
"Upregulated","Young CD vs old CD only","Vwa7"
"Upregulated","Young CD vs old CD only","WI1-1616M8.3"
"Upregulated","Young CD vs old CD only","WI1-1981I9.3"
"Upregulated","Young CD vs old CD only","Wbp11"
"Upregulated","Young CD vs old CD only","Wbscr16"
"Upregulated","Young CD vs old CD only","Wdfy1"
"Upregulated","Young CD vs old CD only","Wdfy3"
"Upregulated","Young CD vs old CD only","Wdr19"
"Upregulated","Young CD vs old CD only","Wdr24"
"Upregulated","Young CD vs old CD only","Wdr4"
"Upregulated","Young CD vs old CD only","Wdr5"
"Upregulated","Young CD vs old CD only","Wdr54"
"Upregulated","Young CD vs old CD only","Wdr6"
"Upregulated","Young CD vs old CD only","Wdr77"
"Upregulated","Young CD vs old CD only","Wdsub1"
"Upregulated","Young CD vs old CD only","Wdtc1"
"Upregulated","Young CD vs old CD only","Wif1"
"Upregulated","Young CD vs old CD only","Wipf1"
"Upregulated","Young CD vs old CD only","Wipf2"
"Upregulated","Young CD vs old CD only","Wipf3"
"Upregulated","Young CD vs old CD only","Wipi2"
"Upregulated","Young CD vs old CD only","Wnk2"
"Upregulated","Young CD vs old CD only","Wnt2b"
"Upregulated","Young CD vs old CD only","Wnt4"
"Upregulated","Young CD vs old CD only","Wnt5a"
"Upregulated","Young CD vs old CD only","Wrb"
"Upregulated","Young CD vs old CD only","Wwox"
"Upregulated","Young CD vs old CD only","Xkr6"
"Upregulated","Young CD vs old CD only","Xlr3a"
"Upregulated","Young CD vs old CD only","Xndc1"
"Upregulated","Young CD vs old CD only","Xpo6"
"Upregulated","Young CD vs old CD only","Xpot"
"Upregulated","Young CD vs old CD only","Xpr1"
"Upregulated","Young CD vs old CD only","Xrcc2"
"Upregulated","Young CD vs old CD only","Xrcc3"
"Upregulated","Young CD vs old CD only","Xylt1"
"Upregulated","Young CD vs old CD only","Xylt2"
"Upregulated","Young CD vs old CD only","Yars"
"Upregulated","Young CD vs old CD only","Ybey"
"Upregulated","Young CD vs old CD only","Ybx2"
"Upregulated","Young CD vs old CD only","Yeats2"
"Upregulated","Young CD vs old CD only","Ylpm1"
"Upregulated","Young CD vs old CD only","Ypel1"
"Upregulated","Young CD vs old CD only","Ythdc1"
"Upregulated","Young CD vs old CD only","Yy1"
"Upregulated","Young CD vs old CD only","Zadh2"
"Upregulated","Young CD vs old CD only","Zbed4"
"Upregulated","Young CD vs old CD only","Zbtb12"
"Upregulated","Young CD vs old CD only","Zbtb14"
"Upregulated","Young CD vs old CD only","Zbtb18"
"Upregulated","Young CD vs old CD only","Zbtb25"
"Upregulated","Young CD vs old CD only","Zbtb34"
"Upregulated","Young CD vs old CD only","Zbtb39"
"Upregulated","Young CD vs old CD only","Zbtb4"
"Upregulated","Young CD vs old CD only","Zbtb44"
"Upregulated","Young CD vs old CD only","Zbtb49"
"Upregulated","Young CD vs old CD only","Zbtb5"
"Upregulated","Young CD vs old CD only","Zbtb7a"
"Upregulated","Young CD vs old CD only","Zbtb7b"
"Upregulated","Young CD vs old CD only","Zc3h11a"
"Upregulated","Young CD vs old CD only","Zc3h13"
"Upregulated","Young CD vs old CD only","Zc3h18"
"Upregulated","Young CD vs old CD only","Zc3h3"
"Upregulated","Young CD vs old CD only","Zc3h4"
"Upregulated","Young CD vs old CD only","Zc3hav1l"
"Upregulated","Young CD vs old CD only","Zcchc11"
"Upregulated","Young CD vs old CD only","Zcchc24"
"Upregulated","Young CD vs old CD only","Zcchc5"
"Upregulated","Young CD vs old CD only","Zcchc7"
"Upregulated","Young CD vs old CD only","Zcchc8"
"Upregulated","Young CD vs old CD only","Zcchc9"
"Upregulated","Young CD vs old CD only","Zdbf2"
"Upregulated","Young CD vs old CD only","Zdhhc5"
"Upregulated","Young CD vs old CD only","Zdhhc6"
"Upregulated","Young CD vs old CD only","Zdhhc7"
"Upregulated","Young CD vs old CD only","Zdhhc8"
"Upregulated","Young CD vs old CD only","Zeb1"
"Upregulated","Young CD vs old CD only","Zer1"
"Upregulated","Young CD vs old CD only","Zfhx2"
"Upregulated","Young CD vs old CD only","Zfhx3"
"Upregulated","Young CD vs old CD only","Zfhx4"
"Upregulated","Young CD vs old CD only","Zfp106"
"Upregulated","Young CD vs old CD only","Zfp13"
"Upregulated","Young CD vs old CD only","Zfp14"
"Upregulated","Young CD vs old CD only","Zfp142"
"Upregulated","Young CD vs old CD only","Zfp143"
"Upregulated","Young CD vs old CD only","Zfp146"
"Upregulated","Young CD vs old CD only","Zfp180"
"Upregulated","Young CD vs old CD only","Zfp219"
"Upregulated","Young CD vs old CD only","Zfp236"
"Upregulated","Young CD vs old CD only","Zfp263"
"Upregulated","Young CD vs old CD only","Zfp275"
"Upregulated","Young CD vs old CD only","Zfp276"
"Upregulated","Young CD vs old CD only","Zfp280b"
"Upregulated","Young CD vs old CD only","Zfp282"
"Upregulated","Young CD vs old CD only","Zfp30"
"Upregulated","Young CD vs old CD only","Zfp317"
"Upregulated","Young CD vs old CD only","Zfp319"
"Upregulated","Young CD vs old CD only","Zfp354c"
"Upregulated","Young CD vs old CD only","Zfp362"
"Upregulated","Young CD vs old CD only","Zfp384"
"Upregulated","Young CD vs old CD only","Zfp385b"
"Upregulated","Young CD vs old CD only","Zfp395"
"Upregulated","Young CD vs old CD only","Zfp41"
"Upregulated","Young CD vs old CD only","Zfp446"
"Upregulated","Young CD vs old CD only","Zfp462"
"Upregulated","Young CD vs old CD only","Zfp467"
"Upregulated","Young CD vs old CD only","Zfp503"
"Upregulated","Young CD vs old CD only","Zfp507"
"Upregulated","Young CD vs old CD only","Zfp512"
"Upregulated","Young CD vs old CD only","Zfp516"
"Upregulated","Young CD vs old CD only","Zfp518b"
"Upregulated","Young CD vs old CD only","Zfp523"
"Upregulated","Young CD vs old CD only","Zfp526"
"Upregulated","Young CD vs old CD only","Zfp532"
"Upregulated","Young CD vs old CD only","Zfp579"
"Upregulated","Young CD vs old CD only","Zfp592"
"Upregulated","Young CD vs old CD only","Zfp609"
"Upregulated","Young CD vs old CD only","Zfp618"
"Upregulated","Young CD vs old CD only","Zfp628"
"Upregulated","Young CD vs old CD only","Zfp629"
"Upregulated","Young CD vs old CD only","Zfp639"
"Upregulated","Young CD vs old CD only","Zfp651"
"Upregulated","Young CD vs old CD only","Zfp652"
"Upregulated","Young CD vs old CD only","Zfp653"
"Upregulated","Young CD vs old CD only","Zfp654"
"Upregulated","Young CD vs old CD only","Zfp661"
"Upregulated","Young CD vs old CD only","Zfp689"
"Upregulated","Young CD vs old CD only","Zfp691"
"Upregulated","Young CD vs old CD only","Zfp692"
"Upregulated","Young CD vs old CD only","Zfp704"
"Upregulated","Young CD vs old CD only","Zfp710"
"Upregulated","Young CD vs old CD only","Zfp74"
"Upregulated","Young CD vs old CD only","Zfp740"
"Upregulated","Young CD vs old CD only","Zfp768"
"Upregulated","Young CD vs old CD only","Zfp775"
"Upregulated","Young CD vs old CD only","Zfp777"
"Upregulated","Young CD vs old CD only","Zfp827"
"Upregulated","Young CD vs old CD only","Zfp830"
"Upregulated","Young CD vs old CD only","Zfp846"
"Upregulated","Young CD vs old CD only","Zfp91"
"Upregulated","Young CD vs old CD only","Zfp956"
"Upregulated","Young CD vs old CD only","Zfyve20"
"Upregulated","Young CD vs old CD only","Zfyve21"
"Upregulated","Young CD vs old CD only","Zfyve26"
"Upregulated","Young CD vs old CD only","Zfyve9"
"Upregulated","Young CD vs old CD only","Zgpat"
"Upregulated","Young CD vs old CD only","Zhx3"
"Upregulated","Young CD vs old CD only","Zkscan17"
"Upregulated","Young CD vs old CD only","Zkscan3"
"Upregulated","Young CD vs old CD only","Zkscan7"
"Upregulated","Young CD vs old CD only","Zmat3"
"Upregulated","Young CD vs old CD only","Zmiz2"
"Upregulated","Young CD vs old CD only","Zmym3"
"Upregulated","Young CD vs old CD only","Zmym5"
"Upregulated","Young CD vs old CD only","Zmynd11"
"Upregulated","Young CD vs old CD only","Zmynd19"
"Upregulated","Young CD vs old CD only","Znf512b"
"Upregulated","Young CD vs old CD only","Znfx1"
"Upregulated","Young CD vs old CD only","Znrf1"
"Upregulated","Young CD vs old CD only","Znrf2"
"Upregulated","Young CD vs old CD only","Zscan20"
"Upregulated","Young CD vs old CD only","Zswim1"
"Upregulated","Young CD vs old CD only","Zswim8"
"Downregulated","Old ID vs old CD only","0610009E02Rik"
"Downregulated","Old ID vs old CD only","2510003E04Rik"
"Downregulated","Old ID vs old CD only","2510009E07Rik"
"Downregulated","Old ID vs old CD only","2810039B14Rik"
"Downregulated","Old ID vs old CD only","3110043O21Rik"
"Downregulated","Old ID vs old CD only","Ankrd40"
"Downregulated","Old ID vs old CD only","Arl2bp"
"Downregulated","Old ID vs old CD only","Arl5b"
"Downregulated","Old ID vs old CD only","Armc6"
"Downregulated","Old ID vs old CD only","Atf5"
"Downregulated","Old ID vs old CD only","Atg7"
"Downregulated","Old ID vs old CD only","Auts2"
"Downregulated","Old ID vs old CD only","B230312C02Rik"
"Downregulated","Old ID vs old CD only","Ccdc34"
"Downregulated","Old ID vs old CD only","Cln5"
"Downregulated","Old ID vs old CD only","Coa3"
"Downregulated","Old ID vs old CD only","Cox10"
"Downregulated","Old ID vs old CD only","Csgalnact2"
"Downregulated","Old ID vs old CD only","Cuta"
"Downregulated","Old ID vs old CD only","Cyb5r1"
"Downregulated","Old ID vs old CD only","Ddah1"
"Downregulated","Old ID vs old CD only","Dffa"
"Downregulated","Old ID vs old CD only","Dfna5"
"Downregulated","Old ID vs old CD only","Fam169a"
"Downregulated","Old ID vs old CD only","Fam49b"
"Downregulated","Old ID vs old CD only","Fam63a"
"Downregulated","Old ID vs old CD only","Fastkd3"
"Downregulated","Old ID vs old CD only","G3bp2"
"Downregulated","Old ID vs old CD only","Gdpd1"
"Downregulated","Old ID vs old CD only","Gins2"
"Downregulated","Old ID vs old CD only","Gm28229"
"Downregulated","Old ID vs old CD only","Gm29170"
"Downregulated","Old ID vs old CD only","Gnb3"
"Downregulated","Old ID vs old CD only","Gtf2a1"
"Downregulated","Old ID vs old CD only","Haghl"
"Downregulated","Old ID vs old CD only","Hebp1"
"Downregulated","Old ID vs old CD only","Hoxa10"
"Downregulated","Old ID vs old CD only","Ino80c"
"Downregulated","Old ID vs old CD only","Itgb6"
"Downregulated","Old ID vs old CD only","Kcnc1"
"Downregulated","Old ID vs old CD only","Kif26b"
"Downregulated","Old ID vs old CD only","Larp7"
"Downregulated","Old ID vs old CD only","Lpgat1"
"Downregulated","Old ID vs old CD only","Lphn1"
"Downregulated","Old ID vs old CD only","Lyrm7"
"Downregulated","Old ID vs old CD only","Map3k7"
"Downregulated","Old ID vs old CD only","Mef2c"
"Downregulated","Old ID vs old CD only","Mmgt1"
"Downregulated","Old ID vs old CD only","Mob1b"
"Downregulated","Old ID vs old CD only","Mrgprh"
"Downregulated","Old ID vs old CD only","Msi2"
"Downregulated","Old ID vs old CD only","Nfib"
"Downregulated","Old ID vs old CD only","Nr3c2"
"Downregulated","Old ID vs old CD only","Nsun4"
"Downregulated","Old ID vs old CD only","Nucks1"
"Downregulated","Old ID vs old CD only","Nudt4"
"Downregulated","Old ID vs old CD only","Ostm1"
"Downregulated","Old ID vs old CD only","Otub2"
"Downregulated","Old ID vs old CD only","Paqr7"
"Downregulated","Old ID vs old CD only","Pbx3"
"Downregulated","Old ID vs old CD only","Pds5a"
"Downregulated","Old ID vs old CD only","Pigk"
"Downregulated","Old ID vs old CD only","Pigv"
"Downregulated","Old ID vs old CD only","Pigyl"
"Downregulated","Old ID vs old CD only","Pphln1"
"Downregulated","Old ID vs old CD only","Ppic"
"Downregulated","Old ID vs old CD only","Psph"
"Downregulated","Old ID vs old CD only","Ptges2"
"Downregulated","Old ID vs old CD only","Rab3a"
"Downregulated","Old ID vs old CD only","Rabl3"
"Downregulated","Old ID vs old CD only","Rc3h2"
"Downregulated","Old ID vs old CD only","Rdh9"
"Downregulated","Old ID vs old CD only","Rhoq"
"Downregulated","Old ID vs old CD only","Rnf103"
"Downregulated","Old ID vs old CD only","Setd6"
"Downregulated","Old ID vs old CD only","Socs6"
"Downregulated","Old ID vs old CD only","St8sia5"
"Downregulated","Old ID vs old CD only","Tmub2"
"Downregulated","Old ID vs old CD only","Trim67"
"Downregulated","Old ID vs old CD only","Trp53inp2"
"Downregulated","Old ID vs old CD only","Tsc22d1"
"Downregulated","Old ID vs old CD only","Ttc13"
"Downregulated","Old ID vs old CD only","Ttc9c"
"Downregulated","Old ID vs old CD only","Ube2h"
"Downregulated","Old ID vs old CD only","Wisp2"
"Downregulated","Old ID vs old CD only","Ykt6"
"Downregulated","Old ID vs old CD only","Zdhhc21"
"Downregulated","Old ID vs old CD only","mt-Nd2"
"Downregulated","Shared","2200002D01Rik"
"Downregulated","Shared","Abcb7"
"Downregulated","Shared","Acot8"
"Downregulated","Shared","Ahsg"
"Downregulated","Shared","Aldh3a2"
"Downregulated","Shared","Anp32e"
"Downregulated","Shared","Bcl6"
"Downregulated","Shared","Cab39"
"Downregulated","Shared","Canx"
"Downregulated","Shared","Cdc5l"
"Downregulated","Shared","Cela1"
"Downregulated","Shared","Copz1"
"Downregulated","Shared","Cstb"
"Downregulated","Shared","Cyp4f14"
"Downregulated","Shared","Dctn3"
"Downregulated","Shared","Ddc"
"Downregulated","Shared","Dera"
"Downregulated","Shared","Dnm1l"
"Downregulated","Shared","Eif5b"
"Downregulated","Shared","Epha7"
"Downregulated","Shared","F10"
"Downregulated","Shared","Fam73a"
"Downregulated","Shared","Fam83h"
"Downregulated","Shared","Fat3"
"Downregulated","Shared","Folh1"
"Downregulated","Shared","Fuca2"
"Downregulated","Shared","Gc"
"Downregulated","Shared","Glrx"
"Downregulated","Shared","Gm12725"
"Downregulated","Shared","Gsta3"
"Downregulated","Shared","Hspa5"
"Downregulated","Shared","Lbp"
"Downregulated","Shared","Lep"
"Downregulated","Shared","Map1lc3a"
"Downregulated","Shared","Mcfd2"
"Downregulated","Shared","Mettl18"
"Downregulated","Shared","Mib1"
"Downregulated","Shared","Mpzl3"
"Downregulated","Shared","Msra"
"Downregulated","Shared","Mup3"
"Downregulated","Shared","Nme1"
"Downregulated","Shared","Npr3"
"Downregulated","Shared","Nudt1"
"Downregulated","Shared","Pde12"
"Downregulated","Shared","Pik3r3"
"Downregulated","Shared","Pkp2"
"Downregulated","Shared","Ppp1r15a"
"Downregulated","Shared","Prdx6"
"Downregulated","Shared","Ric3"
"Downregulated","Shared","Rngtt"
"Downregulated","Shared","Rpn1"
"Downregulated","Shared","Scarb2"
"Downregulated","Shared","Scx"
"Downregulated","Shared","Serpina1c"
"Downregulated","Shared","Serpina3n"
"Downregulated","Shared","Slc4a7"
"Downregulated","Shared","Slc5a3"
"Downregulated","Shared","Slmo2"
"Downregulated","Shared","Sncg"
"Downregulated","Shared","Suco"
"Downregulated","Shared","Syt9"
"Downregulated","Shared","Tmem132b"
"Downregulated","Shared","Tmem182"
"Downregulated","Shared","Tmem19"
"Downregulated","Shared","Tmem37"
"Downregulated","Shared","Tmx2"
"Downregulated","Shared","Tspan17"
"Downregulated","Shared","Ttr"
"Downregulated","Shared","Wfdc21"
"Downregulated","Shared","Zmpste24"
"Downregulated","Young CD vs old CD only","0610040J01Rik"
"Downregulated","Young CD vs old CD only","1110032A03Rik"
"Downregulated","Young CD vs old CD only","1110046J04Rik"
"Downregulated","Young CD vs old CD only","1110058L19Rik"
"Downregulated","Young CD vs old CD only","1110059E24Rik"
"Downregulated","Young CD vs old CD only","1300017J02Rik"
"Downregulated","Young CD vs old CD only","1500017E21Rik"
"Downregulated","Young CD vs old CD only","1700037H04Rik"
"Downregulated","Young CD vs old CD only","1810008I18Rik"
"Downregulated","Young CD vs old CD only","1810009A15Rik"
"Downregulated","Young CD vs old CD only","1810011H11Rik"
"Downregulated","Young CD vs old CD only","1810022K09Rik"
"Downregulated","Young CD vs old CD only","1810037I17Rik"
"Downregulated","Young CD vs old CD only","1810065E05Rik"
"Downregulated","Young CD vs old CD only","2010016I18Rik"
"Downregulated","Young CD vs old CD only","2010107E04Rik"
"Downregulated","Young CD vs old CD only","2010107G23Rik"
"Downregulated","Young CD vs old CD only","2010111I01Rik"
"Downregulated","Young CD vs old CD only","2010300C02Rik"
"Downregulated","Young CD vs old CD only","2210408I21Rik"
"Downregulated","Young CD vs old CD only","2310008N11Rik"
"Downregulated","Young CD vs old CD only","2310015B20Rik"
"Downregulated","Young CD vs old CD only","2310030G06Rik"
"Downregulated","Young CD vs old CD only","2310039L15Rik"
"Downregulated","Young CD vs old CD only","2310045N01Rik"
"Downregulated","Young CD vs old CD only","2310057M21Rik"
"Downregulated","Young CD vs old CD only","2310069B03Rik"
"Downregulated","Young CD vs old CD only","2410015M20Rik"
"Downregulated","Young CD vs old CD only","2610528A11Rik"
"Downregulated","Young CD vs old CD only","2700060E02Rik"
"Downregulated","Young CD vs old CD only","2810007J24Rik"
"Downregulated","Young CD vs old CD only","2810025M15Rik"
"Downregulated","Young CD vs old CD only","2810032G03Rik"
"Downregulated","Young CD vs old CD only","2810417H13Rik"
"Downregulated","Young CD vs old CD only","3110040N11Rik"
"Downregulated","Young CD vs old CD only","3110083C13Rik"
"Downregulated","Young CD vs old CD only","3632451O06Rik"
"Downregulated","Young CD vs old CD only","4430402I18Rik"
"Downregulated","Young CD vs old CD only","4632427E13Rik"
"Downregulated","Young CD vs old CD only","4930500J02Rik"
"Downregulated","Young CD vs old CD only","4930506M07Rik"
"Downregulated","Young CD vs old CD only","4930522L14Rik"
"Downregulated","Young CD vs old CD only","4930523C07Rik"
"Downregulated","Young CD vs old CD only","4930539E08Rik"
"Downregulated","Young CD vs old CD only","4932438A13Rik"
"Downregulated","Young CD vs old CD only","4933415F23Rik"
"Downregulated","Young CD vs old CD only","6030443J06Rik"
"Downregulated","Young CD vs old CD only","6430548M08Rik"
"Downregulated","Young CD vs old CD only","8430408G22Rik"
"Downregulated","Young CD vs old CD only","9030617O03Rik"
"Downregulated","Young CD vs old CD only","9130008F23Rik"
"Downregulated","Young CD vs old CD only","9130208D14Rik"
"Downregulated","Young CD vs old CD only","9530026P05Rik"
"Downregulated","Young CD vs old CD only","9530080O11Rik"
"Downregulated","Young CD vs old CD only","9830004L10Rik"
"Downregulated","Young CD vs old CD only","9930111J21Rik2"
"Downregulated","Young CD vs old CD only","A1bg"
"Downregulated","Young CD vs old CD only","A230046K03Rik"
"Downregulated","Young CD vs old CD only","A4galt"
"Downregulated","Young CD vs old CD only","A530040E14Rik"
"Downregulated","Young CD vs old CD only","A530054K11Rik"
"Downregulated","Young CD vs old CD only","A730020M07Rik"
"Downregulated","Young CD vs old CD only","A830019P07Rik"
"Downregulated","Young CD vs old CD only","A930003A15Rik"
"Downregulated","Young CD vs old CD only","A930011G23Rik"
"Downregulated","Young CD vs old CD only","AA987161"
"Downregulated","Young CD vs old CD only","AB124611"
"Downregulated","Young CD vs old CD only","AF251705"
"Downregulated","Young CD vs old CD only","AI182371"
"Downregulated","Young CD vs old CD only","AI413582"
"Downregulated","Young CD vs old CD only","AI429214"
"Downregulated","Young CD vs old CD only","AI467606"
"Downregulated","Young CD vs old CD only","AI504432"
"Downregulated","Young CD vs old CD only","AI607873"
"Downregulated","Young CD vs old CD only","AI662270"
"Downregulated","Young CD vs old CD only","AI987944"
"Downregulated","Young CD vs old CD only","AK129341"
"Downregulated","Young CD vs old CD only","AU041133"
"Downregulated","Young CD vs old CD only","Aadac"
"Downregulated","Young CD vs old CD only","Aasdhppt"
"Downregulated","Young CD vs old CD only","Aass"
"Downregulated","Young CD vs old CD only","Abat"
"Downregulated","Young CD vs old CD only","Abca12"
"Downregulated","Young CD vs old CD only","Abca5"
"Downregulated","Young CD vs old CD only","Abcb11"
"Downregulated","Young CD vs old CD only","Abcb1b"
"Downregulated","Young CD vs old CD only","Abcc2"
"Downregulated","Young CD vs old CD only","Abcc3"
"Downregulated","Young CD vs old CD only","Abcc6"
"Downregulated","Young CD vs old CD only","Abhd2"
"Downregulated","Young CD vs old CD only","Abhd3"
"Downregulated","Young CD vs old CD only","Abhd6"
"Downregulated","Young CD vs old CD only","Abra"
"Downregulated","Young CD vs old CD only","Abracl"
"Downregulated","Young CD vs old CD only","Acap1"
"Downregulated","Young CD vs old CD only","Acat3"
"Downregulated","Young CD vs old CD only","Acbd5"
"Downregulated","Young CD vs old CD only","Acer2"
"Downregulated","Young CD vs old CD only","Acnat2"
"Downregulated","Young CD vs old CD only","Acot13"
"Downregulated","Young CD vs old CD only","Acot6"
"Downregulated","Young CD vs old CD only","Acot9"
"Downregulated","Young CD vs old CD only","Acox2"
"Downregulated","Young CD vs old CD only","Acp1"
"Downregulated","Young CD vs old CD only","Acsm1"
"Downregulated","Young CD vs old CD only","Acta2"
"Downregulated","Young CD vs old CD only","Actg2"
"Downregulated","Young CD vs old CD only","Actn1"
"Downregulated","Young CD vs old CD only","Actn4"
"Downregulated","Young CD vs old CD only","Actr10"
"Downregulated","Young CD vs old CD only","Actr1a"
"Downregulated","Young CD vs old CD only","Actr2"
"Downregulated","Young CD vs old CD only","Actr3"
"Downregulated","Young CD vs old CD only","Actr3b"
"Downregulated","Young CD vs old CD only","Actr6"
"Downregulated","Young CD vs old CD only","Acyp2"
"Downregulated","Young CD vs old CD only","Adam15"
"Downregulated","Young CD vs old CD only","Adamdec1"
"Downregulated","Young CD vs old CD only","Adamts5"
"Downregulated","Young CD vs old CD only","Adamts9"
"Downregulated","Young CD vs old CD only","Adh1"
"Downregulated","Young CD vs old CD only","Adh5"
"Downregulated","Young CD vs old CD only","Adh7"
"Downregulated","Young CD vs old CD only","Adra2a"
"Downregulated","Young CD vs old CD only","Adss"
"Downregulated","Young CD vs old CD only","Afm"
"Downregulated","Young CD vs old CD only","Aftph"
"Downregulated","Young CD vs old CD only","Agpat4"
"Downregulated","Young CD vs old CD only","Agt"
"Downregulated","Young CD vs old CD only","Agxt"
"Downregulated","Young CD vs old CD only","Ahcy"
"Downregulated","Young CD vs old CD only","Ahnak"
"Downregulated","Young CD vs old CD only","Ahr"
"Downregulated","Young CD vs old CD only","Aida"
"Downregulated","Young CD vs old CD only","Aif1"
"Downregulated","Young CD vs old CD only","Aif1l"
"Downregulated","Young CD vs old CD only","Aim2"
"Downregulated","Young CD vs old CD only","Akap11"
"Downregulated","Young CD vs old CD only","Akip1"
"Downregulated","Young CD vs old CD only","Akr1a1"
"Downregulated","Young CD vs old CD only","Akr1b10"
"Downregulated","Young CD vs old CD only","Akr1b3"
"Downregulated","Young CD vs old CD only","Akr1b8"
"Downregulated","Young CD vs old CD only","Akr1c12"
"Downregulated","Young CD vs old CD only","Akr1c13"
"Downregulated","Young CD vs old CD only","Akr1c14"
"Downregulated","Young CD vs old CD only","Akr1c19"
"Downregulated","Young CD vs old CD only","Akr1c6"
"Downregulated","Young CD vs old CD only","Akr1d1"
"Downregulated","Young CD vs old CD only","Akr1e1"
"Downregulated","Young CD vs old CD only","Alas2"
"Downregulated","Young CD vs old CD only","Alb"
"Downregulated","Young CD vs old CD only","Aldh1a1"
"Downregulated","Young CD vs old CD only","Aldh1a2"
"Downregulated","Young CD vs old CD only","Aldh1b1"
"Downregulated","Young CD vs old CD only","Aldh3a1"
"Downregulated","Young CD vs old CD only","Aldh8a1"
"Downregulated","Young CD vs old CD only","Aldob"
"Downregulated","Young CD vs old CD only","Alg5"
"Downregulated","Young CD vs old CD only","Alkbh2"
"Downregulated","Young CD vs old CD only","Alox5ap"
"Downregulated","Young CD vs old CD only","Alpk1"
"Downregulated","Young CD vs old CD only","Ambp"
"Downregulated","Young CD vs old CD only","Amica1"
"Downregulated","Young CD vs old CD only","Ampd3"
"Downregulated","Young CD vs old CD only","Amy1"
"Downregulated","Young CD vs old CD only","Anapc4"
"Downregulated","Young CD vs old CD only","Ang"
"Downregulated","Young CD vs old CD only","Angptl3"
"Downregulated","Young CD vs old CD only","Ank2"
"Downregulated","Young CD vs old CD only","Ankrd1"
"Downregulated","Young CD vs old CD only","Ankrd12"
"Downregulated","Young CD vs old CD only","Ankrd32"
"Downregulated","Young CD vs old CD only","Anks4b"
"Downregulated","Young CD vs old CD only","Anpep"
"Downregulated","Young CD vs old CD only","Anxa1"
"Downregulated","Young CD vs old CD only","Anxa2"
"Downregulated","Young CD vs old CD only","Anxa3"
"Downregulated","Young CD vs old CD only","Anxa4"
"Downregulated","Young CD vs old CD only","Anxa7"
"Downregulated","Young CD vs old CD only","Aox3"
"Downregulated","Young CD vs old CD only","Ap1s1"
"Downregulated","Young CD vs old CD only","Ap1s3"
"Downregulated","Young CD vs old CD only","Ap3m1"
"Downregulated","Young CD vs old CD only","Ap4b1"
"Downregulated","Young CD vs old CD only","Apba1"
"Downregulated","Young CD vs old CD only","Apbb1ip"
"Downregulated","Young CD vs old CD only","Apcs"
"Downregulated","Young CD vs old CD only","Apex1"
"Downregulated","Young CD vs old CD only","Aph1b"
"Downregulated","Young CD vs old CD only","Api5"
"Downregulated","Young CD vs old CD only","Apoa1"
"Downregulated","Young CD vs old CD only","Apoa2"
"Downregulated","Young CD vs old CD only","Apoa4"
"Downregulated","Young CD vs old CD only","Apoa5"
"Downregulated","Young CD vs old CD only","Apob"
"Downregulated","Young CD vs old CD only","Apoc2"
"Downregulated","Young CD vs old CD only","Apoc3"
"Downregulated","Young CD vs old CD only","Apoc4"
"Downregulated","Young CD vs old CD only","Apod"
"Downregulated","Young CD vs old CD only","Apof"
"Downregulated","Young CD vs old CD only","Apoh"
"Downregulated","Young CD vs old CD only","Apol10a"
"Downregulated","Young CD vs old CD only","Apol11b"
"Downregulated","Young CD vs old CD only","Apol6"
"Downregulated","Young CD vs old CD only","Apol9b"
"Downregulated","Young CD vs old CD only","Apom"
"Downregulated","Young CD vs old CD only","Apon"
"Downregulated","Young CD vs old CD only","Apool"
"Downregulated","Young CD vs old CD only","Aqp8"
"Downregulated","Young CD vs old CD only","Aqp9"
"Downregulated","Young CD vs old CD only","Arap2"
"Downregulated","Young CD vs old CD only","Arf1"
"Downregulated","Young CD vs old CD only","Arf6"
"Downregulated","Young CD vs old CD only","Arfgap2"
"Downregulated","Young CD vs old CD only","Arfgap3"
"Downregulated","Young CD vs old CD only","Arfip1"
"Downregulated","Young CD vs old CD only","Arg1"
"Downregulated","Young CD vs old CD only","Arhgap29"
"Downregulated","Young CD vs old CD only","Arhgap30"
"Downregulated","Young CD vs old CD only","Arhgdia"
"Downregulated","Young CD vs old CD only","Arhgdib"
"Downregulated","Young CD vs old CD only","Arhgdig"
"Downregulated","Young CD vs old CD only","Arhgef3"
"Downregulated","Young CD vs old CD only","Arhgef37"
"Downregulated","Young CD vs old CD only","Arl15"
"Downregulated","Young CD vs old CD only","Arl6ip5"
"Downregulated","Young CD vs old CD only","Arl8a"
"Downregulated","Young CD vs old CD only","Armcx5"
"Downregulated","Young CD vs old CD only","Arpc1b"
"Downregulated","Young CD vs old CD only","Arpc2"
"Downregulated","Young CD vs old CD only","Arpc3"
"Downregulated","Young CD vs old CD only","Arpp19"
"Downregulated","Young CD vs old CD only","Arrdc2"
"Downregulated","Young CD vs old CD only","Arrdc3"
"Downregulated","Young CD vs old CD only","Art3"
"Downregulated","Young CD vs old CD only","As3mt"
"Downregulated","Young CD vs old CD only","Asah1"
"Downregulated","Young CD vs old CD only","Asb11"
"Downregulated","Young CD vs old CD only","Asb5"
"Downregulated","Young CD vs old CD only","Ascc3"
"Downregulated","Young CD vs old CD only","Asgr1"
"Downregulated","Young CD vs old CD only","Asgr2"
"Downregulated","Young CD vs old CD only","Asl"
"Downregulated","Young CD vs old CD only","Asna1"
"Downregulated","Young CD vs old CD only","Aspa"
"Downregulated","Young CD vs old CD only","Ass1"
"Downregulated","Young CD vs old CD only","Atad1"
"Downregulated","Young CD vs old CD only","Atad2"
"Downregulated","Young CD vs old CD only","Atf3"
"Downregulated","Young CD vs old CD only","Atg3"
"Downregulated","Young CD vs old CD only","Atg4a"
"Downregulated","Young CD vs old CD only","Atm"
"Downregulated","Young CD vs old CD only","Atoh8"
"Downregulated","Young CD vs old CD only","Atp13a3"
"Downregulated","Young CD vs old CD only","Atp2a2"
"Downregulated","Young CD vs old CD only","Atp2a3"
"Downregulated","Young CD vs old CD only","Atp5f1"
"Downregulated","Young CD vs old CD only","Atp5h"
"Downregulated","Young CD vs old CD only","Atp5j"
"Downregulated","Young CD vs old CD only","Atp5j2"
"Downregulated","Young CD vs old CD only","Atp5l"
"Downregulated","Young CD vs old CD only","Atp6ap2"
"Downregulated","Young CD vs old CD only","Atp6v0e"
"Downregulated","Young CD vs old CD only","Atp6v1a"
"Downregulated","Young CD vs old CD only","Atp6v1c1"
"Downregulated","Young CD vs old CD only","Atp6v1d"
"Downregulated","Young CD vs old CD only","Atp6v1e1"
"Downregulated","Young CD vs old CD only","Atp6v1f"
"Downregulated","Young CD vs old CD only","Atp6v1g1"
"Downregulated","Young CD vs old CD only","Atp6v1h"
"Downregulated","Young CD vs old CD only","Atp8b1"
"Downregulated","Young CD vs old CD only","Atp8b4"
"Downregulated","Young CD vs old CD only","Atp9a"
"Downregulated","Young CD vs old CD only","Atpif1"
"Downregulated","Young CD vs old CD only","Atr"
"Downregulated","Young CD vs old CD only","Atrx"
"Downregulated","Young CD vs old CD only","Aurka"
"Downregulated","Young CD vs old CD only","Aurkaip1"
"Downregulated","Young CD vs old CD only","Avpi1"
"Downregulated","Young CD vs old CD only","Azgp1"
"Downregulated","Young CD vs old CD only","B230307C23Rik"
"Downregulated","Young CD vs old CD only","B2m"
"Downregulated","Young CD vs old CD only","B3galt1"
"Downregulated","Young CD vs old CD only","B3gnt5"
"Downregulated","Young CD vs old CD only","B4galnt1"
"Downregulated","Young CD vs old CD only","B4galnt2"
"Downregulated","Young CD vs old CD only","B4galt4"
"Downregulated","Young CD vs old CD only","BC004004"
"Downregulated","Young CD vs old CD only","BC017643"
"Downregulated","Young CD vs old CD only","BC025446"
"Downregulated","Young CD vs old CD only","BC031181"
"Downregulated","Young CD vs old CD only","BC048679"
"Downregulated","Young CD vs old CD only","BC049352"
"Downregulated","Young CD vs old CD only","BE692007"
"Downregulated","Young CD vs old CD only","Baat"
"Downregulated","Young CD vs old CD only","Bach1"
"Downregulated","Young CD vs old CD only","Baiap2l1"
"Downregulated","Young CD vs old CD only","Bank1"
"Downregulated","Young CD vs old CD only","Bbox1"
"Downregulated","Young CD vs old CD only","Bcap29"
"Downregulated","Young CD vs old CD only","Bcap31"
"Downregulated","Young CD vs old CD only","Bcl2"
"Downregulated","Young CD vs old CD only","Bcl2a1b"
"Downregulated","Young CD vs old CD only","Bcl2l1"
"Downregulated","Young CD vs old CD only","Bclaf1"
"Downregulated","Young CD vs old CD only","Bex1"
"Downregulated","Young CD vs old CD only","Bhmt"
"Downregulated","Young CD vs old CD only","Bicd1"
"Downregulated","Young CD vs old CD only","Bid"
"Downregulated","Young CD vs old CD only","Bin2"
"Downregulated","Young CD vs old CD only","Bin3"
"Downregulated","Young CD vs old CD only","Birc3"
"Downregulated","Young CD vs old CD only","Birc5"
"Downregulated","Young CD vs old CD only","Blk"
"Downregulated","Young CD vs old CD only","Blnk"
"Downregulated","Young CD vs old CD only","Bloc1s1"
"Downregulated","Young CD vs old CD only","Bloc1s3"
"Downregulated","Young CD vs old CD only","Bloc1s5"
"Downregulated","Young CD vs old CD only","Bloc1s6"
"Downregulated","Young CD vs old CD only","Blvra"
"Downregulated","Young CD vs old CD only","Blzf1"
"Downregulated","Young CD vs old CD only","Bmp3"
"Downregulated","Young CD vs old CD only","Bmper"
"Downregulated","Young CD vs old CD only","Bmpr1b"
"Downregulated","Young CD vs old CD only","Bnip3"
"Downregulated","Young CD vs old CD only","Bola2"
"Downregulated","Young CD vs old CD only","Brcc3"
"Downregulated","Young CD vs old CD only","Bre"
"Downregulated","Young CD vs old CD only","Brms1"
"Downregulated","Young CD vs old CD only","Brwd1"
"Downregulated","Young CD vs old CD only","Bst1"
"Downregulated","Young CD vs old CD only","Btf3"
"Downregulated","Young CD vs old CD only","Btf3l4"
"Downregulated","Young CD vs old CD only","Btg1"
"Downregulated","Young CD vs old CD only","Btk"
"Downregulated","Young CD vs old CD only","Btla"
"Downregulated","Young CD vs old CD only","Btnl2"
"Downregulated","Young CD vs old CD only","Bub3"
"Downregulated","Young CD vs old CD only","Bud31"
"Downregulated","Young CD vs old CD only","Bzw1"
"Downregulated","Young CD vs old CD only","C130026I21Rik"
"Downregulated","Young CD vs old CD only","C1d"
"Downregulated","Young CD vs old CD only","C1galt1c1"
"Downregulated","Young CD vs old CD only","C1qa"
"Downregulated","Young CD vs old CD only","C1qb"
"Downregulated","Young CD vs old CD only","C1qc"
"Downregulated","Young CD vs old CD only","C1qtnf7"
"Downregulated","Young CD vs old CD only","C1s1"
"Downregulated","Young CD vs old CD only","C2"
"Downregulated","Young CD vs old CD only","C3ar1"
"Downregulated","Young CD vs old CD only","C4b"
"Downregulated","Young CD vs old CD only","C4bp"
"Downregulated","Young CD vs old CD only","C5ar1"
"Downregulated","Young CD vs old CD only","C6"
"Downregulated","Young CD vs old CD only","C7"
"Downregulated","Young CD vs old CD only","C78197"
"Downregulated","Young CD vs old CD only","C8g"
"Downregulated","Young CD vs old CD only","C9"
"Downregulated","Young CD vs old CD only","Cab39l"
"Downregulated","Young CD vs old CD only","Cacna1e"
"Downregulated","Young CD vs old CD only","Cacna1i"
"Downregulated","Young CD vs old CD only","Cacnb4"
"Downregulated","Young CD vs old CD only","Cacng1"
"Downregulated","Young CD vs old CD only","Cage1"
"Downregulated","Young CD vs old CD only","Cald1"
"Downregulated","Young CD vs old CD only","Calml4"
"Downregulated","Young CD vs old CD only","Calu"
"Downregulated","Young CD vs old CD only","Camk2d"
"Downregulated","Young CD vs old CD only","Cap1"
"Downregulated","Young CD vs old CD only","Capg"
"Downregulated","Young CD vs old CD only","Capns1"
"Downregulated","Young CD vs old CD only","Capza1"
"Downregulated","Young CD vs old CD only","Car1"
"Downregulated","Young CD vs old CD only","Car14"
"Downregulated","Young CD vs old CD only","Car2"
"Downregulated","Young CD vs old CD only","Car9"
"Downregulated","Young CD vs old CD only","Card11"
"Downregulated","Young CD vs old CD only","Casc5"
"Downregulated","Young CD vs old CD only","Casd1"
"Downregulated","Young CD vs old CD only","Casp1"
"Downregulated","Young CD vs old CD only","Casp4"
"Downregulated","Young CD vs old CD only","Casp8ap2"
"Downregulated","Young CD vs old CD only","Casr"
"Downregulated","Young CD vs old CD only","Cast"
"Downregulated","Young CD vs old CD only","Cav1"
"Downregulated","Young CD vs old CD only","Cav2"
"Downregulated","Young CD vs old CD only","Cbr2"
"Downregulated","Young CD vs old CD only","Cbr4"
"Downregulated","Young CD vs old CD only","Cbs"
"Downregulated","Young CD vs old CD only","Cbx5"
"Downregulated","Young CD vs old CD only","Ccar1"
"Downregulated","Young CD vs old CD only","Ccdc107"
"Downregulated","Young CD vs old CD only","Ccdc12"
"Downregulated","Young CD vs old CD only","Ccdc122"
"Downregulated","Young CD vs old CD only","Ccdc132"
"Downregulated","Young CD vs old CD only","Ccdc136"
"Downregulated","Young CD vs old CD only","Ccdc141"
"Downregulated","Young CD vs old CD only","Ccdc15"
"Downregulated","Young CD vs old CD only","Ccdc158"
"Downregulated","Young CD vs old CD only","Ccdc47"
"Downregulated","Young CD vs old CD only","Ccdc50"
"Downregulated","Young CD vs old CD only","Ccdc53"
"Downregulated","Young CD vs old CD only","Ccdc68"
"Downregulated","Young CD vs old CD only","Ccdc80"
"Downregulated","Young CD vs old CD only","Ccdc85a"
"Downregulated","Young CD vs old CD only","Ccl11"
"Downregulated","Young CD vs old CD only","Ccl2"
"Downregulated","Young CD vs old CD only","Ccl22"
"Downregulated","Young CD vs old CD only","Ccl27a"
"Downregulated","Young CD vs old CD only","Ccl5"
"Downregulated","Young CD vs old CD only","Ccl6"
"Downregulated","Young CD vs old CD only","Ccl7"
"Downregulated","Young CD vs old CD only","Ccl8"
"Downregulated","Young CD vs old CD only","Ccl9"
"Downregulated","Young CD vs old CD only","Ccna2"
"Downregulated","Young CD vs old CD only","Ccnb1"
"Downregulated","Young CD vs old CD only","Ccnb2"
"Downregulated","Young CD vs old CD only","Ccnc"
"Downregulated","Young CD vs old CD only","Ccnd1"
"Downregulated","Young CD vs old CD only","Ccndbp1"
"Downregulated","Young CD vs old CD only","Ccr1"
"Downregulated","Young CD vs old CD only","Ccr2"
"Downregulated","Young CD vs old CD only","Ccr5"
"Downregulated","Young CD vs old CD only","Ccrn4l"
"Downregulated","Young CD vs old CD only","Cct3"
"Downregulated","Young CD vs old CD only","Cct4"
"Downregulated","Young CD vs old CD only","Cct5"
"Downregulated","Young CD vs old CD only","Cct6a"
"Downregulated","Young CD vs old CD only","Cct8"
"Downregulated","Young CD vs old CD only","Cd151"
"Downregulated","Young CD vs old CD only","Cd163"
"Downregulated","Young CD vs old CD only","Cd164"
"Downregulated","Young CD vs old CD only","Cd180"
"Downregulated","Young CD vs old CD only","Cd19"
"Downregulated","Young CD vs old CD only","Cd2"
"Downregulated","Young CD vs old CD only","Cd209b"
"Downregulated","Young CD vs old CD only","Cd209d"
"Downregulated","Young CD vs old CD only","Cd22"
"Downregulated","Young CD vs old CD only","Cd226"
"Downregulated","Young CD vs old CD only","Cd244"
"Downregulated","Young CD vs old CD only","Cd24a"
"Downregulated","Young CD vs old CD only","Cd300lb"
"Downregulated","Young CD vs old CD only","Cd300ld"
"Downregulated","Young CD vs old CD only","Cd300lf"
"Downregulated","Young CD vs old CD only","Cd302"
"Downregulated","Young CD vs old CD only","Cd36"
"Downregulated","Young CD vs old CD only","Cd37"
"Downregulated","Young CD vs old CD only","Cd3e"
"Downregulated","Young CD vs old CD only","Cd3g"
"Downregulated","Young CD vs old CD only","Cd4"
"Downregulated","Young CD vs old CD only","Cd44"
"Downregulated","Young CD vs old CD only","Cd52"
"Downregulated","Young CD vs old CD only","Cd53"
"Downregulated","Young CD vs old CD only","Cd55"
"Downregulated","Young CD vs old CD only","Cd5l"
"Downregulated","Young CD vs old CD only","Cd63"
"Downregulated","Young CD vs old CD only","Cd72"
"Downregulated","Young CD vs old CD only","Cd74"
"Downregulated","Young CD vs old CD only","Cd79a"
"Downregulated","Young CD vs old CD only","Cd79b"
"Downregulated","Young CD vs old CD only","Cd82"
"Downregulated","Young CD vs old CD only","Cd84"
"Downregulated","Young CD vs old CD only","Cdc123"
"Downregulated","Young CD vs old CD only","Cdc20"
"Downregulated","Young CD vs old CD only","Cdc27"
"Downregulated","Young CD vs old CD only","Cdc40"
"Downregulated","Young CD vs old CD only","Cdc42"
"Downregulated","Young CD vs old CD only","Cdca2"
"Downregulated","Young CD vs old CD only","Cdca7"
"Downregulated","Young CD vs old CD only","Cdh1"
"Downregulated","Young CD vs old CD only","Cdh17"
"Downregulated","Young CD vs old CD only","Cdh19"
"Downregulated","Young CD vs old CD only","Cdhr2"
"Downregulated","Young CD vs old CD only","Cdhr5"
"Downregulated","Young CD vs old CD only","Cdipt"
"Downregulated","Young CD vs old CD only","Cdk14"
"Downregulated","Young CD vs old CD only","Cdk5rap1"
"Downregulated","Young CD vs old CD only","Cdk5rap3"
"Downregulated","Young CD vs old CD only","Cdkal1"
"Downregulated","Young CD vs old CD only","Cdkl2"
"Downregulated","Young CD vs old CD only","Cdkn1a"
"Downregulated","Young CD vs old CD only","Cdpf1"
"Downregulated","Young CD vs old CD only","Cdt1"
"Downregulated","Young CD vs old CD only","Ceacam1"
"Downregulated","Young CD vs old CD only","Cebpz"
"Downregulated","Young CD vs old CD only","Cenpe"
"Downregulated","Young CD vs old CD only","Cenpf"
"Downregulated","Young CD vs old CD only","Cenpi"
"Downregulated","Young CD vs old CD only","Cenpl"
"Downregulated","Young CD vs old CD only","Cep170"
"Downregulated","Young CD vs old CD only","Cep85l"
"Downregulated","Young CD vs old CD only","Cers6"
"Downregulated","Young CD vs old CD only","Ces1c"
"Downregulated","Young CD vs old CD only","Ces1e"
"Downregulated","Young CD vs old CD only","Ces1g"
"Downregulated","Young CD vs old CD only","Ces2c"
"Downregulated","Young CD vs old CD only","Ces2e"
"Downregulated","Young CD vs old CD only","Ces2g"
"Downregulated","Young CD vs old CD only","Ces3a"
"Downregulated","Young CD vs old CD only","Cetn3"
"Downregulated","Young CD vs old CD only","Cfap36"
"Downregulated","Young CD vs old CD only","Cfb"
"Downregulated","Young CD vs old CD only","Cfdp1"
"Downregulated","Young CD vs old CD only","Cfh"
"Downregulated","Young CD vs old CD only","Cfhr1"
"Downregulated","Young CD vs old CD only","Cfhr2"
"Downregulated","Young CD vs old CD only","Cfi"
"Downregulated","Young CD vs old CD only","Cfl1"
"Downregulated","Young CD vs old CD only","Cfl2"
"Downregulated","Young CD vs old CD only","Cgn"
"Downregulated","Young CD vs old CD only","Cgref1"
"Downregulated","Young CD vs old CD only","Chchd1"
"Downregulated","Young CD vs old CD only","Chchd2"
"Downregulated","Young CD vs old CD only","Chchd5"
"Downregulated","Young CD vs old CD only","Chek1"
"Downregulated","Young CD vs old CD only","Chia1"
"Downregulated","Young CD vs old CD only","Chic1"
"Downregulated","Young CD vs old CD only","Chil3"
"Downregulated","Young CD vs old CD only","Chl1"
"Downregulated","Young CD vs old CD only","Chm"
"Downregulated","Young CD vs old CD only","Chmp2a"
"Downregulated","Young CD vs old CD only","Chmp3"
"Downregulated","Young CD vs old CD only","Chmp4c"
"Downregulated","Young CD vs old CD only","Chmp5"
"Downregulated","Young CD vs old CD only","Chrdl1"
"Downregulated","Young CD vs old CD only","Chrna1"
"Downregulated","Young CD vs old CD only","Chrna9"
"Downregulated","Young CD vs old CD only","Chrnb1"
"Downregulated","Young CD vs old CD only","Chrnd"
"Downregulated","Young CD vs old CD only","Chrng"
"Downregulated","Young CD vs old CD only","Churc1"
"Downregulated","Young CD vs old CD only","Cib1"
"Downregulated","Young CD vs old CD only","Ciita"
"Downregulated","Young CD vs old CD only","Cilp"
"Downregulated","Young CD vs old CD only","Cir1"
"Downregulated","Young CD vs old CD only","Ckap2"
"Downregulated","Young CD vs old CD only","Ckap5"
"Downregulated","Young CD vs old CD only","Ckb"
"Downregulated","Young CD vs old CD only","Cks2"
"Downregulated","Young CD vs old CD only","Clca1"
"Downregulated","Young CD vs old CD only","Clca3"
"Downregulated","Young CD vs old CD only","Clca6"
"Downregulated","Young CD vs old CD only","Cldn1"
"Downregulated","Young CD vs old CD only","Cldn15"
"Downregulated","Young CD vs old CD only","Cldn2"
"Downregulated","Young CD vs old CD only","Cldn3"
"Downregulated","Young CD vs old CD only","Cldn7"
"Downregulated","Young CD vs old CD only","Clec12a"
"Downregulated","Young CD vs old CD only","Clec4a1"
"Downregulated","Young CD vs old CD only","Clec4a2"
"Downregulated","Young CD vs old CD only","Clec4a3"
"Downregulated","Young CD vs old CD only","Clec7a"
"Downregulated","Young CD vs old CD only","Clic1"
"Downregulated","Young CD vs old CD only","Clic4"
"Downregulated","Young CD vs old CD only","Clk4"
"Downregulated","Young CD vs old CD only","Clta"
"Downregulated","Young CD vs old CD only","Cltc"
"Downregulated","Young CD vs old CD only","Cma1"
"Downregulated","Young CD vs old CD only","Cmah"
"Downregulated","Young CD vs old CD only","Cmas"
"Downregulated","Young CD vs old CD only","Cmbl"
"Downregulated","Young CD vs old CD only","Cmc1"
"Downregulated","Young CD vs old CD only","Cml2"
"Downregulated","Young CD vs old CD only","Cmpk1"
"Downregulated","Young CD vs old CD only","Cmtm7"
"Downregulated","Young CD vs old CD only","Cnbp"
"Downregulated","Young CD vs old CD only","Cndp2"
"Downregulated","Young CD vs old CD only","Cnksr1"
"Downregulated","Young CD vs old CD only","Cnn1"
"Downregulated","Young CD vs old CD only","Cnnm2"
"Downregulated","Young CD vs old CD only","Cnot2"
"Downregulated","Young CD vs old CD only","Cobll1"
"Downregulated","Young CD vs old CD only","Cog1"
"Downregulated","Young CD vs old CD only","Cog4"
"Downregulated","Young CD vs old CD only","Cog5"
"Downregulated","Young CD vs old CD only","Cog6"
"Downregulated","Young CD vs old CD only","Col18a1"
"Downregulated","Young CD vs old CD only","Col6a5"
"Downregulated","Young CD vs old CD only","Commd1"
"Downregulated","Young CD vs old CD only","Commd2"
"Downregulated","Young CD vs old CD only","Commd3"
"Downregulated","Young CD vs old CD only","Commd5"
"Downregulated","Young CD vs old CD only","Copb1"
"Downregulated","Young CD vs old CD only","Copb2"
"Downregulated","Young CD vs old CD only","Copg2"
"Downregulated","Young CD vs old CD only","Cops2"
"Downregulated","Young CD vs old CD only","Cops3"
"Downregulated","Young CD vs old CD only","Cops4"
"Downregulated","Young CD vs old CD only","Cops5"
"Downregulated","Young CD vs old CD only","Copz2"
"Downregulated","Young CD vs old CD only","Coq3"
"Downregulated","Young CD vs old CD only","Coq7"
"Downregulated","Young CD vs old CD only","Coro1a"
"Downregulated","Young CD vs old CD only","Coro2a"
"Downregulated","Young CD vs old CD only","Cotl1"
"Downregulated","Young CD vs old CD only","Cox16"
"Downregulated","Young CD vs old CD only","Cox17"
"Downregulated","Young CD vs old CD only","Cox5b"
"Downregulated","Young CD vs old CD only","Cox7a1"
"Downregulated","Young CD vs old CD only","Cox7a2"
"Downregulated","Young CD vs old CD only","Cox7b"
"Downregulated","Young CD vs old CD only","Cox7c"
"Downregulated","Young CD vs old CD only","Cp"
"Downregulated","Young CD vs old CD only","Cpa3"
"Downregulated","Young CD vs old CD only","Cpb2"
"Downregulated","Young CD vs old CD only","Cpd"
"Downregulated","Young CD vs old CD only","Cpn1"
"Downregulated","Young CD vs old CD only","Cpne2"
"Downregulated","Young CD vs old CD only","Cpne8"
"Downregulated","Young CD vs old CD only","Cps1"
"Downregulated","Young CD vs old CD only","Cpt1a"
"Downregulated","Young CD vs old CD only","Crbn"
"Downregulated","Young CD vs old CD only","Creb3"
"Downregulated","Young CD vs old CD only","Creb3l3"
"Downregulated","Young CD vs old CD only","Crem"
"Downregulated","Young CD vs old CD only","Crim1"
"Downregulated","Young CD vs old CD only","Crip1"
"Downregulated","Young CD vs old CD only","Cript"
"Downregulated","Young CD vs old CD only","Crnkl1"
"Downregulated","Young CD vs old CD only","Crp"
"Downregulated","Young CD vs old CD only","Cry2"
"Downregulated","Young CD vs old CD only","Cryab"
"Downregulated","Young CD vs old CD only","Cryl1"
"Downregulated","Young CD vs old CD only","Cryzl1"
"Downregulated","Young CD vs old CD only","Cse1l"
"Downregulated","Young CD vs old CD only","Csf2rb"
"Downregulated","Young CD vs old CD only","Csf2rb2"
"Downregulated","Young CD vs old CD only","Csf3r"
"Downregulated","Young CD vs old CD only","Csmd1"
"Downregulated","Young CD vs old CD only","Csrnp1"
"Downregulated","Young CD vs old CD only","Csrp1"
"Downregulated","Young CD vs old CD only","Cst3"
"Downregulated","Young CD vs old CD only","Cst6"
"Downregulated","Young CD vs old CD only","Cstf1"
"Downregulated","Young CD vs old CD only","Ctbp2"
"Downregulated","Young CD vs old CD only","Ctla2a"
"Downregulated","Young CD vs old CD only","Ctla2b"
"Downregulated","Young CD vs old CD only","Ctla4"
"Downregulated","Young CD vs old CD only","Ctnna1"
"Downregulated","Young CD vs old CD only","Ctnna3"
"Downregulated","Young CD vs old CD only","Ctnnbl1"
"Downregulated","Young CD vs old CD only","Ctps2"
"Downregulated","Young CD vs old CD only","Ctsd"
"Downregulated","Young CD vs old CD only","Ctsh"
"Downregulated","Young CD vs old CD only","Ctsl"
"Downregulated","Young CD vs old CD only","Ctss"
"Downregulated","Young CD vs old CD only","Ctsz"
"Downregulated","Young CD vs old CD only","Cttn"
"Downregulated","Young CD vs old CD only","Ctxn3"
"Downregulated","Young CD vs old CD only","Cutal"
"Downregulated","Young CD vs old CD only","Cuzd1"
"Downregulated","Young CD vs old CD only","Cwc15"
"Downregulated","Young CD vs old CD only","Cwf19l2"
"Downregulated","Young CD vs old CD only","Cx3cl1"
"Downregulated","Young CD vs old CD only","Cx3cr1"
"Downregulated","Young CD vs old CD only","Cxcl10"
"Downregulated","Young CD vs old CD only","Cxcl12"
"Downregulated","Young CD vs old CD only","Cxcl13"
"Downregulated","Young CD vs old CD only","Cxcr5"
"Downregulated","Young CD vs old CD only","Cxcr6"
"Downregulated","Young CD vs old CD only","Cyb561"
"Downregulated","Young CD vs old CD only","Cyb561d2"
"Downregulated","Young CD vs old CD only","Cyb5r3"
"Downregulated","Young CD vs old CD only","Cybb"
"Downregulated","Young CD vs old CD only","Cyfip1"
"Downregulated","Young CD vs old CD only","Cyld"
"Downregulated","Young CD vs old CD only","Cyp17a1"
"Downregulated","Young CD vs old CD only","Cyp1b1"
"Downregulated","Young CD vs old CD only","Cyp27a1"
"Downregulated","Young CD vs old CD only","Cyp2a12"
"Downregulated","Young CD vs old CD only","Cyp2a4"
"Downregulated","Young CD vs old CD only","Cyp2a5"
"Downregulated","Young CD vs old CD only","Cyp2b9"
"Downregulated","Young CD vs old CD only","Cyp2c29"
"Downregulated","Young CD vs old CD only","Cyp2c37"
"Downregulated","Young CD vs old CD only","Cyp2c40"
"Downregulated","Young CD vs old CD only","Cyp2c50"
"Downregulated","Young CD vs old CD only","Cyp2c55"
"Downregulated","Young CD vs old CD only","Cyp2c65"
"Downregulated","Young CD vs old CD only","Cyp2c68"
"Downregulated","Young CD vs old CD only","Cyp2c69"
"Downregulated","Young CD vs old CD only","Cyp2c70"
"Downregulated","Young CD vs old CD only","Cyp2d10"
"Downregulated","Young CD vs old CD only","Cyp2d26"
"Downregulated","Young CD vs old CD only","Cyp2f2"
"Downregulated","Young CD vs old CD only","Cyp2j5"
"Downregulated","Young CD vs old CD only","Cyp3a11"
"Downregulated","Young CD vs old CD only","Cyp3a13"
"Downregulated","Young CD vs old CD only","Cyp3a16"
"Downregulated","Young CD vs old CD only","Cyp3a25"
"Downregulated","Young CD vs old CD only","Cyp3a41a"
"Downregulated","Young CD vs old CD only","Cyp3a41b"
"Downregulated","Young CD vs old CD only","Cyp3a44"
"Downregulated","Young CD vs old CD only","Cyp4a10"
"Downregulated","Young CD vs old CD only","Cyp4a14"
"Downregulated","Young CD vs old CD only","Cyp4f18"
"Downregulated","Young CD vs old CD only","Cyp51"
"Downregulated","Young CD vs old CD only","Cysltr1"
"Downregulated","Young CD vs old CD only","Cytip"
"Downregulated","Young CD vs old CD only","Cytl1"
"Downregulated","Young CD vs old CD only","D17Wsu104e"
"Downregulated","Young CD vs old CD only","D430019H16Rik"
"Downregulated","Young CD vs old CD only","Dach2"
"Downregulated","Young CD vs old CD only","Dact1"
"Downregulated","Young CD vs old CD only","Dad1"
"Downregulated","Young CD vs old CD only","Dak"
"Downregulated","Young CD vs old CD only","Dapp1"
"Downregulated","Young CD vs old CD only","Dars"
"Downregulated","Young CD vs old CD only","Dazap2"
"Downregulated","Young CD vs old CD only","Dbnl"
"Downregulated","Young CD vs old CD only","Dcaf13"
"Downregulated","Young CD vs old CD only","Dcps"
"Downregulated","Young CD vs old CD only","Dctn4"
"Downregulated","Young CD vs old CD only","Dcun1d5"
"Downregulated","Young CD vs old CD only","Ddit4"
"Downregulated","Young CD vs old CD only","Ddost"
"Downregulated","Young CD vs old CD only","Ddx3x"
"Downregulated","Young CD vs old CD only","Ddx50"
"Downregulated","Young CD vs old CD only","Ddx52"
"Downregulated","Young CD vs old CD only","Ddx6"
"Downregulated","Young CD vs old CD only","Decr1"
"Downregulated","Young CD vs old CD only","Degs1"
"Downregulated","Young CD vs old CD only","Dennd4a"
"Downregulated","Young CD vs old CD only","Dennd5b"
"Downregulated","Young CD vs old CD only","Depdc7"
"Downregulated","Young CD vs old CD only","Derl1"
"Downregulated","Young CD vs old CD only","Dgka"
"Downregulated","Young CD vs old CD only","Dhcr24"
"Downregulated","Young CD vs old CD only","Dhh"
"Downregulated","Young CD vs old CD only","Dhrs3"
"Downregulated","Young CD vs old CD only","Dhrs9"
"Downregulated","Young CD vs old CD only","Dhx15"
"Downregulated","Young CD vs old CD only","Dhx9"
"Downregulated","Young CD vs old CD only","Diablo"
"Downregulated","Young CD vs old CD only","Diap2"
"Downregulated","Young CD vs old CD only","Dio1"
"Downregulated","Young CD vs old CD only","Dkk3"
"Downregulated","Young CD vs old CD only","Dld"
"Downregulated","Young CD vs old CD only","Dlgap5"
"Downregulated","Young CD vs old CD only","Dmbt1"
"Downregulated","Young CD vs old CD only","Dmd"
"Downregulated","Young CD vs old CD only","Dmgdh"
"Downregulated","Young CD vs old CD only","Dmxl1"
"Downregulated","Young CD vs old CD only","Dmxl2"
"Downregulated","Young CD vs old CD only","Dnajc10"
"Downregulated","Young CD vs old CD only","Dnajc19"
"Downregulated","Young CD vs old CD only","Dnajc3"
"Downregulated","Young CD vs old CD only","Dnajc8"
"Downregulated","Young CD vs old CD only","Dnase1l3"
"Downregulated","Young CD vs old CD only","Dnase2a"
"Downregulated","Young CD vs old CD only","Dnttip2"
"Downregulated","Young CD vs old CD only","Doc2b"
"Downregulated","Young CD vs old CD only","Dock11"
"Downregulated","Young CD vs old CD only","Dock2"
"Downregulated","Young CD vs old CD only","Dock5"
"Downregulated","Young CD vs old CD only","Dock8"
"Downregulated","Young CD vs old CD only","Donson"
"Downregulated","Young CD vs old CD only","Dopey1"
"Downregulated","Young CD vs old CD only","Dpep1"
"Downregulated","Young CD vs old CD only","Dpep2"
"Downregulated","Young CD vs old CD only","Dpm1"
"Downregulated","Young CD vs old CD only","Dpp3"
"Downregulated","Young CD vs old CD only","Drg1"
"Downregulated","Young CD vs old CD only","Dsc2"
"Downregulated","Young CD vs old CD only","Dsg2"
"Downregulated","Young CD vs old CD only","Dsp"
"Downregulated","Young CD vs old CD only","Dstn"
"Downregulated","Young CD vs old CD only","Dtd1"
"Downregulated","Young CD vs old CD only","Dtl"
"Downregulated","Young CD vs old CD only","Dtnbp1"
"Downregulated","Young CD vs old CD only","Dupd1"
"Downregulated","Young CD vs old CD only","Dusp14"
"Downregulated","Young CD vs old CD only","Dync1i2"
"Downregulated","Young CD vs old CD only","Dynlrb1"
"Downregulated","Young CD vs old CD only","Dynlt1a"
"Downregulated","Young CD vs old CD only","Dynlt1b"
"Downregulated","Young CD vs old CD only","Dynlt1f"
"Downregulated","Young CD vs old CD only","Dynlt3"
"Downregulated","Young CD vs old CD only","E130218I03Rik"
"Downregulated","Young CD vs old CD only","E2f2"
"Downregulated","Young CD vs old CD only","Eapp"
"Downregulated","Young CD vs old CD only","Ear2"
"Downregulated","Young CD vs old CD only","Ech1"
"Downregulated","Young CD vs old CD only","Eci2"
"Downregulated","Young CD vs old CD only","Ect2"
"Downregulated","Young CD vs old CD only","Ect2l"
"Downregulated","Young CD vs old CD only","Eda2r"
"Downregulated","Young CD vs old CD only","Edem1"
"Downregulated","Young CD vs old CD only","Ednrb"
"Downregulated","Young CD vs old CD only","Eea1"
"Downregulated","Young CD vs old CD only","Eef1a1"
"Downregulated","Young CD vs old CD only","Eef1b2"
"Downregulated","Young CD vs old CD only","Eef1e1"
"Downregulated","Young CD vs old CD only","Efemp1"
"Downregulated","Young CD vs old CD only","Efhd2"
"Downregulated","Young CD vs old CD only","Egf"
"Downregulated","Young CD vs old CD only","Egfr"
"Downregulated","Young CD vs old CD only","Ehd1"
"Downregulated","Young CD vs old CD only","Ehd3"
"Downregulated","Young CD vs old CD only","Ehf"
"Downregulated","Young CD vs old CD only","Eif1a"
"Downregulated","Young CD vs old CD only","Eif2a"
"Downregulated","Young CD vs old CD only","Eif2s1"
"Downregulated","Young CD vs old CD only","Eif2s3x"
"Downregulated","Young CD vs old CD only","Eif3c"
"Downregulated","Young CD vs old CD only","Eif3e"
"Downregulated","Young CD vs old CD only","Eif3g"
"Downregulated","Young CD vs old CD only","Eif3k"
"Downregulated","Young CD vs old CD only","Eif3l"
"Downregulated","Young CD vs old CD only","Eif3m"
"Downregulated","Young CD vs old CD only","Eif4a1"
"Downregulated","Young CD vs old CD only","Eif4a2"
"Downregulated","Young CD vs old CD only","Eif5a2"
"Downregulated","Young CD vs old CD only","Eif6"
"Downregulated","Young CD vs old CD only","Elf1"
"Downregulated","Young CD vs old CD only","Elf3"
"Downregulated","Young CD vs old CD only","Ell2"
"Downregulated","Young CD vs old CD only","Elovl2"
"Downregulated","Young CD vs old CD only","Emb"
"Downregulated","Young CD vs old CD only","Emc2"
"Downregulated","Young CD vs old CD only","Emc3"
"Downregulated","Young CD vs old CD only","Emc7"
"Downregulated","Young CD vs old CD only","Emd"
"Downregulated","Young CD vs old CD only","Emp1"
"Downregulated","Young CD vs old CD only","Emr1"
"Downregulated","Young CD vs old CD only","Emr4"
"Downregulated","Young CD vs old CD only","Endod1"
"Downregulated","Young CD vs old CD only","Enox2"
"Downregulated","Young CD vs old CD only","Enpp6"
"Downregulated","Young CD vs old CD only","Entpd1"
"Downregulated","Young CD vs old CD only","Eny2"
"Downregulated","Young CD vs old CD only","Epcam"
"Downregulated","Young CD vs old CD only","Epha1"
"Downregulated","Young CD vs old CD only","Ephb2"
"Downregulated","Young CD vs old CD only","Eps8"
"Downregulated","Young CD vs old CD only","Eps8l2"
"Downregulated","Young CD vs old CD only","Epsti1"
"Downregulated","Young CD vs old CD only","Erap1"
"Downregulated","Young CD vs old CD only","Erbb2ip"
"Downregulated","Young CD vs old CD only","Erlin1"
"Downregulated","Young CD vs old CD only","Ero1lb"
"Downregulated","Young CD vs old CD only","Errfi1"
"Downregulated","Young CD vs old CD only","Esd"
"Downregulated","Young CD vs old CD only","Esrp1"
"Downregulated","Young CD vs old CD only","Etf1"
"Downregulated","Young CD vs old CD only","Etnk2"
"Downregulated","Young CD vs old CD only","Eva1a"
"Downregulated","Young CD vs old CD only","Evi2b"
"Downregulated","Young CD vs old CD only","Evi5"
"Downregulated","Young CD vs old CD only","Exoc6"
"Downregulated","Young CD vs old CD only","Exosc9"
"Downregulated","Young CD vs old CD only","Exph5"
"Downregulated","Young CD vs old CD only","Eya2"
"Downregulated","Young CD vs old CD only","Ezr"
"Downregulated","Young CD vs old CD only","F12"
"Downregulated","Young CD vs old CD only","F13b"
"Downregulated","Young CD vs old CD only","F2"
"Downregulated","Young CD vs old CD only","F2rl1"
"Downregulated","Young CD vs old CD only","F3"
"Downregulated","Young CD vs old CD only","F5"
"Downregulated","Young CD vs old CD only","F630028O10Rik"
"Downregulated","Young CD vs old CD only","F7"
"Downregulated","Young CD vs old CD only","F8"
"Downregulated","Young CD vs old CD only","F830016B08Rik"
"Downregulated","Young CD vs old CD only","F9"
"Downregulated","Young CD vs old CD only","Faah"
"Downregulated","Young CD vs old CD only","Fabp1"
"Downregulated","Young CD vs old CD only","Fabp2"
"Downregulated","Young CD vs old CD only","Fads1"
"Downregulated","Young CD vs old CD only","Fads2"
"Downregulated","Young CD vs old CD only","Fads3"
"Downregulated","Young CD vs old CD only","Fah"
"Downregulated","Young CD vs old CD only","Faim3"
"Downregulated","Young CD vs old CD only","Fam107a"
"Downregulated","Young CD vs old CD only","Fam107b"
"Downregulated","Young CD vs old CD only","Fam110c"
"Downregulated","Young CD vs old CD only","Fam111a"
"Downregulated","Young CD vs old CD only","Fam117b"
"Downregulated","Young CD vs old CD only","Fam129a"
"Downregulated","Young CD vs old CD only","Fam129b"
"Downregulated","Young CD vs old CD only","Fam134b"
"Downregulated","Young CD vs old CD only","Fam136a"
"Downregulated","Young CD vs old CD only","Fam162a"
"Downregulated","Young CD vs old CD only","Fam174b"
"Downregulated","Young CD vs old CD only","Fam175b"
"Downregulated","Young CD vs old CD only","Fam196b"
"Downregulated","Young CD vs old CD only","Fam208b"
"Downregulated","Young CD vs old CD only","Fam214a"
"Downregulated","Young CD vs old CD only","Fam45a"
"Downregulated","Young CD vs old CD only","Fam46c"
"Downregulated","Young CD vs old CD only","Fam57a"
"Downregulated","Young CD vs old CD only","Fam58b"
"Downregulated","Young CD vs old CD only","Fam83g"
"Downregulated","Young CD vs old CD only","Fam84a"
"Downregulated","Young CD vs old CD only","Fam96a"
"Downregulated","Young CD vs old CD only","Fancd2"
"Downregulated","Young CD vs old CD only","Far1"
"Downregulated","Young CD vs old CD only","Farsb"
"Downregulated","Young CD vs old CD only","Fas"
"Downregulated","Young CD vs old CD only","Fastkd2"
"Downregulated","Young CD vs old CD only","Fat2"
"Downregulated","Young CD vs old CD only","Fau"
"Downregulated","Young CD vs old CD only","Fbln5"
"Downregulated","Young CD vs old CD only","Fbp1"
"Downregulated","Young CD vs old CD only","Fbp2"
"Downregulated","Young CD vs old CD only","Fbxl4"
"Downregulated","Young CD vs old CD only","Fbxo30"
"Downregulated","Young CD vs old CD only","Fbxo6"
"Downregulated","Young CD vs old CD only","Fbxo8"
"Downregulated","Young CD vs old CD only","Fcer1a"
"Downregulated","Young CD vs old CD only","Fcer1g"
"Downregulated","Young CD vs old CD only","Fcf1"
"Downregulated","Young CD vs old CD only","Fcgr2b"
"Downregulated","Young CD vs old CD only","Fcgr3"
"Downregulated","Young CD vs old CD only","Fcgr4"
"Downregulated","Young CD vs old CD only","Fcrla"
"Downregulated","Young CD vs old CD only","Fer"
"Downregulated","Young CD vs old CD only","Fetub"
"Downregulated","Young CD vs old CD only","Fez1"
"Downregulated","Young CD vs old CD only","Fga"
"Downregulated","Young CD vs old CD only","Fgb"
"Downregulated","Young CD vs old CD only","Fgd3"
"Downregulated","Young CD vs old CD only","Fgd4"
"Downregulated","Young CD vs old CD only","Fgfr2"
"Downregulated","Young CD vs old CD only","Fgfr3"
"Downregulated","Young CD vs old CD only","Fgg"
"Downregulated","Young CD vs old CD only","Fggy"
"Downregulated","Young CD vs old CD only","Fgl1"
"Downregulated","Young CD vs old CD only","Fgr"
"Downregulated","Young CD vs old CD only","Fhl1"
"Downregulated","Young CD vs old CD only","Fhl2"
"Downregulated","Young CD vs old CD only","Fhl4"
"Downregulated","Young CD vs old CD only","Figf"
"Downregulated","Young CD vs old CD only","Fis1"
"Downregulated","Young CD vs old CD only","Fkbp3"
"Downregulated","Young CD vs old CD only","Flna"
"Downregulated","Young CD vs old CD only","Flnb"
"Downregulated","Young CD vs old CD only","Flt3"
"Downregulated","Young CD vs old CD only","Fmn1"
"Downregulated","Young CD vs old CD only","Fmr1"
"Downregulated","Young CD vs old CD only","Fnip1"
"Downregulated","Young CD vs old CD only","Fopnl"
"Downregulated","Young CD vs old CD only","Fosb"
"Downregulated","Young CD vs old CD only","Foxo1"
"Downregulated","Young CD vs old CD only","Foxp3"
"Downregulated","Young CD vs old CD only","Fpgt"
"Downregulated","Young CD vs old CD only","Frrs1"
"Downregulated","Young CD vs old CD only","Fstl3"
"Downregulated","Young CD vs old CD only","Ftcd"
"Downregulated","Young CD vs old CD only","Ftl1"
"Downregulated","Young CD vs old CD only","Fxr1"
"Downregulated","Young CD vs old CD only","Fxyd5"
"Downregulated","Young CD vs old CD only","Fyb"
"Downregulated","Young CD vs old CD only","G6pc"
"Downregulated","Young CD vs old CD only","Gab2"
"Downregulated","Young CD vs old CD only","Gabarap"
"Downregulated","Young CD vs old CD only","Gabarapl1"
"Downregulated","Young CD vs old CD only","Gabra3"
"Downregulated","Young CD vs old CD only","Gabrr1"
"Downregulated","Young CD vs old CD only","Gabrr2"
"Downregulated","Young CD vs old CD only","Gadd45a"
"Downregulated","Young CD vs old CD only","Galns"
"Downregulated","Young CD vs old CD only","Galnt12"
"Downregulated","Young CD vs old CD only","Galnt4"
"Downregulated","Young CD vs old CD only","Galnt6"
"Downregulated","Young CD vs old CD only","Gas2l3"
"Downregulated","Young CD vs old CD only","Gas5"
"Downregulated","Young CD vs old CD only","Gbe1"
"Downregulated","Young CD vs old CD only","Gca"
"Downregulated","Young CD vs old CD only","Gcc2"
"Downregulated","Young CD vs old CD only","Gch1"
"Downregulated","Young CD vs old CD only","Gck"
"Downregulated","Young CD vs old CD only","Gckr"
"Downregulated","Young CD vs old CD only","Gcnt2"
"Downregulated","Young CD vs old CD only","Gda"
"Downregulated","Young CD vs old CD only","Gdf10"
"Downregulated","Young CD vs old CD only","Gdf5"
"Downregulated","Young CD vs old CD only","Gdi2"
"Downregulated","Young CD vs old CD only","Gdnf"
"Downregulated","Young CD vs old CD only","Gfer"
"Downregulated","Young CD vs old CD only","Ggh"
"Downregulated","Young CD vs old CD only","Ggt6"
"Downregulated","Young CD vs old CD only","Gimap3"
"Downregulated","Young CD vs old CD only","Gimap6"
"Downregulated","Young CD vs old CD only","Gipc2"
"Downregulated","Young CD vs old CD only","Gjb1"
"Downregulated","Young CD vs old CD only","Gjb2"
"Downregulated","Young CD vs old CD only","Gla"
"Downregulated","Young CD vs old CD only","Gldc"
"Downregulated","Young CD vs old CD only","Gldn"
"Downregulated","Young CD vs old CD only","Glipr1"
"Downregulated","Young CD vs old CD only","Glod4"
"Downregulated","Young CD vs old CD only","Glrx3"
"Downregulated","Young CD vs old CD only","Gls2"
"Downregulated","Young CD vs old CD only","Gm10123"
"Downregulated","Young CD vs old CD only","Gm10182"
"Downregulated","Young CD vs old CD only","Gm10221"
"Downregulated","Young CD vs old CD only","Gm10222"
"Downregulated","Young CD vs old CD only","Gm10335"
"Downregulated","Young CD vs old CD only","Gm10451"
"Downregulated","Young CD vs old CD only","Gm10638"
"Downregulated","Young CD vs old CD only","Gm10647"
"Downregulated","Young CD vs old CD only","Gm11756"
"Downregulated","Young CD vs old CD only","Gm11967"
"Downregulated","Young CD vs old CD only","Gm12514"
"Downregulated","Young CD vs old CD only","Gm13139"
"Downregulated","Young CD vs old CD only","Gm13157"
"Downregulated","Young CD vs old CD only","Gm13212"
"Downregulated","Young CD vs old CD only","Gm13251"
"Downregulated","Young CD vs old CD only","Gm13496"
"Downregulated","Young CD vs old CD only","Gm13889"
"Downregulated","Young CD vs old CD only","Gm14029"
"Downregulated","Young CD vs old CD only","Gm14295"
"Downregulated","Young CD vs old CD only","Gm14306"
"Downregulated","Young CD vs old CD only","Gm14327"
"Downregulated","Young CD vs old CD only","Gm14391"
"Downregulated","Young CD vs old CD only","Gm14446"
"Downregulated","Young CD vs old CD only","Gm15446"
"Downregulated","Young CD vs old CD only","Gm15500"
"Downregulated","Young CD vs old CD only","Gm15501"
"Downregulated","Young CD vs old CD only","Gm15674"
"Downregulated","Young CD vs old CD only","Gm15943"
"Downregulated","Young CD vs old CD only","Gm16118"
"Downregulated","Young CD vs old CD only","Gm16299"
"Downregulated","Young CD vs old CD only","Gm166"
"Downregulated","Young CD vs old CD only","Gm17484"
"Downregulated","Young CD vs old CD only","Gm17501"
"Downregulated","Young CD vs old CD only","Gm17767"
"Downregulated","Young CD vs old CD only","Gm1966"
"Downregulated","Young CD vs old CD only","Gm1976"
"Downregulated","Young CD vs old CD only","Gm2000"
"Downregulated","Young CD vs old CD only","Gm21188"
"Downregulated","Young CD vs old CD only","Gm21857"
"Downregulated","Young CD vs old CD only","Gm21975"
"Downregulated","Young CD vs old CD only","Gm22009"
"Downregulated","Young CD vs old CD only","Gm28187"
"Downregulated","Young CD vs old CD only","Gm28653"
"Downregulated","Young CD vs old CD only","Gm29216"
"Downregulated","Young CD vs old CD only","Gm29506"
"Downregulated","Young CD vs old CD only","Gm4788"
"Downregulated","Young CD vs old CD only","Gm4944"
"Downregulated","Young CD vs old CD only","Gm4951"
"Downregulated","Young CD vs old CD only","Gm4952"
"Downregulated","Young CD vs old CD only","Gm5091"
"Downregulated","Young CD vs old CD only","Gm5532"
"Downregulated","Young CD vs old CD only","Gm561"
"Downregulated","Young CD vs old CD only","Gm5641"
"Downregulated","Young CD vs old CD only","Gm6086"
"Downregulated","Young CD vs old CD only","Gm6377"
"Downregulated","Young CD vs old CD only","Gm6563"
"Downregulated","Young CD vs old CD only","Gm7221"
"Downregulated","Young CD vs old CD only","Gm7325"
"Downregulated","Young CD vs old CD only","Gm7332"
"Downregulated","Young CD vs old CD only","Gm7609"
"Downregulated","Young CD vs old CD only","Gm7694"
"Downregulated","Young CD vs old CD only","Gm7964"
"Downregulated","Young CD vs old CD only","Gm7967"
"Downregulated","Young CD vs old CD only","Gm830"
"Downregulated","Young CD vs old CD only","Gm8424"
"Downregulated","Young CD vs old CD only","Gm8923"
"Downregulated","Young CD vs old CD only","Gm8995"
"Downregulated","Young CD vs old CD only","Gm9797"
"Downregulated","Young CD vs old CD only","Gmds"
"Downregulated","Young CD vs old CD only","Gmfb"
"Downregulated","Young CD vs old CD only","Gmfg"
"Downregulated","Young CD vs old CD only","Gna13"
"Downregulated","Young CD vs old CD only","Gnai1"
"Downregulated","Young CD vs old CD only","Gnai3"
"Downregulated","Young CD vs old CD only","Gnb2l1"
"Downregulated","Young CD vs old CD only","Gng2"
"Downregulated","Young CD vs old CD only","Gngt2"
"Downregulated","Young CD vs old CD only","Gnmt"
"Downregulated","Young CD vs old CD only","Golm1"
"Downregulated","Young CD vs old CD only","Golph3l"
"Downregulated","Young CD vs old CD only","Gorab"
"Downregulated","Young CD vs old CD only","Gpa33"
"Downregulated","Young CD vs old CD only","Gpalpp1"
"Downregulated","Young CD vs old CD only","Gpihbp1"
"Downregulated","Young CD vs old CD only","Gpkow"
"Downregulated","Young CD vs old CD only","Gpld1"
"Downregulated","Young CD vs old CD only","Gpm6b"
"Downregulated","Young CD vs old CD only","Gpnmb"
"Downregulated","Young CD vs old CD only","Gpr126"
"Downregulated","Young CD vs old CD only","Gpr128"
"Downregulated","Young CD vs old CD only","Gpr132"
"Downregulated","Young CD vs old CD only","Gpr176"
"Downregulated","Young CD vs old CD only","Gpr35"
"Downregulated","Young CD vs old CD only","Gpr56"
"Downregulated","Young CD vs old CD only","Gpr65"
"Downregulated","Young CD vs old CD only","Gprc5a"
"Downregulated","Young CD vs old CD only","Gprc5b"
"Downregulated","Young CD vs old CD only","Gpx1"
"Downregulated","Young CD vs old CD only","Gpx4"
"Downregulated","Young CD vs old CD only","Grap2"
"Downregulated","Young CD vs old CD only","Grb14"
"Downregulated","Young CD vs old CD only","Grpel1"
"Downregulated","Young CD vs old CD only","Grpel2"
"Downregulated","Young CD vs old CD only","Gsdmc2"
"Downregulated","Young CD vs old CD only","Gsdmc4"
"Downregulated","Young CD vs old CD only","Gstm6"
"Downregulated","Young CD vs old CD only","Gstt1"
"Downregulated","Young CD vs old CD only","Gtf2b"
"Downregulated","Young CD vs old CD only","Gtf2f1"
"Downregulated","Young CD vs old CD only","Gtf2f2"
"Downregulated","Young CD vs old CD only","Gtf3c3"
"Downregulated","Young CD vs old CD only","Gtf3c6"
"Downregulated","Young CD vs old CD only","Gtpbp4"
"Downregulated","Young CD vs old CD only","Guca2a"
"Downregulated","Young CD vs old CD only","Gucy2c"
"Downregulated","Young CD vs old CD only","Guk1"
"Downregulated","Young CD vs old CD only","Gusb"
"Downregulated","Young CD vs old CD only","H2-Aa"
"Downregulated","Young CD vs old CD only","H2-Ab1"
"Downregulated","Young CD vs old CD only","H2-DMb2"
"Downregulated","Young CD vs old CD only","H2-Eb1"
"Downregulated","Young CD vs old CD only","H2-M9"
"Downregulated","Young CD vs old CD only","H2-Ob"
"Downregulated","Young CD vs old CD only","H2-T22"
"Downregulated","Young CD vs old CD only","H2afj"
"Downregulated","Young CD vs old CD only","H2afz"
"Downregulated","Young CD vs old CD only","H3f3b"
"Downregulated","Young CD vs old CD only","Haao"
"Downregulated","Young CD vs old CD only","Hadhb"
"Downregulated","Young CD vs old CD only","Hagh"
"Downregulated","Young CD vs old CD only","Hal"
"Downregulated","Young CD vs old CD only","Hamp"
"Downregulated","Young CD vs old CD only","Hamp2"
"Downregulated","Young CD vs old CD only","Hao1"
"Downregulated","Young CD vs old CD only","Hao2"
"Downregulated","Young CD vs old CD only","Hat1"
"Downregulated","Young CD vs old CD only","Haus2"
"Downregulated","Young CD vs old CD only","Hax1"
"Downregulated","Young CD vs old CD only","Hba-a1"
"Downregulated","Young CD vs old CD only","Hba-a2"
"Downregulated","Young CD vs old CD only","Hbb-bs"
"Downregulated","Young CD vs old CD only","Hbb-bt"
"Downregulated","Young CD vs old CD only","Hbp1"
"Downregulated","Young CD vs old CD only","Hc"
"Downregulated","Young CD vs old CD only","Hck"
"Downregulated","Young CD vs old CD only","Hdac4"
"Downregulated","Young CD vs old CD only","Hdc"
"Downregulated","Young CD vs old CD only","Hddc2"
"Downregulated","Young CD vs old CD only","Hecw2"
"Downregulated","Young CD vs old CD only","Heg1"
"Downregulated","Young CD vs old CD only","Hepacam2"
"Downregulated","Young CD vs old CD only","Heph"
"Downregulated","Young CD vs old CD only","Herc4"
"Downregulated","Young CD vs old CD only","Hes6"
"Downregulated","Young CD vs old CD only","Hexa"
"Downregulated","Young CD vs old CD only","Hexb"
"Downregulated","Young CD vs old CD only","Hfe"
"Downregulated","Young CD vs old CD only","Hgd"
"Downregulated","Young CD vs old CD only","Hgf"
"Downregulated","Young CD vs old CD only","Hgfac"
"Downregulated","Young CD vs old CD only","Hgs"
"Downregulated","Young CD vs old CD only","Hhip"
"Downregulated","Young CD vs old CD only","Hhipl1"
"Downregulated","Young CD vs old CD only","Hibch"
"Downregulated","Young CD vs old CD only","Higd1a"
"Downregulated","Young CD vs old CD only","Higd1b"
"Downregulated","Young CD vs old CD only","Hint1"
"Downregulated","Young CD vs old CD only","Hip1r"
"Downregulated","Young CD vs old CD only","Hmgb2"
"Downregulated","Young CD vs old CD only","Hmgcs2"
"Downregulated","Young CD vs old CD only","Hmgn2"
"Downregulated","Young CD vs old CD only","Hmha1"
"Downregulated","Young CD vs old CD only","Hmmr"
"Downregulated","Young CD vs old CD only","Hmox1"
"Downregulated","Young CD vs old CD only","Hn1"
"Downregulated","Young CD vs old CD only","Hnf1a"
"Downregulated","Young CD vs old CD only","Hnf4a"
"Downregulated","Young CD vs old CD only","Hnmt"
"Downregulated","Young CD vs old CD only","Hnrnpa3"
"Downregulated","Young CD vs old CD only","Hnrnpc"
"Downregulated","Young CD vs old CD only","Hnrnph2"
"Downregulated","Young CD vs old CD only","Hnrnpk"
"Downregulated","Young CD vs old CD only","Hoga1"
"Downregulated","Young CD vs old CD only","Hook1"
"Downregulated","Young CD vs old CD only","Hoxa11"
"Downregulated","Young CD vs old CD only","Hoxa11os"
"Downregulated","Young CD vs old CD only","Hoxa13"
"Downregulated","Young CD vs old CD only","Hoxb9"
"Downregulated","Young CD vs old CD only","Hoxd10"
"Downregulated","Young CD vs old CD only","Hoxd3os1"
"Downregulated","Young CD vs old CD only","Hp"
"Downregulated","Young CD vs old CD only","Hpd"
"Downregulated","Young CD vs old CD only","Hpgd"
"Downregulated","Young CD vs old CD only","Hprt"
"Downregulated","Young CD vs old CD only","Hpse"
"Downregulated","Young CD vs old CD only","Hpx"
"Downregulated","Young CD vs old CD only","Hrg"
"Downregulated","Young CD vs old CD only","Hsbp1"
"Downregulated","Young CD vs old CD only","Hsd11b2"
"Downregulated","Young CD vs old CD only","Hsd17b13"
"Downregulated","Young CD vs old CD only","Hsd17b6"
"Downregulated","Young CD vs old CD only","Hsd17b7"
"Downregulated","Young CD vs old CD only","Hsf2"
"Downregulated","Young CD vs old CD only","Hsf2bp"
"Downregulated","Young CD vs old CD only","Hsp90aa1"
"Downregulated","Young CD vs old CD only","Hsp90b1"
"Downregulated","Young CD vs old CD only","Hspa13"
"Downregulated","Young CD vs old CD only","Hspa14"
"Downregulated","Young CD vs old CD only","Hspb2"
"Downregulated","Young CD vs old CD only","Hspb3"
"Downregulated","Young CD vs old CD only","Hspb7"
"Downregulated","Young CD vs old CD only","Hspb8"
"Downregulated","Young CD vs old CD only","Htatip2"
"Downregulated","Young CD vs old CD only","Icam1"
"Downregulated","Young CD vs old CD only","Id2"
"Downregulated","Young CD vs old CD only","Id3"
"Downregulated","Young CD vs old CD only","Ier3ip1"
"Downregulated","Young CD vs old CD only","Ifi204"
"Downregulated","Young CD vs old CD only","Ifi205"
"Downregulated","Young CD vs old CD only","Ifi30"
"Downregulated","Young CD vs old CD only","Ifitm3"
"Downregulated","Young CD vs old CD only","Ifngr1"
"Downregulated","Young CD vs old CD only","Igbp1"
"Downregulated","Young CD vs old CD only","Igfbp2"
"Downregulated","Young CD vs old CD only","Igfbp4"
"Downregulated","Young CD vs old CD only","Igha"
"Downregulated","Young CD vs old CD only","Ighg2b"
"Downregulated","Young CD vs old CD only","Ighg3"
"Downregulated","Young CD vs old CD only","Ighm"
"Downregulated","Young CD vs old CD only","Ighv1-53"
"Downregulated","Young CD vs old CD only","Ighv1-72"
"Downregulated","Young CD vs old CD only","Ighv3-6"
"Downregulated","Young CD vs old CD only","Igj"
"Downregulated","Young CD vs old CD only","Igkc"
"Downregulated","Young CD vs old CD only","Igkv1-117"
"Downregulated","Young CD vs old CD only","Igkv10-96"
"Downregulated","Young CD vs old CD only","Igkv3-10"
"Downregulated","Young CD vs old CD only","Igkv3-2"
"Downregulated","Young CD vs old CD only","Igkv3-5"
"Downregulated","Young CD vs old CD only","Igkv4-55"
"Downregulated","Young CD vs old CD only","Igkv4-68"
"Downregulated","Young CD vs old CD only","Igkv6-20"
"Downregulated","Young CD vs old CD only","Iglc2"
"Downregulated","Young CD vs old CD only","Iglv1"
"Downregulated","Young CD vs old CD only","Igsf11"
"Downregulated","Young CD vs old CD only","Igsf9"
"Downregulated","Young CD vs old CD only","Igtp"
"Downregulated","Young CD vs old CD only","Ik"
"Downregulated","Young CD vs old CD only","Ikbkg"
"Downregulated","Young CD vs old CD only","Ikzf1"
"Downregulated","Young CD vs old CD only","Ikzf3"
"Downregulated","Young CD vs old CD only","Il10ra"
"Downregulated","Young CD vs old CD only","Il13ra1"
"Downregulated","Young CD vs old CD only","Il15"
"Downregulated","Young CD vs old CD only","Il18"
"Downregulated","Young CD vs old CD only","Il18r1"
"Downregulated","Young CD vs old CD only","Il1b"
"Downregulated","Young CD vs old CD only","Il1r1"
"Downregulated","Young CD vs old CD only","Il1r2"
"Downregulated","Young CD vs old CD only","Il1rl1"
"Downregulated","Young CD vs old CD only","Il1rn"
"Downregulated","Young CD vs old CD only","Il20rb"
"Downregulated","Young CD vs old CD only","Il27ra"
"Downregulated","Young CD vs old CD only","Il2rb"
"Downregulated","Young CD vs old CD only","Il2rg"
"Downregulated","Young CD vs old CD only","Il33"
"Downregulated","Young CD vs old CD only","Il6ra"
"Downregulated","Young CD vs old CD only","Il7"
"Downregulated","Young CD vs old CD only","Il7r"
"Downregulated","Young CD vs old CD only","Ildr2"
"Downregulated","Young CD vs old CD only","Immp2l"
"Downregulated","Young CD vs old CD only","Impa1"
"Downregulated","Young CD vs old CD only","Impact"
"Downregulated","Young CD vs old CD only","Ing3"
"Downregulated","Young CD vs old CD only","Inmt"
"Downregulated","Young CD vs old CD only","Inpp5d"
"Downregulated","Young CD vs old CD only","Ints4"
"Downregulated","Young CD vs old CD only","Ip6k2"
"Downregulated","Young CD vs old CD only","Ip6k3"
"Downregulated","Young CD vs old CD only","Ipcef1"
"Downregulated","Young CD vs old CD only","Ipo11"
"Downregulated","Young CD vs old CD only","Ipo7"
"Downregulated","Young CD vs old CD only","Ippk"
"Downregulated","Young CD vs old CD only","Iqgap1"
"Downregulated","Young CD vs old CD only","Iqgap2"
"Downregulated","Young CD vs old CD only","Irak2"
"Downregulated","Young CD vs old CD only","Irak4"
"Downregulated","Young CD vs old CD only","Irf6"
"Downregulated","Young CD vs old CD only","Irf8"
"Downregulated","Young CD vs old CD only","Irgm1"
"Downregulated","Young CD vs old CD only","Irx3"
"Downregulated","Young CD vs old CD only","Ispd"
"Downregulated","Young CD vs old CD only","Itfg1"
"Downregulated","Young CD vs old CD only","Itga4"
"Downregulated","Young CD vs old CD only","Itgae"
"Downregulated","Young CD vs old CD only","Itgal"
"Downregulated","Young CD vs old CD only","Itgam"
"Downregulated","Young CD vs old CD only","Itgax"
"Downregulated","Young CD vs old CD only","Itgb1"
"Downregulated","Young CD vs old CD only","Itgb2"
"Downregulated","Young CD vs old CD only","Itgb7"
"Downregulated","Young CD vs old CD only","Itgb8"
"Downregulated","Young CD vs old CD only","Itih1"
"Downregulated","Young CD vs old CD only","Itih2"
"Downregulated","Young CD vs old CD only","Itih3"
"Downregulated","Young CD vs old CD only","Itih4"
"Downregulated","Young CD vs old CD only","Itm2b"
"Downregulated","Young CD vs old CD only","Itpr1"
"Downregulated","Young CD vs old CD only","Itpripl1"
"Downregulated","Young CD vs old CD only","Jmjd1c"
"Downregulated","Young CD vs old CD only","Junb"
"Downregulated","Young CD vs old CD only","Katnal2"
"Downregulated","Young CD vs old CD only","Kbtbd3"
"Downregulated","Young CD vs old CD only","Kcnj14"
"Downregulated","Young CD vs old CD only","Kcnj15"
"Downregulated","Young CD vs old CD only","Kcnk1"
"Downregulated","Young CD vs old CD only","Kcnk5"
"Downregulated","Young CD vs old CD only","Kcnmb1"
"Downregulated","Young CD vs old CD only","Kcnn3"
"Downregulated","Young CD vs old CD only","Kdm3a"
"Downregulated","Young CD vs old CD only","Kdsr"
"Downregulated","Young CD vs old CD only","Kif18a"
"Downregulated","Young CD vs old CD only","Kif20a"
"Downregulated","Young CD vs old CD only","Kif23"
"Downregulated","Young CD vs old CD only","Kif4"
"Downregulated","Young CD vs old CD only","Kifc3"
"Downregulated","Young CD vs old CD only","Kitl"
"Downregulated","Young CD vs old CD only","Klf10"
"Downregulated","Young CD vs old CD only","Klf5"
"Downregulated","Young CD vs old CD only","Klhdc8a"
"Downregulated","Young CD vs old CD only","Klhl13"
"Downregulated","Young CD vs old CD only","Klhl29"
"Downregulated","Young CD vs old CD only","Klhl38"
"Downregulated","Young CD vs old CD only","Klhl40"
"Downregulated","Young CD vs old CD only","Klhl5"
"Downregulated","Young CD vs old CD only","Klhl9"
"Downregulated","Young CD vs old CD only","Klra2"
"Downregulated","Young CD vs old CD only","Klrb1b"
"Downregulated","Young CD vs old CD only","Klrk1"
"Downregulated","Young CD vs old CD only","Kmo"
"Downregulated","Young CD vs old CD only","Kng1"
"Downregulated","Young CD vs old CD only","Kng2"
"Downregulated","Young CD vs old CD only","Kpna2"
"Downregulated","Young CD vs old CD only","Kpna3"
"Downregulated","Young CD vs old CD only","Krr1"
"Downregulated","Young CD vs old CD only","Krt18"
"Downregulated","Young CD vs old CD only","Krt19"
"Downregulated","Young CD vs old CD only","Krt20"
"Downregulated","Young CD vs old CD only","Krt8"
"Downregulated","Young CD vs old CD only","Kxd1"
"Downregulated","Young CD vs old CD only","Kynu"
"Downregulated","Young CD vs old CD only","L1cam"
"Downregulated","Young CD vs old CD only","Lamp2"
"Downregulated","Young CD vs old CD only","Lamtor5"
"Downregulated","Young CD vs old CD only","Lancl1"
"Downregulated","Young CD vs old CD only","Lancl2"
"Downregulated","Young CD vs old CD only","Laptm4a"
"Downregulated","Young CD vs old CD only","Laptm5"
"Downregulated","Young CD vs old CD only","Lars"
"Downregulated","Young CD vs old CD only","Lat2"
"Downregulated","Young CD vs old CD only","Lax1"
"Downregulated","Young CD vs old CD only","Layn"
"Downregulated","Young CD vs old CD only","Lbh"
"Downregulated","Young CD vs old CD only","Lcat"
"Downregulated","Young CD vs old CD only","Lclat1"
"Downregulated","Young CD vs old CD only","Lcn2"
"Downregulated","Young CD vs old CD only","Lcor"
"Downregulated","Young CD vs old CD only","Lcp1"
"Downregulated","Young CD vs old CD only","Lcp2"
"Downregulated","Young CD vs old CD only","Lepr"
"Downregulated","Young CD vs old CD only","Leprotl1"
"Downregulated","Young CD vs old CD only","Lgals1"
"Downregulated","Young CD vs old CD only","Lgals3"
"Downregulated","Young CD vs old CD only","Lgals9"
"Downregulated","Young CD vs old CD only","Lgi1"
"Downregulated","Young CD vs old CD only","Lgmn"
"Downregulated","Young CD vs old CD only","Lhfpl1"
"Downregulated","Young CD vs old CD only","Lhfpl2"
"Downregulated","Young CD vs old CD only","Lig1"
"Downregulated","Young CD vs old CD only","Lilrb4"
"Downregulated","Young CD vs old CD only","Limd2"
"Downregulated","Young CD vs old CD only","Lims1"
"Downregulated","Young CD vs old CD only","Lin7a"
"Downregulated","Young CD vs old CD only","Lipa"
"Downregulated","Young CD vs old CD only","Lipc"
"Downregulated","Young CD vs old CD only","Lipg"
"Downregulated","Young CD vs old CD only","Lipo1"
"Downregulated","Young CD vs old CD only","Litaf"
"Downregulated","Young CD vs old CD only","Llph-ps2"
"Downregulated","Young CD vs old CD only","Lmna"
"Downregulated","Young CD vs old CD only","Lmo7"
"Downregulated","Young CD vs old CD only","Lonp2"
"Downregulated","Young CD vs old CD only","Lpcat2"
"Downregulated","Young CD vs old CD only","Lpin2"
"Downregulated","Young CD vs old CD only","Lpxn"
"Downregulated","Young CD vs old CD only","Lrat"
"Downregulated","Young CD vs old CD only","Lrg1"
"Downregulated","Young CD vs old CD only","Lrmp"
"Downregulated","Young CD vs old CD only","Lrp11"
"Downregulated","Young CD vs old CD only","Lrp2bp"
"Downregulated","Young CD vs old CD only","Lrrc16a"
"Downregulated","Young CD vs old CD only","Lrrc3"
"Downregulated","Young CD vs old CD only","Lrrc48"
"Downregulated","Young CD vs old CD only","Lrrc52"
"Downregulated","Young CD vs old CD only","Lrrc57"
"Downregulated","Young CD vs old CD only","Lrrc8b"
"Downregulated","Young CD vs old CD only","Lrrcc1"
"Downregulated","Young CD vs old CD only","Lrrk2"
"Downregulated","Young CD vs old CD only","Lsm3"
"Downregulated","Young CD vs old CD only","Lsm5"
"Downregulated","Young CD vs old CD only","Lsr"
"Downregulated","Young CD vs old CD only","Ltb"
"Downregulated","Young CD vs old CD only","Ltn1"
"Downregulated","Young CD vs old CD only","Luzp2"
"Downregulated","Young CD vs old CD only","Ly6a"
"Downregulated","Young CD vs old CD only","Ly6c1"
"Downregulated","Young CD vs old CD only","Ly6c2"
"Downregulated","Young CD vs old CD only","Ly75"
"Downregulated","Young CD vs old CD only","Ly86"
"Downregulated","Young CD vs old CD only","Ly9"
"Downregulated","Young CD vs old CD only","Lyn"
"Downregulated","Young CD vs old CD only","Lypd8"
"Downregulated","Young CD vs old CD only","Lyrm1"
"Downregulated","Young CD vs old CD only","Lyrm2"
"Downregulated","Young CD vs old CD only","Lyrm4"
"Downregulated","Young CD vs old CD only","Lyz2"
"Downregulated","Young CD vs old CD only","Macf1"
"Downregulated","Young CD vs old CD only","Maff"
"Downregulated","Young CD vs old CD only","Magoh"
"Downregulated","Young CD vs old CD only","Magohb"
"Downregulated","Young CD vs old CD only","Mak16"
"Downregulated","Young CD vs old CD only","Mal2"
"Downregulated","Young CD vs old CD only","Mall"
"Downregulated","Young CD vs old CD only","Malsu1"
"Downregulated","Young CD vs old CD only","Man1a"
"Downregulated","Young CD vs old CD only","Man2a1"
"Downregulated","Young CD vs old CD only","Man2b2"
"Downregulated","Young CD vs old CD only","Manf"
"Downregulated","Young CD vs old CD only","Maoa"
"Downregulated","Young CD vs old CD only","Maob"
"Downregulated","Young CD vs old CD only","Map3k6"
"Downregulated","Young CD vs old CD only","Map7"
"Downregulated","Young CD vs old CD only","Marc1"
"Downregulated","Young CD vs old CD only","March1"
"Downregulated","Young CD vs old CD only","March7"
"Downregulated","Young CD vs old CD only","Marveld2"
"Downregulated","Young CD vs old CD only","Mat1a"
"Downregulated","Young CD vs old CD only","Matn2"
"Downregulated","Young CD vs old CD only","Matr3"
"Downregulated","Young CD vs old CD only","Mb"
"Downregulated","Young CD vs old CD only","Mb21d2"
"Downregulated","Young CD vs old CD only","Mbl2"
"Downregulated","Young CD vs old CD only","Mcam"
"Downregulated","Young CD vs old CD only","Mcm10"
"Downregulated","Young CD vs old CD only","Mcm3"
"Downregulated","Young CD vs old CD only","Mcm5"
"Downregulated","Young CD vs old CD only","Mcm6"
"Downregulated","Young CD vs old CD only","Mcoln2"
"Downregulated","Young CD vs old CD only","Mcpt4"
"Downregulated","Young CD vs old CD only","Mctp2"
"Downregulated","Young CD vs old CD only","Mcts1"
"Downregulated","Young CD vs old CD only","Mcts2"
"Downregulated","Young CD vs old CD only","Mdfic"
"Downregulated","Young CD vs old CD only","Mdh1"
"Downregulated","Young CD vs old CD only","Mdm4"
"Downregulated","Young CD vs old CD only","Mea1"
"Downregulated","Young CD vs old CD only","Med11"
"Downregulated","Young CD vs old CD only","Med14"
"Downregulated","Young CD vs old CD only","Med30"
"Downregulated","Young CD vs old CD only","Med6"
"Downregulated","Young CD vs old CD only","Meiob"
"Downregulated","Young CD vs old CD only","Mertk"
"Downregulated","Young CD vs old CD only","Mest"
"Downregulated","Young CD vs old CD only","Mettl11b"
"Downregulated","Young CD vs old CD only","Mettl7b"
"Downregulated","Young CD vs old CD only","Mettl8"
"Downregulated","Young CD vs old CD only","Mfap1b"
"Downregulated","Young CD vs old CD only","Mfge8"
"Downregulated","Young CD vs old CD only","Mfsd7a"
"Downregulated","Young CD vs old CD only","Mga"
"Downregulated","Young CD vs old CD only","Mgam"
"Downregulated","Young CD vs old CD only","Mgat2"
"Downregulated","Young CD vs old CD only","Mgat4a"
"Downregulated","Young CD vs old CD only","Mgat4c"
"Downregulated","Young CD vs old CD only","Mgat5"
"Downregulated","Young CD vs old CD only","Mgmt"
"Downregulated","Young CD vs old CD only","Mgp"
"Downregulated","Young CD vs old CD only","Mgst3"
"Downregulated","Young CD vs old CD only","Micu2"
"Downregulated","Young CD vs old CD only","Mid2"
"Downregulated","Young CD vs old CD only","Mif"
"Downregulated","Young CD vs old CD only","Mipol1"
"Downregulated","Young CD vs old CD only","Misp"
"Downregulated","Young CD vs old CD only","Mki67"
"Downregulated","Young CD vs old CD only","Mkln1"
"Downregulated","Young CD vs old CD only","Mknk2"
"Downregulated","Young CD vs old CD only","Mlip"
"Downregulated","Young CD vs old CD only","Mllt3"
"Downregulated","Young CD vs old CD only","Mmp12"
"Downregulated","Young CD vs old CD only","Mmp3"
"Downregulated","Young CD vs old CD only","Mnda"
"Downregulated","Young CD vs old CD only","Mob4"
"Downregulated","Young CD vs old CD only","Morc3"
"Downregulated","Young CD vs old CD only","Morf4l2"
"Downregulated","Young CD vs old CD only","Mospd1"
"Downregulated","Young CD vs old CD only","Mpc1"
"Downregulated","Young CD vs old CD only","Mpc1-ps"
"Downregulated","Young CD vs old CD only","Mpeg1"
"Downregulated","Young CD vs old CD only","Mphosph10"
"Downregulated","Young CD vs old CD only","Mphosph8"
"Downregulated","Young CD vs old CD only","Mpi"
"Downregulated","Young CD vs old CD only","Mpp7"
"Downregulated","Young CD vs old CD only","Mrgprb1"
"Downregulated","Young CD vs old CD only","Mrpl11"
"Downregulated","Young CD vs old CD only","Mrpl13"
"Downregulated","Young CD vs old CD only","Mrpl14"
"Downregulated","Young CD vs old CD only","Mrpl20"
"Downregulated","Young CD vs old CD only","Mrpl21"
"Downregulated","Young CD vs old CD only","Mrpl22"
"Downregulated","Young CD vs old CD only","Mrpl24"
"Downregulated","Young CD vs old CD only","Mrpl32"
"Downregulated","Young CD vs old CD only","Mrpl35"
"Downregulated","Young CD vs old CD only","Mrpl41"
"Downregulated","Young CD vs old CD only","Mrpl48"
"Downregulated","Young CD vs old CD only","Mrpl50"
"Downregulated","Young CD vs old CD only","Mrpl54"
"Downregulated","Young CD vs old CD only","Mrps12"
"Downregulated","Young CD vs old CD only","Mrps14"
"Downregulated","Young CD vs old CD only","Mrps16"
"Downregulated","Young CD vs old CD only","Mrps18c"
"Downregulated","Young CD vs old CD only","Mrps22"
"Downregulated","Young CD vs old CD only","Mrps28"
"Downregulated","Young CD vs old CD only","Mrps31"
"Downregulated","Young CD vs old CD only","Mrps6"
"Downregulated","Young CD vs old CD only","Mrrf"
"Downregulated","Young CD vs old CD only","Ms4a1"
"Downregulated","Young CD vs old CD only","Ms4a4a"
"Downregulated","Young CD vs old CD only","Ms4a4b"
"Downregulated","Young CD vs old CD only","Ms4a4c"
"Downregulated","Young CD vs old CD only","Ms4a6b"
"Downregulated","Young CD vs old CD only","Ms4a6c"
"Downregulated","Young CD vs old CD only","Ms4a6d"
"Downregulated","Young CD vs old CD only","Ms4a7"
"Downregulated","Young CD vs old CD only","Ms4a8a"
"Downregulated","Young CD vs old CD only","Msn"
"Downregulated","Young CD vs old CD only","Msr1"
"Downregulated","Young CD vs old CD only","Mss51"
"Downregulated","Young CD vs old CD only","Mt1"
"Downregulated","Young CD vs old CD only","Mt2"
"Downregulated","Young CD vs old CD only","Mt3"
"Downregulated","Young CD vs old CD only","Mterf2"
"Downregulated","Young CD vs old CD only","Mthfd1l"
"Downregulated","Young CD vs old CD only","Mtif3"
"Downregulated","Young CD vs old CD only","Mtm1"
"Downregulated","Young CD vs old CD only","Mtmr1"
"Downregulated","Young CD vs old CD only","Muc13"
"Downregulated","Young CD vs old CD only","Muc2"
"Downregulated","Young CD vs old CD only","Muc3"
"Downregulated","Young CD vs old CD only","Mug1"
"Downregulated","Young CD vs old CD only","Mug2"
"Downregulated","Young CD vs old CD only","Murc"
"Downregulated","Young CD vs old CD only","Musk"
"Downregulated","Young CD vs old CD only","Mustn1"
"Downregulated","Young CD vs old CD only","Mvb12a"
"Downregulated","Young CD vs old CD only","Mvp"
"Downregulated","Young CD vs old CD only","Mycbp"
"Downregulated","Young CD vs old CD only","Mycbp2"
"Downregulated","Young CD vs old CD only","Myeov2"
"Downregulated","Young CD vs old CD only","Myf6"
"Downregulated","Young CD vs old CD only","Myh11"
"Downregulated","Young CD vs old CD only","Myh7"
"Downregulated","Young CD vs old CD only","Myl12a"
"Downregulated","Young CD vs old CD only","Myl12b"
"Downregulated","Young CD vs old CD only","Myl2"
"Downregulated","Young CD vs old CD only","Myl3"
"Downregulated","Young CD vs old CD only","Myl4"
"Downregulated","Young CD vs old CD only","Myl9"
"Downregulated","Young CD vs old CD only","Mylk"
"Downregulated","Young CD vs old CD only","Myo15b"
"Downregulated","Young CD vs old CD only","Myo1a"
"Downregulated","Young CD vs old CD only","Myo1b"
"Downregulated","Young CD vs old CD only","Myo1d"
"Downregulated","Young CD vs old CD only","Myo1f"
"Downregulated","Young CD vs old CD only","Myo1h"
"Downregulated","Young CD vs old CD only","Myo5a"
"Downregulated","Young CD vs old CD only","Myo5b"
"Downregulated","Young CD vs old CD only","Myo7b"
"Downregulated","Young CD vs old CD only","Myo9a"
"Downregulated","Young CD vs old CD only","Myog"
"Downregulated","Young CD vs old CD only","Myot"
"Downregulated","Young CD vs old CD only","Mzb1"
"Downregulated","Young CD vs old CD only","N4bp2l2"
"Downregulated","Young CD vs old CD only","N6amt2"
"Downregulated","Young CD vs old CD only","Naa20"
"Downregulated","Young CD vs old CD only","Naa38"
"Downregulated","Young CD vs old CD only","Naaa"
"Downregulated","Young CD vs old CD only","Nabp1"
"Downregulated","Young CD vs old CD only","Nae1"
"Downregulated","Young CD vs old CD only","Naip1"
"Downregulated","Young CD vs old CD only","Naip2"
"Downregulated","Young CD vs old CD only","Naip5"
"Downregulated","Young CD vs old CD only","Naip6"
"Downregulated","Young CD vs old CD only","Nampt"
"Downregulated","Young CD vs old CD only","Napb"
"Downregulated","Young CD vs old CD only","Napsa"
"Downregulated","Young CD vs old CD only","Nat2"
"Downregulated","Young CD vs old CD only","Nbeal2"
"Downregulated","Young CD vs old CD only","Nbn"
"Downregulated","Young CD vs old CD only","Nbr1"
"Downregulated","Young CD vs old CD only","Ncbp1"
"Downregulated","Young CD vs old CD only","Ncf1"
"Downregulated","Young CD vs old CD only","Ncf2"
"Downregulated","Young CD vs old CD only","Nck1"
"Downregulated","Young CD vs old CD only","Nckap1l"
"Downregulated","Young CD vs old CD only","Ncl"
"Downregulated","Young CD vs old CD only","Ncoa4"
"Downregulated","Young CD vs old CD only","Ndfip1"
"Downregulated","Young CD vs old CD only","Ndufa11"
"Downregulated","Young CD vs old CD only","Ndufa13"
"Downregulated","Young CD vs old CD only","Ndufa2"
"Downregulated","Young CD vs old CD only","Ndufa3"
"Downregulated","Young CD vs old CD only","Ndufa4"
"Downregulated","Young CD vs old CD only","Ndufa5"
"Downregulated","Young CD vs old CD only","Ndufa6"
"Downregulated","Young CD vs old CD only","Ndufb2"
"Downregulated","Young CD vs old CD only","Ndufb3"
"Downregulated","Young CD vs old CD only","Ndufb5"
"Downregulated","Young CD vs old CD only","Ndufc2"
"Downregulated","Young CD vs old CD only","Ndufs1"
"Downregulated","Young CD vs old CD only","Ndufs4"
"Downregulated","Young CD vs old CD only","Ndufv2"
"Downregulated","Young CD vs old CD only","Nedd1"
"Downregulated","Young CD vs old CD only","Nedd8"
"Downregulated","Young CD vs old CD only","Nek5"
"Downregulated","Young CD vs old CD only","Nek6"
"Downregulated","Young CD vs old CD only","Nemf"
"Downregulated","Young CD vs old CD only","Neto2"
"Downregulated","Young CD vs old CD only","Nfe2l2"
"Downregulated","Young CD vs old CD only","Nfkb2"
"Downregulated","Young CD vs old CD only","Nfkbie"
"Downregulated","Young CD vs old CD only","Ngdn"
"Downregulated","Young CD vs old CD only","Ngly1"
"Downregulated","Young CD vs old CD only","Nhej1"
"Downregulated","Young CD vs old CD only","Nhp2"
"Downregulated","Young CD vs old CD only","Nhp2l1"
"Downregulated","Young CD vs old CD only","Nhs"
"Downregulated","Young CD vs old CD only","Ninj1"
"Downregulated","Young CD vs old CD only","Nip7"
"Downregulated","Young CD vs old CD only","Nipa1"
"Downregulated","Young CD vs old CD only","Nipbl"
"Downregulated","Young CD vs old CD only","Nipsnap1"
"Downregulated","Young CD vs old CD only","Nipsnap3b"
"Downregulated","Young CD vs old CD only","Nkain2"
"Downregulated","Young CD vs old CD only","Nkd1"
"Downregulated","Young CD vs old CD only","Nkx2-2os"
"Downregulated","Young CD vs old CD only","Nlrc4"
"Downregulated","Young CD vs old CD only","Nlrp10"
"Downregulated","Young CD vs old CD only","Nlrp6"
"Downregulated","Young CD vs old CD only","Nmb"
"Downregulated","Young CD vs old CD only","Nmd3"
"Downregulated","Young CD vs old CD only","Nme2"
"Downregulated","Young CD vs old CD only","Nme4"
"Downregulated","Young CD vs old CD only","Nmral1"
"Downregulated","Young CD vs old CD only","Nmrk2"
"Downregulated","Young CD vs old CD only","Nmt1"
"Downregulated","Young CD vs old CD only","Nnat"
"Downregulated","Young CD vs old CD only","Nnmt"
"Downregulated","Young CD vs old CD only","Nol3"
"Downregulated","Young CD vs old CD only","Nono"
"Downregulated","Young CD vs old CD only","Nop10"
"Downregulated","Young CD vs old CD only","Nop58"
"Downregulated","Young CD vs old CD only","Nosip"
"Downregulated","Young CD vs old CD only","Nostrin"
"Downregulated","Young CD vs old CD only","Npat"
"Downregulated","Young CD vs old CD only","Npl"
"Downregulated","Young CD vs old CD only","Npm1"
"Downregulated","Young CD vs old CD only","Npy1r"
"Downregulated","Young CD vs old CD only","Nqo1"
"Downregulated","Young CD vs old CD only","Nr1h4"
"Downregulated","Young CD vs old CD only","Nr4a3"
"Downregulated","Young CD vs old CD only","Nr6a1"
"Downregulated","Young CD vs old CD only","Nrcam"
"Downregulated","Young CD vs old CD only","Nrip1"
"Downregulated","Young CD vs old CD only","Nrn1"
"Downregulated","Young CD vs old CD only","Nsa2"
"Downregulated","Young CD vs old CD only","Nsfl1c"
"Downregulated","Young CD vs old CD only","Nsg1"
"Downregulated","Young CD vs old CD only","Nsun2"
"Downregulated","Young CD vs old CD only","Nsun6"
"Downregulated","Young CD vs old CD only","Nt5c"
"Downregulated","Young CD vs old CD only","Nt5dc1"
"Downregulated","Young CD vs old CD only","Nt5e"
"Downregulated","Young CD vs old CD only","Ntng2"
"Downregulated","Young CD vs old CD only","Nuak2"
"Downregulated","Young CD vs old CD only","Nubp2"
"Downregulated","Young CD vs old CD only","Nudcd1"
"Downregulated","Young CD vs old CD only","Nudcd2"
"Downregulated","Young CD vs old CD only","Nudt18"
"Downregulated","Young CD vs old CD only","Nufip2"
"Downregulated","Young CD vs old CD only","Nxn"
"Downregulated","Young CD vs old CD only","Nxpe2"
"Downregulated","Young CD vs old CD only","Nxpe5"
"Downregulated","Young CD vs old CD only","Oas3"
"Downregulated","Young CD vs old CD only","Ociad1"
"Downregulated","Young CD vs old CD only","Ocln"
"Downregulated","Young CD vs old CD only","Odc1"
"Downregulated","Young CD vs old CD only","Odf3l2"
"Downregulated","Young CD vs old CD only","Ogdhl"
"Downregulated","Young CD vs old CD only","Olfml2a"
"Downregulated","Young CD vs old CD only","Olfr1033"
"Downregulated","Young CD vs old CD only","Olfr920"
"Downregulated","Young CD vs old CD only","Onecut2"
"Downregulated","Young CD vs old CD only","Orai2"
"Downregulated","Young CD vs old CD only","Orc4"
"Downregulated","Young CD vs old CD only","Orm1"
"Downregulated","Young CD vs old CD only","Orm2"
"Downregulated","Young CD vs old CD only","Ormdl2"
"Downregulated","Young CD vs old CD only","Osbpl3"
"Downregulated","Young CD vs old CD only","Osbpl8"
"Downregulated","Young CD vs old CD only","Osgep"
"Downregulated","Young CD vs old CD only","Osmr"
"Downregulated","Young CD vs old CD only","Ost4"
"Downregulated","Young CD vs old CD only","Ostc"
"Downregulated","Young CD vs old CD only","Ostf1"
"Downregulated","Young CD vs old CD only","Ostn"
"Downregulated","Young CD vs old CD only","Otc"
"Downregulated","Young CD vs old CD only","Otud1"
"Downregulated","Young CD vs old CD only","Otud6b"
"Downregulated","Young CD vs old CD only","Otulin"
"Downregulated","Young CD vs old CD only","P2rx4"
"Downregulated","Young CD vs old CD only","P2ry10"
"Downregulated","Young CD vs old CD only","P4hb"
"Downregulated","Young CD vs old CD only","Pafah1b2"
"Downregulated","Young CD vs old CD only","Pah"
"Downregulated","Young CD vs old CD only","Paics"
"Downregulated","Young CD vs old CD only","Paip2"
"Downregulated","Young CD vs old CD only","Pak1ip1"
"Downregulated","Young CD vs old CD only","Pam16"
"Downregulated","Young CD vs old CD only","Papss2"
"Downregulated","Young CD vs old CD only","Pard6b"
"Downregulated","Young CD vs old CD only","Parp3"
"Downregulated","Young CD vs old CD only","Parp9"
"Downregulated","Young CD vs old CD only","Parvg"
"Downregulated","Young CD vs old CD only","Pawr"
"Downregulated","Young CD vs old CD only","Pbdc1"
"Downregulated","Young CD vs old CD only","Pcbd1"
"Downregulated","Young CD vs old CD only","Pcdh11x"
"Downregulated","Young CD vs old CD only","Pcna"
"Downregulated","Young CD vs old CD only","Pcnxl4"
"Downregulated","Young CD vs old CD only","Pcsk1"
"Downregulated","Young CD vs old CD only","Pdcd10"
"Downregulated","Young CD vs old CD only","Pdcd5"
"Downregulated","Young CD vs old CD only","Pdcd6"
"Downregulated","Young CD vs old CD only","Pdcl3"
"Downregulated","Young CD vs old CD only","Pde5a"
"Downregulated","Young CD vs old CD only","Pde7a"
"Downregulated","Young CD vs old CD only","Pde8a"
"Downregulated","Young CD vs old CD only","Pdgfd"
"Downregulated","Young CD vs old CD only","Pdia3"
"Downregulated","Young CD vs old CD only","Pdia4"
"Downregulated","Young CD vs old CD only","Pdia6"
"Downregulated","Young CD vs old CD only","Pdk3"
"Downregulated","Young CD vs old CD only","Pdlim3"
"Downregulated","Young CD vs old CD only","Pdlim5"
"Downregulated","Young CD vs old CD only","Pdss1"
"Downregulated","Young CD vs old CD only","Pdxdc1"
"Downregulated","Young CD vs old CD only","Pdzk1"
"Downregulated","Young CD vs old CD only","Pecam1"
"Downregulated","Young CD vs old CD only","Pef1"
"Downregulated","Young CD vs old CD only","Peg10"
"Downregulated","Young CD vs old CD only","Pemt"
"Downregulated","Young CD vs old CD only","Penk"
"Downregulated","Young CD vs old CD only","Perp"
"Downregulated","Young CD vs old CD only","Pes1"
"Downregulated","Young CD vs old CD only","Pet100"
"Downregulated","Young CD vs old CD only","Pex13"
"Downregulated","Young CD vs old CD only","Pfdn5"
"Downregulated","Young CD vs old CD only","Pfkfb1"
"Downregulated","Young CD vs old CD only","Pgap1"
"Downregulated","Young CD vs old CD only","Pgd"
"Downregulated","Young CD vs old CD only","Pglyrp2"
"Downregulated","Young CD vs old CD only","Pgm3"
"Downregulated","Young CD vs old CD only","Phax"
"Downregulated","Young CD vs old CD only","Phf11b"
"Downregulated","Young CD vs old CD only","Phf20l1"
"Downregulated","Young CD vs old CD only","Phf6"
"Downregulated","Young CD vs old CD only","Phgdh"
"Downregulated","Young CD vs old CD only","Phip"
"Downregulated","Young CD vs old CD only","Pi4k2b"
"Downregulated","Young CD vs old CD only","Picalm"
"Downregulated","Young CD vs old CD only","Pifo"
"Downregulated","Young CD vs old CD only","Pigh"
"Downregulated","Young CD vs old CD only","Pigr"
"Downregulated","Young CD vs old CD only","Pik3ap1"
"Downregulated","Young CD vs old CD only","Pik3c2a"
"Downregulated","Young CD vs old CD only","Pik3cg"
"Downregulated","Young CD vs old CD only","Pik3r5"
"Downregulated","Young CD vs old CD only","Pikfyve"
"Downregulated","Young CD vs old CD only","Pin1"
"Downregulated","Young CD vs old CD only","Pin4"
"Downregulated","Young CD vs old CD only","Pinx1"
"Downregulated","Young CD vs old CD only","Pipox"
"Downregulated","Young CD vs old CD only","Pir"
"Downregulated","Young CD vs old CD only","Pirb"
"Downregulated","Young CD vs old CD only","Pisd"
"Downregulated","Young CD vs old CD only","Pja2"
"Downregulated","Young CD vs old CD only","Pkdrej"
"Downregulated","Young CD vs old CD only","Pkig"
"Downregulated","Young CD vs old CD only","Pklr"
"Downregulated","Young CD vs old CD only","Pkp3"
"Downregulated","Young CD vs old CD only","Pla2g4a"
"Downregulated","Young CD vs old CD only","Pla2g5"
"Downregulated","Young CD vs old CD only","Plac8"
"Downregulated","Young CD vs old CD only","Plag1"
"Downregulated","Young CD vs old CD only","Plagl1"
"Downregulated","Young CD vs old CD only","Plcg2"
"Downregulated","Young CD vs old CD only","Plcl1"
"Downregulated","Young CD vs old CD only","Plcxd2"
"Downregulated","Young CD vs old CD only","Pld3"
"Downregulated","Young CD vs old CD only","Pld5"
"Downregulated","Young CD vs old CD only","Plek"
"Downregulated","Young CD vs old CD only","Plekha5"
"Downregulated","Young CD vs old CD only","Plekhb1"
"Downregulated","Young CD vs old CD only","Plekhh1"
"Downregulated","Young CD vs old CD only","Plekho1"
"Downregulated","Young CD vs old CD only","Plet1"
"Downregulated","Young CD vs old CD only","Plg"
"Downregulated","Young CD vs old CD only","Plk2"
"Downregulated","Young CD vs old CD only","Pln"
"Downregulated","Young CD vs old CD only","Plp1"
"Downregulated","Young CD vs old CD only","Plp2"
"Downregulated","Young CD vs old CD only","Plrg1"
"Downregulated","Young CD vs old CD only","Pls1"
"Downregulated","Young CD vs old CD only","Pls3"
"Downregulated","Young CD vs old CD only","Plscr1"
"Downregulated","Young CD vs old CD only","Plscr2"
"Downregulated","Young CD vs old CD only","Pmaip1"
"Downregulated","Young CD vs old CD only","Pmpcb"
"Downregulated","Young CD vs old CD only","Pms2"
"Downregulated","Young CD vs old CD only","Pno1"
"Downregulated","Young CD vs old CD only","Pnrc2"
"Downregulated","Young CD vs old CD only","Podxl"
"Downregulated","Young CD vs old CD only","Pof1b"
"Downregulated","Young CD vs old CD only","Poglut1"
"Downregulated","Young CD vs old CD only","Pola1"
"Downregulated","Young CD vs old CD only","Polb"
"Downregulated","Young CD vs old CD only","Pold2"
"Downregulated","Young CD vs old CD only","Pole3"
"Downregulated","Young CD vs old CD only","Polq"
"Downregulated","Young CD vs old CD only","Polr1d"
"Downregulated","Young CD vs old CD only","Polr2b"
"Downregulated","Young CD vs old CD only","Polr2g"
"Downregulated","Young CD vs old CD only","Polr2h"
"Downregulated","Young CD vs old CD only","Polr2k"
"Downregulated","Young CD vs old CD only","Polr3k"
"Downregulated","Young CD vs old CD only","Pomp"
"Downregulated","Young CD vs old CD only","Pon1"
"Downregulated","Young CD vs old CD only","Pon2"
"Downregulated","Young CD vs old CD only","Pon3"
"Downregulated","Young CD vs old CD only","Pop4"
"Downregulated","Young CD vs old CD only","Pou2af1"
"Downregulated","Young CD vs old CD only","Pou2f2"
"Downregulated","Young CD vs old CD only","Ppap2a"
"Downregulated","Young CD vs old CD only","Ppargc1a"
"Downregulated","Young CD vs old CD only","Ppfibp1"
"Downregulated","Young CD vs old CD only","Ppfibp2"
"Downregulated","Young CD vs old CD only","Ppia"
"Downregulated","Young CD vs old CD only","Ppm1e"
"Downregulated","Young CD vs old CD only","Ppme1"
"Downregulated","Young CD vs old CD only","Ppp1r11"
"Downregulated","Young CD vs old CD only","Ppp1r12a"
"Downregulated","Young CD vs old CD only","Ppp1r14b"
"Downregulated","Young CD vs old CD only","Ppp1r27"
"Downregulated","Young CD vs old CD only","Ppp1r3c"
"Downregulated","Young CD vs old CD only","Ppp2ca"
"Downregulated","Young CD vs old CD only","Ppp2r3c"
"Downregulated","Young CD vs old CD only","Ppp6c"
"Downregulated","Young CD vs old CD only","Ppt1"
"Downregulated","Young CD vs old CD only","Prdx1"
"Downregulated","Young CD vs old CD only","Prdx2"
"Downregulated","Young CD vs old CD only","Prelid1"
"Downregulated","Young CD vs old CD only","Prkaa1"
"Downregulated","Young CD vs old CD only","Prkcb"
"Downregulated","Young CD vs old CD only","Prkcd"
"Downregulated","Young CD vs old CD only","Prkcdbp"
"Downregulated","Young CD vs old CD only","Prkcz"
"Downregulated","Young CD vs old CD only","Prlr"
"Downregulated","Young CD vs old CD only","Proc"
"Downregulated","Young CD vs old CD only","Prodh2"
"Downregulated","Young CD vs old CD only","Prom1"
"Downregulated","Young CD vs old CD only","Prox1"
"Downregulated","Young CD vs old CD only","Proz"
"Downregulated","Young CD vs old CD only","Prps2"
"Downregulated","Young CD vs old CD only","Prr15l"
"Downregulated","Young CD vs old CD only","Prr16"
"Downregulated","Young CD vs old CD only","Prr32"
"Downregulated","Young CD vs old CD only","Prr5l"
"Downregulated","Young CD vs old CD only","Prrg2"
"Downregulated","Young CD vs old CD only","Prss32"
"Downregulated","Young CD vs old CD only","Psd3"
"Downregulated","Young CD vs old CD only","Psd4"
"Downregulated","Young CD vs old CD only","Psma1"
"Downregulated","Young CD vs old CD only","Psma2"
"Downregulated","Young CD vs old CD only","Psma3"
"Downregulated","Young CD vs old CD only","Psma4"
"Downregulated","Young CD vs old CD only","Psma5"
"Downregulated","Young CD vs old CD only","Psma6"
"Downregulated","Young CD vs old CD only","Psma7"
"Downregulated","Young CD vs old CD only","Psmb1"
"Downregulated","Young CD vs old CD only","Psmb2"
"Downregulated","Young CD vs old CD only","Psmb3"
"Downregulated","Young CD vs old CD only","Psmb4"
"Downregulated","Young CD vs old CD only","Psmb5"
"Downregulated","Young CD vs old CD only","Psmb6"
"Downregulated","Young CD vs old CD only","Psmb7"
"Downregulated","Young CD vs old CD only","Psmc1"
"Downregulated","Young CD vs old CD only","Psmc2"
"Downregulated","Young CD vs old CD only","Psmc3"
"Downregulated","Young CD vs old CD only","Psmc4"
"Downregulated","Young CD vs old CD only","Psmc5"
"Downregulated","Young CD vs old CD only","Psmc6"
"Downregulated","Young CD vs old CD only","Psmd10"
"Downregulated","Young CD vs old CD only","Psmd11"
"Downregulated","Young CD vs old CD only","Psmd12"
"Downregulated","Young CD vs old CD only","Psmd13"
"Downregulated","Young CD vs old CD only","Psmd14"
"Downregulated","Young CD vs old CD only","Psmd4"
"Downregulated","Young CD vs old CD only","Psmd5"
"Downregulated","Young CD vs old CD only","Psmd6"
"Downregulated","Young CD vs old CD only","Psmd8"
"Downregulated","Young CD vs old CD only","Psmg4"
"Downregulated","Young CD vs old CD only","Ptbp3"
"Downregulated","Young CD vs old CD only","Ptcd3"
"Downregulated","Young CD vs old CD only","Ptger2"
"Downregulated","Young CD vs old CD only","Ptgfr"
"Downregulated","Young CD vs old CD only","Ptk2b"
"Downregulated","Young CD vs old CD only","Ptpn2"
"Downregulated","Young CD vs old CD only","Ptpn22"
"Downregulated","Young CD vs old CD only","Ptpn6"
"Downregulated","Young CD vs old CD only","Ptprc"
"Downregulated","Young CD vs old CD only","Ptprcap"
"Downregulated","Young CD vs old CD only","Ptprf"
"Downregulated","Young CD vs old CD only","Ptprj"
"Downregulated","Young CD vs old CD only","Ptprr"
"Downregulated","Young CD vs old CD only","Pvr"
"Downregulated","Young CD vs old CD only","Pwp1"
"Downregulated","Young CD vs old CD only","Pxdc1"
"Downregulated","Young CD vs old CD only","Pycard"
"Downregulated","Young CD vs old CD only","Pydc4"
"Downregulated","Young CD vs old CD only","Pyhin1"
"Downregulated","Young CD vs old CD only","Pyroxd1"
"Downregulated","Young CD vs old CD only","Pzp"
"Downregulated","Young CD vs old CD only","Qsox1"
"Downregulated","Young CD vs old CD only","RP23-274G21.3"
"Downregulated","Young CD vs old CD only","RP23-428M4.4"
"Downregulated","Young CD vs old CD only","RP23-75P5.3"
"Downregulated","Young CD vs old CD only","RP24-64D24.3"
"Downregulated","Young CD vs old CD only","Rab11a"
"Downregulated","Young CD vs old CD only","Rab11fip1"
"Downregulated","Young CD vs old CD only","Rab13"
"Downregulated","Young CD vs old CD only","Rab20"
"Downregulated","Young CD vs old CD only","Rab27a"
"Downregulated","Young CD vs old CD only","Rab2a"
"Downregulated","Young CD vs old CD only","Rab30"
"Downregulated","Young CD vs old CD only","Rab32"
"Downregulated","Young CD vs old CD only","Rab44"
"Downregulated","Young CD vs old CD only","Rab5a"
"Downregulated","Young CD vs old CD only","Rab8a"
"Downregulated","Young CD vs old CD only","Rab8b"
"Downregulated","Young CD vs old CD only","Rabac1"
"Downregulated","Young CD vs old CD only","Rabgap1l"
"Downregulated","Young CD vs old CD only","Rabggtb"
"Downregulated","Young CD vs old CD only","Rac2"
"Downregulated","Young CD vs old CD only","Rad23b"
"Downregulated","Young CD vs old CD only","Rai14"
"Downregulated","Young CD vs old CD only","Ralgapa1"
"Downregulated","Young CD vs old CD only","Ran"
"Downregulated","Young CD vs old CD only","Ranbp1"
"Downregulated","Young CD vs old CD only","Ranbp2"
"Downregulated","Young CD vs old CD only","Ranbp6"
"Downregulated","Young CD vs old CD only","Rap1a"
"Downregulated","Young CD vs old CD only","Rap1b"
"Downregulated","Young CD vs old CD only","Rapgef4"
"Downregulated","Young CD vs old CD only","Rapgef6"
"Downregulated","Young CD vs old CD only","Rarres2"
"Downregulated","Young CD vs old CD only","Rasal2"
"Downregulated","Young CD vs old CD only","Rasgrp1"
"Downregulated","Young CD vs old CD only","Rasl10b"
"Downregulated","Young CD vs old CD only","Rassf4"
"Downregulated","Young CD vs old CD only","Rassf5"
"Downregulated","Young CD vs old CD only","Rassf7"
"Downregulated","Young CD vs old CD only","Rb1"
"Downregulated","Young CD vs old CD only","Rbbp4"
"Downregulated","Young CD vs old CD only","Rbl1"
"Downregulated","Young CD vs old CD only","Rbm27"
"Downregulated","Young CD vs old CD only","Rbm4"
"Downregulated","Young CD vs old CD only","Rbm41"
"Downregulated","Young CD vs old CD only","Rbmxl1"
"Downregulated","Young CD vs old CD only","Rbp4"
"Downregulated","Young CD vs old CD only","Rbp7"
"Downregulated","Young CD vs old CD only","Rdh11"
"Downregulated","Young CD vs old CD only","Rdh7"
"Downregulated","Young CD vs old CD only","Relb"
"Downregulated","Young CD vs old CD only","Rfesd"
"Downregulated","Young CD vs old CD only","Rfx5"
"Downregulated","Young CD vs old CD only","Rgcc"
"Downregulated","Young CD vs old CD only","Rgn"
"Downregulated","Young CD vs old CD only","Rgs1"
"Downregulated","Young CD vs old CD only","Rheb"
"Downregulated","Young CD vs old CD only","Rhoa"
"Downregulated","Young CD vs old CD only","Rhoc"
"Downregulated","Young CD vs old CD only","Rhoh"
"Downregulated","Young CD vs old CD only","Rhpn2"
"Downregulated","Young CD vs old CD only","Rictor"
"Downregulated","Young CD vs old CD only","Riok3"
"Downregulated","Young CD vs old CD only","Rit1"
"Downregulated","Young CD vs old CD only","Rlim"
"Downregulated","Young CD vs old CD only","Rnase4"
"Downregulated","Young CD vs old CD only","Rnase6"
"Downregulated","Young CD vs old CD only","Rnaseh2c"
"Downregulated","Young CD vs old CD only","Rnasel"
"Downregulated","Young CD vs old CD only","Rnf113a2"
"Downregulated","Young CD vs old CD only","Rnf115"
"Downregulated","Young CD vs old CD only","Rnf128"
"Downregulated","Young CD vs old CD only","Rnf13"
"Downregulated","Young CD vs old CD only","Rnf144b"
"Downregulated","Young CD vs old CD only","Rnf17"
"Downregulated","Young CD vs old CD only","Rnf181"
"Downregulated","Young CD vs old CD only","Rnmt"
"Downregulated","Young CD vs old CD only","Rnpc3"
"Downregulated","Young CD vs old CD only","Robo2"
"Downregulated","Young CD vs old CD only","Rora"
"Downregulated","Young CD vs old CD only","Rorc"
"Downregulated","Young CD vs old CD only","Rpe"
"Downregulated","Young CD vs old CD only","Rpf1"
"Downregulated","Young CD vs old CD only","Rpf2"
"Downregulated","Young CD vs old CD only","Rpl10"
"Downregulated","Young CD vs old CD only","Rpl10a"
"Downregulated","Young CD vs old CD only","Rpl11"
"Downregulated","Young CD vs old CD only","Rpl12"
"Downregulated","Young CD vs old CD only","Rpl13"
"Downregulated","Young CD vs old CD only","Rpl13a"
"Downregulated","Young CD vs old CD only","Rpl15"
"Downregulated","Young CD vs old CD only","Rpl17"
"Downregulated","Young CD vs old CD only","Rpl18"
"Downregulated","Young CD vs old CD only","Rpl18a"
"Downregulated","Young CD vs old CD only","Rpl19"
"Downregulated","Young CD vs old CD only","Rpl21"
"Downregulated","Young CD vs old CD only","Rpl22"
"Downregulated","Young CD vs old CD only","Rpl22l1"
"Downregulated","Young CD vs old CD only","Rpl23"
"Downregulated","Young CD vs old CD only","Rpl23a"
"Downregulated","Young CD vs old CD only","Rpl24"
"Downregulated","Young CD vs old CD only","Rpl26"
"Downregulated","Young CD vs old CD only","Rpl27"
"Downregulated","Young CD vs old CD only","Rpl27a"
"Downregulated","Young CD vs old CD only","Rpl29"
"Downregulated","Young CD vs old CD only","Rpl3"
"Downregulated","Young CD vs old CD only","Rpl3-ps1"
"Downregulated","Young CD vs old CD only","Rpl30"
"Downregulated","Young CD vs old CD only","Rpl31"
"Downregulated","Young CD vs old CD only","Rpl32"
"Downregulated","Young CD vs old CD only","Rpl34"
"Downregulated","Young CD vs old CD only","Rpl35"
"Downregulated","Young CD vs old CD only","Rpl35a"
"Downregulated","Young CD vs old CD only","Rpl36"
"Downregulated","Young CD vs old CD only","Rpl36a"
"Downregulated","Young CD vs old CD only","Rpl36al"
"Downregulated","Young CD vs old CD only","Rpl37"
"Downregulated","Young CD vs old CD only","Rpl37a"
"Downregulated","Young CD vs old CD only","Rpl38"
"Downregulated","Young CD vs old CD only","Rpl39"
"Downregulated","Young CD vs old CD only","Rpl4"
"Downregulated","Young CD vs old CD only","Rpl41"
"Downregulated","Young CD vs old CD only","Rpl5"
"Downregulated","Young CD vs old CD only","Rpl6"
"Downregulated","Young CD vs old CD only","Rpl7"
"Downregulated","Young CD vs old CD only","Rpl7a"
"Downregulated","Young CD vs old CD only","Rpl9"
"Downregulated","Young CD vs old CD only","Rplp0"
"Downregulated","Young CD vs old CD only","Rpp25l"
"Downregulated","Young CD vs old CD only","Rpp40"
"Downregulated","Young CD vs old CD only","Rps10"
"Downregulated","Young CD vs old CD only","Rps12"
"Downregulated","Young CD vs old CD only","Rps13"
"Downregulated","Young CD vs old CD only","Rps14"
"Downregulated","Young CD vs old CD only","Rps15a"
"Downregulated","Young CD vs old CD only","Rps16"
"Downregulated","Young CD vs old CD only","Rps17"
"Downregulated","Young CD vs old CD only","Rps18"
"Downregulated","Young CD vs old CD only","Rps19"
"Downregulated","Young CD vs old CD only","Rps20"
"Downregulated","Young CD vs old CD only","Rps21"
"Downregulated","Young CD vs old CD only","Rps23"
"Downregulated","Young CD vs old CD only","Rps24"
"Downregulated","Young CD vs old CD only","Rps25"
"Downregulated","Young CD vs old CD only","Rps26"
"Downregulated","Young CD vs old CD only","Rps27"
"Downregulated","Young CD vs old CD only","Rps27a"
"Downregulated","Young CD vs old CD only","Rps27l"
"Downregulated","Young CD vs old CD only","Rps28"
"Downregulated","Young CD vs old CD only","Rps29"
"Downregulated","Young CD vs old CD only","Rps3"
"Downregulated","Young CD vs old CD only","Rps3a1"
"Downregulated","Young CD vs old CD only","Rps4x"
"Downregulated","Young CD vs old CD only","Rps5"
"Downregulated","Young CD vs old CD only","Rps6"
"Downregulated","Young CD vs old CD only","Rps6ka3"
"Downregulated","Young CD vs old CD only","Rps6ka5"
"Downregulated","Young CD vs old CD only","Rps7"
"Downregulated","Young CD vs old CD only","Rps8"
"Downregulated","Young CD vs old CD only","Rps9"
"Downregulated","Young CD vs old CD only","Rpsa"
"Downregulated","Young CD vs old CD only","Rrad"
"Downregulated","Young CD vs old CD only","Rraga"
"Downregulated","Young CD vs old CD only","Rras"
"Downregulated","Young CD vs old CD only","Rras2"
"Downregulated","Young CD vs old CD only","Rrm1"
"Downregulated","Young CD vs old CD only","Rrm2"
"Downregulated","Young CD vs old CD only","Rsc1a1"
"Downregulated","Young CD vs old CD only","Rsl1"
"Downregulated","Young CD vs old CD only","Rsl1d1"
"Downregulated","Young CD vs old CD only","Rspry1"
"Downregulated","Young CD vs old CD only","Rtca"
"Downregulated","Young CD vs old CD only","Rtfdc1"
"Downregulated","Young CD vs old CD only","Runx1"
"Downregulated","Young CD vs old CD only","Runx1t1"
"Downregulated","Young CD vs old CD only","Rwdd2b"
"Downregulated","Young CD vs old CD only","Ryr2"
"Downregulated","Young CD vs old CD only","S100a1"
"Downregulated","Young CD vs old CD only","S100a10"
"Downregulated","Young CD vs old CD only","S100a11"
"Downregulated","Young CD vs old CD only","S100a6"
"Downregulated","Young CD vs old CD only","S100a8"
"Downregulated","Young CD vs old CD only","S100a9"
"Downregulated","Young CD vs old CD only","S1pr1"
"Downregulated","Young CD vs old CD only","S1pr4"
"Downregulated","Young CD vs old CD only","Saa1"
"Downregulated","Young CD vs old CD only","Saa2"
"Downregulated","Young CD vs old CD only","Saa4"
"Downregulated","Young CD vs old CD only","Sacm1l"
"Downregulated","Young CD vs old CD only","Sacs"
"Downregulated","Young CD vs old CD only","Samd9l"
"Downregulated","Young CD vs old CD only","Samsn1"
"Downregulated","Young CD vs old CD only","Sap30bp"
"Downregulated","Young CD vs old CD only","Saraf"
"Downregulated","Young CD vs old CD only","Sardh"
"Downregulated","Young CD vs old CD only","Sarnp"
"Downregulated","Young CD vs old CD only","Sash3"
"Downregulated","Young CD vs old CD only","Sat1"
"Downregulated","Young CD vs old CD only","Satb2"
"Downregulated","Young CD vs old CD only","Sbds"
"Downregulated","Young CD vs old CD only","Sccpdh"
"Downregulated","Young CD vs old CD only","Schip1"
"Downregulated","Young CD vs old CD only","Scn7a"
"Downregulated","Young CD vs old CD only","Scnn1a"
"Downregulated","Young CD vs old CD only","Scp2"
"Downregulated","Young CD vs old CD only","Scrn3"
"Downregulated","Young CD vs old CD only","Sctr"
"Downregulated","Young CD vs old CD only","Scyl2"
"Downregulated","Young CD vs old CD only","Sdc1"
"Downregulated","Young CD vs old CD only","Sdc4"
"Downregulated","Young CD vs old CD only","Sdcbp"
"Downregulated","Young CD vs old CD only","Sdcbp2"
"Downregulated","Young CD vs old CD only","Sdccag8"
"Downregulated","Young CD vs old CD only","Sdf2"
"Downregulated","Young CD vs old CD only","Sdhaf2"
"Downregulated","Young CD vs old CD only","Sdhd"
"Downregulated","Young CD vs old CD only","Sdk1"
"Downregulated","Young CD vs old CD only","Sds"
"Downregulated","Young CD vs old CD only","Sec11c"
"Downregulated","Young CD vs old CD only","Sec13"
"Downregulated","Young CD vs old CD only","Sec14l2"
"Downregulated","Young CD vs old CD only","Sec22a"
"Downregulated","Young CD vs old CD only","Sec22b"
"Downregulated","Young CD vs old CD only","Sec23b"
"Downregulated","Young CD vs old CD only","Sec24d"
"Downregulated","Young CD vs old CD only","Sec61g"
"Downregulated","Young CD vs old CD only","Sell"
"Downregulated","Young CD vs old CD only","Selplg"
"Downregulated","Young CD vs old CD only","Sema3f"
"Downregulated","Young CD vs old CD only","Sema3g"
"Downregulated","Young CD vs old CD only","Sema4f"
"Downregulated","Young CD vs old CD only","Sema4g"
"Downregulated","Young CD vs old CD only","Sema7a"
"Downregulated","Young CD vs old CD only","Sep15"
"Downregulated","Young CD vs old CD only","Sepp1"
"Downregulated","Young CD vs old CD only","Sept7"
"Downregulated","Young CD vs old CD only","Serf1"
"Downregulated","Young CD vs old CD only","Serinc1"
"Downregulated","Young CD vs old CD only","Serinc3"
"Downregulated","Young CD vs old CD only","Serinc5"
"Downregulated","Young CD vs old CD only","Serpina10"
"Downregulated","Young CD vs old CD only","Serpina1a"
"Downregulated","Young CD vs old CD only","Serpina1b"
"Downregulated","Young CD vs old CD only","Serpina1d"
"Downregulated","Young CD vs old CD only","Serpina3g"
"Downregulated","Young CD vs old CD only","Serpina3k"
"Downregulated","Young CD vs old CD only","Serpina3m"
"Downregulated","Young CD vs old CD only","Serpina6"
"Downregulated","Young CD vs old CD only","Serpinb1a"
"Downregulated","Young CD vs old CD only","Serpinb6a"
"Downregulated","Young CD vs old CD only","Serpinb8"
"Downregulated","Young CD vs old CD only","Serpind1"
"Downregulated","Young CD vs old CD only","Serpinf2"
"Downregulated","Young CD vs old CD only","Serping1"
"Downregulated","Young CD vs old CD only","Setmar"
"Downregulated","Young CD vs old CD only","Sf3a3"
"Downregulated","Young CD vs old CD only","Sf3b1"
"Downregulated","Young CD vs old CD only","Sf3b6"
"Downregulated","Young CD vs old CD only","Sfn"
"Downregulated","Young CD vs old CD only","Sfrp1"
"Downregulated","Young CD vs old CD only","Sfrp5"
"Downregulated","Young CD vs old CD only","Sgcd"
"Downregulated","Young CD vs old CD only","Sgk3"
"Downregulated","Young CD vs old CD only","Sgpp2"
"Downregulated","Young CD vs old CD only","Sh2d4a"
"Downregulated","Young CD vs old CD only","Sh2d6"
"Downregulated","Young CD vs old CD only","Sh3bgrl"
"Downregulated","Young CD vs old CD only","Sh3bgrl2"
"Downregulated","Young CD vs old CD only","Sh3bp4"
"Downregulated","Young CD vs old CD only","Sh3d19"
"Downregulated","Young CD vs old CD only","Sh3rf1"
"Downregulated","Young CD vs old CD only","Sh3yl1"
"Downregulated","Young CD vs old CD only","Shfm1"
"Downregulated","Young CD vs old CD only","Shisa5"
"Downregulated","Young CD vs old CD only","Shroom3"
"Downregulated","Young CD vs old CD only","Siah1a"
"Downregulated","Young CD vs old CD only","Sik1"
"Downregulated","Young CD vs old CD only","Sim2"
"Downregulated","Young CD vs old CD only","Sirpa"
"Downregulated","Young CD vs old CD only","Sirpb1c"
"Downregulated","Young CD vs old CD only","Skap2"
"Downregulated","Young CD vs old CD only","Skiv2l2"
"Downregulated","Young CD vs old CD only","Skp1a"
"Downregulated","Young CD vs old CD only","Sla"
"Downregulated","Young CD vs old CD only","Slamf7"
"Downregulated","Young CD vs old CD only","Slamf9"
"Downregulated","Young CD vs old CD only","Slc10a1"
"Downregulated","Young CD vs old CD only","Slc10a3"
"Downregulated","Young CD vs old CD only","Slc10a6"
"Downregulated","Young CD vs old CD only","Slc11a1"
"Downregulated","Young CD vs old CD only","Slc13a3"
"Downregulated","Young CD vs old CD only","Slc15a5"
"Downregulated","Young CD vs old CD only","Slc16a5"
"Downregulated","Young CD vs old CD only","Slc17a2"
"Downregulated","Young CD vs old CD only","Slc17a9"
"Downregulated","Young CD vs old CD only","Slc20a1"
"Downregulated","Young CD vs old CD only","Slc22a1"
"Downregulated","Young CD vs old CD only","Slc22a18"
"Downregulated","Young CD vs old CD only","Slc22a30"
"Downregulated","Young CD vs old CD only","Slc23a3"
"Downregulated","Young CD vs old CD only","Slc25a13"
"Downregulated","Young CD vs old CD only","Slc25a24"
"Downregulated","Young CD vs old CD only","Slc25a33"
"Downregulated","Young CD vs old CD only","Slc25a5"
"Downregulated","Young CD vs old CD only","Slc26a1"
"Downregulated","Young CD vs old CD only","Slc26a2"
"Downregulated","Young CD vs old CD only","Slc26a3"
"Downregulated","Young CD vs old CD only","Slc27a5"
"Downregulated","Young CD vs old CD only","Slc2a13"
"Downregulated","Young CD vs old CD only","Slc2a2"
"Downregulated","Young CD vs old CD only","Slc2a3"
"Downregulated","Young CD vs old CD only","Slc2a5"
"Downregulated","Young CD vs old CD only","Slc2a6"
"Downregulated","Young CD vs old CD only","Slc30a7"
"Downregulated","Young CD vs old CD only","Slc33a1"
"Downregulated","Young CD vs old CD only","Slc35g1"
"Downregulated","Young CD vs old CD only","Slc37a2"
"Downregulated","Young CD vs old CD only","Slc38a1"
"Downregulated","Young CD vs old CD only","Slc38a2"
"Downregulated","Young CD vs old CD only","Slc39a4"
"Downregulated","Young CD vs old CD only","Slc3a1"
"Downregulated","Young CD vs old CD only","Slc41a2"
"Downregulated","Young CD vs old CD only","Slc43a2"
"Downregulated","Young CD vs old CD only","Slc43a3"
"Downregulated","Young CD vs old CD only","Slc44a1"
"Downregulated","Young CD vs old CD only","Slc44a4"
"Downregulated","Young CD vs old CD only","Slc45a3"
"Downregulated","Young CD vs old CD only","Slc4a1"
"Downregulated","Young CD vs old CD only","Slc4a10"
"Downregulated","Young CD vs old CD only","Slc51a"
"Downregulated","Young CD vs old CD only","Slc6a12"
"Downregulated","Young CD vs old CD only","Slc6a13"
"Downregulated","Young CD vs old CD only","Slc6a14"
"Downregulated","Young CD vs old CD only","Slc6a17"
"Downregulated","Young CD vs old CD only","Slc6a4"
"Downregulated","Young CD vs old CD only","Slc7a10"
"Downregulated","Young CD vs old CD only","Slc9a3r1"
"Downregulated","Young CD vs old CD only","Slc9a3r2"
"Downregulated","Young CD vs old CD only","Slc9a7"
"Downregulated","Young CD vs old CD only","Slco1a4"
"Downregulated","Young CD vs old CD only","Slco1b2"
"Downregulated","Young CD vs old CD only","Slfn1"
"Downregulated","Young CD vs old CD only","Slfn2"
"Downregulated","Young CD vs old CD only","Slfn4"
"Downregulated","Young CD vs old CD only","Slfn8"
"Downregulated","Young CD vs old CD only","Slirp"
"Downregulated","Young CD vs old CD only","Slit3"
"Downregulated","Young CD vs old CD only","Slitrk2"
"Downregulated","Young CD vs old CD only","Sln"
"Downregulated","Young CD vs old CD only","Slpi"
"Downregulated","Young CD vs old CD only","Smarca1"
"Downregulated","Young CD vs old CD only","Smc1a"
"Downregulated","Young CD vs old CD only","Smc2"
"Downregulated","Young CD vs old CD only","Smim3"
"Downregulated","Young CD vs old CD only","Smim4"
"Downregulated","Young CD vs old CD only","Smim7"
"Downregulated","Young CD vs old CD only","Smpdl3a"
"Downregulated","Young CD vs old CD only","Smpx"
"Downregulated","Young CD vs old CD only","Smu1"
"Downregulated","Young CD vs old CD only","Smyd2"
"Downregulated","Young CD vs old CD only","Snai3"
"Downregulated","Young CD vs old CD only","Snap47"
"Downregulated","Young CD vs old CD only","Snapc5"
"Downregulated","Young CD vs old CD only","Snca"
"Downregulated","Young CD vs old CD only","Snrpb2"
"Downregulated","Young CD vs old CD only","Snrpd1"
"Downregulated","Young CD vs old CD only","Snrpd3"
"Downregulated","Young CD vs old CD only","Snrpe"
"Downregulated","Young CD vs old CD only","Snrpg"
"Downregulated","Young CD vs old CD only","Snw1"
"Downregulated","Young CD vs old CD only","Snx16"
"Downregulated","Young CD vs old CD only","Snx2"
"Downregulated","Young CD vs old CD only","Snx20"
"Downregulated","Young CD vs old CD only","Snx4"
"Downregulated","Young CD vs old CD only","Snx5"
"Downregulated","Young CD vs old CD only","Snx6"
"Downregulated","Young CD vs old CD only","Snx7"
"Downregulated","Young CD vs old CD only","Sorbs2"
"Downregulated","Young CD vs old CD only","Sox11"
"Downregulated","Young CD vs old CD only","Sox4"
"Downregulated","Young CD vs old CD only","Sp140"
"Downregulated","Young CD vs old CD only","Sp3"
"Downregulated","Young CD vs old CD only","Spag5"
"Downregulated","Young CD vs old CD only","Spag7"
"Downregulated","Young CD vs old CD only","Spata24"
"Downregulated","Young CD vs old CD only","Spcs1"
"Downregulated","Young CD vs old CD only","Spcs2"
"Downregulated","Young CD vs old CD only","Spdl1"
"Downregulated","Young CD vs old CD only","Spg21"
"Downregulated","Young CD vs old CD only","Sphk1"
"Downregulated","Young CD vs old CD only","Spi1"
"Downregulated","Young CD vs old CD only","Spib"
"Downregulated","Young CD vs old CD only","Spice1"
"Downregulated","Young CD vs old CD only","Spint1"
"Downregulated","Young CD vs old CD only","Spn"
"Downregulated","Young CD vs old CD only","Spock2"
"Downregulated","Young CD vs old CD only","Spp1"
"Downregulated","Young CD vs old CD only","Spp2"
"Downregulated","Young CD vs old CD only","Sppl2a"
"Downregulated","Young CD vs old CD only","Sprr2a1"
"Downregulated","Young CD vs old CD only","Sprr2a2"
"Downregulated","Young CD vs old CD only","Sprr2a3"
"Downregulated","Young CD vs old CD only","Spryd7"
"Downregulated","Young CD vs old CD only","Spsb1"
"Downregulated","Young CD vs old CD only","Sptan1"
"Downregulated","Young CD vs old CD only","Sptbn1"
"Downregulated","Young CD vs old CD only","Sptbn2"
"Downregulated","Young CD vs old CD only","Sptlc2"
"Downregulated","Young CD vs old CD only","Sqstm1"
"Downregulated","Young CD vs old CD only","Sra1"
"Downregulated","Young CD vs old CD only","Srbd1"
"Downregulated","Young CD vs old CD only","Srfbp1"
"Downregulated","Young CD vs old CD only","Srgn"
"Downregulated","Young CD vs old CD only","Sri"
"Downregulated","Young CD vs old CD only","Srp14"
"Downregulated","Young CD vs old CD only","Srp54a"
"Downregulated","Young CD vs old CD only","Srp54b"
"Downregulated","Young CD vs old CD only","Srp9"
"Downregulated","Young CD vs old CD only","Srrm4os"
"Downregulated","Young CD vs old CD only","Srxn1"
"Downregulated","Young CD vs old CD only","Ssb"
"Downregulated","Young CD vs old CD only","Ssu72"
"Downregulated","Young CD vs old CD only","St14"
"Downregulated","Young CD vs old CD only","St6gal1"
"Downregulated","Young CD vs old CD only","St6galnac5"
"Downregulated","Young CD vs old CD only","St8sia6"
"Downregulated","Young CD vs old CD only","Stab2"
"Downregulated","Young CD vs old CD only","Stam2"
"Downregulated","Young CD vs old CD only","Stap1"
"Downregulated","Young CD vs old CD only","Stau2"
"Downregulated","Young CD vs old CD only","Stbd1"
"Downregulated","Young CD vs old CD only","Stk17b"
"Downregulated","Young CD vs old CD only","Stk26"
"Downregulated","Young CD vs old CD only","Stk3"
"Downregulated","Young CD vs old CD only","Stmn1"
"Downregulated","Young CD vs old CD only","Stmn2"
"Downregulated","Young CD vs old CD only","Stom"
"Downregulated","Young CD vs old CD only","Stoml2"
"Downregulated","Young CD vs old CD only","Stra6"
"Downregulated","Young CD vs old CD only","Strn"
"Downregulated","Young CD vs old CD only","Stt3a"
"Downregulated","Young CD vs old CD only","Stx11"
"Downregulated","Young CD vs old CD only","Stx12"
"Downregulated","Young CD vs old CD only","Styk1"
"Downregulated","Young CD vs old CD only","Sub1"
"Downregulated","Young CD vs old CD only","Sucnr1"
"Downregulated","Young CD vs old CD only","Sugt1"
"Downregulated","Young CD vs old CD only","Sult1a1"
"Downregulated","Young CD vs old CD only","Sult1b1"
"Downregulated","Young CD vs old CD only","Sult1d1"
"Downregulated","Young CD vs old CD only","Sult2a1"
"Downregulated","Young CD vs old CD only","Sult2a2"
"Downregulated","Young CD vs old CD only","Sumo1"
"Downregulated","Young CD vs old CD only","Supt3"
"Downregulated","Young CD vs old CD only","Supt4a"
"Downregulated","Young CD vs old CD only","Surf1"
"Downregulated","Young CD vs old CD only","Susd1"
"Downregulated","Young CD vs old CD only","Swt1"
"Downregulated","Young CD vs old CD only","Syap1"
"Downregulated","Young CD vs old CD only","Syf2"
"Downregulated","Young CD vs old CD only","Syk"
"Downregulated","Young CD vs old CD only","Synj2"
"Downregulated","Young CD vs old CD only","Syp"
"Downregulated","Young CD vs old CD only","Taf11"
"Downregulated","Young CD vs old CD only","Taf13"
"Downregulated","Young CD vs old CD only","Taf4b"
"Downregulated","Young CD vs old CD only","Taf9b"
"Downregulated","Young CD vs old CD only","Tagln"
"Downregulated","Young CD vs old CD only","Tank"
"Downregulated","Young CD vs old CD only","Tars"
"Downregulated","Young CD vs old CD only","Tat"
"Downregulated","Young CD vs old CD only","Tax1bp1"
"Downregulated","Young CD vs old CD only","Tbc1d15"
"Downregulated","Young CD vs old CD only","Tbc1d31"
"Downregulated","Young CD vs old CD only","Tbc1d8b"
"Downregulated","Young CD vs old CD only","Tbca"
"Downregulated","Young CD vs old CD only","Tbcb"
"Downregulated","Young CD vs old CD only","Tbce"
"Downregulated","Young CD vs old CD only","Tbrg1"
"Downregulated","Young CD vs old CD only","Tc2n"
"Downregulated","Young CD vs old CD only","Tcaim"
"Downregulated","Young CD vs old CD only","Tcap"
"Downregulated","Young CD vs old CD only","Tcea1"
"Downregulated","Young CD vs old CD only","Tceal1"
"Downregulated","Young CD vs old CD only","Tceal5"
"Downregulated","Young CD vs old CD only","Tceal7"
"Downregulated","Young CD vs old CD only","Tcf7l2"
"Downregulated","Young CD vs old CD only","Tcp1"
"Downregulated","Young CD vs old CD only","Tcp11l2"
"Downregulated","Young CD vs old CD only","Tcta"
"Downregulated","Young CD vs old CD only","Tdo2"
"Downregulated","Young CD vs old CD only","Tdrkh"
"Downregulated","Young CD vs old CD only","Tdrp"
"Downregulated","Young CD vs old CD only","Tead4"
"Downregulated","Young CD vs old CD only","Tecr"
"Downregulated","Young CD vs old CD only","Tefm"
"Downregulated","Young CD vs old CD only","Tekt1"
"Downregulated","Young CD vs old CD only","Tes"
"Downregulated","Young CD vs old CD only","Tex10"
"Downregulated","Young CD vs old CD only","Tex264"
"Downregulated","Young CD vs old CD only","Tex30"
"Downregulated","Young CD vs old CD only","Tfcp2l1"
"Downregulated","Young CD vs old CD only","Tfg"
"Downregulated","Young CD vs old CD only","Tfpi"
"Downregulated","Young CD vs old CD only","Tfpi2"
"Downregulated","Young CD vs old CD only","Tgfa"
"Downregulated","Young CD vs old CD only","Tgfb1"
"Downregulated","Young CD vs old CD only","Tgfbr1"
"Downregulated","Young CD vs old CD only","Tgs1"
"Downregulated","Young CD vs old CD only","Thap4"
"Downregulated","Young CD vs old CD only","Thbd"
"Downregulated","Young CD vs old CD only","Thbs1"
"Downregulated","Young CD vs old CD only","Thbs2"
"Downregulated","Young CD vs old CD only","Thnsl2"
"Downregulated","Young CD vs old CD only","Thoc2"
"Downregulated","Young CD vs old CD only","Thoc5"
"Downregulated","Young CD vs old CD only","Thoc6"
"Downregulated","Young CD vs old CD only","Thumpd3"
"Downregulated","Young CD vs old CD only","Thyn1"
"Downregulated","Young CD vs old CD only","Ticam2"
"Downregulated","Young CD vs old CD only","Tifa"
"Downregulated","Young CD vs old CD only","Timd2"
"Downregulated","Young CD vs old CD only","Timm10"
"Downregulated","Young CD vs old CD only","Timm8b"
"Downregulated","Young CD vs old CD only","Timp4"
"Downregulated","Young CD vs old CD only","Tinagl1"
"Downregulated","Young CD vs old CD only","Tipin"
"Downregulated","Young CD vs old CD only","Tjp3"
"Downregulated","Young CD vs old CD only","Tlr1"
"Downregulated","Young CD vs old CD only","Tlr13"
"Downregulated","Young CD vs old CD only","Tlr2"
"Downregulated","Young CD vs old CD only","Tlr4"
"Downregulated","Young CD vs old CD only","Tlr7"
"Downregulated","Young CD vs old CD only","Tlr8"
"Downregulated","Young CD vs old CD only","Tlr9"
"Downregulated","Young CD vs old CD only","Tm2d1"
"Downregulated","Young CD vs old CD only","Tm4sf1"
"Downregulated","Young CD vs old CD only","Tm4sf4"
"Downregulated","Young CD vs old CD only","Tma16"
"Downregulated","Young CD vs old CD only","Tmbim1"
"Downregulated","Young CD vs old CD only","Tmbim4"
"Downregulated","Young CD vs old CD only","Tmco1"
"Downregulated","Young CD vs old CD only","Tmco4"
"Downregulated","Young CD vs old CD only","Tmed9"
"Downregulated","Young CD vs old CD only","Tmem100"
"Downregulated","Young CD vs old CD only","Tmem128"
"Downregulated","Young CD vs old CD only","Tmem141"
"Downregulated","Young CD vs old CD only","Tmem144"
"Downregulated","Young CD vs old CD only","Tmem154"
"Downregulated","Young CD vs old CD only","Tmem159"
"Downregulated","Young CD vs old CD only","Tmem161b"
"Downregulated","Young CD vs old CD only","Tmem167"
"Downregulated","Young CD vs old CD only","Tmem168"
"Downregulated","Young CD vs old CD only","Tmem176a"
"Downregulated","Young CD vs old CD only","Tmem176b"
"Downregulated","Young CD vs old CD only","Tmem192"
"Downregulated","Young CD vs old CD only","Tmem202"
"Downregulated","Young CD vs old CD only","Tmem205"
"Downregulated","Young CD vs old CD only","Tmem222"
"Downregulated","Young CD vs old CD only","Tmem229b"
"Downregulated","Young CD vs old CD only","Tmem232"
"Downregulated","Young CD vs old CD only","Tmem236"
"Downregulated","Young CD vs old CD only","Tmem237"
"Downregulated","Young CD vs old CD only","Tmem251"
"Downregulated","Young CD vs old CD only","Tmem29"
"Downregulated","Young CD vs old CD only","Tmem30b"
"Downregulated","Young CD vs old CD only","Tmem33"
"Downregulated","Young CD vs old CD only","Tmem43"
"Downregulated","Young CD vs old CD only","Tmem47"
"Downregulated","Young CD vs old CD only","Tmem50a"
"Downregulated","Young CD vs old CD only","Tmem53"
"Downregulated","Young CD vs old CD only","Tmem62"
"Downregulated","Young CD vs old CD only","Tmem8"
"Downregulated","Young CD vs old CD only","Tmem8c"
"Downregulated","Young CD vs old CD only","Tmigd1"
"Downregulated","Young CD vs old CD only","Tmod3"
"Downregulated","Young CD vs old CD only","Tmprss2"
"Downregulated","Young CD vs old CD only","Tmprss6"
"Downregulated","Young CD vs old CD only","Tmsb15b1"
"Downregulated","Young CD vs old CD only","Tmsb15l"
"Downregulated","Young CD vs old CD only","Tmsb4x"
"Downregulated","Young CD vs old CD only","Tnfaip8"
"Downregulated","Young CD vs old CD only","Tnfaip8l2"
"Downregulated","Young CD vs old CD only","Tnfrsf11a"
"Downregulated","Young CD vs old CD only","Tnfrsf13b"
"Downregulated","Young CD vs old CD only","Tnfrsf1b"
"Downregulated","Young CD vs old CD only","Tnfrsf22"
"Downregulated","Young CD vs old CD only","Tnfrsf23"
"Downregulated","Young CD vs old CD only","Tnfsf13b"
"Downregulated","Young CD vs old CD only","Tnfsf8"
"Downregulated","Young CD vs old CD only","Tnnc1"
"Downregulated","Young CD vs old CD only","Tnni1"
"Downregulated","Young CD vs old CD only","Tnnt1"
"Downregulated","Young CD vs old CD only","Tnnt2"
"Downregulated","Young CD vs old CD only","Tnpo1"
"Downregulated","Young CD vs old CD only","Tns3"
"Downregulated","Young CD vs old CD only","Tns4"
"Downregulated","Young CD vs old CD only","Tomm20"
"Downregulated","Young CD vs old CD only","Tomm22"
"Downregulated","Young CD vs old CD only","Tomm7"
"Downregulated","Young CD vs old CD only","Top2a"
"Downregulated","Young CD vs old CD only","Tor1a"
"Downregulated","Young CD vs old CD only","Tor3a"
"Downregulated","Young CD vs old CD only","Tpd52l1"
"Downregulated","Young CD vs old CD only","Tpd52l2"
"Downregulated","Young CD vs old CD only","Tph1"
"Downregulated","Young CD vs old CD only","Tpm3"
"Downregulated","Young CD vs old CD only","Tpm4"
"Downregulated","Young CD vs old CD only","Tpp2"
"Downregulated","Young CD vs old CD only","Tprgl"
"Downregulated","Young CD vs old CD only","Tpsb2"
"Downregulated","Young CD vs old CD only","Tpt1"
"Downregulated","Young CD vs old CD only","Tra2a"
"Downregulated","Young CD vs old CD only","Trafd1"
"Downregulated","Young CD vs old CD only","Trappc1"
"Downregulated","Young CD vs old CD only","Trappc2l"
"Downregulated","Young CD vs old CD only","Trappc3"
"Downregulated","Young CD vs old CD only","Trf"
"Downregulated","Young CD vs old CD only","Trim16"
"Downregulated","Young CD vs old CD only","Trim23"
"Downregulated","Young CD vs old CD only","Trim59"
"Downregulated","Young CD vs old CD only","Trim63"
"Downregulated","Young CD vs old CD only","Trip4"
"Downregulated","Young CD vs old CD only","Trmt11"
"Downregulated","Young CD vs old CD only","Trmt5"
"Downregulated","Young CD vs old CD only","Trmt6"
"Downregulated","Young CD vs old CD only","Trnt1"
"Downregulated","Young CD vs old CD only","Trove2"
"Downregulated","Young CD vs old CD only","Trp53inp1"
"Downregulated","Young CD vs old CD only","Trp63"
"Downregulated","Young CD vs old CD only","Trpm2"
"Downregulated","Young CD vs old CD only","Trpm7"
"Downregulated","Young CD vs old CD only","Trpv2"
"Downregulated","Young CD vs old CD only","Trpv4"
"Downregulated","Young CD vs old CD only","Tsc22d3"
"Downregulated","Young CD vs old CD only","Tsg101"
"Downregulated","Young CD vs old CD only","Tsga10"
"Downregulated","Young CD vs old CD only","Tshr"
"Downregulated","Young CD vs old CD only","Tspan1"
"Downregulated","Young CD vs old CD only","Tspan31"
"Downregulated","Young CD vs old CD only","Tspan8"
"Downregulated","Young CD vs old CD only","Tspo"
"Downregulated","Young CD vs old CD only","Tsta3"
"Downregulated","Young CD vs old CD only","Tstd3"
"Downregulated","Young CD vs old CD only","Ttc25"
"Downregulated","Young CD vs old CD only","Ttc32"
"Downregulated","Young CD vs old CD only","Ttc33"
"Downregulated","Young CD vs old CD only","Ttc36"
"Downregulated","Young CD vs old CD only","Ttc39b"
"Downregulated","Young CD vs old CD only","Ttc9"
"Downregulated","Young CD vs old CD only","Ttll1"
"Downregulated","Young CD vs old CD only","Ttll7"
"Downregulated","Young CD vs old CD only","Ttpa"
"Downregulated","Young CD vs old CD only","Tuba1a"
"Downregulated","Young CD vs old CD only","Tuba1b"
"Downregulated","Young CD vs old CD only","Tuba1c"
"Downregulated","Young CD vs old CD only","Tuba4a"
"Downregulated","Young CD vs old CD only","Tubb2a"
"Downregulated","Young CD vs old CD only","Tubb2b"
"Downregulated","Young CD vs old CD only","Tubb3"
"Downregulated","Young CD vs old CD only","Tubb4b"
"Downregulated","Young CD vs old CD only","Tubb5"
"Downregulated","Young CD vs old CD only","Tubb6"
"Downregulated","Young CD vs old CD only","Tuft1"
"Downregulated","Young CD vs old CD only","Twf1"
"Downregulated","Young CD vs old CD only","Twistnb"
"Downregulated","Young CD vs old CD only","Txn1"
"Downregulated","Young CD vs old CD only","Txndc17"
"Downregulated","Young CD vs old CD only","Txndc9"
"Downregulated","Young CD vs old CD only","Txnip"
"Downregulated","Young CD vs old CD only","Tyrobp"
"Downregulated","Young CD vs old CD only","Tyw5"
"Downregulated","Young CD vs old CD only","Uap1"
"Downregulated","Young CD vs old CD only","Uap1l1"
"Downregulated","Young CD vs old CD only","Uba3"
"Downregulated","Young CD vs old CD only","Uba52"
"Downregulated","Young CD vs old CD only","Uba6"
"Downregulated","Young CD vs old CD only","Ubb"
"Downregulated","Young CD vs old CD only","Ubd"
"Downregulated","Young CD vs old CD only","Ube2g2"
"Downregulated","Young CD vs old CD only","Ube2j1"
"Downregulated","Young CD vs old CD only","Ube2l6"
"Downregulated","Young CD vs old CD only","Ube2ql1"
"Downregulated","Young CD vs old CD only","Ube2t"
"Downregulated","Young CD vs old CD only","Ube2w"
"Downregulated","Young CD vs old CD only","Ubr1"
"Downregulated","Young CD vs old CD only","Ubr7"
"Downregulated","Young CD vs old CD only","Ubxn2b"
"Downregulated","Young CD vs old CD only","Ubxn4"
"Downregulated","Young CD vs old CD only","Ubxn8"
"Downregulated","Young CD vs old CD only","Uchl1"
"Downregulated","Young CD vs old CD only","Uchl3"
"Downregulated","Young CD vs old CD only","Ucp2"
"Downregulated","Young CD vs old CD only","Ufd1l"
"Downregulated","Young CD vs old CD only","Ufsp2"
"Downregulated","Young CD vs old CD only","Ugcg"
"Downregulated","Young CD vs old CD only","Ugdh"
"Downregulated","Young CD vs old CD only","Ugp2"
"Downregulated","Young CD vs old CD only","Ugt1a5"
"Downregulated","Young CD vs old CD only","Ugt1a6a"
"Downregulated","Young CD vs old CD only","Ugt1a7c"
"Downregulated","Young CD vs old CD only","Ugt2a3"
"Downregulated","Young CD vs old CD only","Ugt2b34"
"Downregulated","Young CD vs old CD only","Ugt2b35"
"Downregulated","Young CD vs old CD only","Ugt2b36"
"Downregulated","Young CD vs old CD only","Ugt2b5"
"Downregulated","Young CD vs old CD only","Ugt3a2"
"Downregulated","Young CD vs old CD only","Uhrf1bp1l"
"Downregulated","Young CD vs old CD only","Umps"
"Downregulated","Young CD vs old CD only","Unc13c"
"Downregulated","Young CD vs old CD only","Unc13d"
"Downregulated","Young CD vs old CD only","Unc50"
"Downregulated","Young CD vs old CD only","Uox"
"Downregulated","Young CD vs old CD only","Upb1"
"Downregulated","Young CD vs old CD only","Upf3b"
"Downregulated","Young CD vs old CD only","Upp1"
"Downregulated","Young CD vs old CD only","Uprt"
"Downregulated","Young CD vs old CD only","Uqcc2"
"Downregulated","Young CD vs old CD only","Uqcr10"
"Downregulated","Young CD vs old CD only","Uqcrb"
"Downregulated","Young CD vs old CD only","Uqcrc2"
"Downregulated","Young CD vs old CD only","Uqcrh"
"Downregulated","Young CD vs old CD only","Uroc1"
"Downregulated","Young CD vs old CD only","Use1"
"Downregulated","Young CD vs old CD only","Usmg5"
"Downregulated","Young CD vs old CD only","Usp14"
"Downregulated","Young CD vs old CD only","Usp15"
"Downregulated","Young CD vs old CD only","Usp16"
"Downregulated","Young CD vs old CD only","Usp33"
"Downregulated","Young CD vs old CD only","Usp54"
"Downregulated","Young CD vs old CD only","Utp14a"
"Downregulated","Young CD vs old CD only","Utp18"
"Downregulated","Young CD vs old CD only","Utp3"
"Downregulated","Young CD vs old CD only","Uts2b"
"Downregulated","Young CD vs old CD only","Uvrag"
"Downregulated","Young CD vs old CD only","Uxt"
"Downregulated","Young CD vs old CD only","Vamp8"
"Downregulated","Young CD vs old CD only","Vat1"
"Downregulated","Young CD vs old CD only","Vcam1"
"Downregulated","Young CD vs old CD only","Vcpkmt"
"Downregulated","Young CD vs old CD only","Vdr"
"Downregulated","Young CD vs old CD only","Vezt"
"Downregulated","Young CD vs old CD only","Vil1"
"Downregulated","Young CD vs old CD only","Vim"
"Downregulated","Young CD vs old CD only","Vma21"
"Downregulated","Young CD vs old CD only","Vmn2r1"
"Downregulated","Young CD vs old CD only","Vmp1"
"Downregulated","Young CD vs old CD only","Vps13a"
"Downregulated","Young CD vs old CD only","Vps13b"
"Downregulated","Young CD vs old CD only","Vps16"
"Downregulated","Young CD vs old CD only","Vps26a"
"Downregulated","Young CD vs old CD only","Vps29"
"Downregulated","Young CD vs old CD only","Vps35"
"Downregulated","Young CD vs old CD only","Vps4b"
"Downregulated","Young CD vs old CD only","Vsig4"
"Downregulated","Young CD vs old CD only","Vti1b"
"Downregulated","Young CD vs old CD only","Vtn"
"Downregulated","Young CD vs old CD only","Vwa5a"
"Downregulated","Young CD vs old CD only","Wbp5"
"Downregulated","Young CD vs old CD only","Wdfy4"
"Downregulated","Young CD vs old CD only","Wdhd1"
"Downregulated","Young CD vs old CD only","Wdpcp"
"Downregulated","Young CD vs old CD only","Wdr43"
"Downregulated","Young CD vs old CD only","Wdr44"
"Downregulated","Young CD vs old CD only","Wdr47"
"Downregulated","Young CD vs old CD only","Wdr53"
"Downregulated","Young CD vs old CD only","Wdr55"
"Downregulated","Young CD vs old CD only","Wdr61"
"Downregulated","Young CD vs old CD only","Wdr62"
"Downregulated","Young CD vs old CD only","Wdyhv1"
"Downregulated","Young CD vs old CD only","Wfdc17"
"Downregulated","Young CD vs old CD only","Wls"
"Downregulated","Young CD vs old CD only","Wnk3"
"Downregulated","Young CD vs old CD only","Xbp1"
"Downregulated","Young CD vs old CD only","Xpo4"
"Downregulated","Young CD vs old CD only","Xrcc4"
"Downregulated","Young CD vs old CD only","Xrn2"
"Downregulated","Young CD vs old CD only","Xylb"
"Downregulated","Young CD vs old CD only","Ydjc"
"Downregulated","Young CD vs old CD only","Yif1a"
"Downregulated","Young CD vs old CD only","Yipf1"
"Downregulated","Young CD vs old CD only","Yme1l1"
"Downregulated","Young CD vs old CD only","Ythdc2"
"Downregulated","Young CD vs old CD only","Ythdf2"
"Downregulated","Young CD vs old CD only","Ywhab"
"Downregulated","Young CD vs old CD only","Ywhaq"
"Downregulated","Young CD vs old CD only","Ywhaz"
"Downregulated","Young CD vs old CD only","Yy2"
"Downregulated","Young CD vs old CD only","Zap70"
"Downregulated","Young CD vs old CD only","Zbtb3"
"Downregulated","Young CD vs old CD only","Zbtb8os"
"Downregulated","Young CD vs old CD only","Zc2hc1a"
"Downregulated","Young CD vs old CD only","Zc3h12d"
"Downregulated","Young CD vs old CD only","Zc3h14"
"Downregulated","Young CD vs old CD only","Zc3h15"
"Downregulated","Young CD vs old CD only","Zdhhc13"
"Downregulated","Young CD vs old CD only","Zdhhc14"
"Downregulated","Young CD vs old CD only","Zdhhc2"
"Downregulated","Young CD vs old CD only","Zeb2"
"Downregulated","Young CD vs old CD only","Zfml"
"Downregulated","Young CD vs old CD only","Zfp110"
"Downregulated","Young CD vs old CD only","Zfp120"
"Downregulated","Young CD vs old CD only","Zfp148"
"Downregulated","Young CD vs old CD only","Zfp189"
"Downregulated","Young CD vs old CD only","Zfp207"
"Downregulated","Young CD vs old CD only","Zfp277"
"Downregulated","Young CD vs old CD only","Zfp286"
"Downregulated","Young CD vs old CD only","Zfp346"
"Downregulated","Young CD vs old CD only","Zfp367"
"Downregulated","Young CD vs old CD only","Zfp429"
"Downregulated","Young CD vs old CD only","Zfp51"
"Downregulated","Young CD vs old CD only","Zfp518a"
"Downregulated","Young CD vs old CD only","Zfp52"
"Downregulated","Young CD vs old CD only","Zfp54"
"Downregulated","Young CD vs old CD only","Zfp593"
"Downregulated","Young CD vs old CD only","Zfp595"
"Downregulated","Young CD vs old CD only","Zfp65"
"Downregulated","Young CD vs old CD only","Zfp677"
"Downregulated","Young CD vs old CD only","Zfp68"
"Downregulated","Young CD vs old CD only","Zfp697"
"Downregulated","Young CD vs old CD only","Zfp719"
"Downregulated","Young CD vs old CD only","Zfp748"
"Downregulated","Young CD vs old CD only","Zfp758"
"Downregulated","Young CD vs old CD only","Zfp759"
"Downregulated","Young CD vs old CD only","Zfp809"
"Downregulated","Young CD vs old CD only","Zfp869"
"Downregulated","Young CD vs old CD only","Zfp870"
"Downregulated","Young CD vs old CD only","Zfp873"
"Downregulated","Young CD vs old CD only","Zfp874a"
"Downregulated","Young CD vs old CD only","Zfp874b"
"Downregulated","Young CD vs old CD only","Zfp882"
"Downregulated","Young CD vs old CD only","Zfp934"
"Downregulated","Young CD vs old CD only","Zfp938"
"Downregulated","Young CD vs old CD only","Zfp948"
"Downregulated","Young CD vs old CD only","Zfp951"
"Downregulated","Young CD vs old CD only","Zfp954"
"Downregulated","Young CD vs old CD only","Zfp958"
"Downregulated","Young CD vs old CD only","Zfp960"
"Downregulated","Young CD vs old CD only","Zfp97"
"Downregulated","Young CD vs old CD only","Zfr"
"Downregulated","Young CD vs old CD only","Zfyve16"
"Downregulated","Young CD vs old CD only","Zg16"
"Downregulated","Young CD vs old CD only","Zkscan1"
"Downregulated","Young CD vs old CD only","Zmat2"
"Downregulated","Young CD vs old CD only","Zmat5"
"Downregulated","Young CD vs old CD only","Znhit2"
"Downregulated","Young CD vs old CD only","Znrd1"
"Downregulated","Young CD vs old CD only","Zpr1"
"Downregulated","Young CD vs old CD only","Zscan21"
"Downregulated","Young CD vs old CD only","Zswim6"
"Downregulated","Young CD vs old CD only","Zswim7"
"Downregulated","Young CD vs old CD only","Zufsp"
"Downregulated","Young CD vs old CD only","Zwint"
"Downregulated","Young CD vs old CD only","mt-Cytb"
"Downregulated","Young CD vs old CD only","mt-Nd4"
"Downregulated","Young CD vs old CD only","mt-Nd5"
"Downregulated","Young CD vs old CD only","mt-Nd6"
