"ID","Description","setSize","enrichmentScore","NES","pvalue","p.adjust","qvalue","rank","leading_edge","core_enrichment","ontology","comparison","direction"
"GO:0044391","ribosomal subunit",174,-0.61144652260617,-2.84900450695923,2.33206783192913e-24,8.24385978586948e-22,6.10019848667778e-22,3646,"tags=70%, list=27%, signal=52%","56282/18100/68836/100042823/94061/94066/56040/107734/66292/59054/68611/20054/64660/66973/67308/27207/19652/67115/19943/68499/74600/26961/14548/100502825/27176/66230/66242/216767/270106/13205/27050/68463/66448/26451/20088/24030/75398/22186/67707/76808/27370/54217/20005/269261/20068/268449/67097/19933/28028/114641/68537/64659/66480/57808/65019/19896/353242/20091/20042/121022/19944/20103/20090/11837/19981/66475/67281/66047/19941/68052/76846/20044/20116/67025/19934/54127/57294/68193/107733/20115/64655/19982/14109/66419/66481/20102/67891/68735/19988/20085/16785/69956/20084/319195/20104/66489/52443/19989/19899/67671/19946/57312/19951/78294/20055/66121/267019/68436/18148/67945/75617/19942/22121/67248/19921/66077/66223/67427/67941/100503670/110954/27367","CC","young CD vs old CD","Down"
"GO:0005840","ribosome",220,-0.574342805873534,-2.78587870162867,1.49281147927764e-24,8.24385978586948e-22,6.10019848667778e-22,3602,"tags=64%, list=27%, signal=48%","18100/68836/100042823/94061/94066/56040/107734/246730/66292/59054/68611/20054/23960/64660/66973/67308/27207/19652/67115/24015/19943/68499/74600/26961/14548/100502825/50497/27176/66230/66242/216767/270106/13205/27050/68463/66448/26451/20088/68564/14359/24030/75398/22186/67707/76808/68028/27370/54217/20005/269261/20068/268449/67097/19933/28028/114641/68537/64659/66480/57808/65019/19896/353242/20091/20042/121022/19944/20103/20090/11837/19981/66475/67281/66047/19941/78913/68052/76846/20044/20116/67025/225363/19934/54127/57294/68193/107733/20115/64655/13627/19982/14109/66419/66481/20102/67891/68735/19988/20085/16785/26443/69956/66244/20084/319195/20104/66489/52443/19989/19899/67671/19946/57312/19017/19951/78294/20055/66121/267019/68436/18148/77987/67945/75617/17751/19942/22121/67248/19921/66077/66223/67427/67941/17973/100503670/20617/110954/27367/11815/12330/13405","CC","young CD vs old CD","Down"
"GO:0009897","external side of plasma membrane",303,-0.512401518766089,-2.57318373964128,4.45154949594021e-23,1.04908183120991e-20,7.76287754204311e-21,3215,"tags=50%, list=24%, signal=39%","12506/18793/12487/93675/380797/13805/14972/195564/12527/11307/20510/11658/14129/15064/26357/71929/57914/21939/69142/57781/16410/11816/27007/13039/16790/14127/14255/14102/73149/77446/16186/98365/547431/12983/16407/18613/12477/14066/12491/12772/16164/17082/12504/21934/16847/16401/93671/20361/16194/13609/16177/16149/26888/17304/14131/75345/21825/12481/16728/12145/13051/12495/12505/56644/16185/225825/84004/57916/170744/15039/20343/12010/20315/12768/14125/68453/17085/12774/98752/269799/76509/17067/14969/18733/14130/80901/12502/15216/16412/23959/105727/170779/208154/80782/19885/11890/79202/16411/12986/14961/16197/14997/19116/192188/20969/16409/12984/20276/17076/110454/12478/11889/26365/69165/19143/22329/16414/18414/14960/16408/18453/12484/12518/14061/19264/12523/79201/246256/12482/12501/12628/18669/20737/15985/18815/12007/12483/15894/209224/21824/14161/16854/24088/21898/110135/99571/16019/13136/18198/70495/15945/16668","CC","young CD vs old CD","Down"
"GO:0022626","cytosolic ribosome",110,-0.678916106730535,-2.94606735094385,1.94062616357762e-21,3.43005674412344e-19,2.53813474552125e-19,2707,"tags=75%, list=20%, signal=60%","26961/100502825/27176/270106/13205/27050/26451/20088/22186/76808/27370/54217/20005/269261/20068/268449/67097/19933/114641/66480/57808/65019/19896/20091/20042/19944/20103/20090/11837/19981/66475/67281/19941/78913/68052/76846/20044/20116/67025/225363/19934/54127/57294/68193/20115/13627/19982/14109/66481/20102/67891/19988/20085/16785/66244/20084/319195/20104/66489/19989/19899/67671/19946/19017/19951/78294/20055/267019/68436/77987/67945/75617/19942/22121/67248/19921/67427/67941/100503670/110954/27367/11815","CC","young CD vs old CD","Down"
"GO:0015934","large ribosomal subunit",108,-0.598526050009629,-2.5984586310347,2.67065985641347e-14,3.77631303696865e-12,2.79435357607894e-12,3646,"tags=69%, list=27%, signal=51%","56282/18100/68836/100042823/94061/94066/56040/107734/59054/68611/67308/19652/67115/19943/68499/74600/26961/100502825/27176/216767/270106/68463/66448/26451/75398/22186/67707/76808/54217/20005/269261/268449/19933/28028/114641/68537/66480/57808/65019/19896/353242/20042/19944/11837/19981/67281/66047/19941/67025/19934/68193/107733/19982/66419/67891/19988/319195/66489/52443/19989/19899/67671/19946/19951/68436/18148/67945/19942/22121/67248/19921/66223/100503670/110954/27367","CC","young CD vs old CD","Down"
"GO:0022625","cytosolic large ribosomal subunit",54,-0.713732847489193,-2.73612001114815,3.0551609341072e-13,3.59999796735632e-11,2.66388593728295e-11,2707,"tags=87%, list=20%, signal=70%","67115/19943/26961/100502825/27176/270106/26451/22186/76808/54217/20005/269261/268449/19933/114641/66480/57808/65019/19896/20042/19944/11837/19981/67281/19941/67025/19934/68193/19982/67891/19988/319195/66489/19989/19899/67671/19946/19951/68436/67945/19942/22121/67248/19921/100503670/110954/27367","CC","young CD vs old CD","Down"
"GO:0022627","cytosolic small ribosomal subunit",36,-0.77523324515462,-2.72038684593581,2.2521372880014e-12,2.27465866088141e-10,1.68317628892736e-10,2468,"tags=86%, list=18%, signal=71%","13205/27050/20088/27370/20068/67097/20091/20042/20103/20090/66475/68052/76846/20044/20116/54127/57294/20115/14109/66481/20102/20085/16785/20084/20104/78294/20055/267019/75617/67427/67941","CC","young CD vs old CD","Down"
"GO:0015935","small ribosomal subunit",70,-0.632381531172512,-2.53641536948987,2.03915013579099e-11,1.80209893250529e-09,1.33349686511595e-09,2699,"tags=70%, list=20%, signal=56%","66292/20054/64660/66973/27207/14548/66230/66242/13205/27050/20088/24030/27370/20068/67097/64659/20091/20042/121022/20103/20090/66475/68052/76846/20044/20116/54127/57294/20115/64655/14109/66481/20102/68735/20085/16785/69956/20084/20104/57312/78294/20055/66121/267019/18148/75617/66077/67427/67941","CC","young CD vs old CD","Down"
"GO:0019814","immunoglobulin complex",24,-0.818554573529739,-2.58823522863149,1.79110566164113e-10,1.4070130030892e-08,1.04114563021713e-08,1330,"tags=92%, list=10%, signal=83%","667940/667924/108024/780829/20963/16098/619916/384515/380795/12518/385253/18703/780931/16016/15985/238447/626583/16142/16019/110786/692165/16071","CC","young CD vs old CD","Down"
"GO:0005839","proteasome core complex",17,-0.866400299157323,-2.52324132088606,1.17562369603533e-09,8.31165953096975e-08,6.15036817820586e-08,1163,"tags=82%, list=9%, signal=75%","26445/19177/26443/19167/19175/19172/26441/19173/26446/19166/26442/26440/26444/19170","CC","young CD vs old CD","Down"
"GO:0000502","proteasome complex",61,-0.618232876608072,-2.43665049435518,2.13928995300478e-09,1.37497999706762e-07,1.01744220731423e-07,1992,"tags=51%, list=15%, signal=44%","22222/69077/23996/53380/59025/66998/23997/26445/19177/19359/26443/19167/19175/19172/19185/66997/26441/19173/66413/59029/26446/19181/19182/19179/19166/26442/26440/26444/67089/19170/57296","CC","young CD vs old CD","Down"
"GO:1905369","endopeptidase complex",90,-0.542345307770719,-2.27280633027448,7.75379311729938e-09,4.56827644494222e-07,3.38038173622613e-07,3637,"tags=58%, list=27%, signal=43%","58523/56529/19171/53382/19188/12334/18793/329777/100494/22215/68818/66624/12336/19184/93757/22222/69077/23996/69019/53380/59025/66998/23997/26445/17195/19177/19359/26443/19167/19175/19172/73078/66286/19185/66997/26441/19173/66413/12628/59029/26446/19181/19182/19179/19166/26442/26440/26444/67089/21824/19170/57296","CC","young CD vs old CD","Down"
"GO:0005902","microvillus",94,-0.501662757223089,-2.12510028832592,1.75572777940209e-07,9.54845800028676e-06,7.0655603754076e-06,3402,"tags=49%, list=25%, signal=37%","13866/11977/72088/15896/20336/17777/12387/16410/66725/13039/17912/59020/231646/27205/66205/17916/19126/13521/17922/23844/21803/72074/12505/72040/75600/338367/230099/12349/14079/268663/15450/13479/26365/22329/12484/12550/22349/17105/432516/20737/17698/29876/544963/11973/22350/11964","CC","young CD vs old CD","Down"
"GO:0016607","nuclear speck",368,0.321172580395825,1.70992753928573,2.11423385067578e-07,1.06768809459127e-05,7.90055807357792e-06,2974,"tags=35%, list=22%, signal=28%","212483/192196/54601/54194/234023/223970/668158/75956/67996/20646/233904/380912/228913/66704/74026/19647/20637/66587/30928/233871/70579/104418/54196/67040/70312/20747/15184/19047/223770/81000/116848/110524/18949/83396/192160/244349/66625/16332/268420/74322/70052/22185/17190/20402/101869/208043/72102/67769/51796/54614/269400/56215/26416/225929/76014/11911/94315/18747/72344/102162/19763/57317/17344/103554/218543/433586/56531/26420/236732/69188/66511/108014/14312/74203/12748/170767/69131/66983/104836/13207/269424/66313/234366/53357/108079/53319/53890/19826/73181/56036/17434/216169/74648/18720/74111/75560/60321/229542/230935/231386/21355/109095/14633/67302/20382/231855/20227/230789/22380/69562/56541/67241/229700/56335/68750/53817/66277/208768/110809/67039/15441/21427/72047/11835/71059/71529/110147/13716/20815/66573","CC","young CD vs old CD","Up"
"GO:0045177","apical part of cell",445,-0.3285060546143,-1.7114615049057,3.33272784758686e-07,1.57082572549594e-05,1.16236192298293e-05,2809,"tags=32%, list=21%, signal=26%","110895/22284/16535/12289/30805/245049/58220/13649/20743/13039/17912/16790/12340/59020/67760/14102/17919/67938/69994/63873/56485/16173/66438/27205/218103/23897/14674/12661/12491/58810/12540/81897/19126/13521/16525/16194/23991/17922/18400/13117/74117/56508/27421/11891/216560/16154/66335/15519/72074/12505/234214/72040/338367/66141/29875/13487/17997/11799/12737/12273/53881/18618/18260/74006/68453/105853/18438/18751/12349/105787/218756/76509/27375/56774/14079/268663/22041/15216/192786/54670/105727/17880/23831/13479/13119/239606/286940/20517/84506/12389/109711/13860/232714/20276/14827/17075/70737/26365/20532/22329/12374/192176/17063/18414/20526/72027/11833/12550/69178/22349/13511/217328/27413/107684/21812/432516/18669/70129/20750/94229/27428/17698/18762/29876/12780/11973/16952/102502/14080/22350/66290/218518/70415/16008/29816/13136/19141/11746/70495/11964/64385","CC","young CD vs old CD","Down"
"GO:0034364","high-density lipoprotein particle",31,-0.680514340241,-2.28929552983889,5.58367582597892e-07,2.46728675560443e-05,1.82571505625758e-05,2819,"tags=77%, list=21%, signal=61%","18830/11816/71898/15439/20209/11808/18979/55938/11814/14756/238055/15450/245282/20208/16816/11425/66113/328563/11813/11806/103161/11818/11807/20211","CC","young CD vs old CD","Down"
"GO:0005838","proteasome regulatory particle",21,-0.760007417869382,-2.33457131466128,1.24259126146123e-06,5.16771777560642e-05,3.82394957861444e-05,2237,"tags=71%, list=17%, signal=60%","19184/69077/23996/53380/66998/23997/19185/66997/66413/59029/19181/19182/19179/67089/57296","CC","young CD vs old CD","Down"
"GO:0034358","plasma lipoprotein particle",38,-0.631350761727034,-2.22432475516952,1.59817402945675e-06,5.94688967803116e-05,4.40051242459836e-05,2016,"tags=71%, list=15%, signal=61%","171504/18830/11816/71898/15439/20209/11808/18979/55938/11814/14756/238055/15450/245282/20208/16816/11425/20288/66113/328563/11813/54135/11806/103161/11818/11807/20211","CC","young CD vs old CD","Down"
"GO:1990777","lipoprotein particle",38,-0.631350761727034,-2.22432475516952,1.59817402945675e-06,5.94688967803116e-05,4.40051242459836e-05,2016,"tags=71%, list=15%, signal=61%","171504/18830/11816/71898/15439/20209/11808/18979/55938/11814/14756/238055/15450/245282/20208/16816/11425/20288/66113/328563/11813/54135/11806/103161/11818/11807/20211","CC","young CD vs old CD","Down"
"GO:0022624","proteasome accessory complex",24,-0.71895239979462,-2.27329733292363,1.84308787051268e-06,6.51531562226233e-05,4.82112985076212e-05,2237,"tags=62%, list=17%, signal=52%","19184/69077/23996/53380/66998/23997/19185/66997/66413/59029/19181/19182/19179/67089/57296","CC","young CD vs old CD","Down"
"GO:0098803","respiratory chain complex",81,-0.493100369804547,-2.0399386918715,2.29715778513706e-06,7.73376454329476e-05,5.72274395595548e-05,4635,"tags=67%, list=34%, signal=44%","17718/66916/17716/230075/22272/17709/12862/595136/17720/17717/66377/66218/66594/68194/12869/54405/225887/104130/66416/17710/407785/78330/75597/17708/110323/12864/17711/69875/12867/67184/66576/17719/227197/12865/66152/66925/72900/66091/12859/68197/17721/66495/17991/68198/66142/17722/67130/17992/67530/68202/66046/12866/67003/17993","CC","young CD vs old CD","Down"
"GO:0032994","protein-lipid complex",41,-0.607422086110167,-2.20013399290391,2.43602987952258e-06,7.82851420373847e-05,5.79285574221398e-05,2016,"tags=56%, list=15%, signal=48%","15439/20209/11808/18979/55938/11814/14756/238055/15450/245282/20208/16816/11425/20288/66113/328563/11813/54135/11806/103161/11818/11807/20211","CC","young CD vs old CD","Down"
"GO:0030684","preribosome",96,-0.467868773209201,-1.9850283910977,2.63891075043852e-06,8.11178217634798e-05,6.00246518520799e-05,3144,"tags=50%, list=23%, signal=39%","56095/213773/57750/27207/66538/18114/225348/22596/107071/70285/67920/66164/20088/72554/68966/64934/67973/20068/20091/20042/72515/20103/66475/68052/76846/20044/20116/66878/52705/55989/54127/57294/20115/73736/217109/20102/223499/99480/66249/20085/67222/69713/20104/59050/65961/78294/20055/267019","CC","young CD vs old CD","Down"
"GO:0005770","late endosome",257,-0.357457712904941,-1.76470303302441,3.07698711917535e-06,9.06429122190406e-05,6.70729209750066e-05,2712,"tags=30%, list=20%, signal=25%","11816/74385/12514/66508/14999/66725/13649/13039/442827/18711/73067/22320/20479/68724/68576/73711/15239/109905/15000/16149/15944/11981/18196/14744/11891/53612/225471/17918/70450/24017/13010/66141/12010/66552/74006/80743/17775/17772/22070/14969/53869/22041/56722/17195/22088/66700/15450/217265/14961/15002/11840/18807/66082/74718/12306/14960/66113/18173/12518/16784/76959/67819/68953/78610/224088/230584/50500/230709/17966/13040/18412/65114/66371/66734/12512/19141/66889/79235","CC","young CD vs old CD","Down"
"GO:0043209","myelin sheath",179,-0.39394067237047,-1.84234726133157,4.1279445272163e-06,0.000116738271229677,8.6382670737958e-05,2497,"tags=32%, list=18%, signal=27%","227197/17957/72900/12859/11740/12540/20740/22186/13382/109905/14758/12465/12709/15519/13660/17319/22142/338367/12043/12462/236539/12349/13627/11845/16412/21454/22143/18477/54130/268373/18103/78294/67003/14827/218442/12306/18823/12955/22187/15122/12550/11898/67300/21672/17449/227613/57440/17698/18762/18102/22223/22350/14828/218518/12330/14569/11657/11964","CC","young CD vs old CD","Down"
"GO:1905368","peptidase complex",117,-0.445753085483402,-1.9662437141021,4.48688405132985e-06,0.000120555160589299,8.92070495241295e-05,2331,"tags=38%, list=17%, signal=31%","12336/14066/19184/93757/22222/69077/23996/223527/69019/53380/59025/66998/23997/26445/17195/19177/19359/26443/19167/19175/19172/73078/66286/19185/66997/26441/19173/66413/12628/59029/26446/19181/19182/19179/19166/109115/26442/26440/26444/67089/14068/21824/19170/57296","CC","young CD vs old CD","Down"
"GO:0140168","nuclear ribonucleoprotein granule",414,0.295609475540125,1.58557457288045,4.60394531246262e-06,0.000120555160589299,8.92070495241295e-05,3028,"tags=33%, list=22%, signal=27%","218333/212483/192196/54601/54194/234023/223970/668158/75956/67996/20646/233904/380912/228913/66704/74026/19647/20637/66587/30928/233871/70579/104418/54196/67040/70312/102423/20747/15184/19047/223770/81000/116848/110524/18949/83396/192160/244349/66625/16332/268420/268859/74322/70052/22185/17190/20402/101869/208043/72102/67769/51796/54614/269400/56215/26416/225929/76014/11911/94315/18747/72344/102162/19763/57317/17344/103554/68188/218543/433586/56531/26420/219150/236732/69188/66511/108014/76936/14312/74203/12748/170767/69131/66983/104836/13207/269424/66313/234366/53357/108079/53319/53890/19826/73181/56036/17434/216169/74648/18720/74111/75560/60321/229542/230935/231386/21355/109095/14633/67302/20382/231855/20227/230789/22380/69562/56541/67241/229700/56335/68750/53817/66277/208768/110809/67039/15441/21427/72047/11835/71059/71529/110147/13716/20815/66573/13134/15499","CC","young CD vs old CD","Up"
"GO:0098858","actin-based cell projection",204,-0.382739313071872,-1.83155650622558,4.9225011575786e-06,0.00012429315422886,9.19730479442318e-05,2785,"tags=36%, list=21%, signal=29%","11308/16410/66725/13039/17912/19230/59020/71720/63873/231646/27205/67263/66205/17311/98845/17916/22152/12540/19126/13521/14265/23991/17922/23844/224014/68966/21803/11468/72074/17918/12505/72040/75600/338367/12631/20430/230099/12349/218756/17772/14079/268663/11845/16412/54670/15450/13479/18826/13860/215008/26365/12944/11475/22329/12484/12550/12721/22349/17105/140493/432516/20737/17698/29876/544963/11973/102502/102866/22350/13405/11853/18081/11964","CC","young CD vs old CD","Down"
"GO:0044217","other organism part",23,-0.71560691140852,-2.26571445739327,6.74954251737667e-06,0.000164549191716735,0.000121761257028537,1860,"tags=70%, list=14%, signal=60%","69379/12263/50908/12274/12279/12262/17195/109828/12260/12259/16647/15139/98870/12628/14962/12268","CC","young CD vs old CD","Down"
"GO:0016324","apical plasma membrane",336,-0.331315646195286,-1.68390538412671,8.62257656258918e-06,0.000203205387658352,0.000150365633389713,2809,"tags=33%, list=21%, signal=27%","12316/11928/17886/12527/17777/20510/14368/12387/26357/110895/16535/12289/30805/245049/58220/13649/20743/13039/16790/59020/14102/63873/56485/16173/27205/218103/23897/14674/12491/58810/81897/19126/13521/16525/16194/23991/18400/13117/56508/27421/11891/216560/16154/15519/12505/234214/72040/29875/13487/11799/12737/53881/18618/18260/68453/105853/18751/105787/218756/76509/27375/56774/268663/22041/192786/54670/105727/23831/13479/13119/239606/20517/12389/232714/20276/14827/17075/26365/20532/22329/12374/17063/18414/20526/72027/11833/13511/27413/21812/432516/18669/70129/94229/27428/17698/18762/12780/11973/16952/22350/66290/218518/70415/16008/29816/13136/11746/70495/11964/64385","CC","young CD vs old CD","Down"
"GO:0032040","small-subunit processome",67,-0.512438292950467,-2.03940335527394,9.5037954031952e-06,0.000216747850001903,0.000160386632101461,3114,"tags=58%, list=23%, signal=45%","50912/56321/269470/213773/27207/66538/225348/22596/20088/72554/68966/67973/20068/20091/20042/72515/20103/66475/68052/76846/20044/20116/52705/55989/54127/57294/20115/73736/217109/20102/223499/99480/66249/20085/20104/65961/78294/20055/267019","CC","young CD vs old CD","Down"
"GO:0000123","histone acetyltransferase complex",81,0.471223495222964,2.03129798573679,1.00092477456149e-05,0.000221141817379678,0.00016363803057798,2365,"tags=41%, list=17%, signal=34%","74026/246103/328572/217218/14534/54169/223770/244349/15161/78783/226182/100683/77853/208146/103537/20174/78656/102162/140858/69612/11909/226976/11465/268936/269424/101206/76719/231151/68691/28019/75560/12914/17692","CC","young CD vs old CD","Up"
"GO:0030141","secretory granule",278,-0.338350328851477,-1.68540427187687,1.23700467110124e-05,0.000265018879535932,0.000196105684700898,2809,"tags=31%, list=21%, signal=25%","110895/16535/18484/20655/245049/67694/18548/13039/14069/15211/666173/14102/109552/13121/380773/228993/13056/30931/22320/17766/18166/69036/12540/20527/15239/23844/21826/18783/13382/21803/20755/17304/11891/21825/59021/17918/70450/74591/83554/11745/11490/271564/15212/16412/76709/21454/18619/12390/271457/17228/12389/109711/215008/16541/16438/20276/12466/14827/100042514/54608/13036/19073/18173/12945/14679/16784/103988/16433/17105/16176/14067/17970/20617/18766/68328/14161/110135/99571/232664/13405/235380/12385/11750/11746/60510/11964","CC","young CD vs old CD","Down"
"GO:1902493","acetyltransferase complex",98,0.427352838198763,1.93357991967413,1.3425226481719e-05,0.000279165738899274,0.000206573918310041,2365,"tags=38%, list=17%, signal=31%","74026/246103/328572/217218/18604/14534/54169/223770/244349/15161/78783/226182/74838/100683/77853/208146/103537/20174/78656/102162/140858/69612/11909/226976/11465/268936/269424/101206/76719/228026/231151/235339/68691/28019/75560/12914/17692","CC","young CD vs old CD","Up"
"GO:0000151","ubiquitin ligase complex",299,0.309224162808126,1.61378116023673,1.52052379360085e-05,0.000307145806307372,0.000227278293359285,2767,"tags=29%, list=20%, signal=24%","12576/216233/231863/494448/246293/66771/101358/69181/71765/227693/52609/13619/242785/20747/72194/52563/71458/269878/74589/192157/214931/30839/240263/59024/29864/98193/21927/50760/76580/68477/30838/224826/268721/277396/320808/76073/233900/50868/76857/246710/14155/70392/19763/76454/23802/76375/230796/19014/209239/28199/56424/226541/78309/71538/26554/213499/140499/76788/107986/59008/211949/268749/240756/66313/50758/56771/30951/30843/57443/22658/17237/14154/69259/71833/67219/106025/70465/68970/224624/224619/100737/74106/100503085/99375/72399/63958/80509/108089","CC","young CD vs old CD","Up"
"GO:0098850","extrinsic component of synaptic vesicle membrane",19,-0.722297945255144,-2.1432130677652,1.95579215244149e-05,0.000384095847715592,0.00028421891805948,1938,"tags=58%, list=14%, signal=50%","66144/13447/11920/66335/245000/67300/73834/11973/66290/108664/11964","CC","young CD vs old CD","Down"
"GO:0000323","lytic vacuole",465,-0.300071041851768,-1.57516051506675,2.1486498421682e-05,0.000399761957477083,0.000295811349461938,2695,"tags=28%, list=20%, signal=23%","74385/12514/66508/14999/66725/13039/442827/15211/666173/81003/14590/67111/16889/228993/73067/67804/13056/68441/17274/22320/12757/19063/109676/72183/68724/68576/75985/81897/67861/66848/15239/69769/53599/15000/16149/15944/18196/16792/11605/19744/11891/14533/53612/252903/17160/17918/232146/50917/70450/24017/75620/30930/66141/13423/18753/18784/170744/12010/18260/66552/74006/170743/216742/78757/80743/18438/17775/14187/56486/13033/14969/14325/78416/15162/271564/15212/56722/14184/11769/66700/217265/69660/12492/14961/64138/227659/15442/15002/110379/16541/18807/66082/27057/28240/68279/74718/12306/11886/110006/66805/14960/12955/13036/19073/18173/65972/16784/76959/68953/94242/67300/16176/17748/78610/67048/11758/17966/16952/13040/18412/105171/65114/66371/66290/17476/66222/66734/12512/19141/70495/11964","CC","young CD vs old CD","Down"
"GO:0005764","lysosome",465,-0.300071041851768,-1.57516051506675,2.1486498421682e-05,0.000399761957477083,0.000295811349461938,2695,"tags=28%, list=20%, signal=23%","74385/12514/66508/14999/66725/13039/442827/15211/666173/81003/14590/67111/16889/228993/73067/67804/13056/68441/17274/22320/12757/19063/109676/72183/68724/68576/75985/81897/67861/66848/15239/69769/53599/15000/16149/15944/18196/16792/11605/19744/11891/14533/53612/252903/17160/17918/232146/50917/70450/24017/75620/30930/66141/13423/18753/18784/170744/12010/18260/66552/74006/170743/216742/78757/80743/18438/17775/14187/56486/13033/14969/14325/78416/15162/271564/15212/56722/14184/11769/66700/217265/69660/12492/14961/64138/227659/15442/15002/110379/16541/18807/66082/27057/28240/68279/74718/12306/11886/110006/66805/14960/12955/13036/19073/18173/65972/16784/76959/68953/94242/67300/16176/17748/78610/67048/11758/17966/16952/13040/18412/105171/65114/66371/66290/17476/66222/66734/12512/19141/70495/11964","CC","young CD vs old CD","Down"
"GO:0098802","plasma membrane signaling receptor complex",126,-0.412259060184162,-1.83083465418856,2.47222937389217e-05,0.000448170812138914,0.000331632388346669,1315,"tags=29%, list=10%, signal=26%","66593/22041/12502/15216/16412/20963/19229/16411/68404/16182/13860/16409/12984/66082/16421/26365/320910/15170/192176/16414/18414/18823/16408/12518/11435/21897/53378/12501/21812/15985/24088/11449/16019/11443/231252/16071","CC","young CD vs old CD","Down"
"GO:0031312","extrinsic component of organelle membrane",34,-0.604955442460693,-2.10695813993499,3.54369939595537e-05,0.000626348868235111,0.000463478578892057,1943,"tags=41%, list=14%, signal=35%","230027/66144/13447/11920/66335/245000/12850/67300/73834/11973/66736/66290/108664/11964","CC","young CD vs old CD","Down"
"GO:0042470","melanosome",92,-0.452711153080078,-1.90553527356157,4.21039439770253e-05,0.000708749723613258,0.000524452635503297,2717,"tags=40%, list=20%, signal=32%","245049/11816/67878/14590/54401/14674/94245/93695/12321/11891/15519/67844/59021/17918/269378/20333/13033/13830/16412/17880/22631/271457/14827/12332/12306/19384/18453/53378/12304/67300/71853/22368/22027/12464/14828/12330/12512","CC","young CD vs old CD","Down"
"GO:0048770","pigment granule",92,-0.452711153080078,-1.90553527356157,4.21039439770253e-05,0.000708749723613258,0.000524452635503297,2717,"tags=40%, list=20%, signal=32%","245049/11816/67878/14590/54401/14674/94245/93695/12321/11891/15519/67844/59021/17918/269378/20333/13033/13830/16412/17880/22631/271457/14827/12332/12306/19384/18453/53378/12304/67300/71853/22368/22027/12464/14828/12330/12512","CC","young CD vs old CD","Down"
"GO:0031248","protein acetyltransferase complex",91,0.426776370081958,1.91145578251063,5.74589560269148e-05,0.000944732137465786,0.000699072243460873,2365,"tags=37%, list=17%, signal=31%","74026/246103/328572/217218/14534/54169/223770/244349/15161/78783/226182/74838/100683/77853/208146/103537/20174/78656/102162/140858/69612/11909/226976/11465/268936/269424/101206/76719/231151/68691/28019/75560/12914/17692","CC","young CD vs old CD","Up"
"GO:0019774","proteasome core complex, beta-subunit complex",10,-0.8186356857573,-2.05378045583563,9.26134721963203e-05,0.0014881301100636,0.00110116975314764,1163,"tags=70%, list=9%, signal=64%","26445/19177/19175/19172/19173/26446/19170","CC","young CD vs old CD","Down"
"GO:0098644","complex of collagen trimers",18,0.699637257715515,2.16364774122109,0.000101868739689286,0.00160047108800723,0.00118429856434094,3183,"tags=78%, list=24%, signal=60%","53867/12843/12825/12828/12842/12830/12831/12829/12814/12816/12832/12839/12826/12827","CC","young CD vs old CD","Up"
"GO:0031902","late endosome membrane",142,-0.376427497004118,-1.709739307178,0.000121326530916364,0.0018647360295189,0.00137984635847673,3449,"tags=39%, list=25%, signal=29%","268706/213053/66530/71900/59045/20510/331004/15064/55943/74385/12514/66508/14999/442827/18711/22320/20479/68724/68576/73711/15239/15000/15944/11981/18196/14744/11891/53612/24017/66141/12010/66552/80743/17775/14969/56722/22088/66700/217265/14961/15002/18807/66082/74718/12306/14960/18173/16784/76959/68953/224088/230584/230709/66371/12512","CC","young CD vs old CD","Down"
"GO:0030964","NADH dehydrogenase complex",45,-0.534197439084625,-1.98360401021813,0.000126705218601677,0.00186626228232053,0.00138097573782968,4635,"tags=76%, list=34%, signal=50%","17718/66916/17716/230075/595136/17720/17717/66377/66218/68194/54405/225887/104130/66416/407785/78330/75597/69875/67184/17719/227197/72900/66091/68197/17721/66495/17991/68198/17722/67130/17992/68202/66046/17993","CC","young CD vs old CD","Down"
"GO:0045271","respiratory chain complex I",45,-0.534197439084625,-1.98360401021813,0.000126705218601677,0.00186626228232053,0.00138097573782968,4635,"tags=76%, list=34%, signal=50%","17718/66916/17716/230075/595136/17720/17717/66377/66218/68194/54405/225887/104130/66416/407785/78330/75597/69875/67184/17719/227197/72900/66091/68197/17721/66495/17991/68198/17722/67130/17992/68202/66046/17993","CC","young CD vs old CD","Down"
"GO:0005903","brush border",113,-0.399517525710275,-1.7494383877502,0.000153980769280816,0.00217728807763074,0.00161112510173822,2628,"tags=38%, list=19%, signal=31%","17912/16790/12340/59020/67760/17919/67938/69994/14674/12491/19126/16525/17922/74117/56508/15519/72074/72040/338367/13487/18618/74006/18751/56774/268663/54670/17880/286940/109711/13860/70737/20532/192176/20526/11833/69178/22349/217328/107684/432516/12780/102502/22350","CC","young CD vs old CD","Down"
"GO:0099503","secretory vesicle",448,-0.289864098452503,-1.51177910650021,0.000151291273967804,0.00217728807763074,0.00161112510173822,2809,"tags=29%, list=21%, signal=23%","110895/16535/18484/20655/22215/245049/67694/66725/18548/20743/13039/14069/15211/666173/26754/14102/109552/66471/13121/380773/228993/13056/30931/17274/22320/12757/19063/235442/17766/18166/69036/20698/94245/12540/20527/58800/15239/23844/21826/18783/13382/21803/20755/66144/17304/13447/11891/21825/53612/11920/66335/59021/12495/17918/245000/70450/12048/12121/20977/233489/74591/20333/74006/83554/105853/11745/53869/11490/14470/271564/26891/15212/16412/76709/21454/18619/12390/208898/271457/17228/12389/109711/244049/215008/100226/16541/16438/20276/12466/14827/100042514/54608/17751/13036/19073/18173/12945/14679/16784/103988/16433/67511/67300/17105/73834/16176/14067/17970/20617/18766/68328/11973/14161/13195/66290/110135/99571/229706/232664/13405/108664/235380/12385/11750/11746/70495/60510/11964","CC","young CD vs old CD","Down"
"GO:0016323","basolateral plasma membrane",225,-0.337428074207238,-1.64504603282737,0.00016509168023602,0.00228862388091895,0.00169351011511459,2383,"tags=29%, list=18%, signal=24%","22320/319800/109676/94219/81897/16847/58207/22095/20533/20878/56508/108030/27421/17940/215113/15519/12495/12505/14411/106407/338367/29875/12737/12273/53881/15203/53624/68453/230099/12349/218756/231583/105727/23831/20517/21802/12389/12557/13370/17075/12306/19143/12374/114644/28253/217316/20526/11833/12550/109620/18301/20493/14412/76408/319229/21812/432516/94229/64008/28250/17698/16952/22350/218518/15446","CC","young CD vs old CD","Down"
"GO:0045121","membrane raft",270,-0.319909231833571,-1.58711873978906,0.000174906624281858,0.00237805737244756,0.00175968810259278,3390,"tags=37%, list=25%, signal=28%","12334/14126/210044/22063/15558/84094/19122/12506/237847/11928/16818/20510/12387/240725/26357/15289/16535/56543/11739/66508/66725/27984/13649/14127/66592/14102/18711/18613/27205/11740/19063/56743/20975/12491/17096/228576/12504/21934/20527/228421/13609/234779/14758/20345/12495/16331/12505/108723/22142/22637/64297/338367/18828/21788/14125/16822/105853/22146/12229/13033/21938/15162/20194/13830/16412/12390/15567/22143/271457/22337/15368/15442/12389/100226/16409/12478/666907/19052/12306/14389/16414/12484/12550/12518/66395/16784/19264/21897/53378/12482/21812/432516/22038/15894/22350/24088/13405/13136/12385/22154","CC","young CD vs old CD","Down"
"GO:0008540","proteasome regulatory particle, base subcomplex",12,-0.77190781505417,-2.05730518768876,0.000181835854210136,0.00242562167785974,0.00179488420143868,2237,"tags=75%, list=17%, signal=63%","19184/23996/53380/66998/19185/19181/19182/19179/67089","CC","young CD vs old CD","Down"
"GO:1902562","H4 histone acetyltransferase complex",37,0.545943632081049,1.9711815461104,0.000194119678888483,0.00249532023589377,0.00184645895516892,2365,"tags=46%, list=17%, signal=38%","74026/15161/100683/77853/208146/103537/20174/78656/140858/69612/11909/226976/11465/76719/68691/75560/17692","CC","young CD vs old CD","Up"
"GO:0045335","phagocytic vesicle",122,-0.388069941688608,-1.71965920916845,0.000192717610326075,0.00249532023589377,0.00184645895516892,3339,"tags=40%, list=25%, signal=31%","104759/14964/16573/17886/52055/14972/331004/22376/53421/55943/74735/66725/67845/18711/17274/22320/235442/13058/12540/81897/109905/15944/67844/19332/18784/170744/15039/12010/170743/11745/53869/20963/271457/286940/14997/100226/12332/18173/12945/12721/16784/21897/22352/74732/78610/13040/24088/17476/12521","CC","young CD vs old CD","Down"
"GO:0042627","chylomicron",12,-0.769594044058616,-2.05113847583607,0.000199918802171,0.00252397487740887,0.00186766249396592,1706,"tags=92%, list=13%, signal=80%","171504/11816/11808/11814/238055/66113/11813/54135/11806/11818/11807","CC","young CD vs old CD","Down"
"GO:0098857","membrane microdomain",272,-0.316913429096552,-1.57549397654134,0.000230217457406612,0.0028555042523943,0.00211298386576337,3390,"tags=37%, list=25%, signal=28%","12334/14126/210044/22063/15558/84094/19122/12506/237847/11928/16818/20510/12387/240725/26357/15289/16535/56543/11739/66508/66725/27984/13649/14127/66592/14102/18711/18613/27205/11740/19063/56743/20975/12491/17096/228576/12504/21934/20527/228421/13609/234779/14758/20345/12495/16331/12505/108723/22142/22637/64297/338367/18828/21788/14125/16822/105853/22146/12229/13033/21938/15162/20194/13830/16412/12390/15567/22143/271457/22337/15368/15442/12389/100226/16409/12478/666907/19052/12306/14389/16414/12484/12550/12518/66395/16784/19264/21897/53378/12482/21812/432516/22038/15894/22350/24088/13405/13136/12385/22154","CC","young CD vs old CD","Down"
"GO:0035097","histone methyltransferase complex",66,0.451017844736384,1.87516325436789,0.000245974778617601,0.00299834773245938,0.00221868357482664,3136,"tags=42%, list=23%, signal=33%","233904/216850/75410/381022/15161/74322/21652/208043/214162/16468/20174/50496/18193/140858/72843/75273/67772/99982/76719/56406/76130/329559/21343/68729/55982/77305/69556/213464","CC","young CD vs old CD","Up"
"GO:0005667","transcription regulator complex",447,0.262711171445033,1.4263715730773,0.000319486429693823,0.00382842213209377,0.00283291267721374,2364,"tags=26%, list=17%, signal=22%","58805/21833/223922/63856/83383/17859/17125/209361/20851/268448/54006/246103/328572/217218/17132/20679/20472/14534/80288/214742/19401/18509/15184/20181/11864/13557/15405/56198/22278/21886/83396/18515/16814/84113/59035/227644/226182/22632/20481/20471/20475/74838/15258/18741/100683/208104/21676/17927/641340/17129/19411/116870/21339/382066/11911/16825/238247/50496/13871/66653/107503/77578/18986/19664/102162/17128/16658/18033/26940/11545/20474/18019/233863/21422/20182/19014/21423/72308/20681/20841/75901/22059/19651/17130/56381/21678/11909/18045/12611/21849/20185/67087/11863/75613/13016/15395/170767/217082/17977/17134/234366/21888/101206/73181/80707/56771/56406/20933/18021/229542/11906/18044/20847/67219/12914/209446","CC","young CD vs old CD","Up"
"GO:0001533","cornified envelope",18,-0.672477395061469,-1.9757025868979,0.000329850418080213,0.0038867374263785,0.00287606417168185,758,"tags=50%, list=6%, signal=47%","12306/100042514/17975/109620/73720/56460/16952/16854/20202","CC","young CD vs old CD","Down"
"GO:1903561","extracellular vesicle",87,-0.417881259809468,-1.74865105253388,0.000366119028113654,0.00424337955535005,0.00313996819624652,3100,"tags=39%, list=23%, signal=30%","11774/12527/103743/11816/16790/109552/27205/232431/13645/18457/19126/17828/11808/19656/64297/53869/11490/22088/20276/12306/114584/28114/66113/66395/16784/170676/104009/53378/11806/15894/16952/12116/12512/11657","CC","young CD vs old CD","Down"
"GO:0031461","cullin-RING ubiquitin ligase complex",185,0.32012974828125,1.59238353887094,0.000376451386755699,0.00429276016832708,0.00317650830590123,2542,"tags=28%, list=19%, signal=23%","12576/216233/231863/246293/101358/71765/227693/242785/20747/72194/52563/74589/192157/214931/30839/240263/98193/21927/50760/30838/268721/277396/320808/50868/76857/246710/14155/76454/76375/230796/209239/28199/226541/78309/71538/26554/213499/76788/107986/59008/211949/240756/50758/57443/14154/69259/71833/70465/68970/224624/74106/100503085","CC","young CD vs old CD","Up"
"GO:0009925","basal plasma membrane",250,-0.317139848092708,-1.56588162813803,0.000493431480393529,0.00553739772441627,0.00409750118221527,2383,"tags=27%, list=18%, signal=23%","22320/319800/109676/94219/81897/16847/58207/22095/20533/20878/56508/108030/27421/17940/215113/15519/12495/12505/14411/106407/338367/29875/12737/12273/53881/15203/53624/68453/230099/12349/218756/22041/231583/105727/23831/20517/21802/12389/12557/13370/26459/17075/26365/12306/19143/12374/114644/28253/217316/20526/11833/12550/109620/18301/20493/14412/76408/319229/21812/432516/94229/64008/28250/17698/16952/22350/218518/15446","CC","young CD vs old CD","Down"
"GO:0034361","very-low-density lipoprotein particle",23,-0.623632431310177,-1.97451001826917,0.000621292552596424,0.00675775130285649,0.00500052467433883,1706,"tags=70%, list=13%, signal=61%","171504/11816/71898/11808/55938/11814/238055/245282/11425/66113/328563/11813/54135/11806/11818/11807","CC","young CD vs old CD","Down"
"GO:0034385","triglyceride-rich plasma lipoprotein particle",23,-0.623632431310177,-1.97451001826917,0.000621292552596424,0.00675775130285649,0.00500052467433883,1706,"tags=70%, list=13%, signal=61%","171504/11816/71898/11808/55938/11814/238055/245282/11425/66113/328563/11813/54135/11806/11818/11807","CC","young CD vs old CD","Down"
"GO:0043235","receptor complex",274,-0.301559248446135,-1.50256864236465,0.000632535283867166,0.00677579463172859,0.00501387617355633,2641,"tags=28%, list=20%, signal=23%","13649/11447/13835/14255/14409/54519/67897/16186/12983/16407/232431/12491/16164/83493/17096/14396/16847/16401/22095/16194/16149/225471/12505/22637/64297/14183/12010/170743/66593/11622/22041/12502/15216/16412/14184/20963/19229/16411/22337/68404/19116/16182/13860/16409/12984/66082/16421/26365/320910/15170/192176/16414/18414/18823/16408/12518/14573/12167/11551/11435/21897/53378/18703/12501/21812/20186/15985/14408/17966/24088/17289/11449/21898/16019/11443/18198/231252/16071","CC","young CD vs old CD","Down"
"GO:0045178","basal part of cell",264,-0.306548541509211,-1.52136233703971,0.000672945674144522,0.00710108345701757,0.00525457973369721,2383,"tags=27%, list=18%, signal=22%","22320/319800/109676/94219/81897/16847/58207/22095/20533/20878/56508/108030/27421/17940/215113/15519/12495/12505/14411/106407/338367/29875/12737/12273/53881/15203/53624/68453/230099/12349/218756/22041/231583/15216/105727/23831/20517/21802/12389/12557/13370/26459/17075/26365/12306/19143/12374/114644/28253/217316/20526/11833/12550/109620/103988/18301/20493/14412/76408/319229/21812/432516/94229/64008/28250/17698/16952/22350/218518/15446","CC","young CD vs old CD","Down"
"GO:0001772","immunological synapse",38,-0.520256418067659,-1.83292600547149,0.00075611503976176,0.00784511766906832,0.0058051417874294,3178,"tags=53%, list=23%, signal=40%","12487/17886/16818/11658/171285/66592/192662/108723/74734/22637/12493/14969/16408/12721/12508/19271/12501/15894/22350/16854","CC","young CD vs old CD","Down"
"GO:0030864","cortical actin cytoskeleton",84,-0.412448580035286,-1.71616608465863,0.000765647976189129,0.00784511766906832,0.0058051417874294,3525,"tags=45%, list=26%, signal=34%","50768/102371/171531/208431/17886/15163/22288/245049/20743/72042/12331/63873/20742/17916/20740/71835/60595/12631/29875/13169/63986/18751/13627/15216/78906/56431/13043/109711/20276/63985/12550/12721/16669/432516/27428/66713/102502/29816","CC","young CD vs old CD","Down"
"GO:0043230","extracellular organelle",89,-0.404858966213448,-1.69222883554073,0.000790274120830669,0.00786934934404624,0.00582307246927861,3100,"tags=38%, list=23%, signal=30%","11774/12527/103743/11816/16790/109552/27205/232431/13645/18457/19126/17828/11808/19656/64297/53869/11490/22088/20276/12306/114584/28114/66113/66395/16784/170676/104009/53378/11806/15894/16952/12116/12512/11657","CC","young CD vs old CD","Down"
"GO:0065010","extracellular membrane-bounded organelle",89,-0.404858966213448,-1.69222883554073,0.000790274120830669,0.00786934934404624,0.00582307246927861,3100,"tags=38%, list=23%, signal=30%","11774/12527/103743/11816/16790/109552/27205/232431/13645/18457/19126/17828/11808/19656/64297/53869/11490/22088/20276/12306/114584/28114/66113/66395/16784/170676/104009/53378/11806/15894/16952/12116/12512/11657","CC","young CD vs old CD","Down"
"GO:0005790","smooth endoplasmic reticulum",35,-0.539422517300051,-1.90028090267682,0.000813690473214915,0.00798998839670757,0.00591234159631305,1797,"tags=43%, list=13%, signal=37%","20191/17918/56486/100037258/16438/14827/11833/14317/12304/71853/110954/22027/230163/14828/12330","CC","young CD vs old CD","Down"
"GO:0042611","MHC protein complex",21,-0.633652471178147,-1.94643742665546,0.000877447862411432,0.008383184307093,0.00620329427622307,3257,"tags=67%, list=24%, signal=51%","15040/14964/14972/15064/14999/15000/16149/15039/12010/14969/14961/14997/15002/14960","CC","young CD vs old CD","Down"
"GO:0016469","proton-transporting two-sector ATPase complex",25,-0.596976906944718,-1.93032754356041,0.000869669069304947,0.008383184307093,0.00620329427622307,1938,"tags=36%, list=14%, signal=31%","66144/66335/11974/73834/11973/66290/108664/70495/11964","CC","young CD vs old CD","Down"
"GO:0070603","SWI/SNF superfamily-type complex",87,0.380546489758265,1.67530399375006,0.000925742929645116,0.00872667001678796,0.0064574629618754,4435,"tags=52%, list=33%, signal=35%","330409/100043597/116848/239985/68094/22632/83797/100683/72057/233875/116870/76022/20174/78656/77045/105246/207165/269397/227195/234366/93760/75560/229542/19708/20587/235134/83796/319955/107932/77044/22385/70127/17192/52615/268996/13445/18432/20586/12055/15182/17191/67155/66993/70020/20588","CC","young CD vs old CD","Up"
"GO:0106139","symbiont cell surface",15,-0.682405972540854,-1.92831705649722,0.000969699817415453,0.00890360741445097,0.00658839110397102,1856,"tags=93%, list=14%, signal=81%","17174/50909/14469/631323/12266/12263/50908/12262/17195/12260/12259/12628/14962/12268","CC","young CD vs old CD","Down"
"GO:0031528","microvillus membrane",26,-0.579446417105621,-1.89261795189011,0.000969699817415453,0.00890360741445097,0.00658839110397102,3038,"tags=58%, list=22%, signal=45%","17777/12387/16410/59020/27205/19126/13521/72040/230099/268663/13479/26365/12484/17698/22350","CC","young CD vs old CD","Down"
"GO:0016471","vacuolar proton-transporting V-type ATPase complex",21,-0.62943867640027,-1.93349359981508,0.00100865144820865,0.00914252017799381,0.00676517907907828,430,"tags=38%, list=3%, signal=37%","66144/66335/73834/11973/66290/108664/70495/11964","CC","young CD vs old CD","Down"
"GO:0031519","PcG protein complex",43,0.494351796906107,1.86744279096399,0.00106724063065926,0.00935336769231462,0.0069211996472573,2671,"tags=40%, list=20%, signal=32%","494448/52609/13619/30841/22632/104416/21652/16468/76073/19763/20841/228790/74383/30951/22658/13000/68729","CC","young CD vs old CD","Up"
"GO:0000313","organellar ribosome",85,-0.423171480617957,-1.76129315238849,0.00108483189642121,0.00935336769231462,0.0069211996472573,4188,"tags=52%, list=31%, signal=36%","19935/232536/66493/69163/106338/56282/18100/68836/94061/94066/107734/66292/59054/68611/64660/66973/67308/68499/74600/14548/66230/66242/216767/68463/66448/24030/75398/67707/28028/68537/64659/353242/121022/66047/107733/64655/66419/68735/69956/52443/57312/66121/66077/66223","CC","young CD vs old CD","Down"
"GO:0005761","mitochondrial ribosome",85,-0.423171480617957,-1.76129315238849,0.00108483189642121,0.00935336769231462,0.0069211996472573,4188,"tags=52%, list=31%, signal=36%","19935/232536/66493/69163/106338/56282/18100/68836/94061/94066/107734/66292/59054/68611/64660/66973/67308/68499/74600/14548/66230/66242/216767/68463/66448/24030/75398/67707/28028/68537/64659/353242/121022/66047/107733/64655/66419/68735/69956/52443/57312/66121/66077/66223","CC","young CD vs old CD","Down"
"GO:0030658","transport vesicle membrane",185,-0.325397214888879,-1.52964767254321,0.00106148097313464,0.00935336769231462,0.0069211996472573,2974,"tags=31%, list=22%, signal=25%","110877/78771/56041/12684/22343/18484/66725/66471/228993/12757/19063/94245/20527/18570/58800/66144/69608/108030/13447/53612/11920/66335/252903/59021/245000/12048/20977/74591/20333/74006/105853/53869/67489/76709/27054/208898/11769/271457/110379/244049/100226/16438/67898/12945/216549/67300/73834/67048/20617/11973/66290/229706/13405/108664/235380/70495/60510/11964","CC","young CD vs old CD","Down"
"GO:0015629","actin cytoskeleton",463,-0.273570381193968,-1.43656946005323,0.00120381211282181,0.0102541585995786,0.00758775675424783,2637,"tags=28%, list=19%, signal=23%","20743/17912/12632/15387/19230/12340/66592/56376/72042/12331/14158/17919/17906/21956/11426/67938/17897/75646/63873/13211/231646/225631/17274/23897/18457/64099/20742/17916/140781/15381/20740/107321/21955/21924/57784/17922/29818/74117/59069/21952/11629/114774/11468/12797/668218/237436/66898/17931/98932/69693/16331/17918/319939/71835/53318/11867/60595/270163/338367/12631/29875/13169/68813/666244/56444/63986/14191/80743/18751/56486/208727/13627/15162/107589/15216/78906/76709/56431/17880/271457/286940/54130/13043/109624/109711/18826/19354/11727/20276/67803/50875/223513/53598/12332/63985/70737/11475/17896/22329/192176/59032/12955/12550/12721/66395/13007/22349/103988/16669/14260/217328/326618/432516/20617/27428/268709/66713/18762/56378/16952/102502/98267/102866/22350/67665/29816/12385/108897","CC","young CD vs old CD","Down"
"GO:0033176","proton-transporting V-type ATPase complex",23,-0.603535121546439,-1.9108790435532,0.00123260886006447,0.0103744579055426,0.00767677447934888,1938,"tags=39%, list=14%, signal=34%","66144/66335/11974/73834/11973/66290/108664/70495/11964","CC","young CD vs old CD","Down"
"GO:0005791","rough endoplasmic reticulum",55,-0.457662104892468,-1.76063319918716,0.00137438023210808,0.0112986840011676,0.00836067289299528,2280,"tags=38%, list=17%, signal=32%","226551/58992/27370/68916/20090/66475/54127/66481/67891/19988/19899/54426/20335/67163/12655/19942/66248/103963/17105/230163/79235","CC","young CD vs old CD","Down"
"GO:0030662","coated vesicle membrane",109,-0.367393000414813,-1.59151083510784,0.00137279442304756,0.0112986840011676,0.00836067289299528,1938,"tags=28%, list=14%, signal=24%","12757/54160/18570/66144/69608/53612/66335/252903/20977/13169/20333/56447/22041/67489/27054/11769/110379/67898/70349/56358/216549/67300/73834/67048/50797/11973/108664/29816/70495/11964","CC","young CD vs old CD","Down"
"GO:0005581","collagen trimer",66,0.414944921540561,1.72518555205773,0.00154180280391731,0.0125293630157418,0.00927133688501998,3294,"tags=45%, list=24%, signal=35%","53867/12843/12825/12833/12834/245026/12828/12842/12830/12831/72709/12829/13607/140709/69700/140703/12814/329941/71355/382864/12819/12836/12816/12832/73368/12839/12826/12827/69183/81799","CC","young CD vs old CD","Up"
"GO:0042101","T cell receptor complex",10,-0.751278957087736,-1.88479694422314,0.00157809998151177,0.0126785987151002,0.0093817666364994,3025,"tags=90%, list=22%, signal=70%","11658/54519/22637/12502/20963/26365/15170/12501/16071","CC","young CD vs old CD","Down"
"GO:0005583","fibrillar collagen trimer",10,0.732073501206422,1.91609229421303,0.00181134057937853,0.0142290865513402,0.0105290791573231,565,"tags=50%, list=4%, signal=48%","53867/12843/12825/12842/12831","CC","young CD vs old CD","Up"
"GO:0098643","fibrillar collagen",10,0.732073501206422,1.91609229421303,0.00181134057937853,0.0142290865513402,0.0105290791573231,565,"tags=50%, list=4%, signal=48%","53867/12843/12825/12842/12831","CC","young CD vs old CD","Up"
"GO:0030139","endocytic vesicle",208,-0.313235020756032,-1.50612355262442,0.00194691096310988,0.015126000559546,0.0111927674802268,3177,"tags=32%, list=23%, signal=25%","16573/17886/52055/16818/14972/73094/331004/22376/53421/55943/74735/66725/13649/67845/18711/17274/22320/12477/235442/20698/13058/12540/81897/109905/15944/67844/13660/20296/19332/18784/170744/15039/12010/18260/170743/11745/53869/22041/14325/11845/192786/20963/271457/286940/12986/12492/14997/11727/100226/12332/18173/12945/12721/16784/21897/22352/74732/67300/78610/57440/11806/68328/13040/24088/56324/17476/12521","CC","young CD vs old CD","Down"
"GO:0090575","RNA polymerase II transcription regulator complex",219,0.292222592378717,1.47328524697822,0.00220362202169578,0.0169343561884665,0.0125308941050664,2740,"tags=31%, list=20%, signal=25%","58805/21833/223922/63856/17859/17125/209361/20851/54006/246103/217218/17132/14534/80288/19401/20181/13557/59035/226182/15258/100683/208104/21676/17129/19411/11911/16825/50496/13871/107503/77578/18986/102162/17128/16658/18019/20182/19014/21423/22059/17130/11909/18045/12611/21849/11863/75613/170767/217082/17977/17134/21888/101206/80707/56771/20933/18044/20847/67219/12914/19015/18514/107932/21781/21343/17978/22260/80509","CC","young CD vs old CD","Up"
"GO:0016514","SWI/SNF complex",24,0.551145254282901,1.81925687247627,0.00231872970069227,0.0176273322407466,0.0130436747169673,4435,"tags=75%, list=33%, signal=51%","239985/68094/83797/72057/77045/105246/93760/19708/20587/83796/77044/70127/268996/20586/12055/67155/66993/20588","CC","young CD vs old CD","Up"
"GO:0034663","endoplasmic reticulum chaperone complex",12,-0.705869111456404,-1.88129742503851,0.00247546140902801,0.0186186299593915,0.013777204034568,3005,"tags=75%, list=22%, signal=58%","64136/394436/69816/66861/18453/12304/71853/22027/14828","CC","young CD vs old CD","Down"
"GO:0035102","PRC1 complex",16,0.618124859208431,1.8396147715837,0.00251465226307162,0.0187143068420172,0.0138480019362504,2179,"tags=44%, list=16%, signal=37%","494448/52609/13619/76073/19763/30951/22658","CC","young CD vs old CD","Up"
"GO:0032587","ruffle membrane",87,-0.390364017401683,-1.63350337895516,0.00254556507468066,0.0187470261229086,0.0138722131810996,2770,"tags=34%, list=20%, signal=28%","16410/13649/19230/11426/63873/24057/98845/27050/20975/67220/23991/234779/234353/11629/12631/14191/13627/11848/16412/76709/18826/13860/56193/19271/268709/18102/22350/215632/29816/108897","CC","young CD vs old CD","Down"
"GO:0044305","calyx of Held",28,0.519020874672676,1.78372864072541,0.00260640302655767,0.018811682777971,0.0139200570842724,2252,"tags=39%, list=17%, signal=33%","16504/12315/18750/26431/382018/99738/16443/216963/11465/11539/16502","CC","young CD vs old CD","Up"
"GO:0036064","ciliary basal body",274,0.26650629098093,1.37781982330883,0.00260755998902568,0.018811682777971,0.0139200570842724,3021,"tags=29%, list=22%, signal=23%","16367/12576/100503041/11515/67534/70314/18080/229776/16328/18750/17164/99167/103677/17349/14083/56350/227624/52184/16563/229584/20174/76967/69718/217335/13191/214444/107566/17128/215445/64930/217366/72507/216543/68298/77832/28135/280408/17130/67378/227634/26920/269424/171580/108079/71919/230872/213550/99100/234854/20354/103733/232933/208518/14633/104831/74019/15461/106633/68259/232944/67661/75782/231225/111173/59056/270192/22158/18764/216846/14894/23955/380614/212139/380718/23797/207425/320244/66573/208846/16576","CC","young CD vs old CD","Up"
"GO:0005774","vacuolar membrane",319,-0.28036004987439,-1.41418336674665,0.00276546383817899,0.0197493225615409,0.0146138812076019,3460,"tags=32%, list=26%, signal=24%","67171/268706/213053/66530/70834/215243/14964/71900/56786/65221/67474/56032/209200/73689/93739/16573/319934/14972/74919/235135/55943/74385/12514/66508/14999/442827/666173/81003/228993/73067/13056/68441/22320/19063/68724/68576/75985/53599/15000/15944/66144/16792/19744/14533/53612/66335/252903/21767/59021/232146/24017/75620/57436/66141/12010/18260/66552/216742/78757/80743/18438/17775/56486/13033/14969/271564/56722/11769/66700/16145/217265/69660/12492/14961/227659/15442/15002/110379/18807/66082/28240/12306/20532/66805/14960/18173/16784/76959/68953/73834/78610/75909/11973/21824/66371/66290/17476/108664/66734/12512/70495/11964","CC","young CD vs old CD","Down"
"GO:0031083","BLOC-1 complex",12,-0.694868361369605,-1.85197799105863,0.00309841701603532,0.0216748751516253,0.0160387299193892,3604,"tags=83%, list=27%, signal=61%","20615/73689/232946/18457/94245/14533/17828/75620/67826/100226","CC","young CD vs old CD","Down"
"GO:0005767","secondary lysosome",22,-0.573814559995227,-1.79085541291989,0.00308760568312816,0.0216748751516253,0.0160387299193892,2667,"tags=45%, list=20%, signal=37%","66725/75985/15944/18784/14325/27057/16784/18412/17476/66734","CC","young CD vs old CD","Down"
"GO:0000792","heterochromatin",84,0.367947813628017,1.6075222912028,0.00312706826798555,0.0216748751516253,0.0160387299193892,3621,"tags=43%, list=27%, signal=32%","494448/13435/12616/20230/52609/13619/116848/74522/17257/72462/17190/331623/269639/13433/19763/72701/21849/50721/193796/30951/22658/12412/64383/21974/230674/22385/15499/13163/99377/17192/71735/52615/228140/14056/12615/22201","CC","young CD vs old CD","Up"
"GO:0098862","cluster of actin-based cell projections",154,-0.332400214529876,-1.52197870605456,0.00337546553356303,0.0231694575944569,0.0171446741970447,2628,"tags=33%, list=19%, signal=27%","17912/16790/12340/59020/67760/17919/67938/69994/231646/67263/14674/98845/12491/19126/16525/17922/74117/56508/15519/72074/72040/338367/13487/18618/74006/18751/218756/56774/268663/54670/17880/286940/109711/13860/215008/70737/20532/192176/20526/11833/12721/69178/22349/217328/107684/432516/12780/102502/102866/22350/11853","CC","young CD vs old CD","Down"
"GO:0002199","zona pellucida receptor complex",10,-0.725008494850396,-1.81889001779969,0.0034741885301441,0.0236178008731912,0.0174764342052796,1952,"tags=60%, list=14%, signal=51%","12465/12462/21454/12466/12469/12464","CC","young CD vs old CD","Down"
"GO:0000315","organellar large ribosomal subunit",52,-0.437336675344526,-1.65996047501631,0.00382541419483117,0.0246174381847795,0.0182161345609103,4188,"tags=71%, list=31%, signal=49%","107732/67840/94065/18120/27395/67212/67270/67036/17725/19935/66493/69163/106338/56282/18100/68836/94061/94066/107734/59054/68611/67308/68499/74600/216767/68463/66448/75398/67707/28028/68537/353242/66047/107733/66419/52443/66223","CC","young CD vs old CD","Down"
"GO:0005762","mitochondrial large ribosomal subunit",52,-0.437336675344526,-1.65996047501631,0.00382541419483117,0.0246174381847795,0.0182161345609103,4188,"tags=71%, list=31%, signal=49%","107732/67840/94065/18120/27395/67212/67270/67036/17725/19935/66493/69163/106338/56282/18100/68836/94061/94066/107734/59054/68611/67308/68499/74600/216767/68463/66448/75398/67707/28028/68537/353242/66047/107733/66419/52443/66223","CC","young CD vs old CD","Down"
"GO:0034705","potassium channel complex",58,0.397988177893115,1.60427210320206,0.00374959456263213,0.0246174381847795,0.0182161345609103,2929,"tags=40%, list=22%, signal=31%","242735/229715/382571/16504/66733/12315/99738/241528/22318/16531/14809/20928/16495/16518/60613/16506/16502/16514/16538/20907/16511/74610/16500","CC","young CD vs old CD","Up"
"GO:0140534","endoplasmic reticulum protein-containing complex",123,-0.349629364136764,-1.54687673952553,0.00377451309418097,0.0246174381847795,0.0182161345609103,4379,"tags=46%, list=32%, signal=31%","67664/64209/72772/228812/20014/76687/76976/75841/66268/76219/66059/15040/19035/13481/216440/56529/56176/14964/54208/72084/69038/329777/14972/64136/53421/394436/22040/68032/66624/66357/67695/13200/69816/13135/18821/73024/69019/12010/16430/20335/66861/56228/14827/66286/18453/110417/67819/12304/103963/71853/66087/105887/66736/22027/14080/14828","CC","young CD vs old CD","Down"
"GO:0030863","cortical cytoskeleton",111,-0.350403433679553,-1.52764627056074,0.00383015304147914,0.0246174381847795,0.0182161345609103,3123,"tags=41%, list=23%, signal=31%","50768/102371/171531/208431/17886/67771/15163/22288/245049/20743/12340/72042/12331/63873/20742/17916/20740/59069/20533/16331/71835/60595/12631/29875/13169/63986/18751/13627/15216/78906/56431/13043/109711/20276/63985/192176/12550/12721/16669/326618/432516/27428/66713/102502/29816","CC","young CD vs old CD","Down"
"GO:0098798","mitochondrial protein-containing complex",164,-0.320940483915311,-1.47721569691827,0.00375401195116989,0.0246174381847795,0.0182161345609103,4318,"tags=46%, list=32%, signal=32%","66841/69934/66541/19935/232536/97212/21854/66493/69163/106338/66148/52575/56282/18100/68836/94061/94066/107734/66292/56322/59054/68611/216001/12028/53600/64660/68316/66973/67308/67067/68499/68512/11739/74600/14548/53375/66230/66242/67713/216767/11740/231086/66169/30059/68463/66448/24030/75398/93757/67707/56075/223696/66449/28028/68537/64659/353242/380840/121022/17713/66047/67952/107733/64655/66419/68117/68735/69956/52443/57312/66121/17714/73078/66077/66223/68514","CC","young CD vs old CD","Down"
"GO:1905286","serine-type peptidase complex",18,-0.605783252156838,-1.77975876538763,0.00389311888884653,0.0247967122019324,0.0183487917283711,4532,"tags=89%, list=33%, signal=59%","18792/66541/76687/76976/76219/56529/18793/66624/14066/93757/69019/17195/66286/12628/14068/21824","CC","young CD vs old CD","Down"
"GO:0005938","cell cortex",302,-0.280127387590403,-1.40949289701317,0.00394687000563086,0.0249146169105448,0.018436037526302,2657,"tags=30%, list=20%, signal=24%","58220/20743/13605/15387/12340/72042/12331/14158/17919/11426/67938/75646/63873/75739/66438/23897/66205/20742/319876/17916/14677/20740/56544/13017/59069/20533/216560/668218/30926/98932/16331/71835/60595/338367/14183/104943/12631/29875/13169/63986/194231/18751/14079/13627/11848/11845/15216/78906/56431/19229/286940/54130/13043/64138/84506/27418/65113/12389/109711/13860/20276/63985/12306/107371/192176/17975/12550/12721/66411/103988/16669/13726/237542/326618/432516/20617/227929/27428/66713/18762/544963/102502/67533/14080/22350/14161/67665/110135/99571/29816","CC","young CD vs old CD","Down"
"GO:0098797","plasma membrane protein complex",408,-0.263685392232989,-1.3673429147918,0.00398623715610705,0.0249404395519264,0.0184551454735464,3140,"tags=32%, list=23%, signal=25%","320508/11928/14688/380797/14972/73094/11658/22288/15064/12387/15289/21939/14695/16535/22029/22343/16410/56543/12289/20218/14999/11447/14127/14102/54519/14710/76905/12983/16407/75739/12757/14674/13058/17969/83493/17096/14677/240899/16401/16525/16194/15000/16149/108030/69379/225471/20272/22218/22637/14619/233489/15039/12010/53881/12274/24052/12279/66593/14969/14702/18733/22041/12502/20194/15216/16412/14618/109828/12390/16533/20963/19229/16411/13043/14961/68404/14997/12389/15002/227485/12557/16182/13860/19354/16409/12984/66082/15139/16421/26365/320910/15170/12306/98870/22329/192176/16414/18414/18823/14960/16408/14679/12550/12518/66395/12298/11435/16669/21897/246256/53378/208117/67300/12501/21812/17970/15985/24088/16691/11449/12299/13405/16019/12290/11443/239556/12385/231252/16071","CC","young CD vs old CD","Down"
"GO:0005884","actin filament",114,-0.353114437362565,-1.54648668156467,0.00411858227218871,0.0255424356705037,0.0189006037791116,2628,"tags=33%, list=19%, signal=27%","17912/19230/56376/72042/18457/17916/74117/59069/11629/114774/69693/16331/17918/53318/270163/13169/666244/80743/15162/78906/76709/13043/109711/18826/19354/50875/192176/12721/103988/14260/326618/432516/56378/16952/102502/102866/22350/108897","CC","young CD vs old CD","Down"
"GO:0061702","canonical inflammasome complex",15,-0.629207498820624,-1.77799081613273,0.00430567636977912,0.0262761919794594,0.0194435605059054,2468,"tags=73%, list=18%, signal=60%","13205/17940/268973/17951/17952/66824/12363/101613/17948/383619/12362","CC","young CD vs old CD","Down"
"GO:0034708","methyltransferase complex",98,0.342599799967898,1.55011043449347,0.0043112281041263,0.0262761919794594,0.0194435605059054,3136,"tags=38%, list=23%, signal=29%","233904/216850/75410/381022/15161/74322/21652/208043/214162/16468/20174/50496/57773/18193/140858/210529/72843/75273/67772/104836/99982/76719/56406/109095/76130/67302/70465/329559/21343/229700/68729/56335/55982/77305/69556/17299/213464","CC","young CD vs old CD","Up"
"GO:0034703","cation channel complex",118,0.322448693440496,1.4920640992624,0.00569429334634476,0.0344091059475705,0.0254616625563054,2835,"tags=35%, list=21%, signal=28%","319734/242735/229715/382571/16504/66733/399548/12315/110880/20190/68667/20266/12292/18763/504186/99738/12293/54378/241528/22318/81904/12288/22064/12295/16531/12291/14809/237611/20928/16495/16518/60613/16506/16502/16514/22065/16538/20907/18764/16511/74610","CC","young CD vs old CD","Up"
"GO:0031011","Ino80 complex",16,0.585685981295943,1.74307272495281,0.00624332401737772,0.0369848415379449,0.0273676263595006,2358,"tags=38%, list=17%, signal=31%","22632/233875/76022/20174/227195/235134","CC","young CD vs old CD","Up"
"GO:0070062","extracellular exosome",73,-0.403222412419005,-1.62243237659823,0.00618366221631179,0.0369848415379449,0.0273676263595006,2712,"tags=37%, list=20%, signal=30%","12527/103743/11816/16790/109552/27205/232431/13645/19126/19656/64297/53869/11490/22088/20276/12306/114584/28114/66395/16784/104009/53378/15894/16952/12116/12512/11657","CC","young CD vs old CD","Down"
"GO:0000118","histone deacetylase complex",78,0.360996316257177,1.55442669457311,0.00634049569289013,0.0369848415379449,0.0273676263595006,2213,"tags=31%, list=16%, signal=26%","228913/277250/268448/214742/192285/15184/100043597/52592/56233/71954/100683/72895/68703/116870/238247/20174/78656/69188/170787/20185/52463/234366/75560/229542","CC","young CD vs old CD","Up"
"GO:0030672","synaptic vesicle membrane",120,-0.341288868723427,-1.51236633185896,0.00638210844077691,0.0369848415379449,0.0273676263595006,2380,"tags=28%, list=18%, signal=23%","12757/19063/94245/20527/58800/66144/13447/11920/66335/59021/245000/12048/20977/74006/105853/53869/76709/208898/271457/244049/100226/67300/73834/20617/11973/66290/229706/13405/108664/235380/70495/60510/11964","CC","young CD vs old CD","Down"
"GO:0099501","exocytic vesicle membrane",120,-0.341288868723427,-1.51236633185896,0.00638210844077691,0.0369848415379449,0.0273676263595006,2380,"tags=28%, list=18%, signal=23%","12757/19063/94245/20527/58800/66144/13447/11920/66335/59021/245000/12048/20977/74006/105853/53869/76709/208898/271457/244049/100226/67300/73834/20617/11973/66290/229706/13405/108664/235380/70495/60510/11964","CC","young CD vs old CD","Down"
"GO:0034362","low-density lipoprotein particle",13,-0.661741318282624,-1.81839566824773,0.00688990551271817,0.0391339661433607,0.028957911372367,1706,"tags=77%, list=13%, signal=67%","171504/11816/11808/55938/238055/20288/11813/54135/11806/103161","CC","young CD vs old CD","Down"
"GO:0042588","zymogen granule",24,-0.534227734677437,-1.68920568978277,0.00693218143212184,0.0391339661433607,0.028957911372367,4109,"tags=67%, list=30%, signal=47%","68581/56334/107767/19340/110895/16535/22320/69036/23844/18783/271457/19073/12945/14679/16433/11746","CC","young CD vs old CD","Down"
"GO:0030670","phagocytic vesicle membrane",56,-0.412648038434662,-1.60112930020203,0.00697437020376725,0.0391339661433607,0.028957911372367,3257,"tags=39%, list=24%, signal=30%","14964/14972/331004/53421/18711/17274/235442/15944/67844/19332/15039/12010/11745/271457/14997/18173/12945/12721/16784/21897/24088/17476","CC","young CD vs old CD","Down"
"GO:0005798","Golgi-associated vesicle",84,-0.367078557171801,-1.5273849898326,0.00694126258920642,0.0391339661433607,0.028957911372367,2923,"tags=33%, list=22%, signal=26%","320150/12684/76983/66725/17274/12757/235442/54160/27965/252903/16432/243983/20333/66552/56447/67489/11769/54130/11840/70349/56358/216549/67300/17105/50797/68328/67023/70415","CC","young CD vs old CD","Down"
"GO:0045240","alpha-ketoacid dehydrogenase complex",18,0.579325187848402,1.79157930813107,0.00704074806514342,0.0391953455280031,0.029003330197897,2356,"tags=56%, list=17%, signal=46%","13171/12040/18604/209692/14534/12041/18293/228026/235339/12039","CC","young CD vs old CD","Up"
"GO:0030175","filopodium",95,-0.365339644718687,-1.55101985708094,0.00721850529446231,0.0398709628373817,0.0295032658827942,2785,"tags=35%, list=21%, signal=28%","11308/16410/17912/19230/71720/63873/27205/66205/17311/22152/12540/14265/23991/224014/68966/11468/17918/12631/20430/17772/11845/16412/18826/12944/11475/22329/22349/140493/17698/544963/22350/13405/18081","CC","young CD vs old CD","Down"
"GO:0001726","ruffle",176,-0.313079313748451,-1.45940985614957,0.00729148886681452,0.0399618808437044,0.0295705423648047,2782,"tags=33%, list=21%, signal=27%","228003/16410/13649/19230/11426/63873/18613/27205/20200/24057/98845/18457/27050/20975/67220/67742/23991/58800/228421/74117/234779/234353/11629/17918/12631/29875/13169/20195/20430/14191/17772/13627/244864/11848/11845/16412/76709/271457/13043/18103/27418/109711/18826/13860/50875/12332/12306/56193/69178/22349/19271/268709/18102/22350/215632/21898/29816/108897","CC","young CD vs old CD","Down"
"GO:0042383","sarcolemma",162,0.296458136837352,1.44246451490378,0.00743374082427028,0.0404281135596853,0.0299155399972658,2053,"tags=28%, list=15%, signal=24%","14177/11733/16651/12833/12834/77626/380698/12372/13138/225115/233335/20190/18806/12335/20266/59287/12292/14683/14083/13518/98660/12293/11603/11512/54378/243853/18810/19058/24051/434246/16001/81904/12288/56506/20528/12295/11749/16515/237611/20928/12723/19087/16773/19056/16518","CC","young CD vs old CD","Up"
"GO:0030133","transport vesicle",337,-0.270433543826232,-1.37627561214667,0.00761809781098322,0.0411144668119476,0.0304234199442239,3006,"tags=30%, list=22%, signal=24%","17357/110877/78754/78771/56041/12684/16535/22343/18484/22215/245049/66725/18548/20743/26754/66471/232946/228993/30931/17274/12757/19063/235442/18166/20698/18457/27965/94245/20527/18570/77125/58800/20755/66144/69608/16792/108030/13447/11891/53612/11920/66335/252903/17828/59021/12495/17918/245000/70450/12048/20977/233489/74591/20333/74006/105853/53869/67489/15162/14470/26891/76709/27054/14184/18619/12390/208898/11769/271457/110379/12873/244049/100226/16438/101118/26365/67898/100042514/17751/12945/216549/67511/208117/67300/17105/73834/67048/20617/230584/68328/11973/13195/66290/229706/13405/108664/235380/70495/60510/11964","CC","young CD vs old CD","Down"
"GO:0030665","clathrin-coated vesicle membrane",61,-0.409577056554687,-1.61427218624478,0.00774828949392093,0.0415003081227432,0.0307089304503884,1938,"tags=25%, list=14%, signal=21%","66144/66335/252903/20977/13169/67489/11769/216549/67300/73834/11973/108664/29816/70495/11964","CC","young CD vs old CD","Down"
"GO:0005828","kinetochore microtubule",13,-0.655925611853794,-1.80241471755626,0.00817770378009255,0.0430338141736771,0.031843676981043,2070,"tags=54%, list=15%, signal=46%","228421/53869/229841/66700/76959/68953/66371","CC","young CD vs old CD","Down"
"GO:0005771","multivesicular body",50,-0.433044145380068,-1.64515494732104,0.00812889575546424,0.0430338141736771,0.031843676981043,2712,"tags=42%, list=20%, signal=34%","11816/66725/13649/13039/15239/15000/16149/18196/11891/13010/22070/53869/17195/66700/14961/12518/76959/68953/66371/12512/79235","CC","young CD vs old CD","Down"
"GO:0090533","cation-transporting ATPase complex",36,-0.45497174226745,-1.59655065191381,0.00827807457937777,0.0430338141736771,0.031843676981043,2166,"tags=31%, list=16%, signal=26%","11938/66144/66335/18821/11974/73834/11973/66290/108664/70495/11964","CC","young CD vs old CD","Down"
"GO:0098533","ATPase dependent transmembrane transport complex",36,-0.45497174226745,-1.59655065191381,0.00827807457937777,0.0430338141736771,0.031843676981043,2166,"tags=31%, list=16%, signal=26%","11938/66144/66335/18821/11974/73834/11973/66290/108664/70495/11964","CC","young CD vs old CD","Down"
"GO:0048188","Set1C/COMPASS complex",13,0.637597189844821,1.77127277387189,0.0086910195568355,0.0448507359611876,0.0331881422954072,3136,"tags=62%, list=23%, signal=47%","233904/15161/74322/208043/140858/77305/69556/213464","CC","young CD vs old CD","Up"
"GO:1905370","serine-type endopeptidase complex",16,-0.593170321155228,-1.69504202614535,0.00914014573277134,0.04682668864543,0.0346502855010477,4532,"tags=88%, list=33%, signal=58%","18792/66541/76687/76976/76219/56529/18793/66624/93757/69019/17195/66286/12628/21824","CC","young CD vs old CD","Down"
"GO:0033017","sarcoplasmic reticulum membrane",36,0.436886379689694,1.55984856353383,0.0092199999442905,0.0468959709396646,0.0347015522325814,1312,"tags=31%, list=10%, signal=28%","59091/68539/106393/12325/12372/20190/68460/11937/13400/57339/20866","CC","young CD vs old CD","Up"
"GO:0044298","cell body membrane",28,0.474001660273489,1.62901027384386,0.0100391295345065,0.050697604149258,0.0375146419447349,2498,"tags=39%, list=18%, signal=32%","229715/16504/69601/20538/99738/11932/16337/16502/16195/107448/67972","CC","young CD vs old CD","Up"
"GO:0071565","nBAF complex",15,0.594884069339228,1.72434566529252,0.0101268341757757,0.0507778139168329,0.037573994664879,4435,"tags=80%, list=33%, signal=54%","239985/68094/83797/269397/93760/19708/20587/70127/20586/67155/66993/20588","CC","young CD vs old CD","Up"
"GO:0044545","NSL complex",11,0.64827612484092,1.74530786119396,0.0111406929080339,0.0554680977885915,0.0410446580822303,2152,"tags=55%, list=16%, signal=46%","15161/140858/69612/226976/76719/68691","CC","young CD vs old CD","Up"
"GO:0070069","cytochrome complex",34,-0.464900073687672,-1.61916882758892,0.0112841925125924,0.0555257840856948,0.0410873441384505,4324,"tags=62%, list=32%, signal=42%","22272/17709/12862/66594/12869/17710/394436/17708/110323/12864/17711/12867/66576/12865/66152/12859/66142/17992/67530/12866/67003","CC","young CD vs old CD","Down"
"GO:0008305","integrin complex",31,-0.465442872054768,-1.56578079752589,0.0113093534771429,0.0555257840856948,0.0410873441384505,2770,"tags=39%, list=20%, signal=31%","16410/16407/17096/16401/16412/16411/16409/16421/320910/16414/18823/16408","CC","young CD vs old CD","Down"
"GO:0044753","amphisome",11,-0.662730652081047,-1.70826701052901,0.0114153345802033,0.0556595968841637,0.0411863614254885,1123,"tags=45%, list=8%, signal=42%","66700/76959/68953/18412/66371","CC","young CD vs old CD","Down"
"GO:1902495","transmembrane transporter complex",297,-0.27191023361324,-1.36463591178427,0.012027032079254,0.0582404909591274,0.0430961423459932,3766,"tags=40%, list=28%, signal=30%","14403/66377/12314/20927/11966/241296/66218/24115/66594/68194/74096/15165/12869/54405/225887/100986/58869/104130/16498/238076/216001/22063/20269/66416/17710/320508/11928/407785/78330/75597/170738/228071/100604/16535/56543/12289/17708/110323/12864/11447/17711/69875/14409/12867/67184/66576/17719/227197/12865/66152/72900/76905/66091/12859/68197/13058/211480/83493/17721/14396/66495/11938/17991/240899/68198/16525/66142/17722/66144/67130/17992/69379/16516/67530/66335/68202/20191/20272/22218/18821/66046/53881/12274/12279/109828/16533/433926/11974/19229/13043/12866/68404/13860/67003/20276/66082/15139/98870/114584/17993/12298/11435/73834/68514/14408/29876/11973/20202/11449/66290/170706/12299/108664/12290/11443/239556/70495/231252/11964","CC","young CD vs old CD","Down"
"GO:0097346","INO80-type complex",27,0.472290211806386,1.59666708846704,0.0122945228472692,0.0587383428959191,0.0434645372132387,2358,"tags=37%, list=17%, signal=31%","100043597/22632/100683/233875/76022/20174/78656/227195/75560/235134","CC","young CD vs old CD","Up"
"GO:0019005","SCF ubiquitin ligase complex",53,0.375473177975544,1.50409048204669,0.0122960038876889,0.0587383428959191,0.0434645372132387,2175,"tags=25%, list=16%, signal=21%","231863/101358/72194/214931/30839/50760/30838/76454/71538/213499/211949/50758/57443","CC","young CD vs old CD","Up"
"GO:0098830","presynaptic endosome",12,-0.644759091238685,-1.71842569455234,0.0129137152042709,0.0612751452981176,0.0453416916744799,1903,"tags=50%, list=14%, signal=43%","69150/53612/216238/13033/53869/271457","CC","young CD vs old CD","Down"
"GO:0060077","inhibitory synapse",16,0.5569313705382,1.65749550553985,0.013060476996307,0.061558381575927,0.0455512776643129,3581,"tags=62%, list=26%, signal=46%","235086/68877/216963/216856/269788/268566/76380/13869/229521/243621","CC","young CD vs old CD","Up"
"GO:0000421","autophagosome membrane",47,-0.430649539488651,-1.62153030736759,0.0135398733009565,0.0633953008197103,0.0469105404710728,2221,"tags=34%, list=16%, signal=29%","75985/15944/21767/59021/57436/56486/66700/16145/16784/76959/68953/78610/75909/66371/66734/70495","CC","young CD vs old CD","Down"
"GO:0005892","acetylcholine-gated channel complex",10,-0.670502019568108,-1.68214502170573,0.0140343412721629,0.0648514985582953,0.0479880812677329,565,"tags=40%, list=4%, signal=38%","11435/11449/11443/231252","CC","young CD vs old CD","Down"
"GO:0000791","euchromatin",57,0.359738953623842,1.44677261261932,0.0140002536604965,0.0648514985582953,0.0479880812677329,1632,"tags=25%, list=12%, signal=22%","218333/13435/233904/330409/16452/72895/72462/17927/21848/20174/21423/69188/75273/21849","CC","young CD vs old CD","Up"
"GO:0030135","coated vesicle",219,-0.290229719004359,-1.40981705943324,0.0145215150240426,0.06666695533765,0.0493314625218671,2392,"tags=24%, list=18%, signal=20%","98402/17274/12757/12477/23897/235442/54160/228576/27965/213326/18570/66191/66144/69608/11891/53612/66335/252903/70450/20977/233489/13169/20333/18704/68090/80743/56447/22041/67489/27061/27054/11769/54130/110379/11840/67898/70349/56358/216549/67511/67300/17105/73834/67048/50797/68328/11973/67023/108664/29816/70495/11964","CC","young CD vs old CD","Down"
"GO:0030667","secretory granule membrane",76,-0.370511003391499,-1.51359007424194,0.0148818220300613,0.0678803108080861,0.0502293076328725,2809,"tags=37%, list=21%, signal=29%","110895/16535/18484/666173/109552/228993/13056/22320/69036/20527/23844/17304/74591/12390/271457/12389/109711/16438/54608/18173/12945/16784/16433/20617/18766/232664/11750/11746","CC","young CD vs old CD","Down"
"GO:0071007","U2-type catalytic step 2 spliceosome",30,-0.472658298161229,-1.58234269202151,0.01498835671955,0.0679280012866785,0.0502645970959268,3259,"tags=50%, list=24%, signal=38%","107686/80744/66354/66070/68011/20641/231889/67332/20639/68592/20643/71702/71713/66877/53317","CC","young CD vs old CD","Down"
"GO:0000786","nucleosome",36,0.421677606786624,1.50554752859927,0.0151409671969554,0.0681249624853466,0.0504103422246963,2856,"tags=36%, list=21%, signal=29%","54169/100043597/244349/100683/103537/20174/78656/57741/21423/75560/56632/15441/21427","CC","young CD vs old CD","Up"
"GO:1990351","transporter complex",316,-0.261316384795991,-1.31947340446981,0.0152245319274183,0.0681249624853466,0.0504103422246963,3766,"tags=39%, list=28%, signal=29%","14403/66377/12314/20927/11966/241296/66218/24115/66594/68194/74096/15165/12869/54405/225887/100986/58869/104130/16498/238076/216001/22063/20269/66416/17710/320508/11928/407785/78330/75597/170738/228071/100604/16535/56543/12289/17708/110323/12864/11447/17711/69875/14409/12867/67184/66576/17719/227197/12865/66152/72900/76905/66091/12859/68197/13058/211480/83493/17721/14396/66495/11938/17991/240899/68198/16525/66142/17722/66144/238257/67130/17992/69379/16516/67530/66335/68202/20191/20272/22218/18821/66046/53881/12274/12279/72129/54670/109828/16533/433926/11974/19229/13043/12866/68404/241633/13860/67003/20276/66082/15139/98870/114584/17993/12298/11435/73834/68514/14408/29876/11973/20202/11449/66290/170706/12299/108664/12290/11443/239556/70495/231252/11964","CC","young CD vs old CD","Down"
"GO:0005689","U12-type spliceosomal complex",26,-0.479608709166337,-1.56652285018029,0.0155623928491925,0.0691988160023842,0.0512049602518945,3442,"tags=50%, list=25%, signal=37%","66125/78372/107686/67178/237073/68011/20641/67332/81898/13204/20643/66055/67225","CC","young CD vs old CD","Down"
"GO:0005777","peroxisome",131,-0.319855972855512,-1.43327375678185,0.015983765880841,0.0701895806071713,0.0519380950819089,4247,"tags=43%, list=31%, signal=30%","56794/93734/67452/228061/319554/74114/26458/59038/192156/18632/12359/210808/216739/56535/330450/58869/50790/72479/233274/26378/15357/216820/68607/20655/269181/235442/20280/66437/11920/11671/23986/17918/15112/74006/72129/209186/217700/74159/170789/51798/18477/12389/11840/56185/219181/67420/67979/22262/12012/11611/93732/22352/19193/17966/14080/66887","CC","young CD vs old CD","Down"
"GO:0042579","microbody",131,-0.319855972855512,-1.43327375678185,0.015983765880841,0.0701895806071713,0.0519380950819089,4247,"tags=43%, list=31%, signal=30%","56794/93734/67452/228061/319554/74114/26458/59038/192156/18632/12359/210808/216739/56535/330450/58869/50790/72479/233274/26378/15357/216820/68607/20655/269181/235442/20280/66437/11920/11671/23986/17918/15112/74006/72129/209186/217700/74159/170789/51798/18477/12389/11840/56185/219181/67420/67979/22262/12012/11611/93732/22352/19193/17966/14080/66887","CC","young CD vs old CD","Down"
"GO:0005911","cell-cell junction",424,-0.244200365371987,-1.26997745755837,0.0161098622942177,0.0703066212469872,0.0520247014959467,2693,"tags=25%, list=20%, signal=21%","22324/227937/58220/20743/13605/19230/12340/56376/207683/14158/77446/18711/63873/18613/75739/66438/27205/109676/18457/17096/52118/12540/11938/20740/16401/16582/216613/74117/20533/13209/268980/108030/245827/12481/69693/192216/22637/14619/53318/215449/60595/12631/29875/18753/64058/12737/66601/18260/53624/16822/12443/27375/11490/107589/11848/16412/14618/60363/84506/109711/227485/12557/215008/17075/110829/70737/26365/15170/100039795/12739/192176/16408/13506/20526/12550/12721/66395/109620/12508/13511/14260/53378/108058/76816/27413/56460/19271/12501/21812/18669/17973/54135/12738/27428/17698/68328/18762/29876/12780/22350/16691/218518/279561/216033/12385/270120/67451","CC","young CD vs old CD","Down"
"GO:0071014","post-mRNA release spliceosomal complex",10,-0.662922248914072,-1.6631290111655,0.017031881676306,0.0738744806450817,0.0546648058968296,1989,"tags=50%, list=15%, signal=43%","72654/13204/68592/66877/244672","CC","young CD vs old CD","Down"
"GO:0031672","A band",47,-0.423468458002111,-1.5944912879275,0.0175615014899441,0.0757072045938443,0.0560209643164455,2510,"tags=43%, list=19%, signal=35%","17906/17897/109676/20742/20191/17931/66480/208727/20193/67891/19988/14200/319195/19989/17896/12955/433766/17966/72330/66106","CC","young CD vs old CD","Down"
"GO:0044666","MLL3/4 complex",10,0.634241399456651,1.66003148067384,0.0179992628155302,0.0769565856066942,0.0569454672024522,3136,"tags=60%, list=23%, signal=46%","216850/381022/140858/56406/55982/213464","CC","young CD vs old CD","Up"
"GO:0150005","enzyme activator complex",15,-0.573274049379698,-1.61993618454141,0.0181778639268995,0.0769565856066942,0.0569454672024522,4923,"tags=73%, list=36%, signal=47%","54170/66096/83409/329679/268706/16323/19183/66508/68441/68576/18538","CC","young CD vs old CD","Down"
"GO:0044665","MLL1/2 complex",30,0.444392092120372,1.54195242720033,0.0181294114580578,0.0769565856066942,0.0569454672024522,2609,"tags=37%, list=19%, signal=30%","75410/15161/214162/20174/50496/140858/75273/67772/76719/76130/21343","CC","young CD vs old CD","Up"
"GO:0080008","Cul4-RING E3 ubiquitin ligase complex",31,0.440281714060452,1.5405321745556,0.0184158494838231,0.077041453166053,0.0570082665428845,2678,"tags=42%, list=20%, signal=34%","12576/30839/98193/320808/76375/230796/28199/107986/71833/70465/68970/74106/99375","CC","young CD vs old CD","Up"
"GO:0044295","axonal growth cone",37,0.419879648630036,1.51601551209956,0.0183228450683937,0.077041453166053,0.0570082665428845,947,"tags=24%, list=7%, signal=23%","381921/19099/18080/14228/72333/67095/15184/21844/11603","CC","young CD vs old CD","Up"
"GO:0031983","vesicle lumen",10,-0.657744605512521,-1.65013942005629,0.0186669089663531,0.0776323802306566,0.0574455340945974,2651,"tags=60%, list=20%, signal=48%","18548/13649/271564/238055/18619/16819","CC","young CD vs old CD","Down"
"GO:0035060","brahma complex",14,0.562141339245221,1.58828059444317,0.0212471676788488,0.0878464768944218,0.0650036462689312,4435,"tags=79%, list=33%, signal=53%","239985/68094/83797/93760/20587/83796/77044/70127/67155/66993/20588","CC","young CD vs old CD","Up"
"GO:0045277","respiratory chain complex IV",21,-0.521655124244029,-1.60240684573882,0.0215445382703064,0.0885212459290409,0.0655029542570287,4314,"tags=62%, list=32%, signal=42%","17709/12862/12869/17710/17708/110323/12864/12867/12865/12859/66142/17992/12866","CC","young CD vs old CD","Down"
"GO:0031091","platelet alpha granule",17,-0.542091506183093,-1.57874794068391,0.0216607857789591,0.0885212459290409,0.0655029542570287,409,"tags=47%, list=3%, signal=46%","14069/21826/21825/14067/20617/14161/110135/99571","CC","young CD vs old CD","Down"
"GO:0044754","autolysosome",18,-0.539523307550359,-1.58509059523335,0.0225641826724046,0.091428518873727,0.0676542453364734,2667,"tags=44%, list=20%, signal=36%","66725/75985/15944/14325/27057/16784/18412/66734","CC","young CD vs old CD","Down"
"GO:0030660","Golgi-associated vesicle membrane",41,-0.41643278573876,-1.5083546492864,0.0226308215033978,0.091428518873727,0.0676542453364734,2380,"tags=34%, list=18%, signal=28%","12757/54160/252903/16432/243983/66552/56447/67489/11769/70349/56358/216549/67300/50797","CC","young CD vs old CD","Down"
"GO:0010008","endosome membrane",431,-0.24382837282386,-1.26676480146474,0.0236064055316281,0.0948280040389834,0.0701697580694927,3482,"tags=32%, list=26%, signal=24%","98878/227746/268706/231125/213053/13866/66530/68059/11977/20844/117167/71943/14964/71900/56786/65221/209200/59045/319934/216892/52055/14972/66201/20510/235135/56440/217463/17988/331004/15064/54637/55943/74385/12514/66508/14999/13649/442827/17912/666173/216859/17919/66471/18711/67804/17274/22320/20479/235442/20698/72183/68724/68576/94245/213326/81897/93695/73711/15239/53599/15000/15944/11981/18196/69150/67073/14744/11891/53612/225471/216238/16432/17846/13660/72404/24017/30930/66141/70546/170744/12010/66552/170743/80743/17775/13033/14969/76561/53869/271564/218441/11845/56722/22088/66700/15567/71607/271457/217265/69660/14961/27418/65113/15002/100226/18807/66082/68279/74718/12306/14960/18173/72027/27400/69178/16784/56433/50915/76959/68953/18703/236727/27413/224088/57440/230584/230709/68328/16952/279572/65114/66371/56324/21898/12512/70495/68151","CC","young CD vs old CD","Down"
"GO:0042589","zymogen granule membrane",17,-0.53699624944437,-1.56390888493084,0.0238133840232585,0.0951189972002471,0.0703850839105528,2809,"tags=71%, list=21%, signal=56%","68581/56334/107767/110895/16535/22320/69036/23844/271457/12945/16433/11746","CC","young CD vs old CD","Down"
"GO:0031012","extracellular matrix",353,-0.250371508808024,-1.27678244881884,0.0254141767120839,0.100942825480019,0.0746945347481118,1372,"tags=17%, list=10%, signal=15%","11745/12258/13033/67896/14756/241327/22041/20194/16412/59007/16785/71660/64138/15442/94175/11727/12822/12476/11475/12306/30924/23794/18816/12945/14061/110595/17392/16424/94242/17831/16425/13014/20737/18815/17381/214425/216616/11699/16426/16644/234199/20700/16427/16952/14161/16854/109901/20714/67776/11625/110135/99571/12394/66222/16852/11750/11746/11657/20719","CC","young CD vs old CD","Down"
"GO:0045095","keratin filament",12,-0.614713547619106,-1.63834767027278,0.0256887674398994,0.101463455754239,0.0750797848728608,1409,"tags=42%, list=10%, signal=37%","66809/105732/16669/16691/16668","CC","young CD vs old CD","Down"
"GO:0016327","apicolateral plasma membrane",19,-0.518931871236542,-1.53978226716558,0.0270887847343488,0.105229509929586,0.0778665472120958,1478,"tags=42%, list=11%, signal=38%","14368/12387/18260/53624/12739/16669/21824/16691","CC","young CD vs old CD","Down"
"GO:0030137","COPI-coated vesicle",30,-0.451427109832299,-1.51126594201858,0.0268137740654946,0.105229509929586,0.0778665472120958,1537,"tags=50%, list=11%, signal=44%","54161/66913/68581/56334/213827/12684/54160/20333/56447/54130/11840/70349/56358/50797/67023","CC","young CD vs old CD","Down"
"GO:0150034","distal axon",305,0.23985483429934,1.25484227339097,0.0270774431411107,0.105229509929586,0.0778665472120958,2039,"tags=19%, list=15%, signal=17%","27373/53413/381921/16467/30957/51789/13712/54126/16504/19280/19099/68943/18080/14228/72333/18975/11350/12315/231637/67095/18750/12922/54615/15184/26431/12877/319974/67579/20616/382018/99738/69719/21844/16443/11603/224617/216963/140500/29811/20866/23802/64930/22084/231876/214084/192119/243931/26404/16593/18645/16531/14809/74187/11465/171580/70827/11539/12759","CC","young CD vs old CD","Up"
"GO:0008076","voltage-gated potassium channel complex",50,0.381979199050393,1.49781034941827,0.0275504641111726,0.106005911523818,0.0784410601166344,2929,"tags=38%, list=22%, signal=30%","242735/229715/382571/16504/66733/12315/99738/241528/22318/16531/16495/16518/60613/16506/16502/16538/20907/16511/16500","CC","young CD vs old CD","Up"
"GO:0030426","growth cone",198,0.257728648494663,1.29088019332296,0.0275885257714038,0.106005911523818,0.0784410601166344,1675,"tags=18%, list=12%, signal=16%","27373/53413/381921/16467/30957/51789/54126/19280/19099/68943/18080/14228/72333/11350/12315/231637/67095/15184/12877/319974/67579/21844/11603/216963/140500/29811/20866/23802/64930/22084/231876/192119/243931/26404/16593","CC","young CD vs old CD","Up"
"GO:0030666","endocytic vesicle membrane",76,-0.350011914852421,-1.42984838597966,0.029381243563372,0.112283995671914,0.08308664609386,3086,"tags=34%, list=23%, signal=27%","14964/14972/73094/331004/53421/18711/17274/235442/15944/67844/19332/15039/12010/11745/53869/271457/12986/12492/14997/18173/12945/12721/16784/21897/24088/17476","CC","young CD vs old CD","Down"
"GO:0031253","cell projection membrane",294,-0.2568671505639,-1.28961133054609,0.0296356844423991,0.112647467208474,0.0833556036665102,2770,"tags=31%, list=20%, signal=25%","225997/56297/13866/73723/103765/11977/67474/18585/217371/14688/72569/17777/22288/12387/26357/16410/12289/102774/13649/16790/19230/59020/11426/63873/27205/17274/14674/24057/98845/27050/20742/20975/12491/14396/12540/19126/67220/13521/16525/23991/234779/234353/11629/15519/13660/268902/12505/72040/57436/338367/12631/13487/18618/14191/230099/18751/56774/268663/13627/11848/11845/16412/76709/54670/76088/13479/18826/13860/215008/20276/26365/20532/56193/12484/20526/11833/19271/57440/17698/268709/18102/12780/22350/215632/13405/29816/18081/70495/108897/68151","CC","young CD vs old CD","Down"
"GO:0016459","myosin complex",51,-0.382862024033818,-1.44589384648308,0.030124742691129,0.113894080655766,0.0842780586405355,3344,"tags=41%, list=25%, signal=31%","171531/17886/17883/17912/17919/17906/67938/17897/231646/17916/140781/17922/98932/17918/270163/338367/17880/70737/17896/217328/432516","CC","young CD vs old CD","Down"
"GO:0030126","COPI vesicle coat",11,-0.614870989825838,-1.58490304372152,0.0302877429110623,0.113901245947452,0.0842833607323513,3132,"tags=55%, list=23%, signal=42%","213827/54160/56447/70349/56358/50797","CC","young CD vs old CD","Down"
"GO:0032809","neuronal cell body membrane",25,0.464508328015814,1.53605459364437,0.0309119928452781,0.115633751013818,0.0855653603124657,2929,"tags=44%, list=22%, signal=35%","229715/16504/69601/20538/99738/16337/16502/16195/107448/67972/16500","CC","young CD vs old CD","Up"
"GO:0030057","desmosome",23,-0.488433069930595,-1.54644938494588,0.0319718453382008,0.118968919232147,0.0880332805157109,1741,"tags=39%, list=13%, signal=34%","69693/64058/13506/12550/109620/13511/56460/216033/67451","CC","young CD vs old CD","Down"
"GO:0071004","U2-type prespliceosome",17,0.526746423946433,1.58329201334585,0.0340473461519893,0.12490273326025,0.0924241173681895,1112,"tags=29%, list=8%, signal=27%","192196/20646/20637/22185/54614","CC","young CD vs old CD","Up"
"GO:0071010","prespliceosome",17,0.526746423946433,1.58329201334585,0.0340473461519893,0.12490273326025,0.0924241173681895,1112,"tags=29%, list=8%, signal=27%","192196/20646/20637/22185/54614","CC","young CD vs old CD","Up"
"GO:0016328","lateral plasma membrane",63,-0.365121796150126,-1.44932376291646,0.0340965028560514,0.12490273326025,0.0924241173681895,2158,"tags=32%, list=16%, signal=27%","75739/20740/18196/27421/14619/29875/12737/18260/53624/14618/60363/20517/17075/26365/12739/12550/13511/432516/68328/16952","CC","young CD vs old CD","Down"
"GO:0000314","organellar small ribosomal subunit",33,-0.435571945078374,-1.49773157482111,0.0389289843969106,0.141142522915978,0.104441053955544,3433,"tags=45%, list=25%, signal=34%","66292/64660/66973/14548/66230/66242/24030/64659/121022/64655/68735/69956/57312/66121/66077","CC","young CD vs old CD","Down"
"GO:0005763","mitochondrial small ribosomal subunit",33,-0.435571945078374,-1.49773157482111,0.0389289843969106,0.141142522915978,0.104441053955544,3433,"tags=45%, list=25%, signal=34%","66292/64660/66973/14548/66230/66242/24030/64659/121022/64655/68735/69956/57312/66121/66077","CC","young CD vs old CD","Down"
"GO:0030427","site of polarized growth",205,0.253810410719869,1.2729483224364,0.0393678001425527,0.142005279085637,0.105079466545911,1675,"tags=18%, list=12%, signal=16%","27373/53413/381921/16467/30957/51789/54126/19280/19099/68943/18080/14228/72333/11350/12315/231637/67095/15184/12877/319974/67579/21844/11603/72313/216963/140500/29811/20866/23802/64930/22084/231876/192119/243931/26404/16593","CC","young CD vs old CD","Up"
"GO:0140288","GBAF complex",11,0.59271530470033,1.59572540327211,0.0396702727626883,0.142369963671171,0.105349321736875,4435,"tags=73%, list=33%, signal=49%","83797/77045/105246/268996/20586/12055/67155/20588","CC","young CD vs old CD","Up"
"GO:0030312","external encapsulating structure",354,-0.249807770401464,-1.27442009989017,0.040076486215537,0.143101392698913,0.105890556348335,1372,"tags=17%, list=10%, signal=15%","11745/12258/13033/67896/14756/241327/22041/20194/16412/59007/16785/71660/64138/15442/94175/11727/12822/12476/11475/12306/30924/23794/18816/12945/14061/110595/17392/16424/94242/17831/16425/13014/20737/18815/17381/214425/216616/11699/16426/16644/234199/20700/16427/16952/14161/16854/109901/20714/67776/11625/110135/99571/12394/66222/16852/11750/11746/11657/20719","CC","young CD vs old CD","Down"
"GO:0051286","cell tip",13,-0.591215620752905,-1.62459845573421,0.0408379945047124,0.144948066896722,0.107257037516074,3372,"tags=62%, list=25%, signal=46%","13346/58869/17364/235442/22041/17698/22350/67451","CC","young CD vs old CD","Down"
"GO:0031588","nucleotide-activated protein kinase complex",11,0.589743153227526,1.58772369052754,0.0410036964347163,0.144948066896722,0.107257037516074,2044,"tags=55%, list=15%, signal=46%","108097/18747/19087/19082/108079/108099","CC","young CD vs old CD","Up"
"GO:0005776","autophagosome",103,-0.31436582441658,-1.35551233372858,0.0432525951557093,0.152137237686998,0.112576799122218,1782,"tags=20%, list=13%, signal=18%","21767/59021/57436/80743/56486/14325/66700/16145/27057/60599/16784/76959/68953/78610/75909/17966/18412/66371/66734/52440/70495","CC","young CD vs old CD","Down"
"GO:0005882","intermediate filament",50,-0.386552068856174,-1.46852937572399,0.0442354265950162,0.154823993082557,0.114564914110073,1842,"tags=28%, list=14%, signal=24%","16905/17918/66809/18103/105732/109620/16669/22352/16418/18102/16691/13405/67451/16668","CC","young CD vs old CD","Down"
"GO:0033106","cis-Golgi network membrane",17,-0.516947848099637,-1.50552137659325,0.0449640287769784,0.156598858843959,0.115878259280053,5445,"tags=71%, list=40%, signal=42%","18685/78308/19330/69834/51800/235574/15040/14964/14972/666173/75985/27096","CC","young CD vs old CD","Down"
"GO:0097386","glial cell projection",39,-0.418521910551957,-1.48822738587058,0.0454545454545455,0.1575311942959,0.116568158363824,2092,"tags=33%, list=15%, signal=28%","14265/11629/20272/14619/71817/16412/13665/239606/18826/17751/22350/16854/13405","CC","young CD vs old CD","Down"
"GO:0031904","endosome lumen",12,-0.588814517628315,-1.56932102263815,0.0457458736442845,0.157767476421996,0.116742999749471,1570,"tags=33%, list=12%, signal=29%","19255/13033/13040/12512","CC","young CD vs old CD","Down"
"GO:1902911","protein kinase complex",123,0.284496263889475,1.33283098537684,0.0460173282674535,0.15793325769461,0.11686567270784,2621,"tags=30%, list=19%, signal=24%","16367/11481/227154/18555/108097/20869/11479/59024/18682/18747/13871/16001/16337/56716/240665/11477/69131/72949/327987/12445/19087/19082/11480/108079/56036/108099/234854/22241/18749/76130/57261/12537/16969/111173/13000/74370/69562","CC","young CD vs old CD","Up"
"GO:0042612","MHC class I protein complex",13,-0.585485786020629,-1.60885347144944,0.046560443400187,0.159025282531074,0.117673736943264,3755,"tags=54%, list=28%, signal=39%","15040/14964/14972/15064/15039/12010/14997","CC","young CD vs old CD","Down"
"GO:0016528","sarcoplasm",94,0.29418942977998,1.31672201310268,0.0471338203811703,0.160209668314843,0.118550145391911,1312,"tags=20%, list=10%, signal=18%","59091/11733/12833/68539/106393/12325/12372/19309/20190/12292/244091/68460/11937/13400/12293/18810/57339/77578/20866","CC","young CD vs old CD","Up"
"GO:0008021","synaptic vesicle",215,-0.263236100891716,-1.27642438581817,0.0490196078431373,0.165822309785158,0.122703324593499,2667,"tags=25%, list=20%, signal=20%","66725/20743/26754/66471/30931/17274/12757/19063/235442/18166/20698/94245/20527/58800/66144/13447/53612/11920/66335/59021/12495/17918/245000/12048/20977/233489/20333/74006/105853/53869/14470/26891/76709/18619/208898/271457/244049/100226/17751/67511/67300/73834/20617/68328/11973/13195/66290/229706/13405/108664/235380/70495/60510/11964","CC","young CD vs old CD","Down"
"GO:0030136","clathrin-coated vesicle",138,-0.296641975856024,-1.34169845750622,0.049528658275265,0.166746482860059,0.123387183773467,2392,"tags=23%, list=18%, signal=19%","98402/17274/12757/12477/23897/235442/228576/27965/213326/66144/11891/66335/252903/70450/20977/233489/13169/18704/80743/67489/27061/11769/216549/67300/17105/73834/68328/11973/108664/29816/70495/11964","CC","young CD vs old CD","Down"
"GO:0016529","sarcoplasmic reticulum",73,0.32838782559937,1.40102569991404,0.0500035882732153,0.167547568289873,0.123979961944565,1732,"tags=26%, list=13%, signal=23%","59091/11733/12833/68539/106393/12325/12372/19309/20190/12292/244091/68460/11937/13400/12293/57339/20866/20528/12295","CC","young CD vs old CD","Up"
"GO:0042734","presynaptic membrane",175,0.25226018592343,1.2454603803966,0.0504786650642981,0.168341585851221,0.124567510113983,2269,"tags=23%, list=17%, signal=20%","16504/18693/19280/23965/268882/11423/14252/241727/18717/59287/20616/20538/105782/14681/382018/99738/54393/13854/18442/16443/12293/15529/19157/18441/226548/216856/56216/101772/12288/20187/22333/13016/219228/16531/14809/11539/387524/13429/16502/320707/227801","CC","young CD vs old CD","Up"
"GO:0070382","exocytic vesicle",226,-0.257861087477902,-1.25723653896668,0.0533117932148627,0.176955107055906,0.130941246492645,2667,"tags=25%, list=20%, signal=20%","66725/20743/26754/66471/30931/17274/12757/19063/235442/18166/20698/94245/20527/58800/66144/13447/11891/53612/11920/66335/59021/12495/17918/245000/70450/12048/20977/233489/20333/74006/105853/53869/14470/26891/76709/18619/208898/271457/244049/100226/17751/67511/67300/73834/20617/68328/11973/13195/66290/229706/13405/108664/235380/70495/60510/11964","CC","young CD vs old CD","Down"
"GO:0071564","npBAF complex",13,0.54695568745361,1.51946673092576,0.0542523209270367,0.179235471473902,0.132628644863439,4435,"tags=77%, list=33%, signal=52%","68094/83797/72057/93760/20587/268996/20586/67155/66993/20588","CC","young CD vs old CD","Up"
"GO:0008250","oligosaccharyltransferase complex",13,-0.548503940111647,-1.50723124151339,0.055363321799308,0.18205520238191,0.134715157572857,4628,"tags=85%, list=34%, signal=56%","67075/20014/66059/69038/22040/66357/67695/13200/13135/16430/103963","CC","young CD vs old CD","Down"
"GO:0097449","astrocyte projection",13,-0.564230554040219,-1.55044632549536,0.0559398429040008,0.183099393208928,0.135487826136883,1679,"tags=46%, list=12%, signal=40%","14619/13665/239606/17751/22350/13405","CC","young CD vs old CD","Down"
"GO:0032433","filopodium tip",16,-0.51270726801026,-1.46511100672572,0.0565371024734982,0.18335656627873,0.13567812616769,2785,"tags=44%, list=21%, signal=35%","11308/71720/14265/23991/17918/20430/22349","CC","young CD vs old CD","Down"
"GO:0005743","mitochondrial inner membrane",471,-0.22850698384584,-1.20077575984506,0.0564635958395245,0.18335656627873,0.13567812616769,3602,"tags=33%, list=27%, signal=25%","18100/68836/66594/68194/94061/94066/12869/107734/54405/57279/67876/52469/225887/66292/56322/59054/104130/68611/216001/66416/53600/64660/17710/68316/66973/67308/77622/407785/78330/110446/67067/56428/68499/13076/72542/58185/69186/22171/70544/11739/17708/110323/12864/74600/66706/14548/66725/320951/66230/17711/56295/66242/69875/67713/216767/66592/12867/67184/66576/17719/227197/12865/66152/66925/72900/66091/12859/68197/104086/56189/66272/11740/231086/30059/27050/68463/66448/17096/17721/24030/75398/66495/93757/100503890/17991/67707/18082/68198/66142/55951/17722/67267/56075/230027/67130/17992/223696/70556/94284/66449/11306/67530/68202/28028/11671/109731/68537/64659/353242/30057/12048/121022/74591/12043/17713/66046/12850/66047/14191/50799/625249/107733/64655/66419/109754/68117/68735/56520/69956/52443/12866/57312/66121/67003/98256/17714/229731/18416/73078/20532/17993/11833/66077/66223/11656/27377/20617/22238/22228/68514/11699/12894/15360/16854/227231/13405/56360","CC","young CD vs old CD","Down"
"GO:0044322","endoplasmic reticulum quality control compartment",14,-0.530691757184757,-1.48522601806939,0.0572916666666667,0.184955289193303,0.136861131138348,2321,"tags=36%, list=17%, signal=30%","192193/50762/11890/67819/12330","CC","young CD vs old CD","Down"
"GO:0005782","peroxisomal matrix",34,-0.418187233708947,-1.45647585629782,0.0602836879432624,0.19112362051967,0.141425503459058,2231,"tags=29%, list=16%, signal=25%","20280/11920/23986/15112/170789/18477/56185/11611/14080/66887","CC","young CD vs old CD","Down"
"GO:0031907","microbody lumen",34,-0.418187233708947,-1.45647585629782,0.0602836879432624,0.19112362051967,0.141425503459058,2231,"tags=29%, list=16%, signal=25%","20280/11920/23986/15112/170789/18477/56185/11611/14080/66887","CC","young CD vs old CD","Down"
"GO:0060187","cell pole",16,-0.507487799805372,-1.45019586743793,0.0600706713780919,0.19112362051967,0.141425503459058,1266,"tags=50%, list=9%, signal=45%","13346/58869/17364/235442/22041/17698/22350/67451","CC","young CD vs old CD","Down"
"GO:0032585","multivesicular body membrane",24,-0.454425889941273,-1.43687560387871,0.0596745027124774,0.19112362051967,0.141425503459058,2067,"tags=33%, list=15%, signal=28%","15239/18196/11891/66700/76959/68953/66371/12512","CC","young CD vs old CD","Down"
"GO:0031082","BLOC complex",17,-0.502765318510277,-1.46421720722793,0.0611510791366906,0.19300809352518,0.142819954562666,4456,"tags=71%, list=33%, signal=47%","12807/192236/20615/73689/232946/18457/94245/14533/17828/75620/67826/100226","CC","young CD vs old CD","Down"
"GO:0072546","EMC complex",12,-0.552631765323489,-1.47288597875101,0.0622775800711744,0.195689996045868,0.144804478574848,1627,"tags=42%, list=12%, signal=37%","68032/73024/66087/66736/14080","CC","young CD vs old CD","Down"
"GO:0043083","synaptic cleft",15,0.533740250363958,1.54711268050853,0.0627906976744186,0.196429306441655,0.145351545152241,2292,"tags=40%, list=17%, signal=33%","103967/226519/11423/268780/16773/16779","CC","young CD vs old CD","Up"
"GO:1902773","GTPase activator complex",10,-0.597662227431511,-1.49940568588154,0.063752276867031,0.196824715043628,0.145644135154743,4923,"tags=80%, list=36%, signal=51%","54170/66096/83409/329679/268706/66508/68441/68576","CC","young CD vs old CD","Down"
"GO:1990877","FNIP-folliculin RagC/D GAP",10,-0.597662227431511,-1.49940568588154,0.063752276867031,0.196824715043628,0.145644135154743,4923,"tags=80%, list=36%, signal=51%","54170/66096/83409/329679/268706/66508/68441/68576","CC","young CD vs old CD","Down"
"GO:0017119","Golgi transport complex",10,-0.59640362626145,-1.4962481268724,0.063752276867031,0.196824715043628,0.145644135154743,3672,"tags=70%, list=27%, signal=51%","338337/76332/12540/16834/102339/67542/238123","CC","young CD vs old CD","Down"
"GO:0071005","U2-type precatalytic spliceosome",51,-0.364876966081786,-1.37797255111014,0.0643382352941176,0.197770140664962,0.146343720554583,2176,"tags=29%, list=16%, signal=25%","68011/20641/67332/66373/20639/100034361/67678/81898/75062/20643/66381/66492/74255/24010/66441","CC","young CD vs old CD","Down"
"GO:0031462","Cul2-RING ubiquitin ligase complex",22,0.454786260797575,1.45995716129479,0.0675675675675676,0.206797706797707,0.153023837234364,2280,"tags=32%, list=17%, signal=27%","71765/227693/240263/268721/14155/76788/14154","CC","young CD vs old CD","Up"
"GO:0071339","MLL1 complex",29,0.409993679180605,1.40172052620311,0.0693512304250559,0.21084501380911,0.156018717878549,2609,"tags=34%, list=19%, signal=28%","15161/214162/20174/50496/140858/75273/67772/76719/76130/21343","CC","young CD vs old CD","Up"
"GO:0031252","cell leading edge",411,-0.229748566304544,-1.19320640798724,0.0694864048338369,0.21084501380911,0.156018717878549,2785,"tags=27%, list=21%, signal=22%","11308/228003/16410/12289/20874/107702/53872/13649/19230/14158/54519/11426/13205/67804/63873/18613/27205/20200/23897/17311/24057/98845/18457/27050/20742/20975/22152/14396/12540/67220/67742/23991/58800/228421/224014/74117/234779/234353/11629/11468/268902/17918/12505/234214/57436/338367/12631/29875/13169/20195/59009/20430/14191/17772/13627/244864/107589/11848/11845/16412/20257/76709/22631/76088/271457/19229/13043/18103/27418/109711/11840/18826/13860/19354/215008/50875/21648/12332/11475/12306/30924/56193/18453/12550/12721/69178/22349/22352/19271/432516/268709/68328/66713/18762/56378/18102/22368/544963/22350/215632/21898/13405/29816/216033/12385/70495/108897/242894/68151","CC","young CD vs old CD","Down"
"GO:0031674","I band",152,0.266767283712812,1.2833368943791,0.070286730357028,0.210901694915254,0.156060660124889,1348,"tags=19%, list=10%, signal=17%","74492/59091/11733/218952/72333/20869/11464/100504518/380698/12372/16716/19309/233335/20190/12335/12345/12292/11474/28015/11937/13518/68760/22138/18810/57339/78321/67399/84036/12288","CC","young CD vs old CD","Up"
"GO:0005765","lysosomal membrane",267,-0.248878183195191,-1.23630945515109,0.0704,0.210901694915254,0.156060660124889,3460,"tags=31%, list=26%, signal=24%","67171/268706/213053/66530/70834/215243/14964/71900/56786/65221/56032/209200/73689/16573/14972/74919/235135/55943/74385/12514/66508/14999/442827/666173/81003/228993/73067/13056/68441/22320/19063/68724/68576/75985/53599/15000/15944/16792/19744/14533/53612/252903/232146/24017/75620/66141/12010/18260/66552/216742/78757/80743/18438/17775/13033/14969/271564/56722/11769/66700/217265/69660/12492/14961/227659/15442/15002/110379/18807/66082/28240/12306/66805/14960/18173/16784/76959/68953/66371/66290/17476/12512/70495","CC","young CD vs old CD","Down"
"GO:0098852","lytic vacuole membrane",267,-0.248878183195191,-1.23630945515109,0.0704,0.210901694915254,0.156060660124889,3460,"tags=31%, list=26%, signal=24%","67171/268706/213053/66530/70834/215243/14964/71900/56786/65221/56032/209200/73689/16573/14972/74919/235135/55943/74385/12514/66508/14999/442827/666173/81003/228993/73067/13056/68441/22320/19063/68724/68576/75985/53599/15000/15944/16792/19744/14533/53612/252903/232146/24017/75620/66141/12010/18260/66552/216742/78757/80743/18438/17775/13033/14969/271564/56722/11769/66700/217265/69660/12492/14961/227659/15442/15002/110379/18807/66082/28240/12306/66805/14960/18173/16784/76959/68953/66371/66290/17476/12512/70495","CC","young CD vs old CD","Down"
"GO:0030673","axolemma",16,0.509570232792119,1.51654299845532,0.0711009174311927,0.211211548839719,0.156289942341012,2875,"tags=50%, list=21%, signal=39%","30957/11733/16504/54393/11539/16502/16514/17762","CC","young CD vs old CD","Up"
"GO:0000145","exocyst",16,0.506021377480525,1.50598117335451,0.0711009174311927,0.211211548839719,0.156289942341012,347,"tags=19%, list=3%, signal=18%","53413/21928/277978","CC","young CD vs old CD","Up"
"GO:0000407","phagophore assembly site",35,-0.401551662485096,-1.41458862243621,0.0720562390158172,0.2131538116493,0.15772715609276,1303,"tags=23%, list=10%, signal=21%","67841/76561/100226/52331/75909/17966/18412/52440","CC","young CD vs old CD","Down"
"GO:0034702","monoatomic ion channel complex",179,0.248171520924833,1.22840793579031,0.072463768115942,0.213466183574879,0.157958301550979,2436,"tags=27%, list=18%, signal=23%","319734/242735/229715/382571/105722/16504/66733/68539/399548/12315/110880/20190/68667/20266/12292/18763/252972/504186/99738/12293/78339/54378/72175/241528/117160/22318/101772/81904/12288/22064/382427/78070/12295/16515/16531/12291/14809/237611/20928/12723/16495/14404/16518/60613/16506/16502/16514/11448/22065","CC","young CD vs old CD","Up"
"GO:0030130","clathrin coat of trans-Golgi network vesicle",12,-0.542672969508398,-1.44634358354014,0.0747330960854092,0.219237754906159,0.162229083880535,2380,"tags=42%, list=18%, signal=34%","12757/252903/11769/216549/67300","CC","young CD vs old CD","Down"
"GO:0012510","trans-Golgi network transport vesicle membrane",15,-0.497227063269301,-1.40504547972258,0.0751748251748252,0.219622319828931,0.16251364989947,2380,"tags=40%, list=18%, signal=33%","12757/252903/67489/11769/216549/67300","CC","young CD vs old CD","Down"
"GO:0000176","nuclear exosome (RNase complex)",13,-0.520152536935918,-1.42932456212199,0.0795847750865052,0.231549119284606,0.171339108589964,3585,"tags=54%, list=26%, signal=40%","50912/69639/72662/66583/227715/107071/50911","CC","young CD vs old CD","Down"
"GO:0031527","filopodium membrane",18,-0.477695957430785,-1.40344515039112,0.0822669104204753,0.237588826268072,0.175808302918531,1214,"tags=33%, list=9%, signal=30%","22288/16410/11845/17698/13405/18081","CC","young CD vs old CD","Down"
"GO:0043296","apical junction complex",113,-0.28873943132768,-1.26435465959539,0.0823327615780446,0.237588826268072,0.175808302918531,2078,"tags=22%, list=15%, signal=19%","16582/268980/108030/69693/12737/18260/53624/12443/27375/11848/60363/17075/70737/100039795/12739/12550/21812/54135/12738/27428/68328/18762/218518/279561/12385","CC","young CD vs old CD","Down"
"GO:0098878","neurotransmitter receptor complex",19,-0.480686694950003,-1.42630061858171,0.0827205882352941,0.23773762553802,0.175918409725893,1042,"tags=26%, list=8%, signal=24%","19229/68404/13860/66082/231252","CC","young CD vs old CD","Down"
"GO:0098636","protein complex involved in cell adhesion",49,-0.360266921612898,-1.36920415936819,0.0840787119856887,0.239692134572105,0.17736468530088,3182,"tags=35%, list=24%, signal=27%","18793/12487/16410/22370/16407/12477/17096/16401/16412/16411/16409/16421/320910/16414/18823/16408/16852","CC","young CD vs old CD","Down"
"GO:0097431","mitotic spindle pole",39,0.368796858507708,1.35997689173236,0.084070796460177,0.239692134572105,0.17736468530088,3529,"tags=46%, list=26%, signal=34%","54126/18080/26390/68519/216963/214444/71878/26920/17120/101706/226154/209683/67241/15499/66302/66679/20842/76123","CC","young CD vs old CD","Up"
"GO:0000776","kinetochore",141,-0.275553404227853,-1.24841667991198,0.0876897133220911,0.248982439030998,0.184239220127158,2965,"tags=28%, list=22%, signal=22%","51944/52504/12617/67052/226747/59288/72400/23837/70454/22680/70385/54141/52653/108000/67117/75786/228421/24061/20620/102920/20878/17931/70998/67177/11799/12419/107995/268697/229841/67955/66700/110379/229906/53598/76959/68953/52696/12237/67665/66371","CC","young CD vs old CD","Down"
"GO:0035267","NuA4 histone acetyltransferase complex",24,0.427325069977361,1.41054298172124,0.089086859688196,0.249938134125217,0.184946404615845,2856,"tags=38%, list=21%, signal=30%","100683/208146/103537/20174/78656/11465/75560/17692/21427","CC","young CD vs old CD","Up"
"GO:0043189","H4/H2A histone acetyltransferase complex",24,0.427325069977361,1.41054298172124,0.089086859688196,0.249938134125217,0.184946404615845,2856,"tags=38%, list=21%, signal=30%","100683/208146/103537/20174/78656/11465/75560/17692/21427","CC","young CD vs old CD","Up"
"GO:0098576","lumenal side of membrane",25,-0.422597350360339,-1.36647045429473,0.0886524822695035,0.249938134125217,0.184946404615845,3257,"tags=40%, list=24%, signal=30%","14964/14972/16535/67713/15039/66552/14997/11699/12330/13405","CC","young CD vs old CD","Down"
"GO:0043202","lysosomal lumen",25,-0.421363056067855,-1.36247935808661,0.0904255319148936,0.251592470018861,0.186170561452205,1197,"tags=32%, list=9%, signal=29%","18196/15212/12492/15442/18807/110006/16784/19141","CC","young CD vs old CD","Down"
"GO:0032589","neuron projection membrane",52,0.328673673532578,1.31186238948164,0.0901098901098901,0.251592470018861,0.186170561452205,3038,"tags=40%, list=22%, signal=31%","30957/11733/16504/238276/99738/54393/269060/11911/16337/22064/11539/14404/50997/16502/16514/107448/67972/277973/17762/16500/20909","CC","young CD vs old CD","Up"
"GO:0032432","actin filament bundle",98,-0.301725855283439,-1.27884894759815,0.0907441016333938,0.251592470018861,0.186170561452205,3563,"tags=37%, list=26%, signal=27%","231830/50768/26563/171531/208431/54132/17886/19882/74103/12798/56376/67938/75646/18457/140781/59069/17931/98932/53318/60595/12631/107589/17880/286940/109711/18826/11475/192176/12955/22349/326618/268709/18762/102502/102866/67665","CC","young CD vs old CD","Down"
"GO:0019898","extrinsic component of membrane",147,-0.274323219797099,-1.25222760011007,0.0922818791946309,0.254856596057047,0.18858591266337,2329,"tags=23%, list=17%, signal=19%","14674/109676/14677/11938/230027/66144/13447/11920/66335/20191/245000/233489/12850/12262/14702/12260/227485/12557/12259/30955/14679/12550/67300/73834/78610/320207/68328/11973/66736/66290/108664/18710/12385/11964","CC","young CD vs old CD","Down"
"GO:0043020","NADPH oxidase complex",10,-0.565366114251329,-1.41838170023943,0.092896174863388,0.255554846803172,0.189102596383796,4534,"tags=70%, list=34%, signal=47%","13057/50490/17972/13058/17969/19354/17970","CC","young CD vs old CD","Down"
"GO:0030120","vesicle coat",55,-0.34326917413016,-1.32056182447774,0.0933572710951526,0.255827870791755,0.189304625598902,2380,"tags=35%, list=18%, signal=29%","213827/73094/12684/12757/54160/18570/69608/252903/56447/22041/27054/11769/110379/67898/70349/56358/216549/67300/50797","CC","young CD vs old CD","Down"
"GO:0031332","RNAi effector complex",18,0.46422317032787,1.43562310729713,0.0945054945054945,0.25698224852071,0.190158829025226,1597,"tags=28%, list=12%, signal=25%","233833/76850/236511/239528/192119","CC","young CD vs old CD","Up"
"GO:0005852","eukaryotic translation initiation factor 3 complex",15,-0.486012651075685,-1.37335621675933,0.0944055944055944,0.25698224852071,0.190158829025226,2645,"tags=67%, list=20%, signal=54%","68135/55944/54709/53356/13205/73830/223691/56347/98221/16341","CC","young CD vs old CD","Down"
"GO:1990454","L-type voltage-gated calcium channel complex",10,0.530394654326502,1.38822824261773,0.0949227373068433,0.257127874620453,0.190266587785848,1732,"tags=60%, list=13%, signal=52%","12292/12293/54378/81904/12288/12295","CC","young CD vs old CD","Up"
"GO:0030140","trans-Golgi network transport vesicle",32,-0.404052120129871,-1.38246036883792,0.0953237410071942,0.257228568290406,0.190341097953297,2390,"tags=34%, list=18%, signal=28%","17274/12757/235442/27965/252903/67489/11769/216549/67300/17105/68328","CC","young CD vs old CD","Down"
"GO:0016442","RISC complex",17,0.474876500315685,1.42738163202398,0.0964125560538117,0.25917747958192,0.191783231373802,1597,"tags=29%, list=12%, signal=26%","233833/76850/236511/239528/192119","CC","young CD vs old CD","Up"
"GO:0010494","cytoplasmic stress granule",83,0.288337487222232,1.25525635116831,0.0970654627539503,0.259944250632738,0.192350617977326,3794,"tags=41%, list=28%, signal=30%","233871/381305/192160/230721/16549/239528/15258/21843/268859/20239/71956/208643/73158/98999/319765/226562/270086/74383/108079/53319/234733/319817/23879/74370/56541/217980/80912/67070/18458/15568/243771/338371/20821/13680","CC","young CD vs old CD","Up"
"GO:0097539","ciliary transition fiber",10,0.527690388218643,1.38115023277004,0.101545253863135,0.269896595794121,0.199715042223894,4671,"tags=80%, list=35%, signal=52%","18080/217335/214552/77832/66573/67161/18286/72140","CC","young CD vs old CD","Up"
"GO:0005923","bicellular tight junction",95,-0.298129551275824,-1.26568485160566,0.101423487544484,0.269896595794121,0.199715042223894,1944,"tags=21%, list=14%, signal=18%","268980/108030/69693/12737/18260/53624/12443/27375/60363/17075/70737/100039795/12739/21812/54135/12738/68328/18762/218518/279561","CC","young CD vs old CD","Down"
"GO:1990204","oxidoreductase complex",101,-0.291953445956191,-1.25245354025708,0.102787456445993,0.272175025121038,0.201401008687792,4217,"tags=51%, list=31%, signal=36%","50490/595136/97212/17972/382985/17720/12359/17717/68263/18597/66377/66218/68194/105446/54405/225887/104130/66416/407785/78330/75597/20133/69875/67184/17719/227197/66925/72900/66091/68197/20135/231086/13058/17969/17721/234309/66495/17991/68198/13382/17722/67130/17992/68202/104174/66046/109754/239017/19354/17993/18453/17970","CC","young CD vs old CD","Down"
"GO:0016586","RSC-type complex",14,0.502559933858002,1.41993860754494,0.103286384976526,0.272475649919417,0.201623461639173,3831,"tags=57%, list=28%, signal=41%","68094/83797/72057/20587/83796/77044/52615/20586","CC","young CD vs old CD","Up"
"GO:0071011","precatalytic spliceosome",52,-0.345877274911412,-1.31281604751533,0.104204753199269,0.273876433129677,0.202659997417478,2176,"tags=29%, list=16%, signal=24%","68011/20641/67332/66373/20639/100034361/67678/81898/75062/20643/66381/66492/74255/24010/66441","CC","young CD vs old CD","Down"
"GO:0000974","Prp19 complex",14,-0.482183322520869,-1.34946738175513,0.109375,0.286400462962963,0.21192738791423,2252,"tags=43%, list=17%, signal=36%","66070/66642/68592/71702/66877/53317","CC","young CD vs old CD","Down"
"GO:0000939","inner kinetochore",12,-0.514081723923719,-1.37014158543016,0.112099644128114,0.289249811673637,0.214035816871581,5283,"tags=83%, list=39%, signal=51%","66311/83815/67733/72155/60411/66336/52504/12617/70454/102920","CC","young CD vs old CD","Down"
"GO:0008287","protein serine/threonine phosphatase complex",46,0.336838537130914,1.29303352279668,0.111856823266219,0.289249811673637,0.214035816871581,3113,"tags=41%, list=23%, signal=32%","238276/19047/67181/72930/52040/71978/19054/19058/26932/19056/225849/232314/105522/226849/21770/77305/235542/54646/19055","CC","young CD vs old CD","Up"
"GO:1903293","phosphatase complex",46,0.336838537130914,1.29303352279668,0.111856823266219,0.289249811673637,0.214035816871581,3113,"tags=41%, list=23%, signal=32%","238276/19047/67181/72930/52040/71978/19054/19058/26932/19056/225849/232314/105522/226849/21770/77305/235542/54646/19055","CC","young CD vs old CD","Up"
"GO:0045111","intermediate filament cytoskeleton",77,-0.309505553256039,-1.26450099199548,0.11190053285968,0.289249811673637,0.214035816871581,1861,"tags=23%, list=14%, signal=20%","57230/16905/17918/56612/66809/18103/15398/105732/109620/16669/22352/16418/18102/20201/16691/13405/67451/16668","CC","young CD vs old CD","Down"
"GO:0031901","early endosome membrane",158,-0.260603771309674,-1.20226109229922,0.114093959731544,0.293325198291641,0.217051475546707,3482,"tags=35%, list=26%, signal=26%","98878/231125/213053/66530/11977/20844/117167/14964/56786/209200/52055/14972/20510/56440/217463/331004/15064/13649/442827/666173/18711/67804/22320/20698/72183/81897/93695/15239/11981/18196/69150/67073/14744/53612/216238/13660/66141/80743/76561/218441/11845/56722/22088/71607/271457/100226/18807/74718/27400/69178/224088/230709/16952/56324/68151","CC","young CD vs old CD","Down"
"GO:0000779","condensed chromosome, centromeric region",150,-0.261801752123821,-1.19923754118189,0.123539232053422,0.316457380658586,0.23416856724085,2965,"tags=28%, list=22%, signal=22%","51944/52504/12617/54392/67052/226747/59288/72400/23837/70454/22680/70385/54141/52653/22589/108000/67117/75786/228421/24061/20620/102920/20878/17931/70998/67177/11799/12419/107995/268697/229841/67955/66700/110379/229906/53598/76959/68953/52696/12237/67665/66371","CC","young CD vs old CD","Down"
"GO:0030663","COPI-coated vesicle membrane",18,-0.447198336153858,-1.3138447717114,0.126142595978062,0.321959622225595,0.238240053965787,4365,"tags=56%, list=32%, signal=38%","12847/54161/66913/56334/213827/54160/56447/70349/56358/50797","CC","young CD vs old CD","Down"
"GO:1990752","microtubule end",31,0.372343372287306,1.30281800645568,0.128540305010893,0.326324426893687,0.24146987294895,2860,"tags=42%, list=21%, signal=33%","225115/83679/13518/380969/13191/214444/78785/227634/24064/101706/16570/56430/269713","CC","young CD vs old CD","Up"
"GO:0005874","microtubule",376,-0.223817500316369,-1.14578684763853,0.128775834658188,0.326324426893687,0.24146987294895,3412,"tags=31%, list=25%, signal=24%","56297/12468/213582/100182/16560/16498/19822/51885/110350/319613/233406/72119/16573/73847/12316/110012/210356/209737/319675/240641/28193/51944/245865/17988/16565/16551/170833/237711/71233/74405/11816/17761/19348/11426/21371/22680/63873/71819/66296/54141/319953/20975/22152/67117/80280/74256/16582/75786/228421/22151/20209/12465/54354/20878/237436/18970/22142/72404/57436/12121/80986/29819/104943/29875/11799/12462/18518/74006/22146/56486/22070/53869/16571/545389/71206/229841/78906/21454/13087/67068/66700/22143/66824/20208/22145/70892/13086/12466/21648/99512/73710/235180/53598/17751/12362/16765/66411/76959/68953/13726/67300/12469/319229/13085/227613/23947/27428/13427/544963/12464/66371/77963/66734/67951/21689/22154","CC","young CD vs old CD","Down"
"GO:0031463","Cul3-RING ubiquitin ligase complex",56,0.312896005804059,1.25605050584129,0.129930394431555,0.327395791703935,0.242262649410937,1909,"tags=25%, list=14%, signal=22%","246293/242785/20747/74589/21927/268721/277396/50868/76857/246710/209239/226541/26554/240756","CC","young CD vs old CD","Up"
"GO:0005684","U2-type spliceosomal complex",92,-0.294186728017671,-1.23828004553751,0.130124777183601,0.327395791703935,0.242262649410937,2252,"tags=27%, list=17%, signal=23%","66070/68011/20641/72654/231889/67332/66373/20639/100034361/67678/81898/13204/68592/75062/20643/66381/71702/71713/66877/53317/66492/66055/74255/24010/66441","CC","young CD vs old CD","Down"
"GO:0033290","eukaryotic 48S preinitiation complex",17,-0.450450838071686,-1.31186031301664,0.133093525179856,0.331327895430135,0.245172283226051,2645,"tags=59%, list=20%, signal=47%","68135/55944/54709/53356/73830/223691/56347/13665/98221/16341","CC","young CD vs old CD","Down"
"GO:0090543","Flemming body",26,-0.395274664320736,-1.29106661726825,0.132867132867133,0.331327895430135,0.245172283226051,3308,"tags=46%, list=24%, signal=35%","72008/16170/20336/12211/71819/20479/11845/22088/12332/107371/98267/66371","CC","young CD vs old CD","Down"
"GO:0061695","transferase complex, transferring phosphorus-containing groups",250,0.225533799850571,1.15185127016614,0.132275132275132,0.331327895430135,0.245172283226051,2621,"tags=26%, list=19%, signal=21%","16367/11481/227154/63856/18555/209361/108097/246103/18975/20869/18707/217218/14534/18709/11479/28015/226182/59024/69870/100683/18682/641340/68925/18747/13871/16001/102162/16337/98999/56716/240665/11477/20019/69131/14043/72949/327987/20017/12445/19087/19082/11480/108079/101206/56036/108099/234854/22241/70408/235497/18749/18642/76130/57261/12537/18708/16969/67065/67574/111173/13000/74370/21343/69562","CC","young CD vs old CD","Up"
"GO:0043034","costamere",19,-0.447260624621971,-1.32711829195087,0.134191176470588,0.332888286893705,0.246326924121449,607,"tags=42%, list=4%, signal=40%","20971/109676/14359/66395/16669/16691/13405/66106","CC","young CD vs old CD","Down"
"GO:0031514","motile cilium",147,-0.259957712755474,-1.18665209242828,0.135906040268456,0.335963533111184,0.248602510170861,3681,"tags=33%, list=27%, signal=25%","17427/237465/74096/114606/18573/100986/110350/26370/12589/11928/110012/245865/15251/75533/68475/71233/74405/67694/102774/380773/319953/13382/109905/245578/13209/15519/381107/22142/93871/13487/67952/56486/11490/271564/330721/23833/211484/20276/11475/54608/19384/12484/13036/171284/216618/227613/16952/18412/21689","CC","young CD vs old CD","Down"
"GO:0070993","cytosolic translation preinitiation complex",19,-0.44541407833787,-1.32163919270614,0.137867647058824,0.338445925245098,0.250439402734778,2645,"tags=53%, list=20%, signal=42%","68135/55944/54709/53356/73830/223691/56347/13665/98221/16341","CC","young CD vs old CD","Down"
"GO:0005769","early endosome",375,-0.222638798215293,-1.14026894787816,0.137658227848101,0.338445925245098,0.250439402734778,3411,"tags=31%, list=25%, signal=24%","231125/213053/13866/66530/104759/11977/20844/117167/14964/56786/209200/20438/11774/52055/14972/20510/14070/56440/171285/214854/217463/331004/15064/15289/55943/11757/11854/16535/11816/29809/320696/13649/442827/17912/666173/55946/18711/67804/22320/109676/20698/72183/16891/81897/93695/15239/21987/109905/11981/18196/69150/67073/14744/20437/14533/53612/225471/252903/67844/216238/17846/13660/234664/17918/30930/338367/66141/170755/233489/19332/13169/545030/80743/76561/22041/14063/218441/11845/15216/66609/56722/11769/22088/66700/15450/71607/271457/14961/100226/18807/74718/12306/30924/22329/66113/209086/12721/27400/69178/67819/78610/224088/57440/227929/233280/12483/230709/18102/16952/13040/105171/65114/56324/21898/66222/68151","CC","young CD vs old CD","Down"
"GO:0070160","tight junction",102,-0.279145407375809,-1.20047230010359,0.13840830449827,0.338597478478466,0.250551547388964,1944,"tags=20%, list=14%, signal=17%","268980/108030/69693/12737/18260/53624/12443/27375/60363/17075/70737/100039795/12739/21812/54135/12738/68328/18762/218518/279561","CC","young CD vs old CD","Down"
"GO:0030867","rough endoplasmic reticulum membrane",24,-0.402278729413492,-1.27198846951319,0.139240506329114,0.33945875163684,0.251188862597349,2280,"tags=46%, list=17%, signal=38%","54208/53421/226551/27370/20090/54127/20335/67163/19942/66248/230163","CC","young CD vs old CD","Down"
"GO:0032839","dendrite cytoplasm",34,-0.374546338781395,-1.30448195336235,0.141843971631206,0.344617484341108,0.255006163504103,3179,"tags=32%, list=23%, signal=25%","26419/16573/16565/20655/66725/57436/29819/75553/12330/29816/68151","CC","young CD vs old CD","Down"
"GO:0033276","transcription factor TFTC complex",17,0.446347444179414,1.34162912441237,0.145739910313901,0.349281751159079,0.258457575115108,1990,"tags=41%, list=15%, signal=35%","246103/217218/14534/226182/100683/102162/101206","CC","young CD vs old CD","Up"
"GO:0044327","dendritic spine head",10,0.500430187498454,1.30980075699667,0.145695364238411,0.349281751159079,0.258457575115108,2110,"tags=40%, list=16%, signal=34%","103967/12292/233908/14270","CC","young CD vs old CD","Up"
"GO:0005890","sodium:potassium-exchanging ATPase complex",10,0.500172213310148,1.30912554835504,0.145695364238411,0.349281751159079,0.258457575115108,2789,"tags=40%, list=21%, signal=32%","98660/11932/27222/67821","CC","young CD vs old CD","Up"
"GO:0005775","vacuolar lumen",28,-0.385482470719979,-1.27230123227618,0.144688644688645,0.349281751159079,0.258457575115108,1197,"tags=25%, list=9%, signal=23%","15212/12492/15442/18807/110006/16784/19141","CC","young CD vs old CD","Down"
"GO:0044292","dendrite terminus",20,0.410002798812296,1.2958306681667,0.147651006711409,0.352666424814076,0.260962127793636,183,"tags=10%, list=1%, signal=10%","381921/19099","CC","young CD vs old CD","Up"
"GO:0005732","sno(s)RNA-containing ribonucleoprotein complex",21,-0.417418098069278,-1.28221421930975,0.148479427549195,0.353451027869633,0.261542709523126,3343,"tags=43%, list=25%, signal=32%","227522/54364/208366/66181/67973/66161/55989/69961/52530","CC","young CD vs old CD","Down"
"GO:0031256","leading edge membrane",158,-0.253527225547327,-1.16961438271713,0.149328859060403,0.354280212603036,0.262156280300318,2770,"tags=27%, list=20%, signal=21%","16410/12289/13649/19230/11426/63873/24057/98845/27050/20742/20975/14396/12540/67220/23991/234779/234353/11629/268902/12505/57436/338367/12631/14191/13627/11848/16412/76709/76088/18826/13860/215008/56193/19271/268709/18102/22350/215632/29816/70495/108897/68151","CC","young CD vs old CD","Down"
"GO:1990907","beta-catenin-TCF complex",11,0.486276484737795,1.3091677126547,0.150776053215078,0.35651728970923,0.263811647413813,1968,"tags=36%, list=15%, signal=31%","80288/16825/77578/21888","CC","young CD vs old CD","Up"
"GO:0005868","cytoplasmic dynein complex",16,-0.448339614582344,-1.28117416128109,0.151943462897526,0.358080094228504,0.264968073894985,2211,"tags=38%, list=16%, signal=31%","67117/69150/67068/21648/13427/67665","CC","young CD vs old CD","Down"
"GO:0010369","chromocenter",13,0.469943876757154,1.30552456536131,0.155660377358491,0.365620886353664,0.270548024295051,402,"tags=23%, list=3%, signal=22%","110962/29871/57746","CC","young CD vs old CD","Up"
"GO:0031209","SCAR complex",11,-0.506195658928484,-1.30477946403296,0.159709618874773,0.371136840860024,0.274629658166355,4343,"tags=64%, list=32%, signal=43%","50884/242687/101314/66610/11308/105855/20430","CC","young CD vs old CD","Down"
"GO:0071162","CMG complex",11,-0.504431323294602,-1.30023167927395,0.159709618874773,0.371136840860024,0.274629658166355,3217,"tags=55%, list=24%, signal=42%","17217/272551/17220/17218/17215/17219","CC","young CD vs old CD","Down"
"GO:0044294","dendritic growth cone",13,0.467299097787013,1.29817725414769,0.160377358490566,0.371136840860024,0.274629658166355,183,"tags=15%, list=1%, signal=15%","381921/19099","CC","young CD vs old CD","Up"
"GO:0070461","SAGA-type complex",34,0.346770051321283,1.22474529870662,0.159817351598174,0.371136840860024,0.274629658166355,2118,"tags=29%, list=16%, signal=25%","246103/217218/14534/226182/100683/208146/102162/140858/101206/231151","CC","young CD vs old CD","Up"
"GO:0030315","T-tubule",63,0.287717329888853,1.18099764132786,0.160633484162896,0.371136840860024,0.274629658166355,2403,"tags=35%, list=18%, signal=29%","12372/20190/12335/20266/12292/98660/12293/54378/16001/81904/12288/20528/12295/16515/237611/20928/12723/19087/19056/16518/19684/16514","CC","young CD vs old CD","Up"
"GO:0034709","methylosome",11,-0.50171060452584,-1.29321870333417,0.161524500907441,0.371178826585841,0.274660726290721,4413,"tags=73%, list=33%, signal=49%","69878/20638/13877/107686/68011/20641/67332/20643","CC","young CD vs old CD","Down"
"GO:0008328","ionotropic glutamate receptor complex",15,-0.452431827418024,-1.27846479195367,0.162587412587413,0.371178826585841,0.274660726290721,1042,"tags=33%, list=8%, signal=31%","83493/19229/68404/13860/66082","CC","young CD vs old CD","Down"
"GO:0034719","SMN-Sm protein complex",17,-0.437648227590623,-1.27457491986471,0.161870503597122,0.371178826585841,0.274660726290721,4802,"tags=59%, list=35%, signal=38%","67242/276919/69878/20638/107686/68011/14265/20641/67332/20643","CC","young CD vs old CD","Down"
"GO:0005912","adherens junction",145,-0.255352173591889,-1.16271624653184,0.162751677852349,0.371178826585841,0.274660726290721,2958,"tags=28%, list=22%, signal=22%","17988/12387/231532/22343/227937/56376/14158/63873/75739/17096/52118/16582/216613/13209/108030/245827/69693/192216/53318/66601/11490/16412/227485/12557/215008/26365/13506/12550/109620/14260/53378/56460/27428/17698/22350/279561/216033/12385/270120/67451","CC","young CD vs old CD","Down"
"GO:0035371","microtubule plus-end",22,0.401613019440287,1.2892601521708,0.164414414414414,0.373765244344023,0.276574594564102,2860,"tags=45%, list=21%, signal=36%","83679/13518/380969/13191/214444/78785/101706/16570/56430/269713","CC","young CD vs old CD","Up"
"GO:0030686","90S preribosome",24,-0.389499696494529,-1.23158170341808,0.166365280289331,0.375783556436284,0.278068082407256,4982,"tags=62%, list=37%, signal=40%","74778/216987/217995/12370/102462/70683/12181/269470/213773/57750/225348/64934/67973/217109/67222","CC","young CD vs old CD","Down"
"GO:0030018","Z disc",136,0.241767393186072,1.15007711179108,0.165853658536585,0.375783556436284,0.278068082407256,1348,"tags=17%, list=10%, signal=15%","74492/59091/11733/72333/20869/100504518/380698/12372/16716/19309/233335/20190/12335/12345/11474/13518/68760/22138/18810/57339/67399/84036/12288","CC","young CD vs old CD","Up"
"GO:0005665","RNA polymerase II, core complex",15,-0.446896485081733,-1.26282323037577,0.167832167832168,0.377814814814815,0.279571150097466,3485,"tags=60%, list=26%, signal=45%","102371/20022/69833/66420/245841/22156/67710/231329/17749","CC","young CD vs old CD","Down"
"GO:0000775","chromosome, centromeric region",203,-0.238179830467739,-1.14040470628421,0.168333333333333,0.377814814814815,0.279571150097466,3427,"tags=31%, list=25%, signal=23%","68014/52276/27223/67037/217578/57376/30932/226026/51944/20843/52504/12617/217653/54392/67711/67052/226747/59288/72400/23837/70454/218973/22680/70385/54141/52653/22589/108000/67117/14265/75786/228421/24061/68966/20620/102920/20878/17931/70998/67177/11799/12419/22778/107995/268697/229841/67955/66700/59001/110379/229906/53598/19052/76959/68953/52696/78610/21973/17345/12237/67665/66371","CC","young CD vs old CD","Down"
"GO:0005744","TIM23 mitochondrial import inner membrane translocase complex",12,-0.480493785271779,-1.28062229428584,0.170818505338078,0.381418856566861,0.282238028308985,4093,"tags=67%, list=30%, signal=47%","21854/66148/53600/67067/67713/66449/17713/17714","CC","young CD vs old CD","Down"
"GO:0000124","SAGA complex",21,0.394452757756785,1.26175183711966,0.171557562076749,0.381418856566861,0.282238028308985,4591,"tags=62%, list=34%, signal=41%","246103/217218/14534/100683/102162/101206/21343/27878/101943/72195/24075/217031/66464","CC","young CD vs old CD","Up"
"GO:0001669","acrosomal vesicle",90,-0.285887562218278,-1.19806892739106,0.171428571428571,0.381418856566861,0.282238028308985,2911,"tags=30%, list=22%, signal=24%","26357/71233/67694/666173/13121/380773/17766/20527/13382/17304/59021/11490/15212/16412/21454/12390/12389/215008/20276/12466/14827/54608/13036/17970/18766/232664/12385","CC","young CD vs old CD","Down"
"GO:0072687","meiotic spindle",14,0.451513031272747,1.27571010285704,0.173708920187793,0.38432750005227,0.284390333545713,3247,"tags=50%, list=24%, signal=38%","20112/12877/26920/64383/56637/77744/219114","CC","young CD vs old CD","Up"
"GO:0099524","postsynaptic cytosol",46,0.311707728902533,1.19656303645906,0.174496644295302,0.38432750005227,0.284390333545713,1711,"tags=22%, list=13%, signal=19%","51789/268882/12315/12325/13138/12322/22318/233908/66315/215351","CC","young CD vs old CD","Up"
"GO:0030016","myofibril",240,0.221337822570572,1.12360583345572,0.174479166666667,0.38432750005227,0.284390333545713,1378,"tags=18%, list=10%, signal=16%","74492/59091/11733/218952/12833/72333/20869/12315/11464/100504518/380698/12372/16716/13138/19309/225115/233335/20190/231148/12335/12345/12292/11474/17390/28015/83679/11937/17884/13518/68760/22138/17927/11459/243853/18810/57339/78321/22004/67399/84036/12288/11636","CC","young CD vs old CD","Up"
"GO:0030014","CCR4-NOT complex",15,0.446847862290675,1.29524425698946,0.17906976744186,0.393174924165824,0.290937150763663,3773,"tags=47%, list=28%, signal=34%","208922/232791/225929/231464/18983/228140/22057","CC","young CD vs old CD","Up"
"GO:0099571","postsynaptic cytoskeleton",22,-0.398404224737385,-1.243405818087,0.181003584229391,0.39375241246209,0.291364474046987,2637,"tags=32%, list=19%, signal=26%","20743/17919/17918/60595/13043/109711/268709","CC","young CD vs old CD","Down"
"GO:0030496","midbody",175,-0.24409788799624,-1.13837511890041,0.180272108843537,0.39375241246209,0.291364474046987,3228,"tags=31%, list=24%, signal=24%","66308/16170/30932/233406/383295/12316/20336/240641/30877/68475/12617/12211/227937/13605/73919/19348/71819/54141/17274/22320/20479/80748/68724/108000/94245/12540/14677/74256/23988/29875/11799/109232/16571/11848/11845/229841/22088/66700/98258/53598/12332/12306/107371/19384/101202/14679/76959/68953/78610/242521/29876/22027/98267/66371/14828","CC","young CD vs old CD","Down"
"GO:0000793","condensed chromosome",221,-0.233210136801642,-1.13300615929637,0.180487804878049,0.39375241246209,0.291364474046987,3355,"tags=29%, list=25%, signal=22%","12189/19360/27223/67037/15288/57376/19183/67872/226026/51944/52504/12617/15289/54392/67711/67052/226747/59288/67949/72400/23837/70454/22680/70385/54141/52653/22589/108000/67117/211651/75786/228421/24061/64934/20620/102920/20878/17931/18970/22142/70998/67177/11799/74729/12419/107995/268697/229841/67955/14211/12649/66700/97165/110379/229906/53598/76959/68953/52696/21973/17345/12237/67665/66371","CC","young CD vs old CD","Down"
"GO:0098871","postsynaptic actin cytoskeleton",20,-0.410683719286913,-1.24789384994137,0.181981981981982,0.394666445586691,0.292040829980772,2521,"tags=30%, list=19%, signal=24%","17919/17918/60595/13043/109711/268709","CC","young CD vs old CD","Down"
"GO:0005942","phosphatidylinositol 3-kinase complex",15,-0.440785899371154,-1.2455561677693,0.183566433566434,0.39614370468029,0.293133955521632,625,"tags=27%, list=5%, signal=25%","30955/78610/320207/18710","CC","young CD vs old CD","Down"
"GO:0002102","podosome",46,-0.325887453798376,-1.21474457382462,0.183783783783784,0.39614370468029,0.293133955521632,2146,"tags=30%, list=16%, signal=26%","107321/74117/59069/668218/319939/13169/68813/76709/13043/18826/22329/192176/326618/66713","CC","young CD vs old CD","Down"
"GO:0042583","chromaffin granule",11,-0.488477578005879,-1.25910900494837,0.185117967332123,0.397806695756265,0.294364516922301,2636,"tags=64%, list=19%, signal=51%","18787/13039/109552/228993/13056/18619/11750","CC","young CD vs old CD","Down"
"GO:0031526","brush border membrane",58,-0.300063716833014,-1.1745241570344,0.190559440559441,0.407025753702491,0.30118633155682,3414,"tags=45%, list=25%, signal=34%","12351/27405/18671/105243/65970/225997/11977/17777/26357/16790/59020/14674/12491/16525/15519/72040/13487/18618/18751/56774/268663/54670/20532/20526/11833/12780","CC","young CD vs old CD","Down"
"GO:0030017","sarcomere",216,-0.231806716999413,-1.12469023678679,0.190243902439024,0.407025753702491,0.30118633155682,2825,"tags=29%, list=21%, signal=23%","26549/228003/12289/57756/12632/56376/109552/17906/21956/67938/17897/109676/20742/58916/140781/22156/20740/21955/21924/232491/20533/21952/20191/30926/17931/98932/66480/53318/234214/60595/21393/17772/208727/20193/67891/19988/14200/26443/319195/286940/19989/109711/11840/12283/50875/223513/17896/14120/192176/12955/433766/13007/110595/16669/140493/17966/72330/18412/16691/67665/107765/13405/66106","CC","young CD vs old CD","Down"
"GO:0000109","nucleotide-excision repair complex",13,-0.453309932438509,-1.2456481025835,0.192041522491349,0.408955892775253,0.302614574122386,3275,"tags=38%, list=24%, signal=29%","26370/22590/13870/19359/108138","CC","young CD vs old CD","Down"
"GO:0030117","membrane coat",90,-0.278737458894225,-1.16810499138169,0.194642857142857,0.412013473053892,0.304877087929404,3412,"tags=31%, list=25%, signal=23%","56297/11782/213827/11774/73094/12684/74385/55946/12757/54160/18570/69608/252903/233489/80743/56447/22041/67489/27054/11769/110379/67898/70349/68953/56358/216549/67300/50797","CC","young CD vs old CD","Down"
"GO:0048475","coated membrane",90,-0.278737458894225,-1.16810499138169,0.194642857142857,0.412013473053892,0.304877087929404,3412,"tags=31%, list=25%, signal=23%","56297/11782/213827/11774/73094/12684/74385/55946/12757/54160/18570/69608/252903/233489/80743/56447/22041/67489/27054/11769/110379/67898/70349/68953/56358/216549/67300/50797","CC","young CD vs old CD","Down"
"GO:0031261","DNA replication preinitiation complex",12,-0.469579166315509,-1.2515324188338,0.195729537366548,0.412490822320117,0.305230311461473,3217,"tags=83%, list=24%, signal=64%","12544/69270/109145/50793/17217/272551/17220/17218/17215/17219","CC","young CD vs old CD","Down"
"GO:0005604","basement membrane",97,0.251742883846845,1.13630770598065,0.196035242290749,0.412490822320117,0.305230311461473,3547,"tags=38%, list=26%, signal=28%","231470/226519/12833/12828/13138/11423/15530/12830/12831/12829/665700/94352/268780/11603/545370/22339/69700/14118/329941/16773/71355/21858/16779/242022/12819/12836/18208/246228/64074/20317/12826/12827/170721/21828/107581/16776/23928","CC","young CD vs old CD","Up"
"GO:0030027","lamellipodium",202,-0.233560161358856,-1.11858748407299,0.200331125827815,0.420279246172893,0.310993501597451,2785,"tags=27%, list=21%, signal=22%","11308/16410/107702/53872/14158/54519/13205/67804/63873/27205/23897/17311/22152/12540/23991/224014/74117/11629/11468/12505/234214/12631/13169/59009/20430/107589/11848/16412/20257/76709/76088/19229/13043/18103/19354/50875/21648/12332/11475/30924/18453/12550/12721/22349/68328/66713/56378/22368/544963/13405/216033/12385/108897/242894","CC","young CD vs old CD","Down"
"GO:0042555","MCM complex",11,-0.477911623420906,-1.23187400141326,0.203266787658802,0.425176387203471,0.314617232844674,4644,"tags=73%, list=34%, signal=48%","212377/72749/66634/17217/17220/17218/17215/17219","CC","young CD vs old CD","Down"
"GO:0000940","outer kinetochore",18,-0.408101525575677,-1.19898043520577,0.204753199268739,0.427022158946897,0.315983046224385,5078,"tags=67%, list=38%, signal=42%","12236/66442/66977/66934/67629/67037/67052/70385/108000/268697/229841/52696","CC","young CD vs old CD","Down"
"GO:0043220","Schmidt-Lanterman incisure",15,-0.429490329784254,-1.2136375733054,0.208041958041958,0.427088466735554,0.316032111914792,758,"tags=20%, list=6%, signal=19%","12306/12550/218518","CC","young CD vs old CD","Down"
"GO:0097225","sperm midpiece",32,-0.352010023563445,-1.2043988455097,0.206834532374101,0.427088466735554,0.316032111914792,2018,"tags=28%, list=15%, signal=24%","109905/245578/15519/13487/67952/56486/271564/23833/18412","CC","young CD vs old CD","Down"
"GO:0046930","pore complex",23,-0.378177494618764,-1.19736436772527,0.205623901581722,0.427088466735554,0.316032111914792,3232,"tags=52%, list=24%, signal=40%","233765/11487/12028/11739/11740/69379/12043/12274/12279/109828/15139/98870","CC","young CD vs old CD","Down"
"GO:0016282","eukaryotic 43S preinitiation complex",18,-0.406128020794604,-1.19318238380679,0.208409506398537,0.427088466735554,0.316032111914792,2645,"tags=50%, list=20%, signal=40%","68135/55944/54709/53356/73830/223691/56347/98221/16341","CC","young CD vs old CD","Down"
"GO:0036126","sperm flagellum",96,-0.269486869830067,-1.14335283368343,0.207207207207207,0.427088466735554,0.316032111914792,2018,"tags=21%, list=15%, signal=18%","109905/245578/13209/15519/381107/22142/13487/67952/56486/271564/330721/23833/211484/20276/54608/19384/13036/227613/18412/21689","CC","young CD vs old CD","Down"
"GO:0016605","PML body",101,0.249391939025011,1.12612235542378,0.207943925233645,0.427088466735554,0.316032111914792,1815,"tags=23%, list=13%, signal=20%","54194/20230/21665/244349/23939/20481/15258/68703/170644/59004/15259/225929/231600/17344/219150/19720/22059/80750/226541/74203/75826/72145/93679","CC","young CD vs old CD","Up"
"GO:1990072","TRAPPIII protein complex",11,-0.47338199931904,-1.22019835701833,0.210526315789474,0.427944287279863,0.316665392359253,3984,"tags=64%, list=29%, signal=45%","66226/67091/60409/66975/59005/245828/27096","CC","young CD vs old CD","Down"
"GO:0034704","calcium channel complex",43,0.307948754045403,1.16329440760111,0.210643015521064,0.427944287279863,0.316665392359253,1873,"tags=28%, list=14%, signal=24%","319734/12315/20190/12292/18763/12293/54378/81904/12288/12295/12291/237611","CC","young CD vs old CD","Up"
"GO:0016363","nuclear matrix",124,0.241732100007983,1.13238631821943,0.210280373831776,0.427944287279863,0.316665392359253,1181,"tags=19%, list=9%, signal=17%","13435/20238/54194/20230/246103/16906/110524/13498/74522/68094/22632/83797/69719/74322/17190/72057/211673/59004/51796/54614/56399/73192/20174","CC","young CD vs old CD","Up"
"GO:0031616","spindle pole centrosome",16,-0.424942977971754,-1.21431599102037,0.212014134275618,0.429495681756052,0.317813375765291,2482,"tags=50%, list=18%, signal=41%","68053/20878/218977/26426/78906/386649/18148/13726","CC","young CD vs old CD","Down"
"GO:0097550","transcription preinitiation complex",14,0.429235696643894,1.21276746580702,0.213615023474178,0.43150234741784,0.319298245614035,3532,"tags=57%, list=26%, signal=42%","28015/66653/72308/70470/170472/225283/13872/75137","CC","young CD vs old CD","Up"
"GO:0030128","clathrin coat of endocytic vesicle",12,0.463079489155561,1.25854340110934,0.215909090909091,0.432170652550651,0.319792770516896,1760,"tags=25%, list=13%, signal=22%","20616/13855/108800","CC","young CD vs old CD","Up"
"GO:0030669","clathrin-coated endocytic vesicle membrane",12,0.463079489155561,1.25854340110934,0.215909090909091,0.432170652550651,0.319792770516896,1760,"tags=25%, list=13%, signal=22%","20616/13855/108800","CC","young CD vs old CD","Up"
"GO:0005685","U1 snRNP",18,0.396110489758075,1.22498274211052,0.215384615384615,0.432170652550651,0.319792770516896,1112,"tags=22%, list=8%, signal=20%","192196/20646/20637/54614","CC","young CD vs old CD","Up"
"GO:0044233","mitochondria-associated endoplasmic reticulum membrane contact site",21,-0.397225682430578,-1.22018767428472,0.216457960644007,0.432170652550651,0.319792770516896,3351,"tags=43%, list=25%, signal=32%","11793/50790/72736/66958/67844/67952/271564/27061/12330","CC","young CD vs old CD","Down"
"GO:0005891","voltage-gated calcium channel complex",29,0.351427059657067,1.20148809115548,0.217002237136465,0.432170652550651,0.319792770516896,1873,"tags=34%, list=14%, signal=30%","319734/20190/12292/12293/54378/81904/12288/12295/12291/237611","CC","young CD vs old CD","Up"
"GO:0099091","postsynaptic specialization, intracellular component",54,0.287693206709101,1.15985589961964,0.225225225225225,0.447287174815265,0.330978524355225,2971,"tags=26%, list=22%, signal=20%","243547/20405/238276/232227/244668/228136/192119/58234/11640/20408/74206/665113/240057/268566","CC","young CD vs old CD","Up"
"GO:0101031","protein folding chaperone complex",35,-0.340517906496754,-1.19957853812642,0.226713532513181,0.448981701643751,0.332232421226746,2061,"tags=29%, list=15%, signal=24%","20316/12465/15519/12462/21454/67163/12466/12469/12464/80888","CC","young CD vs old CD","Down"
"GO:0045275","respiratory chain complex III",10,-0.475502915481684,-1.1929343070425,0.227686703096539,0.449596503327392,0.332687355250076,4324,"tags=70%, list=32%, signal=48%","22272/66594/17711/66576/66152/67530/67003","CC","young CD vs old CD","Down"
"GO:0043292","contractile muscle fiber",248,-0.223031520311476,-1.10018724155055,0.228295819935691,0.449596503327392,0.332687355250076,2832,"tags=29%, list=21%, signal=23%","17883/26549/228003/12289/57756/12632/19230/56376/20971/109552/17906/21956/67938/17897/18613/109676/20742/58916/140781/14359/22156/20740/21955/21924/232491/20533/21952/20191/30926/17931/98932/66480/53318/234214/60595/13010/21393/17772/208727/20193/67891/19988/17880/14200/26443/319195/286940/19989/109711/11840/12283/50875/223513/11475/17896/14120/192176/12955/66395/433766/13007/110595/16669/140493/17966/72330/18412/16691/67665/107765/13405/66106","CC","young CD vs old CD","Down"
"GO:0000159","protein phosphatase type 2A complex",16,0.413334811307232,1.23013467774825,0.23394495412844,0.457244989020465,0.338346995523221,2897,"tags=50%, list=21%, signal=39%","72930/71978/19054/26932/225849/226849/21770/235542","CC","young CD vs old CD","Up"
"GO:0005641","nuclear envelope lumen",11,-0.465289045835813,-1.19933780769904,0.234119782214156,0.457244989020465,0.338346995523221,4817,"tags=64%, list=36%, signal=41%","11689/12488/12301/11820/12038/67500/22154","CC","young CD vs old CD","Down"
"GO:0044304","main axon",67,0.272914034571975,1.13737136055896,0.233707865168539,0.457244989020465,0.338346995523221,953,"tags=15%, list=7%, signal=14%","30957/11733/16504/13138/12922/20266/54393/21844/269060/53321","CC","young CD vs old CD","Up"
"GO:1902554","serine/threonine protein kinase complex",112,0.240890884267044,1.1088544824245,0.235154394299287,0.458000431872166,0.338905999613588,2621,"tags=27%, list=19%, signal=22%","11481/227154/18555/108097/20869/11479/59024/18682/18747/13871/56716/240665/11477/69131/72949/327987/12445/19087/11480/56036/234854/22241/18749/57261/12537/16969/111173/13000/74370/69562","CC","young CD vs old CD","Up"
"GO:0005614","interstitial matrix",15,0.418344690683437,1.21262425934416,0.237209302325581,0.460733452593918,0.340928349496281,3901,"tags=53%, list=29%, signal=38%","268780/107250/246228/64074/12816/12839/407800/16000","CC","young CD vs old CD","Up"
"GO:0098690","glycinergic synapse",10,0.461569420315784,1.20808854309572,0.23841059602649,0.461798058604736,0.341716124658012,3581,"tags=50%, list=26%, signal=37%","99738/216856/236915/268566/243621","CC","young CD vs old CD","Up"
"GO:0000932","P-body",84,0.256784903152945,1.12186413554838,0.239179954441913,0.462022480301729,0.341882189696954,1850,"tags=21%, list=14%, signal=19%","103135/233833/76850/236511/381305/12877/239528/232791/234699/225929/75901/319765/74480/19704/74203/217351/208198/213988","CC","young CD vs old CD","Up"
"GO:0031045","dense core granule",33,-0.342592897220518,-1.17801939558868,0.242857142857143,0.467847411444142,0.346192456618385,1246,"tags=24%, list=9%, signal=22%","20655/245049/18166/271564/18619/109711/235380/60510","CC","young CD vs old CD","Down"
"GO:0000139","Golgi membrane",492,-0.203938790645094,-1.07260640603644,0.243647234678625,0.468094007928771,0.346374930306855,3613,"tags=30%, list=27%, signal=23%","226518/80289/20615/381812/76184/71116/56494/57437/108150/56367/269702/18636/20168/211499/319448/117167/215243/319613/14964/67830/67474/93739/76332/68316/213827/67630/52055/14972/11307/78754/15064/320150/74442/56041/76983/67510/67883/74102/12068/66725/13649/224454/20743/442827/56375/666173/81003/18711/66352/66074/270084/217664/66500/269181/68944/80748/54160/230379/83493/228576/75985/12540/22234/77038/70380/26877/18783/74117/66191/15944/107895/56426/19744/14538/17158/67073/67387/59021/16432/243983/67569/230145/70546/74591/13169/14426/74754/20333/26938/68090/74006/16834/68212/213819/56486/56447/53869/66922/27061/239559/56722/12390/16145/217265/69660/66824/65113/12389/11840/102339/100226/18807/14422/13363/19419/14073/20440/70349/67542/99889/12913/229593/15445/27096/19073/101202/14679/14317/17155/104009/56358/67511/208117/27413/238123/18669/241230/50797/224938/108105/207839/66251/70415/14421/26943/68151","CC","young CD vs old CD","Down"
"GO:0034045","phagophore assembly site membrane",21,0.368570944395471,1.17896264395407,0.246049661399549,0.471428484036533,0.34884233836992,2908,"tags=33%, list=21%, signal=26%","245860/329015/29869/76559/22241/74781/71742","CC","young CD vs old CD","Up"
"GO:0035145","exon-exon junction complex",20,0.37122047314843,1.17325753665724,0.248322147651007,0.473217677599088,0.350166285664776,1654,"tags=30%, list=12%, signal=26%","103677/18949/192160/243846/56215/19704","CC","young CD vs old CD","Up"
"GO:0005793","endoplasmic reticulum-Golgi intermediate compartment",94,-0.264607754713337,-1.12090843447747,0.247787610619469,0.473217677599088,0.350166285664776,2867,"tags=26%, list=21%, signal=20%","15289/73130/16790/666173/269181/54160/19126/193813/59021/19255/20333/68090/27061/70349/18453/14317/17155/56358/67511/71853/67048/75909/98267/14828","CC","young CD vs old CD","Down"
"GO:1990391","DNA repair complex",20,-0.384096409336659,-1.16710627786275,0.254054054054054,0.480257262610204,0.355375358471334,4248,"tags=55%, list=31%, signal=38%","14375/19090/12189/27223/227525/22596/211651/75570/11920/108138/77987","CC","young CD vs old CD","Down"
"GO:0005637","nuclear inner membrane",40,0.306914614996498,1.14439173852991,0.252747252747253,0.480257262610204,0.355375358471334,1434,"tags=22%, list=11%, signal=20%","17125/223697/16906/18440/65103/208263/224640/230917/77053","CC","young CD vs old CD","Up"
"GO:0099092","postsynaptic density, intracellular component",44,0.298179151422193,1.12801043326299,0.253968253968254,0.480257262610204,0.355375358471334,2861,"tags=23%, list=21%, signal=18%","243547/20405/238276/232227/244668/192119/58234/20408/665113/240057","CC","young CD vs old CD","Up"
"GO:1990635","proximal dendrite",11,0.434703730471873,1.1703220418137,0.254988913525499,0.480739098300074,0.355731901816626,2929,"tags=36%, list=22%, signal=29%","216363/19060/18552/16500","CC","young CD vs old CD","Up"
"GO:0000178","exosome (RNase complex)",17,-0.398493510235236,-1.16054356411054,0.257194244604317,0.483193538365952,0.357548110724154,3585,"tags=47%, list=26%, signal=35%","50912/69639/72662/66583/227715/107071/57316/50911","CC","young CD vs old CD","Down"
"GO:0043194","axon initial segment",20,-0.380615072251165,-1.15652796921661,0.257657657657658,0.483193538365952,0.357548110724154,3359,"tags=30%, list=25%, signal=23%","16498/11496/30953/56839/319504/108058","CC","young CD vs old CD","Down"
"GO:0042824","MHC class I peptide loading complex",14,-0.418768394915012,-1.17199053358653,0.258680555555556,0.483828446502058,0.358017922893654,3755,"tags=36%, list=28%, signal=26%","15040/14964/14972/12010/14827","CC","young CD vs old CD","Down"
"GO:0071782","endoplasmic reticulum tubular network",26,0.348473616001086,1.15770705142956,0.26046511627907,0.485880836963858,0.359536627664762,1392,"tags=23%, list=10%, signal=21%","71764/67287/50850/52250/20866/230917","CC","young CD vs old CD","Up"
"GO:0140445","chromosome, telomeric repeat region",10,0.448759924186578,1.17456161337422,0.264900662251656,0.492854653189265,0.364697033626241,3015,"tags=30%, list=22%, signal=23%","21750/68964/57321","CC","young CD vs old CD","Up"
"GO:0032426","stereocilium tip",13,0.423098193146473,1.17538521519697,0.266509433962264,0.494546377457535,0.365948856690828,1338,"tags=31%, list=10%, signal=28%","100503041/229776/22295/26557","CC","young CD vs old CD","Up"
"GO:0034706","sodium channel complex",13,0.422806292467726,1.17457430239313,0.27122641509434,0.501981872962561,0.371450890884229,1863,"tags=46%, list=14%, signal=40%","399548/110880/68667/20266/12291/14809","CC","young CD vs old CD","Up"
"GO:0001891","phagocytic cup",26,-0.349879944207538,-1.14279602714809,0.272727272727273,0.503441727984809,0.372531137956451,1983,"tags=35%, list=15%, signal=30%","15944/11629/668218/225471/18826/12721/69178/16952/21898","CC","young CD vs old CD","Down"
"GO:0005847","mRNA cleavage and polyadenylation specificity factor complex",17,0.382187511603814,1.14877748991492,0.275784753363229,0.50775994955157,0.375726486901109,3768,"tags=47%, list=28%, signal=34%","269061/94230/68188/18720/223642/93687/66899/432508","CC","young CD vs old CD","Up"
"GO:0000812","Swr1 complex",13,0.419204394638203,1.16456807328591,0.278301886792453,0.51106346483705,0.378170984923716,2202,"tags=38%, list=16%, signal=32%","100043597/100683/20174/78656/75560","CC","young CD vs old CD","Up"
"GO:0090665","glycoprotein complex",19,-0.383150936071795,-1.13689108284182,0.28125,0.515139248704663,0.381186937551132,1456,"tags=26%, list=11%, signal=24%","24052/192176/16669/16691/13405","CC","young CD vs old CD","Down"
"GO:0031464","Cul4A-RING E3 ubiquitin ligase complex",13,0.417320166877855,1.15933360647076,0.283018867924528,0.517039637267808,0.382593165669769,2678,"tags=31%, list=20%, signal=25%","12576/76375/107986/99375","CC","young CD vs old CD","Up"
"GO:0031466","Cul5-RING ubiquitin ligase complex",15,0.401848615176086,1.16480832719618,0.286046511627907,0.517857033858474,0.383198013589908,2939,"tags=40%, list=22%, signal=31%","216233/192157/224624/319263/23807/79043","CC","young CD vs old CD","Up"
"GO:0005796","Golgi lumen",24,0.340096088489482,1.1226117642831,0.285077951002227,0.517857033858474,0.383198013589908,1289,"tags=21%, list=10%, signal=19%","15530/27416/11603/15529/18550","CC","young CD vs old CD","Up"
"GO:0000152","nuclear ubiquitin ligase complex",42,0.294902838075458,1.11863525479451,0.285087719298246,0.517857033858474,0.383198013589908,2179,"tags=24%, list=16%, signal=20%","494448/52609/13619/52563/71458/76073/19763/59008/30951/22658","CC","young CD vs old CD","Up"
"GO:1904949","ATPase complex",113,0.235072267715653,1.08298181780373,0.286396181384248,0.517857033858474,0.383198013589908,2574,"tags=28%, list=19%, signal=23%","330409/100043597/116848/239985/68094/22632/83797/100683/72057/233875/116870/76022/20174/78656/21871/77045/105246/116733/207165/27060/269397/227195/234366/93760/75560/229542/19708/20587/235134/83796/319955/107932","CC","young CD vs old CD","Up"
"GO:0032590","dendrite membrane",34,0.312073411327022,1.10220142113711,0.287671232876712,0.518483949464982,0.383661911537402,2514,"tags=35%, list=19%, signal=29%","16504/238276/99738/269060/11911/16337/22064/14404/50997/16502/67972/277973","CC","young CD vs old CD","Up"
"GO:0001673","male germ cell nucleus",51,0.275428182457226,1.09426679269411,0.2882096069869,0.518483949464982,0.383661911537402,1483,"tags=16%, list=11%, signal=14%","17125/209361/29871/192285/21750/21848/13018/56218","CC","young CD vs old CD","Up"
"GO:0140672","ATAC complex",12,0.425640504633079,1.15679286363482,0.297727272727273,0.531076826196474,0.392980246586239,1990,"tags=33%, list=15%, signal=28%","14534/208146/140858/101206","CC","young CD vs old CD","Up"
"GO:0031941","filamentous actin",30,-0.333252035863407,-1.11564511953174,0.297794117647059,0.531076826196474,0.392980246586239,2553,"tags=30%, list=19%, signal=24%","56376/18457/17916/53318/666244/76709/50875/432516/56378","CC","young CD vs old CD","Down"
"GO:0120111","neuron projection cytoplasm",90,-0.259614624031233,-1.08796693264555,0.298214285714286,0.531076826196474,0.392980246586239,3369,"tags=32%, list=25%, signal=24%","16560/319613/73689/26419/16573/11774/15251/16565/20655/66725/232946/55946/68196/18457/68724/94245/14265/75786/19385/14533/17828/57436/29819/56444/75553/22223/12330/29816/68151","CC","young CD vs old CD","Down"
"GO:0005819","spindle",370,-0.206900083168864,-1.05938857985084,0.296703296703297,0.531076826196474,0.392980246586239,3258,"tags=28%, list=24%, signal=22%","67037/26371/233406/72119/383295/73847/12316/17886/209737/319675/240641/69957/51944/20843/12387/76411/16551/67711/12211/227937/72400/66834/13605/19348/68053/22680/71819/212514/66296/70385/54141/12757/20479/11740/52653/27050/68724/108000/22152/67117/12540/74256/75786/228421/24061/22151/20620/22294/20878/15366/233064/329152/11920/76863/18970/80986/218977/104943/17997/16151/26426/11799/217232/22070/53869/107995/66711/545389/71206/268697/229841/78906/66700/71481/386649/17079/13043/69713/18148/21648/73710/53598/12332/19052/28114/101202/14020/76959/68953/13726/67300/210766/19645/227613/24010/67665/66371/20618/59126/67951/17878/22154","CC","young CD vs old CD","Down"
"GO:0005916","fascia adherens",13,-0.413199222200274,-1.13542808196149,0.302768166089965,0.53783189302916,0.397978784836585,958,"tags=38%, list=7%, signal=36%","12387/20740/109711/109620/216033","CC","young CD vs old CD","Down"
"GO:0005811","lipid droplet",95,-0.253821118539357,-1.0775769908688,0.307829181494662,0.542731250166399,0.401604155933448,3131,"tags=29%, list=23%, signal=23%","23945/50790/217371/69573/12684/114664/58185/320951/270084/407819/15944/13660/215449/109232/13897/12623/109754/271564/27061/20148/238055/12390/22213/16145/243168/12389/12306/13884","CC","young CD vs old CD","Down"
"GO:0097729","9+2 motile cilium",107,-0.247789528232941,-1.07246189173171,0.307692307692308,0.542731250166399,0.401604155933448,3681,"tags=32%, list=27%, signal=23%","17427/237465/74096/114606/18573/100986/110350/26370/12589/11928/75533/71233/74405/380773/109905/245578/13209/15519/381107/22142/13487/67952/56486/271564/330721/23833/211484/20276/54608/19384/13036/227613/18412/21689","CC","young CD vs old CD","Down"
"GO:0044309","neuron spine",177,0.21199727710863,1.04945708091583,0.307692307692308,0.542731250166399,0.401604155933448,3867,"tags=35%, list=29%, signal=25%","243547/103967/16504/18693/238276/19047/12345/12292/67579/12322/11352/18440/233977/11804/98660/54393/21844/269060/16443/330908/233908/81489/78070/217166/58234/57267/109689/16773/11539/16518/14270/216169/50997/16506/56637/67972/277973/17978/241638/228785/18011/74018/268566/19283/20909/11518/19055/17118/226016/217692/243961/11419/327814/229521/211134/65945/236794/13838/217124/30794/104027/56320","CC","young CD vs old CD","Up"
"GO:0036452","ESCRT complex",21,-0.358612546123588,-1.10157683145358,0.309481216457961,0.544286617004423,0.402755078763044,2152,"tags=29%, list=16%, signal=24%","73711/15239/22088/66700/68953/66371","CC","young CD vs old CD","Down"
"GO:0016581","NuRD complex",15,0.387767279382352,1.12399181925973,0.313953488372093,0.545437774106716,0.403606899026335,4648,"tags=60%, list=34%, signal=39%","116870/234366/229542/107932/17192/13445/15182/17191/23942","CC","young CD vs old CD","Up"
"GO:0090545","CHD-type complex",15,0.387767279382352,1.12399181925973,0.313953488372093,0.545437774106716,0.403606899026335,4648,"tags=60%, list=34%, signal=39%","116870/234366/229542/107932/17192/13445/15182/17191/23942","CC","young CD vs old CD","Up"
"GO:0016342","catenin complex",18,-0.379021095401814,-1.11354368812024,0.312614259597806,0.545437774106716,0.403606899026335,929,"tags=22%, list=7%, signal=21%","227485/12557/12550/12385","CC","young CD vs old CD","Down"
"GO:0033116","endoplasmic reticulum-Golgi intermediate compartment membrane",39,-0.304584220564133,-1.08307490460841,0.310909090909091,0.545437774106716,0.403606899026335,1778,"tags=44%, list=13%, signal=38%","20932/56389/67456/68581/56334/54411/107770/73130/666173/59021/20333/68090/27061/56358/67511/67048/75909","CC","young CD vs old CD","Down"
"GO:0098562","cytoplasmic side of membrane",177,-0.226663424534409,-1.05700976775135,0.313993174061433,0.545437774106716,0.403606899026335,3517,"tags=34%, list=26%, signal=26%","14675/14707/102371/320139/217154/18636/229011/16498/208431/73689/17886/14688/15357/14695/103742/22029/52635/320679/227937/66725/14158/14710/20200/14674/109676/17969/17096/14677/11938/74256/244202/27370/20533/14533/12481/20191/75620/19260/29875/20090/66552/54127/66593/14702/67489/15162/11848/56722/14184/271457/50778/19942/14679/12550/69178/66248/19264/11431/67043/17698/66371","CC","young CD vs old CD","Down"
"GO:0005736","RNA polymerase I complex",10,-0.442601843007676,-1.11039260894801,0.31511839708561,0.546050751812565,0.404060483363128,3108,"tags=70%, list=23%, signal=54%","64424/20016/69833/66420/245841/20018/17749","CC","young CD vs old CD","Down"
"GO:0030687","preribosome, large subunit precursor",17,-0.379612902951378,-1.1055570544009,0.318345323741007,0.549227497613054,0.406411175930452,3144,"tags=59%, list=23%, signal=45%","12370/12181/56095/57750/107071/70285/67920/66164/64934/59050","CC","young CD vs old CD","Down"
"GO:0014704","intercalated disc",61,-0.274529569168496,-1.08200750192973,0.318505338078292,0.549227497613054,0.406411175930452,1195,"tags=25%, list=9%, signal=23%","66438/109676/11938/20740/20533/16412/84506/109711/13506/109620/13511/108058/216033/12385/67451","CC","young CD vs old CD","Down"
"GO:0032009","early phagosome",16,-0.390149608983057,-1.11489054682052,0.319787985865724,0.550097581525711,0.407055010821526,2936,"tags=44%, list=22%, signal=34%","331004/81897/18784/170744/170743/20963/271457","CC","young CD vs old CD","Down"
"GO:0042599","lamellar body",10,-0.440925579256334,-1.10618722456125,0.320582877959927,0.550126443489487,0.407076367772314,1583,"tags=30%, list=12%, signal=27%","74591/16541/13036","CC","young CD vs old CD","Down"
"GO:0070822","Sin3-type complex",21,0.349632770532647,1.11838434859875,0.322799097065463,0.551253530495851,0.407910376917201,1819,"tags=24%, list=13%, signal=21%","268448/52592/71954/238247/52463","CC","young CD vs old CD","Up"
"GO:0043218","compact myelin",20,-0.359675077945958,-1.09290019707934,0.322522522522523,0.551253530495851,0.407910376917201,758,"tags=35%, list=6%, signal=33%","17153/18858/17196/230822/12306/12550/218518","CC","young CD vs old CD","Down"
"GO:0031970","organelle envelope lumen",86,-0.256814519526647,-1.07202256673314,0.323792486583184,0.551617561480268,0.408179748463773,3340,"tags=31%, list=25%, signal=24%","72170/216001/13063/67892/12038/53600/77619/20655/66494/66592/14004/227197/67500/66170/30059/23897/11692/67267/14533/12856/14191/269514/66593/56520/68514/17966/22154","CC","young CD vs old CD","Down"
"GO:0097440","apical dendrite",27,-0.337760366862584,-1.10825662296159,0.326750448833034,0.553655640081236,0.409687862905344,2552,"tags=37%, list=19%, signal=30%","20510/14102/53896/338367/76709/19229/19017/15170/192176/94229","CC","young CD vs old CD","Down"
"GO:0098553","lumenal side of endoplasmic reticulum membrane",17,-0.377869842549189,-1.1004806918513,0.327338129496403,0.553655640081236,0.409687862905344,1553,"tags=41%, list=11%, signal=36%","15040/14964/14972/15039/66552/14997/12330","CC","young CD vs old CD","Down"
"GO:0090443","FAR/SIN/STRIPAK complex",17,-0.376618246928838,-1.09683563564647,0.327338129496403,0.553655640081236,0.409687862905344,1944,"tags=29%, list=14%, signal=25%","268980/56426/19070/19052/70415","CC","young CD vs old CD","Down"
"GO:0048787","presynaptic active zone membrane",46,0.277989728661081,1.06712860474225,0.331096196868009,0.558675444357237,0.413402361118956,3544,"tags=37%, list=26%, signal=27%","23965/14252/20616/18442/12293/18441/56216/20187/22333/16531/67972/20907/13852/53978/58226/229521/233067","CC","young CD vs old CD","Up"
"GO:0005881","cytoplasmic microtubule",77,-0.257107221585878,-1.05042489003612,0.33392539964476,0.56210775606868,0.415942164469789,2436,"tags=34%, list=18%, signal=28%","56297/213582/319613/28193/71233/74405/63873/20975/67117/74256/228421/20209/22142/12121/11799/22146/22070/78906/13087/22143/20208/13086/319229/13085/227613/21689","CC","young CD vs old CD","Down"
"GO:0001931","uropod",13,-0.395705899327498,-1.08735826728275,0.337370242214533,0.566557627661935,0.419234930317847,3787,"tags=62%, list=28%, signal=44%","18719/15896/17886/12182/20345/20737/17698/22350","CC","young CD vs old CD","Down"
"GO:0098800","inner mitochondrial membrane protein complex",38,-0.306679092743275,-1.08046737128469,0.340579710144928,0.570592073631431,0.422220294193138,4296,"tags=47%, list=32%, signal=32%","69934/66541/21854/66148/56322/216001/53600/68316/67067/67713/30059/93757/56075/66449/17713/68117/17714/68514","CC","young CD vs old CD","Down"
"GO:0043197","dendritic spine",172,0.211265744138696,1.03780665818291,0.342298288508557,0.572115579138416,0.423347640633951,3381,"tags=30%, list=25%, signal=23%","103967/16504/18693/238276/19047/12345/12292/67579/12322/11352/18440/233977/11804/98660/54393/21844/269060/16443/330908/233908/81489/78070/217166/58234/57267/109689/16773/11539/16518/14270/216169/50997/16506/56637/67972/277973/17978/241638/228785/18011/74018/268566/19283/20909/11518/19055/17118/226016/217692/243961/11419/327814","CC","young CD vs old CD","Up"
"GO:0005818","aster",11,-0.422224498428028,-1.08833381923242,0.344827586206897,0.57498373454782,0.425469985960347,3403,"tags=73%, list=25%, signal=54%","18472/100732/13589/213582/72119/67117/228421/78906","CC","young CD vs old CD","Down"
"GO:0005652","nuclear lamina",16,0.367838045172745,1.09473076736763,0.346330275229358,0.575788061703555,0.426065162907268,1313,"tags=31%, list=10%, signal=28%","67608/16906/66743/233895/56216","CC","young CD vs old CD","Up"
"GO:0048786","presynaptic active zone",92,0.237341367495291,1.06081281552425,0.346938775510204,0.575788061703555,0.426065162907268,3544,"tags=36%, list=26%, signal=27%","23965/14252/20616/66625/233977/382018/18442/268780/12293/53321/18441/56216/20187/22333/13016/16531/11539/223435/14251/12034/67972/17470/111173/20907/13852/53978/17754/58226/327814/12261/68507/229521/233067","CC","young CD vs old CD","Up"
"GO:0060076","excitatory synapse",64,0.25298193320982,1.04569257261436,0.348214285714286,0.576551522248244,0.426630099839763,1274,"tags=16%, list=9%, signal=14%","18693/72333/238276/20616/18440/14681/382018/216963/19058/216856","CC","young CD vs old CD","Up"
"GO:0030904","retromer complex",19,-0.365033152631491,-1.08313172981682,0.351102941176471,0.578624194433018,0.428163812451738,2987,"tags=37%, list=22%, signal=29%","56440/67804/72183/30930/69178/56433/65114","CC","young CD vs old CD","Down"
"GO:0051233","spindle midzone",34,-0.306082583126797,-1.06603419813557,0.351063829787234,0.578624194433018,0.428163812451738,5208,"tags=56%, list=38%, signal=34%","100732/12323/13589/26934/51869/16319/11820/20877/52276/213582/233406/240641/227937/68724/12540/228421/20878/229841/13043","CC","young CD vs old CD","Down"
"GO:0098888","extrinsic component of presynaptic membrane",12,-0.404043702660877,-1.07686590202337,0.352313167259786,0.579268393610858,0.428640499701625,1599,"tags=33%, list=12%, signal=29%","233489/12262/12260/12259","CC","young CD vs old CD","Down"
"GO:0009295","nucleoid",45,0.276004131191174,1.05719979899028,0.357303370786517,0.580985073074323,0.4299107888304,2919,"tags=29%, list=22%, signal=23%","13171/18975/72831/67811/74142/338359/20656/108888/22333/83945/216151/21780/50776","CC","young CD vs old CD","Up"
"GO:0042645","mitochondrial nucleoid",45,0.276004131191174,1.05719979899028,0.357303370786517,0.580985073074323,0.4299107888304,2919,"tags=29%, list=22%, signal=23%","13171/18975/72831/67811/74142/338359/20656/108888/22333/83945/216151/21780/50776","CC","young CD vs old CD","Up"
"GO:0034399","nuclear periphery",33,0.301001229785765,1.0562669283132,0.357466063348416,0.580985073074323,0.4299107888304,1313,"tags=21%, list=10%, signal=19%","67608/13138/16906/66743/11911/233895/56216","CC","young CD vs old CD","Up"
"GO:1902555","endoribonuclease complex",31,0.301661255879766,1.05550345530776,0.355119825708061,0.580985073074323,0.4299107888304,1597,"tags=19%, list=12%, signal=17%","76850/236511/239528/14000/117109/192119","CC","young CD vs old CD","Up"
"GO:0016234","inclusion body",66,-0.264093098528087,-1.04983511507894,0.354203935599284,0.580985073074323,0.4299107888304,2321,"tags=26%, list=17%, signal=21%","192193/27354/19184/20527/29818/23996/233489/14191/24128/14775/17751/24108/20617/19386/15951/67089/18412","CC","young CD vs old CD","Down"
"GO:0031430","M band",28,-0.329727472762946,-1.08827949848943,0.358974358974359,0.582098329804752,0.430734564003516,1227,"tags=32%, list=9%, signal=29%","228003/109676/20742/20193/14200/12955/433766/17966/66106","CC","young CD vs old CD","Down"
"GO:0031254","cell trailing edge",14,-0.389439593959372,-1.08990917907449,0.361111111111111,0.584223239257564,0.432306930560574,3787,"tags=57%, list=28%, signal=41%","18719/15896/17886/12182/20345/20737/17698/22350","CC","young CD vs old CD","Down"
"GO:0036464","cytoplasmic ribonucleoprotein granule",215,0.205979701660638,1.03824170449408,0.366666666666667,0.591856925418569,0.437955619642714,1991,"tags=20%, list=15%, signal=18%","103135/233833/76850/214922/236511/233871/381305/57746/12877/192160/219094/230721/16549/229512/239528/15258/21843/232791/268859/20239/71956/234699/208643/225929/380839/241846/102162/73158/13688/98999/75901/78455/319765/74480/19704/226562/74203/217351/208198/213988/270086/74383/108079/53319","CC","young CD vs old CD","Up"
"GO:0034707","chloride channel complex",24,0.31866599320268,1.05187388198189,0.371937639198218,0.598997519164329,0.44323943575474,2033,"tags=33%, list=15%, signal=28%","105722/78339/72175/117160/101772/382427/12723/14404","CC","young CD vs old CD","Up"
"GO:0002116","semaphorin receptor complex",11,0.399448130348581,1.07540588851345,0.374722838137472,0.600746137331503,0.444533358525656,3217,"tags=45%, list=24%, signal=35%","18844/67784/20354/235611/243743","CC","young CD vs old CD","Up"
"GO:0098833","presynaptic endocytic zone",15,0.366707341644074,1.06294696325835,0.374418604651163,0.600746137331503,0.444533358525656,2196,"tags=33%, list=16%, signal=28%","18717/20616/16443/13016/13429","CC","young CD vs old CD","Up"
"GO:0001518","voltage-gated sodium channel complex",10,0.409896291785669,1.07284190019543,0.377483443708609,0.603802702945671,0.446795121512691,528,"tags=30%, list=4%, signal=29%","399548/110880/20266","CC","young CD vs old CD","Up"
"GO:0033177","proton-transporting two-sector ATPase complex, proton-transporting domain",11,-0.409554821801352,-1.05567622214157,0.381125226860254,0.605518057056628,0.448064429922049,1115,"tags=18%, list=8%, signal=17%","11974/70495","CC","young CD vs old CD","Down"
"GO:0033179","proton-transporting V-type ATPase, V0 domain",11,-0.409554821801352,-1.05567622214157,0.381125226860254,0.605518057056628,0.448064429922049,1115,"tags=18%, list=8%, signal=17%","11974/70495","CC","young CD vs old CD","Down"
"GO:0031201","SNARE complex",41,-0.287679631899229,-1.04199987402629,0.380434782608696,0.605518057056628,0.448064429922049,3547,"tags=39%, list=26%, signal=29%","71116/56494/67474/55943/12068/17957/22320/18457/69150/13447/53612/20333/67826/100226/74732/67023","CC","young CD vs old CD","Down"
"GO:0032591","dendritic spine membrane",14,0.373999769669623,1.05670324351177,0.384976525821596,0.610265479273248,0.451577373928094,2514,"tags=36%, list=19%, signal=29%","16504/238276/269060/67972/277973","CC","young CD vs old CD","Up"
"GO:0005677","chromatin silencing complex",12,0.389622296180246,1.05890366830303,0.388636363636364,0.614688834655278,0.454850518608908,741,"tags=17%, list=5%, signal=16%","116848/22632","CC","young CD vs old CD","Up"
"GO:0000138","Golgi trans cisterna",10,-0.418877916017461,-1.05087439048298,0.391621129326047,0.616782814857389,0.45639999848749,705,"tags=20%, list=5%, signal=19%","20440/230584","CC","young CD vs old CD","Down"
"GO:0030532","small nuclear ribonucleoprotein complex",68,0.247701813644049,1.02951969983787,0.391705069124424,0.616782814857389,0.45639999848749,3488,"tags=32%, list=26%, signal=24%","192196/20646/20637/231803/72290/70052/211673/54614/72459/74351/53890/56844/20227/53817/66978/192231/70769/70233/107701/67229/192159/101943","CC","young CD vs old CD","Up"
"GO:0005721","pericentric heterochromatin",28,0.303844488502964,1.0442279740889,0.394736842105263,0.620175438596491,0.458910433979686,4343,"tags=54%, list=32%, signal=36%","12616/269639/13433/72701/50721/193796/12412/230674/22385/71735/14056/12615/224613/109113/78658","CC","young CD vs old CD","Up"
"GO:0030122","AP-2 adaptor complex",11,0.395865711133831,1.06576119518292,0.39689578713969,0.621226385489236,0.459688101821113,5225,"tags=55%, list=39%, signal=34%","20616/108800/11772/11771/72238/77057","CC","young CD vs old CD","Up"
"GO:0030286","dynein complex",25,-0.324883316167688,-1.05051168034513,0.397163120567376,0.621226385489236,0.459688101821113,2211,"tags=24%, list=16%, signal=20%","67117/69150/67068/21648/13427/67665","CC","young CD vs old CD","Down"
"GO:0000803","sex chromosome",29,0.304896659009595,1.04240608332949,0.400447427293065,0.624980863347013,0.462466298047295,3411,"tags=34%, list=25%, signal=26%","13435/13619/76073/19763/22658/252870/20587/67241/13163/52615","CC","young CD vs old CD","Up"
"GO:0005686","U2 snRNP",21,-0.334523456072456,-1.02758058180207,0.402504472271914,0.62543002614559,0.46279866447459,3442,"tags=48%, list=25%, signal=36%","66125/107686/67958/68011/20641/67332/20639/81898/75062/20643","CC","young CD vs old CD","Down"
"GO:0071013","catalytic step 2 spliceosome",86,-0.244547464040216,-1.02081611495985,0.402504472271914,0.62543002614559,0.46279866447459,2727,"tags=31%, list=20%, signal=25%","15382/108121/107686/80744/98758/66354/15387/229279/66070/68011/15381/17149/20641/231889/67332/20639/67678/81898/19656/68592/75062/20643/71702/71713/66877/53317/66441","CC","young CD vs old CD","Down"
"GO:0016010","dystrophin-associated glycoprotein complex",17,-0.357952395150657,-1.0424745642779,0.408273381294964,0.633002808279692,0.468402286481065,1456,"tags=24%, list=11%, signal=21%","24052/16669/16691/13405","CC","young CD vs old CD","Down"
"GO:0098637","protein complex involved in cell-matrix adhesion",13,0.37214671097132,1.03383977772848,0.419811320754717,0.642507287941555,0.475435304261078,2292,"tags=23%, list=17%, signal=19%","226519/16773/16779","CC","young CD vs old CD","Up"
"GO:0005766","primary lysosome",10,-0.411688829052684,-1.03283852109634,0.420765027322404,0.642507287941555,0.475435304261078,2604,"tags=30%, list=19%, signal=24%","15211/22320/15212","CC","young CD vs old CD","Down"
"GO:0042582","azurophil granule",10,-0.411688829052684,-1.03283852109634,0.420765027322404,0.642507287941555,0.475435304261078,2604,"tags=30%, list=19%, signal=24%","15211/22320/15212","CC","young CD vs old CD","Down"
"GO:0001527","microfibril",12,0.377979811776194,1.02726207703766,0.420454545454545,0.642507287941555,0.475435304261078,2567,"tags=33%, list=19%, signal=27%","224697/108075/14118/76293","CC","young CD vs old CD","Up"
"GO:0097546","ciliary base",27,0.300385417475467,1.01551016292314,0.415730337078652,0.642507287941555,0.475435304261078,2974,"tags=26%, list=22%, signal=20%","382571/17349/18747/18749/74019/22158/66573","CC","young CD vs old CD","Up"
"GO:0001725","stress fiber",91,-0.240542744979494,-1.00789770763797,0.420289855072464,0.642507287941555,0.475435304261078,3678,"tags=34%, list=27%, signal=25%","226251/231830/50768/26563/171531/208431/54132/17886/19882/74103/12798/56376/67938/75646/18457/140781/59069/17931/98932/53318/60595/107589/17880/286940/109711/18826/11475/326618/268709/18762/67665","CC","young CD vs old CD","Down"
"GO:0097517","contractile actin filament bundle",91,-0.240542744979494,-1.00789770763797,0.420289855072464,0.642507287941555,0.475435304261078,3678,"tags=34%, list=27%, signal=25%","226251/231830/50768/26563/171531/208431/54132/17886/19882/74103/12798/56376/67938/75646/18457/140781/59069/17931/98932/53318/60595/107589/17880/286940/109711/18826/11475/326618/268709/18762/67665","CC","young CD vs old CD","Down"
"GO:0031594","neuromuscular junction",91,0.227954677521304,1.02096863145156,0.428888888888889,0.653500957854406,0.483570276265376,2724,"tags=25%, list=20%, signal=20%","20720/16504/226519/11423/12830/22317/382018/99738/224617/19157/18747/56216/56506/55983/16773/11640/16779/11448/382864/83945/16404/12391/12929","CC","young CD vs old CD","Up"
"GO:0032281","AMPA glutamate receptor complex",11,-0.396153525978394,-1.02113278963122,0.430127041742287,0.653978104326445,0.483923349736087,2248,"tags=27%, list=17%, signal=23%","83493/68404/66082","CC","young CD vs old CD","Down"
"GO:0106068","SUMO ligase complex",10,-0.408867435479137,-1.0257602528503,0.431693989071038,0.654952039212927,0.484644031100759,3045,"tags=50%, list=23%, signal=39%","68501/67872/226026/67711/19386","CC","young CD vs old CD","Down"
"GO:0009898","cytoplasmic side of plasma membrane",139,-0.2218752066029,-1.00522182620998,0.433554817275748,0.65636671480504,0.485690846807273,3517,"tags=34%, list=26%, signal=25%","14675/14707/102371/320139/217154/229011/16498/208431/17886/14688/14695/103742/22029/52635/320679/227937/14158/14710/20200/14674/109676/17969/17096/14677/11938/74256/244202/20533/12481/20191/19260/29875/66593/14702/15162/11848/56722/14184/50778/14679/12550/69178/19264/11431/67043/17698/66371","CC","young CD vs old CD","Down"
"GO:0034518","RNA cap binding complex",11,-0.394620641771378,-1.01718159842921,0.43557168784029,0.658011075433943,0.486907622259614,2565,"tags=36%, list=19%, signal=29%","13682/72201/433702/13681","CC","young CD vs old CD","Down"
"GO:0000220","vacuolar proton-transporting V-type ATPase, V0 domain",10,-0.40533703653288,-1.01690324296999,0.438979963570128,0.66174591523258,0.489671286936042,34,"tags=20%, list=0%, signal=20%","11972/70495","CC","young CD vs old CD","Down"
"GO:0005849","mRNA cleavage factor complex",22,0.313427738773801,1.00616731685946,0.443693693693694,0.667138476055674,0.49366161333979,3768,"tags=41%, list=28%, signal=30%","269061/94230/68188/18720/223642/74737/93687/66899/432508","CC","young CD vs old CD","Up"
"GO:0099523","presynaptic cytosol",44,0.265855962573038,1.00573195039699,0.444444444444444,0.667138476055674,0.49366161333979,3381,"tags=39%, list=25%, signal=29%","51789/268882/12315/18750/12322/233908/14567/66315/215351/223870/111173/56695/22196/54189/17118/320213/327814","CC","young CD vs old CD","Up"
"GO:0097060","synaptic membrane",382,0.188341547011785,1.00883744538573,0.449152542372881,0.67211131276467,0.49734135702232,3211,"tags=28%, list=24%, signal=22%","243547/103967/74762/105722/11733/16504/18693/19280/16651/235086/23965/225875/268882/13138/245860/238276/11423/14252/241727/18717/59287/20616/20538/18440/105782/14681/382018/504186/99738/54393/21844/13854/18442/269060/16443/12293/102857/15529/19157/18441/226548/216856/56216/101772/81904/12288/20353/51801/93840/20187/22333/58234/13016/219228/18128/109689/16531/14809/11539/14404/16518/387524/11640/75406/20354/14270/216169/50997/241770/16506/13429/16502/320707/227801/235611/170707/64295/16514/11448/67972/277973/83945/18190/269788/13807/93887/20907/12929/13852/268890/432530/16500/268566/71709/19283/13643/20909/18007/23984/215114/17118/226016/53978/242864/16971/58226","CC","young CD vs old CD","Up"
"GO:0031074","nucleocytoplasmic transport complex",11,-0.390077658051614,-1.00547151803158,0.450090744101633,0.67211131276467,0.49734135702232,3851,"tags=55%, list=28%, signal=39%","66069/19428/16646/16648/16647/19384","CC","young CD vs old CD","Down"
"GO:0019867","outer membrane",200,-0.209448641387937,-1.00489939315948,0.451559934318555,0.67211131276467,0.49734135702232,3304,"tags=30%, list=24%, signal=23%","50790/215243/67490/12028/19122/15277/52055/66379/53328/56428/68512/72542/74735/58185/11739/53375/66725/68777/12257/231086/66169/23897/68262/26949/243085/66437/223696/67844/109731/12048/12043/17872/67952/74006/269514/109754/271564/17161/109900/231396/56520/12045/98256/12176/66447/17751/22187/67979/100434/13726/11898/12122/20617/22238/83408/18102/29876/12894/13405","CC","young CD vs old CD","Down"
"GO:0031968","organelle outer membrane",200,-0.209448641387937,-1.00489939315948,0.451559934318555,0.67211131276467,0.49734135702232,3304,"tags=30%, list=24%, signal=23%","50790/215243/67490/12028/19122/15277/52055/66379/53328/56428/68512/72542/74735/58185/11739/53375/66725/68777/12257/231086/66169/23897/68262/26949/243085/66437/223696/67844/109731/12048/12043/17872/67952/74006/269514/109754/271564/17161/109900/231396/56520/12045/98256/12176/66447/17751/22187/67979/100434/13726/11898/12122/20617/22238/83408/18102/29876/12894/13405","CC","young CD vs old CD","Down"
"GO:0014069","postsynaptic density",357,0.188997096596661,1.00588422885092,0.453781512605042,0.672586015538291,0.497692622232607,3586,"tags=32%, list=26%, signal=24%","243547/103967/74762/18693/19280/235086/20405/225875/11350/268882/17974/12325/104418/238276/20662/18717/12877/12345/208922/67579/112405/12322/232227/20616/117146/105782/13518/21844/269060/11991/233210/330908/216963/382056/18441/14000/56013/22318/244668/81904/26557/52163/12288/20353/64930/22084/81489/93840/18521/192119/20187/213990/74480/236915/76936/68097/22333/58234/17475/18128/109689/50932/14809/59013/14270/228998/216169/50997/20408/106025/12034/56637/17470/665113/111173/320119/56876/241638/20907/240057/94223/17762/432530/18011/74018/268566/19283/13643/18007/11518/23984/226016/17754/16971/26558/217125/29867/20111/217692/17758/243961/11419/327814/13869/94221/20167/229521/27494/76123/233067/211134/243621/65945","CC","young CD vs old CD","Up"
"GO:0005741","mitochondrial outer membrane",173,-0.21444560048427,-0.999912210861175,0.452861952861953,0.672586015538291,0.497692622232607,3304,"tags=31%, list=24%, signal=24%","50790/215243/67490/12028/19122/15277/52055/66379/53328/56428/68512/72542/74735/58185/11739/53375/66725/12257/231086/66169/23897/68262/26949/66437/223696/67844/109731/12048/12043/17872/67952/74006/269514/109754/271564/17161/109900/56520/12045/98256/12176/66447/17751/22187/67979/100434/11898/12122/20617/83408/18102/29876/12894/13405","CC","young CD vs old CD","Down"
"GO:0030877","beta-catenin destruction complex",13,0.358450811156546,0.995791971304659,0.455188679245283,0.673260243151496,0.498191529585786,2623,"tags=46%, list=19%, signal=37%","12006/606496/67087/23805/56637/12005","CC","young CD vs old CD","Up"
"GO:0055037","recycling endosome",175,-0.214299936993725,-0.999409369159881,0.457482993197279,0.675241077641913,0.49965728517536,3096,"tags=27%, list=23%, signal=21%","52055/216831/11307/20510/17988/331004/78771/55943/666173/216859/17919/55946/17274/22320/109676/16525/11981/18196/53612/216238/17846/13660/17918/22142/70450/170755/70546/18784/80743/53869/14130/22041/11845/15216/16412/271457/100226/68279/19384/72027/18703/236727/27413/75767/224088/57440/12483/68328","CC","young CD vs old CD","Down"
"GO:0005788","endoplasmic reticulum lumen",113,-0.226632885830246,-0.992397691923943,0.466552315608919,0.687192681532304,0.508501098372002,2875,"tags=25%, list=21%, signal=20%","54486/394436/18548/22370/14255/30935/30931/12504/69816/12321/80898/74122/13897/12623/382053/100037258/66861/14827/12655/18453/74840/12304/17105/71853/13884/224143/22027/14828","CC","young CD vs old CD","Down"
"GO:0001917","photoreceptor inner segment",46,0.25833370982778,0.991674378237564,0.469798657718121,0.689103010387368,0.509914681995864,4064,"tags=37%, list=30%, signal=26%","103967/16328/22295/223773/11932/76967/56506/230872/13429/13807/77593/16322/107477/18746/17921/244650/66514","CC","young CD vs old CD","Up"
"GO:0035098","ESC/E(Z) complex",14,0.342754735245196,0.968423164491686,0.469483568075117,0.689103010387368,0.509914681995864,4574,"tags=50%, list=34%, signal=33%","21652/16468/68729/52615/14056/15182/14055","CC","young CD vs old CD","Up"
"GO:0044232","organelle membrane contact site",40,-0.272284377861527,-0.979121140936014,0.471663619744059,0.690406168031158,0.510878977907371,3351,"tags=35%, list=25%, signal=26%","11793/216001/50790/72736/59045/52635/67887/66958/83493/67844/67952/271564/27061/12330","CC","young CD vs old CD","Down"
"GO:0032580","Golgi cisterna membrane",60,0.243118493337564,0.984279390790879,0.474418604651163,0.691575161831695,0.511743996769675,2941,"tags=25%, list=22%, signal=20%","56336/14595/57370/20444/99412/226548/64436/73124/20441/218271/211914/108148/14423/330406/27426","CC","young CD vs old CD","Up"
"GO:0032420","stereocilium",43,-0.266322607397133,-0.977112728335493,0.473684210526316,0.691575161831695,0.511743996769675,1378,"tags=26%, list=10%, signal=23%","67263/98845/19126/218756/54670/13860/215008/12721/102502/102866/11853","CC","young CD vs old CD","Down"
"GO:0030127","COPII vesicle coat",15,-0.347326338758976,-0.981461666734706,0.482517482517482,0.701933868600535,0.519409115900344,2884,"tags=40%, list=21%, signal=32%","12684/18570/69608/27054/110379/67898","CC","young CD vs old CD","Down"
"GO:0098685","Schaffer collateral - CA1 synapse",127,0.209923052381847,0.987478205598559,0.490654205607477,0.710235517356848,0.525552076418303,2243,"tags=19%, list=17%, signal=16%","18577/22418/19280/20405/12315/104418/72194/12345/12322/232227/20616/233977/54393/13854/19058/18803/26420/18645/18128/11465/208943/223435/50997/18643","CC","young CD vs old CD","Up"
"GO:0030894","replisome",22,-0.31587550888716,-0.985836547793596,0.491039426523298,0.710235517356848,0.525552076418303,5794,"tags=73%, list=43%, signal=42%","19076/19075/68183/19891/68275/69745/72749/67967/68240/54380/22590/18968/18972/60364/71702/53317","CC","young CD vs old CD","Down"
"GO:0043073","germ cell nucleus",63,0.239793823207639,0.984285304338855,0.495475113122172,0.710235517356848,0.525552076418303,1512,"tags=16%, list=11%, signal=14%","17125/209361/29871/192285/21750/21848/13018/13433/56218/22059","CC","young CD vs old CD","Up"
"GO:0030677","ribonuclease P complex",11,-0.379308357774815,-0.977712366811443,0.49546279491833,0.710235517356848,0.525552076418303,5488,"tags=73%, list=41%, signal=43%","74097/67676/67053/52575/227522/54364/208366/66161","CC","young CD vs old CD","Down"
"GO:0000177","cytoplasmic exosome (RNase complex)",13,-0.355167291853324,-0.975962429980126,0.498269896193772,0.710235517356848,0.525552076418303,3585,"tags=46%, list=26%, signal=34%","50912/69639/72662/66583/227715/50911","CC","young CD vs old CD","Down"
"GO:0005675","transcription factor TFIIH holo complex",12,-0.365562136069975,-0.974304009224944,0.49644128113879,0.710235517356848,0.525552076418303,4262,"tags=50%, list=31%, signal=34%","12572/66467/23894/14884/19184/68705","CC","young CD vs old CD","Down"
"GO:0098845","postsynaptic endosome",26,-0.297409219002836,-0.971413422062431,0.494755244755245,0.710235517356848,0.525552076418303,2987,"tags=46%, list=22%, signal=36%","56440/16565/17919/66471/55946/72183/18196/216238/70546/53869/27418/100226","CC","young CD vs old CD","Down"
"GO:0038201","TOR complex",12,0.355814690309994,0.967022381673605,0.493181818181818,0.710235517356848,0.525552076418303,3520,"tags=50%, list=26%, signal=37%","67605/73158/56716/74370/227743/109270","CC","young CD vs old CD","Up"
"GO:0043195","terminal bouton",51,-0.255816410618132,-0.966100972995626,0.494485294117647,0.710235517356848,0.525552076418303,2092,"tags=22%, list=15%, signal=18%","14265/16728/20977/19941/20430/18438/208898/11769/271457/19052/20617","CC","young CD vs old CD","Down"
"GO:0032039","integrator complex",13,0.344727351936433,0.957667603652029,0.497641509433962,0.710235517356848,0.525552076418303,3031,"tags=46%, list=22%, signal=36%","109077/68510/77065/18130/70885/210925","CC","young CD vs old CD","Up"
"GO:0005778","peroxisomal membrane",55,-0.250636956649902,-0.96420425048024,0.502692998204668,0.710849364791288,0.526006304327061,4241,"tags=44%, list=31%, signal=30%","93734/67452/228061/26458/59038/18632/12359/216739/56535/330450/58869/50790/26378/15357/216820/235442/66437/72129/74159/12389/11840/67420/67979/17966","CC","young CD vs old CD","Down"
"GO:0031903","microbody membrane",55,-0.250636956649902,-0.96420425048024,0.502692998204668,0.710849364791288,0.526006304327061,4241,"tags=44%, list=31%, signal=30%","93734/67452/228061/26458/59038/18632/12359/216739/56535/330450/58869/50790/26378/15357/216820/235442/66437/72129/74159/12389/11840/67420/67979/17966","CC","young CD vs old CD","Down"
"GO:0098686","hippocampal mossy fiber to CA3 synapse",43,-0.261917874088514,-0.960952173950574,0.502722323049002,0.710849364791288,0.526006304327061,2208,"tags=21%, list=16%, signal=18%","94245/14265/56508/13844/105853/22631/67826/13841/60510","CC","young CD vs old CD","Down"
"GO:0042405","nuclear inclusion body",12,0.352948068793579,0.959231564594789,0.502272727272727,0.710849364791288,0.526006304327061,1991,"tags=33%, list=15%, signal=28%","20238/54196/56424/53319","CC","young CD vs old CD","Up"
"GO:1904115","axon cytoplasm",52,-0.253389662248132,-0.961768925001036,0.504570383912249,0.71203844596,0.526886187213757,3998,"tags=50%, list=30%, signal=35%","16564/15507/11777/56455/67269/16574/20615/16560/319613/73689/16573/11774/15251/20655/232946/55946/68196/18457/68724/94245/19385/14533/17828/56444/75553/22223","CC","young CD vs old CD","Down"
"GO:0031258","lamellipodium membrane",23,0.292245363141486,0.946167618317668,0.505773672055427,0.712314713432644,0.527090616505656,1838,"tags=22%, list=14%, signal=19%","218952/22323/121021/23805/67784","CC","young CD vs old CD","Up"
"GO:0000235","astral microtubule",10,-0.38502774861814,-0.965951617824743,0.508196721311475,0.714304337906984,0.528562876408503,3403,"tags=80%, list=25%, signal=60%","73420/18472/100732/13589/213582/67117/228421/78906","CC","young CD vs old CD","Down"
"GO:0008023","transcription elongation factor complex",43,0.253420936648477,0.957312392076579,0.51219512195122,0.71849593495935,0.531664527171588,3102,"tags=28%, list=23%, signal=22%","218333/64144/17355/69131/72949/235497/57261/319955/69562/24116/13716/76246","CC","young CD vs old CD","Up"
"GO:0098688","parallel fiber to Purkinje cell synapse",25,0.288822914640016,0.955091088845771,0.515981735159817,0.722374429223744,0.534534491661134,2267,"tags=24%, list=17%, signal=20%","20616/18440/14681/19058/18643/320707","CC","young CD vs old CD","Up"
"GO:0098839","postsynaptic density membrane",85,0.223271696886578,0.977604821381085,0.518181818181818,0.72402084081926,0.535752784764642,3730,"tags=36%, list=28%, signal=27%","74762/19280/225875/105782/21844/269060/81904/12288/20353/93840/20187/22333/18128/14809/216169/50997/20907/432530/19283/13643/18007/23984/226016/16971/11419/13869/233067/211134/65945/13838/50849","CC","young CD vs old CD","Up"
"GO:1905348","endonuclease complex",35,0.273782116084985,0.964737736758757,0.521939953810624,0.72640068374825,0.537513794123249,3967,"tags=37%, list=29%, signal=26%","76850/236511/239528/14000/117109/192119/76130/94223/52864/71711/21357/53424/76265","CC","young CD vs old CD","Up"
"GO:0098691","dopaminergic synapse",10,-0.381493299564031,-0.957084447096946,0.520947176684882,0.72640068374825,0.537513794123249,570,"tags=20%, list=4%, signal=19%","11551/65114","CC","young CD vs old CD","Down"
"GO:0002080","acrosomal membrane",22,-0.307848620725175,-0.960784907218436,0.525089605734767,0.729348430755364,0.539695034743417,2596,"tags=36%, list=19%, signal=29%","666173/20527/17304/12390/12389/54608/18766/232664","CC","young CD vs old CD","Down"
"GO:0005871","kinesin complex",36,0.268735842550384,0.959487952611398,0.527272727272727,0.730944741532977,0.540876254808143,3021,"tags=31%, list=22%, signal=24%","16562/16563/67203/16594/16593/16581/16558/16553/16570/16561/16576","CC","young CD vs old CD","Up"
"GO:0016235","aggresome",31,0.271455802907012,0.949815504467345,0.529411764705882,0.732473811442385,0.542007718732771,3103,"tags=35%, list=23%, signal=27%","227154/19156/13543/22666/104248/382038/12759/68729/15427/56196/70673","CC","young CD vs old CD","Up"
"GO:0032279","asymmetric synapse",373,0.183532549124185,0.979456376783395,0.538888888888889,0.734465537270427,0.543481533571655,3586,"tags=31%, list=26%, signal=24%","243547/103967/74762/18693/19280/235086/20405/225875/11350/268882/17974/12325/104418/238276/20662/18717/12877/12345/208922/67579/112405/12322/232227/20616/117146/105782/13518/21844/269060/11991/233210/330908/216963/382056/18441/14000/56013/22318/244668/81904/26557/52163/12288/20353/64930/22084/81489/93840/18521/192119/20187/213990/74480/236915/76936/68097/22333/58234/17475/18128/109689/50932/14809/59013/11539/14270/228998/216169/50997/20408/106025/12034/56637/17470/665113/111173/320119/56876/107932/241638/20907/240057/94223/17762/432530/18011/74018/268566/19283/13643/18007/11518/23984/226016/17754/16971/26558/243743/217125/29867/20111/217692/17758/243961/11419/327814/13869/94221/20167/229521/27494/76123/233067/211134/243621/65945","CC","young CD vs old CD","Up"
"GO:0055038","recycling endosome membrane",82,-0.234135404540409,-0.967161950674824,0.538461538461538,0.734465537270427,0.543481533571655,3096,"tags=28%, list=23%, signal=22%","52055/20510/17988/331004/666173/216859/17274/11981/18196/53612/13660/70546/53869/11845/100226/68279/72027/18703/236727/27413/224088/57440/68328","CC","young CD vs old CD","Down"
"GO:0043204","perikaryon",142,-0.211724128402693,-0.961654149840508,0.534686971235195,0.734465537270427,0.543481533571655,3330,"tags=27%, list=25%, signal=20%","11977/24001/237847/26419/18585/18217/20510/18484/12289/66725/18548/13039/12772/20527/16525/14265/23991/75786/107895/11629/20296/338367/13169/22687/109900/76709/18619/70892/17948/67888/28240/20355/192176/12955/11898/67043/94229/12290","CC","young CD vs old CD","Down"
"GO:0033010","paranodal junction",11,-0.367255019954584,-0.946643456236074,0.535390199637024,0.734465537270427,0.543481533571655,2637,"tags=36%, list=19%, signal=29%","20743/109676/20740/218518","CC","young CD vs old CD","Down"
"GO:0016461","unconventional myosin complex",10,-0.377135249712489,-0.946151039518489,0.539162112932605,0.734465537270427,0.543481533571655,3344,"tags=40%, list=25%, signal=30%","171531/17897/17918/17896","CC","young CD vs old CD","Down"
"GO:0001674","female germ cell nucleus",12,-0.353562195097988,-0.942321510366716,0.5355871886121,0.734465537270427,0.543481533571655,1939,"tags=25%, list=14%, signal=21%","20878/229906/15331","CC","young CD vs old CD","Down"
"GO:0016460","myosin II complex",24,-0.297645319716823,-0.941142016721475,0.537070524412297,0.734465537270427,0.543481533571655,3123,"tags=33%, list=23%, signal=26%","17886/17883/67938/17897/140781/98932/17880/17896","CC","young CD vs old CD","Down"
"GO:0045239","tricarboxylic acid cycle heteromeric enzyme complex",14,0.328780696059097,0.928940753724546,0.535211267605634,0.734465537270427,0.543481533571655,1501,"tags=21%, list=11%, signal=19%","14534/12041/18293","CC","young CD vs old CD","Up"
"GO:0034451","centriolar satellite",121,-0.217924344586186,-0.96288337564141,0.540447504302926,0.734800741427247,0.543729574167114,611,"tags=40%, list=5%, signal=39%","76260/21335/72318/329679/13196/268857/667118/18761/17524/229949/211660/67269/16413/52023/320191/12524/75906/70834/170791/16573/52055/72569/51944/76411/18536/216274/102774/20133/68134/54141/27205/17274/245902/14677/74256/66985/233064/213541/14679/76816/67300/71853/224938/320207/225164/210544/230163/59126/16668","CC","young CD vs old CD","Down"
"GO:0044853","plasma membrane raft",109,-0.220822623846834,-0.956582183363259,0.542907180385289,0.73672816992783,0.545155810994017,2270,"tags=20%, list=17%, signal=17%","12491/20527/228421/20345/12495/338367/21788/16822/15162/12390/22337/15368/12389/16409/666907/16414/12550/12482/21812/432516/22350/12385","CC","young CD vs old CD","Down"
"GO:0000242","pericentriolar material",22,0.28670834727023,0.920392590721814,0.545045045045045,0.738212350281316,0.546254058050791,2235,"tags=27%, list=17%, signal=23%","18080/70012/21844/214444/99100/103733","CC","young CD vs old CD","Up"
"GO:0005681","spliceosomal complex",192,-0.202582710481951,-0.962133049311586,0.548172757475083,0.741028947485437,0.548338251917312,2766,"tags=23%, list=20%, signal=19%","230596/98758/66354/15387/229279/67178/209416/237073/66070/68011/15381/11800/17149/66642/20641/72654/231889/56724/19744/67332/66373/20639/100034361/67678/81898/19656/13204/68592/75062/101214/20643/66381/71702/71713/66877/53317/66492/66055/17975/74255/24010/67225/16854/244672/66441","CC","young CD vs old CD","Down"
"GO:0045211","postsynaptic membrane",257,0.18815334223835,0.969070176920873,0.553805774278215,0.747215042776141,0.552915769016217,3211,"tags=29%, list=24%, signal=23%","243547/103967/74762/11733/16504/19280/16651/235086/225875/268882/13138/238276/11423/20616/18440/105782/14681/504186/99738/54393/21844/13854/269060/12293/102857/15529/18441/216856/81904/12288/20353/93840/20187/22333/58234/219228/18128/109689/16531/14809/11539/14404/16518/11640/20354/14270/216169/50997/16506/16502/235611/170707/64295/11448/277973/83945/269788/93887/20907/12929/268890/432530/16500/268566/19283/13643/20909/18007/23984/215114/17118/226016/242864/16971/58226","CC","young CD vs old CD","Up"
"GO:0000781","chromosome, telomeric region",107,0.211462425830344,0.964952959821685,0.558139534883721,0.74987916651749,0.554887137287564,3015,"tags=23%, list=22%, signal=18%","223922/223697/19047/103677/208266/21750/71718/52040/269400/68964/622675/77053/219150/50721/19704/99982/229542/12412/107932/67241/69917/77305/52864/50883/57321","CC","young CD vs old CD","Up"
"GO:0097730","non-motile cilium",103,0.212283229100905,0.961532950401855,0.558962264150943,0.74987916651749,0.554887137287564,3167,"tags=27%, list=23%, signal=21%","67534/229776/16328/18750/83396/17349/22295/56350/224824/21844/56506/67463/27222/68097/243923/213081/93893/103733/106633/68259/75782/93887/22158/18764/330286/320244/11304/17754","CC","young CD vs old CD","Up"
"GO:0042641","actomyosin",101,-0.220836642389986,-0.947368967247359,0.557491289198606,0.74987916651749,0.554887137287564,3563,"tags=32%, list=26%, signal=24%","231830/50768/26563/171531/208431/54132/17886/19882/74103/12798/56376/67938/75646/18457/140781/59069/17931/98932/17918/53318/60595/208727/107589/17880/286940/109711/18826/11475/326618/268709/18762/67665","CC","young CD vs old CD","Down"
"GO:0097038","perinuclear endoplasmic reticulum",25,0.279730323835006,0.925023348330064,0.561643835616438,0.752049605645496,0.556493194380721,2446,"tags=24%, list=18%, signal=20%","99031/76303/13518/12759/67006/18708","CC","young CD vs old CD","Up"
"GO:0030055","cell-substrate junction",197,-0.201104808550851,-0.959824556434315,0.563333333333333,0.752885948330183,0.557112061818061,1713,"tags=16%, list=13%, signal=14%","319939/234214/60595/12631/29875/24099/15162/21753/16412/78906/76709/12390/15567/19229/286940/13043/12389/109711/18826/16421/110829/320910/16414/19264/53378/17698/268709/22350/67665/13405/66106/108897","CC","young CD vs old CD","Down"
"GO:0008180","COP9 signalosome",27,-0.285370839193206,-0.936356522447311,0.569120287253142,0.757669446841147,0.560651701153949,1245,"tags=41%, list=9%, signal=37%","56455/209318/71520/26893/17886/26754/26891/12848/26572/20491/14828","CC","young CD vs old CD","Down"
"GO:0012507","ER to Golgi transport vesicle membrane",30,-0.278456748788165,-0.932204095861919,0.56985294117647,0.757669446841147,0.560651701153949,2886,"tags=33%, list=21%, signal=26%","56041/12684/18570/69608/53612/20333/27054/110379/67898/67048","CC","young CD vs old CD","Down"
"GO:0097504","Gemini of Cajal bodies",10,-0.36661132321608,-0.919748776664553,0.570127504553734,0.757669446841147,0.560651701153949,1503,"tags=20%, list=11%, signal=18%","22687/244879","CC","young CD vs old CD","Down"
"GO:0005758","mitochondrial intermembrane space",75,-0.23137721908179,-0.937441077894731,0.572710951526032,0.759674751836595,0.562135564152144,3340,"tags=45%, list=25%, signal=34%","66916/75219/67013/71701/100037283/68185/595136/68033/104444/11647/72170/216001/13063/67892/53600/77619/20655/66494/66592/14004/227197/66170/30059/23897/11692/67267/14533/12856/14191/269514/66593/56520/68514/17966","CC","young CD vs old CD","Down"
"GO:1990023","mitotic spindle midzone",13,-0.336804470031824,-0.925503323476578,0.57439446366782,0.760481059575185,0.562732206668454,4030,"tags=54%, list=30%, signal=38%","20877/213582/233406/240641/228421/229841/13043","CC","young CD vs old CD","Down"
"GO:0044291","cell-cell contact zone",80,-0.226440755785806,-0.935084908924798,0.578483245149912,0.764462905272874,0.565678647987223,2428,"tags=22%, list=18%, signal=19%","18613/66438/109676/18457/11938/20740/20533/16412/84506/109711/13506/66395/109620/13511/108058/216033/12385/67451","CC","young CD vs old CD","Down"
"GO:0005834","heterotrimeric G-protein complex",26,-0.280919966151196,-0.917555368860281,0.58041958041958,0.765590752531051,0.566513219694681,4464,"tags=50%, list=33%, signal=34%","66066/14678/14676/14680/14675/14707/14688/14695/14710/14674/14677/14702/14679","CC","young CD vs old CD","Down"
"GO:0120114","Sm-like protein family complex",80,0.219886342447131,0.945213108382144,0.586206896551724,0.767333413117311,0.567802734041992,3488,"tags=29%, list=26%, signal=21%","192196/20646/20637/231803/72290/70052/211673/54614/72459/74351/53890/56844/20227/53817/66978/192231/237221/70769/70233/107701/67229/192159/101943","CC","young CD vs old CD","Up"
"GO:0000794","condensed nuclear chromosome",56,0.22902188485395,0.919356747876383,0.587006960556845,0.767333413117311,0.567802734041992,4446,"tags=38%, list=33%, signal=25%","223697/16882/15574/22138/68298/22445/103733/59014/57261/230082/19367/15353/19355/71846/72416/100088/22092/231724/78658/214150/76044","CC","young CD vs old CD","Up"
"GO:0030897","HOPS complex",13,-0.332427662317231,-0.913476315385826,0.591695501730104,0.767333413117311,0.567802734041992,3929,"tags=38%, list=29%, signal=27%","218035/320191/170833/80743/77963","CC","young CD vs old CD","Down"
"GO:0005666","RNA polymerase III complex",18,-0.310481647166241,-0.912178458332556,0.592321755027422,0.767333413117311,0.567802734041992,3108,"tags=39%, list=23%, signal=30%","20016/69833/66420/245841/20018/67005/17749","CC","young CD vs old CD","Down"
"GO:0033162","melanosome membrane",13,-0.331571516836586,-0.911123717489363,0.593425605536332,0.767333413117311,0.567802734041992,2208,"tags=46%, list=16%, signal=39%","56175/11977/94245/93695/67844/12330","CC","young CD vs old CD","Down"
"GO:0045009","chitosome",13,-0.331571516836586,-0.911123717489363,0.593425605536332,0.767333413117311,0.567802734041992,2208,"tags=46%, list=16%, signal=39%","56175/11977/94245/93695/67844/12330","CC","young CD vs old CD","Down"
"GO:0090741","pigment granule membrane",13,-0.331571516836586,-0.911123717489363,0.593425605536332,0.767333413117311,0.567802734041992,2208,"tags=46%, list=16%, signal=39%","56175/11977/94245/93695/67844/12330","CC","young CD vs old CD","Down"
"GO:0036379","myofilament",24,0.274944499451187,0.907555070626392,0.583518930957684,0.767333413117311,0.567802734041992,1294,"tags=21%, list=10%, signal=19%","380698/11474/22138/11459/22004","CC","young CD vs old CD","Up"
"GO:0099243","extrinsic component of synaptic membrane",27,0.26816774224817,0.90659217051844,0.584269662921348,0.767333413117311,0.567802734041992,3861,"tags=37%, list=29%, signal=27%","20616/105782/21844/19157/13016/12929/23984/217124/50849/20910","CC","young CD vs old CD","Up"
"GO:0030990","intraciliary transport particle",20,0.281657858311542,0.890191217688101,0.588366890380313,0.767333413117311,0.567802734041992,2484,"tags=25%, list=18%, signal=20%","213081/74019/106633/68259/67661","CC","young CD vs old CD","Up"
"GO:0045334","clathrin-coated endocytic vesicle",21,0.276798657297676,0.885406953024629,0.593679458239278,0.767333413117311,0.567802734041992,3212,"tags=29%, list=24%, signal=22%","20616/13855/108800/77407/71602/11772","CC","young CD vs old CD","Up"
"GO:0032421","stereocilium bundle",47,-0.242595613258888,-0.913448415156334,0.594982078853047,0.767613740418073,0.568010167479762,1378,"tags=23%, list=10%, signal=21%","67263/98845/19126/218756/54670/13860/215008/12721/102502/102866/11853","CC","young CD vs old CD","Down"
"GO:0032437","cuticular plate",11,0.331405131493294,0.892218545572998,0.598669623059867,0.768478260869565,0.568649885583524,3938,"tags=45%, list=29%, signal=32%","110253/56506/66616/71602/19293","CC","young CD vs old CD","Up"
"GO:0043186","P granule",12,0.324618215527166,0.882237547978211,0.6,0.768478260869565,0.568649885583524,1605,"tags=25%, list=12%, signal=22%","57746/239528/78455","CC","young CD vs old CD","Up"
"GO:0045495","pole plasm",12,0.324618215527166,0.882237547978211,0.6,0.768478260869565,0.568649885583524,1605,"tags=25%, list=12%, signal=22%","57746/239528/78455","CC","young CD vs old CD","Up"
"GO:0060293","germ plasm",12,0.324618215527166,0.882237547978211,0.6,0.768478260869565,0.568649885583524,1605,"tags=25%, list=12%, signal=22%","57746/239528/78455","CC","young CD vs old CD","Up"
"GO:0060170","ciliary membrane",48,-0.242144552771273,-0.913717806725951,0.601449275362319,0.768941478627775,0.568992652241501,4037,"tags=33%, list=30%, signal=23%","107221/14680/74761/56297/103765/67474/14688/72569/102774/17274/19126/13660/20276/26365/12484/57440","CC","young CD vs old CD","Down"
"GO:0043601","nuclear replisome",21,-0.293823665784802,-0.902560008733642,0.610017889087657,0.777085851504456,0.575019233525966,5794,"tags=71%, list=43%, signal=41%","19076/19075/68183/19891/68275/69745/72749/67967/68240/54380/22590/18968/18972/71702/53317","CC","young CD vs old CD","Down"
"GO:0098835","presynaptic endocytic zone membrane",12,0.320376234175855,0.870708819623049,0.609090909090909,0.777085851504456,0.575019233525966,2196,"tags=33%, list=16%, signal=28%","18717/20616/13016/13429","CC","young CD vs old CD","Up"
"GO:0099522","cytosolic region",66,0.223593447253999,0.929617799165365,0.611738148984199,0.777875667863001,0.575603672936666,1711,"tags=18%, list=13%, signal=16%","51789/268882/12315/12325/13138/18750/12322/22318/233908/14567/66315/215351","CC","young CD vs old CD","Up"
"GO:0035869","ciliary transition zone",62,0.226537144578263,0.928504936905103,0.613483146067416,0.77869404716277,0.576209248030815,2836,"tags=26%, list=21%, signal=20%","231214/56350/106840/67463/213081/654470/93893/74019/106633/75782/93887/71448/23955/380614/380718/330286","CC","young CD vs old CD","Up"
"GO:0098982","GABA-ergic synapse",110,0.203900275692126,0.937374299644034,0.617715617715618,0.782661185886992,0.579144806649051,2561,"tags=24%, list=19%, signal=19%","74762/54126/235086/225875/13138/14681/54393/12293/16563/216963/216856/228136/233908/236915/13016/219228/20619/14404/13628/20354/320707/14251/12034/67972/111173/269788","CC","young CD vs old CD","Up"
"GO:0036038","MKS complex",13,0.312206100710685,0.867322150776937,0.620283018867924,0.784508218854423,0.580511553295092,2834,"tags=23%, list=21%, signal=18%","231214/654470/380718","CC","young CD vs old CD","Up"
"GO:0019897","extrinsic component of plasma membrane",93,0.207694140776189,0.928506696711123,0.626146788990826,0.789101211794142,0.58391022446466,1240,"tags=14%, list=9%, signal=13%","12561/20190/19041/14683/20616/105782/16452/14681/22295/21844/56788/19157/14673","CC","young CD vs old CD","Up"
"GO:0090571","RNA polymerase II transcription repressor complex",16,0.288099530788715,0.857419248926439,0.626146788990826,0.789101211794142,0.58391022446466,4550,"tags=44%, list=34%, signal=29%","15184/67087/21384/217708/13486/15182/27049","CC","young CD vs old CD","Up"
"GO:0035631","CD40 receptor complex",12,0.315968797011815,0.85873042047451,0.627272727272727,0.789113555483662,0.583919358408963,3743,"tags=50%, list=28%, signal=36%","22033/268749/64704/22031/16150/22034","CC","young CD vs old CD","Up"
"GO:0000153","cytoplasmic ubiquitin ligase complex",13,-0.322939937982072,-0.887405045002779,0.633217993079585,0.795177835004026,0.588406735646543,1303,"tags=100%, list=10%, signal=90%","415115/74126/22346/15185/71745/56438/18786/269523/64209/216440/67841/56228","CC","young CD vs old CD","Down"
"GO:0016591","RNA polymerase II, holoenzyme",66,-0.229098926445228,-0.910724661680274,0.636851520572451,0.797749729999839,0.590309857529844,3485,"tags=35%, list=26%, signal=26%","102371/23894/270627/20022/69833/66420/14884/245841/99730/68776/19184/22156/223527/67710/231329/72504/98053/229906/21399/17749/407786/109115/68705","CC","young CD vs old CD","Down"
"GO:0000800","lateral element",10,-0.350871706357058,-0.880261471078191,0.63752276867031,0.797749729999839,0.590309857529844,5904,"tags=60%, list=44%, signal=34%","12144/68275/20962/16319/12189/24061","CC","young CD vs old CD","Down"
"GO:0160232","INTAC complex",13,0.307454022102653,0.854120669352977,0.639150943396226,0.798374058270551,0.590771840929746,4037,"tags=62%, list=30%, signal=43%","109077/68510/77065/18130/70885/210925/229543/51792","CC","young CD vs old CD","Up"
"GO:0005635","nuclear envelope",448,-0.181086904693403,-0.944454316480797,0.642215568862275,0.800787314260368,0.592557574908662,3950,"tags=31%, list=29%, signal=23%","69804/13346/170762/13595/56150/66069/381629/269113/353170/69922/192897/69912/240832/217353/19225/17427/19224/70572/219132/20462/64009/102371/14873/19428/71678/68632/22791/269470/67030/26370/19069/81896/207742/12028/19122/12038/16573/13537/217371/228608/99712/245865/12387/18536/320557/69482/226747/59288/11816/60532/66725/68777/20133/13649/67878/14528/71720/67500/18968/30935/30931/20479/20135/20200/23897/17766/13058/108000/66940/14359/233726/18400/18783/243085/244202/236451/76843/11690/19385/67387/16905/20191/22218/223527/64659/12626/245000/24017/76582/13010/12048/29819/12043/74122/67812/12443/212531/625249/13618/217109/231396/12390/66700/57258/101613/110379/19354/16647/16438/53317/12176/101118/110750/98488/69642/12655/114584/19384/66447/76959/68953/13726/53378/18538/237542/16418/20617/19386/22238/230709/11699/18762/69237/65963/66371/12330/11750/22154/11746","CC","young CD vs old CD","Down"
"GO:0030131","clathrin adaptor complex",25,-0.270266201999831,-0.873906993293541,0.645390070921986,0.803328838277894,0.594438223217619,3100,"tags=28%, list=23%, signal=22%","11774/73094/55946/252903/67489/11769/216549","CC","young CD vs old CD","Down"
"GO:0000922","spindle pole",163,0.19098955431063,0.930098981568501,0.649509803921569,0.804654857657905,0.595419436099128,2312,"tags=22%, list=17%, signal=19%","54126/18080/229776/12315/16328/242785/70012/16332/230967/50850/320162/26390/16563/68519/99412/67203/26416/216963/217335/13191/214444/230917/71878/28135/26554/226976/26920/116733/17120/74187/76719/328580/231912/103733/101706/226154","CC","young CD vs old CD","Up"
"GO:0098843","postsynaptic endocytic zone",19,-0.297172920731104,-0.881775853414442,0.65625,0.804654857657905,0.595419436099128,1599,"tags=32%, list=12%, signal=28%","12757/233489/271457/68404/67300/29816","CC","young CD vs old CD","Down"
"GO:0043596","nuclear replication fork",40,-0.242272210616526,-0.871198873541621,0.654478976234004,0.804654857657905,0.595419436099128,4673,"tags=50%, list=35%, signal=33%","69745/212377/68145/72749/67967/68240/54380/20585/13990/22590/226409/22040/66131/218973/18968/18972/70024/71702/53317/18538","CC","young CD vs old CD","Down"
"GO:0097470","ribbon synapse",25,-0.269258016958744,-0.870647022378122,0.657801418439716,0.804654857657905,0.595419436099128,485,"tags=24%, list=4%, signal=23%","12289/11938/13017/108058/67300/66251","CC","young CD vs old CD","Down"
"GO:0000164","protein phosphatase type 1 complex",18,-0.296127489381791,-0.870006711184258,0.656307129798903,0.804654857657905,0.595419436099128,1751,"tags=22%, list=13%, signal=19%","17931/17872/53412/17973","CC","young CD vs old CD","Down"
"GO:0005797","Golgi medial cisterna",22,-0.278400815943674,-0.868879326098295,0.652329749103943,0.804654857657905,0.595419436099128,3755,"tags=27%, list=28%, signal=20%","15040/14964/14972/17158/20440/230584","CC","young CD vs old CD","Down"
"GO:0005742","mitochondrial outer membrane translocase complex",12,-0.323011800200951,-0.860897945684703,0.651245551601424,0.804654857657905,0.595419436099128,2880,"tags=42%, list=21%, signal=33%","68512/53375/66169/223696/67952","CC","young CD vs old CD","Down"
"GO:0043256","laminin complex",10,0.323026810205974,0.845474096303016,0.657836644591612,0.804654857657905,0.595419436099128,148,"tags=10%, list=1%, signal=10%","226519","CC","young CD vs old CD","Up"
"GO:1990531","phospholipid-translocating ATPase complex",12,0.308660539649863,0.838868260107043,0.654545454545455,0.804654857657905,0.595419436099128,3374,"tags=50%, list=25%, signal=38%","50769/50770/11980/76295/54667/11982","CC","young CD vs old CD","Up"
"GO:0098684","photoreceptor ribbon synapse",14,0.295387709863671,0.834591827107771,0.654929577464789,0.804654857657905,0.595419436099128,2498,"tags=36%, list=18%, signal=29%","13138/22295/268780/13429/67972","CC","young CD vs old CD","Up"
"GO:0099572","postsynaptic specialization",387,0.178319559050844,0.957627076081433,0.662049861495845,0.80840976179199,0.598197947756449,3630,"tags=32%, list=27%, signal=24%","243547/103967/74762/18693/19280/235086/20405/225875/11350/268882/17974/12325/104418/238276/20662/18717/12877/12345/208922/67579/112405/12322/232227/20616/117146/18440/105782/13518/504186/21844/269060/11991/233210/330908/216963/382056/18441/14000/56013/22318/216856/244668/228136/81904/26557/52163/12288/20353/64930/22084/81489/93840/18521/192119/20187/213990/74480/236915/76936/68097/22333/58234/17475/18128/109689/50932/14809/59013/11640/14270/228998/216169/50997/20408/74206/11448/106025/12034/56637/17470/665113/111173/320119/56876/269788/241638/20907/240057/94223/17762/432530/16500/18011/74018/268566/19283/13643/18007/11518/23984/226016/17754/16971/26558/217125/29867/20111/217692/17758/243961/11419/327814/13869/94221/20167/229521/27494/76123/233067/211134/243621/65945/22612/12168","CC","young CD vs old CD","Up"
"GO:0097136","Bcl-2 family protein complex",10,-0.34215020655791,-0.858381108244394,0.664845173041894,0.810423340242447,0.599687932852671,1619,"tags=50%, list=12%, signal=44%","17210/12028/12048/12043/58801","CC","young CD vs old CD","Down"
"GO:0032045","guanyl-nucleotide exchange factor complex",23,0.260900826662084,0.844687187253894,0.672055427251732,0.817802387378614,0.605148197018047,1027,"tags=13%, list=8%, signal=12%","226089/240168/242406","CC","young CD vs old CD","Up"
"GO:0043679","axon terminus",126,0.195122023710845,0.915525564979053,0.682134570765661,0.82834219085379,0.612947322049183,2019,"tags=17%, list=15%, signal=15%","13712/16504/18975/12315/18750/12922/54615/26431/20616/382018/99738/69719/16443/224617/216963/214084/18645/16531/14809/11465/171580/11539","CC","young CD vs old CD","Up"
"GO:0032593","insulin-responsive compartment",10,-0.336828472266043,-0.845030024154192,0.683060109289617,0.82834219085379,0.612947322049183,1724,"tags=30%, list=13%, signal=26%","240028/17918/68328","CC","young CD vs old CD","Down"
"GO:0099568","cytoplasmic region",213,-0.189180149460004,-0.915709523670303,0.687397708674304,0.832174965809475,0.615783455679757,3412,"tags=26%, list=25%, signal=20%","56297/16560/11793/110350/319613/73689/26419/16573/11774/72569/15251/75533/68475/12387/16565/71233/74405/20655/66725/17919/232946/55946/68196/66438/18457/68724/108000/94245/14265/75786/13017/19385/216560/14533/17828/22142/93871/57436/29819/56444/56486/14079/84506/13036/103988/216618/75553/227613/13427/18762/22223/14080/12330/29816/21689/68151","CC","young CD vs old CD","Down"
"GO:0005879","axonemal microtubule",18,-0.288061345228736,-0.8463088114682,0.689213893967093,0.832947389802966,0.616355025284112,4372,"tags=50%, list=32%, signal=34%","69310/66611/17427/56297/71233/74405/22142/227613/21689","CC","young CD vs old CD","Down"
"GO:0044306","neuron projection terminus",142,0.191065753126999,0.911309780281543,0.693430656934307,0.836613437632346,0.619067786054159,2019,"tags=17%, list=15%, signal=15%","16467/13712/16504/18975/12315/18750/12922/54615/26431/20616/382018/99738/69719/16443/224617/216963/22318/214084/18645/16531/14809/11465/171580/11539","CC","young CD vs old CD","Up"
"GO:0043527","tRNA methyltransferase complex",10,-0.333217752417181,-0.835971506444654,0.695810564663024,0.838054632396521,0.620134225118843,3742,"tags=40%, list=28%, signal=29%","52575/73681/66926/14911","CC","young CD vs old CD","Down"
"GO:0046540","U4/U6 x U5 tri-snRNP complex",34,-0.240454427276276,-0.837462360487937,0.703900709219858,0.838457138499085,0.62043206704987,4610,"tags=44%, list=34%, signal=29%","28035/69878/20638/66101/70767/76522/107686/66618/68011/20641/67332/66373/67678/20643/66492","CC","young CD vs old CD","Down"
"GO:0097526","spliceosomal tri-snRNP complex",34,-0.240454427276276,-0.837462360487937,0.703900709219858,0.838457138499085,0.62043206704987,4610,"tags=44%, list=34%, signal=29%","28035/69878/20638/66101/70767/76522/107686/66618/68011/20641/67332/66373/67678/20643/66492","CC","young CD vs old CD","Down"
"GO:0005687","U4 snRNP",10,-0.328365318387566,-0.823797795541696,0.704918032786885,0.838457138499085,0.62043206704987,4413,"tags=70%, list=33%, signal=47%","69878/20638/107686/68011/20641/67332/20643","CC","young CD vs old CD","Down"
"GO:1990062","RPAP3/R2TP/prefoldin-like complex",10,0.314141860866095,0.82221907759716,0.69757174392936,0.838457138499085,0.62043206704987,2649,"tags=30%, list=20%, signal=24%","20174/71919/19777","CC","young CD vs old CD","Up"
"GO:0072379","ER membrane insertion complex",10,0.312652899431668,0.818321944964736,0.699779249448124,0.838457138499085,0.62043206704987,2839,"tags=40%, list=21%, signal=32%","103425/211548/224727/52551","CC","young CD vs old CD","Up"
"GO:0035253","ciliary rootlet",13,0.293602741353641,0.815641207923807,0.702830188679245,0.838457138499085,0.62043206704987,2807,"tags=31%, list=21%, signal=24%","16594/16593/230872/23955","CC","young CD vs old CD","Up"
"GO:0035859","Seh1-associated complex",13,0.29254594387784,0.812705378490748,0.705188679245283,0.838457138499085,0.62043206704987,2580,"tags=31%, list=19%, signal=25%","230676/140742/268933/319481","CC","young CD vs old CD","Up"
"GO:0030123","AP-3 adaptor complex",12,-0.304889149096299,-0.812597069070754,0.706405693950178,0.838457138499085,0.62043206704987,4223,"tags=42%, list=31%, signal=29%","11777/218035/11774/55946/80743","CC","young CD vs old CD","Down"
"GO:0033268","node of Ranvier",12,0.293456997871977,0.797548535035778,0.706818181818182,0.838457138499085,0.62043206704987,528,"tags=17%, list=4%, signal=16%","13138/20266","CC","young CD vs old CD","Up"
"GO:0005640","nuclear outer membrane",29,-0.250917865584478,-0.838537397433322,0.708108108108108,0.838580288831545,0.620523194445437,1164,"tags=21%, list=9%, signal=19%","68777/243085/231396/13726/20617/22238","CC","young CD vs old CD","Down"
"GO:0098687","chromosomal region",297,-0.18388404512732,-0.922858872394719,0.712218649517685,0.839230975348339,0.621004682123315,2984,"tags=23%, list=22%, signal=19%","226026/51944/20843/52504/12617/217653/54392/67711/67052/226747/22596/59288/13870/72400/23837/70454/386612/218973/22680/70385/54141/52653/27354/22589/108000/107435/67117/14265/75786/228421/24061/26428/68966/20620/102920/331401/20878/11920/17931/70998/67177/107829/11799/12419/22778/231329/107995/19646/268697/229841/67955/12649/66700/108138/59001/110379/229906/53598/19052/109019/76959/68953/52696/78610/21973/17345/12237/67665/66371","CC","young CD vs old CD","Down"
"GO:0061827","sperm head",13,-0.299200831011452,-0.822172471350776,0.711072664359862,0.839230975348339,0.621004682123315,2036,"tags=31%, list=15%, signal=26%","74117/245578/13209/76709","CC","young CD vs old CD","Down"
"GO:0098895","postsynaptic endosome membrane",13,-0.298590047517578,-0.820494102434082,0.711072664359862,0.839230975348339,0.621004682123315,2987,"tags=46%, list=22%, signal=36%","56440/17919/66471/70546/27418/100226","CC","young CD vs old CD","Down"
"GO:0005680","anaphase-promoting complex",21,-0.269519748713398,-0.827903858945172,0.717352415026834,0.843873806029903,0.624440231663607,4274,"tags=43%, list=32%, signal=29%","69010/68999/56317/66440/69957/52206/217232/107995/66077","CC","young CD vs old CD","Down"
"GO:0044615","nuclear pore nuclear basket",13,-0.290889776821332,-0.799334566990946,0.726643598615917,0.853383761165205,0.631477301122768,3895,"tags=46%, list=29%, signal=33%","56150/26370/69482/223527/12626/19386","CC","young CD vs old CD","Down"
"GO:0070971","endoplasmic reticulum exit site",31,-0.247768831861541,-0.833510839776212,0.729281767955801,0.853646042954886,0.631671381446555,3894,"tags=35%, list=29%, signal=25%","20224/15040/14964/14972/73130/66725/21787/18570/69608/238055/27054","CC","young CD vs old CD","Down"
"GO:0031143","pseudopodium",13,-0.288926480768982,-0.793939635560116,0.728373702422145,0.853646042954886,0.631671381446555,3390,"tags=46%, list=25%, signal=35%","26417/12334/228003/60595/14063/17698","CC","young CD vs old CD","Down"
"GO:0098984","neuron to neuron synapse",405,0.174866850724977,0.937518603650995,0.736686390532544,0.854564623425992,0.632351102274575,1863,"tags=17%, list=14%, signal=15%","243547/103967/74762/18693/19280/23821/235086/20405/225875/11350/268882/17974/12325/104418/238276/20662/18717/12877/12345/208922/67579/112405/12322/232227/20616/117146/105782/13518/21844/269060/11932/11991/106947/233210/330908/216963/382056/18441/14000/19058/56013/22318/244668/81904/26557/52163/12288/20353/64930/22084/81489/93840/18521/192119/20187/213990/74480/236915/76936/68097/22333/58234/17475/18128/109689/50932/14809","CC","young CD vs old CD","Up"
"GO:0005925","focal adhesion",186,-0.188073081982287,-0.88782593502596,0.732656514382403,0.854564623425992,0.632351102274575,1713,"tags=16%, list=13%, signal=14%","319939/234214/60595/12631/29875/24099/15162/21753/16412/78906/76709/12390/15567/19229/286940/13043/12389/109711/18826/16421/110829/320910/16414/19264/53378/17698/268709/22350/67665/108897","CC","young CD vs old CD","Down"
"GO:0032153","cell division site",48,-0.222429461990673,-0.839324105520256,0.73731884057971,0.854564623425992,0.632351102274575,1301,"tags=17%, list=10%, signal=15%","53869/107589/11848/11845/229906/53598/20737/11853","CC","young CD vs old CD","Down"
"GO:0045120","pronucleus",20,0.253234007135141,0.800356469807151,0.736017897091723,0.854564623425992,0.632351102274575,3028,"tags=30%, list=22%, signal=23%","194388/56399/68298/12412/15388/15499","CC","young CD vs old CD","Up"
"GO:1990071","TRAPPII protein complex",10,-0.318909026207105,-0.800073997028154,0.734061930783242,0.854564623425992,0.632351102274575,3984,"tags=60%, list=29%, signal=42%","66226/60409/66975/59005/245828/27096","CC","young CD vs old CD","Down"
"GO:0036019","endolysosome",14,0.282466018654463,0.79808273239766,0.734741784037559,0.854564623425992,0.632351102274575,1835,"tags=29%, list=14%, signal=25%","252972/20597/74104/70510","CC","young CD vs old CD","Up"
"GO:0032993","protein-DNA complex",135,0.188567481221612,0.894855076840069,0.741463414634146,0.857379722914335,0.634434187878247,1588,"tags=16%, list=12%, signal=15%","328572/54169/100043597/21750/244349/28015/100683/103537/20174/78656/50496/66653/117599/57741/19664/68964/11545/19014/21423/72308/20667/18045","CC","young CD vs old CD","Up"
"GO:0099738","cell cortex region",31,-0.24604431424604,-0.827709447748386,0.742173112338858,0.857379722914335,0.634434187878247,2521,"tags=29%, list=19%, signal=24%","12387/17919/66438/13017/14079/84506/103988/18762/14080","CC","young CD vs old CD","Down"
"GO:0001650","fibrillar center",150,-0.191839410160188,-0.878760438675289,0.746243739565943,0.860675895388453,0.636873252450028,3392,"tags=28%, list=25%, signal=21%","100182/242509/69639/227522/20016/77622/66645/69833/20843/56041/23849/58185/16889/67897/76500/75646/12772/107373/77117/75570/223691/20639/22218/210503/72515/67345/17997/18475/434484/55989/72504/408062/18037/66121/53317/98488/17975/24108/53610/22350/268903/107765","CC","young CD vs old CD","Down"
"GO:0005876","spindle microtubule",69,-0.212967007228429,-0.855308449638609,0.749110320284697,0.861677287043141,0.6376142509647,3850,"tags=32%, list=28%, signal=23%","12534/328417/12314/76478/213582/73847/319675/16551/66296/67117/228421/20878/18970/11799/53869/229841/78906/66700/76959/68953/67300/66371","CC","young CD vs old CD","Down"
"GO:0005669","transcription factor TFIID complex",29,-0.243185436170401,-0.812696546198543,0.74954954954955,0.861677287043141,0.6376142509647,2337,"tags=24%, list=17%, signal=20%","99730/68776/72504/98053/229906/21399/407786","CC","young CD vs old CD","Down"
"GO:0031010","ISWI-type complex",14,-0.283069763297597,-0.792216143715171,0.751736111111111,0.862788036616162,0.638436170919723,1228,"tags=36%, list=9%, signal=33%","93696/217578/19646/59001/93761","CC","young CD vs old CD","Down"
"GO:0099023","vesicle tethering complex",63,-0.211666381463056,-0.840193928983666,0.755357142857143,0.863588005831593,0.639028123127078,3984,"tags=38%, list=29%, signal=27%","66226/67091/60409/218035/211446/320191/338337/104799/66975/76332/20336/170833/245049/59005/12540/245828/16834/80743/102339/107371/67542/27096/238123/77963","CC","young CD vs old CD","Down"
"GO:0098837","postsynaptic recycling endosome",13,0.280298636193715,0.778681824121879,0.754716981132076,0.863588005831593,0.639028123127078,2402,"tags=38%, list=18%, signal=32%","238276/69091/215445/216169/64295","CC","young CD vs old CD","Up"
"GO:0097542","ciliary tip",11,0.288832326994817,0.777602801575794,0.75609756097561,0.863588005831593,0.639028123127078,3021,"tags=27%, list=22%, signal=21%","14633/74019/16576","CC","young CD vs old CD","Up"
"GO:0045171","intercellular bridge",72,-0.211682607343873,-0.849240434737226,0.757685352622061,0.864005716619028,0.639337216049515,3569,"tags=31%, list=26%, signal=23%","333654/56317/52276/78372/233406/72119/240641/76411/19348/71819/235587/52653/22152/24068/22151/68598/52705/229841/73710/227613/67951/22154","CC","young CD vs old CD","Down"
"GO:0071006","U2-type catalytic step 1 spliceosome",11,-0.303421963302577,-0.782106167191959,0.76043557168784,0.864353616050327,0.639594650751154,124,"tags=18%, list=1%, signal=18%","80744/66441","CC","young CD vs old CD","Down"
"GO:0071012","catalytic step 1 spliceosome",11,-0.303421963302577,-0.782106167191959,0.76043557168784,0.864353616050327,0.639594650751154,124,"tags=18%, list=1%, signal=18%","80744/66441","CC","young CD vs old CD","Down"
"GO:0031985","Golgi cisterna",96,0.194113766766242,0.873719401956241,0.762863534675615,0.865721539350979,0.640606871223757,3095,"tags=24%, list=23%, signal=19%","56336/14595/228960/57370/20444/99412/226548/18550/64436/53334/73124/233781/20441/218271/211914/108148/217310/14423/18552/330406/27426/20340/56846","CC","young CD vs old CD","Up"
"GO:0090734","site of DNA damage",110,0.189731612852483,0.872237848204134,0.764568764568765,0.866266212420059,0.641009912264973,2785,"tags=23%, list=21%, signal=18%","97827/108937/27015/15574/94232/21652/103537/56515/117599/11545/72459/22059/11909/50721/80905/107986/21853/106504/12412/16969/319955/107932/56626/67241/69917","CC","young CD vs old CD","Up"
"GO:0005662","DNA replication factor A complex",13,-0.280701566766564,-0.77133843539247,0.768166089965398,0.868949480968858,0.642995447095247,948,"tags=69%, list=7%, signal=64%","68183/19891/68275/72749/68240/54380/22590/71702/53317","CC","young CD vs old CD","Down"
"GO:0031080","nuclear pore outer ring",10,-0.306230944634258,-0.768267423475578,0.770491803278688,0.870188027025611,0.643911932452511,3705,"tags=50%, list=27%, signal=36%","72124/69736/69912/226747/110379","CC","young CD vs old CD","Down"
"GO:0005759","mitochondrial matrix",357,-0.176679653531996,-0.903534516711147,0.773643410852713,0.872353893896122,0.645514606218078,2798,"tags=24%, list=21%, signal=19%","22171/100039707/72181/76894/226539/244141/74600/14548/66725/66230/66834/211948/66242/67713/216767/380773/268860/11740/231086/23897/77782/17766/27050/68463/66448/24030/234309/75398/67707/18082/270685/13382/67267/230027/68550/66449/14533/59027/66072/28028/236900/68537/64659/74129/353242/12048/121022/74238/17713/66971/66047/107733/117147/64655/66419/75619/72535/268697/68735/239017/192166/56520/14651/69956/18477/76357/69713/52443/57312/66121/75593/17714/18416/73078/228019/66077/11611/12409/66223/11656/20617/15360/227231/56360","CC","young CD vs old CD","Down"
"GO:0043196","varicosity",12,0.274699274076822,0.746569361794329,0.781818181818182,0.880167921250724,0.651296742144882,2196,"tags=25%, list=16%, signal=21%","12922/269060/13429","CC","young CD vs old CD","Up"
"GO:0098554","cytoplasmic side of endoplasmic reticulum membrane",22,-0.246299099681864,-0.768690978957088,0.783154121863799,0.880270213287291,0.651372435053649,2013,"tags=27%, list=15%, signal=23%","27370/20090/66552/54127/19942/66248","CC","young CD vs old CD","Down"
"GO:0032154","cleavage furrow",43,0.216574202691943,0.818121702109763,0.787139689578714,0.882318113005527,0.652887816814929,1346,"tags=19%, list=10%, signal=17%","231637/225115/19047/18016/665700/545370/67203/215445","CC","young CD vs old CD","Up"
"GO:0005697","telomerase holoenzyme complex",20,0.244364668244593,0.772324560332315,0.787472035794183,0.882318113005527,0.652887816814929,784,"tags=15%, list=6%, signal=14%","103677/72290/229512","CC","young CD vs old CD","Up"
"GO:0030688","preribosome, small subunit precursor",11,0.274094075315314,0.737924051224153,0.791574279379157,0.885511100508013,0.655250527733913,1636,"tags=18%, list=12%, signal=16%","72462/53414","CC","young CD vs old CD","Up"
"GO:0000307","cyclin-dependent protein kinase holoenzyme complex",58,-0.210059173450505,-0.822223947061203,0.797202797202797,0.890398700825241,0.658867199151559,2863,"tags=24%, list=21%, signal=19%","14884/66354/18647/12442/19184/66197/51813/12443/268697/12428/12575/18538/19645/68705","CC","young CD vs old CD","Down"
"GO:0032838","plasma membrane bounded cell projection cytoplasm",184,-0.183507395692103,-0.858328104874982,0.801393728222996,0.892260418667179,0.660244812145593,3412,"tags=26%, list=25%, signal=19%","56297/16560/11793/110350/319613/73689/26419/16573/11774/72569/15251/75533/68475/16565/71233/74405/20655/66725/232946/55946/68196/18457/68724/108000/94245/14265/75786/19385/216560/14533/17828/22142/93871/57436/29819/56444/56486/13036/216618/75553/227613/13427/22223/12330/29816/21689/68151","CC","young CD vs old CD","Down"
"GO:0072686","mitotic spindle",164,-0.185823335913415,-0.855302345519765,0.800681431005111,0.892260418667179,0.660244812145593,3206,"tags=28%, list=24%, signal=22%","233406/72119/383295/12316/319675/240641/69957/51944/20843/76411/16551/67711/227937/13605/19348/71819/66296/54141/52653/27050/22152/67117/12540/75786/228421/24061/22151/20878/329152/80986/218977/16151/217232/229841/78906/17079/13043/73710/12332/101202/67300/227613/24010/67951/17878/22154","CC","young CD vs old CD","Down"
"GO:0098992","neuronal dense core vesicle",21,-0.246987531754248,-0.758689972170191,0.805008944543828,0.894876295271205,0.662180479043831,1246,"tags=19%, list=9%, signal=17%","18166/271564/18619/235380","CC","young CD vs old CD","Down"
"GO:0098799","outer mitochondrial membrane protein complex",13,-0.269462949741653,-0.740455895719369,0.807958477508651,0.896745123388722,0.663563353419482,2880,"tags=38%, list=21%, signal=30%","68512/53375/66169/223696/67952","CC","young CD vs old CD","Down"
"GO:0005875","microtubule associated complex",99,-0.196438849013802,-0.836669420686508,0.812056737588652,0.899881055603726,0.665883845209636,3542,"tags=28%, list=26%, signal=21%","76478/14272/52276/16560/110350/16573/209737/240641/16565/59288/19348/71819/66296/67117/16582/228421/20878/69150/11799/56444/56486/16571/67068/54130/21648/53598/13427/67665","CC","young CD vs old CD","Down"
"GO:0000930","gamma-tubulin complex",16,0.240305979699876,0.715179827133793,0.821100917431193,0.908479418816672,0.672246365148345,3361,"tags=31%, list=25%, signal=24%","214444/328580/103733/232944/76789","CC","young CD vs old CD","Up"
"GO:0030992","intraciliary transport particle B",14,0.254994883680837,0.720465472217998,0.826291079812207,0.912793427230047,0.675438596491228,2484,"tags=21%, list=18%, signal=18%","74019/68259/67661","CC","young CD vs old CD","Up"
"GO:0030880","RNA polymerase complex",90,0.185634421514594,0.826922704399819,0.830316742081448,0.915809573559413,0.67767045047127,3196,"tags=28%, list=24%, signal=21%","63856/209361/246103/217218/14534/28015/226182/69870/100683/68925/13871/102162/98999/20019/20017/101206/70408/235497/67065/21343/216151/20020/76246/20021/13872","CC","young CD vs old CD","Up"
"GO:0005905","clathrin-coated pit",68,0.197445972229269,0.820642025478996,0.834101382488479,0.918550899407095,0.67969894588748,2544,"tags=21%, list=19%, signal=17%","51789/435965/20616/65107/13854/16443/20528/14269/108800/109689/13429/16835/77407/13859","CC","young CD vs old CD","Up"
"GO:0017053","transcription repressor complex",71,0.192980802803867,0.819458767634874,0.836644591611479,0.919110212335693,0.680112819967005,1775,"tags=17%, list=13%, signal=15%","83383/268448/15184/20481/382066/238247/19664/22059/56381/20185/67087/13016","CC","young CD vs old CD","Up"
"GO:0055029","nuclear DNA-directed RNA polymerase complex",86,-0.192828294722235,-0.804924440518076,0.837209302325581,0.919110212335693,0.680112819967005,3352,"tags=30%, list=25%, signal=23%","23894/270627/20016/20022/69833/66420/14884/245841/18968/99730/68776/19184/22156/20018/223527/67710/67005/231329/72504/98053/229906/21399/17749/407786/109115/68705","CC","young CD vs old CD","Down"
"GO:0097228","sperm principal piece",17,-0.247916370979277,-0.722013637330753,0.839928057553957,0.920665328202554,0.681263557085788,861,"tags=24%, list=6%, signal=22%","12589/71233/211484/20276","CC","young CD vs old CD","Down"
"GO:1905360","GTPase complex",32,-0.220324836100218,-0.75383926727413,0.841726618705036,0.921208544000713,0.681665519792085,4464,"tags=47%, list=33%, signal=31%","66066/14678/14676/14680/245670/14675/14707/14688/14695/14710/68441/14674/14677/14702/14679","CC","young CD vs old CD","Down"
"GO:0098890","extrinsic component of postsynaptic membrane",18,-0.252496673079177,-0.74182170857958,0.848263254113345,0.92407106418819,0.683783695230448,1386,"tags=17%, list=10%, signal=15%","12262/12260/12259","CC","young CD vs old CD","Down"
"GO:0032806","carboxy-terminal domain protein kinase complex",21,-0.2347041442136,-0.720958177025801,0.847942754919499,0.92407106418819,0.683783695230448,429,"tags=38%, list=3%, signal=37%","12572/66467/23894/14884/66354/19184/19645/68705","CC","young CD vs old CD","Down"
"GO:0030008","TRAPP complex",14,-0.251592358094063,-0.704121575528152,0.847222222222222,0.92407106418819,0.683783695230448,3984,"tags=50%, list=29%, signal=35%","66226/67091/60409/66975/59005/245828/27096","CC","young CD vs old CD","Down"
"GO:0097649","A axonemal microtubule",12,0.258522580646581,0.702604834655535,0.85,0.924538461538462,0.68412955465587,1075,"tags=17%, list=8%, signal=15%","77627/71860","CC","young CD vs old CD","Up"
"GO:1990229","iron-sulfur cluster assembly complex",15,-0.249888537657808,-0.706125603787636,0.854895104895105,0.928434468757049,0.687012478183955,3600,"tags=40%, list=27%, signal=29%","78653/69168/26371/66162/30926/380840","CC","young CD vs old CD","Down"
"GO:0097525","spliceosomal snRNP complex",60,0.194881182787155,0.788987827445988,0.862790697674419,0.935572121557997,0.692294118088773,3488,"tags=28%, list=26%, signal=21%","192196/20646/20637/70052/54614/72459/74351/53890/56844/20227/53817/66978/70233/107701/67229/192159/101943","CC","young CD vs old CD","Up"
"GO:0097545","axonemal doublet microtubule",13,0.24957633012264,0.693333919267565,0.870283018867924,0.940810541803704,0.696170385284659,1075,"tags=15%, list=8%, signal=14%","77627/71860","CC","young CD vs old CD","Up"
"GO:0160110","axonemal microtubule doublet inner sheath",13,0.24957633012264,0.693333919267565,0.870283018867924,0.940810541803704,0.696170385284659,1075,"tags=15%, list=8%, signal=14%","77627/71860","CC","young CD vs old CD","Up"
"GO:0030134","COPII-coated ER to Golgi transport vesicle",55,-0.199290023682034,-0.766671804832579,0.876122082585278,0.945226047965774,0.699437721788118,2886,"tags=25%, list=21%, signal=20%","56041/12684/73130/18570/66191/69608/53612/20333/68090/27054/110379/67898/67511/67048","CC","young CD vs old CD","Down"
"GO:0005865","striated muscle thin filament",22,0.217745919252466,0.699009054490441,0.878378378378378,0.945226047965774,0.699437721788118,1294,"tags=18%, list=10%, signal=16%","11474/22138/11459/22004","CC","young CD vs old CD","Up"
"GO:0000346","transcription export complex",13,0.245272111099198,0.681376611283099,0.877358490566038,0.945226047965774,0.699437721788118,2723,"tags=31%, list=20%, signal=25%","70579/66511/53319/53817","CC","young CD vs old CD","Up"
"GO:0005802","trans-Golgi network",204,0.17018449134381,0.85366909779897,0.886138613861386,0.952127659574468,0.7045446985908,1676,"tags=15%, list=12%, signal=14%","18693/23821/15531/77626/228960/245860/260302/14683/76303/50769/76688/100317/268859/20239/211673/78885/22318/18550/83435/107338/215445/11980/76510/78232/106039/226541/11778/20528/74094/75869/213760","CC","young CD vs old CD","Up"
"GO:0005643","nuclear pore",69,-0.189478283040418,-0.760974099305705,0.887900355871886,0.952572915935392,0.704874174376371,1926,"tags=16%, list=14%, signal=14%","19385/223527/12626/66700/57258/110379/19384/76959/68953/19386/66371","CC","young CD vs old CD","Down"
"GO:0005795","Golgi stack",126,0.174098742765203,0.816882926903528,0.890951276102088,0.954397806369964,0.706224536240411,3095,"tags=23%, list=23%, signal=18%","56336/14595/228960/57370/71972/20444/56453/99412/226548/18550/107338/64436/53334/103534/73124/233781/20441/218271/211914/80718/108148/217310/14423/26394/18552/330406/27426/20340/56846","CC","young CD vs old CD","Up"
"GO:0002177","manchette",14,-0.238690149472245,-0.668012674878668,0.892361111111111,0.954461884350311,0.706271951942387,3653,"tags=43%, list=27%, signal=31%","69310/237465/20615/93730/54130/19384","CC","young CD vs old CD","Down"
"GO:0016592","mediator complex",38,0.204193687115426,0.745269072303488,0.895555555555556,0.956431688486069,0.707729545414392,3740,"tags=39%, list=28%, signal=29%","170826/59024/19014/75613/327987/76199/56771/20933/67219/329650/80509/70208/264064/230753/23989","CC","young CD vs old CD","Up"
"GO:0098791","Golgi apparatus subcompartment",305,0.165828414080238,0.867560183746681,0.8984375,0.957709653695572,0.7086751997122,3095,"tags=24%, list=23%, signal=19%","18693/23821/15531/56336/14595/77626/228960/57370/71972/245860/20444/260302/14683/76303/50769/76688/56453/100317/268859/20239/211673/99412/78885/226548/22318/18550/83435/107338/215445/11980/64436/76510/78232/106039/226541/11778/53334/20528/74094/75869/213760/245944/16553/103534/73124/233781/20441/218271/211914/18174/80718/54371/76932/108148/77031/217310/11781/18554/14423/360013/207425/26394/18552/330406/27426/69065/66616/20909/20340/226744/22022/54667/56846","CC","young CD vs old CD","Up"
"GO:0005657","replication fork",70,-0.191982413809356,-0.770021136061573,0.899461400359066,0.957709653695572,0.7086751997122,4673,"tags=43%, list=35%, signal=28%","69745/212377/68145/72749/67967/68240/106344/54380/18140/114714/20585/27223/13990/22590/226409/22210/22040/66131/218973/18968/18972/27354/12053/70024/60364/21767/12649/71702/53317/18538","CC","young CD vs old CD","Down"
"GO:0031234","extrinsic component of cytoplasmic side of plasma membrane",40,-0.20212034940273,-0.726814768690957,0.90127970749543,0.958202636389878,0.709039991492249,4464,"tags=45%, list=33%, signal=30%","66066/14678/14676/117149/14680/13527/14675/14707/14688/14695/14710/14674/109676/14677/11938/20191/14702/14679","CC","young CD vs old CD","Down"
"GO:0099634","postsynaptic specialization membrane",103,0.17396915762546,0.787990074011083,0.903301886792453,0.958910561504901,0.709563833943178,3730,"tags=35%, list=28%, signal=26%","74762/19280/225875/18440/105782/504186/21844/269060/216856/81904/12288/20353/93840/20187/22333/18128/14809/216169/50997/11448/20907/432530/16500/19283/13643/18007/23984/226016/16971/11419/13869/233067/211134/65945/13838/50849","CC","young CD vs old CD","Up"
"GO:0030132","clathrin coat of coated pit",18,-0.226622091157208,-0.66580357203915,0.904936014625229,0.95920504098956,0.709781739554547,3072,"tags=22%, list=23%, signal=17%","73094/12757/233489/67300","CC","young CD vs old CD","Down"
"GO:0005901","caveola",84,0.175770109868374,0.76791968663858,0.911161731207289,0.962916807120409,0.712528330438239,1464,"tags=13%, list=11%, signal=12%","16367/14252/18806/16452/98660/16974/16001/20778/12288/16337/22084","CC","young CD vs old CD","Up"
"GO:0005682","U5 snRNP",17,0.218421448175705,0.656530198817631,0.910313901345291,0.962916807120409,0.712528330438239,3486,"tags=35%, list=26%, signal=26%","20646/74351/56844/70233/67229/192159","CC","young CD vs old CD","Up"
"GO:0030119","AP-type membrane coat adaptor complex",40,-0.197655870335511,-0.710760723018885,0.914076782449726,0.964235906971657,0.713504423084811,3396,"tags=25%, list=25%, signal=19%","11782/11774/73094/74385/55946/252903/80743/67489/11769/216549","CC","young CD vs old CD","Down"
"GO:0001741","XY body",16,0.207354151405,0.617111177768076,0.915137614678899,0.964235906971657,0.713504423084811,72,"tags=6%, list=1%, signal=6%","13435","CC","young CD vs old CD","Up"
"GO:1905354","exoribonuclease complex",22,0.207898168693443,0.6673957556936,0.923423423423423,0.971518393393393,0.718893235340604,2657,"tags=23%, list=20%, signal=18%","103135/338359/213550/76130/14904","CC","young CD vs old CD","Up"
"GO:0001750","photoreceptor outer segment",55,-0.185865492387681,-0.715027425217802,0.933572710951526,0.979281760597521,0.72463788434001,4046,"tags=31%, list=30%, signal=22%","320299/19888/52906/19224/72088/14688/216274/245049/102774/19126/56508/11891/17918/21405/381259/17289/27276","CC","young CD vs old CD","Down"
"GO:0032588","trans-Golgi network membrane",39,-0.193606204097598,-0.688446764071446,0.932727272727273,0.979281760597521,0.72463788434001,4692,"tags=46%, list=35%, signal=30%","108012/51800/69048/13196/106572/107767/381812/104759/11977/17912/666173/11981/18196/252903/53869/11769/99889/216549","CC","young CD vs old CD","Down"
"GO:0000228","nuclear chromosome",198,0.163045285169349,0.816641574264748,0.94059405940594,0.979853938164333,0.725061277849585,2448,"tags=18%, list=18%, signal=15%","268448/223697/100043597/52592/71954/15161/59035/22632/16882/15574/100683/72895/22138/21848/233875/76022/238247/20174/78656/50496/117599/11545/68298/69188/21853/52915/52463/227195/22445/75560/103733/20587/235134/59014/57261/20382","CC","young CD vs old CD","Up"
"GO:0031965","nuclear membrane",279,0.156960493872806,0.813515470768012,0.954907161803713,0.979853938164333,0.725061277849585,1533,"tags=13%, list=11%, signal=12%","68048/54563/99031/17125/209361/68539/13340/223697/77626/16906/192160/18440/50850/67181/109077/13400/16169/231861/68510/107939/13663/240752/65103/58887/208263/84585/266692/269400/224640/230917/77053/54387/77832/19720/18141/30944","CC","young CD vs old CD","Up"
"GO:0005814","centriole",134,-0.169174029881075,-0.763026574208155,0.951505016722408,0.979853938164333,0.725061277849585,3470,"tags=27%, list=26%, signal=20%","19428/269702/100182/20873/26370/12589/70799/319675/68475/231672/76411/18536/216274/102774/212514/17274/245902/235587/381175/20620/20878/233064/12626/17997/26426/11799/53869/545389/54130/211484/12332/19384/14317/71710/76816/21973","CC","young CD vs old CD","Down"
"GO:0000428","DNA-directed RNA polymerase complex",89,-0.179294952018602,-0.749416743095686,0.940754039497307,0.979853938164333,0.725061277849585,3352,"tags=29%, list=25%, signal=22%","23894/270627/20016/20022/69833/66420/14884/245841/18968/99730/68776/19184/22156/20018/223527/67710/67005/231329/72504/98053/229906/21399/17749/407786/109115/68705","CC","young CD vs old CD","Down"
"GO:0097014","ciliary plasm",95,0.163961387000692,0.7362488409063,0.954545454545455,0.979853938164333,0.725061277849585,3090,"tags=24%, list=23%, signal=19%","77627/56350/75136/71860/101100/18747/69926/72507/64436/19087/14633/74019/106633/67661/75782/380654/22158/14894/23955/17762/207425/52028/22153","CC","young CD vs old CD","Up"
"GO:0005801","cis-Golgi network",55,0.168256654186859,0.680230424765652,0.952808988764045,0.979853938164333,0.725061277849585,2751,"tags=20%, list=20%, signal=16%","72727/99412/77578/107338/78232/53334/228875/18708/217379/16886/105785","CC","young CD vs old CD","Up"
"GO:0030125","clathrin vesicle coat",28,-0.192881604599524,-0.636613910762354,0.945054945054945,0.979853938164333,0.725061277849585,2380,"tags=18%, list=18%, signal=15%","12757/252903/11769/216549/67300","CC","young CD vs old CD","Down"
"GO:0032982","myosin filament",23,0.189571537539984,0.613752937760685,0.951501154734411,0.979853938164333,0.725061277849585,717,"tags=9%, list=5%, signal=8%","380698/17884","CC","young CD vs old CD","Up"
"GO:1990498","mitotic spindle microtubule",15,-0.215870753008332,-0.609999431093703,0.947552447552448,0.979853938164333,0.725061277849585,3542,"tags=40%, list=26%, signal=30%","13589/71909/76478/319675/66296/67300","CC","young CD vs old CD","Down"
"GO:0070938","contractile ring",12,-0.226572892943672,-0.603866911245037,0.939501779359431,0.979853938164333,0.725061277849585,3206,"tags=42%, list=24%, signal=32%","233406/17886/240641/22288/18457","CC","young CD vs old CD","Down"
"GO:0030061","mitochondrial crista",12,0.222160261175376,0.603780424826962,0.938636363636364,0.979853938164333,0.725061277849585,2441,"tags=25%, list=18%, signal=21%","20845/11640/74143","CC","young CD vs old CD","Up"
"GO:0005921","gap junction",15,-0.212363403367673,-0.600088494778184,0.952797202797203,0.979853938164333,0.725061277849585,4306,"tags=33%, list=32%, signal=23%","55991/13346/21873/14619/14618","CC","young CD vs old CD","Down"
"GO:0032797","SMN complex",10,-0.235450713599053,-0.590695082459001,0.943533697632058,0.979853938164333,0.725061277849585,10350,"tags=100%, list=76%, signal=24%","20901/66603/216766/69731/20595/53975/67242/276919/14265","CC","young CD vs old CD","Down"
"GO:0071598","neuronal ribonucleoprotein granule",10,0.225002175126451,0.588909355727932,0.951434878587196,0.979853938164333,0.725061277849585,5532,"tags=70%, list=41%, signal=41%","13688/16570/54633/11838/15384/53379/16589","CC","young CD vs old CD","Up"
"GO:0031414","N-terminal protein acetyltransferase complex",10,-0.232025247174772,-0.5821013256552,0.947176684881603,0.979853938164333,0.725061277849585,4075,"tags=40%, list=30%, signal=28%","231713/72117/67877/78304","CC","young CD vs old CD","Down"
"GO:0033270","paranode region of axon",12,0.209178936260184,0.568500173396559,0.959090909090909,0.982720685111989,0.727182580958325,2284,"tags=17%, list=17%, signal=14%","53321/64383","CC","young CD vs old CD","Up"
"GO:0043198","dendritic shaft",49,0.177948190121969,0.691414507990964,0.963882618510158,0.985953353005376,0.729574654125917,4034,"tags=31%, list=30%, signal=22%","243547/238276/54393/216856/12288/50997/56637/240057/67703/17754/11419/211134/13838/56320/67903","CC","young CD vs old CD","Up"
"GO:0019908","nuclear cyclin-dependent protein kinase holoenzyme complex",26,-0.181789545292038,-0.593770444908865,0.965034965034965,0.985953353005376,0.729574654125917,2863,"tags=27%, list=21%, signal=21%","23894/14884/66354/19184/51813/19645/68705","CC","young CD vs old CD","Down"
"GO:0097733","photoreceptor cell cilium",77,-0.172056977719583,-0.702947707132657,0.97335701598579,0.988566834749315,0.731508548902567,4165,"tags=31%, list=31%, signal=22%","72726/320299/19888/52906/58222/19224/72088/26370/81896/14688/216274/245049/102774/19126/56508/11891/17918/12626/21405/71481/381259/76816/17289/27276","CC","young CD vs old CD","Down"
"GO:0005930","axoneme",94,0.156248030810741,0.699329074556874,0.974828375286041,0.988566834749315,0.731508548902567,3090,"tags=23%, list=23%, signal=18%","77627/56350/75136/71860/101100/18747/69926/72507/64436/19087/14633/74019/106633/67661/75782/380654/22158/14894/17762/207425/52028/22153","CC","young CD vs old CD","Up"
"GO:0015030","Cajal body",51,0.170904611825199,0.67899820479568,0.975982532751092,0.988566834749315,0.731508548902567,896,"tags=8%, list=7%, signal=7%","218333/75956/102423/70052","CC","young CD vs old CD","Up"
"GO:0035861","site of double-strand break",83,-0.162207594240588,-0.67274834316299,0.9695885509839,0.988566834749315,0.731508548902567,4508,"tags=37%, list=33%, signal=25%","68089/72749/66403/68240/56443/54380/56455/225182/20184/19356/19360/27223/13990/67490/67771/226026/22376/235587/77782/27354/74117/75570/16905/11920/74729/76709/108138/383619/109019/66713/56378","CC","young CD vs old CD","Down"
"GO:0000137","Golgi cis cisterna",13,-0.20326924465837,-0.558562543644741,0.970588235294118,0.988566834749315,0.731508548902567,2696,"tags=46%, list=20%, signal=37%","17110/69048/58994/12068/66500/17105","CC","young CD vs old CD","Down"
"GO:0000439","transcription factor TFIIH core complex",10,0.211565481032315,0.553740829656378,0.975717439293598,0.988566834749315,0.731508548902567,10672,"tags=100%, list=79%, signal=21%","13871/13872/14885/209357/66671/17420/12572/66467/23894/14884","CC","young CD vs old CD","Up"
"GO:0097731","9+0 non-motile cilium",87,0.155339541552533,0.683861134852604,0.981859410430839,0.990927047275121,0.733255032376588,3167,"tags=24%, list=23%, signal=19%","67534/16328/18750/56350/224824/56506/67463/27222/68097/243923/213081/93893/106633/68259/75782/93887/22158/330286/320244/11304/17754","CC","young CD vs old CD","Up"
"GO:0030118","clathrin coat",46,-0.172807562441353,-0.644139706345879,0.981981981981982,0.990927047275121,0.733255032376588,3100,"tags=22%, list=23%, signal=17%","11774/73094/55946/12757/252903/233489/67489/11769/216549/67300","CC","young CD vs old CD","Down"
"GO:0070847","core mediator complex",26,-0.172615503949968,-0.563805715086021,0.982517482517482,0.990927047275121,0.733255032376588,4190,"tags=38%, list=31%, signal=27%","381379/67279/108098/66213/234959/67224/69790/66172/26896/69792","CC","young CD vs old CD","Down"
"GO:0042575","DNA polymerase complex",18,0.162761511059115,0.503344514428333,0.989010989010989,0.996055226824458,0.737049724903976,293,"tags=6%, list=2%, signal=5%","18975","CC","young CD vs old CD","Up"
"GO:0098985","asymmetric, glutamatergic, excitatory synapse",11,-0.190282502588375,-0.490475762411046,0.990925589836661,0.996563857773142,0.737426095903003,10961,"tags=45%, list=81%, signal=9%","66797/22629/54712/23945/16412","CC","young CD vs old CD","Down"
"GO:0032391","photoreceptor connecting cilium",36,0.154733236010475,0.552455803482156,0.993181818181818,0.997414127066116,0.738055268595041,2836,"tags=22%, list=21%, signal=18%","56350/67463/213081/93893/106633/75782/93887/330286","CC","young CD vs old CD","Up"
"GO:0098831","presynaptic active zone cytoplasmic component",12,0.151837881813475,0.412660393452614,0.997727272727273,0.997742663656885,0.738298375400092,11480,"tags=100%, list=85%, signal=15%","13016/111173/20910/12388/12217/110784/245666/228983/26875/76787/12387/13017","CC","young CD vs old CD","Up"
"GO:0000795","synaptonemal complex",21,0.127072232089994,0.406471039011737,0.997742663656885,0.997742663656885,0.738298375400092,11816,"tags=100%, list=87%, signal=13%","16882/22445/71846/13006/320558/574437/19361/27083/217716/17350/12190/22441/12144/68275/20962/15512/16319/70691/12189/24061/18970","CC","young CD vs old CD","Up"
"GO:0099086","synaptonemal structure",21,0.127072232089994,0.406471039011737,0.997742663656885,0.997742663656885,0.738298375400092,11816,"tags=100%, list=87%, signal=13%","16882/22445/71846/13006/320558/574437/19361/27083/217716/17350/12190/22441/12144/68275/20962/15512/16319/70691/12189/24061/18970","CC","young CD vs old CD","Up"
