tissue,name,PC1,PC2,PC3,PC4,PC5,PC6,PC7,PC8,PC9,PC10,PC11,PC12,PC13,PC14,PC15,PC16,PC17
Liver,(+)-Nootkatone,-0.029226773517766143,0.03401732220388243,0.001171107278471254,-0.0018877899960260682,-0.0017961613693531153,-0.03085130817141165,-0.028260286473938617,-0.004346075113352279,-0.028931019114545656,-0.008142498436439717,-0.019145003567578492,-0.06649089648457684,-0.03788017313422546,-0.04456835677504957,-0.013700671593967048,0.005724015323364247,-0.32812496766761884
Liver,(+)-castanospermine,0.012056062930501257,-0.018071319317265844,0.023513535644517223,0.07557417301406566,-0.022673762117531217,0.022912764373023087,-0.01014842977360206,-0.021553354067579557,-0.012075452686488486,0.029803962196026674,-0.016924641076698436,-0.015137634233646429,-0.009111180446003137,-6.440386625253945e-4,-0.009163820518224626,-0.006078424507790114,0.21930638337113975
Liver,"(10E,12Z)-10,12-Hexadecadienal",0.0015131962964404296,0.03174309761825321,-0.014860802021171696,-0.01589937076959043,-0.00156329056608864,0.045813948960553956,0.016650318375477403,0.021673604613486348,0.05528037489843877,-0.04986745065150956,0.013894383356844535,-0.006366179535305214,0.0135824190951187,-0.009686704987376685,-0.013395298802401952,0.08066240381909887,0.07174852454403423
Liver,"(10Z,12Z)-octadeca-10,12-dienoylcarnitine",-0.0018783063673023137,-0.009740834542935072,0.002694623985813575,0.055903023007824335,-0.02230685432868824,-0.02895696329068797,0.02073140976786095,-0.06707773894644475,-0.01773887313538645,0.04697227460652616,4.622146554267558e-5,-0.02906892941289276,-0.010621977677083633,0.030830513460796283,0.005366601962353261,-0.015670073966415104,-0.13022437615682408
Liver,(11E)-15-Oxo-11-icosenoic acid,-0.03136854171457822,-0.010335419186728754,-0.04474069888431581,0.0091743634726943,0.04057858128326156,-0.02994539404027773,-0.02084312370445047,-0.003892252891814388,-0.033730819999267296,-0.008915222758418885,0.016227989176627336,-0.016176613985309004,0.008444699545433079,0.019798485132833953,0.03164289059853163,-0.00977440930100907,0.1572973660518127
Liver,"(12Z)-9,10,11-trihydroxyoctadec-12-enoic acid",-0.009372835813008849,-0.02707964371662089,-0.028934798003450706,0.027645491157023437,0.05694669417620803,0.0037152014372158885,-0.026215670410154088,2.347187623789447e-4,0.043143509006808786,-0.018211457012645253,0.042263335156346414,-0.03684580888274638,-0.008578806403938969,0.007187395883122016,0.019723416355103534,-0.002024450968205833,0.04521283143026123
Liver,"(13Z,16Z)-hexacosa-13,16-dienoic acid",0.03254146847173407,-0.01556533477758355,0.023351482313516574,0.016438980830600917,0.04538834772142453,0.028494678066794746,-0.02468263517259,-0.008369551441007936,-0.02558130050592843,-0.03405108830879909,0.043961975732680646,-0.023391416599345665,-0.002330712825361026,-0.02208680700341462,5.163115734575274e-4,0.016610325825269716,-0.06441068387070589
Liver,"(15R,21S)-18,21,22-Trihydroxy-3-methyl-18-oxido-12-oxo-13,17,19-trioxa-18λ~5~-phosphadocosan-15-yl 22-methyltricosanoate",-2.8653631033582046e-4,-0.018339379140498536,0.03651104138191063,-0.052892796019623364,-0.01837926705534556,0.026677425419029118,0.026474460490032693,-0.02136545201122124,-0.03424672200801676,-0.009525263379306537,0.03683893187076793,-0.027581235130010692,-0.0345166497305928,0.039267649283379336,-4.1813058858760477e-4,0.00468471824377956,-0.017176722176591625
Liver,(17Z)-tricos-17-enoic acid,0.02877561311370415,-0.020894459276742838,0.027871443129632065,-0.005979630910769349,-0.005568036887261168,-0.031430717955604745,-0.05401635406457282,-0.03537675356698566,0.009843621155722852,-0.009852447952372825,-0.03298551437623599,-0.013911962109406819,0.032002026149624475,0.039230356670423384,-0.028917773462614062,0.003674450660780346,-0.03660357717757594
Liver,(1E)-N-Hydroxy-4-(methylsulfanyl)-1-butanimine,0.03744194780402445,-0.02084765826501881,-0.016974891067355523,-0.002586139258640262,0.014807435200781932,0.030249820190499144,-0.034829853827732286,-0.0010443879159288852,0.013931937517461504,-0.0135522378903768,0.027972595231635405,0.00302181476847496,-0.07215657964452286,-0.015391597496037033,-0.016985938151406397,0.005048763304550254,0.073102858138722
Liver,"(1R,5R)-3,3,5-Trimethylcyclohexyl 5-oxo-L-prolinate",0.04922776698116593,-0.0022944270001153334,-0.034001561448205805,-0.005826414062914623,-0.0056725713900295125,0.011654423397834637,-4.3600576006385056e-4,0.031022716642134476,-0.008477019985016248,-0.008656263605139167,-0.026125631345936505,0.008440189028841355,-0.020280697201894165,-0.006687443650421398,7.635890159819885e-4,-8.340438745938286e-4,0.09203055182671661
Liver,"(1aR,2R,3S,11cS)-6,11-Dimethyl-1a,2,3,11c-tetrahydrotetrapheno[1,2-b]oxirene-2,3-diol",0.0341676619529267,-0.004051708812847897,0.039440173297139766,-0.011457177774301212,-0.022063754918602678,0.0030638417606450937,0.016955579394576842,-0.0070200176439649134,-0.02084345222187131,0.03317371204538579,-0.05061432903949829,0.029253035203460516,0.02651177970883353,-0.02886748734060561,-0.03546530248563838,0.007504755150518202,-0.047843084551981975
Liver,"(2E,4E)-2,4-Hexadienoic acid",0.023040403894377406,-0.014901838840316173,0.02929769351985452,-0.04283051927448658,0.006772036563330546,-0.012464295168357615,0.04622438466616969,0.04125750473245785,0.01977976989518703,-9.01990379589381e-4,0.006280867685794175,-0.04776138205949747,0.0037776508526370773,0.037940212675483545,-0.022760394506937443,0.015687755534450794,-0.09482639915574817
Liver,"(2E,4Z)-N-Isobutyl-2,4-octadecadienamide",-0.014927084375419848,-0.0263430545719294,0.021750207332646265,-0.04053720259485189,-0.015471936807895877,0.05094822838271069,0.013764309974079276,-0.010022005904723555,0.0028208537865778813,0.018703516880041234,-0.07688157249584636,-0.010728385954215379,-0.02034783420643146,-0.009608549218625202,-0.003030148215238481,0.010429917178057945,-0.2063666805181353
Liver,"(2E,5Z,7E)-Decatrienoylcarnitine",0.014343192756378688,0.03455805608374497,0.003848197175214174,0.0383920373780638,0.015167601215995448,0.03621836933023766,0.04700793633526488,-0.010957635284108575,-0.022431774935753913,-0.03574744637704875,-0.011114990169221533,0.010055362878969843,0.05010820887047135,-0.036196302531258766,0.006231855945842263,-0.0243299808264024,0.07086605771827671
Liver,(2R)-1-(Octanoyloxy)-3-(phosphonooxy)-2-propanyl palmitate,0.023722631329327185,-0.0018640504055001024,0.026406299064233387,0.014707990536426806,-0.015781024669741257,-0.03655104040501568,0.02881420359462392,0.06364833377242185,-0.03873398424406102,-0.023632865068680026,-0.03997561849911299,-0.009006629822424273,0.00927578732926527,0.007037061574442972,-0.043159443014191126,0.016298443723211306,0.1811599421393877
Liver,"(2R)-1-[(Hydroxy{[(1s,3R)-2,3,4,5,6-pentahydroxycyclohexyl]oxy}phosphoryl)oxy]-3-(palmitoyloxy)-2-propanyl (9Z)-9-hexadecenoate",-0.04037723116721114,0.012959007492531234,-0.012124394673939809,-0.01921826433486416,-0.003666037233384347,-1.9278702282249694e-4,-0.0012028825612816231,-0.04234018722713213,0.01866140861344,0.0038447945334609216,-0.01939142095740261,-0.056273677524303616,-0.0010671325489920232,-0.055394197701022455,-0.005076080779424958,0.021729387301690203,0.019838728514667392
Liver,"(2R)-1-[(Hydroxy{[(1s,3R)-2,3,4,5,6-pentahydroxycyclohexyl]oxy}phosphoryl)oxy]-3-(stearoyloxy)-2-propanyl (5Z,8Z,11Z,14Z)-5,8,11,14-icosatetraenoate",0.04252326901946388,0.00579487368144512,-0.011949029796127228,-0.030051921716328475,-0.026904190981716095,-0.03166962077928257,-0.014937383971532554,0.03222013281252731,-0.0038617618229127844,-0.00921227104906531,-0.03140812782884314,0.008340873541453638,-0.005434665731982283,-0.03306175115101301,0.023943962554924692,0.01738444520102718,-0.04483202764309182
Liver,"(2R)-2,3-Dihydroxypropanoic acid",0.019076487407669714,0.012599401520970334,-0.0014076461296260244,0.01552367606146367,0.07517829699474475,-0.007106202507017889,0.0025190020021688413,0.03602615801452236,0.029264974771292824,0.019177429260404038,-0.031700570997689276,0.0250473074587813,0.042410333897625226,-9.964681037481662e-5,0.002542707019222682,0.006095707035333179,-0.0525869565529155
Liver,"(2R)-2-Hydroxy-3-[(hydroxy{[(1S,2R,3R,4S,5S,6R)-2,3,4,5,6-pentahydroxycyclohexyl]oxy}phosphoryl)oxy]propyl palmitate",0.03441620203210962,-0.016389411205763673,0.012132179626972215,-0.038037522878622027,0.036519258162419334,-0.032743623007065674,-0.032023984349166784,-0.020523033331512088,0.016261789137715216,-0.0020320563146922718,-0.01026323342400354,0.02103089217413967,0.04262551482261929,-0.015467354848997203,0.0025412916003914737,-0.009534111017670127,0.023687521562701
Liver,"(2R)-3-[(Hydroxy{[(1s,3R)-2,3,4,5,6-pentahydroxycyclohexyl]oxy}phosphoryl)oxy]-1,2-propanediyl dihexadecanoate",0.027185104175819055,0.004884555278738978,0.022897531828813468,-0.04150544906509831,0.042050510986805505,0.0033788520998219358,-0.008033663945957364,0.004505720168163933,-0.02336646430793068,-0.01929553645494817,-0.030589147586873793,-0.017611593078307095,-0.03518261031378002,0.06370116588270643,0.008355731228559614,-0.021830035148737516,0.0062296378471428165
Liver,"(2R,3R,4R)-2-Amino-4-hydroxy-3-methylpentanoic acid",-0.020489490225468705,0.013270275071958946,0.010722921660098538,0.06710966109608263,-0.020366394472193055,-0.01856869756948749,0.04130240276855742,-0.033511043460238366,0.0036650676486117756,-0.004763708242014492,0.005353279874933925,0.022025362307514146,-0.028961781434495463,0.012284643570322943,-0.021200428462540527,-0.015543788066552999,0.0012363330141964082
Liver,"(2S)-1-Hydroxy-3-[(9Z)-9-tetradecenoyloxy]-2-propanyl (4Z,7Z,10Z,13Z,16Z,19Z)-4,7,10,13,16,19-docosahexaenoate",-0.013885899876878743,-0.017280807892187236,0.009585788912227777,0.004517994041800895,-0.008278223412835337,-0.017487838420230644,0.010265233089968021,0.02802739969576069,-0.05100725782754658,-0.027513604646028842,0.044248226600179484,-0.014243075874907524,0.00840777591510294,-0.03581118126376928,0.076369728245855,0.08075238013296417,0.005324084372576516
Liver,"(2S)-3-Hydroxy-2-({[(3S,4S,5R)-2,3,4-trihydroxy-5-(hydroxymethyl)tetrahydro-2-furanyl]methyl}amino)butanoic acid (non-preferred name)",0.03972809299690872,0.0028011838363074548,-0.03995140950671349,0.014004885745395046,0.04479048854769041,0.01971077511381339,0.015629455721781732,-0.009188880688584871,-0.0149751992008639,9.053006047980681e-4,-0.012114699351393435,-0.009241743732063996,0.010881042600197696,-0.008854840479332693,0.016871362775923847,-0.022027703957306206,-7.389276246379554e-4
Liver,"(2S,3R,5S)-3-(2-Aminoethyl)-7-oxo-4-oxa-1-azabicyclo[3.2.0]heptane-2-carboxylic acid",-0.02000675664529805,-0.049771821011993476,-0.02437957506682449,-0.01950073149683957,-0.034061775445444045,-0.020796065087762935,0.017921395957739852,0.0035891659872560435,0.03322116990594873,-0.04035766131262119,-0.008842890008516147,-0.0019312951011762243,0.007093762075732273,0.006513009586464044,0.011477045861732397,0.016276934685437575,0.008903516459240953
Liver,"(2Z,4E,6E,8E,10E,12E,14Z)-15-(6-Hydroxy-4,4,7a-trimethyl-2,4,5,6,7,7a-hexahydro-1-benzofuran-2-yl)-2,6,11-trimethyl-2,4,6,8,10,12,14-hexadecaheptaenal",-0.024771494269911074,-0.020645380863644328,-0.03573195515219962,0.0019515690397037071,0.04212932954022513,-0.04229407553433659,-0.009065454397862853,-0.024134658948402703,-0.05941649879965259,-7.770366181867329e-4,-9.694342012717777e-4,-0.012355045197451226,-0.009654524546529588,-0.008158030069528028,0.013397833878117073,0.00681609595573366,-0.010118517845681645
Liver,"(3s,6R,7S)-6,7-Dihydroxy-8-methyl-8-azabicyclo[3.2.1]oct-3-yl (2E)-2-methyl-2-butenoate",0.02866070150137535,-0.015958185437891938,-0.010401273812864022,-0.05517391031789237,0.006220448704042649,0.0036422465469659678,0.0252950518227103,-0.02594902002569561,-0.0033800274256673684,0.03316797680531332,0.050182642635755836,-0.0012181807533139053,0.025576900974698256,0.007172839678068614,0.021479716193081415,-0.04124067686935445,0.010695588362342408
Liver,"(4E)-5-[(2R,3aS,5R,5′R,6S,6″S,7aS)-2-{(S)-Hydroxy[(2R,3R,5S,6S)-2-hydroxy-3,5-dimethyl-6-{3-[(1′R,2R,2′S,3R,5S,6′S,8′R,10′R)-3,5,10′-trimethyl-8′H-spiro[piperidine-2,4′-[3,7,12]trioxatricyclo[6.3.1.0
~2,6~]dodecan]-8′-yl]-1-propen-2-yl}tetrahydro-2H-pyran-2-yl]methyl}-6-methyl-2,3,3′,3a,4′,5″,6,6″,7,7a-decahydrodispiro[furo[3,2-b]pyran-5,2′-furan-5′,2″-pyran]-6″-yl]-4-pentenoic acid",0.02348910545237735,0.01121846424949096,-0.011506380713146885,-0.00940613453780991,0.038374415626683936,-0.00606578011364796,0.021480879563388084,-0.05659159362454531,0.010196744776007368,0.005147630008195494,0.003530368943472624,-0.003512392721853409,0.08986626341028758,0.03544968852176227,-0.0014438492447507497,-0.013604059593011381,-0.0049022316211222265
Liver,"(4Z,7Z,9E,11E,13R)-13-{[(2S)-2-Amino-2-carboxyethyl]sulfanyl}-14-hydroxy-4,7,9,11-octadecatetraenedioic acid",-0.0171353120469566,-0.005290338714830961,-0.035769794369387625,-0.029422294671880893,0.001082422823580816,-0.006296393051802141,-0.03394772972836247,0.01298716016774551,0.011281153961903526,0.07971869280932405,0.0335737640146256,0.016045291875953986,-0.0146185280743143,-0.03197316804104087,0.044860456137703494,0.021010607807903297,-0.005164383369196262
Liver,"(5Z,8Z)-Tetradecadienoylcarnitine",0.02111408152382313,0.021970982333485815,0.020588695176285955,0.06791569503162895,0.010762919580497611,0.0040672993048670985,0.030404973805256634,-0.02481328681495652,-0.0035072660360643817,6.605238759861522e-5,0.014476723065930407,0.030382766699412016,-0.004222945190166944,0.020413194264878882,-0.015586098018812562,-0.0327925818631342,-0.017689370671441104
Liver,(5α)-Androst-3-en-17-one,-0.03916853032623843,0.010372590417718501,-0.01544133983416335,-0.00889705151350249,-0.03542615549196037,-0.027580028927326344,-0.03220530241922611,0.004273658724402142,-0.049230016777439704,1.9169133115222122e-4,0.04388065704641454,-0.01587713682338191,0.0059186541618638285,-0.005297339599489479,-0.002890041417517254,-0.00482899911718976,-0.012957299938871214
Liver,"(6Z,9Z,12Z,15Z)-6,9,12,15-Octadecatetraenal",-0.042400664889061704,0.018644352311643127,-0.03455529619236485,0.012243312720628004,0.009390589720046121,-0.0012767152271421882,-0.0013632948641494945,-0.01656878993959334,0.033061457894515235,-0.03130758367287667,0.0033097752645652456,-0.04353368262468902,-0.0012491995836067334,-0.015606526894423425,-0.008542348682826056,-0.0014396344558845473,-0.023957748589336768
Liver,"(6Z,9Z,12Z,15Z,23R,29S)-26,29,30-Trihydroxy-26-oxido-20-oxo-21,25,27-trioxa-26λ~5~-phosphatriaconta-6,9,12,15-tetraen-23-yl (4Z,7Z,10Z,13Z,16Z,19Z)-4,7,10,13,16,19-docosahexaenoate",0.03951572390431916,0.009700430149565694,-0.03973324439921188,-0.01626758573322819,0.034189072755275926,0.0155935447923704,0.03281150245859736,-0.019188241385039155,0.020930546340965722,0.010024773598417079,-0.009930943723809255,0.006543505070341425,0.01889468905204844,0.0017406728348612623,0.008787403011253837,-0.007337096711424323,-0.028066283024734524
Liver,"(7Z,10Z)-Hexadecadienoylcarnitine",-0.012255806551480173,0.051450340047962846,0.017943907643283533,0.02400980481744706,-0.018756102639211458,0.027133907794188228,-0.023444891689568176,-0.01624744757546501,0.015983237248008625,0.04131413608133353,-0.002067902273588271,-0.027734323615408327,-0.00549662832094457,-0.039738319303754745,-0.023358616433931313,-0.027215865123356452,0.009399139245497228
Liver,"(8E,15Z)-1,8,15-Heptadecatriene-11,13-diyne",-0.033238076164037254,-0.018345968258003297,-0.027563203307500353,0.00873331957997184,0.006880200863392373,0.018018081016583788,0.018066111027251947,-0.027879704223111524,-0.022865659506351006,-0.049303913902420456,0.0029945559630364244,-0.01853701604046611,-0.03089842501727348,0.04832925993504675,0.04183214669651688,0.031670189679259664,-0.011314990629972736
Liver,"(8Z,10E)-Dodeca-8,10-dienoylcarnitine",-0.014310979898154127,0.050050312657199676,0.023013631330795835,0.017176351208275525,-0.013558565398312076,0.01087113322144033,0.01829675884060591,0.0026609625620893002,-0.0380706666162761,-0.04104371076972477,0.009152792370729974,0.041408751593857845,0.0071233909466214985,-0.042911224366622765,0.02416130139372588,-8.49488572783231e-4,0.011352497875347986
Liver,(9Z)-9-Octadecenamide,0.0027935250070503883,0.05085515853093033,0.025836557171194256,-0.0332317650101484,0.006240283220182099,0.018731289205322497,0.03514928215395048,-0.0041063606172597345,0.0026290391490891188,-0.0317199352392879,0.03223986364305546,0.023122707648989875,-0.005550428133580704,0.010726973042503307,0.04903969298643119,-8.333535427117242e-4,0.005785254917877279
Liver,(E)-3-O-Methyl entacapone,-0.022577984749505543,-0.042550825873306664,0.010025138302554732,-0.02567681388813656,-0.028014890493370272,0.0335658038452014,-0.03207855158856164,0.028369985451235345,0.0033263779097373303,0.010938235202129982,-0.001334535574948769,0.02163201145922103,0.03241991182006576,0.0332011416195657,0.03770116693447878,-0.010772919519905666,-0.032270516003405234
Liver,(E)-p-coumaric acid,-0.0025971422523178513,-0.001061542386073788,-0.06122109344157586,-0.004785050518814417,-0.004554859792281884,-0.014451271507909131,0.044726325577979564,-0.04981384281699915,0.01660894673713403,0.022136731119714485,-0.015538910567373372,0.03846995446306799,0.018740928618975625,-0.01772743633261302,-0.00875586231390369,-0.0036666184923196212,-0.04432643164004912
Liver,"(E,E)-2,4-Dodecadienal",-0.041500346207136406,0.029974584004353707,-0.009381205785712237,-0.0019017478017544567,0.0011528276577502164,0.021026333369169623,-0.016910439368002086,-0.009183530122720981,0.008854644252436313,0.011390851950298464,-0.025760651550314376,-0.05236127989594189,-0.0033606316128477367,-0.039549422625030826,-0.009604339936533172,-0.03463828723774278,-0.008284111145299996
Liver,(Methylthio)pyrazine,-0.016186452352008274,-0.031193281232019147,-0.027060599854360035,-0.028447765658732926,0.006782994710923838,0.0021603867640554377,0.023199872365396237,-0.026220219154652696,-0.05750201441415941,0.03363923585672019,2.2112180393567027e-4,-0.037636142837443314,-0.04199449415000859,0.009984799996612215,-0.027212819826441453,0.040888446765273034,0.014457986029191064
Liver,(R)-2-Benzylsuccinate,-0.018038675994560195,0.0016179503881487984,0.01913211526286162,-0.008967619393954733,0.02295001656736897,0.021270988576160808,-0.03367586383940616,-0.0010185411693555636,0.03303496650954069,0.021502482889638085,0.08657527630631531,-0.03904216445421712,-0.0349867329368755,0.04318721899102397,-0.028491544926828895,0.0010454336809441237,-0.01453920422552924
Liver,(R)-Lipoic acid,-0.02771472079178313,-0.02546837784966449,-0.0011048714767834162,-0.009074961693147645,0.00578793376827292,0.026224817172661737,-0.06618342578387694,4.051000615504549e-4,-0.009779975642033215,0.018019858980829365,-3.006274137935909e-4,0.03583005294252918,-0.0015022725275706103,-0.0655752695221542,0.0028538335455372712,-0.031030810801622805,0.004366243792976577
Liver,(S)-Succinyldihydrolipoamide,0.031294389497477745,-0.013682539170426012,0.015015711944416225,0.0059965290420537585,0.001806958411471113,-0.027663742242598575,-0.05210993066209374,0.004733957276008534,0.03277607793844874,-0.015562985457325072,-0.03293651923994783,0.0017693209523041886,0.0461942849532929,-0.059249059950585596,0.02364802188556513,0.01912252635392651,0.007052353526056857
Liver,(S)-beta-Aminoisobutyric acid,-0.029145321302271276,0.00799838362011416,0.03975357906668914,0.014765009747494907,0.01912426453125026,0.03729367745589046,0.025138699552993943,-0.049784302609389666,0.01691916171268016,0.02521652777327487,-0.013685973531286883,0.01116932401770995,-0.04164613709787033,0.020798665059652673,0.008314817693122561,-0.005133578847455671,0.013874480124471436
Liver,"(S,E)-Zearalenone",0.035265022385992405,2.987348806080373e-4,0.031242403720120403,-0.02561265472536323,0.005425424340955171,-0.02704647495100808,0.03237490627921604,0.04560992153389228,0.0038342982797731602,-0.015074301529063958,0.020759893772915237,-0.034498352778091976,0.005484911583719059,0.02437372731139092,-0.022769343750745075,-0.033981299523939586,-0.0072025729088963635
Liver,(±)-Tartaric acid,-0.006644653999592026,-0.05522639903137768,-0.0036149061084256944,0.05071127314251073,-0.00322645423357835,0.025461062641695238,0.009991617386176379,-0.001041437503114812,-0.006543066100737295,0.021669839581922097,-0.03983595833247634,-0.014043155627753367,-0.016429167142468504,-0.009045470819685885,0.003247773668778779,0.00144994865724239,0.015425791042502829
Liver,(±)-Tetrahydropalmatine,-0.0094004330792316591,-5.588558752864911e-4,-0.036115309377751786,-0.03538174242182521,-0.04657261418125434,0.014275200580485018,-0.023439278265779562,0.0420378544551876,0.06441243799038252,0.0017878358427646645,-0.003477372036780891,0.010549632354118594,0.019352725551669368,0.00956062448266796,0.0036944867667383125,0.02412454566068766,0.013902277236927028
Liver,(±)18-HEPE,-0.020565412321307864,0.014425536115385227,-0.009972764453335845,0.005741284634835029,-0.01785284052033632,-0.01055775480590499,0.028832750337552834,-0.012479373913263194,0.05364642516324462,-0.035545875550489055,0.017634490822659526,-0.031755423358035606,0.03553051139457536,0.01422472265753546,-0.0019001667258521278,0.10199705878342769,0.028900786560023796
Liver,(Â±)-2-Hydroxy-4-(methylthio)butanoic acid,0.030411702172168053,-0.027010914981123377,0.02456900130915089,0.023827045717009755,-0.01587595193390099,-7.722893700552819e-4,-0.01734099110389287,0.0449068449165471,-0.04023807559107058,-0.01204073881976655,-0.04658427381998027,-0.025000891271714374,0.025832263184415564,-0.010790291457763604,-0.004202686945543961,0.025206769468815716,0.0013516883982910633
Liver,(Â±)-2-Methylbutanal,0.009930620275630108,-0.019025970248980537,0.032239302574154236,-0.01173587034292428,-0.007399301458853605,-0.05773842544940437,-0.05506900730269884,-0.030862989464077988,-0.02286209376502601,-0.03460850088328783,-0.03471925699112619,-0.027097585433089204,-0.005433475425482457,0.018465349091131386,-0.020074247237630936,-0.010646010618025588,0.01702644750008367
Liver,(Â±)-Metalaxyl,0.01852797150135632,-0.01401694607290149,0.013753544799905865,-2.637526094556222e-4,-0.03435734579342616,-0.002365899174826236,-0.01645303345689052,0.00926826947951636,-0.009031966787583532,0.0592859544750546,0.06624546780893785,0.014433682495668296,-0.0018741772179726812,-0.07994003249429324,0.004703382698857952,0.029516010157432406,0.006043381363134969
Liver,(−)-Inosine,0.012214070659329182,0.004718441125118611,-0.01208508286495128,-1.4538711933315292e-4,-0.021811627038412544,0.00816391361244535,-0.00988078703307705,0.011890463305775525,0.02394488766721983,-0.06262322700976888,-0.04454889605615724,0.022997687702023376,-0.10319813582035431,0.02643815265898372,0.008406892279512721,0.02226550127091811,0.010935858477345411
Liver,(−)-trans-Methyl dihydrojasmonate,-0.020886320044671263,0.04062359869206399,0.011536579010521271,-0.0093437101339103,-0.016007697808135782,0.03168935314241744,-0.03105771250842711,-8.906676925788535e-4,0.0030337625080419446,0.02750325301379638,-0.03975302452761396,-0.04983159335516286,0.0019461061074072374,-0.048330158847543624,-0.003557301138183214,-0.04400564121856619,0.0032457926263697026
Liver,.alpha.-Aminoadipic acid,0.011502128491112923,-0.04116257083548243,0.028128502053948682,0.04730431218526573,0.035862381778712114,0.0190698948646745,-0.003131127473193046,0.0023559578658393842,0.025410772467191756,-0.02250044961272919,-0.01047925271871812,-0.023710225143505848,0.03361394545810363,0.012414332574101142,-0.006908469331150897,-0.022675585563842447,-0.016773249718600766
Liver,"1,1,6-Trimethyl-1,2-dihydronaphthalene",-0.03140155839258921,0.03368612407022834,-0.0020750179829639335,-0.005318546797141225,7.492290957289209e-4,0.036745725669581515,-0.027689378814441352,0.01700146938030365,0.0039055245751306177,0.06248320141824288,-0.04604659170630555,-0.012876508008335555,-0.004228715594089948,5.852452993699583e-4,-0.026613344143455963,-0.01268580197368606,0.011665531000191595
Liver,"1,1′-MONOGLYCERIDE CITRATE",0.013239397302533977,0.0025682967235065145,-0.008793865728082021,-0.003935855395091782,-0.012966662963753053,-0.027921392599963256,0.055668431389884934,0.06419678245424017,-0.02131543876793659,-0.01653236313920613,-0.07573585085879396,0.005201729676415469,-0.01947690027113512,-0.01106574116209686,0.032927445174906284,0.008760880009181933,0.005782418871943017
Liver,"1,2,3-Propanetricarboxylic acid",0.032393942403008906,-0.008178446777336524,0.032858048228107714,-0.0284679653443164,0.013881603878452078,-0.012457997610762552,0.028387043750588512,0.020652078962731957,-0.016341147521246262,-0.01922484555044424,-0.011878066678306529,-0.05998630910124927,-0.006370163365778099,0.040151686349073526,0.02669193495887189,-0.030785008106255746,0.02049616815005966
Liver,"1,2,3-Trihydroxybenzene",-0.013853028376675292,-0.02354919124211616,0.0024368991724083053,0.02231594619200217,0.0013730863382579697,-0.016480947687570323,0.010667091900771636,0.019747796186944794,0.056090116594006645,0.01799844668908719,0.010651224025318167,-0.03172295622824949,-0.10145550893611083,1.8452264478182755e-4,-0.017254125360280672,0.0307728413896592,-0.011759614945870365
Liver,"1,2-Benzisothiazol-3(2H)-one",0.03599032893974176,-0.008267856083219938,0.028170612229124793,-0.015013380132187847,-0.015824184644489522,-0.05203919873643814,0.03174022902139605,0.034158436354773405,6.306028836836223e-4,-0.008333218044768748,-0.001393526873943045,-0.02964106373677202,0.0046784172903133955,0.03410509265002382,-0.008680508150737535,-0.019863432494750786,-0.0017506193366036915
Liver,"1,2-DIPHENYLCYCLOBUTANE",-0.04575452786541002,-0.007824478416858016,-0.01208985560697348,-0.020849970364234676,0.027310352454095677,-0.020296217285122764,-0.005842759846668564,-0.011137912611789575,-0.04016417667525604,-0.009843784130852953,0.013016890082913466,-0.02239920892910385,-0.021865659295385437,0.005994066497106741,-0.03921187958142601,0.007086260052288353,0.004583476847691694
Liver,"1,2-Diarachidonoyl-sn-glycero-3-PC",-0.018412493469026625,-0.008193595787942293,-0.03298324263589572,0.004796094067152815,0.03557824256971912,-0.05701522292263242,-0.01653344887340807,-0.020492321149047643,-0.06437020199577394,0.026345215174874842,0.006894138728639648,-0.01934688286831241,-0.021395535078144772,-0.0025008320211603132,-0.0017062891186062563,0.01764312420558365,-0.0014555389926840033
Liver,"1,2-Didecanoyl-sn-glycero-3-phosphocholine",0.04574052054409813,-0.014603207348220806,-0.03442948518396676,0.006877601349938269,-3.30781986769497e-4,0.03416801551036601,-0.006321883004410489,0.010701607365928205,-0.011894986868134316,0.0017712264668801742,-0.03377891207033716,0.020919581947142822,-0.00909219990667306,-0.011684246211430136,0.0033877749468276034,-0.0016761360048519768,-0.003721281969942574
Liver,"1,2-Dioleoyl-sn-glycerol",0.00794055441464286,0.00926854345928522,0.03415858761344862,-0.021984105966046653,-0.015111296875114874,-0.0364492487878695,-0.06171337978984096,0.003925415790549857,0.028409952539615452,-0.06601110234439195,-0.010107672468952904,0.0020341217750825917,0.032934898941171506,0.0015356432325829119,-0.01964812419367844,0.024537216510495206,0.01647469673762252
Liver,"1,2-dioleoyl-sn-glycero-3-phospho-(1′-sn-glycerol)",0.02408222506064903,0.005578799800263883,0.022987426654742325,0.028367484577653142,-9.891268858494761e-4,-0.04640177323665787,0.010418509673678689,0.023985855171694364,-0.047737113422397545,0.02613431114534648,0.04281933597471662,0.02159372965501865,0.005877143785994367,0.05537537197228612,-0.03264553949065873,0.021361597181171997,1.8954329771328645e-4
Liver,"1,25-Dihydroxyvitamin D3-26,23-lactone",-0.026943859259017298,-0.015361744060367721,-0.022374186000010045,3.1094989402269554e-4,0.03767580718769839,-0.04350029978125437,-0.011064291112982618,-0.012906911395515495,-0.06671756166869813,0.025140993756473554,-0.002133447956052634,-0.004116455692283331,-0.0166209654992224,0.001390014595172373,-0.037604266199626875,0.02934747655637867,0.0038644195807682412
Liver,"1,28-Octacosanediyl (2E,2′E)bis[3-(3-hydroxy-4-methoxyphenyl)acrylate]",0.004180685802223269,0.0032998193772179217,-0.010243618396286928,-0.015533798718247607,0.009628350276807791,-0.0435044794801153,0.008500333545990398,-0.0036753131073273665,-0.010034178609725684,0.01512699119527867,-0.04015765743987428,-0.07746966449089762,-0.0901535569768458,0.039051693746470786,0.012391099106245232,0.00712962653245949,0.0010416845427700815
Liver,"1,3,5-Heptatriene, (E,E)-",-0.030250658684504404,0.01423583495979878,0.017598941771195767,0.012069355840484854,-0.011254288830250456,0.0730327464107058,0.015584447326966695,-0.012339302320949293,0.039423365255879445,-0.003592605609237403,0.04061197117481722,-7.067753886490541e-4,0.020032925478422777,-0.00935251799363146,-0.004402186244482309,-0.018596243281137074,0.048302233382055415
Liver,"1,3-Dimethyluracil",0.023016065930899887,0.0012036273890234318,0.0475166834343241,0.05670450698734778,0.001949106384067626,-0.006367811094101379,-0.0023558819549068695,0.027004783096016234,-0.025264252845074758,-0.016104189366891317,-0.030372945848410316,-0.0011772666404542094,0.017181856889660684,-0.004613772742156847,-0.024696573037252846,0.009706253716892389,-7.123461116157531e-4
Liver,"1,4,3-Oxathiazinane 4,4-dioxide",0.02752733206552759,-0.023851287841656663,-0.020637969381507793,0.04630665896883509,0.02113557024798676,0.013284900742977982,-0.0072605828790312426,-0.01341450539983096,0.010479221975358123,0.05360568864827547,0.009569994821029723,8.936954365804238e-4,-0.03283899027783841,0.008929255241678428,0.009053277963230577,0.05690782787444287,0.010438776082410818
Liver,"1,4-Naphthoquinone",0.0012131558688236591,0.04121498775680333,0.03812482334703148,-0.047429823278639864,0.0010158420361987832,0.0011528980293803192,-0.0027350188096530777,-0.03051421010766608,-0.0038729884116273875,0.023975876647684947,0.00724814418295753,0.019293822987830726,-0.04956410980063189,0.004830921582571558,0.023936800271102718,-0.02591972141666871,0.026922964171006668
Liver,"1,5-Naphthalenediamine",0.0070270354151490385,-0.03144138181090543,0.023124717132912715,0.07170145982350261,-0.018059958318273134,0.027854672046459153,-0.015826202848495566,0.018501987055217946,-0.021422403521029542,0.01590373709805167,-0.015233944152965997,-0.010640799159749475,0.0063480832955423675,-0.0018455402275503268,0.0023951329844575085,0.007571816124927213,0.003463698711087328
Liver,"1,6,7-Trimethylnaphthalene",-0.04145020640275373,-0.008213651622079746,1.6669941746892463e-4,-0.001754970800540205,0.013344465554015502,0.036585502262351244,-0.020139434802304786,0.018883055961610964,0.042602584987345093,-0.003181850886727699,-0.04377487363907797,-0.012406557150760871,-0.028469035225428544,-0.013320943740193431,0.04556602451317046,0.007545189966375425,-0.02776377592427647
Liver,"1-(1,2,3,4,5-Pentahydroxypent-1-yl)-1,2,3,4-tetrahydro-beta-carboline-3-carboxylate",0.008249794373015963,-0.04824688007908192,0.04288175261828901,-0.022280108310584176,0.0057093360206847375,0.02067743769157318,0.01918346143074339,-0.04898239857976596,-0.02424084589710039,0.010077424823642475,-0.004628922879127609,0.00873021386364403,-0.00289577323945173,0.013981319512727049,0.009472678274461332,-0.005797102211611759,-0.017192673840233735
Liver,1-(1Z-hexadecenyl)-2-oleoyl-sn-glycero-3-phosphoethanolamine,-0.0017757256248219363,0.004781722573353199,-0.005917076949511709,-0.0277372493677153,-0.04723440036598432,0.046440003457268474,-0.014050027049328707,-0.04741628503656687,-0.05064646210138075,0.009320793819388024,0.056193730083973735,0.020587038649867023,-0.020058576817655577,-0.0062922442805242165,0.02482563713452013,0.019743394598749648,0.00325966379110793
Liver,"1-(1Z-octadecenyl)-2-(4Z,7Z,10Z,13Z,16Z,19Z-docosahexaenoyl)-sn-glycero-3-phosphocholine",-0.004247646984493854,-0.03872886756062409,0.031096770227455977,-0.03958247201372505,0.002413700355137828,-0.02042260792077104,0.0209849667292536,-0.009855176673420691,-0.015926502562402432,-0.04656942779313836,0.029703153248397906,-0.030256678531541653,0.022489897527993442,-0.019729786390819938,0.0031347872034248087,-0.05718128548484331,-0.009637065756360518
Liver,"1-(4,5-dihydro-1H-imidazol-2-yl)-3,5-dimethyl-1H-pyrazole hydrobromide",0.007372836131859505,-0.01770440203008575,0.02151587637869864,0.08025969971715062,-0.021671448075553226,0.02115604987130285,-0.011629123319055561,-0.011235090881286838,-0.01187033072472516,0.026772197587302912,-0.020642467240682288,-0.015109600677058214,-0.002598110402650638,-0.0036434247801520104,4.1648041120594164e-4,-0.005134911508548229,0.0022855784014593475
Liver,"1-(4,7-Dihydro-5H-thieno[2,3-c]pyran-7-yl)-N-methylmethanamine",-0.0020117565225988053,-0.055470285745030476,0.04483431918879062,-0.021130681262121233,0.004035465546496183,0.0217122380816387,0.006061265949627716,-0.03286746242082835,-0.015432845884230627,0.0038423342837318915,-0.005567208155423603,0.010854095729670953,-2.91669495562613e-4,-0.0050127875219849165,0.011929221440418828,-0.010826046956264861,-0.0037798723122106754
Liver,1-(4-Amino-4-carboxybutanoyl)-2-piperidinecarboxylic acid,0.032489274637582,-0.001466602718015767,0.02025930985931701,0.013558382269687592,0.05889935520604488,0.018340085598811718,-0.003950114980399127,-0.010284497275456711,0.0018366161012394568,0.023233929320077878,1.129412235540409e-4,0.032427322773252595,0.05268601550101543,-0.029561974203631654,0.01143016526598736,0.025476838759730946,0.011705162825324321
Liver,"1-(beta-D-Ribofuranosyl)-1,4-dihydronicotinamide",-0.0020780749339735184,0.025622682745735932,-0.05200007280807258,-6.649216710489995e-4,0.0063226836519729305,-0.022128273514944376,0.017500097627459046,-0.048773166136473534,-0.016845180878704277,-0.011959230688235758,0.020997706935589354,0.022904237476963664,0.06559644173778126,0.026569994002214065,0.011838782831112032,-0.009570309811589107,-0.0023653231589150477
Liver,1-Aminocyclopropanecarboxylic acid,-0.010114509550528648,0.00813829612715841,-0.07105024168872699,0.02706225252497519,-0.027824979775038616,0.007517496864318564,-0.004164428604941699,0.004959839929430295,0.02576964822170117,0.015285416704543479,-0.009474376670099056,-0.0074166385919296985,-0.010634171073075821,-0.004476904765292728,0.024454911222956545,-0.010831720273213406,0.051392343063259634
Liver,1-Hydroxyepiacorone,-0.009992573494933087,0.0011390335788430675,0.005154821736791559,0.0187773759904337,0.022190781780007857,-0.006613878110809754,-0.07705412382456074,0.0032118118797890296,-0.009460349127977934,0.00330843859186674,0.0339638876769146,-0.011607419670443032,0.051553887720864146,-0.04001931158086098,0.06865268756905193,0.031571689468635755,0.014860296622849888
Liver,1-Isomangostin hydrate,0.034058214626163846,0.003714306510725233,-0.02650688404613316,-0.006146524853073303,-0.04729704032572222,-0.012913515130674128,-0.03212786380899014,-3.978018767263722e-4,-0.006068225385192096,0.014273803686741464,-0.015765471859447117,0.0612124176467405,0.03474933742586445,-0.017518290751263155,-0.0012827924163760335,-0.010474182798109388,-0.015099129507897388
Liver,1-Methyladenosine,-0.018276428091941063,0.041181610257869504,-0.029826732708589942,-0.016230838424556613,-0.008572149923051185,0.0051305484052207705,-0.037533927425338606,0.022820590096494214,-0.01609070635047501,0.041356248320081834,-0.02094985004463962,3.229116758838016e-4,-0.011797594870812356,-0.04098601554427968,0.005698685902527374,-0.057882963226831737,0.019145330218022113
Liver,1-Methylguanosine,0.02988706975087875,-0.0024248654157366253,0.026955900967865362,-0.01312925420514799,0.028346177371015958,-4.146833942878421e-4,-0.046498297820343586,-0.04970748379786154,0.017172175841539794,-4.234245157129371e-4,-0.018838784072552364,0.05857899830118745,-0.02459830976483462,0.004994390847522877,-0.022743417551063322,-0.0021194680226055734,-0.010539747689293905
Liver,1-Methylhistamine,-0.01707754568447037,0.03250560744857571,0.018839139811161792,-4.208310663717782e-4,-0.005831338676094759,0.01223529162985109,0.018926927064539117,-0.01068365077100885,-0.011482142369130236,-0.05939164335491889,0.035681072709863905,0.04034410420428236,0.0014529299508303788,0.010100303693856217,0.025288362462884503,0.09044905205228981,0.0016194937920603377
Liver,1-Methylinosine,0.026643639908781245,-0.035034931051846345,0.007249038717837198,-0.02214419551673572,0.03631199629226748,-0.012487381590686984,-0.04327997307209446,-0.0027102874704089696,0.019335123175745553,0.052116141118743256,-0.014203567229104559,0.016338531762749908,-0.015227118049585906,-0.001795389533261641,-0.04095400492968615,-0.005404016407665916,0.034302139089193585
Liver,1-Methylpyrrole,0.009277177271751086,-0.01595254437875336,0.021983564452576626,0.0803702811444991,-0.023685283294403076,0.019485070161412613,-0.013634745922800619,-0.01034950823415089,-0.010603962146172544,0.025393984074092393,-0.015076686666842502,-0.017119091175618446,-0.0010994338799384543,-0.006503321490113742,0.0033277797260841202,-0.007511181323296691,-2.5768904679290453e-4
Liver,1-Nitrosonaphthalene,-0.015383287254034234,0.04511539439121584,0.011048332763799738,0.0017820043809382556,-0.0011272836427811117,0.028006233719198744,-0.03261139284862743,0.034513087793738836,-0.024202211401518004,-9.63176499844831e-5,-0.027744414220160704,0.045477502572883514,0.020787323361011183,-0.026202861169935445,0.044698086673108386,0.04445657452980953,0.0062945402180802
Liver,1-O-{[1-Methyl-5-(4-methylbenzoyl)-1H-pyrrol-2-yl]acetyl}-β-D-glucopyranuronic acid,0.005288409960374968,0.004095548171592692,0.04704111573207744,0.03102431117792568,-0.02751676005811565,-0.04592645929111824,0.01780803729200257,-0.04243719227861866,-0.026578737683503613,-0.03330510803581603,0.004716123342971788,0.014711196621245407,-0.022179626039963877,-0.011384162899970926,0.0235802444817342,-0.03911698363322574,0.00766250884857024
Liver,"1-Octadecanoyl-2-(4Z,7Z,10Z,13Z,16Z,19Z-docosahexaenoyl)-sn-glycero-3-phosphoserine",0.03414308031094795,0.01469655373185649,-0.03808010679027744,-0.017364725311208116,0.02013812696657144,-0.004022832764703406,0.05077585746139548,-0.018594250446466124,0.012646526849713761,0.00414147909723701,-0.025289566117087364,0.025711322100119047,0.03881227973849616,-0.005673125245495861,0.015746182621616506,-0.0038630932029430436,4.7315799431605255e-4
Liver,1-Octen-3-yl glucoside,-0.0014841007693511567,-0.02416193862593594,0.005427160679793099,0.013993524253217525,0.004239247520357242,0.012235744960492812,-0.03119855573226869,0.024650206969397823,0.03629024953483002,0.018808681874016284,-0.053535997498012806,-0.04785858585651708,0.02508891417819024,0.028126007417390703,0.049186804150980534,0.0874068533406057,-0.034636945193046775
Liver,1-Palmitoyl-2-linoleoyl-sn-glycero-3-PC,0.03739666608537133,0.009710120857150386,-0.003339041476027144,-0.04397212976208881,-0.004967399998016855,-0.03572971877301793,-0.01179997338350662,0.030866783639426187,-0.0214278922812373,0.02291546535534149,-0.0018007753101539124,0.01789653631445355,-4.7452482366171873e-4,0.023641151560130767,-0.0022518980135210935,0.057298539754493796,-0.023180177926301917
Liver,1-Pentanesulfenothioic acid,-0.007704411763756283,-0.05303890583420396,-0.034308106382010276,-9.870625199045347e-5,0.012373719242854457,0.023373919661727718,0.013304098152124922,0.049813715076789056,0.01331221261419057,-0.0029657169919541392,-0.023939852848438886,-0.0016826067687764077,-0.029253541944541068,-0.02682006351523158,6.347783070443676e-4,0.011980825518021574,0.03476035958468508
Liver,"1-Phenyl-1,3-eicosanedione",0.0026819722152397582,-0.030935167757243785,0.010388068876407485,-0.002479473885344813,0.08294889261260653,0.026742839619612963,0.018422481828833822,-0.01778367258508227,0.017092279300789815,-0.016963937202016364,-0.022498020336130433,-0.015004009290578189,-5.579619895279363e-4,-0.010355545182093511,-0.005145474856276693,-0.007159385075248387,-0.011821622061463343
Liver,1-Phenylethanol,-0.027333406012613116,0.0029872859824498065,-0.013457604463560839,-0.002425331556569399,0.017995158449183375,-0.00420950751079906,-0.0038964083559779577,-0.06257843356320081,-0.021082902774360084,-0.009627304044962712,-0.04580435424757399,-0.03553733172718587,-0.032775082253811996,-0.05793211808162244,0.03001750230305822,0.045094200672966045,0.005151917990135715
Liver,1-Piperideine,-0.02766402574438846,-0.024636123068769066,-0.0032045147816687253,-0.03504930260901704,-0.007870564596074332,0.04766798435368321,-0.04644198938740561,-0.01011527303349113,-0.005193684572800254,0.029081943569225065,-0.00490093897558076,-0.008372171989834545,-0.028614024243339854,-0.05247610842628914,-0.011378748030197514,-0.009309014482602187,0.07878433027711433
Liver,1-Stearoyl lysophosphatidic acid,-0.028283920100285062,-0.013665712090010195,-0.030023753468605717,0.003848348686428409,0.03898162091633696,-0.04584211066887243,-0.009757056144843826,-0.027597745684210136,-0.06326778642982742,-6.974823461681997e-4,0.006900634138444585,-0.01012066575903924,-0.011082436079046297,-0.009120554290309647,0.011373694925897605,0.0074109157143401735,0.0029540234900134244
Liver,1-Stearoyl-2-arachidonoylplasmenylcholine,0.013156086155091831,-0.016963558767266164,0.02776672505069826,-0.0580730107425825,0.017420535418434746,0.0030248365241991194,0.04866204784635806,-0.0336993146939966,-0.004016248323066687,-0.011917969392280804,0.03635291188213809,-0.010120065572591177,-0.017820684556138645,0.0025114738527107403,0.020198287793527232,-0.040012827978065456,-0.0015362527840107791
Liver,1-Stearoylglycerophosphoglycerol,0.01040710478710701,-0.02141733401259536,-0.02882343689465461,-0.032559092881455046,0.004329774687857397,0.03201664724605597,0.04076107560882745,-0.0349026527482856,-0.023093435564655772,0.025398836353453885,-0.04965327807403131,0.06019642140206134,0.02777678964301447,-0.005641975269896387,0.005463278282527498,-8.29831073658499e-4,-0.006895874142421728
Liver,1-[(3-Carboxypropyl)amino]-1-deoxy-β-D-fructofuranose,-0.01364095838323856,-0.03148078552217829,0.014447361508328375,0.007849799457569924,-0.07799534214044752,0.013219516063174107,0.0035631247590038784,0.020774502897845572,-0.04225903264578035,-0.0030889302508188663,0.0013206449910617628,0.016162038406543452,-0.013229180026900622,0.0016873226596222553,-0.010018098922397805,0.002105863640829852,0.015658296599415696
Liver,"1-[(9Z)-octadecenoyl]-2-[(4Z,7Z,10Z,13Z,16Z,19Z)-docosahexaenoyl]-sn-glycero-3-phosphocholine",0.033141280725600845,-0.002980257962635246,0.012733842222420926,-0.02986356635501381,-0.0027376596118774796,-0.04837498762598276,-0.03266704559036695,0.0011556006181674273,0.02700238109341821,0.02087649912719111,-0.021515676554972517,0.0494208188245741,0.01321771492134816,-0.009944048347469583,0.052508412646785525,-8.610843184600308e-4,-0.011689719847871101
Liver,1-arachidoyl-2-arachidonoyl-sn-glycero-3-phosphate,-0.026867151597926357,-0.022656558642293694,-0.033867385232661015,-5.755227357559378e-4,0.02546042513607379,-0.033649753973861246,-0.010122047506693566,-0.03062447381587778,-0.061882111675744714,-0.03419371967303423,0.001088513758380937,0.0031328644939087737,0.005342650945295872,-0.012512373916902344,0.03259750981867578,-0.005952022416453187,-0.003263352530238772
Liver,"1-hexadecanoyl-2-(5Z,8Z,11Z,14Z-icosatetraenoyl)-sn-glycero-3-phosphoethanolamine",0.012657055430514673,0.006255408490388051,-0.010788752339460542,-0.0029178367587559006,-0.009004570749293757,-0.03056596848872946,0.05411161665097006,0.06355907086230285,-0.02396726157541494,-0.01682850125529133,-0.07527067641653193,0.005426861229579326,-0.01981359574360262,-0.011623070336858408,0.03383532144285783,0.009158128760905118,-0.002377711617584927
Liver,"1-hexadecyl-2-[(9Z,12Z)-octadecadienoyl]-sn-glycero-3-phosphocholine",4.836085339898788e-4,-0.01105852867469025,0.025140102645213377,-0.055040022447949234,-0.027228195713064212,0.011998500138094406,0.006090973218087563,0.010238335074407178,-0.004604162436914554,0.05245904515007927,0.06528433669429037,0.026487762576485885,-0.01924803108788117,-0.019413420542144445,0.038516462500985775,0.01331347647613614,-0.011478056317149706
Liver,1-oleoyl-2-arachidonoyl-sn-glycero-3-phosphate,-0.004015699386307764,0.011111518303255385,0.01783821967988163,-0.007684245206590944,0.07656410090650644,0.03269264152134383,0.009539950767715424,-0.012186440813798325,0.03759271430258593,-0.017419751106549402,-7.26874038741951e-4,0.0031179529161885987,0.03755632326662059,0.0024716261618531604,0.054033570751348466,-0.016272041625397138,-0.015892019536702374
Liver,1-oleoyl-2-arachidonoyl-sn-glycero-3-phospho-L-serine,-0.005679117910416058,0.03336329402545473,0.015453834606065692,-0.009709668537786792,-0.023636243827408063,-0.0030255373697731587,-0.011926961460498136,-0.031038346782463835,-0.00751689086601587,0.0321443855052426,-0.05655256250418816,0.04180600408624011,0.013717115114870794,0.028471441181115924,0.08254214249278496,0.03686671741970003,-0.030737282653360905
Liver,1-oleoyl-2-arachidonoyl-sn-glycerol-3-phosphoethanolamine,-0.025165613671254604,-0.023546920899520752,-0.030808946009734963,9.623642899298752e-4,0.045055786134119015,-0.04745188554109889,-0.009401583228616948,-0.02633079252593579,-0.052964757199151495,-0.0028950572171390697,-0.0021327412034584698,-0.004847171647679526,-0.003254229504069304,-8.001949134886237e-4,0.01988737912165725,0.0028652702622505113,-0.012920767037539286
Liver,1-oleoyl-2-linoleyl-sn-glycero-3-phosphoethanolamine,-0.026744061631646422,-0.023313011562294483,-0.024579890164567977,-0.002177836079889118,0.045065985302044254,-0.04718327515563444,-0.005181285065534674,-0.02702499291932059,-0.05442719881170465,0.005617112682205853,-0.013960563073010083,-0.0045048650664789155,0.009698172834045683,-0.00884881678826126,0.0227388119119076,-2.909991635422712e-4,-0.007612285887995152
Liver,1-stearoyl-2-oleoyl-sn-glycero-3-phosphoserine,0.015845813362491117,0.022124316652022427,0.006749801841118063,-0.027995765832693646,0.026305905187857023,0.010565561404615937,0.023805580749322586,-0.04614998120880536,0.016383176082999072,-0.0018086891293051413,0.06817848710175033,-0.011243371464283577,-0.0081513424852738825,-0.007019597027774743,0.07658475916361139,-0.03318329080850566,-0.012020498708092802
Liver,1-tetradecyl-2-[(9Z)-hexadecenoyl]-sn-glycero-3-phosphocholine,-0.011555080634765775,0.0022991031239893143,-0.017675707160284646,0.027227263922723975,0.013771388984001088,0.010972056628129907,0.011625626968791799,-0.011172124990329638,0.08125955039570025,-0.06065464546760499,0.03289391599550653,-0.016683170616072166,0.007465353158509463,0.012571582494763476,0.013626990441028837,0.06313727610085403,0.013844446436420138
Liver,1-tetradecyl-2-hexadecanoyl-sn-glycero-3-phosphocholine,0.008443958878002818,0.0288136439729238,-0.03260477971372436,0.010198339551060668,-6.737428826525904e-4,0.020470287473139767,0.005423431063424127,-0.015793813225060675,0.0803077799738737,-0.04342472094787468,0.019866067015009085,-0.01703213831533104,-0.008608348161409644,0.02830634344343252,0.007764503712866048,0.04902153958424395,0.02164725255397869
Liver,"1-α,24R,25-Trihydroxyvitamin D2",0.006148064675297285,0.01535300241523747,-7.543939837198313e-4,-0.0212697341936703,0.036615849330776905,-0.07669936140718035,0.004726287536983044,-0.040156277689816056,-0.049480771005345654,-0.025156718720707044,-0.029476039045446656,-0.0051610804879461064,0.010173203850867264,-9.581510458811562e-4,0.012405747255170844,0.007849595223331276,0.01595670950498382
Liver,10-Hydroxy-2-decenoic acid,0.001901768422813188,-0.028245485191630795,-0.04070543719847884,-0.008692028022730511,0.044349195210279226,0.04032716375808566,0.020205326465538527,0.023059744099146132,-0.020953770939195118,0.0400869958858579,-0.04752848376314511,0.021042924272059425,0.002069987418799213,0.013900191462370691,-0.001710585504563601,0.011697484735726753,-0.059748707583952614
Liver,10-Hydroxydecanoic acid,0.043123089520754256,-0.0011926703002405972,-0.023427866195280585,0.022893631721532436,0.005181834953525931,0.02855315947282751,0.006556519743874767,-0.01515665619964836,-0.015123370373712109,0.033248954517770296,0.004715755188795104,0.006768318509735355,0.05612468472233932,0.02163849304364449,0.0049720364156838875,-0.024714900292879965,0.01997264723211404
Liver,10Z-Heptadecenoic acid,-0.035538687574024765,0.0346480540702636,-0.01937557475551043,0.03408852952706208,0.009089082098607358,-0.020688137234349653,0.011244885173789519,-0.03801969365204984,0.0027265487319704474,-0.017154721908161016,-0.037634451090782034,-0.003894202755539204,0.013303438526648604,-1.648589104659452e-5,-0.022102413060781888,-0.010601434316559587,0.009379703394486441
Liver,10Z-Nonadecenoic acid,-0.025955106686010667,-0.003357670829253148,4.2877434667007593e-4,0.04636152589376492,0.05352707543132489,-0.03585678152330764,0.01236184442255304,-0.030559017779082345,0.0058443070211201655,-0.024939690456167823,-0.011024361346155509,0.001811381947076787,0.019984236982794133,0.01008222567420946,-0.02036474185268862,-0.04237877777509912,-0.0332742366891425
Liver,10Z-Pentadecenoic acid,-0.02586240781148743,0.04216386618808438,-0.021876362588788265,0.02501878795270935,0.006564133606625412,-0.006619230661158476,-0.011965620735960601,-0.05034252844798649,-0.0012933219412738014,-0.027414630090066817,-0.05061705752503805,-0.015861304343738464,0.008015403201244763,0.009850658428757361,-0.011965334066612638,-0.012348940343793725,-0.03888712612711022
Liver,11(R)-HETE,-0.041147089606992295,-0.005722169958664963,-0.01546476289134096,0.027581688679230054,0.017644662121479998,0.00601090266261361,-0.004749251007582132,0.020828048748825316,0.04713684753908115,-0.017015116477271507,0.016712763407665455,-0.038704055200166655,-0.006695233757313904,0.00653932580938639,0.02845244626691903,0.04574794511045386,0.019188267583414617
Liver,11Z-Eicosenoic acid,-0.007389929082797853,-0.003937357126785177,-0.037046846273209824,0.04051313571342827,0.04512408882856764,-0.011731974413224783,0.01326358008277546,-0.06577497107887206,-0.019971155230323192,-0.015810466556468214,0.0034554051683834248,0.014850544729356763,0.02474948778128573,0.0021281035151187945,0.018319748000497404,-0.03462760871489729,0.0032116227528562595
Liver,"12-(7,8-Difluoro-6,11-dihydrodibenzo[b,e]thiepin-11-yl)-7-hydroxy-3,4,12,12a-tetrahydro-1H-[1,4]oxazino[3,4-c]pyrido[2,1-f][1,2,4]triazine-6,8-dione",0.013602079207596594,-0.023097322210645636,0.0050286778662905415,0.03926000211511176,0.005460965308175539,0.02719346002589672,0.005699261506012495,0.027795271080901136,-7.090101441350436e-4,-0.06801582544015414,-0.018345278271666716,-0.05554505338099847,0.010102263542685737,-0.05543545502929313,0.029556827995677284,0.021854157126818784,0.003115631022820372
Liver,12-Aminododecanoic acid,-0.01088263232616404,0.006187564538260236,0.03543377439918664,0.04078452289743619,-0.0401564901782236,0.00657086312313867,0.030431049575103817,-0.04396222479105533,0.0318023786573727,-0.0023605142679356404,-0.00890954777406676,-0.04072055439696586,-0.015419014667042298,-0.025642376148156475,0.015644055101672508,-0.04702780547228441,-0.007842524094070432
Liver,12-Hydroxydodecanoic acid,0.044773062105360556,-0.003916623274922243,-0.03347577312709339,0.016947734975115956,-0.01847936673468888,0.023397406081515387,0.010638650120285103,-0.007701265979817206,-0.019678420337209356,0.01956391555559845,0.010331603290471609,0.012976052234764906,0.040217541251345176,0.002946889579595509,-4.688524485407634e-5,-0.025800601329140145,-0.001979614677708405
Liver,12-oxo-PDA,-0.00872249031910059,0.04071435434267773,0.012215475439778621,0.050051778672990696,0.02541838391857822,-0.02112848511068143,-0.03134854209003487,-0.010807261304930602,-0.016099240822271897,0.04676335481440868,-0.005079775198972787,-0.012879383877503444,-0.01235692962362643,-0.021824366325509992,0.009438816719722135,-0.04353680589199479,0.02382905442841019
Liver,12S-HHT,0.015788804507206985,-0.003563695338414543,0.01709932479520662,0.008148540931656663,0.08393496981402689,0.007773827209634064,0.014494517863580716,0.017168720170866576,0.044074187833059116,-0.001407275137857227,-0.01339801704625225,-0.02150286037212499,0.019607152659765932,0.008028315921125939,0.020841659266433606,-0.0010399348261312853,-0.00630536898263705
Liver,13-HODE,-0.037896329060802036,-0.010230203936030953,-0.02198154649241706,0.03835352263701073,0.019043214748053452,-0.003973210896016469,-0.009220483463039707,0.004024635086995541,0.0362896351229558,-0.04614535308463397,0.030581004256842542,-0.028052748124216563,0.010457215713502634,-0.006079984911568408,0.026801721356568126,-0.005925054288170861,0.001593019761636717
Liver,13-L-Hydroperoxylinoleic acid,-0.03857806243614037,-0.005963768145499078,-0.021922808165199863,0.03577131495038564,0.027213842233400815,0.0035954145495210033,-0.016850878222142793,-0.02103501719037607,0.002539467480977031,-0.030369405524777866,0.030444590240849733,-0.04271467175125867,-0.0017025633408476023,0.005385562381726005,0.041218929455747955,-0.009118027364734077,-0.001394565416155483
Liver,13-OxoODE,-0.04266955768280318,0.0016555382131931324,-0.017279277170149297,0.02489064894729951,0.01917086684765597,-0.007840805246492822,-6.711917308271147e-4,0.00502867834853974,0.032803647817758984,-0.05062950367680041,0.022483045584772432,-0.03977695094455607,0.021267051262082934,-0.006025295108257709,0.019581341277524242,0.005233325259374505,0.031131764304485252
Liver,"13-hydroxy-6-(1-hydroxyethyl)-12,14-dimethyl-3-methylidene-15-nonyl-9-(propan-2-yl)-1-oxa-4,7,10-triazacyclopentadecane-2,5,8,11-tetrone",0.043670487713060875,0.01787971411413737,-0.03311006465430497,-0.010917268051324073,0.03793817425902246,0.006308866762992178,0.009579597873599117,0.009002386432720272,0.023570018405059772,-0.004460257169217014,-0.005426286960920483,-0.010393622120327487,-0.02991300925978377,-0.004715546375362001,-0.006498353198253629,-0.0013558720930280975,0.0027751787159305905
Liver,14(S)-HDHA,-0.041187969554652155,-0.019652754431776494,-0.01733397901405475,0.030075774855596166,0.01469700024276613,-0.017815622167742438,0.025861903239015323,-0.005950553278533805,0.03279150080084997,-0.02986047477160656,0.019158738014190536,-0.011897378880917847,0.008416572125685709,0.015550845162840022,0.020312094767086113,0.039003409753037475,-0.007214716083171856
Liver,"15-Keto-13,14-dihydroprostaglandin A2",-0.042537828006386384,-2.2093546725714645e-4,0.013924664921974382,0.015393502932104619,-0.0020427378842484576,0.006789502679716916,-0.006719191316438288,0.01543025028763877,0.022188573901071703,-0.006008895200760793,0.03139207447162306,-0.06607795879484177,-0.044325019607712936,-0.0036465486609359283,-0.006877479551100407,0.033773244202886396,-0.011880780339467581
Liver,15-Keto-prostaglandin E2,-0.0056917863377293956,-0.00588802846397689,-0.025581377789047482,0.012041521937160866,0.0024167938145532412,0.06679026783251969,-0.028867223184350355,0.05984269321275053,-0.014465979092062117,-0.05170208136724137,0.008509943280882717,-0.00940313790947561,-0.04024743834503579,-0.011033167819641688,-0.02475684543417811,-0.010499301890795185,0.0087236812545319
Liver,15beta-Hydroxydesogestrel,-0.0416499780934877,0.011560691013501594,-0.04463828045711658,0.011892586130811377,0.00698741838834334,0.01078733997115405,0.034002675221726904,-0.004577045965549942,-0.003558285442850991,-0.006804090831214674,-0.03482591497697949,-0.005354144210225473,-0.004499019485099932,0.006117878622472971,-0.0222260139457571,0.009222598393624241,-0.0014989320519830738
Liver,16-Hydroxyhexadecanoic acid,0.0355105107403307,-0.02223645145769398,0.015704937169128495,0.007144849097166446,-0.03186723674101698,-0.013210385694466222,-0.00557642360513947,-0.02857158587704218,-0.02462018167560551,0.019362177556697394,0.05309303957601866,-0.04619947629642936,-0.026049853980550906,0.006820118176136283,-0.00938743335010835,-0.028003861812370055,-0.005270640345081583
Liver,17-(4-Hydroxyphenyl)heptadecanoic acid,0.041016990991945806,-9.0617724841204e-4,-0.02639888721102656,-0.020599644628483092,0.033517143023676796,0.0037309942357965182,0.04631027570348889,-0.01799220130699146,0.014084579730245246,-0.006273514759501059,-0.011309023841406151,0.02749142066304292,0.021397291027257227,0.00557450730091987,0.02153366349484678,0.007468349895925278,-0.029969423455511138
Liver,17alpha-Estradiol,-0.048014436427149525,-0.0051294516360948905,0.005838255399038053,0.0011539143986325994,-0.0014588222411368432,0.017442806623714766,0.0011329011727302456,0.026702827634876563,0.010026811790950177,-0.024948779295076287,0.03634846126674571,0.03673991742606723,0.024292198708586215,0.024140928858093928,0.02997199771517462,-0.020578849363080493,-0.010459112481762328
Liver,18-Hydroxycortisol,0.019107686500550933,-0.0033463157901870277,0.018417386713750507,-0.03701984941138181,-0.02913240288031739,-0.05024383863301824,-0.0278201052067456,-0.05499629991279457,-0.020828796495169905,-0.011891410622165068,-0.004160067164659603,-0.0200691815558501,0.001581484037922624,0.04992019448439536,-0.016907711717657772,-0.02364499884280757,0.005936482734133441
Liver,18-Oxocortisol,0.006703444295302186,0.018655284522202577,0.029688310794457617,-0.026906001225277372,-0.024005325695925915,-0.010115528272044743,0.03930633056324211,-0.0024080077011171064,-0.05259637527714316,-0.0017989675685629108,0.08282174662939616,-0.013058630490869838,-0.004310325879434421,0.026832733475991365,-0.01780717084240041,0.016147576504188,0.022523071788736575
Liver,"2',4'-Dihydroxyacetophenone",-8.330998940120597e-4,0.005227313080783398,0.011405666383723104,0.0036408184090253788,-0.025824486018049885,0.009243593676363215,-0.050567068443791184,-0.06169611674023827,0.028258817554043653,-0.015112825415182283,0.007869043768235419,0.010900428510529449,0.0548835320965858,0.049080898749535605,-0.03527988826535151,0.06432620214843532,0.0039541659111845175
Liver,"2',4-Dihydroxy-4',6'-dimethoxy-3'-prenylchalcone",0.03249019178934661,0.006460631575167075,-0.05436522427526979,0.014574926773921568,-0.02653975990296782,0.02533302248671168,0.017445791947791046,0.020674916439004598,-0.019726987572366128,-0.012062764161231507,-0.026894591784219716,-0.008127452488169129,0.005789063461789405,0.01921250179912108,0.005687328315957435,0.007385601994796574,-0.0013960813924120993
Liver,2'-Deoxyguanosine 5'-monophosphate,0.008694257859198178,0.037679541610648855,0.012887566688385407,-0.022936661737051174,-0.0328022036588986,-0.0013406420906251913,-0.056786792167902514,0.002904590818739161,0.027344762195006447,-0.022031819276921466,-0.016917854250765595,-0.02890035454071584,-0.057057478952448566,0.02485138248318762,0.012555292444667137,0.02956950467476635,0.05061818769689422
Liver,"2,2,4,4-Tetramethyl-6-(1-oxobutyl)-1,3,5-cyclohexanetrione",-0.028648901701737332,-0.025859563482709708,-0.008316966497710711,-0.0027432323674354045,0.009654941575084484,-0.04250886559379246,0.014367422791634447,0.00574923512060741,-0.004407168959341808,0.055511589765903514,-0.004346358239406736,-0.04323789666623592,-0.017571097065605917,0.06011386133788689,0.029423602398585647,0.032251745746078295,0.004949734791240344
Liver,"2,2,5,5-tetramethyl-2,5-dihydro-1H-pyrrole-3-carboxamide",-0.01606403380623838,0.041438966823902884,0.017279351737312633,0.024130761675043754,-0.02046168445204623,0.021905360081771248,0.012455932014079135,-0.01785170410073663,-0.005537004311710689,0.007709171876849512,0.012464419859821042,0.04571669580331228,0.008667405486946955,0.05783114339680217,0.06573696457860824,0.01704274868412682,0.012047671407486417
Liver,"2,3,6-trihydroxypyridine",-0.04993245320825619,0.016976951176944165,0.005805296979279927,-0.009517058924080156,-0.0030291259209591294,0.019048034436988753,0.007536763117469119,-0.006736636412396626,0.01781226003431051,-0.011005371795611603,0.0010129024406786834,-0.00785860701450958,0.01656840482484207,0.0013945716173803004,-0.002211353936959078,0.06492676574524818,6.30333628381464e-4
Liver,"2,3-dinor prostaglandin e1",-0.02619419953446932,0.003582086783875938,-0.01454662615099196,0.0255177513756009,0.03645356226229957,-0.02875467017266202,-0.04399107924703465,-1.403336836876502e-4,-0.03361622101997641,0.010793624914918133,0.005128017731286694,-0.051424676453858884,0.014582508034089118,-0.013313646718372261,0.04254414562389027,0.05348772544160824,0.01373253861419261
Liver,"2,4-Dimethylbenzaldehyde",-0.024703114428800316,0.03259959674224721,-0.029276173073425994,-0.01353896581222318,-0.0033994830103441886,0.002701104431021615,-0.03556939570863258,-0.0361349963102291,0.009432104884779774,0.007751497259205076,-0.015012365064135367,-0.052921948490251496,0.04035472362042138,0.00962198458814501,-0.052240519810092534,-0.01296109790138363,-0.022373304442095083
Liver,"2,4-Pentadiynylbenzene",-0.01246430071458688,-3.1544677994494813e-4,-0.026047902283344294,0.0023403108535447956,0.049153891010706705,-0.039904879706719985,0.01204163591251857,-0.021924561035235844,0.022607005634583927,0.020740220829166805,0.00523594424486447,-0.049045333319992425,0.01078621398246208,0.005461650484514317,0.007197538879831602,0.09304827546428338,0.0027857903488391293
Liver,"2,5-Dihydro-2,4,5-trimethyloxazole",-0.009476424330482871,0.024918202547532926,0.019131965429477888,-0.013289147850983875,0.014754532863021202,0.02355201696250883,-0.021067449147289818,-0.036072698051684574,-0.02373407247513746,0.011079054364446504,0.03393640132444655,0.03153152320412167,-0.013010226612420147,0.0031807605049061776,-0.04566978437872448,-0.1069122229682103,-0.027080148288620962
Liver,"2,5-Dimethylpyrazine",0.007519246240081539,-0.014948542571033972,0.02095413040102966,0.08122938979550784,-0.02418530274336358,0.020384098259989672,-0.013797810594755378,-0.009915249878704901,-0.009119447006842692,0.02717363704466434,-0.01479727795270661,-0.015416234220245772,-0.0056278399163759586,-0.006735292234491721,0.002629377807104758,-0.005122415340495648,6.476080127329542e-4
Liver,"2,6-Di-iso-propylnaphthalene",-0.03271099002225028,-6.734973406683905e-4,0.02414546035580471,-0.017584468519148345,0.008141092196146,0.01661623583148483,-0.023022644033024772,0.008038016110120142,-0.0011832467858279364,0.06634806177109967,0.01549945935570192,-0.01653332663329336,-0.020143114478822267,0.04837366376099312,-0.05420064476677676,0.0318179002187476,-0.010120016555207256
Liver,"2,6-Dimethylnaphthalene",-0.045827987978827193,-0.004863634639502582,-0.014587519759318046,-0.02298997561251484,0.03368332031827996,-0.01708579142208458,0.0019773520734708023,0.0016549361265203435,-0.033815608673238094,0.015265579945801851,-0.001868127284036731,0.009527250889531073,-0.023561423216225747,0.007462137287494446,-0.015463350975569598,-0.04155220667295496,0.012992396629092446
Liver,"2,6-di-tert-butylhydroquinone",-0.028104814918015485,0.027659869947149186,0.013323239843127837,0.04284274635237131,0.0074120889872702125,-0.015765623618341183,0.005746337099458149,-0.02763746456300904,0.020083239328531205,-0.02304809284534,0.013374158970847028,0.018015197584174022,-0.06004406422261863,0.010667441301428148,-0.01630150304623745,-0.05378071876863888,0.01610907118389543
Liver,"2,6-diamino-4-hydroxy-5-(N-methylformamido)pyrimidine",0.01887131554259312,0.025871829600811642,-0.02424999204097974,-0.021525552928956377,-0.020534168855264826,-0.022181022962644136,0.02514455798783312,0.03854371649215641,0.02725154653891712,0.020564295082191517,-0.005674932581504865,0.018932507315875622,0.04591664059997477,-0.037433047893725695,0.00859982680527743,-0.07599563043706536,0.004927704255836481
Liver,"2,6-dihydroxypyridine",-0.03701068095232829,-0.007025161762886806,-0.04133053109490249,0.001327520785150235,0.007473835700036432,0.020657225613819975,0.021472938909208015,0.03463956393953297,0.02693195974946123,-0.010544047875954572,-0.043380596824360504,0.016198888618273417,0.002154975621821071,0.01882165827342754,0.025170874636299908,-0.025859567051557977,-0.007515822831595404
Liver,"2-(2-pyridin-3-yl-1,3-thiazol-4-yl)-n'-[4-(trifluoromethyl)benzoyl]acetohydrazide",0.0062134784220978494,-0.02058911417697256,0.030289636227151497,-0.046826421354777145,-0.0252330339589448,-0.0028172901769896513,-0.05613887051288668,-0.0036639452480441695,-0.03064741289924918,0.02178867584845117,-0.0054627284763511495,-0.016815042859103985,-0.013318038491399672,0.04974750751901139,0.02840857447029664,0.030653629380232982,-0.015477062648157921
Liver,"2-(3,4-Dihydroxybenzoyloxy)-4,6-dihydroxybenzoate",0.04684245662095035,0.008182758632850961,-0.027511915279234272,0.013608016474118361,0.03687234039913727,0.013810881526616055,7.312454987740137e-4,-9.434262622360059e-4,-0.0032481432771926935,0.0028564411451397695,0.01728409628721772,0.02266987946341407,0.01313419742581087,0.028493870917868088,0.015750841834615264,-0.005523611874087655,-0.022392652537636323
Liver,"2-(3-thienylcarbonyl)-3-(3,4,5-trimethoxyphenyl)acrylonitrile",-0.004931579533502709,-0.02897583676052286,0.004900322508483967,-0.024233021020463336,0.0020798573730231758,0.04988228276756371,0.01634659178659838,-0.026395446750543894,0.011713922181480907,0.06090182753230481,-0.04389613610345326,0.05046382958103656,-0.014090001073708286,-0.05109760827770677,-0.012883290060242768,-1.4292469578350994e-4,-0.00537259126747078
Liver,2-Amino-4-[(3-aminopropyl)amino]butanoic acid,0.012880790009147809,0.03369786650785279,0.04636203129904663,0.03147048348272954,0.025107624004818797,-0.016252378095122887,0.03328255470550466,-0.012491895542236328,-0.02302316542878633,0.011978950871311218,-0.03247214391628098,0.02268575945578817,-0.01648726848003693,-0.008290581391995134,6.773168056531496e-4,0.03901600071895448,-0.027546022102499058
Liver,2-Amino-4-[(4-aminobutyl)amino]butanoic acid,0.010215152075201881,0.02638843072828144,-0.013618967196398726,0.005843543929519298,0.05954111792626953,0.033231936313493665,-0.015381781075058979,0.004393740064001863,0.045919753489298394,-0.020202033091859636,0.017929143422487016,-0.03910220453661871,-0.0405943482611912,0.030131737554775065,0.0150850293761416,0.033780431636118734,0.008656268298929385
Liver,2-Aminoisobutyric acid,0.003530328506915974,-0.00451376647089762,0.02252371906560238,0.04643246245804621,0.04997514921131854,0.011684328917217419,0.025599412123227392,0.012695447426700299,-0.0011056027948962894,0.047331260556044745,-0.04175288888105344,0.03319676861995274,0.01134398112148088,-0.02893073998068743,-0.051348061138679936,-0.0022304738775734026,-0.018109281407607973
Liver,2-Arachidonoyl glycerol,-0.003691435011966689,0.00921309120092491,-0.03476569127944501,0.00828019586665852,0.07556805024950645,0.025033158761127494,-0.010473441525055372,-0.021320541588906474,-0.029144939764882388,-0.04356761381711048,0.014013988527270753,-0.003870202953735257,-0.006504965430425088,-2.2915952534216681e-4,-0.02089675077061469,-0.016155456159449633,-0.0026810833978645433
Liver,2-Butylfuran,0.007972712585253608,-0.021638796615687985,-0.04584044092512659,-0.011089772691279164,-0.006509901908682312,-0.03412451732226401,0.026805647755018373,-0.014496967641609342,0.05389226648849157,-0.0059316332345100385,0.0014631601827383989,-0.01273914291608585,0.013517324762973917,0.042686879586336074,-0.0351894131857428,0.06095509781462946,0.012702373543355976
Liver,"2-Cyclohexen-1-one, 3-(15-hydroxypentadecyl)-2,4,4-trimethyl-",-0.001389963045432085,-0.026583801019467498,-0.007917123606035126,0.0011936967573881506,0.01322079421783365,-0.003684965493640848,0.053903164312004134,-0.06777045280358385,-0.06171530218488003,-0.00226129392618718,-0.028529912236415666,-0.022434350602680637,0.03650522468164086,-0.0020820460019377045,0.018277598780903907,-0.01046337075922166,0.003515009994916844
Liver,2-Dodecylbenzenesulfonic acid,0.006931477467718263,0.013143006405583883,0.011217632370210607,-0.004622988500680386,-0.03837990552876834,0.019379253281449522,0.0036087086115444604,-0.006662875416727101,0.029461363282496413,0.004731699827412845,-5.083414925312067e-4,-0.09611265996665577,0.02857600888548657,0.018822257854465656,0.019014542211328884,0.08073995946911341,-0.11654700952599427
Liver,2-Fluoro-6-(4-methoxyphenoxy)benzonitrile,-0.013681528123232829,0.016721186791285897,0.008213524021339999,-0.012061495114722083,-0.03440736990029907,-0.009217222592698079,0.021581656144686996,0.06560471440101992,0.00828426691479438,-0.004562899509753106,-0.04327577121976217,0.0396141681585635,0.040978140131099856,-0.0030718525052834456,-0.02643420395930092,-0.07326854315235344,-0.008219579322609274
Liver,2-Hexenoylcarnitine,-0.0056749288906952165,0.0524337542184179,0.008384903601574182,-0.027308344445699566,0.019965334683533516,0.040074642018440375,-0.0179330387082836,-0.02115513882780538,0.0018905992188053122,-0.05085439488619137,0.006087294465330571,0.016232458580931485,-0.0019305777272860265,-0.027476516197288945,0.03323379674248055,0.0028238770867669676,0.007602379476861344
Liver,2-Hydroxy-3-methylbutyric acid,0.01418427891442434,-0.026048831106698693,0.030817857428156587,0.03839517746548903,-0.03083829668063565,-0.005591201407468127,-0.020878614279516813,0.02150610573366175,-0.043758932882380475,-0.02524393078822234,-0.05792881230555814,0.0061677643587895285,0.006214418284015409,-0.020258187861102506,-0.008591771658744645,0.03855780604474792,0.024442168512757313
Liver,2-Hydroxy-3-methylpentanoic acid,0.018106463314846392,-0.018550660874945866,0.028021718425333162,0.03260143348389729,-0.018630129221668214,-0.006977356609088472,-0.04086526892842595,0.030596520115900697,-0.049310142655446594,-0.0074561546597649514,-0.04782310125998339,-0.023181687152373093,0.029463668974929996,-0.02336618603168867,-0.019237779244292073,0.03969788537277579,6.10549244482461e-5
Liver,2-Hydroxyadipic acid,-0.027745847968280005,0.005321115790672462,-0.05945083249275752,-0.0010029997643133315,0.014433042699486972,-0.02973331063109763,-0.027563999821959874,0.021281034307704515,0.013817217317016777,0.02781911591559147,-0.0032131849209685493,0.017002512510045788,-0.007721346637941862,0.03124851920106916,-0.0022417846426416154,7.010110204904641e-4,0.008020092904025644
Liver,2-Hydroxybenzaldehyde,0.041992856436254236,0.003286719100444497,-0.03718752839725699,0.01597388366966662,0.016684653954707737,0.02459913939606978,0.02361048780680772,0.019305300462304314,-0.016780158046376798,-0.02595211567583635,-0.034393921206894745,-0.009517394237053172,-0.016118182367869216,0.010831251910716964,0.011231437664708712,-0.008219406550675426,-0.003665933363576601
Liver,2-Hydroxybutyric acid,-0.027109548938442515,0.022975690356367057,-0.021886115008588006,-0.016318371056491584,0.040722300877643926,0.012971068307796475,-0.05913472196121657,0.018648296492824862,0.001962359234715187,0.04733224656002898,0.0015426570849757177,-2.566369528607302e-4,0.02290187770695575,0.004585755756024671,-0.021137969063144472,0.015727449385402617,-0.008753250337324062
Liver,2-Hydroxydecanedioic acid,0.0335087669200396,0.0018230999456742046,-0.03844779152852367,0.019658349923799084,-0.04950743404116425,-0.010364585561267752,0.011869610918731838,-0.007284475577912955,-0.004181994540434747,0.032533363834496246,0.02841848125423612,0.022545557457241627,0.021210736357915313,-0.0031728279604442437,0.0027392301274654493,-0.03294687442579909,-0.0221252107035789
Liver,2-Hydroxyethanesulfonate,-0.009073692985223238,0.021645214249242085,-0.05430581182265567,-0.044088890783363734,-4.227636764953095e-4,0.03318080526602679,-0.03287676150762197,0.0013295447145895579,0.014483732232637932,0.031148925448586877,-0.006569981614330693,-0.01071813058750987,-0.005615426712120002,0.031051211200647463,0.005149653060403479,0.0018668902816243525,0.00677730040138618
Liver,2-Hydroxyglutarate,0.03256504002307875,-0.01866386538264924,-0.01846919702488006,-0.016079018364723714,0.018521637757273928,0.028010959685397446,-0.029967047788409754,0.01422803603341319,-0.02603343234709717,0.061645673046008535,-0.018181861452846528,0.009489929333675616,-0.006421505801985973,0.04691644595927132,-0.026656603422806728,0.022870292876295262,0.014599248719167844
Liver,2-Hydroxymyristic acid,0.03900152790368357,-0.006896676543876947,-0.012329034266278327,0.058480073573312946,-0.013486968795471305,0.024220500449963447,0.01834138801407105,0.007272657588920144,-0.019287553802534167,0.020671703785353917,-0.01211716835499238,-0.016163767264593273,0.012555307736570492,0.004446208012901173,0.0016616716653303771,-0.015171416240721247,-0.04760467111025407
Liver,2-Hydroxypyridine,-0.02690157399728381,-0.014058563115641182,0.0022890149128310484,-0.01979445385988329,-0.0016842228602377703,0.015420502784464702,-0.028291313863171106,0.00867183753785486,0.020652166966376954,0.04381473528762299,0.007889303779531167,0.040368832380150495,-0.032455899913935965,-0.0866008255195881,0.03385299401983066,-0.031659728717740164,0.007188305713855901
Liver,2-Keto-6-acetamidocaproate,-0.016727373982803155,-0.013911204253803528,0.050900482830618834,0.0072669620066319164,-6.359929405302601e-4,-0.03931906586575317,0.03938026305107548,0.02425054389694814,0.006915472980574169,0.03185517306657348,-0.028835364536614377,0.009474266349886087,0.04760803928096181,0.02322719826295181,0.007169495490612703,0.029748068054902238,0.0366136779567406
Liver,2-Ketobutyric acid,-0.024837223198805068,0.005788415183525762,0.02586570955941177,-0.022657286209239732,0.04953005472234561,0.0038001816082672904,-0.060348298384927834,-0.009715865443814335,-0.03662956811861605,0.029822030276536016,-0.013242570347520168,-0.0060040186187469416,0.008683656634541407,-4.5352978698672285e-4,0.029351543099420185,-0.009652299073299918,-0.007362795178535499
Liver,2-Methoxyacetaminophen sulfate,0.036411720269079136,-0.01973997985634958,3.2912055621601446e-4,0.014991313514613988,-0.003782732036163155,-0.025466482533353697,-0.027331827847490296,0.007724054023069759,-0.010199610872100872,0.05203425902635451,0.025258854998153182,0.017915712191036264,-0.001003961700905879,-0.07132210103417237,0.015408437920175743,0.017489449110398472,-0.007133325297712124
Liver,2-Methoxyestradiol-3-methylether,0.031834325459855976,0.011080409097960745,-0.02029157523626926,-0.014876139348940883,0.003675216639836015,-0.025593839618719534,-0.008525699779668027,0.0233871059215294,-0.022378746413065746,0.012689341271247682,0.03494995207026464,-0.016336182112742428,0.03338969951615805,0.07219307280111366,-0.025356193099177242,0.058541242540508374,0.02953603783211
Liver,2-Methoxyestrone 3-glucuronide,0.02061683487172672,0.012441037012447554,-0.05023572657027691,-0.00425545900064764,-0.029853565889843153,0.0040489483752279955,-0.005268834600122591,-0.0012803731138235238,-0.013079410077851107,0.04030175803454859,-0.009707263454467022,0.028284852025808063,0.07533029215541365,-0.011368320495053876,0.018542310644547932,-0.014643322777108468,0.01912721499050737
Liver,2-Methylbutyrylglycine,-0.04704976104256603,0.006066618109531015,0.006010096070603124,0.007139713377195611,-0.01015891642353913,0.009129238375760618,-0.0025574512785692246,0.039760961637214584,0.005775073336702807,0.008159217883148323,0.023697189740321607,0.023558035058120572,0.022131524408573217,0.04693717216947007,-0.028942875598095566,-0.03000302018963437,0.0044261029282958424
Liver,2-Methylhippuric acid,-0.015154890395724655,0.00752912310585535,-7.442576901091941e-4,0.019875681172716788,-0.0052711922861244384,0.0031916480416132537,-0.0033627891864438653,0.027489904012923286,-0.0027362102214102874,0.0036792416860847678,0.003146884212182632,-0.027817987974555456,0.03667516638962755,-0.0031119055563422785,-0.13937551893261818,0.023278233831847035,0.004407242807116861
Liver,2-Methylnaphthalene,-0.02963323166350216,-0.047741626414854396,-0.032392764147639364,3.6910607513245013e-4,0.03033765657235289,-0.022542767892686926,0.004273477903133944,-0.00845116716040787,-0.009692773605475272,0.01390651749241577,-0.0045607467257796075,-0.011929613844648072,-0.015055016191346917,0.01993513677067726,0.027465503409373516,0.005946683385172509,0.018500427813167315
Liver,2-Methylpropanal,0.027053919415988028,-0.03160506733601006,0.0532302884218784,0.021559032741729475,-0.005725210773138168,-0.0027560761685447325,-0.001956051018688503,0.01653515567639365,-0.03250929411907789,-0.006585995668604314,-0.00757806540120202,-0.03403417512772385,0.018415999340029708,-0.007983367759016513,0.017012812987666,0.00339087001901988,0.009406386033313955
Liver,2-Methylthiazolidine,-0.01673431656934053,-0.06446943883973504,0.008482890893342131,-0.006018862553855572,-0.014818803410824652,0.03202244059229135,0.02670008456758006,-0.002133321702574165,0.005816279607197961,-0.0040739726334140325,-6.243395464366242e-4,-0.011137127886859841,-0.0015753024155086273,-0.017837381500801778,0.02398033523746194,-0.001698144144817588,0.021859047517654266
Liver,2-Monolinolein,0.03716456724309988,0.019549912997771778,-0.021437838695511375,-0.02932476791558415,-0.014917886380657677,-0.054885582530851566,-0.00990300707787041,-6.472088895763293e-4,0.011145532077014944,-0.02798445803463504,-0.010187111993126002,0.022269260381923388,-0.024462516656394286,-0.009327993869528471,-0.002520484549722676,-0.02526214214964403,-0.025102011894776934
Liver,2-Nonenoic acid,-0.02637876102492976,-0.007896625628497382,-0.02974557452292,-0.0024008670613329293,0.04221442018212508,-0.03771387560171221,-0.02684766288410847,-0.005472525926734483,-0.061863628410024685,0.003377827384200084,0.02257174128171878,0.016084942977810046,-0.01665152503445422,0.013500115234384108,0.039651724244827755,-0.0017767318255528972,0.00648288845462034
Liver,2-O-Methylascorbic acid,0.02689964251818544,-0.028263371683746093,0.03132075520949255,-0.039171153021492044,0.014083590364408972,0.024323359954449286,0.006136315333702036,-0.03638460831841855,0.010871254815015123,-0.037527886019311264,-0.011633342321868391,0.023217044764612272,0.03228138860151376,0.029130726073949918,0.016282045529864415,-0.008888007983957606,0.007014369459750865
Liver,2-Octenoic acid,0.043307209197785135,-0.004011535162843513,-0.03193840399987774,0.018743588234924297,0.029597107030958913,-0.001828944399359174,0.006809425730183828,0.008034036683073684,-0.04461421677137412,0.008681186014081315,-0.024303881914590448,-0.011782195261863825,0.015742326680092754,-0.00334030948391837,0.02395322376530249,0.005331746462528949,-0.002304330398446433
Liver,2-Phenylbutyric acid,0.00321091714468732,0.003208041324556546,-0.02373244178546742,0.024876616137221752,-0.018235307807895493,0.03628579467146695,-0.025404026957362182,-0.06264683847668404,0.005170980221354732,0.04609069256254015,-0.04020761001827941,0.009992930080788482,-0.027396706698492052,0.006236441786237006,-0.0621764221927258,0.040822652552212645,0.022202727829620968
Liver,2-Phosphoglyceric acid,-5.20575246885001e-4,-0.01296319463312764,-0.015896051407576,0.018170405546226513,0.06934095884531587,-0.022023466112133728,-0.02250761280591521,0.05341905533114145,0.03526078088616756,0.012331386129873055,0.014659611474368972,-0.015128316304696274,0.031054337049415424,0.021574172851851266,0.02310737148036689,0.021338609407035455,-7.203881491446016e-4
Liver,2-Piperidinone,0.02005945486479483,0.013003527501111925,0.03292236858613683,-0.0041569283013255034,0.07849854001911917,-2.244729068844544e-4,0.004917172856847594,0.0051807998727646295,0.041923248937246894,0.006630637078247507,-0.004614831308552267,-0.00933413190994156,-0.008560307406480588,0.0049936571529581066,0.010568218147919622,-0.0052580641273785814,-0.021770768648160556
Liver,2-Propionylthiazole,-0.04620260887886643,0.016258190753759623,-0.023639746296528975,0.015323546803105438,0.004117517773836722,-0.013394725192565803,-0.005559443855035932,-0.005825378810803463,0.012589775412253545,0.01057549812556439,0.031199915590945947,-0.03517816445554483,0.010917280833561535,0.03471630200931676,0.0181683426976004,0.0305874441043183,0.031014700421985206
Liver,2-Pyrocatechuic acid,0.01919657636614509,-0.006895839527567807,0.03984934581868534,-0.03536171417165716,0.04036587713857042,0.006760144412963793,-0.028102264768605046,1.4924452322862425e-5,0.04560490237313608,-0.02485688888313043,-0.013012391133621154,-0.033556200208725774,-0.0036497617424993325,0.03619871802373028,-0.02589527881702057,-0.025748096477189994,0.00810414757137198
Liver,2-Thenoic Acid,-0.03171887839070956,0.023551065731716173,0.03556256865847563,-0.009914416432546104,0.03529802625613435,0.018682080345186636,0.015053821941309534,-0.011673753486281349,-0.016858290882159406,-9.555016396072957e-4,0.05387924427784242,0.0336034131355886,-0.008145602787390592,-0.018772509736604503,-0.011930328805505212,-0.028044134030916455,0.005740480418120794
Liver,2-Thiouracil,0.04667508136781385,0.0013139322547899884,-0.008663547210314058,0.04389529570813454,-0.023788032717795015,0.007836942122758659,-0.01352350701196424,-0.007566845090002659,0.013038120880989285,-0.004325040727002086,-0.011493369213708545,0.001976938242418608,-0.017190954647021556,-0.01331855136423093,0.005145574012506274,0.03578142616916695,0.05392437946935412
Liver,"2-[(2R,4aS,6R,7R,8aR)-6,7-Dihydroxy-4a-methyl-8-methylenedecahydro-2-naphthalenyl]-2-propanyl β-D-glucopyranoside",-0.026060196896026306,-0.05685036411372236,-0.005498679759489132,-0.020441998857528943,-0.0019866036135796302,0.004114457534315561,-9.248762145459542e-4,-0.010614868940179838,8.197706050439178e-4,-0.04678223939199104,-0.010724149059933675,0.004282857699806444,0.017297405013296515,-0.03274850476023682,0.010543097715846215,-0.01799543067182418,0.0034328808286276285
Liver,"2-[(2S,3R,4S,5R)-5-{[(Cyclohexylcarbamoyl)amino]methyl}-3,4-dihydroxytetrahydro-2-furanyl]-N-isopropylacetamide",0.018494709348250198,-0.055914116127261465,-0.009600190611951434,-0.021621555518815016,-0.02399825958686787,-0.015381627225318776,0.02540087440926318,-0.013325759741450768,-0.027311540816967794,-0.02144181611066282,-0.008964151311574587,-0.033376086332613145,-0.02136285957105369,0.01437561671139732,-0.001485773475117216,-0.02526318180686802,0.003755841434236207
Liver,"2-[(5-methyl-2-furyl)methylene][1,3]thiazolo[3,2-a]benzimidazol-3(2h)-one",0.020264710094790073,-0.036690017901694356,-0.033823227005004196,0.018581629143410168,0.03597152554369339,0.01924413200014361,-0.052365398757905426,0.006839228507464058,-0.03455071746977699,0.012855321988513708,-0.0016911097428077412,0.003851189181329468,0.012244677367809018,0.009850868212480322,0.020843462040325136,0.004235929308078957,0.01071094117850203
Liver,2-[(5Z)-5-tetradecenyl]cyclobutanone,-0.009242963266545891,-0.034843409894906724,0.005980859517258292,-0.04309236617912738,0.02346338209586075,0.057553329308297214,0.0208381046057207,-0.02711904540985818,6.925787003656089e-4,0.02864904466256079,-0.0403080171898688,0.026754099797538906,0.0013031981520494622,-1.4268251247192429e-4,-0.023492651311391145,0.01783830602118872,0.01008433063135907
Liver,2-[2-oxo-2-(pyridin-3-ylamino)ethoxy]acetic acid,0.004870911949021458,0.030744882234230435,0.01316910454720511,0.01409333753712956,-0.025709674174285473,0.041284545603036786,-0.03726230886202006,-0.02775516995036301,-0.017590113629754104,0.02779551082967982,-0.03851700464705138,0.008045493246277636,0.04930241739637582,0.03904890910570493,0.05267494153475166,0.03582202220283249,-0.031744899793749455
Liver,2-amino-3-(3-carboxy-5-methyl-4-isoxazolyl)propionic acid,-0.002485189561637042,0.045006161967447486,-0.01747083621945793,-0.03003128629668073,-0.03106066600341452,-0.02886227546652792,-0.02139296706183576,0.02763544983361206,-0.02036617341949991,0.010919241687582692,-0.06533170210612177,0.010423764751036181,-0.01389275022997864,-0.003948221723367966,0.008703609525378757,-0.02551822615540924,0.07281848404856198
Liver,2-fluoro-6-(4-methoxyphenoxy)benzonitrile,-0.009249237808697668,-0.05871839791889562,0.005247644424287492,0.01580990614691228,-0.017153830791516052,-0.010245247015192794,-0.046995784228963756,0.014618225418056248,0.001615077142889845,-0.021062245648648583,-0.04477350516886273,5.417348764929773e-4,0.01656566069406526,-0.0015106648063420906,-0.019584347238921166,-0.0028831430876634606,-0.0031620302714841756
Liver,2-hydroxyflutamide,-0.04824414340002473,-0.006112880283538291,0.016435603734067532,-0.0013767197265460568,-0.02242940935515593,-0.03900378364312426,-0.018943591585799842,-0.00959203140458777,0.006823847551795356,-0.010041924895914765,-0.004215347682800216,0.01951560271345132,0.006163437995166604,-0.026626095949934953,-0.01953741949755006,-0.02624951156042085,-0.023128959085942768
Liver,2-methylquinolin-4-ol,-0.001837165550275467,-0.026131891492707265,0.003935825791743515,0.009717494073325011,0.009796635347320738,0.04841587509126656,0.013571496247031807,0.022504587230490064,0.029030683856414143,0.00205012411212653,0.0031763284236360962,0.07749655641970131,-0.05156854014603186,0.01268805207662335,-0.07136250071594294,0.01098969578842238,0.011546778588681571
Liver,"2-oxa-4-azatetracyclo[6.3.1.1~6,10~.0~1,5~]tridecan-3-one",-0.006126250257253049,0.027025163863666126,-0.021231904306630616,-0.042639019793481135,-0.02143697228413029,0.029755633273709645,-0.03536464536872524,-0.011640975955530522,0.04727619221986177,-0.00555977441516631,-0.04085096223988459,-0.05453489323499924,0.0017177553401585399,-0.017327748489679374,0.0034628941971987562,-0.03207202889503329,0.021911635401672715
Liver,2-pyridone,0.02837770610012643,-0.008751002778313153,0.026570126460743023,0.03943999547889344,0.019724520702342537,0.02912530694916324,-0.036990696299294745,0.007014666499787697,-0.024654911027995607,0.0013397311341126312,-0.034415461107914165,-0.026247007305362613,0.035860663160366825,-0.040169880992570635,-0.004314829270282234,0.034259427407454995,-0.006249433288108214
Liver,"2-{2-[2-(1-Benzo[b]thiophen-3-ylethylidene)hydrazono]-4-oxo-1,3-thiazolan-5-yl}acetic acid",0.0135307940549573,0.039895913762419494,0.05289135774128705,-0.018765480033499933,-0.007171897144236085,-0.0022401513781906417,-0.018579617247701644,-0.0138716109389629,-0.043108831991710825,-0.018588726347989457,-0.0015433801129489772,0.02085285598016303,0.010131769870172204,0.01625691763500653,0.022790662020811325,0.023782327881029398,0.003318963562854192
Liver,20-HETE ethanolamide,-0.036380825595142594,0.012095904479602428,-0.040443338974622205,-0.006769486746230798,0.022828233131264156,8.710303652465143e-4,-7.946972507033016e-4,-0.039939833173143965,-0.04158051006374596,-0.012271430258878299,6.597445397438364e-4,-0.004956117346791161,0.035617477184412216,-0.018027059696312988,-0.02140234679358207,-0.021620324804261123,0.017112217222509277
Liver,20-Hydroxyrhodopin,-0.02976631277539558,-0.01663368698890384,0.027487264478893745,0.022724334120797503,-0.034188293506265226,-0.023370980578292226,-0.0038097935989940476,-0.03154081471199959,-0.02338796703171873,0.023256768964866968,-0.02319270322159241,-0.0016962543258185305,-0.05486679277933225,-0.0031583521125984073,-0.020423250447420053,-0.05093018307046818,-0.025918541719295207
Liver,2S-Amino-tridecanoic acid,-0.005582541077621439,0.012174089765795232,0.005543599240359003,0.06310693121201974,-0.021381364254481172,-0.01281935889170851,-0.005475122393160565,-0.06386581205408146,0.0469912943299248,0.023001773124379808,-0.003867384898645971,-0.012399264551614749,-0.004469884265843879,0.03563266414104402,0.008286718400494162,-0.0066842467963635745,-0.01582991991468068
Liver,"3,4-Dihydrocadalene",-0.0287162760201039,0.005294294913111854,0.020144260536967808,-0.01071414327162268,-0.008974143201995561,0.07307482156838856,-0.002011842843448354,-7.086191686950833e-4,0.046127733024757304,-0.013825872042801607,-0.003891867792814286,0.0017431555702929519,-0.008811858191600649,-0.012531322655547256,0.05940104168010174,-0.013851231478833485,0.00860115794343884
Liver,"3,4-Dihydroxyhydrocinnamic acid",0.003690006002160114,0.004452696392488075,0.023185665192354005,-0.018735335714052753,0.035955104576233674,0.03974355636477974,-0.050712154390798736,0.007696189202065669,-0.012804022624809204,-0.07159513691022422,-0.022782085766836303,0.04372056206887466,-0.008169748064656352,0.03165077237522122,-0.022660262841795554,0.009871258189336781,-0.011531352259411862
Liver,"3,6,9,12-tetraoxatridecan-1-ol",0.030119672348561978,-0.0012037965724453336,0.019800958570162546,-0.022827609340677114,0.0024522079537823457,-0.019777337017840325,0.06290712510235902,0.04123150829375735,-0.03985703634510337,0.0026053759342864824,0.02305976218077213,-0.03792195451844117,-0.0018175351338418683,0.0060446243882563465,-0.00377335350298279,-0.026691374620244852,0.011603540730279917
Liver,"3-(1-cyano-1,2-dihydroisoquinolin-2-yl)-3-oxopropyl propionate",0.0343262104967811,-0.01956831231965821,0.014153266121543917,-0.001031633989219284,-0.012025839352989096,0.02454132131464938,-0.017991603925518032,-0.037197771003079555,-0.001973283038918544,0.034569201569492815,-0.05845156446396515,-0.023681338211867492,0.049366871130957085,0.030828873767981244,-7.37317298261942e-4,0.005239475385521799,-0.0016726423648099444
Liver,"3-(2,4-Cyclopentadien-1-ylidene)-5α-androstan-17β-ol",0.011161630493572442,0.012739751897457146,-0.025203470000306916,-0.006404351583047587,-0.007019021957044417,-0.07391673196663885,-0.021704074570351735,0.03283042576153334,-0.015005717664456384,-0.012896404094609931,-0.061534813665491794,0.04570671938659086,0.0123838298182557,0.0034009757222844294,-0.019506445047364256,-0.011574976863424116,0.023367054876335936
Liver,"3-Acetyl-2,7-naphthyridine",-0.013917680095421832,0.008830034979516567,0.002572144281586539,0.004466442238940766,0.009599443779973627,-0.01676056811362177,0.02049719733836566,-0.016604931255346428,0.03616961364623736,0.03479287217801118,-0.0715902636023429,-0.05801352847499521,-0.0221507312262711,-0.07044691909378338,-0.046915089175742775,-0.0033811001093692343,0.029842814975752315
Liver,3-Amino-4-hydroxybenzoic acid,-0.02756394687112396,-0.005967104105680148,-0.035675392947532115,0.006151827401536394,0.008142552425191223,0.02705012413710363,0.016390757631740246,0.01766141823821468,0.01619783046411845,-0.018887291283917595,-0.06164398179101023,-0.012212479614882883,-0.007793194438564215,0.03453434900248883,0.07261259481758778,-0.02482786070237731,-0.014360379928949134
Liver,3-Furoic acid,0.03467527862829468,-0.04004535774797551,-0.015380144357981676,-0.005795957698928151,-0.0411428346214212,0.009343360981115023,-0.007952896470086774,-0.026040054783000914,-0.008384709080949923,0.003884142564362516,0.023614626639993787,0.027172527994153074,0.029855626604083255,-0.024075688301296236,-0.006514188086172115,-0.0012140219412584109,0.011587176744186741
Liver,3-Hydroxy-1-phenyl-1-eicosanone,0.0028165419766609445,-0.03185729973662442,0.017551869313621776,-0.010296464625328752,0.07824875453905929,0.03863928222152814,0.016409147202799106,-5.686871188080448e-4,-0.003779294723873634,-0.012826181080085453,-0.01702660442458628,-0.020769928979971097,-0.01729329979396152,0.010365447024028937,-0.003979499252680907,-0.005795327787131379,0.03012059483836877
Liver,3-Hydroxybutyrylcarnitine,-0.0032475374346619865,0.061004029196301095,-1.2241551072080861e-5,0.003725764193322584,-0.0074273730958534356,-0.00275348219566751,0.022805119842712926,0.00941788491517834,-0.03184000506955229,-0.01616593882381201,0.0076397956457137685,0.060875482602144745,-0.02799635917171742,-0.01920906497539285,-0.007459466749492498,0.017608929088592826,-0.04050628638525472
Liver,3-Hydroxyhexadecadienoylcarnitine,0.013165033430452198,-1.4453535346660809e-4,-0.013343875035708474,9.506353091461683e-4,-0.016083140701859955,-0.018376311359271834,0.0483801556523149,0.08634075874650339,-0.025353219647211742,-0.012036337417296676,-0.06206779657927793,0.011040993839776846,0.001779797590661674,-0.00577437192720249,-0.0074181747254987605,0.008704813472090806,-0.0016540946228971935
Liver,3-Hydroxyhexanoylcarnitine,-0.02308747786435687,0.043897329878358,0.0047099844686278505,-0.018087322508771132,-0.008072493511613004,0.02872009909902382,-0.03979916052528359,0.029258671622717263,6.809828550194345e-4,0.03246947980478392,-0.011734353664356031,-0.02673159515399177,0.02080181493358366,-0.0010977862917747128,0.03424346840368719,-0.050379339735766845,-0.0015586816209678866
Liver,3-Hydroxymelatonin,-0.015443912595500596,-0.016627791067925005,-0.03121100344153409,-0.026044454352048635,-0.04791933107949101,-0.041286868738506434,0.02026791558611173,0.010559540350479445,0.01730333358915512,0.02623774579840238,0.013730858920911849,0.00904163405963352,-0.022108507780848347,0.045693371277027085,0.05123365531448991,-0.02622534220688096,-0.0018861399419876526
Liver,3-Indoleacetonitrile,-0.006415220850184973,-0.042605082894686626,0.036818125777128896,0.02991803458831117,-0.010372770574637947,0.001749929230030222,0.01478873388118176,0.03156672833569036,-0.020864059159944503,0.03299813675035136,-0.03337265041134773,0.015909448902402954,0.058024006006848566,-0.007505153390602861,0.005354332997335583,0.011046572720469779,0.01822348613244074
Liver,3-Ketosphingosine,-0.013010097284727145,-0.048267541177229235,-0.02887793977971505,0.01784265500189602,0.0016611146473877654,-0.02429568391906041,0.03952163643173445,-0.0049089396111359485,0.0474938194806925,0.005081103074574022,0.012112436403700836,-0.010269010224569927,-0.008034250330150495,0.03572392853287778,-0.03265570137099168,0.009302867232113616,-0.0020761043653309344
Liver,3-Methoxy-4-hydroxyphenylethyleneglycol sulfate,-0.005084234338441257,0.009346080471712022,-0.019957493018808874,-0.009433696326267352,0.010628610124940974,0.02358962642044084,-0.010122524894339851,0.050181719288362396,0.01900064707983144,0.021169904494284884,0.039914979130372966,-0.0035900824966648,0.07090230216781708,0.0682050821073614,0.03004876047162556,-0.06069403352719418,-0.007339968741156506
Liver,"3-Methoxyestra-1,3,5(10),16-tetraene",-0.028167849155125817,-0.0036459119448817696,-0.014364680917604742,-0.028506478256330525,0.029379806207711683,0.0031268875363185443,-0.02741668530992791,0.01568746011557994,-0.04358619692904448,-0.027159428352688236,0.03214559277831764,0.01621411311038614,0.02532112741613248,0.012213279076285138,0.07643158378097206,-0.03532626204524814,-0.021427489314382597
Liver,3-Methyl-1-phenyl-2-butene,-0.04449918962099394,-3.4623075845404175e-6,-0.01589204083080997,-0.03646053057947834,0.033442347403155825,-0.006577372887934752,-0.013337370554106448,-0.008160214076561943,-0.029093765337568696,-0.013077988296879901,0.010101501286541956,-0.0264365667790484,0.012978622146846357,0.01811939248621001,-0.018025958306200456,-0.004232625268986846,0.002782917968602487
Liver,3-Methyl-2-oxovaleric acid,-0.00816640476493548,0.03960996111340507,0.024633341108084822,-0.037742584169457714,-0.030735903958526045,-0.016441695796622274,-0.03658866793599012,-0.007609687654681342,-0.006150595402858205,0.0022942903465459,0.002815716210709574,-0.014505799299326506,0.026138638352783048,-0.0016586723512496426,-0.06433602471709551,-0.04501411686812472,0.028705004197262025
Liver,3-Methylbutyl glucosinolate,-0.03669157961789938,-0.0016480289801008897,0.03761828606747268,0.02696388929215624,-0.014213978318903838,-0.00726169020456107,0.020648923731822273,-0.043865741967908815,-0.010828127566909528,-0.04127377286525144,-0.009116162427104633,0.020245758987884974,-0.025320001451270436,-0.0059673512974689055,0.01906721301460947,-0.008373831477846268,-0.010332059720128791
Liver,3-Methylglutaconic acid,0.027601930174957236,-0.016750319619199754,-0.047490960505016444,0.035395445027161125,0.030133068455969705,0.007622244851428986,-0.010437518120237672,0.003478537403975861,-0.02483712078399383,-0.022762522177835108,0.015379293322165019,-0.01729274144265089,0.015442160753078756,0.01408332466131278,-0.04516050869852117,-0.005862729100260015,-0.009264943134575836
Liver,3-Methylhistidine,-0.022497129626581572,0.0056708396994490625,0.061488781200107444,0.020401046380100166,0.019081136811830768,-0.00807590892208936,-4.837789391443354e-4,-0.018563239044166475,-0.01367849372846978,-0.016180208070127225,0.04438606992346633,0.026711875301338943,0.008162987524633859,0.005754043560462951,0.03699142215199854,-0.010112079948868282,-0.017488611292764855
Liver,3-Methylpentanoylcarnitine,-0.010005300500149606,0.052788701809070554,0.02725770085755254,0.014026945615405548,0.017728894093435775,0.03382858867569613,-0.02350498830345352,-0.005405306828085036,-0.029429035915927618,-0.024594773040885323,0.022874516413309027,0.044130621152523405,-0.003794978267066259,0.005125211099828835,0.012869386797872823,0.013155992256254889,0.011592367115406241
Liver,3-Methylphenylacetic acid,0.030606615043859076,0.012503499720715006,-0.0444616099557951,0.005120065048574457,0.006737462321433616,0.009532745920330403,0.04016056317488041,0.029066726170841377,-0.015598457990594736,-0.030332407767940776,-0.04962204577742984,0.005758240249213866,-0.030821749409993902,0.011080550678121913,0.01755228273340974,-0.01135125624861841,-0.0017127641609675259
Liver,3-Methylsulfolene,-0.014546031444378344,-0.07080891088916433,0.008072232808661366,-0.008539263181327786,-0.0091960355853244,0.014323057646915929,0.012941953330276009,-0.007113554931901179,-0.007807257690411019,-0.004174698804372213,-0.004128879975150092,0.0010987232454296393,-0.00430022354490829,-0.008467865028258798,0.014528691318419093,-0.012637937463264378,-0.007591280946017804
Liver,3-Nitrosothiazolidine,-0.002370742778264516,-0.007651766631651513,-0.03604311385110075,-0.00163884587445933,-0.03277702944217883,0.01726572057898919,0.02661932128590979,-0.045775232715017954,-0.002725966705681303,0.0035438620892852034,0.019415651130507642,-0.007804700143370185,0.10099614367624334,-0.00855476154350186,-0.0016508714045077135,0.030420202719068937,0.0108927805300586
Liver,3-Nitrotyrosine,0.05254834916559408,0.0035420564824964348,-0.0017098542309616778,-0.005291717687503989,0.012270298875141129,-0.0076813350343020075,-0.03554379489529187,-0.02088442704278472,0.019322885691039907,-0.021679848864601767,-0.005711143094917665,-0.004606907162840201,-0.017642114522418262,-0.0033454429698910773,-0.008966893697230274,0.007150956691424337,0.05658453199360967
Liver,3-Oxocholic acid,0.008054883404869604,9.132680177580938e-4,0.00947087538244235,0.004698117422952559,-0.016380701233657567,-0.029690858740742673,0.056082345626951975,0.07393335598283006,-0.017245979577229113,-0.02887012986035986,-0.006432305760034282,-0.0032088143451371553,0.01478075021921018,-0.008870260284617638,-0.07960261958711613,-0.0066363883846107365,0.00749941744679728
Liver,3-Oxododecanoic acid,0.046308487665502655,-0.008040475399617374,-0.02358108964704858,0.029853444317694988,-0.021467782934284134,0.011475647468102602,0.01259405541236267,0.0018901213507558732,-0.014142465043665507,0.021929461376326,0.010200790480816648,0.013840239922134814,0.03861172097044543,0.004836456337706863,-0.005465301427777298,-0.022839839272085022,0.005889609930766459
Liver,3-Oxooctadecanoic acid,-0.026124942901779327,-0.013667533224091633,-0.04063059565950372,0.03828136838883673,0.011334081360941132,0.006136291539561268,-0.02513545467526177,0.004507254275706957,0.027041799180077306,-0.013396018939708952,0.06094455912885276,-0.032245800963736054,-0.020127517392903284,0.0058813065093585104,0.02320461677622976,0.007969666810643266,0.003630250545380945
Liver,3-Sulfino-L-alanine,-0.011496102926210082,-0.016595779451140436,0.011953224281614798,-0.036071440674906065,-0.03605113411016463,-0.006312858089631647,0.027097513120600346,-0.030830479290121643,0.0016952862599949557,-0.028137179381772234,0.0582459331360703,-0.046662050357544865,0.02765041559987845,-0.00786476550796406,-0.06631925100804466,0.02054402119120125,-0.02870372936390023
Liver,3-Tropanol,-8.094807171351637e-4,0.01695679294220153,0.030625466479787745,-0.04153913721951532,-0.012260302769033933,0.01344986990161554,0.01647787016772072,0.008431965400008214,-0.022937826625471988,0.020288219886478966,0.052698705050959374,-0.03546762607026283,0.0032626103959077124,0.06739936277235349,0.058797934288697624,-0.024131819824506334,0.014214636476067492
Liver,"3-[(17Z)-13,14-Dihydroxy-17-triaconten-1-yl]-5-methyl-2(5H)-furanone",0.03336264297781527,0.014054810210171536,-0.05047770779023356,-0.009233612509478063,-0.009207186463211177,0.024124504155423197,0.017932285322557945,-0.04586492153635528,0.00388801383140813,0.012427155321195527,0.02970681770146524,0.019319470260985582,0.005358747931011192,-0.002157051868443527,0.004157737706854436,-0.007281197279514822,0.019897391552572405
Liver,"3-[(4Z,7Z,10Z,13Z,16Z,19Z)-4,7,10,13,16,19-Docosahexaenoyloxy]-2-[(1Z,11Z)-1,11-octadecadien-1-yloxy]propyl 2-(trimethylammonio)ethyl phosphate",0.023839582871286104,-0.030605899165074394,-0.0017235053189369933,-0.030362446214063213,-0.015419505816313751,0.032327001954360335,0.036939652689688976,0.018024027087193906,-0.039582191483821645,-0.0075041186823317455,0.03647684441148723,-0.0501426247648356,-0.02356355658880323,-0.007141864398905525,0.008627812182497363,-0.040022829028628484,-0.008150734486066152
Liver,"3-amino-5,7-dimethyladamantan-1-ol",-0.0010553042678121338,0.03282272836307219,0.0392423004970387,0.00821762345497386,-0.019003374173305453,0.050403295936574,-0.026086017365583178,-0.009694180477330797,-0.031253127770118634,0.038074369481825014,-0.04202597372746237,-0.03505474028254206,0.0037354050970783937,-0.02723887148412545,-0.006356617569955179,0.012136275858594961,0.018391815061495117
Liver,3-hydroxy-3-methyloxindole,-0.005576158834941049,-0.05473695982935966,-0.013833267785113661,0.01789326507334931,-0.022385601316203266,-0.014164081663868854,-0.02609498263580661,-0.018906266159564342,-0.04028974718454379,0.027633111651208988,0.027106268321735925,-0.02017705892383219,0.037918647726615635,-0.01111323663918643,0.010891883052953263,0.02523370108129307,-0.010761694997099773
Liver,3-hydroxydodec-2-enedioic acid,0.009846209710248306,0.02807649985635724,-0.00925856632600215,-0.005537613381427547,-0.026907681457156257,0.0027811308754949774,0.047613636926286666,-0.031222079072167643,0.0010785506116741392,-0.011774670379181552,0.010757501673860395,-0.03441325565965724,0.033396544247744166,0.04297029518496368,0.04404850518769388,0.08771843318988891,-0.024335258441484438
Liver,3-keto Fusidic acid,-0.04675453084460996,-0.007287734793554914,-0.02150618731720874,-0.01260901137361099,0.027633344967740055,-2.7293848952628536e-4,0.00528866648689229,-0.026365447893979096,-0.041170457233886494,0.014026388129721798,-0.029824606057554198,-6.53475508934659e-4,-0.00904384213453703,-0.0026390696383785544,-0.00578340596444385,0.014818900736659502,0.015031017304524967
Liver,3-sulfopropanediol,0.016457200622134495,0.004364805792616951,-0.049950029756871246,-0.04035629746678106,-0.008553649642296088,0.022997918994621655,-0.008896939539873975,-0.04614294750408527,-0.03510472034356676,0.02323335144942843,0.03800411712530297,-0.025816876342423942,-0.00835461417255967,-0.00809544522290808,-0.005816732570269595,-5.181483729131981e-4,0.0012031370475155843
Liver,3β-Fluoroandrost-5-en-17β-ol,-0.004841293684771434,-0.007684403395098087,-0.034456187783142925,-0.01375656607670959,0.009827763105054498,0.07934086253507208,-0.026013597617708006,0.018899028718960455,0.023233900536400832,0.0025086885132493937,-0.00813384266329022,0.0077220387045389745,-0.03790019946920538,0.05397733218763447,-0.002680127267666035,0.025588862350592857,0.002356369806566747
Liver,3β-hydroxy-5α-cholest-8-ene-4α-carboxylic acid,-0.005020131080299683,0.020610275346445342,0.02604538796806588,0.004599733882849158,-0.0031776204029916404,-0.01965420746317101,0.026364410279678063,0.01702510804712804,-0.012084677107726927,-0.052245376465513416,0.03784435593087682,0.052372292399405704,0.002877900941605799,-0.08625056868422354,0.01928592054444515,0.04037036855272435,-6.795727589014553e-4
Liver,"4,6-Diamino-3-({3-amino-6-[1-(methylamino)ethyl]tetrahydro-2H-pyran-2-yl}oxy)-2-hydroxycyclohexyl 3-deoxy-4-C-methyl-3-(methylamino)pentopyranoside",0.02581478394017215,-0.03619496010077957,-0.042244182774292524,0.024509772208058757,0.012272989099053484,-0.009180568570001072,0.01519505536671934,0.019681019241343994,0.016896883305113578,-0.026141466726834834,0.028816857920462225,-0.030265458009866915,0.011424755932297035,0.03631932050557565,-0.014372960177596233,-0.011179020284941167,0.022312162598600117
Liver,"4,7-Dioxoheptanoic acid",0.03022933655806978,-0.01752273955197819,-0.0035538632220204914,0.04858233049441838,-0.016662264787142996,0.00489334598317106,-0.03805851289118904,0.024436796871502797,-0.0016858997460358455,0.02567334342428761,0.02931756281563217,0.0247468028800279,-0.04243347979345641,0.03329631297036571,0.02761845207166281,-0.012602520826749466,-0.06368547264279349
Liver,"4,7-dimethylpyrazolo[5,1-c][1,2,4]triazine-3-carbonitrile",-2.9152010911387996e-4,0.044028417204034574,0.04337506191621256,-0.034108164388990385,-0.004223161522979926,0.01734800874082358,0.008375416903188049,0.03507585642816795,-0.026351973881731664,-0.024853370114028554,0.004758280481558426,-0.0026459652301577216,0.025474288622527187,0.016035904255509683,0.025466587813112306,0.031427560097605854,-0.010806391986317072
Liver,"4-(1,1,3,3-Tetramethylbutyl)-phenol",-0.0036707624828017215,-0.01106056013485702,0.016328682171790655,0.039893929767272567,-0.055414085538908524,0.02550901140888677,-0.006001302414473113,0.010987451646277872,-0.0013099388748347054,-0.005623391845658461,0.0034086705985535144,0.008351589349614812,0.08523362404724641,0.03441771549893094,-0.00206970249925861,-0.03748681499585512,-0.024166257695224055
Liver,"4-(1H-1,2,4-triazol-1-yl)aniline",0.006839027259529724,-0.001687236168491918,0.005179537670685449,-0.0033560874034381178,-0.051464564406708,0.027457126867563787,0.07742894227096833,0.005213959504863698,-0.024847641780067976,0.032480846047543074,-0.03801686540611171,0.01232808571913619,0.02367891858652584,-0.032838275109163255,-0.010492901443245885,0.015481159679035938,-4.6726870542501914e-4
Liver,"4-(1h-pyrazol-1-yl)-n,n-bis(2-pyridinylmethyl)benzenesulfonamide",0.02504853988190662,0.032087444186358574,0.012484472897211055,-0.04230043126699627,-0.008360552994136418,0.01859363591267295,0.007609311758353728,0.007748893093430735,-0.04487678002240712,-0.009029496454245268,-0.05761784484114397,-0.00407141006532962,-0.027986907696458445,-0.0030072840792365035,-0.012857602277148304,-0.04319249053139173,-0.007199340850203703
Liver,4-Acetyl-2(3H)-benzoxazolone,0.04576376543830751,0.03720576192607857,0.013129334155984775,-0.010353960448381543,-0.005330157978712615,0.006588896709122427,0.011876931093531048,0.009286132419199396,-0.02976641446427577,0.003181163655092937,-0.02356259723715722,-0.01091830062375298,-0.01016668915310379,-5.555060795527914e-4,0.020308700646489684,0.002744846775490319,-9.421837664841603e-4
Liver,4-Aminophenol,-0.020389597289991696,-0.01285205428451122,-0.028656916266713177,-0.007233366619421366,0.01096561613581739,-0.049704952535255364,-0.0312800009957058,0.017451204405538864,-0.01636938755478982,0.0640264699208904,0.044374125585265545,0.009141429095535105,0.0021370156908516865,-0.013979106636860642,0.047933788489264675,0.02793881438509156,-0.007437998397931429
Liver,4-Aminopyridine,0.009296855047916339,0.03242548603648143,0.02443834812050365,0.03468773448109182,-0.04668006803595622,0.05325688370056503,-0.022724954634421698,0.004331133221923235,-0.006641739871263277,0.014921274790349152,-0.03459081795181941,-0.0015967126356489852,-0.022612106786045458,-0.023079455261256758,-0.015644996409585974,0.0033167548789543315,-0.0032556566379806154
Liver,4-Guanidinobutanoic acid,-0.01964654513225201,-0.04295045850829661,0.011662553257250616,-0.00793946417542454,0.049486347642088556,-0.005813249902767688,0.005920210655642038,-0.02538087915722003,-0.01957611986832645,-0.0011173757441519177,-0.011075035033062064,0.03013905619152741,-0.015410860273050777,-0.06622046985993524,-0.012152955133346927,0.00928203011364589,-0.016527784261256173
Liver,4-Hydroxy-5-methyl-3(2H)-thiophenone,0.027654232040322805,-0.0390567457700011,-0.022231486374022905,0.012580040544526166,-0.020838532263531342,0.0030698915425411803,-0.05522844611394583,-0.006269195749279159,-0.041846851318234915,-0.01105192073674478,0.0031544725657223775,-0.001528663592028827,0.033201348169795405,0.005057639866800952,-0.010375994252757328,0.01701455096878159,2.4000023066706054e-5
Liver,4-Hydroxy-5-methyl-3-furanone,0.03762831592574078,-0.019310050154212995,-0.045107955418992,0.0287333416834828,0.016216808068333477,0.022814694201521404,-0.017527522882307002,0.002040753642830971,-0.004749556334665346,-0.007749820395508671,0.02889874462152069,0.006220698110112973,-3.7351252680833426e-4,-0.02294746769643509,1.5546059736707378e-4,-4.7221116659370394e-4,-0.0012094571826772023
Liver,4-Hydroxycinnamic acid,0.01457467952805325,-0.006926777556451086,0.007474313009095625,-0.02002826639603647,-0.02645142308519083,-0.03727812071871681,-0.03923454354198986,-0.0046633286440690815,0.03273423749653312,0.02188010250676382,0.03678913325518356,0.07428040968295377,-0.019714365971344586,-0.06393653925611477,0.004508667745395661,0.012506717617193276,0.0017163194482544394
Liver,4-Hydroxyproline,-0.007691140216308835,-0.041740171639103256,0.02944710747151879,-0.03761607785955368,0.006619375508492052,0.051838903993350845,-0.005389899151886077,3.700003209570398e-4,-0.019856116605791282,-0.012045441857487403,0.011601120483674402,0.01630275502530924,0.008626309426452266,0.03148900196281078,0.02681624453498453,0.04850752336284233,-0.007573063904705126
Liver,4-Hydroxypropofol,0.003840349028065049,0.028483023816057704,-0.02408034045492787,0.029543195696590172,0.014851624569617921,0.0011819601728527696,0.0070360436885943105,0.05258276845499024,0.03573192738763628,0.015181359953478827,0.011658159366653561,0.025086917256285743,0.05941491487995666,0.018772286615477467,0.051815135917045216,-0.052378088665615746,-0.00547511849206491
Liver,"4-Imino-1-(β-D-ribofuranosyl)-1,4-dihydro-3-pyridinecarboxylic acid",-0.021629116780245084,-0.013807699269755249,-0.05449923889986617,-0.007535608959446518,0.0026840837396862297,0.025537318284645755,0.01661560867859401,0.04679429941792173,0.02752651239861165,-0.02401598233707125,-0.02014725305521623,0.0028015239119161535,-0.04583752997805376,-0.011638421733104481,0.009366064922143886,0.015622283173109229,0.02053648775165926
Liver,4-Methoxyaniline,0.0017959798992557376,-0.026747067834042848,0.02622143377344798,0.06852507396598892,-0.03700614999805958,0.008493350735902214,-0.016693954853071673,-0.018989365020809067,0.005305081867497027,0.0122379795530915,-0.0068758197954772275,-0.012653078286267444,0.009798737216214791,0.014428029260409179,0.027478078720611226,-0.03340850024835663,-0.0029523893958643163
Liver,4-Methoxychalcone,-0.028266814552767368,0.01285971052106371,-0.0044724273970460715,-0.014432082501615493,0.010020523580830434,0.023443442957763395,-0.020154467584925295,0.04740298575624419,0.024515922493118056,0.03233305193568229,0.0028192443493778234,-0.01597751041303457,0.039676374904537244,0.053234620672113826,0.07332741998239432,-0.01881113026198994,-0.0016157114105012596
Liver,4-Nitroaniline,-0.05523581296708176,0.0045112215878364125,0.0032879248801522803,-0.005256461724232389,-0.0011821167768649734,0.02639931832363618,-7.994130164936896e-4,-0.003930647632288834,0.006107556800868073,0.00799706124260361,-0.02095523391246377,-0.010701382393973261,0.0100223946385233,-0.01734830504675267,-0.005947954974920817,-0.019711386540064633,-0.014121283083342292
Liver,4-Oxo-2-phenyl-4H-chromen-3-yl benzene-1-sulfonate,0.035661975836407525,-0.0028889777636238088,-0.048262095124149876,0.020515231274072707,0.024904248946641564,0.03444690326873018,-0.012542690473246475,-0.0014687543005040648,-0.0067072145812056535,-0.029759128792355916,0.005574063840587484,-0.01623163681108952,-0.0029931510758958004,0.02620111698914906,-0.003517372108110619,-0.017529489697701635,-0.008768108641368705
Liver,4-Oxoproline,-0.0161766178284222,-0.04668033522026046,-0.02550072432735468,0.049261654357255054,-0.01140655033367304,0.025847085378312287,-0.00709806614767612,4.3733813570377174e-4,0.02164935529977242,-0.00336640570798573,-0.01565745856295777,-0.02169108609776523,0.03042917278197264,0.026704200598874354,0.002658926314905481,-0.0046589194217206064,-0.00933539914053045
Liver,4-Phenyltoluene,-0.0318322448270686,-0.021001203422422864,-0.033889015112343886,-0.029010516061156653,0.021852728584752505,-0.018888457715063683,0.004371992398449133,0.014974955689878116,0.017496507211505245,0.01768430418948307,-0.022495995456909567,-0.05373585768877783,0.04125452439011836,-0.015724172797342846,-0.02044921780345533,0.010045424560832034,0.012067917317511749
Liver,4-Pyridoxic acid,-0.04095699048886706,-0.025209281431314335,0.020956939323993867,-0.01803126373445314,0.035724510982917665,0.00789174444790372,-0.012042486606778311,0.014467775086178563,0.026762034591281302,0.0051507935084651015,-0.022242964148215864,-0.00923767544516384,0.01372043778042125,-0.00733013656957882,-0.033822961808085916,-0.034580452110789466,-0.005347066530389164
Liver,4-Trimethylammoniobutanoic acid,-0.005891089568980056,-0.02457641671624213,0.027927968121857372,-0.0010496891724871313,0.019842250741714734,0.019750157620613596,0.005389264232879471,0.0021507257480287327,0.027842643557410323,0.030642846111328614,0.028718100324656493,-0.0037435052514598398,0.00738240490721355,-0.11212736887472975,0.03225067196345813,-0.017122570044824936,-0.01954733511453184
Liver,4-Vinylcyclohexene,-0.035621140753873966,0.00339669566334691,-0.026537681944316778,0.010691839469657096,0.0188795540281279,-0.04117776787675107,-0.015109815250411563,-0.024305796221040985,0.002702356538905675,0.03622046212048137,0.01817405035797006,-0.04189713927826668,-0.011680683643132548,-0.009306524126473615,-0.05635823236705658,-0.022563654092540682,-0.021599896635835374
Liver,4-[(2-Amino-2-carboxyethyl)amino]-2-{2-[(2-aminoethyl)amino]-2-oxoethyl}-2-hydroxy-4-oxobutanoic acid,0.02968467445457735,0.0525549687005061,0.0066466839788145386,-0.01153410985861672,-0.01027713577680516,-0.023789513327935462,0.005714484549344313,0.013944013724689047,0.011197057700341323,-0.017779051307024823,0.00857348292298866,-0.05207374548731783,0.006695552501239658,-0.007817339614869585,0.0035770997583401505,-0.02870380109110226,0.009934644676763126
Liver,"4-[4-(methoxymethyl)-6-piperidinopyrimidin-2-yl]-2-methyl-1,3-thiazole",0.011228603344098902,0.015059567011028613,0.022714651240862967,0.0011459492121616256,0.04501579360810862,-0.013485053381624947,-0.02414610338463437,0.06288459640955656,-0.03516002655221861,-0.020858831357915476,0.03459694934371989,-0.007461465901571015,-0.039425467807011415,-0.04170017435003833,-0.02074337653054656,-0.03757380029920604,0.00741229186572883
Liver,"4-nitrobenzene-1,2-diamine",0.0050202391472153034,-0.01588719100698787,0.025930210205591848,0.08049900285435342,-0.022508462451950352,0.016065383240747584,-0.007653277940893272,-0.010203854632477995,-0.004704218253454508,0.03101527017568458,-0.01904900452296194,-0.009106417617534142,-0.008531119917613407,-0.0034214232423135866,-3.575076286327262e-5,-0.01189399274512041,-0.006010653434508921
Liver,4-oxo-Retinoic acid,-0.04554458269521185,-0.017598241846163563,-0.01971607915835912,-0.00992443219859374,0.029388285728531926,-0.023827221985731898,-0.011081098517605548,-0.0041646613303003505,-0.044102409165133284,0.02160648987368242,0.009043097112789984,-0.004506430153862113,-0.006654097220001285,0.007886308496605748,0.00396652278888385,-0.013145443336818394,0.023864207820442747
Liver,5'-Deoxyadenosine,-0.019740657659202566,0.019870627692567117,-0.015821701885506672,-0.005110341054760022,1.1500723472920354e-4,0.02175926913207751,-0.03209900621801129,-0.006173850023108093,0.016223026013220496,-0.033477402859037726,0.002435221861072694,-0.037420587585181526,0.012657866579736277,-0.09689154476185745,0.03389629571284052,-0.05207189256676406,-0.0021423334383917003
Liver,5'-Methylthioadenosine,0.04521576005176575,-0.008665702154655272,0.01834770266863975,-0.032341830968815086,0.022255987214963087,-0.03330671992410416,-0.02207895739495276,-0.013759258795231682,0.015652176859611577,0.006369423977329422,-0.016900851054384408,0.023006856166071208,-0.003969323678176147,-0.009867724256203435,-0.009555479344643358,0.008077789392970294,0.024964049620097496
Liver,"5,6,7,8-Tetrahydro-2,4-dimethylquinoline",-0.009098122876459783,0.052473168690836965,0.008613198732087728,-0.04009460630271485,-0.028851797940143767,0.01483303251071131,0.030154646904744103,0.007938061489308151,0.014601100592425366,-0.03540649711037968,0.006336276156283921,-0.026438375601048884,6.688118907081874e-4,-0.02220289357053882,-0.008450807153189268,-0.02558111180385504,0.030449873469554682
Liver,"5,6,7,8-Tetrahydro-4a(4H)-pteridinol",-0.009432998110520185,0.030010143448517074,0.004841638986029502,-0.03792015314191976,0.008080394916537111,0.03656245721455495,0.005155141268836648,0.0358248515145878,0.002198856273100772,0.010300244466270642,0.05208480456430384,0.027259628732449165,0.0540488000146272,0.03575152733851068,-0.05516375473593098,-0.016697011745880248,0.016544526786254312
Liver,"5,6-Dihydrouridine",-0.004691881062189455,0.03514009512602729,-0.03772646203110316,-0.008719351203660007,0.0227628898936109,0.03010203406307204,-0.009637926175021462,-0.023998309977831905,-0.030863366342937123,0.03690501104816746,-0.00578954266700986,-0.050035432276498995,-0.011071782856590325,-0.03137663154648266,0.05495899787322244,-0.019942255975112018,0.04509848734757123
Liver,"5,7-Dihydro-4H-purin-8-ol",-0.04942572059662791,0.006026076474429373,0.015891136863714322,0.005237246608352283,-0.00380196384421953,0.032022826923192034,-0.001678725773298725,0.02232901095782014,0.011754715108853927,0.007276716442116272,-0.0030552430209859214,0.018109047224812422,0.010042646908897869,0.04029126639292845,0.03428848558691282,-0.01024391480554724,-0.006553045153789564
Liver,"5-(2-Thienyl)-3,4,7,7a-tetrahydrocyclopenta[b]pyran-6(2H)-one",-0.020102439288336642,0.007194117406900221,-0.042802228696662954,-0.02798378155596775,0.019176424404052442,-0.011778830417265301,-0.02648994994029727,0.017734507694681993,-0.0031545862487995227,0.02775652172652538,-0.012865184255190414,0.006082599007089543,-0.025787509233677258,0.011094736253627136,0.09529042209412295,9.374463749874044e-4,0.01751473753504425
Liver,"5-(3',4',5'-Trihydroxyphenyl)-gamma-valerolactone-3'-O-glucuronide",0.0012729101351695417,-0.031172153496015327,-0.008051921064494085,-0.0025756846364462013,-0.015966608364547562,-0.0035307386459965786,-0.02536703810485707,-0.01098233312465619,0.026661025083713204,-0.06907264933088136,0.030467771762628812,0.03148074088367333,0.010859062019554428,-0.0808198851487353,0.03188320396214715,-0.039077572489345944,-0.007814556792248357
Liver,"5-({[3-chloro-5-(trifluoromethyl)-2-pyridyl]methyl}thio)-4-pentyl-4h-1,2,4-triazol-3-ol",0.0344666962034409,-0.00665363053228846,-0.037799266062956846,0.034001430790966375,0.029156078710941207,0.04012021448931155,-0.018058852878004576,-0.009666850992805955,-0.02218262083971765,-0.03157692674446089,0.012154628013222103,-0.009288165703612662,0.006593053021418584,0.009190762924711599,-0.001981890975994437,-0.0012686114930136427,0.0042537796286026474
Liver,5-Aminopentanoic acid,-0.017770284113049657,0.02099755349362638,0.048150233800002586,0.013434711410896536,0.01770454071966842,0.028271999710282783,-0.022304588655641746,0.0067433310065240365,-0.005595566027819154,0.038131059263276444,0.01280153797040672,-0.0591417420494187,-0.0014880040852919944,0.027641722229880372,-0.04122437933076688,-0.02406921788902062,-0.038536753612655586
Liver,5-Dodecenoylcarnitine,-0.005006269975902918,0.04949924222691426,0.021170989668007362,0.04035739633505422,0.010490168184156197,0.019634458383941105,0.01483522300057655,-0.034145264465131386,-0.03474111953557648,-0.01945268871248124,0.015688892025199484,0.04615929922450831,-0.0012848504315411589,-0.00996383326824359,4.0338033257913844e-4,-0.007871948974102774,-0.009825650615503168
Liver,"5-Ethyl-2-isopropyl-4-methyl-1,3-thiazole",-0.0015952528300601301,0.030979288781056005,0.028328585826420623,0.044085467533172884,0.018981318589154684,-0.028897990117213865,0.027899231247844956,-0.03803594243421658,0.021471807664830814,-0.0044155875931798936,-3.1073747110064374e-4,0.0010783849130092784,-0.03793498296506896,-0.04817957363143516,-0.03981967362970349,0.026896475589255793,0.009148842356333866
Liver,"5-Ethyl-3,8-dimethyl-1,7-dihydroazulene",-0.03616607226463261,-0.025207149707760685,-0.018124076766778754,-0.004249055104260674,0.02964798402659631,0.0028531500770180786,-0.019958997170595367,-0.018216545776111415,-0.031462253021925415,0.033756114088136384,0.011078928205970923,-0.03315781278221846,-0.014035556038583334,-0.005142901975592637,-0.0034450929592424557,-0.06628468203612528,0.01768696592929335
Liver,5-Ethyl-3-hydroxy-4-methyl-2(5H)-furanone,0.027455910073497597,0.014007891956535325,0.03630979623431562,0.03392187361801649,0.007356642741807318,-0.02751461053518581,0.036676739632178046,0.016729125804843026,0.01671211596825434,-0.04590816916777147,-0.02625064598935672,0.03468731082450792,-0.02976120564884614,0.0060936078688592936,1.3494165939991282e-5,-0.018909805689113247,-0.01455074017151309
Liver,5-Hexyltetrahydro-2-oxo-3-furancarboxylic acid,-0.04588479937021449,-0.0183852630441981,-0.01235382814046306,0.005282821709909425,0.0265042412318572,-0.023922795208421034,-0.012061245920096438,0.012047521811559783,-0.04305636361173588,0.026111961741675436,0.01292426679254953,0.009549252082588923,-0.0013505116809796242,0.022189957275292233,5.245825925507792e-5,-0.01667594240515451,-0.007704288555354765
Liver,5-Hydroxy-L-tryptophan,0.006504803248647401,-0.03881884882893892,0.01591007129469063,0.06905966411978942,-0.01861112010379654,0.030082681758242583,-0.010614455914383038,0.02250754801769437,-0.013479666848964442,0.02004095529213762,-0.012936626844888739,-0.0014043540929671136,-0.004134138634856454,9.476922707693798e-4,0.0036817251720362614,0.0015800091412788275,0.013912068172596343
Liver,5-Hydroxy-N-formylkynurenine,-0.014561585203791255,0.06407790003760923,-0.0074122089332627865,-0.015371762909865761,8.31085421155308e-4,0.027991849941060503,-0.028479677994980152,0.004840856946412584,-0.02873482773819531,-0.018832923653523355,-7.454337454169213e-4,-0.003078653370456764,0.003355574897656676,-0.016263891289506227,-0.01021655050778958,0.004503006789669702,0.0024967270675451286
Liver,5-Hydroxyindole,0.02220982001618564,-0.006289965890318485,0.024194976921340615,0.04287753158384091,-0.010801498722945122,0.01802953874844146,-0.04003397298903289,0.034658769965512086,-0.004429521601341495,0.02120673492933397,0.028832935206118616,0.03515625883227736,0.0021839582713043568,-0.0668072130813213,-0.012477907712175279,0.03160140186975225,-0.019899142395291704
Liver,5-Hydroxyisourate,-0.009123103620157754,0.05873707013463,0.013753020442386733,-0.02718346851872014,-0.012042668202306636,0.016154282475153308,-0.01811964181633804,0.004899888297558076,-0.00843572298221994,0.013102813379153833,-0.028641996393030777,-0.045465908948367044,0.008056111901210082,-0.03295003087605631,-0.012606504793493224,-0.02251746152781782,0.020243844157545803
Liver,5-Hydroxymethyl-4-methyluracil,0.01922951551016,-0.008840052308278374,-0.024961999400282868,0.020434977170658446,-0.026354826477820018,0.022236803821702067,-0.07182713303315415,-0.007977720635054128,-0.022413529993374034,-0.025073733314694813,0.01621348904317191,0.006610310872164724,-0.04037811299371609,0.03850193812627764,-0.04219122662016319,-0.0061560785945679085,-0.015286906075892484
Liver,5-Hydroxymethyl-dC,-0.020737919389204055,-0.014046417086301607,0.03007205519916503,0.054532178494884453,-0.006289241762244245,-0.018772136472376647,0.02523878629230717,-0.045691113957769196,0.0103973424421699,0.010233494461799829,-0.010708916067289881,0.013031064938543497,-0.04205167016175885,0.0015280805648127088,0.022039976698644943,-0.04496918809022286,-0.01335976670126609
Liver,5-Indolol,-0.0017492393159835315,-0.04295228488725837,0.028662890907574536,-0.03997479228603174,-0.03130552794159614,0.0025591359059443253,-0.014974379653001767,0.031844006438344764,-0.005730951947632869,0.023035540176816124,0.020728247454184192,-0.039364163995590916,-0.027526750883015504,-0.03226060782883253,0.0238952845781874,0.011098147182533035,-0.006699633560465564
Liver,5-Methoxytryptamine,-0.005234456511863471,0.04983088415930583,0.017431644202958296,-0.059230981073304975,-0.004430254844826898,0.016505344208004407,-0.0054050409495289,-0.014427882829818892,-0.0011709867094781897,0.019998712716170455,-0.020213021499906447,0.0028997961336114045,-0.00952865381426628,-0.015765048968181587,0.03744761967722048,-0.0066261184305059515,0.01069385906481714
Liver,5-Methoxytryptophan,0.017434571515480644,-0.03968261833853503,-0.0265660253703367,-0.022978288667248076,0.014073236820056664,0.014330354114231544,0.0200026731471565,0.021404964911698257,0.03360504741147288,0.0043713466854856725,-6.900864243317024e-4,0.05216618703023036,-0.041254867452914214,-0.01172076282345924,-0.05685442045839459,0.011403467755507893,0.016636165289942616
Liver,"5-Methyl-3-[(12Z)-2,8,16,17-tetrahydroxy-12-dotriaconten-1-yl]-2(5H)-furanone",0.0038028117885185336,0.009919740426681018,-0.05475038775097549,0.018212784340530645,-0.008203235384011633,-0.004410385979881477,0.013299249378799578,-0.04844298579524849,0.02409354819545227,-0.04055626378408364,0.020123301984497195,0.010037444533799945,-0.01226765811386524,0.016840182303800695,0.004644925277866332,0.07437645744687596,-0.018818298105773415
Liver,5-Methylcytidine,-0.008621658134257748,3.2636340648115476e-4,0.02064261706342824,0.060971534216346095,-0.019685456965955996,-0.010780926714467025,0.02377134998460898,-0.03208717516403921,0.027833811542321434,0.03846623668624746,-0.015158113849452756,0.01549044211151694,-0.055336297001836635,0.016996826363539528,0.005527859703628716,-0.04804231508584372,-0.005475971650865225
Liver,5-Phenylvaleric acid,-0.0397592572788275,0.01327083699244915,-0.0047219588464934474,0.008338991080150964,0.01504628486467161,-0.021756565772484356,-0.026315177040533384,-0.03892415891789184,-0.008535452823061306,0.05602299501652891,-0.0063452238260699526,0.003352395745934967,-0.012058103017889694,0.04522157731214421,0.03368280450279779,-0.010665530705479941,0.05918579941965316
Liver,5-Phosphoribosylamine,0.0012823784335951,-0.050725172696962834,0.02574204702228639,0.00835146317009481,0.04409819729410795,0.0085979062397866,0.026399032678405366,0.005160685378859166,0.036864066661363756,0.03993263943410092,-0.0043753039752742855,-0.030205243837089307,-0.004319587812709707,0.007794582269431289,-0.013730023872397131,0.009288462798736125,0.01910137396475858
Liver,5-Sulfosalicylic acid,0.025157247485726612,-0.020705005662983132,0.003521974244929052,0.013701016721932843,0.007877887721119728,0.015863191287234568,-0.013578019375462528,0.025120322413071095,-0.02217424522106544,0.042830650237641515,0.0723410327827143,0.0016102769980683327,0.07372614578347522,-0.012192744620896213,0.021052893172665555,-0.016783073066224567,-0.0016320722307200314
Liver,5-Thymidylic acid,0.017049241920207726,-0.011689255836864268,0.044298893528216754,0.006458571000710986,-0.03485164015098986,0.014195355604422278,-0.045682789167978105,0.003378993309968163,0.018543721611715552,0.0387285686568462,0.031831129102334536,0.0020715883134698374,-0.05361518658687568,-0.030831703121542927,0.02503737882559335,0.0018594703168351284,0.014337963687225359
Liver,5-amino-6-(D-ribitylamino)uracil,-0.01704252901833307,-0.022239221699825496,-0.0036899188175578694,0.023133764963299844,0.010047705598894353,-0.02345064403175852,0.03764217982081092,0.022186711183464457,0.012870156575393962,-0.07580498454876167,0.026740946987218295,-0.03555991490033226,-0.01884149745571582,-0.017210600675475772,0.048628842560990954,-0.04717240446642481,-0.005776891445560916
Liver,5-guanidino-3-methyl-2-oxopentanoic acid,0.03486356448219958,-0.009315505278929645,-0.004000349837166803,-0.03160939523889859,0.012507749344499294,-0.04603155151772414,-0.014093750001016331,-0.02560499823041088,0.029725702711575774,0.02966727139200119,-0.023908612613386986,-9.735279514994447e-4,0.0025324262763743283,-0.041897076818704984,-0.0031448555406446976,0.053733659521262106,-0.01720154449202717
Liver,"5-hydroxy-2-oxo-4-ureido-2,5-dihydro-1H-imidazole-5-carboxylic acid",0.018212401207072345,-0.018629148099684835,0.024938365989720667,0.05800059768895694,-0.04198014834101106,0.01678196196526941,-0.025490818040421626,-0.04024433089338166,0.005250297956575789,0.011017155781112174,-0.018587746480512545,-0.012803786312508168,-0.025400820092483997,0.0022848061927131062,0.0036235606091279795,0.006232041514532045,0.007400223834835499
Liver,"5-hydroxy-4-methoxy-5,6-dihydro-2H-pyran-2-one",0.03637962479146656,-0.014470917977832919,-0.0404530164423489,0.032686940192561624,0.02254475416384929,0.03383780015488084,-0.014016691630541023,-0.004616172418010679,-0.008771291548478414,-0.024771919140829768,0.020248899966266425,-0.018752422413775807,0.01716397375466283,0.004167403730082677,-0.008546027212581221,-0.0073354365079533025,-0.0018154815909064374
Liver,"5-methyl-1-(1,3,5-trimethyl-1h-pyrazol-4-yl)-1h-1,2,3-triazole",0.011695382710640545,-0.0211279716203001,0.023879161634309184,0.0750046155418195,-0.022059014600118144,0.02252407905541135,-0.013481358966736388,-0.018039713438479727,-0.008760397071534377,0.03144754521481223,-0.012283692094819512,-0.01662939195553547,-0.0038006145099481023,0.0037010483126744104,-0.002958154701748685,-0.012443422713918184,-0.008983807304436977
Liver,5-methyl-2-nitro-N'-(pyridin-3-ylmethylene)benzohydrazide,-0.03187938077569926,0.036903464979107556,-0.01869467776978978,-0.03280196376378547,-0.01414676442074091,-0.030677978052915153,0.0026767188272244446,0.009616722136511236,0.008455366044370163,-0.012837676223177722,-0.050549702909420506,-0.024838102167979405,-0.014602045311365367,-0.021866715832597916,0.01973312996866048,0.012509600089354167,0.07699243038994551
Liver,"5-{5-[(2s)-1-(cyclopropylmethyl)-2-pyrrolidinyl]-1,2,4-oxadiazol-3-yl}-n-(2-methoxyethyl)-2-pyridinamine",0.031667799074804256,0.0041494790697051195,-0.02842066880456479,-0.0066331459670950004,-0.02515553129908685,-0.016799511208065852,0.03575466831744163,0.053660244632962026,-0.013756621772683211,-0.003971520215239861,-0.009151138599208122,0.030843522019460196,-0.048244103605928026,-0.04320329687892636,0.006176926570519247,-7.316129559534727e-4,0.011374905425037583
Liver,5b-Cyprinol sulfate,0.017573560196994346,-0.0033669145151018222,-0.008033974293412483,-0.010257949250557459,-0.00577868833549977,-0.017170463534890098,0.004854572091762662,0.11079793577744691,-0.004604589816458222,0.02373691528454534,0.01610745832270303,0.025197239407711892,-0.012639889534818812,-0.0016153259183488925,0.014679357876915681,-0.015389071317763122,0.0031077827203190972
Liver,"5α-ergosta-7,22-diene-3β,5-diol",0.04388930908744812,-0.008682813930278793,-0.009256661772055969,-0.007139611209753151,-0.006503316736057196,-0.037863225337952444,-0.03369961298441099,-0.010302561990144163,-0.007140060871239838,-0.03709911514002335,-0.011262190358819675,-0.012762298182415565,-0.007624420640923349,0.023113848360102867,-0.05162026856453532,0.01532470485812771,-0.013069214222556318
Liver,5′-Deoxy-5-fluorocytidine,-0.005370852125372858,-0.03860293867253986,-0.0437100744659617,-0.026765547542078376,0.011538095352141316,-0.004376931311528962,0.015582666306226164,-0.014463115372558078,-0.05885872386431894,0.03616184922388685,-4.7523434730488575e-4,-0.001900427046003915,-0.04048804003145274,0.005945527993558805,-0.002743204586236816,0.009774490095376082,-0.010037954703683126
Liver,"6,7-Dihydroxy-3-isocyano-2H-chromen-2-one",-0.005321419369928722,0.04971780695855838,0.02115035313169322,-0.014947055989431478,0.01241544024398167,0.04328300835158658,-0.004850306583611369,0.001956676826383338,-0.03702328103543046,-0.038386928594308395,0.025258837809704813,0.0297305302829423,-0.03216040514251582,0.020214442865074567,0.012980349971514793,0.028380473890671606,6.025859982175145e-4
Liver,"6,7-Dihydroxycoumarin",0.021105328602254652,0.014272823394944912,0.0024139713727882733,-0.01951664541263194,-0.03228050808351405,-0.020575090958683186,0.011852146945887286,0.0643069389494385,0.0424330963615821,-0.008059218307979251,0.02163492505329136,0.010064402871673385,0.07080525816639145,-0.02770825359815594,-0.004960079148185155,0.018251001207181976,-0.045084663001743124
Liver,6-(α-D-glucosaminyl)-1D-myo-inositol,0.040088240907904124,-0.012804032235530777,-0.03900400494919668,0.03121739428618922,0.02315829446161279,0.024947143804077004,-0.010999800650939544,-0.0121613932744474,-0.018021908084992766,-0.025785316333611502,0.004155796970706423,-0.017850483800108435,0.003960590872668985,-0.003024501892636521,-0.014128238867990809,5.009408007280521e-4,0.0026217112921979083
Liver,"6-Acetyl-1,2,3,4-tetrahydropyridine",0.017706471143107493,0.020710487821422267,0.008641503074185103,0.004597266296363839,-0.020244820723665336,-0.012663273456999228,0.03434353828366182,0.04960086958194329,-0.04448699195342809,-0.019259983199985765,-0.06602887677186553,0.027232644044048047,-0.03122751903959633,0.0054955039521851975,0.044263367093015954,0.03388409311813322,0.02076783792210118
Liver,6-Aminonicotinamide,-0.004923142154097049,0.03408836029931565,0.034586278888949766,0.047904411112386525,-0.017801448672242686,0.02165107809666398,-0.03832219847077307,0.004371034665321065,0.005298614239093079,-0.008701442398265232,-0.04643147581229283,-0.023552839082055223,-0.007646317355441593,-0.00551464800868522,0.042794607620890886,-0.005162180489896654,-0.013436985164521558
Liver,6-Deoxohomodolichosterone,0.016802673966183217,-0.005321915685892827,-0.012603763180604906,0.06991966097138207,-0.03600302004151272,0.021715879880787253,-0.00613945684777777,0.004363981029568719,-0.014926267125313602,0.02423067185809922,-0.047417001055495886,-0.017033257795617623,-0.009731175408108113,7.27172763917066e-6,0.023503032731823678,0.021025693728182766,-0.018987965091049323
Liver,"6-HYDROXYMETHYL-7,8-DIHYDROPTERIN",0.008592810782178313,-0.007245330643076383,-0.06052478572464108,0.03964906388009655,-0.014324039153683868,-0.004619567680273643,0.002549565700014976,-0.01789804910104882,-0.010538913025137854,0.045041442032586115,-8.566357523865951e-4,0.043597155292509,0.013780317234728652,0.0029024590860356855,-0.0028164622731820586,-0.032222091464013634,0.007466681086280397
Liver,6-Hydroxy-1H-indole-3-acetamide,-0.009337299384475792,0.04711103921684847,0.043389798033213745,-0.026283727954302925,0.01068456984094279,-0.0025220582516096136,0.017604628024805953,0.014698536687275884,-0.04385691604684151,-0.009013321862633778,0.004458298049651242,0.003544296249022798,0.0045733810456198955,0.02799007908273137,0.031909014029325215,0.023289756327084774,-0.0051478059382807665
Liver,"6-Hydroxy-5-methyl-4,11-dioxoundecanoic acid",-0.023928277463906515,-0.004822088723461261,-0.056892106543299646,0.011138946041097554,0.03303238507113613,-0.004043949372266844,-0.018636432269998518,0.003330563833156947,-0.009017889669334091,-0.01976968991254666,0.04671004479888084,-0.014919705051085478,-0.04049912157533871,-0.005928463323875365,-0.022741619447751323,0.0035363089536184613,0.006530788281577778
Liver,6-Hydroxydopamine,-0.04369392940785378,0.005762777152785803,0.004730458654083547,0.01499150248712529,-0.008997788616602522,-0.007733650223992126,0.015241909012805782,0.00674066332944675,0.04502234561010244,-0.04687684575832915,0.03329983187533714,-0.007695885393466649,0.026251840446424698,4.7162139328303724e-4,0.012706627213636603,-0.04316253616230912,0.009081701034812513
Liver,6-Keto-decanoylcarnitine,0.04249386496797183,0.019074459539673773,0.01667505760247852,-0.010146776983118451,0.0367357212840193,-0.001380457158606872,0.02135315812606364,-0.015025581808253955,0.0027008991084726533,0.03254918925726553,0.020949264215699145,0.03456305315987257,0.006510284677687472,-0.03689913566078018,0.013183070155689995,-0.0010962215252636875,0.01126624909748402
Liver,6-Keto-prostaglandin F1a,-0.015989647149952848,-0.005183967117269425,-0.011849057570736638,0.04089346774827119,0.048406508997094214,0.0127328229629364,0.0012004210002940696,0.01066383878638105,0.06446482692860038,0.0071162051756681706,0.02778685202757039,-0.026251516220198095,0.009617244467681672,0.03298002028832461,0.054641649289192754,-0.017367909329870965,0.0063586617694567915
Liver,6-Oxopiperidine-2-carboxylic acid,0.008937642004021754,-0.01767739877608098,0.02155925758605461,0.07962707849267547,-0.020424291072110492,0.02129599002134954,-0.01521342876720947,-0.019055423648143614,-0.0070067440661767625,0.027364856759032677,-0.01588515288218902,-0.012102809011108558,-0.004750831966818514,-0.003727704406484375,-0.0012911526754940039,-0.008232673343224415,-0.0022357107498434297
Liver,6-Phosphogluconic acid,0.025505347615626648,-0.05070421697852107,0.022550980949697926,-0.01751999076540314,0.01752896312932157,-0.0026572334066993736,0.005375243499055525,-0.040001952513590615,0.03188392886527717,0.020853353090512946,-0.007332238596812946,0.011180166607610042,0.01221731783351454,-0.026236992561115578,0.01118997256232709,-0.013233888449016885,0.011043449681156966
Liver,6-Phosphonoglucono-D-lactone,0.023541902101564583,-0.048480662294712075,0.006944583896369377,-0.009970050278808837,0.004960595021282751,-0.02406712782392274,0.03812037524227325,-0.03431473063999,0.04625076703301546,0.027760773527589908,-0.0028071629979200385,0.013361268812350093,-0.008440123142317412,-0.01562862597803455,0.013606248279219746,-0.01160602539833842,-0.006286094310711773
Liver,"6-methyl-8-{[5-(2-naphthyl)-1,3,4-oxadiazol-2-yl]methoxy}[1,2,4]triazolo[4,3-b]pyridazine",-0.010042226990558666,0.054355845048250744,0.010993146846281564,-0.0023977123641627783,0.008042628310314095,-0.01914730901236458,-0.02101805720575239,0.01290216520996916,-0.0189234237157902,0.0018460216531650064,-0.0293995394996609,-0.005939379559894199,-0.01815227268305884,0.0704153204050722,0.04473840128314571,0.018346215110942702,0.019929400679433253
Liver,"7,8-dihydroxanthopterin",-0.007046593038319424,-0.009058551655899012,0.03156374742414101,0.05201706701857823,-0.036732626939587704,-0.018254750968162363,0.05253245511673828,0.01650779092815112,-0.006622981121282733,-0.014749803164234715,0.004281961958727575,-0.03464167169378115,-0.009648436249887822,-0.012143860066876368,-0.031715603571586606,-0.04123138977577102,9.374618588298316e-4
Liver,7-ACA,0.037531875528964025,0.008988281348250754,-0.009539790597647944,-0.013477002706408775,-0.03305128425171287,-0.05005632102440207,0.014721518324830794,0.012422981632986165,0.015753804511961157,0.03709089374239412,-0.008125966589296218,0.01705163738960589,0.010047233669253178,-0.05162295318554392,0.008068965407690101,0.02079233499777208,-0.0026858491465371597
Liver,7-Dehydrocholesterol,0.0280031629082404,0.0020998645817558105,0.029762175115311644,0.012591667325988504,0.05849817450283327,-0.01359472720932368,0.009329503394079364,-0.03430043423285293,0.012105399499994882,0.012816057272220453,-0.02876966823472279,-0.030356249410120228,0.033201661328114036,0.034268622085507267,0.015223000079203302,-0.019170797026405843,-0.0033522761392348844
Liver,7-Hydroxy-2-methyl-4-oxo-4H-1-benzopyran-5-carboxylic acid 7-glucoside,-0.017989820633306806,-0.03184707905126255,-0.024313109122024265,-0.020229726213848855,-0.02334328289820782,-0.007295123744551156,-0.04174093403957948,0.05954343603035695,4.322017393629195e-4,-0.018685601097285617,-0.02991978567919161,0.03595616434568747,-0.009291075992555178,0.023715858770023815,0.038873332985979725,-0.006967001361759777,0.005383097766550464
Liver,7-Ketocholesterol,0.03991774541089866,-0.004581974813945514,0.03013020821614787,-0.0068536850092508015,0.05345962751801889,-0.0035903381437672665,0.02222161059325141,0.0020717543036192737,0.002502305204558011,-0.005199928784666631,-0.02392356285920688,-0.01468279347571578,0.0349570320932311,-0.0046007234151382494,0.011753634874034035,-0.00970403116739822,0.002056081213201078
Liver,7-Methylhypoxanthine,-0.011365504347696752,0.04579595466585462,0.0012769899725087075,0.016176672363726066,0.020554497975473977,-0.007087329456878736,-0.010992888512230268,0.061550758137818976,0.011665181515788046,0.046103684281071464,0.018110141135074104,-0.03847961060371476,-0.006905058851756157,0.03954023485373791,-0.02016447764384341,-0.007915042817614673,0.027725362892094717
Liver,7-Sulfocholic acid,0.01846679217751109,-0.018330395849075556,-0.0020600289827819173,0.010703429458286354,-0.03444017115553894,0.008602590972941578,-0.02080264291460752,0.043229363541012616,-0.002623136552361783,0.06932490398834402,0.06100259504004585,0.0258473021598014,0.02186350436124949,-0.032941282754695864,0.03357419056135666,0.003937224859606232,-0.00699475597863533
Liver,"7-[(Hexadecylsulfanyl)methyl]-4-hydroxy-N,N,N-trimethyl-9-oxo-3,5-dioxa-8-aza-4-phosphatetracosan-1-aminium 4-oxide",0.026116828899281023,-0.002615137098922689,0.00387690683218003,-0.012672322146043946,-0.00894093656561835,-0.04149710768489737,-0.043499785861035464,-0.019570410378419584,0.013073593803927619,-0.002534411588980671,-0.020524497210098167,0.005677293369938325,-0.05040573534116696,0.08609581751218959,-0.03218258656912541,0.0026581162192994777,0.024251645416692644
Liver,8-Acetylegelolide,-0.010205876279732072,0.004065448535341873,0.004848510795554847,0.008055622505222904,-0.001416721342854236,-0.008740536383380841,0.02149823156543831,0.040727808527072945,0.017155527923527564,-0.008944134234488116,0.02889422731855144,0.02167620423295186,0.02583939345477411,0.010653212993407171,-0.13752093491894693,-0.004912990795690823,0.0039585509370094
Liver,"9,10-Dihydroxystearic acid",0.01686484194016966,-0.011065904151110553,0.003678988018554121,0.06100755871915841,0.050287605630210556,0.00552298606697151,-0.025203328953249067,0.015157681892740202,0.03562918351655563,-0.012707960731625051,-0.024886663422891763,-0.018113398560220845,-0.01189179612402938,-0.008570670091514729,0.04029339792421298,-0.0014572463172852362,-0.006941178507781185
Liver,9-Decenoic acid,-0.03421284935820466,-0.010188145494754297,-0.02543881943408555,0.002234650750456524,0.043771263913510786,-0.02834707669925708,-0.01668422395850304,0.01129198197020773,-0.049394726328778026,0.04558827047331905,0.010602083374561618,0.006172197042879576,-0.0030304312097012872,0.01715067384312271,0.019836187219416813,-0.010331024776041238,0.014620855468643766
Liver,9-Decenoylcarnitine,0.037131505356206226,0.03726933854884521,0.014799586484292743,-0.011635534391240349,0.026314408969399804,0.015239667849506141,0.02312114305312998,-0.00926132487642464,-0.01931674034953563,-0.008655902549391283,0.02540899640416197,0.03172919063677734,-0.010123053959455458,-0.0394796195211265,0.00623512986457454,0.02455704162663337,0.0077114131229733904
Liver,9-Hexadecenoylcarnitine,-0.009896790881298656,0.05310105242530957,0.028385694253157817,0.015397261967795617,0.007585407448296313,0.019111241776957902,0.0044185681704205235,-0.034625321442721964,-0.040321445121996584,-0.011899889972838924,0.007643725409717194,0.047916044600005855,0.0066137648260875545,-0.003920105668942483,0.01941311157315876,0.019072733972581486,-0.0017260013569904
Liver,ACETYL PROLINE,0.03833177271008739,-0.019024065796261813,-0.02265368375921471,-0.009283293002439063,0.022708816225445586,-0.0261829674393179,-0.043951002785917306,-0.040508007030522486,0.011430737821196028,-0.008509003062204255,-0.015269086550032776,-0.005699101042696643,4.357318843426548e-4,0.006573485417489179,-0.011160145947797732,0.043274027440869375,-0.01614779142029088
Liver,ACPC,-0.03924622957284924,0.019502944042942276,0.012846440706376151,0.006813871673113178,0.002648585548569518,-0.023696905907639707,0.00834758490600537,-0.014934412773193784,-0.019518300078866232,-0.03129777415009855,0.020588354893550525,0.017572319602910634,0.001781036670557566,0.010199162450527821,-0.0035114293755817254,0.09152171998176757,6.419649345804409e-4
Liver,ADP-glucose,0.04127658634045515,-0.01955087946107544,0.029663324108885326,0.005229737006545404,0.05030764393015784,-0.005734625479927643,-0.009389001666589335,0.007169765844784248,0.0037644180644911705,0.004044994397713578,-0.018084667500990935,-0.025087019851322428,0.018147148755089455,-0.008670508388054905,0.0034793593185560054,0.011755984026201087,0.006372683124466165
Liver,AICAR,2.063879490672702e-4,0.006623012631548829,0.02249723453371704,0.00987946007737046,-0.016038324138854622,1.3485983317730585e-4,-0.060953127719675246,-0.012207701269897816,0.029504088481835725,-0.016162621729334387,-0.007137624294565944,-0.008324907749473837,0.012883553062488997,-0.0993534020066802,0.014583818409966922,-0.05843237540910247,-0.005400801972419516
Liver,ALA-PRO,0.025803583622480645,-0.01034523098694327,0.01584205091487631,-0.015773866153532292,0.016464505379362632,-0.060376928406728626,-0.0033894957133866204,-0.01792651038327804,0.002746057667940939,0.04571106989607174,0.019263788309609422,0.01407712878981554,0.032492221519491334,-0.07335423232626205,-0.010772438144231093,-3.2606119081319196e-4,0.02552830194274826
Liver,ALLYL α-IONONE,-0.04482258645142017,-4.486250811337491e-4,-0.01156385033484,0.011305513552877455,0.039367742331103045,0.010777709432618705,-0.006221673377103246,0.0053117604254544785,-0.03887353338077703,-0.020988106935852475,4.497170381485408e-4,-0.004618029048201189,-0.010715665361960261,0.008188388632087438,-0.03256742680577283,-0.046202261568617266,-0.02199254399327965
Liver,AMPA,-0.025186052527301793,0.01108899226861048,-0.010734020594486943,-0.027734103873108887,0.010431470123215995,-0.019909669268449188,-0.022928598952830535,0.0776129866132754,-0.023573325266866566,0.014580274391158282,0.03495044371751795,-0.006412490095986389,0.017070103674042825,-0.011204069975975567,-0.054949753708367896,-0.017748027091335033,-0.04011182692169657
Liver,APM,0.017016730296419452,-0.013526818340323108,-0.06010251728249309,-0.003706295795484907,-0.0063103533181386355,-0.004608771224424381,-0.02290050037620701,-0.007058895768703163,0.01570856257613019,0.03336941054186036,0.018974091910440995,0.04371900438321189,-0.03725686601317736,0.0027357312328082748,0.04882031278761907,-0.010500899860446365,-0.015079031216272704
Liver,Abscisic acid,0.02000670675799713,-0.01883044528527401,-0.009851343767867298,0.04746915201960614,-7.252284307109422e-4,0.0470587099582532,-0.04975775845416467,0.01803639320656712,-0.041776402206747165,-0.012635097610297817,-0.0021300014859334925,-0.036022040433717165,0.015174609376297549,-0.006982793877016245,-0.011099645339661861,0.024223394333749915,0.00915370381213078
Liver,Acetanilide,-0.012931612635205215,-0.07026600232211572,0.00638721306639169,-2.1141053835399543e-4,0.021199014998569955,0.008549725742338966,0.009411400857863666,0.008247936595846673,0.019178429775487046,2.617321297809675e-4,-0.00723995811726869,0.0018823659862015822,4.3483591733199813e-4,-0.014351456239209947,-0.006728659921272953,-0.01244615722224479,0.059137669126202635
Liver,Acetoin,-0.025528949227570447,0.03052553270256544,0.03967717690089435,-0.02886170085617774,-0.004269067158068164,-0.013440262973136717,0.008441274750137307,-0.023427454958439977,0.014483864733558938,-0.02533361495255874,0.02641474281219563,0.02173067911611443,-0.03514190633183155,0.04925992977311097,-0.027248341000401025,-0.011143432365624123,0.04972442460164064
Liver,Acetyl hexamethyl tetralin,-0.05470501096923834,-0.019127550854081948,-0.007808686867076365,0.010258281038115625,0.011621794392986159,-0.010984375541495372,-0.009533733992016189,0.00563848799267722,-0.010288544526044358,0.0016222641608201103,0.012196290310323403,-1.1320107381558162e-4,0.0064893125433396585,-5.738980962221876e-4,0.016948295664946527,-0.009244834008672306,-0.008343406269836174
Liver,Acetyl-CoA,0.015350548580538163,0.027261451748672557,-0.009108787972028898,-0.006732428636506886,-0.00525578834478018,0.02457519789537123,-0.036773029789195735,-0.03980036138853912,-0.026856405529122163,-0.058581603931998474,0.009498907473172443,0.06255174632216673,-0.012527843473753285,0.05527755702277543,0.01163040519069468,0.010359466292492034,-0.005731540766272944
Liver,Acetyl-L-methionine,0.0056295703643518425,0.008631968005754052,-0.0325118958248142,-0.057728583317227654,0.02434208033582284,-0.007765162993319453,-0.039039918821091035,0.02565547316408821,0.03428826917732245,0.02824002562621728,0.021317179662404092,-0.001177219544024872,-0.022744367486140817,-0.047349665900742806,-0.011882146000513962,0.016327018160252203,-0.0100476990930347
Liver,Acetylglycine,-0.04312685747231235,0.017144803333130534,0.024801247779779625,0.036350833504829545,-0.01685852173707075,0.011717346137326962,0.01525919399106441,-0.011994599031927358,0.022845607292312473,0.008909354808659974,0.019164013505016793,0.015626343511294605,-0.02660993663080577,0.021893204176900584,-0.014031627592681962,-0.01010532324025479,-0.007049331377278744
Liver,Acetyllycopsamine,0.04149535064832681,0.005310616229379586,-0.04240112708352987,0.009593661163967033,6.418989826468544e-4,0.011567824285742306,0.034708441153164196,0.004582910333492821,-0.010944672053961556,-0.007930340290742273,-0.037055316549223054,0.02819007673220985,0.006836539228354899,-0.009019197579922466,0.020249427231084572,-0.014526035234237927,0.0131573427310458
Liver,Acetylphosphate,-0.020297234684127335,-0.007891275141843113,-0.01912848400738445,0.05922691436702434,-0.012543378132243314,-0.027452558608037254,0.010079991803098215,0.05607205332869972,0.0075805212429770905,-0.00945259886746546,-0.008661677217315632,-0.027481382618245478,-0.017535794510116023,0.020038975822055917,-0.017886544839177756,-0.047893454805745875,0.02018737908479802
Liver,Acipimox,-0.027512756881479482,-0.027869716389630098,0.019551879858824794,-0.012899130251764729,-0.00874310287862483,0.013480962811188494,0.03171566573342356,-0.0031100048167900527,-0.007367162805609538,0.051018250673063543,-0.026276266533802075,0.02070284918721775,0.03588156854769091,-0.01392085024623013,-0.06561014443037717,0.045554910271295226,0.08879023651467527
Liver,Acrylic acid,-0.02490567441208088,0.02635543362665503,0.00918155223556175,-0.01000713095679711,-0.007974863529382679,-0.010042623989498541,-0.03573991589722318,0.07961920886776912,0.02982410681256525,0.018790877627012287,0.008739440040649544,-0.023680121760678578,-0.0324046998305903,0.005243545454697179,0.0020555141061107565,0.031143564269103217,-0.0139312605435136
Liver,Actinonin,0.0447588529500396,-0.0076504216246117114,0.0375113035281536,-0.01379491407030938,0.030004963549365344,-0.023170687041797994,0.006208235311619473,-0.01504744830153431,-0.004088125799368332,-0.002162094852637191,0.02504776208488069,-0.016987071335970712,0.0038516218546192226,-0.013379109430963558,0.0072693329537936785,7.97637715048127e-4,-0.0019362825917076034
Liver,Adenine,-0.0037248613874150374,0.03427636760284729,-0.014208159319675789,-0.022175851490916196,0.0441601434224694,0.035053968817344835,-0.024325069636676504,-0.0050175693855837745,0.04436191286533322,0.011156084953241205,-0.04531976973032767,-0.007029798611215607,-0.04068951975196004,-0.03926247681529246,0.00551469777914788,-0.03130895098134822,-0.033602044082533755
Liver,Adenosine,0.022619610213063253,0.020543891429701748,-0.03438049324576014,-0.01314399386256031,0.006632177243674136,0.02698144420594183,-0.025406937839904626,0.04771844222343896,0.0048384987859146295,0.013178017666950065,-0.0045243391931771735,0.03153178158475874,-0.04111075103254246,-0.05570373527467966,0.01629529715313504,-0.047898996820758495,-0.006364566838298313
Liver,"Adenosine 2',3'-cyclic phosphate",0.004107149490730158,-7.401085803695591e-4,0.00582147484783877,-0.0290433416925406,0.06372804302956071,0.04128821902618909,0.06465032058697662,-0.01582545195639365,4.941943990183796e-4,0.01085872601860191,0.01576369044317652,0.014576512384381743,0.011115938781104033,-0.009368281292375907,0.01801321340981895,-0.02913471385792823,0.009563698320403208
Liver,"Adenosine 3',5'-diphosphate",-0.016794495933763736,0.0582382955502322,-9.884145490362047e-4,0.024626665048135682,-0.010424468940781285,0.009778764207529737,-0.00841235038244277,-0.030746182164028454,-0.029277393101906708,-0.013762186739622984,0.02254186742233889,0.01231348319644349,0.012920595374713574,-0.022784708224698032,0.04321813163355802,0.004467242808425312,-0.025068213177578427
Liver,Adenosine 5'-monophosphate,-0.003880551435316839,0.04981282022482002,0.007484875870099921,-0.011117773981392623,0.059976182762263006,-9.084941560869926e-4,-0.01572747108728277,-0.008533768066852833,-0.024151199305432903,-0.02083609276541912,-0.02076467649086422,-0.020060766605682585,-0.024983166913629597,-0.027818501057601044,0.02960196103266282,-0.005009581812708707,-0.006365415679726272
Liver,Adenosine diphosphate (ADP),-0.021110537889934857,0.0514572520945649,0.02703408450974916,-0.010071909492161552,-0.0014916864552632163,0.023730520540629983,-0.021433932053878352,-0.005296297282930819,-0.02565494317434405,-0.03594695133907834,0.006779658953680592,0.015100875674281379,0.018252963822505686,-0.04577114798136933,0.0021349506095021775,-0.014546879978426382,0.001639529404101421
Liver,Adenosine diphosphate ribose,0.04472002582510728,-0.027636021924361567,-0.011074336490041164,-0.0017731658282739583,0.016638099809525627,-0.03469846683749274,-0.03316771577588742,-0.007068724945321232,0.017303898074832826,0.018542594041135913,0.0015545421807985022,0.024633403882562785,-0.017556667549602598,-0.007187958228750577,-8.758275308105316e-4,0.006732086279957155,-0.007411115639958979
Liver,Adenosine triphosphate,-0.01720110047726422,0.04403915717834163,0.01652070237841241,0.019437132787832025,-0.010940340098079291,0.022733795010457324,-0.010940524388023521,-0.035050422179587766,-0.04291506099351221,-0.020403156904373436,0.011891877525147757,0.05589271163531522,0.004644328449649861,-0.005467321162062751,0.045048938429423986,0.018295174317694028,-0.01855593393433498
Liver,Adenylthiomethylpentose,0.02124861842201173,5.682395875441058e-4,-0.005317951123419233,-0.04238751383571677,-0.026948200520232786,-0.020536127041174,-0.06914740961108874,-0.021347179240695034,-0.002590288710413161,-0.01260578280398478,-0.04808419907107173,0.02628627048115226,-0.026941566992281958,0.015776047651265324,-0.017680630705184573,2.2218379485796632e-4,-1.9342267791459743e-4
Liver,Adicillin,0.03624832400363728,0.022409489704639664,0.014627115283318132,-0.03648634217005448,-0.017942341997182167,0.008935349734835415,-0.020827610749895992,0.001963769763644173,-0.05232791416517547,-0.019662433676870802,-0.001042249831056447,-0.045179924958970205,0.02246873857206808,0.005249514071292106,-0.001951125614117263,-0.0026690478134153454,0.017994226031260635
Liver,Adrenic acid,-0.031652316719948455,-0.02522496979825531,0.0028688621703180754,-0.002619493715034928,0.0660398700624381,0.03133008092536679,0.020131565936145873,-0.016414273907501113,-0.0051860010676640644,-0.012461508314626075,-0.03414907555896751,0.0037973233996486883,-0.0026336323817509567,0.006285959774566916,-0.009288370418752866,-0.004522959703299996,0.033328376300387624
Liver,Ala-Tyr,-0.025143463375858727,-0.002500424351646754,-0.003379974414308635,-0.010900842826854225,-0.021512322725064804,-0.05125966711841243,0.001742587591817196,0.020444597769692905,0.029592039306348066,-0.04747436275832863,0.034440161439386496,-0.02154755261628612,0.06356768518662807,-0.012002569908350037,0.05243437914278478,-0.014995504969858955,0.007057368423679637
Liver,Alanylproline,-0.011816544518490908,-0.05598592142583488,-0.018643952902955563,-0.014943312021270035,0.005135027597239505,0.02475594406996017,0.011171841908472417,0.009214628010473815,0.020579540190812783,-0.03923701018154328,0.026594131651428543,-0.0079267046786679,-0.045981391680591746,0.0023712991224402805,0.02111227529676434,-0.032303250426477664,0.03568729585104938
Liver,Alanylserine,-0.018537931040295694,-0.060150194122848874,-0.0275467926902451,-0.015130306249194094,-0.023802276804232744,-0.027079000483020938,0.011863063089525028,0.004885298377546368,-0.003830850052683257,-0.015759030068301573,-0.0060182007580529395,7.773044790893647e-4,-2.76128291657581e-4,-0.0075067424523248445,0.015913762734571135,0.006541929130271413,0.004294883977048377
Liver,Aldosterone,0.011242983078965844,0.01710365710504508,0.03517461414227264,0.0030038747561845444,0.07668794933789976,-0.0075580594077007835,0.01904689706447872,-0.006946608174007231,0.03839278052282415,-6.290601841975758e-4,0.026256608364675166,-5.728787783547267e-4,0.01424462277087411,0.0028098197566308234,-0.025091163882970724,-0.00583593106806326,0.011425007087635445
Liver,Allantoic acid,-0.008049837598121891,-0.01134832416640006,0.0517791945649469,-0.01042228945961184,0.059643041524473354,-0.009217733189126153,-0.02348650361610947,-0.014422935961137725,0.04300536579207599,0.005581128717261808,0.023726272753274182,-0.004462358188559334,0.0016236003543891116,-0.020206126254256364,0.018895921420052815,0.01653938039876149,-0.06051343853205627
Liver,Allantoin,0.017541363399019502,-0.043221179765075564,-0.019908518193804646,-0.030880289291016844,-0.002967947292588707,-0.0026813643925646512,0.028219805890686924,0.006133152505800484,0.006647292174206202,0.07184178464470314,0.01805976683299859,0.004180235663163146,0.01745581710689697,0.005961307038954418,-0.017519819101212895,-0.042059519692099576,0.027445569309592806
Liver,Allose,-0.022744760212333456,0.006703727121739731,-0.060313703278856184,-0.006736700815637402,0.01718274228267013,-0.02668984698272654,-0.0369540041575878,0.021250476296961304,0.013841066418823116,0.02758732914133182,-0.004695410095802029,0.023680701559701735,-0.008726104329459217,0.03073458467789203,-0.003300635222535361,-5.274666116312538e-4,0.04739550290083217
Liver,Alpha-Lactose,0.033985709212811806,-0.012768613147492032,-0.043214326401111676,0.03273139119448535,0.018624408297943592,0.04073119290238232,-0.017772852791118357,-0.005872545710676506,-0.012989902285054962,-0.02967764924413701,0.00824581427737881,-0.01654278205534486,0.004198062129141857,0.010693461010859861,-0.005557592438920816,-0.009700860068788534,-0.00741602109247459
Liver,Amfepramone,-0.02554042140672859,0.03335324011989091,0.01861645956548702,0.013843885944775522,-0.013205468797611442,0.002928779539725646,0.03548601506658132,0.00998695549513655,0.006561808706426446,-0.018946276535898202,-0.03956566116000922,-0.060022726137415716,2.8009306710400115e-4,0.06073003865543374,-0.025275499776702542,-0.002552283043325345,0.04014812945016925
Liver,Aminoadipic acid,0.01483406600577077,0.007565929731307502,0.03748361823609774,-0.01059262337042329,0.05708791682188737,0.00910006219306743,-0.04683269215033073,-0.005029500328700245,0.02247987176133428,-0.05065896163844747,2.0353890549502858e-4,0.024360855000154145,-0.006445698645904807,0.026080858651163323,-0.02540733463120033,0.011928296513291947,0.006781149900644818
Liver,Aminothiazole,0.01672306390241676,0.020004531534382034,-0.02994621452620416,-0.039509574105705485,-0.04168952938050267,-0.02442787778417577,0.02759292432021615,0.029198199638696166,-0.0305331172421911,-0.04104749646579144,0.011264347952180261,0.0016717744095375844,0.027452380231856078,-0.03747844535405413,0.005725919268563648,0.007869034524228663,0.013773099126139632
Liver,Ammeline,-0.030833824104900022,-0.03401490530611042,0.010713498476331575,-0.031724476630907106,0.007551866538278419,0.05361905196455955,0.018054692881580067,-0.012304180455857325,-0.004387769830901394,0.009282882153089115,-0.040848267495924,0.027759026728505116,-0.013244537945485966,-0.006391468017293913,-0.019802018794958375,0.01197557913762118,0.007376728349414431
Liver,Anhydrovitamin A,-0.004665264011784601,-1.094609434545864e-5,0.0329822235776188,-0.019455434187389493,-0.0067529512289277605,-0.008090515313329057,0.03930207982500057,-0.025291279782844935,-0.049105309598383814,0.024771097845041667,0.04863487708292524,-0.07220707394077981,-0.023971179920126737,-0.043434645132710226,-0.01743207626534235,2.0573981127977183e-4,-0.007319158804516204
Liver,Annoglabasin F,0.005913711392522857,0.019086839344758143,-0.02799699873321839,0.03410147250540146,0.01939927352214141,0.02319286751644996,-0.001016101568630822,0.017995558052854705,-0.04465249504298058,0.012159010237438922,-0.017928037066164408,0.05150048787424069,-0.01316890195400679,0.017010520372202406,-0.04205689285773328,-0.0848761748924563,-0.029652336626117458
Liver,Anserine,0.025328013614426822,-0.013450015332598887,0.021533996235037874,0.05086394650762797,-0.006607729577799284,0.05271688033086593,-0.012144117380100286,-0.014286109521532274,-0.03448933258017572,0.021590953173780618,0.043140612387101436,0.009223465000286821,0.003115344908891306,0.0022678152526759733,-0.01831771960677275,0.012583577528145212,9.847957044889308e-4
Liver,Aprobarbital,0.01998203627777764,-0.03308450943575483,0.022387052088889713,0.02366166372125258,-0.024526243878668592,-9.199410762319224e-4,-3.9036296611964517e-4,0.026556061885966382,-0.053253666346597416,-0.021806143305956167,-0.02289374607555716,-0.05612431061033199,0.031810348555721346,-0.021933478232806357,-3.3667196170627996e-4,0.03492142372552109,0.005893488497527584
Liver,Arabinonic acid,-0.049479257983340755,-0.0022346546002536267,-0.01307676914541257,0.001031849565623358,-0.015670409111071145,0.042388367681066554,0.009047105130983621,0.010942044416650202,0.02506806190558852,0.009592412815000409,2.7563668765989306e-4,0.028054331759195444,0.016699658914461308,-1.1375653681966814e-4,0.01665630277243679,-0.0076493044388762955,0.003985582921572137
Liver,Arachidic acid,0.033579287455563274,-0.04291315483239244,-0.004649178980455823,-0.0039024359837346485,-9.854803574178815e-4,-0.001359337418385942,-0.01822628820643804,-0.0503843997916126,-0.023194088232146373,0.03659593938477955,-0.023445859401829857,0.018100512778482795,-0.020114712379140254,-0.006239611917812391,-0.01689694176665731,-0.006534237935215183,0.005487018831876823
Liver,Arachidonic acid,-0.05104271847219759,0.005737824766050148,-0.01902483627899485,0.009799319176393933,0.018548949193259126,0.013908777121397852,0.02584881511684051,6.696766618440085e-4,-0.013527374313531048,-0.015255639932386964,-0.03459174406606908,0.0023445333986531593,0.00810875676224173,0.0031123832446546037,-0.01364127507410454,0.004014054083724925,-0.052187856274713534
Liver,Arg-Gly,-0.029757309619064417,-0.044391959636214944,0.005743144423341127,0.01761097742634645,-0.04135972237899279,-0.02129439348812549,0.026453598590640663,-0.015440498348059195,0.03047956547471773,-0.006187742277293802,-0.012627491326736061,-0.02024931127550431,-0.013277136363246437,0.015202642810865348,0.005177072042266655,0.016515418533974903,0.006931452284880622
Liver,Arg-pro,-0.026359093259863853,-0.05402242658961836,-0.006755663523984829,-0.009939042892496074,-0.037914602373142654,-0.010685273661698753,0.017345376165025045,-0.013359334214531218,-0.0046326780605836304,-0.024897378984570867,0.014717766122261017,-0.026008137667140573,0.013477762238603634,-0.01983810971875713,0.013736128569225075,-0.00248263561837058,-0.055867417745060446
Liver,Argininosuccinic acid,-0.018407555809438605,0.0407024239826995,0.0406288234408095,-0.020673245553477052,-0.010099131096681624,0.02054205980433278,-0.03117776342872646,-0.029335276744288385,-0.03066345159606541,-0.0064881070143197085,-0.011565775453655669,0.01107469759400429,-0.012374685615089538,-0.03365423880848504,0.037894736037093195,-0.0014102563353282594,-0.012042124763528986
Liver,Arginylglutamic acid,-0.016057409704066692,0.0010186879486209582,-0.042552194982695794,0.04000760668847007,-0.04073109370142449,-0.04198962663282249,0.029270350244347303,-0.029980318211015985,0.034874134755763876,0.013104047661052345,-0.0012669043112931231,-0.005311002775026044,0.013189915559723864,0.008903445036914478,-0.00526093937834943,0.005352113375614631,0.03743174303569747
Liver,Artabsinolide A,-0.006287014173787126,0.04478895499447152,-0.03374163678900846,-0.02108059212670176,-0.021999148195535525,-0.01848225914564374,-0.021764606887511122,-0.02390750023025264,0.017468755319508793,0.016624391456716993,-0.03123639247881708,-0.02890319736848314,0.04451860732154823,-0.026248296994897193,-0.040221091656600955,0.009727354838582693,0.013898825184403829
Liver,Artemether,-0.018440180808900423,-7.082386901708489e-4,-0.021529848786620804,-0.013954368067165128,0.025714127150412172,0.0034077762773353335,-0.08961656731621168,0.02192522022074436,-0.03363160479327878,0.03545090547921893,-0.0014746408513861499,0.013726258799167262,-0.00253681104782052,0.005248809232465809,-0.0048594888623094724,0.018649958378530215,0.00927876849045117
Liver,Ascorbic acid,0.028092513601128518,-0.025134813777070306,0.03105770981712412,0.02018867830623981,-0.018914258330870758,-0.0047952064293162846,-0.05590960212130212,0.00832901891510846,-0.024983193448439234,-0.020959522750307578,-0.025705727633881376,-0.032818402102347016,0.03744115814669274,0.0027469250622287104,-0.01722323963770545,0.01811097972827888,0.0016945111862946233
Liver,Ascorbic acid 2-sulfate,-0.011634214956843037,0.022322497588248797,-0.030522553006520375,-0.00751711110952888,-0.0049869400587917645,0.030655311126967937,-0.025957429899390493,0.0221581673656567,0.016938877204414626,0.07298095685502094,0.05336017501930011,0.0023245391311040708,0.03775309295224467,0.0312559860318772,-0.03861206220723817,0.0019821451066676394,0.014462683586376235
Liver,Asparaginylglutamic acid,0.008284354998549317,0.004829339120806338,0.003926581195343179,0.04034412679211126,0.027088806937374303,-0.011847369835613079,0.0541345018159051,-0.03519280639201796,0.03973164794631185,-0.020522442597406917,0.016718333089786614,0.018609542355737467,-0.05910116004054832,0.014169225470907933,0.016871950349006393,-0.05905405074114969,-0.005321174492546603
Liver,Asparaginylhydroxyproline,0.024920563140733765,0.007897283915189606,-0.012539147508070812,-0.020196376303051312,-0.03159373689854891,0.019772770258105508,0.023500492013614857,-0.007935705785693472,-0.02832538857732467,-0.05075418152185835,-0.0023121532016794613,-9.630601165657182e-5,-0.030881034985927154,0.056951066960057584,-0.06769827898515904,0.03960811160183988,0.005440832969059145
Liver,Asparagoside A,0.03446906436272167,0.005530846052431172,-0.023262370421784726,-0.025870063830271576,-0.017680399488313688,-0.019736780631608115,-0.01124136209721616,-0.03861262939588899,-0.0018270642445903415,-0.006291483522899613,-0.03147113659275136,-7.622804694458842e-4,0.04389617356436336,0.05439201166941198,-0.0018582923234475139,-0.05034747446712363,-0.01591129941590203
Liver,Aspartylglycosamine,-0.0014580103340870276,-0.02672684313025789,0.012324222165052981,-7.639190817980854e-4,-0.005517647997742058,-0.010466639632600791,0.01138967296561651,0.004761438870190579,0.00681081314984439,-0.10081310631218358,0.020560485738588347,0.014246643279201722,0.02402565122485826,-0.06460991157569938,0.02226662155333652,-0.04191986664143298,8.605352914929546e-4
Liver,Asymmetric dimethylarginine,-0.017204318646657557,-0.05422089799843058,0.033327055266287736,-0.024674223707829134,-0.00215015599483123,0.04495803941748942,0.009387601770564285,0.004911209083768942,0.0024024648329209965,-0.01570933826962582,0.002366691656032226,-0.0038758129399994695,3.593445668017324e-4,0.0045905731628493405,-0.003998575598772694,-0.01922558185989192,-0.003230043982729224
Liver,Azelaic acid,-0.012350330476201979,0.03610026690667825,-0.010381890876340807,0.012074215967661027,0.0019508504432148596,0.0164281321528043,-0.050531216586215066,0.017539580930139364,0.05947249847664719,0.041633041646555714,0.031294623902597865,-0.04479197179544757,-0.02025491214052439,-0.015261470005858618,0.021003088625218155,-0.007791308102343607,0.08035448662957198
Liver,Azlocillin,-0.012219543237176014,0.03512518489715506,-0.021180433917031213,-0.025868182758040186,0.02689197646892868,0.05077611748844142,-0.018917198020013307,0.007680318306961503,0.019047270004634482,-0.03648581204054842,-0.02737000376895208,0.014792796180121902,0.03807476134262046,-0.03189108444245864,-0.012056690674293545,0.04589544337789051,7.679392092801769e-4
Liver,BLAH,-0.03598375210603879,0.007628338346857593,0.034787595402931026,0.024882338055370472,-0.01633506152525612,0.01774398617761508,0.026260156765368962,-0.01819521628344556,0.016036492989494514,0.002110103066169374,-0.03444563063086105,0.03350883282123173,-0.03715378718139993,-0.018239736999917967,0.02144520183779724,-0.03724550621814093,0.05027105499452623
Liver,Baicalin,0.03665135200694774,-0.009589307507608386,0.028647483548953592,-0.029419200237586155,-0.0021519439198696266,-0.03730966534717696,0.00811618218361676,0.025310078959170576,-0.018491000097073967,-0.01160580432013602,0.0114252129672415,-0.03427709678897546,0.020198470640124967,0.04471776877853714,-0.022615536499269184,-0.031278604495816494,-0.00658040322440057
Liver,Barbital,0.052711963228919315,0.008474446342274572,0.003561731811956156,-0.021772237134104793,0.010916784872636049,0.006124208450722743,0.02159440474544415,0.004575627783336811,-0.006434711227984108,0.010492116981280965,-0.019137326033085624,-0.02703160461203152,0.004026435731831196,0.013542800041325572,-0.02346291842695408,0.007010489511421144,0.05943777802079536
Liver,Behenic acid,0.04516530650189363,-0.009202783596299797,0.01654086280647425,-0.016346533394748237,-0.004610236081781839,-0.024576489105185787,-0.0525563972365688,-0.024958454157704365,-0.0014452243448773783,-0.012373598063898483,-0.017054256294486383,0.007936999227358637,0.01883403277238532,0.01370191637099791,-0.008863540985510295,1.9856085318264733e-4,0.0039062048552084235
Liver,Behenoylglycine,0.011908089748238131,-0.029038504026644908,-0.004188059152467428,-0.03181658035778847,-0.029564946803568276,0.017065575712795527,0.02836503729960603,-0.06145241500205256,0.01600478569203637,0.016019702229950677,-0.05491250978753943,0.015736957070699845,0.030191835120051642,0.038635070389917474,0.011077126243064582,-0.020185900754930024,0.0014188403902101537
Liver,Bellendine,-0.006562438342982151,0.05250284220126853,-4.975026563612265e-4,-0.0596327524134335,-0.014003227952593171,0.006207372761730563,0.017768256792325597,0.007653818212213715,0.02143349509296174,-0.006854339378440177,-0.009420671792524048,-0.026174189692904408,-0.014805404006070132,-0.006177064726765244,-0.00822877794088156,0.013126456830570676,0.04114354812788438
Liver,Benzimidazole,0.0059163436734009115,-0.017238593605823055,-0.03856066651829324,0.029870168939039498,-0.010502295182070812,-0.017194164788564593,-0.04303706557516188,-0.04196283145802509,0.020985885949131124,0.04297993373368325,0.0593256408038597,-0.00991124544989638,-0.015901254581165716,-0.0031167913378846324,-0.009709589974272986,-0.03739351574142455,0.011496960200631396
Liver,Benzoxazolone,-0.02836103635332054,-0.014823061692298488,-0.03523817146095973,0.027301530278158227,-0.02876386777477585,0.04357265249395285,-0.0393089911354394,0.003297537117788308,-0.001116777296657736,0.03617252805796883,-0.02178044395622809,0.0269967923366645,5.95664151196169e-5,-0.00685162328584145,-0.02327905889385862,0.0029784481480737545,-0.005442005504495766
Liver,Benzyl alcohol,-0.037754880447083514,-0.00673717170366878,-0.01217466933480429,0.03624449935902816,-0.012326965104382973,-0.019786527447421452,0.006017109371797513,-0.039879857870083274,-0.013165318394213803,-0.004813589744335184,0.03516922587229827,-0.06145428849546905,0.006824319642103366,-0.01863326995582048,-0.006562957943803416,-0.01918319867924194,-0.06251624944461487
Liver,Benzyl butyl phthalate,0.0010128369095166794,0.02541371623086639,-0.01236959860198764,-0.04575237221719389,0.006145888100004598,0.027388529835829435,-0.005007357032376806,-0.06626828116094852,0.004078005256847444,0.045634836983661074,0.01770725306999732,-0.007097687681856149,-0.03491338667034943,0.050089366232092404,0.012035466876285384,-0.022809938724325143,0.013213667493923838
Liver,Benzyl cinnamate,-0.025526596455430775,0.02027348452455061,6.596845459739708e-4,-0.016436467550200326,-0.0034868655699977005,0.023569968688069917,-0.026793494628182424,0.04676391957995636,0.02492232172876042,0.023430058943193374,0.0119764372563282,-0.009759665663452733,0.03531894121868209,0.05252831616060733,0.07933004437723597,-0.013845733822362783,-0.005795225959887949
Liver,Benzyl formate,0.011523016772291514,0.038006169954193605,0.009568398731840682,-0.01973738408180871,-0.0029746428558338218,0.019732199756707616,0.017355070598772622,-0.020994352540226136,0.005254745815725634,-0.010463041992336731,-0.03876567840293473,0.027120510701296546,-0.03558750004386624,-0.05238284738633817,-0.04827610694494824,-0.07796470012464601,-0.02543599348763962
Liver,Benzylideneacetone,-0.05131442070219324,-0.005749618696203895,-0.007712750103027311,0.004598824927454796,0.023980112206339717,-0.022539602317587566,-0.004883750384776953,0.006828549560343744,-0.040482208014841724,0.022271937364705004,0.0026866941553349913,0.0018665244524068098,0.013349858714393422,0.007263405810546838,-0.003889092060311887,0.0012716074558020054,-0.00698278720457382
Liver,Betaine,0.011215756890712142,0.024983968889966984,0.04209807262657837,0.046899462426496966,0.026728547184616595,-0.018163580512657665,0.026047251365666033,-0.006439304201735418,-0.023951203256552256,0.01439187752526819,-0.03800315917631015,0.033422100812715544,-0.013657655385951593,-0.011866819074490892,0.00338501186416942,0.03721846295928599,-0.01577888516328923
Liver,Betamethasone,0.026265350383469933,0.010327251734146252,0.014628887950196063,0.04783218428495141,0.02389336635273727,-0.03217905562111384,0.029605446058912504,-0.01489439409911188,0.007384197214171078,-0.02646323781080704,-0.05682076983450518,0.038864478434506425,-0.013359761336464422,-0.02237923301958973,-1.6844856251775096e-4,-0.01368446962339541,-0.0302674871055041
Liver,Bethanechol,-0.024226583318529886,-0.030670674925618188,6.680213661234059e-4,-0.038874557757499276,0.008897462680038125,0.05013335648835935,-0.002586125759933215,0.00337700654560319,-0.005630355301855359,0.03760895454363822,-0.03998779247592472,0.02739329427406385,-0.003653318502730422,-0.04712521644096109,-0.026736275479056226,-0.011411514979656525,-0.010913160888937888
Liver,Bethanidine,0.005256118688137753,0.004040941421851387,-0.023301662612254918,-0.015282781428228916,-0.006518576810642326,-0.006405025815188593,-0.024327904421175182,-0.023114231891169394,0.07771127799992164,0.02415611907886423,0.016997917581919954,-0.009417840451336625,0.010926877234867297,-0.045537728534562394,-0.022020532378786616,0.09243794623097867,-0.00442084309246983
Liver,Betulin,0.01659710530115441,-0.0045313840444967885,-0.012582959234699308,0.06964274954400436,-0.03618268985881375,0.022122045706638005,-0.006732431675093704,0.00436155744014471,-0.01490991544107978,0.024708508088206082,-0.048103580430720945,-0.01792986377631562,-0.009700503789195626,-0.0010027580371274433,0.0233359758900302,0.020265454351620957,-0.010350521989838974
Liver,Bibenzyl,-0.04765615965629148,-0.020354516636708085,-0.02147313362223581,0.004324648454448223,0.005023642119924378,-0.01610255700361121,0.009384246392885586,-0.005680371544755637,-0.032475702173162646,-0.009140830770543654,0.017459294779939318,0.020185398110043967,-0.01034546185841542,0.03165702955101543,-0.005865277262133479,0.031170475781127915,0.024598634515065634
Liver,Biflorin,-0.043056581595879946,-0.007661380733800373,0.0056463886680920995,-0.006551227113161192,-0.015444887619775563,0.06433642853467238,-5.25711027733189e-4,0.018236265941941585,0.03014874809377269,0.006969654771126542,-0.007514003963865211,0.015501036757050883,0.011450823315874659,0.0032039722863908735,0.021739365169949412,-0.009327548936472979,-0.0037769452128939814
Liver,Biguanide,-0.052554775739357,0.020186535485316164,0.004915491974501872,0.01130531924774763,-0.0058001598312295835,0.0037056546135310555,0.008380221496062427,-0.009396853545904563,0.020272744852153055,0.009471229691178258,-0.004593816535968142,-0.014787709692776197,0.0018851122326789056,-0.0024012359004122953,-0.028225610693061152,0.03255285562028608,0.012950379181994473
Liver,Biphenyl,-0.001898240943235733,-0.020498404781207225,0.0027137403784659414,-0.013057252113662203,-0.01918436347473593,-0.052657361738542505,-0.03226672078579212,-0.02845664012630745,0.04363750481581264,-0.07268779370419942,-0.0307887654042774,0.02595756224641892,0.014399544963570057,-8.54082648880309e-4,-0.02866700257302745,-0.03460091785658942,-4.437193658292247e-4
Liver,Bosentan,0.01582050931868399,-0.031037342640642535,-0.03837606556083071,0.043996544867546554,-0.0027496888026364683,0.015064647707122625,-0.014975346585049355,-0.02202288030638307,-0.03845813497130686,-0.00908695665557208,0.013797913359624601,-0.016224221515582365,0.056925310863051144,-0.00994039654593783,-0.026189523419187805,0.006540631772115647,0.0132766831225619
Liver,Brigatinib,-0.009540203589620053,-0.037000332498400464,-0.007013728900194695,-0.04438913007501864,0.014624416338968852,0.05225188934949719,0.031086983341516848,-0.024750364877280186,-0.006243066367694034,0.029347390346146213,-0.029845463798894592,0.007385853469479553,-0.026521087981770157,0.0010806069252169658,-0.036175413152029434,0.02230403891074921,0.0017968097254268452
Liver,"Bufa-20,22-dienolide",0.028274909297747227,-0.007711974838330109,0.02694397013462487,-0.02759695665002477,-0.01634755429468753,-0.026348886878201482,0.04953313763626569,0.02684952459486331,-0.03275893993235322,0.01674466632691389,0.040088595762896855,-0.04937102583556294,-0.009049395892586319,-0.006038380895775943,-0.01049361596775997,-0.010811891073493595,-0.0023112955936011974
Liver,Bumetanide,0.04503149020950918,-0.007545568865096375,-0.04166970837319159,0.005553303822022421,-0.020170791455211362,0.016966903150567335,0.003443444231412753,-0.005737044369468568,-0.013012648465487647,-0.028518426825967502,-0.022267752091671967,0.009415050106549652,-0.016545857596652877,0.004845309471010114,0.008922598797883962,-0.008177730579446311,0.007669325431885638
Liver,Butabarbital,-0.008663740680841199,-0.04007384882781882,0.00280894431461305,-0.016588211856656147,-0.022448041956455084,-7.183502783614651e-4,0.04269742171704027,0.01694423305841455,-0.005409434604776008,0.03748084353217065,0.02616406603987789,-0.0013141071552509682,-1.6447041307075339e-4,0.049694663524966036,0.04836530482527328,-0.07222204819279027,-0.021445694884336484
Liver,Butenylcarnitine,0.010357504432528895,0.03750272413893297,0.030144988238167938,-0.0027454532226839417,0.06629922508814602,0.016501442379946597,0.006878467049491364,0.027179514298690047,-0.0048926012258538615,-0.03165285716931189,-0.022519943603844766,0.0049008513437027584,0.01807322993727215,-0.019025642922635883,-0.011362041566161924,-0.0096621285524864,0.01610436560622332
Liver,Buterizine,-0.024771494269911074,-0.020645380863644328,-0.03573195515219962,0.0019515690397037071,0.04212932954022513,-0.04229407553433659,-0.009065454397862853,-0.024134658948402703,-0.05941649879965259,-7.770366181867329e-4,-9.694342012717777e-4,-0.012355045197451226,-0.009654524546529588,-0.008158030069528028,0.013397833878117073,0.00681609595573366,-0.010118517845681645
Liver,Butylphthalide,-0.0034606716833846746,0.01845209825622265,-0.019748315914491832,-0.018673222733599094,-0.005636920887305139,-0.055002481321829694,0.008300076416465081,0.017211629062406787,-0.030405836348463885,0.03408451936256184,0.03109311907610814,0.03622243755312205,-0.010792901506166337,-0.08096909496213885,-0.011399796162836168,0.050690724072453563,0.011586653001514333
Liver,Butyric acid,0.03751449956261356,-0.011803591389745934,0.0013350929683298481,0.030216566981589282,-0.03060083972539737,-0.00884901490021864,-0.022961703040516094,-0.010982748777990976,-0.0010715388502521943,0.006800765889315816,0.036522031796564235,0.025258307381846045,-0.07080745734610955,-0.013937294527928343,-0.01869663334717813,-0.0014751534666183693,0.006713283717684239
Liver,Butyryl-L-homoserine lactone,-0.010080004907283512,0.0029510335027750855,-0.02904272117822036,0.0030630785979635197,0.027620400938444107,0.07407796890133622,4.411910309258054e-4,0.025585315864999014,-0.03687364666057944,-0.004506615665050423,0.034776935123003803,-0.04677398991332122,-0.024821340254645084,-0.03423777481830299,0.007649395406661794,-0.015563828492074779,-0.008140606929839395
Liver,C12-Carnitine,0.001745324230564623,0.04965742293908817,0.014115442781077254,0.026609684319117383,0.016256099172310426,0.02394062898566531,0.007856346688414768,-0.03339191010551449,-0.039575415382980504,-0.02527429168944209,0.023375576712578647,0.06021742899980503,-2.123636559588257e-4,6.909136390805476e-4,0.016714104076062563,-0.007347225080250226,0.0014169213647663974
Liver,CDP-ethanolamine,0.03121786109999396,-0.022043859950525636,-0.010554077181898163,-0.022504422504330924,-0.009803996654970011,0.01455054220070685,0.0031126818985715604,-0.010807073138869782,0.02593758886561096,-0.02938107117641231,-2.429364444941403e-4,-0.004158409883520666,0.052843087828119646,-0.003434940880509143,0.06137503355073134,-0.07381018288274646,0.004923925007799508
Liver,CMP-Neu5Ac,0.011642769511948627,0.041706824340891104,-0.022303671102122474,-0.025028267479346104,0.0020599957722721024,0.041224000165192475,-0.03126720381138409,-0.009921910506225139,-0.01518645230174535,-0.017823404763633255,-0.05294277012396793,-0.010346256500728354,-0.010618242125550514,-0.03872439182697435,-0.03277556010557275,-0.03555297791207629,-0.0079925489790466
Liver,CPA(18:0/0:0),0.03408727386486128,0.009307992249499233,-0.00643788251910717,-0.05179422044128678,-0.02934727108255951,-0.028275866239222586,-0.008284453942152636,-0.013331017165965983,-0.011506242907060163,-0.03547717621433854,0.0064684853038847285,0.04208744469772962,-0.030728645979105938,0.009097477722943035,-4.5442223184255775e-4,0.004193182796306342,0.009065330148375359
Liver,Caftaric acid,0.007970311283598626,0.020175862534639405,-0.017975878215442602,0.0289542277485228,-0.007110990772946783,-0.0072707880876783804,-0.058728896900975755,-0.01449260644314856,-0.010367767789017556,-0.03838811641999032,0.012716380364158272,0.03443523981601533,-0.08701521587407042,0.027625402125824282,-0.010664176229853451,0.0037820179900827523,-0.010537314329536666
Liver,Calcitriol,-0.00360576375617406,-0.014708907403395968,0.010080127122645222,-0.030334714167209446,-0.00907403766617095,-0.002018128913561589,0.0034760721324231755,0.04981657633951967,-0.0025498234567103363,0.03852143273112763,0.04904187038174762,-0.02630963249646638,0.02226794771739106,0.07504492787896304,0.05303874285769298,-0.05292546550581685,0.003160140753476274
Liver,Calonectrin,0.014620713311311017,0.0031371040625249474,0.022515496127465617,0.025342344866667303,-0.04843839851864864,-0.019434544322051477,-0.017255842804742235,-0.045602175757330526,-0.009696567257850678,-0.03306259103885815,-0.043254080111716976,0.009610396943798429,0.011075678446845786,-0.04793619591291403,0.05477694740523484,0.028692323610715276,6.734342148218938e-4
Liver,Canrenone,0.005595626297993878,-3.119613208147924e-5,0.008988704365890849,-0.0074738685504257074,-0.028247576024976594,0.013621617418088624,-0.0026047600493434415,0.009817840211412925,0.029417558861429913,9.51870607622457e-4,0.009308722453750558,-0.1008516921273658,0.01752278650853216,0.010192311553288575,0.04882024873806974,0.08493886531084545,0.0742729547619549
Liver,Caproylcholine,-0.008935337811140606,0.04603452245151615,-0.009376273662010317,-0.07126876267848231,0.00453697835704241,0.001363120831485383,0.013571982602466575,0.009544446466818287,0.005612860871613369,-0.021034264070197546,-3.210062497040462e-4,-0.0016040297607248263,0.008021976527717262,0.0022080030801094703,-0.009122005639649444,0.009647986774991889,0.02828394067314615
Liver,Caprylic acid,-0.020659169313308433,0.010249446869569412,-0.011725139204419251,0.007968319175165597,-0.02597038090956768,0.044572875938432496,-0.005708107268068517,-0.005961568591956648,-0.02321985532393034,0.018227633738654738,0.01945695681650465,0.017339863694330042,0.05062054649694365,0.05735287459900264,0.04287430231751908,0.07962276070861748,0.0056769703716980455
Liver,Capryloylglycine,-0.025273579562720267,-0.0020481676889582906,0.0455664077740775,0.022057724230503437,0.012804517718006784,-5.939686819532824e-4,0.0074767355381349645,0.027260735375539778,0.01590346148492019,3.014541462217973e-4,0.05210880742102496,0.03145057758397492,0.03492815787936955,-0.05285126661255785,0.026649670403657986,-0.022761967104537678,0.03823215209997148
Liver,Capsi-amide,0.020499038096679995,0.03242141727605449,-0.009620144280341891,-0.060163634355058664,-0.01264566306849722,0.0037637353624837538,0.014897149486046313,-0.003269919771602928,0.014347721758746343,0.0044811114127406475,0.004237432039656981,-0.0017556238187404639,0.021347690862171816,0.030179009499688023,-0.06693799328625248,-0.028242746326815425,0.03427431209469429
Liver,Carbamazepine-O-quinone,-0.004968632346560984,-0.015769936024923464,-0.025736826684174586,0.010555922709868151,0.009306896722242837,-0.007640040567204473,-0.02757272487926655,-0.024365361187981445,-0.0695207117909463,0.04122519844495806,-0.034374450051235926,-0.01273015441870173,0.03278398051515246,-0.03187179376402279,0.0485636313861736,0.061702084661176486,0.0023664533073752252
Liver,Carbocysteine,-0.043175453734750645,-0.025402148458382776,-0.020213719121247274,-0.018201711705489308,0.0030905602091143005,0.010313039868115494,-0.004034558679768454,0.01572627967886631,0.037776924762856004,-0.02246596652816313,0.02168360357289203,-0.004273562810046581,0.02693207192816157,0.008979891698163548,0.03165521383702508,0.03012099373578792,-0.003433462275050109
Liver,Carnosic acid,-0.028070914969506283,-0.022376666840558345,-0.024074863106466702,-0.0033796846703565224,0.03429077764457136,-0.02019174547148558,-0.012936155449364951,-0.03157502132221909,-0.06308885962800728,0.03740810356778463,-0.022045201940848625,-0.019502025192068208,-0.026848870666161553,0.008656386201896387,-0.014285282277402677,0.009930840443373563,-0.02178286461148561
Liver,Carnosol,-0.04505959540217618,-0.01717337896232546,-0.012061013506008859,7.604720726655239e-4,0.028762035528071134,-0.032742387198010564,-0.006993840156908402,0.0018155448660150438,-0.050878356330940365,0.016549134511058765,0.013745821013936125,0.011088476005988833,0.003412900238869111,0.010619749910119138,-0.0013518700912149048,-0.0015164159968386224,0.0027765274214781696
Liver,Cer(d18:0/16:0),-0.046058330174473784,0.03168098888751377,0.013874192323721111,-0.02089517562405761,-0.003824513282265544,0.030919961547877167,-0.009684186389910728,7.172143093872111e-5,0.002729592688765653,0.006097835628647163,-0.017789608099018295,-0.015300582858770687,0.007679714685191214,-0.011334225459758557,0.0020018152604741606,0.02887540507898951,0.006822067818410333
Liver,Cer(d18:1/14:0),0.028458892015791677,0.030063680980440433,-0.053215193277570606,-0.0121116590031922,-0.03350563073614685,0.01457357961265883,0.0015102009901819674,-0.021522123642760484,0.01085974803777878,0.009761315107772237,0.003377433354386897,0.00905504275615275,-0.0032761175367504065,-6.431205632135297e-5,0.005888849573125379,0.02903777106587518,0.005797865471925899
Liver,Cer(d18:1/18:0),0.035470389349658765,2.6288543943839315e-4,-0.05570476927801359,0.0042775293394292325,-0.00896486441894033,0.014257435057571924,0.01091134842804796,0.015985740883017453,0.0036328878609633445,-0.014812369917776205,0.009043309713328009,0.001974246724703349,-0.04640702664372486,0.020693305642084277,-0.013495952139438085,0.02303890733377247,-0.013803828735121442
Liver,Cer(d18:1/18:1(9Z)),0.02938491671538466,0.0288779190249138,-0.0250355866875175,-0.010475457509758784,-0.007104609608534726,0.026453314282044494,-7.359697722368215e-4,-0.04773451180671283,0.03319236938906612,-0.00843119463063515,0.06577239971689318,0.0079568921592628,0.0010259966017745054,-0.011299596620143631,-0.024729014069243535,0.004499195203234423,0.020827939428135996
Liver,Cer(d18:1/22:1(13Z)),0.037081220450899344,0.0064573824892114814,-0.023973031049617642,-0.024940054474584434,-0.0060457537095016155,-0.006617825573403872,-0.03375047014288694,-0.019323916366898498,0.022600295882736782,0.022926027526432205,0.05184333182310446,0.00546415462166458,0.0025482913792459505,-0.03611947176697183,-0.050952631715468,-0.005424468812270109,0.008299868299764875
Liver,Cer(d18:1/24:1(15Z)),0.04473453498184282,-0.011154963280536525,-0.021114957198703252,-0.02995208305350345,-0.005023698160349297,-0.00430061462501947,-0.01918368325872982,-0.012337988878880376,0.018442959762260812,0.03207384426361637,0.03237049114162968,0.01279031765743937,-0.015331213139429067,-0.03195621259260816,-0.0023674329766867684,-0.025258910808003014,0.004323574358273324
Liver,Ceramide (d18:1/16:0),0.04629512269948068,0.011161992811251511,-0.03699935296827538,-0.015366884383530118,-0.019683513123951744,0.01407111532655679,-0.003773681061472621,-0.0012159355663855867,-0.015580589943473114,-0.01994022730346454,0.0013003495401950182,-0.005405893541666154,-0.03591510147873531,-3.890731327369572e-4,0.005195349904792855,0.003029946495656107,0.022436883778585773
Liver,Cervonyl carnitine,-0.0077718567397342935,0.04882001864670859,0.041084101966328654,-0.0015921973353001891,0.03422385498937749,0.017240965454189686,-0.003483794548930162,-0.022037626047549174,-0.036875188455649834,-0.00767756587858506,0.0036220818329197706,0.03354020126920431,-0.006312266604693588,1.132712061706441e-4,0.015673446381367553,0.027488091230675905,-0.0022588055003943926
Liver,Cetrimonium,-0.020018479313817703,0.04732464380789765,0.006414461532858954,-0.014429441773993986,-0.009020968671643412,0.03608985027460882,-0.029127052379081583,0.03392046691788002,-0.004471985788138322,0.01276156070658387,0.011007780041939235,-0.01806060999255344,0.007651887526267379,0.03721431445990237,0.061057775560257474,-0.014063248045904172,0.01301841770765844
Liver,Chamazulene,-0.0524919422421509,-0.008606512849874053,0.0060447986022486334,-0.007849573422499504,0.025610932946711937,-0.028794175414832434,4.319954726956095e-4,0.004371673056590489,-0.014676919209300168,0.01821826114042692,-0.005885224762002059,-0.01879886320613939,0.00922781057924412,1.6820405630118502e-4,-0.011720300023965236,0.010867419171343989,0.004089341689737512
Liver,Chenodeoxycholic acid,0.027891461982846987,-0.011745719408289869,0.02160125630498295,-0.024981980269552718,-0.002358350967186732,-0.03428943661468936,0.031045967734109135,-8.985618409641219e-4,-0.028521636096310622,0.0501157843958259,0.05593642547785125,-0.03309669277437482,-0.030432258261763743,-0.02892678939078134,0.013807686931739924,-0.008225152729322296,0.013967275207011184
Liver,Cholesterol sulfate,0.04555082899322937,0.00920284600763916,0.034836846550692066,0.01771488649539605,0.007221109224571463,-0.015492600853748066,-0.01911295645091793,-0.012385190022561108,-0.013781764383972798,-0.005032731635484323,-0.03256011423562468,0.0036872472797984876,0.0155894827590218,0.0031552956516470196,0.01767003937836176,0.0340971448769368,0.010907865577601998
Liver,Cholic acid,0.028167002928815493,-0.010849738202636431,0.03250951902974749,-0.02192646175259789,-0.017789385391218028,-0.021425035407879413,0.042030309637663674,0.017387237056254116,-0.02919647938187308,0.020192942600059372,0.04985993639401533,-0.054561455282190426,-0.008982525907513233,-0.005386926760100959,-0.010334581987418552,-0.013653276105307158,0.006648581591808385
Liver,Cibaric acid,-0.04246002027475276,-0.017288547925087352,-0.014941921980980025,-0.00574863031670236,0.03529344417564536,-0.024591900025588094,-0.0037894680089101845,0.01035800434462111,-0.05547588766634746,-6.824854747845829e-4,0.020383647526210493,0.015297419715713464,0.004554508082998959,0.014722389715902878,-0.01201278411830513,-0.006429639261718684,0.0014570665996156474
Liver,Ciclopirox,0.01806803695243585,0.02146663182581995,0.008230018944869924,0.03195189320988737,-0.002516480035042711,0.029028151565283707,0.020431516767425207,-0.022052909623624523,0.005946382515254222,0.062361929539660445,-0.07821947414916267,-0.01802149229384377,8.060769482308615e-6,-0.023458690199599862,0.0355278195006888,0.003695362617009627,0.007421553419587832
Liver,Cimaterol,-0.03415119016342967,0.011817309570472353,-0.03271775567902844,-0.005417611650833229,0.024903473560034344,-0.009204396051477094,0.031422727252988454,0.01107725847430348,-0.06255164843181772,-0.019707680917251964,-0.02605957551338582,0.021059185628564164,0.016121669396674802,-0.00891916527013513,0.013301092508646478,-0.025867504452428275,0.003358583228744219
Liver,Cincassiol B,0.03467916440470915,-0.0026416098342567375,-0.020158584201370164,-0.04760866090422414,-0.014924690792474726,0.02243308149920979,-0.031287045400441686,-0.0028113479291289514,-0.0516438370299819,-0.0016884932827752053,-0.02037621179959111,0.02417930300773585,0.005700711431902907,0.012079552229890001,-0.014724281141973735,0.014000229980234946,-0.006842811878394935
Liver,Cinnamic acid,-0.025154041241968284,-0.05862072055950005,0.01968114217752852,-0.009417955074947713,0.013551309108008435,-0.00184828663349352,0.031185251569750397,-0.005620445640085128,7.674243569859424e-4,0.005118732714816395,0.005117441657947199,0.02237214367377662,0.006188378906455779,-0.029372380781844704,-0.008490223759609287,0.016692886509771,0.028850994833727998
Liver,Cinnamoylglycine,-0.007986663333997512,-6.164353983006236e-4,-0.007343177158010239,-0.010246695532778346,-0.004436243471292599,0.073673486838209,-0.020863223799729925,0.04018577900549322,-0.019917693870233965,-0.01896815568279691,0.036878884160221365,0.029756986912507655,0.02575440289025251,0.06367178796479168,-0.03875629618260916,-0.024706783563071075,0.02456475996670466
Liver,Citicoline,0.03130575107867423,-0.005082370185509257,-0.00682676143869394,-0.010767979736931482,0.03935835226727587,-0.019726643122610823,0.015089008817992107,0.07063348294210745,0.019854859291699414,-0.009621214065851409,-0.010522020825469018,0.04367639013498,-0.007137145413865136,-0.0023942298406231326,0.031285940908867535,-0.031152968497170506,0.012662273845611135
Liver,Citramalic acid,0.025297580631054372,-0.0359491354933887,0.02330936998302631,-0.012942831570014782,0.027196091188166772,0.02711612169381246,-0.05023751675754406,0.005427733089494881,0.023547421304210153,-0.008809138409152742,-0.04095070156042438,0.02142939731082055,0.021988222239929776,0.010056205310296376,-0.02629213535109776,0.011932082869064359,-0.007777614826823408
Liver,Citric acid,0.03499771665558,-0.03993104832290829,-0.01582490050759513,-0.006544159743803784,-0.04096277409283855,0.007995161158851951,-0.006311318787483216,-0.02585924717015161,-0.008693616473916406,0.004322362771085798,0.022506482945022634,0.026553665309467515,0.030839250855570866,-0.02354446802794393,-0.005299463532006867,-0.0019111430292917582,-0.012940440810095415
Liver,Citronellyl propionate,-0.0056455597945794245,-0.012804163418274886,0.03398837500005982,0.044048104097593285,0.006644476854292716,-0.014660292420552558,0.01929932237544062,0.0666344092639124,0.007034211696584406,-0.027686208025689094,-0.005351125823359883,-0.01162489298504922,0.05535231031844436,-0.026588248241587592,0.013769405068522691,-0.03716224324052127,0.002370379880528435
Liver,Citrulline,-0.03846413334925769,-0.00668847397380614,0.03710027473957418,0.00870901912494554,0.04255966461284725,0.030929873936764666,-0.008374056705374703,0.018397889078985156,-0.0173912283291218,-0.019710108126357786,0.01954648832730993,-7.25784308106007e-4,0.017241329056919524,0.010488610267692842,-0.024182119115804698,0.008916450552295745,0.03225144700866792
Liver,Citrusin E,-0.006442982223663713,-0.06379567122805199,-5.292306512427835e-5,-0.04264827005696698,-0.023583514802862502,-2.83239949900391e-4,0.006351190415167584,-0.013115098484360405,-0.002352620450941561,0.001126446869822635,-0.003618204519360839,0.0010659669129900733,-0.006041635207823181,-0.013060030028340197,-0.008426311347913091,0.020882427362847438,-0.0026360333471384585
Liver,Coproporphyrin III,0.025516974416002074,0.030931381080122663,-0.008667573587394057,-0.03588203414775227,-0.00745763780626378,0.019666078195373065,0.006273374045248036,-0.06463279308762726,-0.01580934142869335,0.0033991475907764,-0.010115137693839399,0.020058646856517807,0.04682272296506057,0.019169350123003658,-0.030194622240337563,-0.02356798688636153,-0.004070769873507262
Liver,Corchorifatty acid F,-0.02595762170360385,-0.01837424952293884,-0.035799128679223496,0.007621725450485268,0.049948578301300436,-0.01848997195851452,-0.02300151328385313,0.030264389830332666,-0.005272396815584536,0.010634109148742714,0.031670077674965456,0.0015475462295415844,-0.006058304324889572,0.03669977248198164,-0.014816245073715227,-0.04955719302304753,0.0025368258543048733
Liver,Cortexolone,0.04431616628759698,0.005245066619816618,-0.030095393365300403,0.00895807877875983,-0.010046291653426888,0.00424746026083459,0.025505303201884297,-0.013645895484082527,-0.023318610384655276,0.008429852436290056,-0.028157728792784845,0.010035759647279525,0.052595709406732936,0.01019162906576271,-8.123559317292876e-4,-0.02645459094675491,0.013022810207301701
Liver,Creatine,0.02139803389203831,-0.004164762175383559,0.03161094416296821,0.048151082829268034,-0.010256379512198039,0.03551017072303769,0.006601660797403144,0.021298715255470377,-0.0033036122784744974,0.01930080107976364,0.07171304124499665,0.01257548167010333,-0.020219255903700432,-0.0032217405809674563,-0.034828393256743154,0.001964981375164592,0.04977111690661008
Liver,Creatine riboside,0.0262593452432245,0.022714095625159438,2.4918148668574806e-6,-0.03312095299891627,0.05720107335398719,0.0024331051611011993,-0.00476927790751727,-0.019063233453575707,0.045338322542311814,-0.004375982615195296,-0.011200691074939125,0.016431998260138147,0.023380711706107574,0.04746245380270514,0.010421064493908028,-0.009686590900154106,0.017663296390805328
Liver,Creatinine,-0.019753178363884367,-0.00831773620798813,-0.008450297157050373,0.027655344437699136,-8.219476394737638e-4,0.01983087100489663,0.016934326943859164,0.07423676352548701,0.0017132483060720318,0.04149642348597373,0.0394874382434102,0.016905134620450072,0.02530993820277967,0.009955674678488152,-0.0669611484056197,-0.02077852715702771,-5.400976274788519e-4
Liver,Cucurbic acid,-0.010903226010294009,-0.021406378940409653,-0.003928571310539486,0.024843358677618155,0.05686349624022053,-0.04477396530420849,-0.01596868300595513,-0.03122033517501742,-0.022077649734753554,0.04849422963895488,0.007970967726709272,-0.037361516267469884,0.009974681643953272,-0.01721669339195069,0.02873097836955059,0.025188069522585222,0.02355579809009388
Liver,Cuminaldehyde,-0.02974327650655485,0.03341085535336984,-0.03285418625506986,0.01715952026986088,0.01846006853631624,0.007512286822105346,0.017665279769107072,-0.01958252497342374,-0.014411889001421704,0.010820762430045625,0.006931406966667154,-0.05900137353156593,0.00895174110152895,-0.026522533525870313,0.04319202706936421,0.013609872882946832,-0.008991075995505892
Liver,Curcumene,-0.009437827787939359,0.015571180702597574,0.02433905987563848,-0.023681966261076683,0.02896693760168593,0.021659529167512525,0.0335194683253301,0.037427785020749206,-0.01176465980001242,-9.112640166966443e-4,-0.01643159549026593,0.07103113272805717,-0.0026359241931771895,-0.018029441411247245,-0.0711947627635666,0.03946803450060002,0.011692144763801114
Liver,Cyclo(L-His-L-Pro),0.00724459327990316,-0.010692809380289907,0.035111569682203234,0.06226953117065357,-0.021918684994671866,0.03432024314054155,-0.026664006065413116,-0.0062743803491099185,-0.03296015977029357,0.023265197491653518,-0.02986753895039345,-0.021130268164765924,0.02255377598377047,0.0018046271524504204,-0.0016366459226565676,0.018119244373296255,-0.01523489458184278
Liver,Cyclocalopin F,-0.0058262533656408474,0.04411646590011122,-0.03775891231529722,-0.020268715456438168,-0.019055744244045252,-0.02023756822773255,-0.02297172129077415,-0.020980256296502214,0.010597758351830007,0.018106137317120793,-0.03366893939239596,-0.028727303384964844,0.045462437255956674,-0.02040066203080626,-0.03949888791363004,0.0011945171599234276,-7.135459737187518e-4
Liver,Cyclodopa glucoside,0.01861079308780694,-0.029797889100359153,0.019369961922861518,-0.00577468607106413,-0.046119754226295114,-0.016883854892699713,-0.050962246932179,0.01838252018333014,-0.038065878794159326,-0.042392555903961134,-0.036665061176257945,0.005174317681232217,-0.008190158004576072,-0.00732569419479475,0.0045972530327335025,0.021467248108189254,-0.02400553446252964
Liver,Cyprodenate,-0.009727464580295126,0.03244473796838783,0.03674279210532053,0.004320696342035634,-0.018894130006019676,0.04892142645604545,-0.027753548361484262,-0.009324539254055802,-0.022218785356152997,0.011590563923707923,-0.037987170645991,-0.044096326704769005,0.01342125282435081,-0.05215486690142327,0.006561334655218721,-0.016160130291686295,-0.0014978367480808067
Liver,Cysteic acid,-0.02056793695087661,-0.03799697440555162,-0.011871243823312252,-0.029818166792471987,-0.02960566610224385,0.06701936561638754,-0.02205661437486785,-0.01013815411364901,-0.010134851943396002,0.015241756527482948,7.404034813266368e-4,0.02262897450087277,0.009677773037418453,0.013104200169613566,-0.001895198361747355,-0.008342083302933278,-0.013520247146518758
Liver,Cytidine,0.039973006143378224,0.00827582082429317,0.033653098492945496,0.02079837391813412,0.04179060912691119,0.023619702777038995,0.015657283818758954,0.004306368905317627,-0.029160730576393453,-0.0076948201345911444,0.023961972501622835,0.006233623967313014,0.006474326491718383,0.014707276257210121,0.011893572464367497,0.006222067501654937,0.0011009247472685028
Liver,"Cytidine 2',3'-cyclic phosphate",0.03147022862040988,-0.0014762990313452696,-0.018184043803891537,0.03498647824885781,0.03705419313321696,0.056038480770886204,-0.022346149942317966,-0.008908479637788541,-0.014511125992648116,-0.04466354167312474,0.015188050994666025,-0.01150339253582288,0.0010065473869478995,0.0011491539342563487,0.0030375367254653635,0.0019190546604789668,-0.0019332619243350618
Liver,Cytidine monophosphate,0.03622648177178126,-0.010627814445349866,0.0129198713899123,-0.01224951882399242,0.0066904733376311545,0.03399536144910145,0.018373982907487204,-0.02299427446470414,0.0170464955435477,-0.04006117323561038,0.0087815946564683,0.008993383100995981,0.049052877998946934,-3.593259042004355e-4,0.061868985367399106,-0.04303636468871858,-0.010403061277494451
Liver,D-(+)-Galactosamine,-0.007602929394521446,0.002290934309173668,-0.0611133399945892,0.03968377055953989,0.008110729310954022,-0.012758051099178573,0.031034328325735404,-0.0027793460870274935,7.792637452652219e-4,0.042105984413839184,0.005036947935811023,0.006189709623185395,-0.03517586334703046,-0.021393696986261274,-0.0187419493371365,0.023863874208924354,0.008973138947189901
Liver,D-1-Amino-2-pyrrolidinecarboxylic acid,0.014780306570841954,-0.021580582720297375,0.01654245599765423,0.03323489494574539,-0.0256031654666438,0.052728051301160574,0.01613731729733111,0.022675454970332656,-0.04118377760367441,0.008655576842628812,-0.03307470650176195,-0.04896485287566466,-0.04832161133779502,-0.0062313555583192685,-0.0019394044402138747,0.017337736779705966,-0.001482872572795548
Liver,D-Alanine,0.018289898529513286,-0.011862961867642815,-0.02556479988941874,0.002408966480978556,0.0641675545478449,0.02249566683088176,-0.006856065113059284,-0.018320671900048557,0.013587437257548643,-0.05001817226306946,0.025523935663359327,0.019131079998752916,-0.046318450954963605,0.02571907817113044,0.013398454191780214,0.025698292664848767,0.03552157271433232
Liver,D-Alanyl-D-alanine,-0.02622906734660447,-0.04802727502284791,-0.03139627752115962,-0.00356060116928194,-0.027800026407081672,-0.03491391291520699,0.01060136292393755,0.0016355066380721569,0.020638373827515388,-0.02887046634348951,-0.006259178459996724,0.0028537983774594698,-8.292087720052634e-4,0.00577383700833746,0.024505436146599148,0.00382525839620352,-0.03254087827238703
Liver,D-Glucono-δ-lactone,0.01717624173957122,-0.0065821236407304865,-0.03790627337299724,-0.017003852025498027,-0.0320402461109412,-0.013755361916576165,-0.0445750360991273,-0.01352682398084953,-0.03901682296888162,-0.0068761240914069635,0.016422568562676522,0.023840510445464036,-0.05704704979902322,-0.05207186223710966,0.02087003318178166,0.01788335447572099,-0.01457113601690028
Liver,D-Glucuronic acid,-0.013010401384361058,0.03403655828421166,4.436920901322095e-4,0.025923256012779512,-0.04466790104054538,0.0661479135668098,-0.0013507245389063084,-0.026962201595242766,0.00832420814736898,-0.04216414806177241,0.004148169264096561,-0.014868970678152555,6.575385363679023e-4,-0.006724795943695757,-0.004182772481939262,-0.017096620513297713,0.032896134704276124
Liver,D-Glucuronic acid 1-phosphate,0.0036458255718367816,0.0023806059435801286,0.043587049820559956,0.028001229610117605,-0.015396629682161926,0.013002886995882113,0.05366201049424172,0.024231585229604287,0.03938947811885166,0.04496235432056524,-0.0045903687484846805,-0.04799177177566103,-0.00740027074598808,-0.031177165787351926,-6.462623923370685e-4,-0.025936739850078855,0.034914606919252585
Liver,D-Glycero-D-galacto-heptitol,-0.0481643134716486,-0.003412917525525913,-0.01484015771979824,0.011882332518312583,0.012905631064082317,-0.03878563252158875,-0.008220454591634271,-0.00758733608903832,-0.028196847951555058,0.01561557141733326,0.0032385179793118207,-0.029733046271754823,-0.004626230871707323,-0.016511762287322956,-0.02945242280255932,-0.012693805389221546,0.008486353024841072
Liver,D-Malic acid,-0.037137403160296144,-0.014255580621531254,0.028775023736822187,0.0012076113754583026,-0.007661884091692047,-0.011659328667868176,-0.034887467828592145,0.007770839218170896,0.06216873723763687,0.027197281232102907,0.008678011125084392,0.012337942491772247,0.022150775168635867,0.033758777826982916,0.005093651737058558,-0.010487110062424958,-0.006560033679537969
Liver,D-Maltose,0.03599359068682909,-0.011880167167327064,-0.03939884497656837,0.0345584931848046,0.02229673733485079,0.03832241526752086,-0.016958237355920343,-0.006909672936555933,-0.01896085122735258,-0.0246086692261985,0.0076096735698928586,-0.017824129589050972,0.008708004390078817,0.006862649416648322,-0.006364630135635604,-0.004613769085047431,-0.010236886471491714
Liver,D-Ornithine,-0.015690963060373153,-0.0274288151955067,0.04549495548765354,-0.012317326880616977,0.05617741308727609,0.017723367474239683,-0.017457729003796333,-0.01096342090719327,0.03760662321367444,0.0166283828070002,0.0014942411918750869,-0.010932659429526044,-0.01825201228363954,-0.022474754354303506,0.00124441815691471,-0.012505189013282967,-0.03514203454948915
Liver,D-PANTOTHENIC ACID,-0.008061039982046362,0.02730791611461957,-0.024484279023863846,0.04177282330416788,-0.007290728188427251,0.009004569819873418,0.02311088818903097,0.02186761469863207,-0.0014035916954494205,0.036151912238096925,0.0021965058609923218,0.030132514984209078,0.03150075932696294,0.0736272874359675,0.03770562404828962,-0.0456088683506891,-0.026289278615699536
Liver,D-Ribose,-0.034274772911944376,-0.04339818437963872,-0.027607060877942846,0.011916933665986292,0.021281417346576056,-0.008096080837036237,0.002019276950788536,-0.00635982135946983,0.025067313110205363,-0.0012846375086984782,-0.04069362002112678,-0.025159486186964578,-0.007830291893909973,0.011771379131945812,0.003052907290485769,-0.018292889697451426,-0.025475244443688136
Liver,D-Ribose 5-phosphate,-0.025862957008112655,-0.049415690779263007,-0.011186221762277857,0.025314840290682015,0.030845017172846673,3.8342441124043786e-4,0.025911211900211336,0.007957288840206599,0.03701471260991826,0.022414349675860933,-0.0021186454787349243,-0.026790549095385807,-0.021010698073143142,0.008388591320148705,-0.002880644076015628,-7.531476944852526e-4,0.0048187290043846
Liver,D-Sucrose,0.03300442035904934,-0.013592056035307139,-0.0402644716647379,0.03461370672606658,0.026981911742094387,0.034471196961399594,-0.029606131615114446,-0.016387016616226355,-0.008369461827438652,-0.020925444893531008,0.015872425982007568,-0.008930426636119218,0.016632292577021996,0.0054438245426722,-0.012122574581510042,-0.0056122087034403325,0.01839649746081615
Liver,D-Tartaric acid,0.007057230583467122,-0.02933110055919836,0.0053633192933963654,-0.0076693858168158215,-0.02344331771729388,0.011679092074493688,-0.08414299815708813,0.020155199945491576,-0.009395274895734539,-0.03776877863279307,0.010609953366312009,-0.015195715882876814,0.03986074042124686,0.031762852885796604,0.026510487198926402,-0.01390227155062868,0.014853301328603167
Liver,D-Threitol,0.031643359331118136,0.007794994310639026,-0.014663387865678452,0.010125902589786316,0.05279056718355803,0.01466333795574914,0.01468237524237696,0.04083205102392817,0.010972001622327579,-0.030383965116912236,-0.022248409929683514,-0.013803571914103608,-0.0620699758738154,0.014454364347433938,0.0024873458285881466,-0.0024819836846856785,0.0035430665268119253
Liver,D-Tryptophan,-0.009561931430309922,-0.04497059481967707,0.013426375020587532,0.003966976064481186,0.009271038990058544,0.0367922201861936,-0.004833811774030423,0.07290101186311058,-0.026810165156026643,-0.018734154819340838,0.012431562705171312,0.03393117284781777,0.004876489306156365,0.024903954701237765,-8.824242888067104e-4,0.015923155038369826,0.0027743888151318323
Liver,D-Xylose,-0.012341697790257697,-0.06994640981144179,8.371122694641e-4,-0.02375694563355849,-0.0063337570165292595,0.008605915063116382,0.017109520643250806,-0.0107575412074475,7.971783666836672e-4,0.0010503648664643768,0.0032228542636844907,-0.013853305808707759,0.011057182184420528,0.005634474580373204,-0.006446585610942169,-9.454557084058589e-4,-0.008988050827874629
Liver,DEET,6.818498145174982e-4,0.05881281552538479,0.015602793407167524,-0.037796279423960646,0.0025246786328332648,0.0019185325240043945,-0.019166115075486198,0.032780825211205275,-0.012679030276366451,0.034436723513185816,-0.009828281013553802,-0.023749761572940557,0.011658038148581821,0.018240586275627323,0.0075088273078022915,-0.004937991551876796,-0.01704186304935571
Liver,"DG(14:0/18:3(9Z,12Z,15Z)/0:0)",-0.015006566720596883,0.04879621997545132,-0.03657306486414929,0.01440969287596745,0.019175057298891865,0.003388827787806643,-0.005316946027791092,-0.008420903820331026,0.030279684334992032,-0.010296570182953919,-0.006116261161068873,-0.03104292282607849,-0.04358854127018251,-0.03515063367908475,-0.017576742441958407,0.025989775413610396,0.0018965215632863349
Liver,"DG(16:0/18:2(9Z,12Z)/0:0)",0.03392845450839495,-0.005112713338884366,-0.04462815334909017,-0.006206574693997166,-0.001971708874150237,-4.803639953525158e-4,0.020834172383928734,-0.0473089030737662,0.013767009297968437,-0.03202449934506258,0.019914502812589448,0.02538608667986958,-0.0026502462154460843,0.02438696001846195,0.03594948063471021,0.02641595021926325,-0.04305241720642906
Liver,"DG(16:0/18:3(6Z,9Z,12Z)/0:0)",-0.01030527156352062,0.040005137060842036,-0.03476395470656993,-1.1885410571969061e-4,-0.011687760488140294,0.010758833471708562,1.9856041637454064e-4,-0.024796241463012913,0.02789230190986306,0.01404632300831358,-0.027542033456952622,-0.05802399513445756,0.0038809846313574287,-0.06473022920902319,-0.028728932893449497,-0.0185680600023799,0.007680995417562132
Liver,"DG(16:0/18:4(6Z,9Z,12Z,15Z)/0:0)",-0.028231479035501477,-0.011771067433908433,0.01960206129701242,0.038217627826603325,-0.013562349361257355,0.014405010378619807,0.01930771628297783,-0.02814680169077155,0.02592816492140979,0.02157606087222631,-0.0375048978712825,0.026232483500154627,-0.06121739764288057,0.02676670320541701,-0.03624841608305272,-0.02617309798379656,0.007120418223608742
Liver,"DG(18:2(9Z,12Z)/18:1(11Z)/0:0)",-0.019863139470044724,0.005229929696216622,-0.05015516220669582,0.0037334081782799964,0.012604719762718408,-0.00803637861644537,-0.0090008829703317,-0.019572700548207624,0.04958596574080773,0.004594629109471239,-0.007254234081677459,-0.06743957383427591,0.01917077633574658,-0.028971527244178504,-0.036058061462680834,-0.025251212580969216,-0.033621990341294455
Liver,"DG(18:2(9Z,12Z)/18:2(9Z,12Z)/0:0)",-0.0411340700668084,0.031056178581256675,-0.017116210390678246,0.011746315946647037,0.01873293409183678,-0.0013558989775376558,0.026701935357111906,-0.02781641858856667,0.02295446673331644,-0.03922151883841893,0.02176172146841559,-0.012381708726119387,0.005402539223207432,-0.020725578591141578,-0.0029927714411139682,0.006882070761882088,-0.011452214750333263
Liver,DG(18:2n6/0:0/18:3n3),0.038712343413243186,-0.012461989866246732,0.03887352711638098,0.023092167455410813,-0.019249504738167993,-0.013991181747643126,-0.012071094637379843,0.03135548576727155,-0.03996304245677001,0.0020160017866065793,-0.010278376034584815,-0.0036228120793177984,0.025094199798044815,-0.009065059180597426,0.0044946962882956845,0.025017278190503308,0.0014493732380038958
Liver,DG(18:2n6/0:0/20:4n6),-0.029550117255058697,-2.1223226681851595e-4,-0.013224468374104093,0.05813243957523182,-0.002942340674482517,0.02467738080023864,-0.03097223958597553,0.003131091749056643,-0.014758270094139863,-0.02284137947905327,-0.04267524594548117,-0.004894766916789935,0.044529062367714756,-0.00795007376158545,-0.016927316079570584,0.02297989603131832,0.013805355153283736
Liver,DINP,-0.030238938384813698,-0.020453926558696243,-0.020871325970000257,-0.027162149834682098,0.037469563888251504,-0.027060628825541336,-0.008074438542838108,4.470435985505258e-5,-0.02436810453532696,0.009336938706774387,-0.002825136912044785,-0.037903577432591644,0.044681352433060637,-0.04688735942492691,-0.012994702406422979,-0.035618874922606916,-0.0409542436793092
Liver,"DL-2,6-Diaminopimelic acid",-0.039447681209392654,-0.028341434558622584,-0.03853449171921911,-0.0012598132096255591,-0.021713782792019364,-0.029685781589708075,-6.144817218128278e-4,0.01311373511447553,0.02886988104357415,-0.013694538143557913,0.003551289986246132,0.009230312026134611,0.0018446454722103837,0.010635035938772856,0.021906781530938522,-3.378948393124818e-4,-0.004643666787163339
Liver,DL-Glutamic acid,-0.04166034130007959,-0.01590838775758874,0.026643465882864963,0.03246760673707459,-0.024975910279632012,-0.030218608326070793,-0.017840461832857302,-0.019104741737012598,0.004001328672254105,0.005966335833840394,-0.010052028233027109,-0.00765124345893198,-0.01107834047352168,-0.022684258447243453,-0.00786919933943856,-0.031166131836743764,0.00789482511776839
Liver,DL-Glutamine,-0.01482247197029875,0.011134280308031437,-0.009663753262502654,0.0073660062037450656,-0.01348338223921278,-0.013471685265588063,0.024743219310272988,0.02377988044792476,0.05392029427353136,-0.006046161414364255,0.023964045854912637,-0.018082446298118022,0.03516301385647036,0.018228170987106957,-0.08942289484880206,0.07801028323218331,0.0087531955460673
Liver,DL-Lysine,-0.006540591855216388,3.549554138608349e-4,-0.018476826205060415,-0.016850621701182057,0.06565347473238471,0.039505008189934646,0.009715553057675312,1.0058007255328137e-4,-0.011775172774321628,0.04937338172265616,-0.0318699354921676,-0.042702073801554725,0.028194841864074796,0.02585398647206365,0.035142587480949485,0.013174509894812943,0.034667703509739155
Liver,DL-Malic acid,-0.018039672809549528,0.024018715962988553,0.020625295900235468,0.03163079149506046,-0.019376670189866763,0.050101221880515516,-0.04780407111516592,0.005120394387285369,0.029155175186604907,-0.03294070905823861,-0.020153642070503904,0.03716724862088514,0.003955198842211757,0.005747808478216886,0.02289171369731324,-0.035220427558682176,0.12302618097342556
Liver,DL-Phenylalanine,0.01838689043922381,0.014972212320574486,-0.06769939715910485,0.00953969037631221,0.0047621949206678995,0.013845840033664014,0.02108665390250728,-0.02256870948050789,0.02600321043202894,0.0034644692373919884,-0.02342071806953755,-0.0019785834023434007,-0.03215118435015985,0.009823971801229334,0.008936516152718661,0.01723806273392593,0.0033925320757878566
Liver,DL-TYROSINE,-0.008182151948224152,-0.008527750560511178,-0.03540718550447793,0.037272394883090976,-0.0069087409251691245,-0.01617310618876709,0.057736798624646125,-0.05794390851667119,0.019286674710231058,0.013490922702678886,-0.026524905530999062,0.030587583073917395,-0.006984829541469295,0.032961795151439655,-0.005941518483861056,-0.020991271779814188,-0.011308355284667318
Liver,DROMOSTANOLONE TETRAHYDROPYRANYL ETHER,0.03480355408008838,-0.028084932696453315,0.009347025852179492,-0.044850381208991465,0.032848471275550524,0.030864312761766023,0.02862675229750922,-0.016966216490580534,-0.004915552117986253,0.008357204500283858,0.018818933616084464,-0.011930850725522746,0.0012791620254132702,0.007273473613866549,0.012918512933973805,-0.008742791197627546,8.277890131817503e-4
Liver,Daminozide,-0.02781644051078324,0.005954605210470353,0.024818807137456173,0.026710545702757237,-0.01443512534205783,-0.03270490070670962,-0.05087886456872586,0.035969113990023185,-0.007600397701574513,-0.027187242474901466,0.019222476237711467,0.0050732786553672,0.022593998020015053,0.017315163238311077,0.0413468960094428,-0.04983875402831774,0.02616394432087441
Liver,De-O-methylsterigmatocystin,0.02808890716644819,0.024688566974176245,-0.04494650755172783,-0.011211285206198402,-0.017628154411136767,0.011339400789783531,0.01819678161100814,-0.04974572235360085,0.0015604716012660226,0.03133307830747136,-0.0022748519212005664,0.012485795334157706,0.04025393981062903,-0.017797311824319137,0.006672454211536654,-0.017471890605057733,0.0037145767300403964
Liver,Decanoylcarnitine,0.006474565932224386,0.05805211848324495,0.014393153599389131,0.003591651724190912,0.00567222570987743,0.03218216246673797,-0.012503365658241221,-0.026162262451564992,-0.0426866616009787,-0.019423709398036247,0.014856118173211162,0.047264801598030336,-3.584755759365696e-4,-0.005937310186017027,0.008516992147153554,0.004940854069196547,-0.0059767727761489515
Liver,Dedimethylchlorpromazine,0.02133829041880738,-0.022606726369238897,-0.01625093431546021,0.05554232883225832,-0.019996373079424257,0.004196993328482343,0.0066791447530202865,0.03574823642837419,0.010821376278675656,0.027465787391348844,-0.0403118485266176,-0.04347849569373786,-0.03678872177324152,-0.005877341576014186,-0.012396781224541393,-0.019833794132673638,6.080676314567813e-5
Liver,Dehydroascorbic acid,0.018035957327235407,-0.01639931974311638,-0.015748186342114057,0.049193713408667523,-0.022938785770131122,0.0018870502321843925,0.016376846499049597,0.02023489879115235,-0.0541556285978422,0.031092894621771703,-0.005546666406626392,-0.00792218216274252,0.061091206392910415,0.03415110179818634,-0.01409578394690942,-0.028726515741033375,-0.0017304566358207216
Liver,Dehydroglycine,-0.01904437129759823,-0.025877563838221016,0.04911900685203862,0.01585491624993599,-0.019699219552407565,-0.011791875984598117,-0.007792303623312262,-0.015724362906489164,0.0323348706312308,0.0349751529768237,-0.014353064413754453,0.017931187873586343,-0.0329630933857951,0.003353647139986512,0.05988028804964006,-0.023360057373605452,-0.004055301802647009
Liver,Deisopropylhydroxyatrazine,0.004853022936107628,0.015520749726006687,-0.053308509307369356,0.05298081121310219,-0.02640496345562288,0.0015922969599149231,0.012579209131249937,-0.01691593367037394,0.018498593981578507,0.0399156983318985,0.0038029994040263753,0.01995933766202722,-0.004714991239188208,0.0021232530458603046,-0.029662633450266797,-0.0036970480758616157,0.0163317261872878
Liver,Delamanid,-0.010502055235632165,-0.04326742011442111,-0.0013468012470919813,-0.012845046146209712,-0.02955862333068625,-0.04550437487900176,-0.037438190767255915,-0.0018913896152604988,0.029588297991862716,-0.051010930506629665,-0.0054353817549195925,0.015591622858752967,-1.2819775595618755e-4,-0.01475046144145119,0.040696400470054434,-0.02646196479506277,0.0014959012021949643
Liver,Demethylated antipyrine,-0.005574328000155949,0.04216216096300886,0.025702028163489012,0.009164740662244574,0.0024652989738959876,-0.01607936011197701,0.00922272733796156,0.02448778642688339,-0.06656972930987945,-0.01143322549969137,-0.025122777740188507,0.03770189764711868,0.014974026918623146,0.011242159745125394,0.05165719767883733,0.03652364655930752,-0.004642302908389791
Liver,Deoxycytidine,0.025415669167677717,-0.01074577642335076,0.0349115380509433,-0.03468854616172936,-0.013725880910139546,0.0030732042145093985,0.033326709602424245,-0.014801874964845028,-0.03916699594629432,0.016057530235007483,0.05376016100776539,-0.049807384270748316,-0.010752524229583553,0.019396834788352017,-5.935099157606566e-4,-0.01241782113932339,-0.0029655427731875377
Liver,Deoxyinosine,-0.01853249231480565,-0.040635847104958045,0.005757298110187812,-0.0410669857222326,0.011282738771230705,0.049808771158569964,0.027217126493256395,-0.007214553777029212,-0.019884135507036334,0.03109461281194317,-0.03368690284884632,0.01173346444734392,-0.02530897401733852,0.004026897280962752,-0.018935944686756107,0.008068394375186345,0.007474352108683799
Liver,Deoxynivalenol,-0.011506841517888052,0.042482177742059306,-0.0419027068493801,-0.016098523859720205,-0.011842831985139324,-0.013361978808458283,-0.012087157833027502,-0.015296488980824911,-0.006386681321239935,0.01753712921785256,-0.03344791094789937,-0.03350306781408502,0.04645313756482867,-0.023693302653068717,-0.04343987235689253,-0.020308955087307085,0.006434675608277135
Liver,Deoxyribose 5-phosphate,0.018465904314947223,0.03298343958775376,-0.04569987799663651,0.004541598886561009,-0.008350195642341065,0.036949887288679616,0.032801467842027525,-0.042105745346867625,0.0028331398431649707,-0.003988370060097312,-0.020327987348810243,-0.00843554340771469,0.03666951334765814,0.013114488380938136,-6.907839251786974e-4,-0.03061860376635838,-0.007473924193624645
Liver,Deoxyuridine,-0.016540882074221334,-0.033733525683741654,0.02173845479756538,-0.04354141332286507,0.002947143538623555,0.05628499114758907,0.028526556700033533,-0.01642495669314239,-0.022613019574564634,0.021190261228271896,-0.02372514754666991,0.0328081267139522,-0.015953899227850253,4.431474135008457e-4,-0.0039570777927609695,0.006589273478142194,0.010869331262618735
Liver,Dephospho-CoA,0.03484764365165164,-0.03247733848662055,-0.025896366298298352,-3.944323459023721e-4,-0.01085610592167136,-0.01945566474039056,-0.03725266620326734,-0.006401059845075729,0.03835543901571292,-0.01374301068863574,-0.014241192303633597,0.050042868058877595,0.00886730339032054,-0.010645120034945863,0.0038735673943924953,-0.013797777201929257,0.005500396548868509
Liver,Desogestrel,0.01685668507519455,0.01855041569912326,-0.060650375265230476,-0.0014735187777147683,0.030082052283929635,0.017226596249715845,-0.009986997168702248,-0.008043937827387413,0.01859427248492158,-0.04059142191048145,0.011149712222175494,-0.023841080530770175,-0.03165740585908157,0.011630677236234722,-0.023408464380588478,-0.021421487257072328,0.008150010305944401
Liver,Diacetyl,-0.03415727284580796,0.01274085908854544,-0.05019610486876014,-0.0035916694491426007,0.015525050321934856,-0.02272708418902934,-0.03084382600100984,0.022856140114579225,0.019324023970894534,0.02589035924208279,-0.002443766366697021,0.019978139057260588,-0.004580190708421443,0.0315330615313038,-0.007703473612351095,0.002833627675667837,0.06462796295795795
Liver,Dibutyl sebacate,-0.046963989995880355,0.0049106145381840275,-0.023016041086025577,0.010091382084343853,-0.008451789731499137,0.0011589516964976697,0.034126145649166176,-0.017179889847680617,0.019627269666586004,-0.017348488889286234,0.030132698242377742,-0.0176495753238143,0.006877803676170228,0.00674784458224926,-0.003599117710488296,0.044640061897297224,0.0035257006954803527
Liver,Diethanolamine,-0.004516416935572929,0.028331492291368807,0.0516148913764236,-0.011474034924832932,-0.030059977893455075,0.03229180600780186,0.00657736899967994,-0.02003691018276764,0.024441606082307787,-0.03571527391335872,0.018959552925336395,0.024770974092739307,0.012790431205491587,0.04540439761704298,-0.02886596929089445,-0.012971464630473472,0.05968841466654149
Liver,Diethyl tartrate,-0.03993923961357651,0.01328258948523648,0.014975378981895734,-0.010017609429905395,-0.0025432596637361355,0.026090451825318366,0.008203014355898784,0.04463377946478217,3.7639625437662134e-5,-0.006210282183212261,0.02403669858520411,0.03775970357039139,0.033538394112023064,0.04292737284570618,-0.04280117696408567,-0.0035054839395863052,0.016929991614959
Liver,Diethylpyrocarbonate,0.03095739410660114,-0.012741016467148219,-0.04430235673166659,0.034610920529674974,0.01962441035123702,0.042093499437865195,-0.01864404849583852,-0.006297079552651881,-0.013657858746144466,-0.03342947323499288,0.009632812514580267,-0.01741210513106779,0.0010527212928108853,0.010386401810228787,-0.0057736121960836415,-0.009682359242476582,-0.0029441529393206965
Liver,Dihomo-gamma-linolenic acid,-0.03905989150305488,0.013980193112042332,-0.00851641454153873,0.033225596012424315,0.040528364429077965,-0.013310421342166152,0.0336181299876664,-0.025780561656524658,-0.016341547018779733,-0.021654003680362858,-0.03438360740929232,0.007084522309120116,0.0034306842666832742,-0.011377046111441918,-0.012272739263242755,-6.824669768342867e-4,0.01775652207297002
Liver,Dihydroactinidiolide,-0.04621238288959547,-0.013319960256491905,-0.01451267165483875,0.001051537703813862,0.029619966526327396,-0.028573808848185084,-0.010127052076124942,0.002885022182134528,-0.04814094923381926,0.019330363217564674,0.010769580947779037,0.009999704984078714,-0.005913952241822424,0.01260738538539846,-0.005012947084009832,-0.00870982223094415,-1.5808127432428038e-4
Liver,Dihydrobiopterin,-0.030317877091972215,0.012494580230782109,-0.005066449652178942,-0.016083163369789964,0.005819372605168432,0.021105836221793444,-0.01889427419097765,0.04471424122231904,0.025022661673953346,0.03598855517132786,0.0025549473985528814,-0.014316332291771674,0.04593578044621005,0.0480888272201787,0.06944771337946869,-0.01942701062248154,0.009395484266857905
Liver,Dihydrocarvone,-0.045359625091569836,-0.018238742306836402,-0.014659474508379757,-6.889263884153825e-5,0.028199482023967756,-0.022177918201155975,-0.012125119313607598,0.014371492564908273,-0.045004061371773596,0.0245856215430959,0.010957676139431225,0.010982835429931753,1.1360345748447844e-4,0.022955463435773975,6.536011463577967e-4,-0.0125587957202147,-0.023595734913608106
Liver,Dihydroceramide,0.022300812184465106,-0.011124272418989839,-0.03720840051565931,-0.02569827025736269,-0.010716484884442537,-0.005922120776575045,-0.003500357975599435,-0.005958039626240225,0.053433231008853846,0.037170764947704264,-0.01985413286446748,-0.06896960486114165,0.005031320173900241,-0.006925984738526604,-0.029252821545138176,-0.035550173699159596,0.047501433355349273
Liver,Dihydronaringenin-O-sulphate,0.028854257322975037,-0.04072271634044039,-0.018671596968075035,-0.028265701994149194,-7.387143965810994e-5,-0.009740767181106566,0.02070640078661281,9.566710153930208e-4,0.003086135212035169,0.06464131350722065,0.01655113787610822,-0.012119041005607286,0.01585944623050172,0.0033629440793187374,-0.002100697723547157,-0.04035505816559313,0.0047591828887820955
Liver,Dihydronepetalactone,-0.03802723329763764,-0.01998015645252306,-0.016854766436629223,0.019029270987943804,0.04093149342109893,-0.001320629044388122,0.008610047048913607,0.024592032026032554,-0.023097411497108398,0.005032081229978195,0.02263247112314169,0.01779553965445451,0.036989574269189134,0.013047039999556077,-0.04887830255726465,0.017772179982602908,-0.008005144514073487
Liver,Dihydrothymine,-0.010604978215984147,0.020940125241177325,0.012910937393330026,0.05405081755840116,-0.047550148584252876,0.01270840797943095,0.019386293405116113,0.03504482650002853,0.01784073899949992,-0.003310845999316302,0.04646493513460355,0.01800911635719854,-0.026792168051747327,0.004292968881968039,0.03472062001914897,-0.018542055077514837,0.07293608933259987
Liver,Dihydroxyacetone phosphate,0.019976252757262305,-0.034496922662641746,0.039699659506564455,-0.010807624516296282,0.026265345046947296,0.04651520172075604,-0.006620938187897241,-0.009393194127326443,-0.0238622228294408,-0.02906557092767098,-0.003976264998283622,-0.023713096609720583,0.04104184564515921,-0.02796208692818554,0.0071624311293015394,6.694207253620776e-4,0.04051621001379138
Liver,Dimethyl fumarate,-0.011028971218733362,-0.003582373141484251,-0.021861212055766424,-0.00503238645214728,0.03665875326220481,-0.012488551971227746,-0.04019176046218731,0.03120122895315554,-0.041041369260381634,-0.018616263297207544,-0.046939403726642084,-0.032269113265256284,-0.05584290642228637,0.03095306718488419,0.04031230358060364,-0.04606849698060621,-0.0025021119284052685
Liver,Dimethylenetriurea,-0.046766379599041265,-0.0021550396924864537,-0.001029871053464942,-0.01984675786867622,-0.005233080755652342,0.03571891759767764,-0.0019782764398409724,0.0033027735152669404,0.03132869116181276,0.005716956111690672,-0.030183389992648364,-0.03302680840702245,0.014592099692621846,-0.03383126045010096,-0.008247712658591505,-0.02269021591727288,0.009818389688580082
Liver,Dimethylglycine,0.010527542004226944,0.016133909458583017,0.038867564724247225,0.051835005162792124,0.031705762074230016,-0.026479003663653487,0.03167956008526121,-0.022694640607797564,-0.023069409571933458,0.019651390014066836,-0.02240600980359729,0.03320145324482076,-7.663707023879053e-4,0.0020698305628657106,-5.121874151372574e-4,0.036176602584526284,0.017797977183492904
Liver,Dimethylguanidino valeric acid,0.04498700209766032,-0.03233546157981378,0.009726402297365926,-0.015147100234346341,0.017081065187757673,0.03727957142440519,-0.01750492612027335,0.0024095883628294516,0.0013722621089673475,0.01725848832100033,0.008185163197005128,0.0014028551772959199,0.01998973433031067,-0.008352275053916433,-0.014969235023732761,0.0054516929047838765,-0.011200340506178018
Liver,Docosadienoate (22:2n6),-0.015658125130424996,-0.032756374789586616,0.024184617569156512,0.009871629819643938,0.055610327705520164,0.002538549879313753,0.019425621875090546,-0.03960066832866179,-0.02857682652617596,-0.051393307293449715,0.004415715955176788,0.0047216404023509755,0.013706871218831183,-0.019703431483629606,0.0129990330073846,-0.024500275100028026,0.004176570603371898
Liver,Docosahexaenoic acid,-0.049714571945724886,0.007037122903725302,-0.024983643067934175,0.011200768848275894,0.01570515952172336,0.0032604014264537387,0.032142884568097094,-0.001900005539788391,-0.005445245508041042,-0.014397036795988789,-0.032356755723890795,-0.0014896694617452752,0.007098583177412803,-0.009252667705415649,-0.018995082885424088,0.006464639501850055,-0.008788437745768415
Liver,Docosanamide,-0.0012907801947254587,-0.02610964485303469,0.03111553580452458,-0.05210262744787983,-0.01923290189983073,0.04889649036812121,-0.018505372284032096,0.007040999829541982,-0.024696723452717662,0.006564144544201569,-0.04917994792974606,-0.016359071476570067,-0.013322233183005067,-0.01713176970904713,-0.021323447888919628,-0.01586465328879842,0.00917028563504894
Liver,Docosatrienoic acid,0.027797276623645468,-0.007020634463664865,-0.011517847191566025,0.019893330694334993,0.07856749840579552,0.0055908674606662614,0.0054446194492321996,-0.032042914669957456,-0.009087867493432043,-0.021717969568985508,-0.01116049533456622,-0.012459153093651516,-0.0037558449189336682,-0.005998195515589232,0.004829253588028125,-0.0208918466285508,-0.003330728014294293
Liver,Dodecanedioic acid,0.020318459115116653,-0.008189195482372263,-0.00221789931151481,0.039803106557630336,-0.009163275684845726,-1.2071009877722342e-4,-0.03103002298955471,0.06940763010970467,-0.013154104853921768,0.021968854845882825,-0.02672142653606944,-0.043645948093804725,0.05659910000251918,0.007742119375376996,0.02291958253950902,-0.010532074379758621,0.011246387986770462
Liver,Dodecanoic acid,0.012763563705765112,0.03691488746711939,-0.04766985775678596,0.007676034641533727,0.0234376411672456,0.04026097762991721,-0.010633904751948529,0.004625220013773743,0.004723835167876794,-0.029310816120055986,0.02719450035741426,0.004887518138678383,0.019671434262147906,0.03142687616481547,-0.025355964332045195,-0.03638942370299314,-0.05767132066341505
Liver,ETHYLENE GLYCOL DIOLEATE,0.03967606596124567,-0.001066113257469679,0.03221447432876778,-0.023549123151518556,0.034225189492314435,-0.024859061136958238,-0.03542897019905576,-0.01561829240168223,0.023506990644587087,-0.0022229127199170982,0.018356025200373566,-0.018350291259454886,-0.014843571472787994,0.007134774250419699,-0.011672330097274591,0.005356201163447783,-0.0042145202455792855
Liver,Edaravone,0.004050424099354487,-0.05088102968512983,0.014362894291682204,0.044564953784233884,-0.005473947622577729,0.038246140900646375,0.002202651459809036,0.0458267728583248,-0.021554671461270204,0.006561605662812565,-0.01994481344709216,0.012815577225267508,-0.0025651131403658708,0.01072000971595544,-0.004467286911269997,0.007721442963258331,0.020108182020952346
Liver,Eglumetad,0.029929630472410464,0.008720946371716611,0.04761358352484889,-0.009917702388741826,0.055805596423326505,0.004582427499834012,-0.0034046287012288656,7.084694454462596e-4,0.0023033452493304092,0.00157057499347096,-0.02140642635540624,0.03538758779966345,0.009724100865249719,0.004225471170030204,0.022755402027860926,0.004895337625761936,-0.03824730507966146
Liver,Eicosadienoic acid,-0.035152652543528944,-0.006466046743957146,0.011874354723092898,0.04259713966053289,0.03494500433974058,-0.016858767540056874,0.02737437626490121,-0.04154884951416014,-0.005732717197529917,-0.04006303873463077,-0.008089695915429464,0.010336634237053968,8.165955283924727e-4,-0.018627129269411916,0.011983639745961373,-0.02029048940316631,-0.010120580683686353
Liver,Eicosapentaenoic acid,-0.05187339953647045,0.020234654867167183,-0.010584965140352641,0.003113051496256653,-0.006567706975707708,0.003552957092021505,0.015608610376047017,-0.0030113927109452314,0.015259822034416406,0.003831808988499924,-0.0256238889220197,-0.019613664782748924,0.01068738343964167,-0.02174844369462766,-0.018453661455975216,0.02231960965556714,-0.007111778491561414
Liver,Elaidic acid,-0.030305053775200295,0.01990519599937797,-0.05042898215414866,0.03441168991758009,0.011919025959431395,0.0075994309919400265,0.02457123983643154,-0.031566536628920436,-0.009253756404491421,-0.014727637016810187,-0.0025240950853185487,0.010681714306107587,0.018094392589144713,0.016192400771594315,-0.011616764813906865,-0.015527674995179586,0.028915491935973855
Liver,Encelin,-0.02507404040591275,0.02628107899577528,-0.01010470115169083,0.0030354502600210085,-0.058455662805160125,-0.002898566007315001,0.007053070362856954,-0.026986768704215403,0.03756355573693494,0.014262937596729227,-0.012370971051435743,0.05449981577037858,0.0030888370964414656,-0.04257685184888417,-0.005793130845162368,-0.0065669619367439485,-0.0011454379655589284
Liver,Epiguanine,0.019954117037121386,-0.01010419944797102,-0.008631098050959489,-0.022001954688529637,-0.008831965637199991,-0.015614637108052,0.024945119872366205,0.0643835835910624,0.0054351807781292975,0.045351643011083735,-0.0057387179102170345,0.06410982924455949,-0.010564792087522338,-0.061587255713356395,0.013887302662240341,0.016317366179263642,-0.01266381033637648
Liver,Eplerenone,-0.0050859001854043,0.041128382109984526,-0.03779964763641373,-0.02403208015711918,-0.024171009432276947,-0.023058117818723096,-0.017338174693441195,-0.022831751073148398,0.006231135173206124,0.013540365017610507,-0.029749220354256665,-0.023130108222892163,0.053072790556884616,-0.019313381551014905,-0.0438368521276081,-0.0074732956784286314,0.003651609773579033
Liver,Epristeride,-0.04819537054022709,-0.006007615556646024,-0.02585057458179716,-0.021744155604956194,0.028240684889531055,0.00964891613820454,0.0019898134952294365,2.992349632875509e-4,-0.00856567918463182,-0.015186132881025759,-0.014086286450331699,-0.010544931323719137,0.0062619523669290005,-0.03328336181018063,-0.024334535975569782,-0.0017172377947271094,-0.006135466638022937
Liver,Equol,0.008984558738265232,-0.04365946795582257,-0.0011823356116600968,-0.02187746971775774,-0.010230627924478385,0.0090418374091135,-0.05814740555147695,-0.03544895647913448,-0.004288116677552954,0.05782655357497075,-0.005163156872836459,0.031890893924888516,9.392763275565699e-4,-0.026896628227903632,-0.017487974795395343,0.004950201462885987,0.05016395948980707
Liver,Eremopetasinorol,-0.02202458151967021,0.040468040572189286,0.007940850187842708,-0.013717421758969195,-0.012991404506373653,0.03081922445761432,-0.0318998668343697,0.002172045818485541,0.004248543120920104,0.0317544774980965,-0.037766989936780536,-0.04883284773157468,0.0038557510881076216,-0.04600913822395599,-0.001877929480055494,-0.04496787482518575,-0.0011348923054744539
Liver,Ertiprotafib,0.02780550471433867,-0.012265107378410358,0.020677809321210994,0.004764318623314192,0.01716718781899321,-0.04127903572593577,-0.019203849021329267,0.05176851045300987,0.020180327924839862,0.004535820273206616,-0.0020949530553726506,-0.012825329163143405,-0.0826938521676202,0.004317096563096275,0.007761369708462414,0.015365274121171783,-0.014863519015849081
Liver,Erucic acid,-0.0030545643047021837,-0.011726544645963996,0.04203666253272621,-0.05657879613451294,-0.013346164122341676,0.026388908154476573,0.037822040316017935,-0.028794113906726385,-0.01936411918838824,-0.00919904753372329,0.012385261158987377,-0.03832867679525483,-0.026958009433314806,-0.008864864236319598,-0.008945338788451492,-0.023733621940190065,0.008135674880975887
Liver,"Erythrose, 4-phosphate",0.006897466872973796,-0.03452174776953278,-0.024141430540671457,0.028254451293240692,-0.03134526302199128,-0.027717733562094605,0.009633528592938709,0.006949874294221074,-0.03872476977935088,0.0010871720740262022,-0.013502712395387318,-0.009901770254222151,0.0888518817017653,-0.015082957237723474,0.004794557402113126,0.0031234467881837077,0.007129180997704666
Liver,Etaconazole,0.018156785754626485,0.0257481389468229,-0.018453452089189828,0.00700745547242973,0.006320581156608318,0.03486845351316117,-0.02070798781134303,0.07628088893773634,-0.011556045931585438,0.030233318226220385,-0.04071362922979589,-0.00495077729334644,-0.03294470776735226,-0.02990559870357979,-0.025287943868015066,-0.012129406207647181,0.019096060406669127
Liver,Ethinylestradiol,-0.047182856695661315,-0.012138127501877228,-0.013997219250765204,-0.0010414795801260701,0.031178438784149394,-0.02320715541653045,-0.007747845027594236,-2.919426538789567e-4,-0.047435323550920165,0.013535417845523895,0.02056977295925808,0.009569118470042604,-0.0033111854314042395,0.008793326547401772,-0.00286956173883886,-0.010180509329545732,0.013731965440633626
Liver,Ethosuximide,0.018421854527960625,-0.00936219046779238,-4.44863700608521e-4,0.05326088574993866,-0.020392646480028684,0.032900450662853735,-0.022540115957616243,0.013211039359813515,-0.04382348945107959,0.012429329358821089,-0.01857980787913685,-0.027830933192454724,0.07306601255987337,-0.013672459182969459,-0.0012640657222240679,0.010626721095512211,0.005848050205138448
Liver,Ethyl glucuronide,0.04107066203027851,-0.01787913850957844,-0.03611935556552243,0.011187566359866903,0.005059127002377991,0.020765170890616517,-0.04708075646072634,-0.006136699175080487,0.007414053518587829,-0.016066882434457183,0.019323602323376935,0.002153510489472654,-0.025654245008341577,0.006675521733756389,0.009550535232855456,-0.005717863736450903,0.006381757345686562
Liver,Ethylmalonic acid,-3.781672886077364e-4,-0.04252295938960911,0.010814048896284392,-0.037761528490630955,0.021829193855349753,0.027812583875665348,0.0297790023906288,-0.013582882493455508,0.01597346203835946,0.061355794961172924,-0.015175966486181943,0.03853812443065222,0.011833037734235122,0.006157973277506325,-0.03368976365965512,-0.011852811718318574,-1.3215236215399269e-4
Liver,Eugenol,0.022876003773838645,0.010516417144318682,-0.010548836991414304,0.005764296424895287,0.07132282558795024,-0.02046227238703407,-0.015749558234332432,-0.003048388810222154,0.0388199245218054,-0.010119713685326699,-0.04858815062877273,0.01699946977620182,0.030601333208734403,0.003699690399029822,-0.02209698774491407,0.011042383680452312,-0.0016679822672092054
Liver,FAD,0.0034410922386530797,0.037286430463942845,0.00856973031824338,0.02543860418166475,-0.03954803215214886,-0.04650167472289412,-0.01628565534084093,-8.524343635204598e-4,-0.002731538039407812,0.004222849574508897,0.018358183003382062,-0.007551153852196171,-0.05042231386126021,-0.06218204331765288,0.03602338904573428,-0.017512206714460972,0.06846657825707579
Liver,Falcarinone,-0.03652396936492766,-0.012422050970862304,-0.0026011435742417364,-0.052216541955112626,-0.014266283274304606,0.04034882612804987,-0.026718592293287723,0.010741589477343527,0.010758485050024066,-0.0017294758540332042,-0.0318168974967974,0.0015455127806216769,-0.00706202825481778,-0.011073954544357242,0.017962463510610614,-0.02558112211621335,-0.016895508277081115
Liver,Fasciculol C,-0.001386055068524859,0.01203617190442872,0.032775587930240546,0.04431870644414961,-0.01330736904111376,-0.048905921242758076,0.03414287040998934,-0.03798013552112305,-0.030927551298836366,0.010121388172517825,-0.005132122136619998,0.018429490386131106,-0.03549601506059531,0.03033006540825671,0.01643520651289499,-0.042487446186120735,7.700620892131336e-4
Liver,Ferulic acid,-0.019187021454523605,0.043133584780889175,0.008048740155759676,0.02547940361656695,0.006238606671747762,0.0033965370682348924,-0.020717540794342498,-0.03321261500504767,0.002943461527159738,0.002443631685192721,2.5279368278824214e-4,0.040504638311582464,-0.024178021476994587,0.06360625109393256,0.02695632030238764,0.05241273598485078,0.017423435189822336
Liver,Ferulic acid 4-O-sulfate,-0.028346596823938433,-0.03937074626281195,-0.0020604694407649455,-0.028466218090271174,-0.01362339360008101,0.03225794060019671,0.029160362995487306,-0.009326347269231946,-0.03907402098351048,0.03422732288973384,0.03661832770702227,-0.011190931478974406,0.01349697379235732,0.013644781446057882,0.0108634664837921,-0.020386139293150276,0.021173089557848555
Liver,Flavidulol C,0.04147738138650249,-0.005907857813216314,0.02652618863026756,-0.028091004847386546,0.012768235184065922,-0.036776034951956894,0.01867519106508196,0.017627037349939395,-0.00945012760897446,-0.015301061677264038,-0.0010578244448488123,-0.027689751950680793,-4.258187809911144e-4,0.008157617309295788,0.04141360565442341,-0.0328007412981142,0.0037436022683416583
Liver,Flavin mononucleotide,0.0023448585748219552,-0.03146783045893735,-0.033522584003099654,-0.03153233686567283,-0.01557835595843185,-0.014050831690012531,-0.047903782902894806,0.015085413799002674,-0.022702600277450417,8.941792130736071e-4,-0.04636456296175812,-0.009107701324338344,-0.02601346278453036,0.057296580491892624,-0.02354832120635791,0.026263826333581864,-0.007608247421311393
Liver,Flazalone,-0.012009047206646823,0.0035126815489803123,0.02762393043141505,0.032843283775456776,-0.004789391252554173,-0.030943261797096302,0.003189449391413396,0.022277735013588925,0.05104465841739296,-0.008480170835098149,-0.005721662858294266,0.055954618789671444,0.011573510719246949,0.042309297313947024,-0.07670326989143364,-0.0292185175898307,-0.00260488941648237
Liver,Floribundoside,0.0389054342638887,-3.062483042028266e-4,-0.039564976954811565,0.03034360242218228,0.028587491763436734,0.03189109675376109,0.005679180237918908,-0.004065866020556119,-0.013578096204193759,-0.012410925006219901,0.012314341366912918,-0.03321605628863967,0.011902096585467387,4.8002226155986424e-4,-0.007292625007496791,-0.012220272997515717,0.015609588508048857
Liver,Fluorobenzene,-0.018935663806542324,-0.05652758172452724,-0.008430919195935992,0.003480806377272241,-0.0437188671153959,-0.016651270404306875,0.023390082951616716,-0.00811211428205069,0.024434651660080808,-0.027587193889117585,-0.00907202245272655,-0.011739980578515379,-0.0051193646076912345,0.011506272908258055,0.00786680063018392,0.00364430989503978,0.014730174577938229
Liver,Fluoxetine,-0.016940707154027772,-0.05285202577213198,0.012867096570979336,-0.00792917534531957,-0.02109783978257018,-0.005217698539701831,0.023260380585553242,-0.04220032682190574,0.0022032217453267747,-0.030112202523077673,-0.02933281443864151,-0.0026676721474899433,-0.009194568826104997,-0.04745067287282111,-0.010471935668932057,0.026174538035739842,-0.026343319830835675
Liver,Formiminoglutamic Acid,0.008392239055681509,-0.030822340729766303,0.03785387658381033,0.04464834531777581,-0.012429220121603315,0.03236340264548161,-0.0145294213055922,0.01091750978445093,-0.03696126868865209,-0.021558326796616917,-0.04837887862255007,-0.005700383023300261,0.018093290961843842,-0.02642487128658138,0.01387830242211552,0.02151647215611634,-0.002965217303884515
Liver,Fosfosal,0.018415838612161423,-0.035090951521543734,-0.030087877844468147,0.04385650364825343,0.0059389150878217415,-0.03214695298658501,0.023325632569274217,-0.007429199321612762,0.0389501251902488,0.04657934050099285,-0.004278158144014738,0.019420673752347288,-0.018293430963047273,-0.0010232930821101095,-0.002802205278886147,0.005674351854209506,-0.027000319900611577
Liver,Fructose 6-phosphate,-0.02427331400105043,-0.032988355330320886,0.0021992419478079903,0.026240847884480993,-0.007391966377477949,-0.03424702491264258,0.04025241691536921,-0.037009019677721015,0.04652252569901168,0.04868922963509914,-0.0042717088363329134,-0.005737518198106355,-0.017502739089652664,-0.0011819003191394853,-0.011127966259138698,0.014870066727857456,0.016088792213568348
Liver,Furaltadone,0.03321471367031015,-0.012565852827039392,-0.04393279875159942,0.03294515054334289,0.01920445127962227,0.04067149782577555,-0.017943977108404185,-0.005228802115484506,-0.013215488034229016,-0.030264674068410442,0.008845481152607547,-0.017071934601796724,0.00322983686529687,0.011311216858789842,-0.005825238024775028,-0.00953261538199323,0.0030731487681697743
Liver,Furan,0.0344150042216155,-0.016327359561423244,-0.043034289650742734,0.034891823286760666,0.02460275588175876,0.0306129946180678,-0.013136689471713698,-0.0039393843115781675,-0.014118841673507396,-0.027716684644028284,0.008925359435892717,-0.019262958663082686,0.01038597279476067,0.008051363099517643,-0.00651535392552396,-0.006389902837020829,-0.009817711028866485
Liver,Furazolidone,0.0287654861003315,0.01073931936873141,0.004566869999710392,8.34370849543354e-4,0.07553982982312829,-0.0037334823342622626,0.02548718853492435,0.02782017684114686,0.031029535599640147,-0.010874642269203821,-0.022110707163038184,-0.0018112060398828018,-0.021812144168102073,0.004634720713620371,0.0028383296397348147,-0.004341537567750595,0.001986323188763097
Liver,Furfural,0.022681932280285755,0.012407016586938144,-0.02289958874224189,0.03522944024578558,-0.06433104998730621,0.023459411569912568,-0.011760887695717105,0.009037568151589756,0.010889642203538928,-0.04529491822906856,0.026757896099345424,-7.371492647573156e-4,0.014161857695798289,0.009621330631445758,0.010976953857799364,-0.016642462950804376,-0.005595428235233989
Liver,Furfuranol,0.016191878199195847,-0.014057387612755498,-0.0242898861081826,0.052217034962327914,0.009817718161288742,0.05256593843490202,-0.016696477966952165,-0.0040050448372847105,0.004471792382654686,-0.011099801544877965,0.014586044564739291,-0.033345287605673804,-0.05908149736926718,0.004629570594835874,-0.021149984548115584,0.033862409480217404,-0.006588632991467347
Liver,Furmecyclox,-0.0439852907442226,0.0395034735083959,-0.007507941232010048,-0.002795976188959766,0.010281323264897089,-0.01899215826729948,0.013133287046753114,-0.01477625635497654,-0.03545048645237207,-0.012888682260885853,-0.01061266938260327,0.0012578340347433664,-0.012157440891281646,-0.012785216203409135,0.009254020564014635,-0.007402086741421106,0.01483221696860785
Liver,Galactaric acid,0.01979077273504163,-0.023602104262218114,0.005692659335397408,-0.003025645860265082,0.01768887421702642,0.0136002492434263,-0.01642371003751035,-0.006755622304400348,-0.013354126198096608,-0.03515241893856884,-1.3348883372631942e-4,0.02956354875168417,-0.07995698694238536,0.07624757970450906,0.025283093253107927,-0.04296352156911991,0.011352250772294658
Liver,Galactitol,-0.04744180794646111,-0.01164192837808191,-0.02613360750654234,0.006059421944381858,0.026795325239979496,-0.03090912770731989,-0.013939010187861287,-0.010568116010092568,-0.014383706096512076,0.016228201080308865,0.006402028443182529,-0.02955378959327115,-5.517779438351688e-4,0.006659470148552689,0.006744830423230803,5.056845561027471e-4,-0.006849960957203382
Liver,Galactonic acid,0.002257334637041047,-0.0213214734528169,-0.003396490479550493,0.04194534655886877,-0.03225718439618469,0.01231610555059959,-0.03837919725833346,0.0070597926365743875,0.03065931471188292,-0.07039161736079491,0.021905727310134904,0.03904210949975138,0.0216259547352922,-0.03238727187284701,0.021666889172015747,-0.02880098853825284,0.017470036859721497
Liver,"Galactose-beta-1,4-xylose",0.0012577756106869683,0.01153050186887683,0.0201239568303248,0.009031106424119502,0.06910256326933413,0.009787112244698535,-0.03575816322653989,-0.011108798771834854,-0.00788804943714918,0.02636947410628386,-0.02890238836765439,-0.0589960568651111,0.030551723133401845,-0.035336450939402714,0.00390907697713018,0.02614579203658737,-0.0032626084049843878
Liver,Galactosylhydroxylysine,-0.002791393635647127,-0.011647994238345736,0.04123009286941691,-0.04210440376539196,-0.008258651937865286,0.06133810779271511,0.03633386311586136,-0.022371192867910776,-0.02239573129940602,0.020541827487473522,-0.004422392300266626,-0.008719772246702328,-0.02973957605479462,0.02156377415482119,-0.022036927455609416,-0.0014692878308272509,-4.593895200762692e-5
Liver,Gamma glutamyl ornithine,0.0018866640714319653,-0.03765216428663257,0.011208582168086288,-0.04749621556487661,-0.031960011249480974,-0.007459657130322395,0.011870350452396202,-0.00684624885941464,-0.028401156753731588,3.5855864037051067e-4,-0.012604094781995314,-0.04788941579940859,-0.06467763867823124,-0.029675357195381696,0.0027799253020108885,-0.01013271788617671,0.018420626923846453
Liver,Geranyl acetoacetate,-0.009349253262569376,0.01023975388364859,-0.0058832287366785965,-0.04124577317297396,0.01472261632115853,0.030089545737913344,0.009568624142365357,-0.04646987396304756,0.045673588853225845,-0.029327686596287785,-0.05245738193707883,-0.02828714779471631,0.03993340202457975,-0.022076631201757457,-0.0526094427693497,0.018648632726657278,0.005435368679644095
Liver,Glabric acid,-0.04436819247528792,0.01849228600017315,0.01051656342536407,-0.008665333093044875,-0.008736829304828126,0.02952678224569659,-0.0011120959368725923,0.0028970779803366114,0.036576138837999476,-0.01489368438393363,0.005255187491922489,-0.014381844611347719,0.026164154042062775,0.00942902796167093,0.05760839595437918,0.026399341466965858,0.0173060509878436
Liver,Gln-Gln,-0.021914271077271372,-0.05788709474340603,0.003332614624734522,-0.014651066909481647,-0.03387309641267349,-0.004308483711882418,0.0014036635523358256,-0.005607767671906993,0.024587766586948227,-0.04338764783896384,-0.01343871088472371,3.8281062726423597e-4,0.007366014870590963,-0.0037623650193850324,0.010131348816650981,-0.00943034775143356,0.007210452311040454
Liver,Gluconic acid,-0.006198620165054463,-0.020797827341416202,-3.400492987740739e-4,0.006437984043580531,-0.007889465424478591,-0.006954650078611518,-0.017379059949855464,-0.01976344812616469,0.05685145956551411,-0.07111820192938742,0.033826021536187835,0.06761298755954677,-0.026669174274817017,-0.03556343094139392,0.01204700923894125,-0.03870625427315389,0.005695394508520773
Liver,Glucosaminate,8.385074335536317e-4,0.007517842114040736,-0.029531932375563456,0.058275896319459904,-0.02738641301854963,-0.014488730534928917,0.027555202202135788,-0.03557206280523139,0.024677503703946592,0.04689995645789582,-0.019768212391247188,0.024281481113129295,-0.027481406237261103,0.00398955970378247,0.015812586733240756,-0.03632336808738215,-0.028783845312156827
Liver,Glucosamine 6-phosphate,0.024949206052726172,-0.03572175414980891,-0.011441054831195474,-0.02186611789021329,-0.022617276561009536,0.029699324353870335,-0.035389128352537325,0.04175661141721421,-0.02580960208758571,0.01977588628859064,-0.007455951022781532,0.028383061366939886,-0.01583215043103131,-0.043458488854144064,-0.008535538552921126,0.029303048913860263,-0.004142155337962677
Liver,Glucose 6-phosphate,0.033163108723803215,-0.01535068289988181,-0.04615140324595119,0.04610766551184119,0.01910296819522672,0.017395071032668605,0.00502889493047467,-0.0018987968428751238,-0.005046921600350452,-0.01593564694248623,0.001131589819367829,-0.02661533935235958,-0.010924806590049416,0.007307002664398669,0.0011050062335711903,-0.007403552965369251,0.007622201749025826
Liver,Glucosylceramide (d18:1/16:0),0.043133359062033166,-0.006607208752545551,0.01078513877933891,-0.042296924401551174,-0.02613557483543349,-0.009130396845324086,0.015551855280966916,0.005864336878344828,-0.026722705367202313,-0.01812181432259337,0.006660857320840958,-0.02825669768118097,-0.032563580016832946,0.012790062563471385,0.011398049924497585,-0.012836773630621544,0.017192828822776896
Liver,Glutaconic acid,-0.01858701879915214,-0.007401827146924746,0.0500050004208178,5.483032623433016e-4,-0.01638190544217616,0.007926343501148668,-0.03318655789027481,-0.04398030522038533,0.017332461805869847,0.03483912477716871,0.015987300239318443,-0.00861667517691777,-0.02797645383195882,0.020399145453502392,0.064289946665302,-0.017692770971516406,0.006599847189417402
Liver,Glutaminylhistidine,-0.026477898423777867,-0.06156408706723362,0.00430521537319083,-0.012469581394248919,-0.02441475105524957,-0.0024779979233834227,0.009249443927343242,-0.01747255557006338,0.003972407171100478,-0.010339534295323255,-0.023672006130092897,-0.0037762544028780314,-0.0033835142676551994,0.014934161506589131,-0.007351119628883641,0.0046710778861615,0.009835829268730757
Liver,Glutamylalanine,0.01723289775803778,0.00841776991484466,-0.018879787053410462,-0.0014973798929811897,-0.007347884616405781,-0.035837745283237715,0.05218827349057238,0.06371613921457138,0.009741172075753176,0.007656618248114869,-0.013479927648987595,0.06074980638031276,0.0033694743709345373,-0.05177212760207963,-0.010865334262020252,0.004469049457418547,-0.007136208699995875
Liver,Glutaric acid,-0.025682322847564346,0.014587491132389998,-0.056982340540881346,0.013506185688744851,0.01039372191933472,-0.036536524212195776,-0.03109827856692966,0.025098914220029637,0.01548286464650362,0.015206540948779757,0.009037892229990945,0.006687138470555104,-0.005252016092664209,0.03185274290227256,0.005961849961651719,0.00822462961544614,-0.022284791319866593
Liver,Glutarimide,0.015355489852851992,-0.010203634043698905,0.02602258886580794,0.019204192428397153,0.06803506796501498,0.015050707836009989,-0.01802407751960727,0.024606995410335026,0.027577525732111224,-0.010339776609944526,-0.0015400133829958677,-0.017241361287114176,0.055977410286726016,-0.011562710906965236,0.03280523915104976,-0.025180331534944467,-0.014390361853736624
Liver,Glutarylcarnitine,3.464923003050127e-4,0.03409390510575382,-0.0073489340018269254,0.011765556830747897,0.03584300112571828,-0.01466370551156251,-0.023703492813376543,0.012232571633295181,0.025974483645933345,0.007990817414859035,0.014642541842236274,0.01580322765040592,-0.055057549196477734,-0.061435248318049855,-0.051859777617615295,0.06343280055720456,-0.013290707952772958
Liver,Glutarylglycine,-0.0019362440247166792,-0.02472884434329071,0.033006869691795386,-0.017323160732088127,-0.010868179505367335,-0.004806877177102607,-0.0768331737343021,-0.010740502892669111,0.014361737074607169,-0.020997308445758023,-0.0032688726139273065,0.05745523393777338,0.01137466621678695,0.0016985392711475987,0.04066936750818876,-0.02125070234956678,-0.008188441148150497
Liver,Glutathione,0.03290656602584988,-0.033939923182750555,-0.020826457780241513,0.046323307298771245,0.02475866167049405,0.008611923581900419,-0.00741260875492615,-0.014057276299610646,0.015384334965789273,0.008780911760732663,0.018431675184213844,-3.8178638093301967e-4,-0.019902463479249802,-0.02295451261826591,0.019180154705874575,0.03110232283575753,0.008737658821529676
Liver,Gly-Leu,-0.024925590545976543,-0.05595263421374192,0.01993402324553693,-0.02126796373419778,-0.0366381806074456,1.3192727735358639e-4,0.009298183493926911,-0.008381518447826955,-4.6946979867656306e-4,-0.0017403403153198,-0.015475977162122075,-5.81245113763328e-4,0.02045070099298466,-0.0162774916133113,0.006719267506264969,0.0010986615315484937,-0.013967374308077004
Liver,Gly-Ser,-0.01441153974692858,-0.054885590342917394,-0.02487777192641452,-0.020498004562615798,-0.015030331925229783,-0.01425850233808234,0.0013197243252395863,-0.008143417553947093,0.009258131503542618,3.432143452347767e-4,-0.01567230449263374,5.111288422377234e-4,-0.020268169408242723,-0.010391833370589675,0.07354171017203741,0.017973928682926427,-0.010777574779794645
Liver,Glyceric acid,0.003703869750464991,0.017558756067940107,-0.0026787940883640114,0.00545814918378004,0.06378585804053173,-0.010671047042409915,-0.042251724290670103,0.05484723858740254,0.034219194407182976,0.027598217543184235,0.0049539468279039996,0.010303824875805412,0.022184469607669344,0.03923059469429122,0.008586955530757013,-0.03047008091197541,-0.04966042311172593
Liver,Glycerol 1-myristate,0.01640276529666897,0.0339600629031494,-0.04751108745558298,-0.025449770677622337,-0.014693173453061169,0.002141198090563867,-0.010121848561727284,-0.05235864803647659,0.0015289040667879766,-0.02123707422272533,0.016222995621111017,-0.018993856850376585,0.013137304243973707,-0.03156454418267491,-0.011801429188616827,-0.029891336865497723,-0.02808621352955134
Liver,Glycerol 3-phosphate,-0.030318801576091067,0.020137106898204693,-0.004505434321984189,0.041538946876942644,0.01921661492863833,-0.042570288563034735,0.017707163472458647,-0.004516636003968017,0.0037152402959384997,-0.032594483983193145,-0.05230432961965301,0.003797643763755576,-0.041455694308394,0.017825704977850708,8.900655809589645e-4,0.014688005267036217,0.004613085153845157
Liver,Glycerophospho-N-palmitoyl ethanolamine,0.01881882536642104,-0.02690758816416875,-0.011422682701549938,-0.034228173132807925,0.04360768164032979,-0.03242572039076582,0.030535532094057377,-0.014422863411740082,-0.012204192721316497,0.031399618981134414,0.014346356674639422,0.022420100271079647,0.04224258301885211,-0.03704780022910939,0.03672393273120455,0.021770198919764533,-0.008229167114508745
Liver,Glycerophosphocholine,0.02530103910019886,0.012017820605329771,0.0545571006783808,0.021038432453053955,-0.0052125868455402445,-0.013562241577899021,0.020119064318988824,-0.05176820256035979,0.008999223464311598,-0.007629508590200003,0.0029968193650449218,0.015549283846508298,-0.021249455223356948,-9.027510867873959e-4,0.023559691129644223,-0.038968493272453705,0.011502563066829884
Liver,Glycerophosphoinositol,0.034854470097318103,-0.03593771762762745,0.03549441159908751,-0.012904873271933773,0.02422700684830684,-0.00215765042121838,-0.04361917493146143,0.017881295751470728,1.4553514599809612e-4,0.006651837411808424,-0.014758430010648341,-0.011972250408832206,0.009259999317213512,-3.211009870157419e-4,-3.398435189495947e-4,0.004472063130287049,0.011326931525587234
Liver,Glycerylphosphorylethanolamine,0.028662351041522233,-0.0034290445020362294,0.04590598139127121,-0.00535094953390219,0.052287118280822706,-0.01671340042877091,0.01919660824111852,-0.03638395108929439,0.014554442440627867,0.008848988624072952,0.009611389061147146,-0.009942594409013187,5.629007967846226e-4,-0.008294729380481584,0.02038337257322562,-0.030451419209538512,0.007446938082556864
Liver,Glycidyl Stearate,0.04750616268647788,0.0014338580518018032,-0.012138258225952686,-0.011946109692482543,-0.016290869282817876,-0.008568212394624814,-0.04166481229549781,0.027488912952885483,-0.020937137318723043,0.013028066735062542,-0.009040285986223948,-0.0016238417502064551,-0.01999282068799267,0.015615998566879966,-0.036381698716632944,0.005507784565263403,-7.035875819624401e-4
Liver,Glycine,-0.05479042179927302,-0.006362149220263429,0.018282411491314324,4.971349606606774e-4,9.373126697810105e-4,0.008374280556558627,-0.005056523682837739,-0.012275489436798728,0.009919930246659216,8.966769807579819e-4,0.021595341530536955,0.02738586638429831,0.0024787394218474747,0.008325439205467251,0.007864480038078525,0.002152252502877757,0.03493404827897525
Liver,Glycodiazine,0.018015821880032302,-0.02093274027269255,0.020790700640425677,0.012928530481978772,0.014232943124371518,0.013094028544984607,0.041835687335869426,0.03136991677164701,-0.01235765071841855,0.044449179133921504,0.035596712931814364,0.03784624970696862,0.03462073716641993,-0.016331674716792213,-0.07552713500616304,-0.02628312217218602,-0.015521070764299835
Liver,Glycogen,0.04109722284643325,-0.011628061836512386,-0.03845999561712744,0.029625318874784704,0.02105573495151393,0.030699633265879045,-0.015092621535341175,-0.004626453669110418,-0.018250911034464547,-0.02082011130431493,0.006214418074905428,-0.01590087017344236,0.006179880935181381,0.005986247933272288,-0.004482808305900599,-0.004822731623715994,0.007034243978462021
Liver,Glycolic acid,-0.019105000252880113,0.03469097905465912,-0.0022508794680237637,-0.017006884244695583,0.013829642952396902,0.0432171666773348,-0.0133188352967774,0.029457721366382097,-0.01806434945173669,0.04205193544182274,-0.07012726535688363,-0.018727157641253413,-0.01821006026943312,0.0312652421758077,-0.01788267851357066,0.0020197936741738255,-0.04620258837781647
Liver,Glycyl-L-asparaginyl-D-leucine,-0.006057142964895197,0.007505590389889342,0.024517583885075033,0.03604067794367761,0.012210540020240619,-0.01394288980627504,0.05829470436335606,0.01729045882743018,0.04777721228599322,0.013206860847546431,0.0021003595685808686,0.025621102406703792,-0.00297141043547981,0.04851839766326662,-0.07187094386799271,-0.013786938220961473,-0.012950068553033628
Liver,Glycyl-Lysine,0.01264919842877434,-0.03656537430021098,-0.027463915293977785,-0.03160338158092085,0.018658549672539763,0.0651474438262218,0.01514805070062128,-0.023921303833701984,0.009122963429915256,0.010546040876310392,-0.02585459617159243,0.025889071232910916,-0.002839662728983537,-0.011092721815544946,-0.02454595641622533,-0.013523696812291607,0.022501567591078433
Liver,Glycylglutamine,-0.01634031820623765,-0.05998919501229352,0.008873790007304136,-0.010569122623826704,-0.03657230258882891,-0.018943021727429208,-0.00427990329668781,-0.014940239010515726,0.008849917563075897,-0.042038112421938785,-0.01034498025972126,-0.007745974826989342,-5.370333269048101e-4,-0.010550373219949227,0.005010189723961327,-0.012232515521174821,-0.01746351911061506
Liver,Glycylglycylglycine,-0.009190717356445116,-0.020171814590794153,0.04223308940842478,-0.05114556451423251,-0.03012608112654622,0.014540083112743013,-0.019821545954692123,-0.015403575537747235,-0.047480547399537464,-0.004295641903134883,0.010374796681992862,-0.019133816776411725,-0.0045329302820636816,-0.0392087684809896,0.014543496124961522,-0.009187202824782083,0.0018626393163823404
Liver,Glycylleucine,0.018362232112766413,-0.005429930590574739,-0.002381728133770699,-0.017637828062980875,0.0016954580367262164,0.002517551134197881,-0.05229672446441859,-0.04046624045075535,-0.024167014630001357,-0.04870884626826558,-0.036176116035993335,-0.010134402970972978,-0.05128563274092659,-0.042810372674690705,-0.06412870715683713,-0.0045150703658299474,0.04362319228822813
Liver,Glycylprolylhydroxyproline,-0.02823911124635101,-0.027635536568287915,-0.0028761090089666247,-0.06045593825044339,-0.008469654191228323,-0.013396520286189536,-0.009463318622870115,0.022516808032541198,0.029270720592633408,0.03266530648704013,0.015753809901227052,-0.029534938677553302,-0.00244197402022101,-0.016410627864755476,0.016128252381132663,0.017028509365899176,-0.0037976676105037966
Liver,Glycyltyrosine,-0.019251363452915036,-0.06322357482520538,0.0030288780693016612,-0.03076692956356865,-0.01980441617704545,0.018170922684748576,0.012683269488999342,-0.011438677401219621,0.011925399765906558,-0.009341331399422677,-0.010421928238661362,-7.430784786651163e-4,0.008024193838373472,0.004655745297436118,0.004738833624470093,0.0020009282732213374,-0.022067387460079742
Liver,Glyoxylic acid,-0.046701480702854056,-0.012373570195227815,-0.029102310533875346,-0.004542053985318981,0.017731747162943248,-0.0032704817642610707,-0.02568593943215441,0.010543544403867098,0.0354397821108135,-0.011608475817374538,-0.01355863855251794,0.01258875988807052,0.004459055739586656,0.02519446468710258,0.0024958431697218513,-0.02335798625050861,-0.10815687198424585
Liver,Goshuyic acid,-0.019556179996256477,0.0037854600339773292,-0.003776253116144753,0.06135180143389621,-0.01259750202378246,0.011879374440767553,0.01084613349943099,0.04562477953795235,0.035285227330941284,-0.02028768559503696,0.021003061470888765,-0.0012336351465746086,0.05536177105048523,0.02386988407789205,-0.020278101210667487,-0.0296434884367891,0.028164941588501313
Liver,Guanidinoethyl sulfonate,0.006793568001133204,-0.008486119914602982,0.011835450374070454,0.05401233250868526,0.014350821701958841,0.028263760167119158,-0.0492068720850339,0.03642069060990167,6.049931576003847e-4,-0.061346473470007164,0.0090586722443414,-0.018423079983516367,-0.0024879414199981595,-0.038678914555342114,-0.01618415805359626,-0.025158816445033694,0.02107223811951345
Liver,Guanidinosuccinic acid,-0.016661815547522146,-0.00848626987073753,0.03605315378569258,0.0071981764629898675,-0.033382676371029534,-0.0354164098622522,-0.04293800158031432,-0.04158377983182268,0.017506634730511027,-0.032695465239909655,-0.009946102843460123,0.04407854505478314,-0.036852761461647655,-0.005944546824785302,0.02905009935482973,-0.025864304242496326,0.006135839568213711
Liver,Guanidoacetic acid,-0.023178578304480262,-0.031649115004462526,0.029452537566147224,-0.009056521927754798,0.025780310080270253,0.027382297944158814,0.015769016591241178,-0.002106134394556417,-0.002962193722081881,-0.038160412175236365,-0.01649867129655823,0.0023279018150803655,0.012454788098539378,0.01771963448195329,0.026218739179446622,-0.08854073640966938,-0.018741158414856435
Liver,Guanine,-0.022503840357707996,0.047942045310576185,0.028086889310264797,0.013009314119113474,-0.036908367427800945,-0.005343523704312641,0.0077158513248203634,-0.009073073912959069,0.02098393226579145,0.040965236205518576,-0.026308045812976893,-0.015567501723138767,-0.014546603830591164,0.014666602001565044,0.003168526386269026,-0.021327688588979453,0.030667100232854905
Liver,Guanosine,0.0074194666608212055,-0.03990236597504031,-0.04490003991487689,0.031187460444390615,0.0010956030183911815,0.007238441067068032,0.01787609103628655,0.02331151560726608,0.010420978771384828,0.0015611454589134416,-0.03630438400913273,-0.013009556282099396,-0.06454599989863095,6.462233084276633e-4,-0.007264274640797054,-0.002086997715494755,-0.04580733247505609
Liver,Guanosine diphosphate,0.03237380069598607,0.011852275062998302,0.0408760176108506,0.012347758895645464,0.0545235382373932,0.002769640741692191,-0.017617661261104593,0.0011374607016418014,-0.004321223551193349,-0.00576160838754732,-0.033699369504820234,-0.023219360048089218,0.023008782123095133,-0.015653871922042484,8.514471584122267e-4,0.012702502889775532,0.0233000610625477
Liver,Guanosine diphosphate mannose,0.031050416312700346,-0.0029574340087011736,0.05387748970758248,-0.019616828739292408,0.03499972383530157,-0.028075578258910668,-0.02287748052926005,-0.00823346456192479,-0.0037161471426947488,0.0028381866771951467,-0.015168434187945636,-0.015965141323916198,0.01351371420821593,-0.012573164454598242,-0.012560585650715593,0.018300269599195427,0.016270963715963486
Liver,Guanosine monophosphate,0.02512566806275635,-0.02041201868271437,0.011858516084319365,0.01554898092394421,-0.017116301106684162,0.014396211701233895,0.02313198041917408,-0.05123528088178326,0.06392681204084649,0.04278587167275765,-0.01643159877882637,-0.025862002549617628,0.018267719487010184,-0.009371893389569943,0.03216855920178466,0.026613933744269208,-0.027756049807214814
Liver,Guvacine,0.008043887614621386,-0.03644501962545297,-0.010543311880813514,-9.309982380895643e-4,-0.011096007204195873,0.06435121823367763,-0.03631252305843862,-0.024068146295051045,5.147834136131472e-4,0.010331818669704574,-0.01033861678927225,-0.026768776639563476,-0.015058491437067735,-0.025777497779777742,-0.0017282701137213894,0.07675104457371117,-0.031981654621113444
Liver,"H-(2S,4R)-γ-HYDROXY-GLU-OH",0.012746136763177892,0.019669268806337774,-0.0013169799912920474,-0.0037604068401249535,-2.7286065525152e-4,-0.03834874382636177,0.0038213138167647394,-0.0054399587082857095,-0.005045432561251275,0.006136236822950791,-0.046797649724951096,0.04646174217534128,0.06536799023750368,0.03543977545931917,0.0062110217105870264,0.09655992710967597,0.003669487537468161
Liver,H-Met(O)-OH,0.00627642255879284,-0.0048862078406533005,0.012594892533531476,-0.013565624267547744,0.018909068557081375,0.005568948347033906,0.02605082307746899,-0.004382522884065303,-0.02334374949524972,-0.012190923627802734,0.0517272003534646,-2.5713420480298355e-4,-0.06112033166315506,0.005105349069882345,0.08720733821170566,0.08389859798683237,0.02343278077679449
Liver,HO-dPEG6-OH,-0.02024787111259015,0.05044058933165443,-0.01129556704737965,-0.005134610379487447,-0.010011646941670666,-0.01886770627698867,0.04889977853284973,-0.005437630233187011,-0.012838867406635092,-0.010875466491890768,-0.024178279452885105,0.028031437694388827,0.012669323037681477,-0.04652575239108331,0.019045536592476677,-0.027571744266199426,0.01638365711798549
Liver,Heptadecanoic acid,0.013737382919709098,-0.015768117163882215,0.017068857788204595,0.04136585014287999,0.020806944603234977,-0.030683229550051882,-0.04706065561930885,-0.03172740281032744,0.008194146868938957,-0.057550873257794365,-0.03186586213062441,-0.014076322022662473,0.02559795916651517,0.020632771053626778,-0.0318224398341787,-0.02978058554351247,-0.02839237688811391
Liver,Heptadecanoyl carnitine,-0.0016994191819675415,-0.03133908057320021,0.00949954131611278,-0.026732795716361307,-0.0037561275619460385,-0.009089363242975285,0.05723859890748937,0.012257793597600212,0.015000186730798424,-0.01626923460279319,-0.07793038667870812,0.01441393802514078,-0.03776243305719483,0.019949720664345173,0.040044011670801176,-0.025626482723176768,0.006242541959435279
Liver,Heptaethylene glycol,-0.001759118169190643,0.026582066507881637,0.009407961894055,-0.0016838890705521928,-0.0034063587286562134,0.030595085311531545,0.0028317490674343226,0.08154337754891408,-0.01218543240929631,0.01421241919808752,-0.017954637628135088,0.01018841455621388,0.014779032809763447,0.010720347867684811,0.0698777280158015,-0.06441662980567386,-0.014896979675240356
Liver,Heptanoylcarnitine,0.017547243331773366,0.03218784500460789,0.04407236655317754,0.010725682839247077,0.05946713857512591,0.014886751124786693,-0.003059274038493726,0.01130076386641997,-0.0151100537414539,-0.008913441261209078,-0.008043137831723647,0.0010605526516482794,0.029080495424943332,-0.008705069420742662,0.012461019920301776,0.02629562580114878,-4.956367345721042e-4
Liver,Heptyl 4-hydroxybenzoate,-0.03949588352033522,-0.01995933470710601,-0.011358103834629783,0.01698556356177997,0.0323785054741041,-0.04298983766039618,-0.011964333809910608,0.014053038414550224,-0.041339540694327166,0.024883643289824214,0.023694859692585963,0.007318404113790472,-0.008910926973139954,0.010878795746924068,-0.005935909843445398,-0.011881140545105785,-0.03786393496177787
Liver,Hexadecanedioic acid,0.01786577512624463,0.004217267783272119,-0.06645021367028009,0.014834888052671127,-0.010016020432953032,-0.0018344596578295617,0.03973306781081152,-0.007602398411958709,-0.004199504820025619,0.013299609473900756,0.02062870017991397,0.04101249711596162,0.003366413396243284,-0.02333563819863726,-0.0010971408662711563,0.009053650606899912,-0.01767305791701545
Liver,Hexaethylene glycol,-0.015567519524208236,0.03663790028709141,0.002015929057462207,-0.012449516513497134,-0.0159041574144035,0.01858821728874919,-0.013011930644451537,0.06437444601164778,0.003586902999455422,0.02600556718010229,-0.03448103570609981,-0.018631397142803673,0.016233486109752004,0.020236040099707926,0.07057157694968429,-0.034299811695936114,0.008744009200117983
Liver,Hexahydropyridine,-0.028276817835830238,-0.05917421708977398,0.015746233833530198,-0.017796930801926084,-0.008077736168779135,0.0011253863802073677,-0.017199203052815783,-2.812051330387563e-4,-0.004478175171188673,0.008265099845240565,-0.017774962215971732,0.021610002924812844,-0.0017336076636290212,-0.02021637743333039,-0.008575483711862323,0.018225495062709336,-6.694439981223554e-4
Liver,Hexanoylglycine,-0.028141155385106066,0.0011109986056555522,0.0286578009009982,-0.02765144272684411,-0.013864159262168217,-0.030571415476771502,-0.06750247682996423,0.005776923048358667,-0.022307929527924743,-0.014595442843469315,-0.003258119427469393,0.04515034430193778,0.008508535947279712,0.017099852287839147,-0.015457083674731297,-0.009563305368582796,0.019265116751916774
Liver,Hexyl cinnamaldehyde,-0.049332681591415524,-7.552804195151202e-4,-0.021908082394598804,-0.01602604091649001,0.02926135909030147,-0.0020113966937046,-0.01047868726462096,-0.012414932568156683,0.0264881269084226,0.005317662217598539,-0.0267079749591983,0.002801978262579353,-0.022746612499930395,-0.009440760268599547,0.01171339839574057,0.0019555565605453686,-0.02606702905376527
Liver,Hippuric acid,0.05183884579607382,-0.00928207075950443,-0.026187373910106206,0.01581059900634821,-4.2475646764255856e-4,0.02417029434924438,-0.003837629629757387,-5.429941226752543e-4,-0.02392781869551735,-0.005947806870207043,-0.004186808729339938,-0.007943512297349416,0.01053774068590395,-0.005310344206903268,0.005410471349685942,-0.002800106439698155,-0.011813890656336354
Liver,Histamine,-0.009208759548720729,0.017470371135257373,0.035620016926924285,-0.01698637478901223,-0.009470858521729368,0.012377049532939714,0.05887346533152457,0.040376447557619384,-0.031322794026701586,-0.03051625788746939,-8.048008864933317e-4,0.024198999552162277,-0.014943714974891189,0.032703651364184745,-0.009023520775148517,0.06719192894439918,0.005949630895144802
Liver,Homo-L-arginine,-0.024444067094466934,-0.01293883598295545,-0.027554429772277338,-0.0025778651062871778,0.0059966230784866585,0.022268884186906646,-0.05196763214443409,0.028645777647908616,0.016086144039424766,-0.024086147735922978,0.012154736198702097,-0.007792516504144757,-0.04205837624335426,-0.053932582820464,-0.05839159798081942,-0.02968016912005504,-0.02849214125204047
Liver,Homocitrulline,0.012509832402308638,-0.0028719668663858026,-0.04356359104462773,-0.014279040186317853,0.01932527081866056,0.0565904533356555,-0.03443676068676322,-0.001835234952948766,0.015221776454342448,-0.020978970179561213,0.028998583271361972,-4.191970779221861e-4,-0.0683018747973748,0.0013679372857944487,-0.024270420193615916,-0.00997431943603458,-0.006114620633399304
Liver,Homocysteinesulfinic acid,-0.022682803333349603,0.008128866533701028,-0.041835601236678684,-0.04867034656866841,-0.02492561964695649,0.025938035423081502,-0.03179781093250836,-0.012096444312196168,0.018442533699408393,-0.0022909492314921154,-0.02959532561535117,-0.019038097096898726,-0.013288364386977383,0.005786718670475673,0.040726877314477605,0.004918179981697542,-0.03857717109423153
Liver,Hydrocinnamic acid,-0.03638633366686144,-0.01529160530960385,-0.016022531910929828,3.02341228580295e-4,0.02695508444128823,-0.019848213446551716,-0.02082411296228303,0.012348415999272241,-0.05513608431499191,0.03899682366406944,-0.0016218740338102776,0.005684545984057022,-0.023262172482957172,0.04623343377746794,0.02866268733204466,-0.013822122485363282,0.005359676988052518
Liver,Hydrogen [1-hydroxy-2-(trimethylammonio)ethyl]phosphonate,0.017303997341360424,0.047334429363513106,-0.014875779909376071,0.002857747614042695,-0.030949999637871307,-0.044664091289853075,1.0306296923545819e-5,2.5020811282964293e-7,0.006312498150319727,-0.03797469395505455,0.013483613160421024,-0.051499569810359865,-0.0017481701844830806,-0.021508995625650344,0.026410463711420747,0.012208542078974828,-0.045123289414798276
Liver,Hydroxymethyl uracil,-0.0027630257823219946,-0.036482563710084855,-0.0496309033437617,0.010928178471670694,0.008423563686381051,-0.006316367195674182,0.029666419059826733,0.03620228395172366,0.008107414115504787,-8.434648562740342e-4,-0.03491137087752384,-0.01062180432352204,-0.06106809803831069,0.003256446190398488,-0.02415345030416699,-0.00926704043359797,-0.026970312456038117
Liver,Hydroxyprolyl-Valine,0.012651210690636556,-0.02185989901140532,0.024496712497665114,0.07567424512091919,-0.022062232822957526,0.019826561391030607,-0.008545608225014583,-0.0217641356612091,-0.011163307789704714,0.025906378661943497,-0.013041888858434086,-0.01207439543604306,-0.007458187878245778,0.0011605464097329502,-0.008237120202656914,-0.003572496966555386,-0.0036826864913406553
Liver,Hypotaurine,0.015015428396653646,-0.005987113759774652,0.0475387446834528,-0.014502103557112414,-0.015794397508123652,-0.01964580003337809,-0.05584093775806688,-0.018029706341869317,-0.02687082612851902,-0.05390381634975482,-0.008775522980638445,0.02718376371040963,0.026852387557895135,0.025163150474203214,0.004171497696781861,0.013925438722509344,0.022055494806652146
Liver,Hypoxanthin,9.998834742675346e-4,-0.03765017763154995,-0.028267072234871345,-0.03159634613185954,0.0012989285537506061,0.05160885728352721,0.0025521513483517068,-0.029267111996519397,0.012656269491194028,0.06281279363988153,-0.007862399136010868,-0.03148121510756385,-0.005209567415775283,-0.006545583289815491,0.005704052348112495,0.0223617930835511,0.009629740990208907
Liver,IMINOCTADINE,0.005087717874605952,-0.004313524357002944,0.03944181540716921,-0.05928701755246426,9.216812852373223e-4,0.016477069513927668,0.05053662454092751,-0.025071475297960135,-0.023425900548634974,-0.008941088698923044,0.0014644059669291765,-0.03455599676047664,-0.012880951565262555,-9.719580368892657e-4,-8.57492602524315e-4,-0.03918738464473315,-0.0041741631669892825
Liver,Indole,-0.006261240822131507,-0.050126502441517964,0.009436227168504743,0.0069900022975465485,0.009171593922428445,0.030994237130709312,-0.012736111594652308,0.05922493594455566,-0.025607699305032264,-0.026046467265665355,0.010781874519130168,0.03697897167131373,0.02340982571840198,0.03553070237968655,0.011108966148281453,0.013421000594732262,-0.04324102211880426
Liver,Indole-3-propionic acid,-0.002379296002189852,-0.05345131961858925,0.023597058308385033,0.008546259944388644,0.01906144401215319,0.005143960156386219,0.03380216000377794,-0.011699111716731945,-0.005239101240292875,0.018066024618151936,0.01701911086902626,-0.0016607370167566909,-0.005578448324645111,-0.06311975024211094,-0.04636446430984248,-0.021919653240981846,0.02494302414436017
Liver,Indoleacetaldehyde,-0.01715787500193527,0.016277499482085327,0.04707365717621346,-0.006159387240641555,-0.005268242460513878,-0.0033666871718266564,0.011049569401416036,0.044931470329818514,-0.033667003288079464,0.033478884670411255,0.007807617059053484,-0.05473718378444981,-0.029955746308292723,0.04155181126086092,0.03024233265400191,0.013816331637375869,0.011419532062806253
Liver,Indoleacetic acid,-0.0040844969925439185,-0.021748416059881967,0.016908780852102904,-0.022754552215650932,0.06760463971121913,0.03827501135084766,0.01320500821169497,-0.005056291697958173,0.014062996302850973,0.04611455244838794,-0.05089234097376354,0.005364350889121223,0.009108005871726034,0.017119838650873857,-0.0050241486475845944,-0.002200257962225837,0.009609899235915868
Liver,Indoxyl sulfate,0.01637643977958309,-0.01653176286894769,0.021143304007578745,0.04234073117105998,-0.016444453907054526,0.016071383799853116,-0.029251794749392258,0.04103132391018048,0.0063250408247356674,0.0027067541586239573,0.06236226406933647,0.006132662722594077,0.034974513943906625,-0.050918542804189997,-0.037005099492180484,0.012182997697376598,-0.015823091560050604
Liver,Inosine,-0.01356821150091413,-0.041059634216131284,-0.05011036443704588,4.144246183477693e-5,0.014148650014906262,-0.010002731946889956,0.023363650987991768,0.044581039516347815,0.005689743091449582,-0.006706592753486331,-0.032817901027951034,-0.01324486320039408,-0.03207677884242315,0.007129907088746167,-0.00907968671645865,5.039037321749565e-4,-0.005917749913863318
Liver,Inosinic acid,0.027723221326195036,-0.03417010366727639,0.020131533316429227,0.03916804550184459,-0.028862513812231233,0.007459006293486431,-0.00453215560154436,-0.003177106362856562,-0.007490560582280394,0.04999552541236446,0.03376252414508284,-0.015208364511597395,-0.010241335815663135,-0.031210657020197694,-0.027640396468497024,0.006390063401496623,0.012264689085836578
Liver,Inositol cyclic phosphate,-0.014414859495199914,-0.02418016164142383,-0.005871851921757653,0.023321185325791447,-0.01777721919357791,-0.035553283340069214,0.048155021478770176,-0.024836920441333895,0.05893242866250008,0.06185377410354386,-0.0037679095705998385,-0.014930763309972834,-0.023752250586983752,7.839631862207062e-4,-0.015577493947407546,0.013103187380676142,-0.012577824577944091
Liver,Integerressine,0.040172995699960176,-0.015045649305499065,0.012061707039487569,-0.019320976964341482,0.03584974206869312,-0.03799642293297585,-0.028164295747409456,-0.01621247721612819,0.018321603663181845,-0.006201896509285434,-0.02605493515858454,0.01223898026614645,0.034232764619444585,0.008639193778411965,0.014904098065652854,-0.01899739399596398,-0.0023291139435436636
Liver,Intepirdine,-0.007925485545217313,0.007614037854620224,0.026454368644273037,0.031581551353164775,-0.004942722704291857,-0.028454914512417665,4.456231540014524e-4,0.02419449867720599,0.04595810797346347,0.012284412957300242,-0.009968737839321666,0.05633044468002914,0.0060803450663899986,0.055019166663494226,-0.08193438603825136,-0.01741911625175226,-0.004479856359894122
Liver,Isobutyric acid,2.374742194049665e-4,0.010578517677556737,0.0017351992391646913,0.0034620770207235544,0.029579291875370964,-0.003686072586303367,0.021547246354356068,0.025409718339625676,0.05994712281919903,0.024939839358538368,-0.009051353250231257,-0.0448793783024274,0.0205118934192162,0.012101240781217723,-0.10781099514218861,-0.0305622099390836,-0.007418171379788201
Liver,Isobutyryl-L-carnitine,-0.0022685688763265286,0.04700496409955638,0.030318165306490782,0.004778144570694019,0.0468817352620512,0.021228472878288787,-0.005038048901295191,0.003364277769177668,-0.020562186731904665,-0.009342935961129494,0.024581303656114474,0.03904971595253778,0.02505871055007198,-0.0062816505411794205,-0.04207345018308174,0.024865890505523135,-0.00402991227643108
Liver,Isobutyrylglycine,-0.0384722851518555,0.014678082532514425,0.0037306083579748545,0.008277148660782148,0.0011925780995174357,-0.008293737542611307,0.008748831901433062,0.040450340663434475,0.004347771042073856,8.179531698507273e-4,0.030309490130680287,0.02367004772726993,0.022760154660501346,0.026495466738100257,-0.08776701615685464,-0.0163526496698877,0.00786254653687288
Liver,Isoleucyl-Tyrosine,-0.034327535456066656,0.02889311633853675,0.017369183425507886,-0.03485287678000578,-0.010644014664838011,0.03291284928717925,-0.009592679868216585,0.007663912894259994,-0.02003555411929163,-0.023769255045982172,-0.04123002979127238,9.276216253494804e-4,0.0019281087319942933,-0.04073854661416232,0.030972096030728476,-0.010776409073162825,0.02041879795093407
Liver,Isoleucylproline,0.026610019299599958,-0.010746831885107463,0.018566411708080825,0.042515231701696576,-0.01478661364975992,0.031450586764033645,-0.0017025741320484892,0.013282582439304576,-0.011330471968559007,0.02156986620637304,0.07400416518831596,0.00313976790444923,-0.026595665037159294,-0.0058411693751148795,-0.051606075125925466,-0.0025025033702788684,0.0033200470482354317
Liver,Isolinderanolide,-0.032347085340233214,0.025116702956700255,-7.640861885104402e-4,0.027860840998868097,0.0019940740036419897,-0.012588138419351235,-0.03042173257458279,-0.012984208375316263,-0.024103530930687074,-0.04578849041583642,0.025874396741167503,0.006066664382806886,-0.024797901696446998,-0.056185995380317016,-0.04321572728492437,-0.0221323450737717,0.011268992779958149
Liver,Isoliquiritigenin,0.014820978739182807,0.011495636160873882,-0.04050639384346337,0.01768565534958203,-0.011240240298859125,6.479252326104275e-4,0.04924979670968702,0.03811948043069882,-0.03320406042340143,-0.03423752800962013,-0.06678180169638025,0.005042204251933474,-0.007933495111445227,5.978435437674488e-4,0.028410167234092447,2.558824949063853e-5,0.013199279111020415
Liver,Isopentenyl pyrophosphate,-0.046986287085993686,-0.011308049917456374,-0.012998866219868727,-0.008778654280722388,0.007194889008816424,0.003723503248790926,0.02514258948547533,0.029876561437369074,0.03763310359040388,0.03471671283649496,0.005057840034573328,0.01786226807297587,0.0043735412229792235,0.030952219871933053,-0.0034054880950749487,0.011970518780759014,0.0214150202913111
Liver,Isoprene,-0.02501436852877112,-0.017564812848084654,-0.014697871060101921,-0.03532823102893489,0.002796367318481341,-0.009320052898992905,-0.054584305277804425,0.017587567666548967,0.02849864382413752,0.07674178321330379,-0.00820628146151063,-0.006215920845073749,0.002766761998932112,-0.0015868385454129192,0.0018495659565595087,-0.016296411274410543,0.05217389858606202
Liver,Isopropanol,-0.04713341259825067,-0.019965202052083485,-0.01132680510304417,0.014248029870471583,0.014183229964783856,-0.013135326384740733,0.022203691465145604,-0.013736083288115803,-0.037435869853836914,-0.014912747307068862,-0.02223058919130159,0.009362068263806611,0.006169023210977249,-0.018673034908782752,-0.032131813704918494,0.004872160027809063,0.03205493598497788
Liver,Isopropyl cyanide,-0.03319499938604298,-0.016924965462379492,-0.021123594683211858,-0.03860010839504017,0.044844686338632096,5.925009561644509e-4,-0.036672944870379684,0.023121941295315602,-0.014829422901586797,0.023835566932158225,0.0013996624649553564,0.026368195309265225,0.0017625808094798526,-0.002706033565244382,-0.005168804458183091,-0.023156012983431,-0.012312192243966527
Liver,Isosorbide Mononitrate,0.03523573773998249,-0.024981668236852318,-0.029883460051664593,0.0051162002259909365,7.219726209935327e-4,0.04939717094167603,-0.018936932311804787,-0.011746389810595515,0.0050423502655664405,-0.020210580630638502,9.401123118144121e-4,0.05000344612450595,0.018783472618074875,0.019112768584198928,-0.021612990105995166,-0.012913441332592035,-0.02698390783458874
Liver,Itaconic acid,-0.014220249544683166,-0.041371227413044796,-0.02229118781777872,0.003319758943566525,-0.003857574904218086,0.02210111529955207,0.014191275186829281,-0.007993943977344667,-0.005789605306062481,0.04458637364423616,-0.07531361697429216,0.03708447633302802,0.025714369393175417,0.006475442273211019,-0.01893779661321446,0.031145137059220354,0.04468068869112712
Liver,JH-III,0.002686135382404495,0.05008200999897405,-0.015111239708433649,0.0031793113487202187,0.009818031577156062,0.018071885354902856,-0.06086154389513056,0.016073929957645408,-0.00499112477441456,8.856864516632647e-4,0.04307953341367455,-0.010362567057242476,-0.025694376735179013,-0.03264308463822891,0.028717800752512634,0.024812241236487342,0.054575263280125366
Liver,Janthitrem E,-0.015993087220180703,-6.637744717067522e-4,-0.0574758815210395,-0.019890783807082948,0.027511595773109323,-0.0054836017485515335,0.01748126307272997,-0.029863302850933027,-0.05641024690339427,0.008522130698189632,-0.03802968409120452,-0.009847273008492868,-3.94401002262553e-4,-0.0033239160184887775,-0.007639734788397965,-0.006846275711408249,-0.009548795819175929
Liver,Jasmonic acid,-0.04648409489490444,-0.014257900158645266,-0.027123969655930037,-0.0018009899140963661,0.026704042737401134,-0.004146333191592009,-6.905963152497704e-5,-0.005710629728298387,0.015249776369029485,0.009808065116073628,-0.002302808263145118,0.042064631379133945,0.013121531936121764,0.029750854140530032,0.018865380516246658,-0.019804365603631826,-0.0029758493619738593
Liver,Juglone glucoside,-0.03456897509897621,0.02926951128879848,0.035864732856519484,0.020359097707101,-0.014715540919866725,0.012553989692792056,0.003072078566955403,-0.03160979148946978,-0.006822043997721595,0.039857629112923905,-0.01842831494175,0.010313411352907694,-0.027336555021680923,0.013144045251483327,0.034150211699029286,0.0041130549403631134,-0.015552385825848699
Liver,Kynurenic acid,0.005345188043814228,0.018908301431186183,-0.017311164923605755,-0.034527946807104234,-0.007448686799163143,0.03254117029959764,-0.00999024081921648,0.06537299027061179,0.008182311838742552,0.017366484036119047,0.04202275830080801,0.03031946698562687,0.02618844377999409,0.05784259626887179,-0.010780895369536898,-0.04822385288450776,0.014307877681322313
Liver,L-(+)-Alanine,-0.0028883396926699533,0.039571081179187013,0.0419178018366612,-0.0012315930476016668,-0.047511908593069745,-0.0033733875867052693,-0.03784058364032839,-0.006673540663672666,-0.005536558531747398,0.015636023575310392,0.013019751785437685,-0.017631493991735688,-0.006252042372112543,-0.018493462173364426,-0.04924775775881648,-0.024813715142150566,-0.00745171324834417
Liver,L-(-)-Malic acid,-0.02322933774854348,-0.016356264977032804,0.004862047446063114,0.023960158960566233,0.019510375888796706,0.002246872043821359,-0.03633650604048433,0.014567836811370765,0.01845093543557336,0.005791373513363837,-0.06221538266686179,-0.005556449220719878,0.009502846700421843,0.023861815593497086,-0.019577248852629653,-0.09875015002903177,0.004355868235486142
Liver,L-(−)-methionine,-0.003470619502312062,0.008259288948988043,0.019901856062559262,-0.012009311030054124,0.040290882081715426,-0.02859848924622946,0.0362003543713118,0.047787589404619295,0.017088320449708573,0.020320771380843233,0.04432672531522685,0.01231897067762453,0.05424237690381649,-0.05477319399273171,-0.03513258379427855,-0.027079325405461704,-0.05822646019869854
Liver,L-2-Amino-4-methylenepentanedioic acid,0.013743894377579885,0.016170132700729985,-0.051606379126373905,0.02254943460662453,-0.029436021431981173,-0.026948295903915596,0.029399075508922567,-0.006903167283764108,0.025886303545299024,0.0019198943636888357,-0.058031489213447564,0.008096963027785556,7.142966449283425e-4,0.027304147930960577,0.014669073127867256,0.02741995358261418,-6.78929169839519e-4
Liver,L-Acetylcarnitine,0.015422850575857159,0.05041314235661299,0.022096446032146326,-0.009768793547590977,0.05606482221025985,0.028260163513863422,-0.004278955838161299,-0.010962600343097591,-0.017176429448850745,-0.010511023989894263,-0.0011713015542275905,0.018391753461470928,-8.980293793867903e-4,-0.00829034532638738,0.0044396977150483055,0.01701595713450163,0.005450576024011246
Liver,L-Allothreonine,0.0012219856615396268,-0.023231903131957814,0.014415201561353026,-0.027256089061307213,0.013952935638022593,0.03582568696815897,0.0076457561487800795,-0.013677187634693755,0.00972798215121375,-0.023471673513825165,0.048684872467553555,-0.09149967689046877,-0.0550813463907102,-0.0030274399395596348,-0.005191862700803647,0.0024040104186719316,-0.02989819534330478
Liver,L-Arabitol,0.0027512471390349147,-0.05133650606393577,0.0061832526453971266,0.009115620980428304,0.0426287577596589,0.008077067844824813,-0.009631464023206509,-0.00479123780426389,0.051579251015444846,-0.005229447275561513,-0.009883089059141918,-0.053199646287923355,-0.016040582859268113,0.02725316022795641,0.005519723431096386,-0.01928355426646025,0.05801519873627085
Liver,L-Arginine,0.0037025087011964804,-0.021702887921599617,0.0587694720476386,-0.04105593522268814,-0.010327264181345802,-0.009569657825981237,0.01975125379628329,-0.02439999020291185,-0.02697066874640302,-0.024930151909798196,-6.77966317267447e-4,-0.0031389036473506667,-0.011428327932479632,-0.02809610541125983,-0.027095238733382262,-0.026940043613918233,0.0044510901589710486
Liver,L-Asparagine,-0.022281238982094487,-0.06531951530717553,0.012945319401226228,-0.018927040074881652,-0.0012146068285839842,0.018101822816026132,0.01122843387122273,-0.008174265988749797,-0.011002245959317265,-0.005529815219490999,-6.927335516079218e-4,-0.011409524821479089,-0.006699590323386539,0.0010072426193087527,-0.014043810410143576,-0.0045321158205731535,0.0397634571909187
Liver,L-Aspartic acid,-0.028977177473968063,-0.017005636251944675,0.05495692815825467,0.018605883060593884,-0.015456765208800887,-0.013744901599516489,-0.006302134548308874,-0.02045740872807041,0.03239781975814247,0.02190165009467387,-0.009717517901744946,0.013487817929460667,-0.03283789342455392,0.020433959901561643,0.016915911978652925,-0.01486398485126571,-0.004965592837610434
Liver,L-Azaserine,-0.03955274192568639,0.010260392929298057,0.03429746547678166,0.0308365930581006,-0.013644746749079072,0.020383440426746488,-0.007452501037301774,-0.009938301731479495,0.039486437121289714,0.010087293653950247,-0.0220321499772048,0.003381142039050771,-0.041562214460228585,0.010490427685932708,0.0030891711092058613,0.013815887878640968,0.12850447776439652
Liver,L-Carnitine,-0.013266504052902398,0.04827276694498045,0.01805659554746947,0.04716422869807067,-0.029749545840442704,0.001775850345901505,0.03573054976825933,-0.025233123187184993,0.003997811017884621,-0.003148843983523809,0.0024872843846021906,0.011192672698357956,-0.030031759972552335,0.0013161124832962142,-0.008402464009859304,-0.005741144587587607,-0.008450122334800062
Liver,L-Cystathionine,-0.0034827031344206536,-0.042363550175757866,0.021563509172345924,-0.03427886052545689,0.027783596550176076,0.04071630514404962,-0.060610955470303096,0.0018302100735848904,-0.008304606466803262,-0.010185663238620142,-0.01604077076096689,8.731594998532325e-4,0.005977190523329777,0.016477481507514144,0.007524454223638621,-0.00765217486015468,-0.00347303836023001
Liver,L-Dopa,-0.011408380014143868,-0.037184128514238204,0.03879325247052217,0.0024999169720709242,0.04026306648419865,-0.007651843462408584,-9.78934630287081e-4,-0.035829393117300865,0.0015710800438791517,-0.006524141662009669,-0.008228397288494636,0.010478213543357756,7.431035990488842e-4,-0.05587926369821111,-0.05221445629413482,0.03150704421368299,0.015702456326180215
Liver,L-Ergothioneine,-0.007534941192875041,-0.03492087779438047,-0.03926225784442408,-0.024244207413683282,2.891225992513199e-4,-0.010714192618450798,0.0252981058636477,-0.005188580946161337,-0.048150014365531894,0.04283760860066044,0.009049874320970859,-0.040420945079826034,-0.03460855478006746,0.018353612079967378,-0.016065099878261338,0.03950042537572389,-0.007613152842627933
Liver,L-Fucose,-0.004288315035873668,0.007843610303724042,-0.0017184464880224501,0.0108188789504885,0.012220246157712592,0.04071840467197321,-0.04558289953891384,-0.020053852915972465,0.07215311304659716,0.03603736299471845,-0.04637942067656394,0.00732504109643054,-0.019047841037572715,0.060424238558703026,-0.01439071052204859,-0.015791547565806655,-0.027370443792374573
Liver,L-Glutamic acid,-0.021028790615530823,-0.004284327798500819,0.04584407093061034,0.03146056640662193,0.015515416882124194,0.02479562377632667,0.024538569088626956,-0.04441737353578018,0.02494255494070889,0.025605080427737983,-0.011856020714062512,0.02521079445371471,-0.04439370910890456,0.010324127055699595,0.02703415350851596,-0.01687231660916959,-0.012995490781874001
Liver,L-Glutamine,-0.014332904145932603,-0.012419150394324889,-0.023685559762334236,8.581314612405341e-5,-0.012115722708504865,-0.02261439743639589,0.006276410819316947,0.021390731766255208,0.06022200415358398,0.04635704079180177,-0.03156903053841524,-0.07159689722069208,-0.004520421659350565,-0.018456418977371634,-0.04778299942893909,-0.03687379731567988,-0.02238056648048154
Liver,L-Glutathione (reduced),0.0329161369155458,0.011804261428358805,-0.03224798203475668,0.025798958467550395,-0.021370268859708875,-0.007593160439673082,0.02997212169226258,-0.05382204792977297,-0.0020973159087796945,-0.01932928030370062,0.0050381791022597695,-0.009429097964989388,0.004718197290626169,0.00780737887992246,0.04855782042222308,0.034032428095359536,0.03467485045673193
Liver,L-Glutathione oxidized,0.04295425568899942,-2.7841412982601696e-4,-0.016131920079667388,-8.105176277068009e-4,0.0029482637576110594,-0.010430937986967963,-0.030232383223348046,0.04538251952331851,-0.03409123396697548,-0.04375262621317028,6.196113274736582e-5,-0.01731847612953724,-0.03278155290644663,-0.010844851156840968,0.0024658136186905535,3.6138770704754265e-4,0.019021118847109435
Liver,L-Gulonolactone,-0.026607010149389203,0.0394636284886045,-0.03131041590641303,-0.020439431307996907,-0.013285100840900043,-3.806711719886104e-4,-0.04229805867887998,0.021131328098696306,0.02425699695620076,-0.012888375180639101,-0.002941137599470696,-0.020782269471548372,-0.006064216923959046,-0.016903022640194998,-0.014702811505749836,-0.05105224200424591,0.015486222688853992
Liver,L-Homocysteic acid,-0.022496699971749447,-0.01369803432634394,-0.0434411210051266,-0.016500721702657546,0.02044114503271828,-0.041973309807652306,-0.032727898907515575,-0.00772640441371821,-0.04875996637700591,0.04598470989785659,-0.004166178418042016,-0.019853404357108,0.008320143376465512,0.003872307198489442,0.002907548897945873,-0.013582477735272365,-0.025949841824270965
Liver,L-Isoleucine,-0.031621873003699716,-0.057773767584396514,0.011671339017928486,-0.02117061796518869,-0.0037804882105476074,0.0034802240931469776,-0.017172342021230424,-0.007830756635252189,-6.916555587181701e-4,0.005552187984330179,-0.015529815173031787,0.01916909653062613,0.0018011802856995546,-0.0030131699794650533,-0.009857547079514976,0.01784958998136316,0.0067864660636183
Liver,L-Lactic acid,0.009569312368272149,-0.039969548984017084,-0.01704872527719063,-0.007427513939589804,-0.055062698756986286,0.003693546372408069,-0.03170145633543186,0.004656205788125568,-0.03523800642184812,-0.01822867371706934,0.04412311319984655,0.04176700704289012,0.023781608022504147,-0.00821601604561403,0.0064108186953130315,0.0051979831634789125,0.1076262380145563
Liver,L-Lysinamide,-0.01730961302421744,0.021021423127372336,0.00965212072732162,-0.012539744025778813,0.08372259435759537,0.0061446328842667325,0.01054385716487276,0.022904132743364163,-0.005803353438926198,-0.0018102036162586416,-0.04193271912976546,0.01639809067507431,-0.0052144356254457715,-0.007946622094877618,0.0036584546454457045,0.007750443861614534,0.017493856482711283
Liver,L-Lysine,-0.03104794881350464,-0.015064514863536028,2.042484413869188e-5,-0.026832307114108746,-0.008083706843978874,0.043285238773972924,-0.050741738185503815,-0.0040541567037107925,-0.013005066609959582,0.030623552966058128,-0.005498526878471067,-0.008710380615332086,-0.030233290701605655,-0.052561330922053257,-0.012610603045076526,-0.03926812693265368,-0.07640695477088327
Liver,L-Menthyl acetoacetate,0.03991927834729208,-0.019450142581184573,-0.0018666004949808215,0.04343833252951597,-0.03460327905901118,0.0019924033472462025,-0.004037915849999636,0.00750370049163064,-0.03264672896718122,0.0037754658127221417,0.007958549361172245,-0.015188975241815355,0.039236239512109486,0.017605998489764053,3.6384382059368624e-4,-0.005918485085025675,0.001983903846846965
Liver,L-Methionine,-0.018987174643697705,-0.06776340890359649,0.00633460655988944,0.0016663249447757815,-0.015678184853715228,0.0019788479217370987,0.016121772715415532,-9.48609814313832e-4,8.126148038188284e-6,-0.018898580933747005,0.004523027187690467,-0.026323963045182634,0.010795346741509134,0.004212076207567937,0.005004194244688459,-0.007264669194585942,-0.007923449145911443
Liver,L-Phenylalanine,-0.028133430240765908,-0.057683473354188206,0.013780556609110829,-0.016200177738058288,0.017529248537607036,-0.0022017494856540667,0.026302784049740617,-0.015691735902100257,9.810499154242524e-4,0.0030530059734032527,0.0040706807717319415,0.020640811730564996,0.01362038038589246,-0.013131534002185755,-0.010021511660974381,0.01920961111132836,0.009321510725410138
Liver,L-Pipecolic acid,0.02355912354284488,0.014835346347367193,0.008918353734516946,0.02557225145661146,0.07170018812786834,0.03416138582868938,-0.016822804898900576,0.004213309582858741,0.0147648538216025,-8.099741121369173e-5,0.0316357805012092,0.019591474809510092,0.02660418784796516,0.013190772097907522,-0.0017089132412788875,0.01935918642369098,0.004988053888564116
Liver,L-Proline,-0.033286608584537074,-0.01891466998060412,-0.012282548263624102,-0.039444741344348916,0.045652085667334315,0.007387469019553839,-0.0378965229838438,0.02360908250317057,-0.01721292596151743,0.024813016423590514,-0.0025797783321725035,0.024321347686423526,0.004602821547774306,6.663029737458005e-4,-0.004376705680472443,-0.022626546158713873,-0.028030159013133348
Liver,L-Pyroglutamic acid,-0.04166034130007959,-0.01590838775758874,0.026643465882864963,0.03246760673707459,-0.024975910279632012,-0.030218608326070793,-0.017840461832857302,-0.019104741737012598,0.004001328672254105,0.005966335833840394,-0.010052028233027109,-0.00765124345893198,-0.01107834047352168,-0.022684258447243453,-0.00786919933943856,-0.031166131836743764,0.00789482511776839
Liver,L-Serine,-0.006700586526461869,-0.04961217077564908,0.023290427372181646,0.03657279963325837,-0.01589274763674106,0.026854632212456098,0.01787884586641643,0.02648559229412809,-0.024709659199663878,-0.03335237111882854,-0.019959294640472608,-0.0045531499686495445,-0.020784035037131766,-0.039518302156818515,0.008111560466569847,0.004098314873547825,-0.0076031407396065474
Liver,L-Tyrosine,-0.01422492700407658,-0.06694423347179985,0.012429699597563832,0.011435296524430235,0.030666408598928805,0.0046537751222911474,0.008191473607134507,-0.0059130469344940845,0.016695807912591336,-0.0059430928976549465,-0.015541726322972502,0.005938657340485304,0.007918591112652165,0.0036676449178598023,-8.0528810640297e-4,-0.011418997037392435,-0.016151023984559087
Liver,L-Valine,0.0039459097813602665,0.048030306484523576,0.0081156281609672,-9.460513379987704e-4,0.014113722678342738,0.01592130271593039,-0.008478131140691259,-0.024020496504362904,0.0055718354597820915,0.018794827228010687,-0.0658455519465882,0.045988221489392446,-0.01109657481000663,-0.0360291188134699,0.049173553819114875,0.03158902790117214,0.04736678836165906
Liver,L-beta-aspartyl-L-glutamic acid,0.025513500813696566,0.036480361613432745,-0.011992015808885701,0.01820526736038461,-0.008961667693888523,-0.054915898307850604,-0.008608835788829386,0.006624497453891758,0.03684515461389983,-0.0097693477882469,0.034690735600394595,-0.03814466150189027,0.021354371196301666,0.02247341383228053,0.02186442504381624,-0.023713855282057716,0.002895813609744259
Liver,L-α-PALMITIN,-0.030395891848113286,-0.015447348029333997,-0.027673935579583107,0.010167137238457725,0.02584946395954409,-0.04544290096352602,-0.010569284151214274,-0.013148444395005138,-0.060840592793638244,0.018693481638245017,-0.0025880375398312965,-0.021303140212885756,-0.006402148935779468,-0.0016140534630999274,-0.015094879798159098,0.046172560874130124,-0.011893632565866414
Liver,L-γ-Glutamyl-L-leucine,-0.023413278236051275,-0.028776997416455067,0.01736636663016293,-0.014887986026799133,-0.025716108207065182,-0.005541144655097861,-0.030031062953853358,0.05337744226587144,0.0346780678034919,0.02972220382539125,0.005188819301469816,0.04517966532572618,0.0017742852289355663,0.004493364122097229,0.05443702271947687,0.014300166157156883,0.013891203007950523
Liver,LINALYL PROPIONATE,-0.019368062477478996,0.041004820408785565,0.011415517176993944,-0.00973060614062762,-0.01929153935997373,0.03593269607748995,-0.030132627687511897,0.0012669991037557444,0.0086631079144373,0.028920285744844655,-0.03976185959962682,-0.04729178567071733,0.0042339012081511074,-0.044868497489072734,-0.0018756146627556746,-0.043954675942727846,0.00963632560252697
Liver,"LYSINOALANINE, (S,R)-",-0.008754948467843509,-0.06605725415889034,0.001329848370182606,-0.01921368517464882,-0.033946428962034945,0.0018414741952111383,0.016267970425064112,-0.013565999166302418,0.003400274650347197,-0.014327766697257906,-0.008128481330273477,-0.01804885923317061,0.0025108067730185914,-0.01272468130465358,0.003755781422701342,0.019074890248803777,-0.020027731458789975
Liver,Lactapiperanol C,-0.010131485610508388,-0.04198521466972166,-0.002149191232946677,-0.027361820075194776,0.005255065721263547,0.027889659572076096,0.019171976264882252,0.021941965917733862,-0.01994933080571261,-0.01424285153490544,-0.08550385713528642,0.019285547883515792,-0.03323161929511412,-0.010079650031231983,-0.014488992461666272,0.010399365084812356,-0.00871083027976654
Liver,Lanthanum,-0.01632947776301587,0.029874143962778394,-0.003928505596256554,0.012952565883385494,0.02533213053636339,0.01375824708209474,-0.010098439875758763,-0.0363871876572329,0.017915647146984362,0.044360096354645266,-0.04836258283868423,-0.03505362034567975,-0.05846613894784165,-0.022393637994015295,5.396225808851176e-4,-0.06028266815004754,0.05736699173619283
Liver,Leu-pro,-0.017486761272311722,-0.03899061216556611,-0.021734361039632683,-0.05260019896965196,-0.007432781251637405,4.95087440733596e-4,5.615673159009077e-4,0.04075997210083413,-0.008758294437279608,-0.032360285285411634,0.007698314979985181,-0.0019969331855863273,0.037771030472321616,-0.016445569873592237,0.03290960677066252,-0.010305899595421011,-0.009924694408265763
Liver,Leucyl-leucyl-norleucine,0.014044941561116417,0.016568327692791172,-0.03197826675408257,-0.0034070844466360314,-0.02800190453120744,-0.0020085249971797145,-0.0027452462178334954,-0.014116307658970486,0.0478746658670426,0.02878991221533597,0.052735942838435995,0.061195419470553666,-0.0027504882155118173,-0.04479841596041542,-0.02148407848671194,0.04798222486093458,-0.005028550305444309
Liver,Leucylasparagine,-0.027848013359946685,-0.04489552865808815,-0.037162873746632095,-0.018210119644560884,-0.0144967822348208,-0.01241496955412698,0.018594893419471473,-0.0011694658918050764,0.03691551884841675,0.013131821322835203,0.004328056116355009,0.01145194613102133,0.01675892934236017,0.0023347146346686747,0.02442217068224324,0.02122653482148674,-0.02361473688413022
Liver,Limocitrol,0.03521867816547918,-0.009343192204737996,-0.039836678576215166,0.034006716512347435,0.02599888385322076,0.04273382164230452,-0.008153411891168279,-0.004601266858488013,-0.015516633741254792,-0.020347046398772644,0.008996572328603927,-0.022650965643436195,0.010357206802851054,0.00994070532927218,-0.004876206011904817,-0.008475144900497361,5.176339642128965e-4
Liver,Linoleic acid,-0.05164952154973028,0.011004145427311403,-0.010376404643409595,0.031282339001371916,0.006866829760417201,-0.011394646946274418,0.01936545029572007,-0.009479633609963886,-0.0014105181573044676,-0.02662653547213924,-0.007888834499167262,0.0030670746618541955,0.007883853570753944,2.982691792446766e-4,-0.008051205593622298,-0.00827464411202079,-6.236390411340382e-4
Liver,Linoleyl ethanolamide,-0.01413116179651641,-0.030029637627035578,0.0185322366845465,0.006798621932869888,-0.00834244274427595,0.045244579374180915,0.03639269904596943,0.017191724269329318,-0.01747611336363247,0.030752429145629995,-0.07582886971679184,0.034943569821632436,-0.032044281023110195,0.014945198073899248,0.012423317350312798,0.003912506835428035,0.004693857965918418
Liver,Lithocholyltaurine,-0.02840199722197169,-0.009967022264683266,-0.01677318917375054,0.004237722125666808,0.012226115575339917,-0.07230986831544109,-5.615464621670251e-4,-0.04784988356625105,-0.035063336741742585,-0.004920184843879032,0.016519770060704226,-0.02991061842260702,-0.021230456915115735,0.014633023037466514,-0.01125158178770025,-0.004389705158616996,-0.01810748056135178
Liver,Lomefloxacin,-0.008201599725773577,0.032217559591381284,1.451420673498646e-4,-0.054993820618643746,0.012822279401104218,-0.009537145637351498,0.03352944366406062,0.053537485531296176,2.0763388599380828e-4,0.016027747972799874,-0.016921189194641095,-0.02721634839031146,0.02641279891586714,-0.04144955753444639,-0.019566737977356204,-0.023592503993481964,0.011283886654126538
Liver,Lumichrome,-0.011654791410051442,-0.0032228660756820847,0.008173194952407438,0.048567954387166545,-0.020621679578779414,-0.005214872723887519,0.03193858244527907,0.018798372049384202,0.021844416252578727,0.0346281843369672,-0.03571445721275793,0.015767650263210614,-0.05735412812386023,0.04865899288654117,0.03658199266690107,-0.055392642085142274,0.007229043995252648
Liver,Lys-Pro,-0.031727042684039225,-0.05561622715499143,0.002578067457467931,-0.015707916256695643,-0.02129077818852299,0.01762527625093272,0.01674648791636242,-0.0024043138230985333,0.012132637550487964,-0.02085158087852056,0.006095287303530172,-0.019319641019860858,0.0115001326574735,-0.006720497053940966,0.012415291104323588,0.0094468395815263,0.021161136827646754
Liver,Lys-phe,-0.03872071107866974,-0.050047366268967206,7.98210859311312e-4,-0.018309997552405127,-0.00921345577281014,0.011723392681509702,0.022052530465530965,0.0052211396053730205,0.01876402573021864,-0.011963836862026457,-0.014787352179938082,0.0054134812811531385,-0.0043698886218538355,0.012735838851364508,-0.0024639885522322476,0.006579334065689556,0.012222565001459738
Liver,Lyso-PAF C-18,0.03258776081894891,-0.005342678940146384,-2.4106687944247404e-4,8.100464140614954e-4,-0.036074295923618153,-0.02161682630037647,-0.029971769201060646,0.049392305958384675,-0.018675539437235655,4.011107211159157e-4,0.033796523245002603,0.013819210857395112,-0.05163310940568969,-0.03003576728349254,0.03519146786488976,0.031120989762717478,0.018638371266135226
Liver,LysoPC(14:0/0:0),0.040099701755186505,-0.0021940918763335613,-0.013914974116837935,-0.03921749950168457,0.026739486122708014,-0.026527350688698742,0.0376593078198307,-0.0010528361721896268,-0.011296298349881533,0.025888777826604637,0.02981481685825089,-0.003928133470684118,0.006245479756262173,-0.00634275154178638,0.027227073994722215,-0.01563811575272558,0.03577986981700529
Liver,LysoPC(14:1(9Z)/0:0),-0.012623886957745774,0.014598707711918048,-0.057574304853115196,9.241271801498731e-4,0.0012148637884875973,-0.016981006017442263,0.00990064792203617,-0.05731686992738553,-0.02441789535041041,0.014131291529965279,-0.014162006516328485,-0.019295036391869254,0.052893843352535545,-0.022884061800999396,0.00602757458229965,4.519401191048567e-5,0.028993025212034944
Liver,LysoPC(15:0/0:0),0.047084861900220355,-1.7389780844111817e-4,-0.005203548154178314,-0.005186863199488755,0.014987022745584238,-0.00484067983154939,0.05019791992043898,0.012360728661987626,0.009783408621930965,0.023665812076283283,-0.032761543267662306,-0.014899084128631031,0.027745618610363915,0.013553391520641623,0.012439158600181974,-0.009193820587485921,-0.010800805066004069
Liver,LysoPC(16:0/0:0),0.05197425545302875,2.2974644415126695e-4,-0.02568655528673447,-0.014397230699297091,0.007224942826395335,-0.008411913357062836,0.023147241004836585,0.01666209891125896,-0.014779486793920852,-0.006632084557268699,-0.012400283886874697,0.009845041827899595,-0.01595041930448491,0.005238862078182393,0.012130141339073645,-0.0011536375274211522,0.010325123436743116
Liver,LysoPC(16:1(9Z)/0:0),0.0023676939138062413,0.010067217010161708,-0.0544090596545267,-0.004917504085424406,0.0057306343716983675,-0.034579102842405694,0.0397294949150819,-0.003472598567907177,-0.004161859017929425,0.07327648479291705,-0.02271666035033772,-0.024149404724859092,0.0014781978331527678,0.0062433906701743255,-0.007619501293567914,0.025540766895592818,-0.006414398062232813
Liver,LysoPC(18:0/0:0),0.047169656836821186,-0.005473293827238657,-0.036875210374173,-0.005003407340526384,-0.009687937556157244,0.009602656168538259,-0.004934748046353011,0.03232315001615707,-0.012963583577583534,-0.008030740496586678,-0.02434766386823732,0.01026754401562309,-0.020642789967497407,-0.014504475858070506,0.00716204114023933,0.01056256766673331,-0.027842594357687843
Liver,LysoPC(18:1(9Z)/0:0),-0.024787827887923414,0.028522060250851702,-0.046760384604783996,-0.02110909670072352,0.018854388894076007,0.0021013645780854602,0.018239054187937066,-1.686990629503617e-4,-0.049138735176327455,-0.0022669663299988807,-0.04498156731311883,-0.010533378070161824,-8.34712334931628e-4,-0.02152027889420028,-0.003253960324491243,-0.014113595900156106,-0.02592160740877188
Liver,"LysoPC(18:2(9Z,12Z)/0:0)",-0.034122231568392204,0.03565454604362978,-0.020071696335439246,-0.01119123928454878,0.030962951181720596,-0.019573734024561074,0.02594537556608639,-0.010641232959122967,-0.04335386510817467,-0.017853000179569707,-0.025077529484337998,-0.0056146400295369,-0.008938503965060027,-0.025753547458081665,0.006913259207552174,-0.019622047964614676,0.02066512766215062
Liver,"LysoPC(18:3(6Z,9Z,12Z)/0:0)",-0.039978484422698204,0.031031766230227617,-0.03796631438743118,-0.013138166316999343,0.019477266853724282,-0.007608832415834955,-0.0057597377131610155,0.0013383132912125491,-0.033210762038842344,0.004714406076723467,-0.015406256104060892,-0.023784122892702278,0.0015213623460429112,-0.014083018166895934,-0.004565891071584181,-0.0019934226425313193,0.011396270144371426
Liver,LysoPC(20:0/0:0),0.04602537555015872,-0.00828959275639269,0.02086775267656523,-0.019049145751829682,0.025400937908408673,-0.042553815258737034,-0.01583670563654291,-0.02536905197388043,0.014342790440202372,0.010633391025222436,-0.006821968676762385,-1.2131771497561725e-4,0.0023459986605476775,-0.0026797170931086864,0.01209429260410446,0.0014083981128190188,-0.01793933761096778
Liver,LysoPC(20:1(11Z)/0:0),0.03674103836838258,-0.012467297701160373,0.03453048366530815,-0.01554637561527049,0.039888908868944216,-0.041290831158078044,-0.006994987582360026,0.006314492514503369,0.022068536668980152,0.019951243460732106,-0.02100916888368698,7.788431797654438e-4,-0.006693972307306934,-0.026321411098632702,0.013110889343858996,0.006803046040310385,0.007969199617474871
Liver,"LysoPC(20:2(11Z,14Z)/0:0)",0.012437935481865527,-0.02130226019857986,0.020012097228699125,-0.010572563410327963,0.026940660374427942,-0.05188914873011763,0.01626176190655314,-0.045342739812450336,-0.002375938455686362,-0.02162533623992431,-0.005260001403465807,-0.011579046721998117,-1.2956259642024306e-4,-0.06985192007581802,0.04701774522884027,-0.04672848577285247,0.01222759189175439
Liver,"LysoPC(20:5(5Z,8Z,11Z,14Z,17Z)/0:0)",-0.026943368249998358,0.0293948346724267,-0.03092859094955054,-0.023020543950990905,0.011654813855869346,-4.454662926088144e-4,-0.011391657639948588,-0.012861322776271078,-0.04569954732733185,0.0538884428631928,-0.04779805920439238,-0.004494563988731761,-0.01239467551058475,-0.006349732934914882,-0.010998978812489324,0.026114050477344816,0.025871725957721085
Liver,LysoPC(22:0/0:0),0.026269350693363464,0.008185308988672044,0.039656326611568045,-0.029675725043357533,0.04642630969665453,-0.02275543460828977,-0.0018645389995721974,-0.02736892872096697,0.023503824977013536,-0.003589890476388037,0.0011464268886652157,-0.03884798308790598,-0.017844304160761246,0.039547739806651244,-0.009535221685945183,-0.006739599821931189,-9.448558404704457e-4
Liver,LysoPC(22:1(13Z)/0:0),0.0018608679405839991,9.707552093444527e-4,-0.022824251377602415,-0.013371132434346332,-0.0019223112887159662,-0.00976910161148505,0.07253482065854144,0.035575699418128603,0.01565782853747833,-0.003687607495869595,-0.07837149823964287,-1.2977157547814662e-4,0.006503210636760729,-0.006821421486642893,-0.033013341350400564,0.05070244133631478,0.008214559705976607
Liver,"LysoPC(22:4(7Z,10Z,13Z,16Z)/0:0)",0.02796836209502431,-0.017014715022810656,-0.012518557665361226,-0.0345840607341465,0.004152837564543677,0.020342827049664176,0.04408673889623301,-0.05793324600449216,-0.03536639429986066,0.0353524985131224,8.602161315666097e-4,-0.002357525977078787,0.03278041745367983,0.012290435540391022,0.007908868995212471,0.008627146868644204,0.0028200659670501653
Liver,"LysoPC(22:6(4Z,7Z,10Z,13Z,16Z,19Z)/0:0)",-0.033386906179288744,0.03069323494978412,-0.03188127547541405,-0.0036622949510932,0.023193065602895073,-0.038281854945111084,0.011927619022723277,-0.004491381732716371,-0.05027835641403775,-0.01499319778289047,-0.015369685246407373,-0.020195718997307138,-0.010153791537040888,0.011768940222105912,0.0010248580817725107,0.00926098699996385,0.005806673945432151
Liver,LysoPC(24:0/0:0),0.04660813896031274,-0.007674816479702771,0.017213279176534636,-0.02902286476589369,0.027032980793171995,-0.02223940098304401,0.020011027218324148,-0.0182442875440271,0.008513784667304486,0.024061603987950174,-0.004431196529583287,-0.014338038599112613,0.020957006293668225,-0.0031015781640789295,0.015767674627191655,0.013916617214057674,-0.009606620884203752
Liver,LysoPC(P-16:0/0:0),0.030565683854293903,0.005737677888467972,0.013689753533177241,0.008128170896048562,0.03677316653086493,0.034155564283815075,0.03198002925659077,0.007516544166512547,-0.020094709699494225,-0.023028304141813897,-0.05524423222253191,-0.017492698638434376,0.0011876678511842913,0.04587740979686701,0.052488371024614074,0.0026166593323647966,0.0024546480287193605
Liver,LysoPC(P-18:0/0:0),0.017138762160270427,-0.02562260441355575,0.028991771783365785,-0.04716697247400994,0.0040347770235782884,0.03704130135248991,0.03851545208629414,-0.01585212811573968,-0.047573830713339225,0.01600873581103026,0.01908607016887889,-0.005198928651816722,-0.001490250223261835,0.03257498532352306,0.01789897675377351,-0.0034876547407270077,-0.02022312992765766
Liver,LysoPC(P-18:1(9Z)/0:0),0.022290148144957413,-0.019950492475436694,-0.00886398106271962,-0.026820170483318032,0.00439901845221236,0.026132936524123462,0.04200071580902604,0.018091714935511982,-0.07070729403912783,-0.0342876651592914,-0.00570709034453295,0.003321032709247267,-0.040086710281070366,-0.031391545217164106,0.032102445418241,0.002130275074035913,-0.003488223590399664
Liver,LysoPE(0:0/16:1(9Z)),-0.03384997076016561,0.014317840293389264,-0.03878941642640908,0.012439359923393456,0.01675138386560513,-0.04337709657292664,0.04048734125586499,-0.01786036595947476,-0.017140654466902855,0.0018022287901382336,-0.0183868425658583,-0.006164927407065725,0.015899767229404133,-0.01910789903821261,0.0067258091969947765,0.034228437503822394,0.022074964666613947
Liver,LysoPE(0:0/18:1(11Z)),-0.0316910344118376,2.1778151148863604e-4,-0.02766968266115158,0.01265151703632667,0.03138541416042532,-0.047593552869524186,0.04460546458262721,-0.018854591619092784,-0.031666926081483186,-0.015670428646024148,-0.010810981468968068,0.0019738783414587203,0.0307346242403886,-0.013768152513693815,0.030556779219790386,-0.0057210310485336655,0.015904872514862608
Liver,"LysoPE(0:0/18:2(9Z,12Z))",-0.03937272187773684,-0.0035434594004098434,-0.019189464183010943,0.006150570749232299,0.04113315363737159,-0.029786179968803124,0.03164069361060428,-0.024933878200067854,-0.0426109087131793,-0.009133495181978315,0.0022295527867918497,-0.010959783684579371,-2.594812679688598e-4,-0.028873207248578742,0.01702811049162775,0.005634085599155149,0.004019152613993548
Liver,"LysoPE(0:0/18:3(6Z,9Z,12Z))",-0.043479890483033856,-0.01190083104645038,-0.00600895761539233,0.01952629917417144,0.0016707948003369425,-0.029709948418851547,0.011424084006861977,-0.034344056771747795,-0.04851507563758189,-0.02306491324071548,0.01154364966458911,0.008270792318386774,-0.014206058052404828,-0.019198999336055383,0.027750187225481077,-0.018428657409481474,0.009005108238887062
Liver,LysoPE(0:0/20:0),0.05152155173888724,-0.015808832518097643,-0.02980794650894623,0.0013879713994570167,-0.0067616619126668566,0.010202010989450354,-0.017873798634972356,0.011204288917143116,-0.00781836507934472,-0.0017274205264433966,-0.01850652591172261,0.008514398099590035,-0.0023850559955083572,-0.008138707993132962,-4.7400371670118253e-4,0.005747684508270221,0.0035415853961846405
Liver,"LysoPE(0:0/20:2(11Z,14Z))",-0.00730562603991314,0.023010489816955224,0.024430238611547153,0.02025945265439678,0.07004235433777492,-0.029587112078512067,0.011313430721675897,-0.017108217675020784,-0.03373995412820459,7.996883082086342e-4,-0.0010859264581628432,0.027081877362900256,-0.02659744551246805,0.014915191286909907,0.030937732206003828,0.0324170623042803,0.010283821897324224
Liver,"LysoPE(0:0/20:5(5Z,8Z,11Z,14Z,17Z))",-0.04511668163912988,-0.005490863704802808,-0.02898916861980703,-2.2367792932405766e-4,0.0034489586753007253,-0.011406649918718603,0.009468232117434272,-0.04100497637689297,-0.030605388190736563,0.017073000554125837,-0.025311618890909684,-0.0028233657703902945,-0.0021586582100308754,-0.035783031301200245,0.015089011522084153,0.01481243340142949,0.010935108871587435
Liver,LysoPE(0:0/22:1(13Z)),0.02611182389365615,-0.008630006090443893,0.03275016412010007,-0.012274728140420098,0.04747585371951064,-0.0583885291867445,0.003680502861944112,-0.03379204874546934,0.008868155224156571,-0.006399423614681814,-0.032637717850716286,-0.016372470749684363,0.0030761686212068765,0.010750772926446243,0.007559445342729234,-0.013869027897840351,-0.015802088548487737
Liver,"LysoPE(0:0/22:5(4Z,7Z,10Z,13Z,16Z))",-0.0346354782675408,-0.015660934291749674,-0.001330095251087219,-0.01841652557810025,0.011113620084357097,0.02040130635002364,0.022470248740078552,-0.026182084961183807,0.030173673129077327,-0.052727980288770605,-8.830213697563814e-5,-0.01603445234426611,0.023482748224381535,-0.03603507111136988,0.008211170583120847,0.06945162713971699,0.002691921095609422
Liver,"LysoPE(0:0/22:6(4Z,7Z,10Z,13Z,16Z,19Z))",-0.03435375393717455,0.014115100905289266,-0.02783028868031793,0.02517123365561115,-0.02794667616029252,-0.017488140604444397,0.030501836019006606,0.03025449509000507,-0.04732904000392561,-0.02836656212783955,-0.02124811236743807,0.012742096760297585,0.0044281738341633,-0.01433291876181877,0.001435397606391755,-0.024072878274632753,0.018460887242075733
Liver,LysoPE(20:1(11Z)/0:0),0.006148064675297285,0.01535300241523747,-7.543939837198313e-4,-0.0212697341936703,0.036615849330776905,-0.07669936140718035,0.004726287536983044,-0.040156277689816056,-0.049480771005345654,-0.025156718720707044,-0.029476039045446656,-0.0051610804879461064,0.010173203850867264,-9.581510458811562e-4,0.012405747255170844,0.007849595223331276,0.01595670950498382
Liver,"LysoPE(20:4(5Z,8Z,11Z,14Z)/0:0)",0.007101136066919441,0.03166959539617293,-0.029810775619175608,0.020104012902562956,0.011619581549974894,-0.012264143600771141,0.028661645530402256,-0.01346139723678257,-0.07643453126080313,0.0016945671413827418,-0.04389132748678237,-0.026680209142480298,-0.0076718585913726645,0.003005184872243581,0.0336245500534952,-0.034031381934041226,0.008622022016888047
Liver,LysoPE(22:0/0:0),0.03694332659539609,-0.009295888964509141,0.029707071615617926,-0.014387355931468768,0.013539943754247538,-0.047141591047856576,-0.03947643279751613,-0.018457519829551555,0.025232850342268406,-0.009647168152630644,-0.038941311902156724,0.006704650508711618,0.007739963541048199,0.01362531045242214,-0.002918880506167481,-0.009832481472946436,-0.011650997141456855
Liver,Lysyltyrosine,0.031040365336124427,-0.0330185517018588,-0.0058033990408743324,-0.019678304893244587,0.02368077273381945,0.04277647735821127,0.03471483572246545,-0.0173394461889963,0.012124494501550016,0.03611344503348625,0.00785620009020264,-0.018668739671349716,-0.005494615618605265,0.03787523740788834,-0.004354277177145058,-0.03377104806996431,0.028520318900794962
Liver,MG(18:1(9Z)/0:0/0:0),-0.00812888340758414,0.01396712857645616,-0.03698401977509947,-0.005203576360972595,0.07415720174163296,0.013178681159908319,0.003580523505358549,-0.027451609857654106,-0.01424589233237532,-0.04123071910906723,0.016270228215105643,0.007303360604208282,-0.020664698542441323,0.009206347653764158,-0.018556903006988562,-0.026819614378135532,0.00560723975633308
Liver,Macrocarpal C,-0.029903003787777667,-0.04984121488819195,-0.007374798440401092,-0.037979733221488406,-6.449693817630804e-4,0.026469675215718583,0.011131915679558915,-0.009518426422123303,0.004031589973965761,0.01239144795795989,-0.024947071519324276,0.017605732847402338,0.009867749598256032,-0.007103523665799552,0.001831159431631836,0.028039180702699607,0.002314634410100182
Liver,Maleamic Acid,0.0033187426275723513,-0.018094618351144454,0.02757420081423612,-0.03548925129586696,0.03331067656182686,0.0032244957435314924,0.009331754065862148,0.00753799040718305,-0.025216166451068688,0.03456678632890526,-0.0036254344365145136,0.026520467699057332,0.03918266375548149,0.0478137509464302,0.012062203942514045,0.0905768844498106,-1.2938965007970224e-4
Liver,Maleic acid,-9.744890924285412e-4,-0.013647148150880022,0.009761553164510087,-0.020646742784021073,-0.02078345425659352,-0.02235412776088239,-0.05826874911755892,0.020625050290782345,0.037842225543815305,-0.013361881854154016,-0.01292100039113491,0.017832397556996185,0.02846725645750114,0.08453055215447262,0.05021666728354796,-0.025598932675528832,0.009603923889622853
Liver,Malondialdehyde,-0.0035463207142064335,-1.030593688629415e-4,-0.041305497283187595,-0.005050935080839335,0.03166015470245778,-0.006088669998357925,-0.02837007247941633,0.003246047659470851,-0.050261728952517654,-0.013844877771127941,-0.05193183021663847,-0.020163031299000708,-0.021561892646719854,0.040663525186566914,0.042016323619733675,-0.06306265565643084,0.006928539216420711
Liver,Malonic acid,-0.03053991361096853,-0.001529908729812575,0.05447829381879648,-0.0017628646539402954,-0.011308555717309255,-0.012258912656709867,-0.03751577967460147,-0.014519720671797956,0.04144731326123801,0.030699451286900364,-0.009757517802384378,-0.005393039733978307,0.0012114481976459107,4.5966226893508487e-4,0.019192895689415623,-0.016319781550324843,-0.007700993387656139
Liver,Maltol,0.018972664097108922,0.006345791348009941,-0.04075199055074914,6.579034512555383e-4,-0.012952501686725997,0.02412314901937213,0.0208304601943286,-0.06069081619328055,-0.02301937242167179,0.015861353281405456,-0.010612960362854267,0.02886763519575105,0.07154681498528954,0.0033528946073784964,6.409989800945893e-4,-0.026881009101411786,-9.205813436764696e-4
Liver,Maltopentaose,0.0498816849513584,-0.0194083761680251,-0.03313851230678404,0.010595810563474051,0.005444337402839504,-0.008502493372188417,0.003200050793525621,0.0043212691848790825,-0.013536337956381773,4.284192209211131e-4,0.010875264878083515,-0.02194904961440285,-0.010167551297484945,0.004095048157031505,0.004896541484971474,0.002388552965394785,0.006342315428022946
Liver,Maltotriose,0.03771964843045319,-0.014842778618042268,-0.03939213383499727,0.03400975486027269,0.02214484135929803,0.03176754965033204,-0.016414306098462093,-0.0020020775586583857,-0.016700207895634676,-0.023672795388123596,0.008004900551318393,-0.01938668826100663,0.004575947235877744,0.0070297444772709295,-0.005497637440346622,-0.004048698471329751,0.002606798579657786
Liver,Mammea E/BB,-0.01636506308749424,0.04381575012069122,-0.018092581214001504,-0.018410114532154062,-0.010239313781406259,-0.006715289394960153,-0.03898263956804957,-0.00825096610778989,-0.0032992856525434497,0.024669469708462993,-0.03893021650032595,-0.03983472981726674,0.029459602758743646,-0.029347883766052806,-0.0493361083806467,-0.035515930054213767,-0.001127427747754366
Liver,Mandelic acid,0.03097265772134434,-0.018365107757463396,0.034508318107515666,-0.02581212274944035,-0.008395067645833284,-0.03705340233388253,0.022817657674673524,0.011852394832180271,-0.002132406563103662,0.0025116637432041726,-5.069089537839728e-4,-0.04563506282779808,0.0084174928895613,0.05992612001347211,-0.02434760446117966,-0.007009587748175398,0.010781749758649572
Liver,Mangostanol,0.01901611509292778,0.020671788866750505,-0.04376543764884322,-0.0038917778719830985,-0.03441180080667533,0.014555292326788167,-0.0028797259191465814,-0.021924776270524235,-0.0010914765511364974,0.03898284153503173,0.01069312936276681,0.04867273145331374,0.060881779690454635,-0.02050634330309642,-0.00434928523790315,-0.024947753327511108,5.512752332959911e-4
Liver,Mecarbam,0.020620021632171207,-0.013883962627146647,0.03599750599067796,-0.011547671100534312,0.05774943373533192,0.0512786786954683,0.00930771309459057,-0.009069544221700372,-0.0018816435059293964,0.00732317405362811,-0.028586414944604756,0.00998583133875268,0.03166669115176603,-0.021395192167512442,0.016851254638816756,-0.013209848815368,0.031724029012193934
Liver,Medrogestone,0.012600131648500521,-5.047849147871253e-4,-0.01349299548416117,0.0012976560284764383,-0.016178611205859735,-0.017629238676560192,0.047851344765823284,0.08768581825022237,-0.025386956607736405,-0.011909860894057918,-0.06088353380250711,0.010879365337619035,0.002857036351543324,-0.005367384469306564,-0.009741013045750473,0.008695244725871782,0.00232004629796278
Liver,Melatonin,0.02332769609192447,0.0022415537088453733,0.02347391387263359,-6.761893492821299e-4,0.0823197631998493,-0.0077131329955266,0.01184946651869334,-4.6527546440015854e-4,0.03461814101732011,0.010125307926217766,-0.009776183746869989,-0.01795626344444107,0.018911121095666346,0.004352343657075265,0.0027814765250151253,-0.009959756658933994,0.01158923706478206
Liver,Melibiose,0.04041959704466909,-0.014342146020265574,-0.03790549051890647,0.029261660162435442,0.0246604380128101,0.02788927927761935,-0.016444615610356948,-0.006476348192523151,-0.016734646519277592,-0.020686236943532957,0.007314502514108583,-0.017430390609231034,0.010371176273667756,0.007708152307294924,-0.00625124462148698,-0.005298043663539676,-0.008143003561977299
Liver,Melilotoside,0.055364155763831926,-0.01539398045936915,0.002127546917012997,-0.00412324310059774,-2.5365874900666277e-4,-2.25248476078049e-5,-0.010401053561433051,0.010101643631772657,-0.015253920350457714,-0.0018172371961028598,0.008755693482522238,-0.027290907623466996,-0.015677519440305657,-0.004953301753126084,0.003239319858543843,-0.001040832050828569,0.010898121705870473
Liver,Melleolide B,0.02263656345273038,0.009478064260252201,-0.04485970772160167,-0.012714995754657683,-0.041211943432578474,0.004696070260992105,-0.026755141515780168,-0.017087478738330032,0.0017162762322634761,0.022748812384775684,0.003062341922225146,0.051945179753290806,0.053158961721119675,-0.001013019453345505,0.010308824209385946,-0.028595197508251128,-0.01653852624206461
Liver,Melonal,-0.002549191834955382,0.03855492821285417,-0.026794897423734615,-0.02623742203307636,-0.0018054602112575183,0.027241258223437766,0.025269995377588422,0.027978540291148494,0.062207923262590926,2.6313721248943006e-4,-0.030776766583506233,-0.03967859165201107,0.01899948931129898,-0.020242470643562695,-0.02220411700945389,-0.02579671169640933,0.0050444491881128225
Liver,Mepivacaine,0.01461250925286126,0.003993461373078552,-0.0525207773284342,-6.231215608738912e-4,-0.0065282764267848275,0.005146308656799513,0.005857552982171477,-0.011532558717242142,0.03799845328317053,-0.04899134040028575,0.022644876696738037,0.024465682477322292,-0.019002254868283622,-0.06434236266456475,0.04229022534231308,-0.022049179304487968,0.014248200375273983
Liver,Meprobamate,-0.036677230438038895,-0.03186370241051588,-0.010305057612711686,-0.03201059014176693,-0.019345823695774304,-0.010109126773363682,-0.0032287981203346617,-0.011376396689872507,0.030372397032287266,-0.050323597041494424,-0.0059172850795949075,-0.013256643792231328,0.022362183096105846,-0.009070091076941315,0.034572393927854266,-0.0021779106493378664,-0.009901094832449133
Liver,Mesylate,0.003032098509479954,0.03771598444794836,0.014869166501791401,0.013340633595726152,-0.03401373466223253,-0.0629347469110776,0.011487391569333013,0.01746967123931172,-0.004409166873896887,0.021451209194400456,-0.019788284333805216,-0.022415023965260537,0.06216381465472145,0.0015174506376310257,0.03026723356813518,5.116545841987881e-4,0.047712907911329115
Liver,Methacholine,0.02410515847186187,0.013868707062263421,-0.02589984955052488,-0.014723741682218629,0.04480883976254792,-0.007161972292377921,-0.0481960812698095,-0.021302729641109457,0.05584013343174797,0.033163197557950795,0.004894175115595614,0.0051130237481150165,0.021321967137217637,0.0107285785752467,0.028079916534425185,-0.009477910640904986,0.005364945476480627
Liver,Methionyl-Glycine,-0.03032001340339538,-0.028413151443354007,-0.024557888917611386,-0.019997981965437308,-0.046807458709480644,-0.042724293835958424,-0.025379828498866684,-0.00584893383615041,0.022945889024576418,-0.011085929165288345,-0.011890401358773702,0.0037925340422562334,-0.014988555337871827,-0.014965532171557265,0.0037881664246426595,-0.02092014453847577,-0.0038105772016513535
Liver,Methionylserine,-0.03363608199981473,-0.03410633238637094,0.004027823263383739,-0.021065087141712135,-0.018128798156814868,-0.0125337284773248,0.0010665191938460542,-0.006938381059287569,0.019636179799767974,-0.06924668407797649,-0.0017202984194979094,-0.007601325457637405,0.02260995935204084,-0.02673476782037861,0.034201845757345584,-0.019341427698170075,0.006835314297996363
Liver,Methyl 2-[(methylsulfonyl)amino]benzoate,0.037397509176604504,-2.467783381699094e-4,-0.03826594740904383,0.018037662417875303,0.009373715243888161,0.03507669664202211,-4.4558380729743576e-4,0.02162050366214918,-0.015744718923098706,-0.03902324478483086,-0.015546156029886866,-0.014933468337535885,-0.048701341818463764,0.015498424895291392,0.0010886400694118206,-0.0013131477700252748,-0.013880914005934863
Liver,"Methyl 2E,4Z-hexadecadienoate",-0.04389165199882679,-0.014839035972637145,-0.019498853181415716,-0.009589505040903447,0.034173352046645476,-0.02744186469984026,-0.01609180078757549,0.00413837991229307,-0.04835711231390213,0.0065752223262147995,0.01801355940950571,0.005844098604815342,0.003522897078475328,0.0037724525353955156,0.008255169158750405,0.006608186598771025,0.0010221085302824194
Liver,Methyl beta-D-glucopyranoside,0.0011675527419917195,-0.04842993526277089,-0.021576309983069555,0.027177397333941464,0.04208455980790917,0.012058805117636412,-0.026154225146783616,-0.003247200875922758,-0.03846175093742474,-0.018185803546806253,-0.027482309918859367,-0.03107493802282359,0.01242473456544011,-0.020880815809765113,-0.018018644424432743,0.011096781612547351,-0.006137214398554176
Liver,Methyl isocyanate,-0.02508869693623892,-0.006477399174094694,0.036135438333045604,0.015055383311273372,0.01213102856336038,0.02115923674574854,0.03633065328711549,0.03128281982234149,-0.02786025246115983,0.020956885575659265,0.07100877549638862,0.02299249037313636,0.004887009437262023,-0.025929590858877728,0.01790618904096751,-0.02627386928181943,0.04006600367368079
Liver,Methylglutaric acid,-0.002661462970949492,-0.013654759581968812,0.03634649434720746,0.03378433920425516,-0.01809453101265276,0.01272252794905307,-0.005429783331498688,0.043880815740875115,0.059500649253340025,-0.0028153555550129343,6.48327060636805e-4,0.03220109646925428,0.0214718269365369,0.01161153210827508,0.056267403107237,-0.05246849587213665,-0.06806719470250723
Liver,Methylimidazole acetaldehyde,0.027148779296316965,-0.027983397664988086,0.00413900347046695,0.062002232903434706,-0.004867512056243246,0.03824143926981463,-0.011482025113800488,-0.020630626091565,-0.022766191059409174,0.00782184921117163,-0.0036644663910532344,-0.013884008706285806,0.021379211140597952,0.003420005706170584,-0.016788018510581062,0.022325657801212047,0.013371631958093455
Liver,Methylmalonic acid,-0.037190608928419945,0.04107264613076269,0.0363291501671955,0.019499907744754092,0.0038435804789378352,0.0058302867342636755,-0.013221710250598881,-0.009596793148205095,-8.267607501643276e-4,-0.014661300985799194,2.992849800881519e-4,0.030662449389489924,-0.0057261766374981935,0.008686883348596677,0.0022655889149474913,-0.012537573850487042,0.02133051764322093
Liver,Methylmalonylcarnitine,0.025186381730258528,0.029788907200681225,0.05335116375146202,0.030080340134473905,6.452675072980912e-4,0.01734717604373722,0.018124759088899708,0.00797528304480626,0.01642363916628178,0.0026583986996951445,0.009196972526075542,0.04176329025308306,-0.01084572569958134,-0.0059248626102465516,-0.014519095721122447,0.008748139756731617,-0.0037378407327664435
Liver,Methylpyrazine,0.03209459370187081,-0.015401259703984689,-0.042303358862178224,0.009667807493544319,-0.022458831713570642,0.05639186543347744,-0.0329485193952435,0.015365476685418468,0.004816200393670179,-0.0011827312979351284,-0.008296433210326026,0.013935129227840053,-0.012554607094627765,0.0037145156589067064,-0.00843174823993561,-0.0031983163722147183,0.011360636255399074
Liver,Mevalonic acid,0.007063520981980851,-0.01721232532177461,0.022380849813329388,0.08013189331137532,-0.02323403551614844,0.019576683385230238,-0.010229299657723933,-0.011648563398514642,-0.009857406638039481,0.02900024992613153,-0.018109354495763338,-0.014076864942293356,-0.006678719226664478,-0.004047551499122057,1.84217538981267e-4,-0.008218968967283947,-0.0028693434383558858
Liver,Mexiletine,-0.009098122876459783,0.052473168690836965,0.008613198732087728,-0.04009460630271485,-0.028851797940143767,0.01483303251071131,0.030154646904744103,0.007938061489308151,0.014601100592425366,-0.03540649711037968,0.006336276156283921,-0.026438375601048884,6.688118907081874e-4,-0.02220289357053882,-0.008450807153189268,-0.02558111180385504,0.030449873469554682
Liver,Micronomicin,0.015522238227757881,-0.01166452042108653,0.021562664195259654,0.007513457452824141,-0.006181434343586478,-0.015467454229176551,-0.07868423168590773,-0.021355250378200078,0.02364525232385117,-0.05516426269125829,-0.048938246428320994,-0.013806894860451745,1.69148285083342e-4,8.847303694801794e-4,-0.009923180209756504,-0.0288777539622679,-0.002340291396883838
Liver,Mimosine,-0.004653625695655677,0.012208342334644864,-0.006510737289093246,0.011922832151498898,-0.05383549724034487,0.028962203432026903,0.010388303040966858,-0.052241851203196986,-0.010750782436034834,-3.786362747676282e-4,-0.0748192468450844,-0.007796742932911601,-0.013944944854183811,0.05833696705045887,0.006890919814432919,0.003925946219809775,-0.016395118639000793
Liver,Misonidazole,-0.024368723801478833,-0.06133883284195846,8.924946293697789e-4,-0.008035264462373458,-0.03080425216139598,-0.006191409484773314,0.008208031909397225,-0.008760349114920575,0.016745673606624198,-0.028529046730974884,-0.0076120926073485265,-0.00659768842565191,0.0044601261024368255,-0.009027986236486284,0.012760179426940505,-0.006239265275615229,-0.004074973357749598
Liver,Modafinil,0.01825755656968424,-0.047550383572577966,0.036983438501060166,-0.017596804190817817,0.0035980022185896376,0.002819064603527233,0.016195887202185642,0.02682822995799656,5.733289413954254e-4,-0.016626943465540674,0.01897676739201121,-0.0024298409550046014,0.052948605254146255,-0.012072864208217354,0.021214189557701872,-0.037203008139821206,-0.02505412968219339
Liver,Mollicellin A,-0.02551638257464887,0.029599690970315805,0.014306766690177284,-0.04680012543858791,0.023637919779624324,0.001168824700598704,-0.0058631642002470175,0.032622034747954304,-0.0179403346670792,0.03978665547527927,-0.030365315017938186,-0.017950091416726086,0.006015171973161544,-0.025911082525984598,-0.010078773016935069,-0.049203216658657345,0.0010725989174884252
Liver,Molsidomine,-0.023252252900635043,-0.0633924292011408,-0.003320652477653075,0.002118620054610569,-0.02994188285717868,0.007454544956330799,0.014898359743053362,-0.01164900033801626,0.002645601435871562,-0.019597441285608117,-0.012995919703034523,-0.0011433527437735103,-0.008341634971994468,-0.01291186192824744,-5.258979496152904e-4,-0.006438928597123444,0.0034616407707696445
Liver,Momordicilin,-0.04979613081295467,-0.013995828877916552,-0.010521281112890917,-0.0031449318290999186,0.023303753838299288,-0.02160535429318088,-0.009762488344430631,0.01395655733288316,-0.0339322871094285,0.013629971906119455,0.02321036105517355,9.023617918445425e-4,0.0053128653707489315,0.023629563565197152,0.012498622252108191,-0.0047236501348135364,0.023668462191378917
Liver,Mono-trans-p-coumaroylmesotartaric acid,-0.026404483670290833,-4.608022879764234e-4,-0.022969918843173422,8.470704842419095e-4,0.03132191029548643,-0.032117444529516245,-0.04426990031235801,0.05628172432986005,0.023401783691928236,-0.007190494478485393,-0.011362321712583537,0.003940784361173363,-0.04985113897445614,0.036509374207601204,-0.012227183378868198,0.015994979807385547,-0.010710043736282135
Liver,Monocrotophos,0.040161992239131944,0.007365225966039284,-0.0418107867099446,0.008352532887196049,-0.016181903419117395,0.01459786430028169,-0.016284119371678507,-0.01649643444497649,-0.02448778297344353,0.02367980792356312,-0.018077161926291,-0.021261110018286258,0.006853104975699262,0.01676571440150058,0.021244492182181732,-0.04397630333766844,-0.003522256047597661
Liver,Monomethyl glutaric acid,0.01991421057766891,-0.014080614448046522,-0.05169045967788572,0.0027659038719717137,-0.008155492963891776,0.020794976235702593,0.003650703087657971,-0.04786401202560072,0.02739798300428977,0.03969115935571135,0.023243030413194088,0.014566460709043562,0.04764136475629211,-0.0017866329786278374,-0.02757478347882918,-0.011523564345753816,0.0037610497482183703
Liver,Montecristin,0.036077990091084415,0.014920107014746498,-0.04817553384522933,-0.011520654209389447,-0.0044222478800763675,0.00931004780552643,0.010503072199612879,-0.04717946161334271,0.00961431939525933,-0.005730876033081366,0.0017474190027698482,0.009717689607466719,-0.005594401673909359,0.031656353250476735,0.01869515759743708,0.0265424690948455,-0.02421680483922508
Liver,Morphine 3-Sulfate,0.021041337087892888,0.0013235079944518633,-0.03354571710820172,0.0014871191425841629,0.012718725965933333,0.04618181236182096,-0.004113483109803743,0.06862655307586785,-0.014425280748865064,0.02502218192397306,-0.04554545546873996,-2.996632116617368e-4,-0.04113686615455413,-0.011959391485797841,-0.012408522696834087,-0.01947630550458828,0.010360658242196084
Liver,Morphine D3,-0.007440541210956907,-0.0485389282164831,0.012839785047194891,-0.014160729214577068,-0.03601561113024202,-0.018686076481235315,0.052173851777579466,3.197698148127561e-4,-0.019994707678788137,-0.011456994282448561,0.029281664130524458,-0.046130690347784,-0.0095102691771653,-0.010405490169027686,0.013570121384456403,-0.015851671443063795,-0.016115386110640346
Liver,Muramic acid,-0.00191943872622086,-0.022234583446261447,0.002854534844733555,0.07012511983638821,-0.017841360757914985,-0.026781101287101265,0.003958859558269854,0.025511399318720516,-0.02632120228720843,-0.008277647025557755,-0.013745970276629924,-0.020100157819918415,0.008120982931449326,-0.060801724658377423,0.009784021190164615,0.028091437895475222,-0.009908046388553972
Liver,Myristic acid,-0.0028823405461038264,0.026000549567217132,-0.06577260130176013,0.018596299522685003,0.007923974772208313,0.02910394425164711,0.006585619247642657,-0.03237666756125375,-0.011311648955428855,-0.01489076503956353,4.8042448741870855e-4,8.734429018511694e-4,0.02029739770427254,0.008546573205292635,-0.020737266388558884,-0.034343935266565685,0.026852025747333124
Liver,Myristicin,-0.048697522104121656,0.012910461626576069,-0.02829570684346884,0.014836768891030232,0.016574479488871353,-0.015309252399559421,0.010978842433716532,-0.005380469631279188,-0.029179379290231375,-0.018560393008695924,-0.01839616540022953,6.388678221309727e-4,1.8887350842490606e-4,-0.00538026105445191,-0.011089337535539635,-0.018334385612718208,0.0018573554926715008
Liver,Myristoylcarnitine,-0.0036439739577953712,0.04094205374793172,0.00555605763688815,0.0355876114125515,0.033440921335244976,0.0031959106369280686,0.021351494086709732,-0.05058917208134886,-0.03739669536384189,-0.02945550720630756,0.02551282224540059,0.04473021325724079,0.014567182543207671,0.008414474321460861,0.00791615514319461,-0.012754237974060475,0.0022758150838294794
Liver,"N''-cyano-N,N'-diisopropylguanidine",0.012415417065073193,-0.025993380080197057,0.028759615168887885,0.071787164740744,-0.017800315479027877,0.017563002841889407,-0.017158149630749953,-0.01301801122633261,-0.005325323714144128,0.025847965449926305,-0.013720189250157975,-0.022423233274644978,-0.016188204162826136,-0.005349675072477847,-0.010568599678717691,-0.001550975727894763,0.0027847228225911544
Liver,N'-Formylkynurenine,0.051021526811351005,-0.009411583230787869,-0.01590790803707445,0.014637900396104119,0.0020454914081157027,0.018071502826513975,0.011453460418511493,0.021623126316365586,-0.031721923616431974,-0.01194398208593705,-0.015328543463772543,-0.02719798332797464,-0.0020494446906653427,-0.003120599013724978,0.010744466394813268,0.0015629353856063963,-0.0030305324207767406
Liver,"N,4-Dinitroso-N-methylaniline",-0.05382340994660751,-0.02336301475889222,-6.366356255731257e-4,-0.002463094848068379,0.004698868934654451,0.013493710171993613,0.018459191372329615,2.5224606828801936e-4,0.01786492225341494,-0.008668455697607066,-0.002133065531728919,0.004166127514968434,0.009244852881510678,0.005667301792350438,-0.010746649880978058,0.007848183503851136,0.006516983192978099
Liver,"N,N-Bis(2-hydroxyethyl)dodecanamide",0.020144905961838606,0.022046247413265066,-0.04448924346658187,-0.023742831905235094,-0.020746696498947212,-5.587836997911065e-5,0.03567070630715491,-0.03720227153291949,-0.02306441639338549,0.03195830531938866,-0.019063228737485945,-0.0026402000344994086,0.05417431297642475,0.012199051829104673,0.014965598138993218,-0.001359377151979163,0.013256507790591291
Liver,"N,N-Dimethylhistamine",0.008498949473117733,-0.017320382451375474,0.021839043271371178,0.07940221607119496,-0.02191147491826771,0.023170635748390036,-0.01611235634396315,-0.010174635023491963,-0.012273117327872621,0.02571377441929256,-0.018137418372369592,-0.014037539371829501,7.913496563291284e-5,-0.009234685791731242,0.0015148778591841574,-0.006415464644612345,-0.0075556911616045325
Liver,"N-(2,2,4,4-Tetramethyl-3-thietanyl)alaninamide",0.023502080570075294,-0.005548620511946361,0.001989130963935034,-0.029087248095178573,-0.031981994952908065,-0.04310379755602485,-0.05263991691189528,-0.04715643427838369,0.022578338523628227,0.0046335771792278,-0.018341171759733748,0.03313056173262784,0.04058577578687159,-0.005606010979280202,-0.008244924025157143,-0.0057294937460954844,8.201885524784869e-4
Liver,N-(3-aminopropoxy)guanidine,-0.05654427365324827,-0.005888720190661699,0.00821243481783164,0.0016582798901909378,0.0019985372329792044,0.017424487079417544,0.015162056391433159,-0.008568785890809488,0.009869984033903078,-0.0019779875821201395,-0.006139677848563373,0.00910038401083498,3.0440059258347125e-4,0.004795735421760841,-0.007976764326242891,0.015708420621934012,0.0077166432928720205
Liver,N-(4-Amino-1-carboxybutyl)glutamic acid,0.027890624223712874,-0.0037411591452410297,0.02598151781403407,0.0029765755848431947,0.06788052141034825,-0.02084086023753952,-0.007269975230227882,-0.013360656249528197,0.04528369945711957,0.02119940734991492,-0.012636949903273822,0.01627117572398468,-0.01273414708302264,-0.02235153599957092,3.449699306422043e-4,0.01526269870779635,0.002087915923829387
Liver,N-(4-Carboxy-4-oxobutanoyl)-L-cysteinylglycine,0.04537952658259722,-0.012544851086769821,-0.0345766290618587,-0.003309224926404265,0.012891600983293061,-7.056874860838359e-4,-0.01055124534112795,0.014395981789301002,0.02427781623837067,-0.01305288541479565,0.03940579300418914,0.011138753981144594,-0.026510532499015686,-0.006277228275943554,-0.016384342434931767,0.016997181623570366,-0.049446343242789896
Liver,N-(tert-Butoxycarbonyl)-L-leucine,-0.022320424530002648,-0.030781005813307085,0.002588663795476044,0.047675000147727055,0.011658021235178286,-0.024404122756319188,-0.025927449299454768,0.008167737592753395,-0.05788382275665902,0.04003870809446079,0.005164526280858831,-0.012436671165822717,0.024040055438762052,0.021711928892014242,0.011357483258959378,-0.011673853310993043,0.013305593124504888
Liver,N-Acetyl-D-Glucosamine 6-Phosphate,0.02171223946650248,-0.031839311684391455,0.0038267146982400757,0.011100662425253155,-0.025147579853139812,0.06592388393264312,-0.0015592496917758124,0.013858158898646472,0.04578015057524725,-0.03764899641620868,-0.036200756463500905,0.0073138975851606315,-0.011050735700517258,0.0031756661945788953,0.003985197949390238,-0.017564047404672142,-0.008595639098933473
Liver,N-Acetyl-D-glucosamine,-0.009249237808697668,-0.05871839791889562,0.005247644424287492,0.01580990614691228,-0.017153830791516052,-0.010245247015192794,-0.046995784228963756,0.014618225418056248,0.001615077142889845,-0.021062245648648583,-0.04477350516886273,5.417348764929773e-4,0.01656566069406526,-0.0015106648063420906,-0.019584347238921166,-0.0028831430876634606,-0.0031620302714841756
Liver,N-Acetyl-D-lactosamine,0.029811335422350406,-0.02552953772256809,-0.01576154398203876,0.04096410880224102,-0.0017737554464262683,0.0252854749729612,-0.038869732866502305,0.005992922716985002,-0.016856086847016085,-0.030794599402639906,0.026125588142587756,-0.04076319188036561,0.017571604700472726,-0.025947575832928966,0.008042368833560461,0.03459498190350575,0.003013104952545406
Liver,N-Acetyl-L-alanine,-0.00658461543099122,-0.07148434222294744,0.016873912568286006,-0.0052549713159511695,-0.01749683866878128,0.004038555166497978,0.003245941593185815,-0.012404843750851052,-0.012505915628259683,0.009286561268163055,-0.009405523177593009,-0.009710580390875667,9.40358125219582e-4,0.0018455042564195685,-0.006205834454859965,-0.00820788542572839,0.01323170098521083
Liver,N-Acetyl-L-aspartic acid,6.7101557092127e-4,-0.0491589464184805,0.029608948905869896,-0.02348041304585429,0.012455551042778132,0.0619185309220398,0.0034350107862160515,0.015190654101921629,-0.025615601939423967,0.020065934478190203,-0.009156201139148928,0.010147172004789547,0.006240042779825687,0.01292802790259887,0.012811629004286815,0.00801671516878633,-9.136689026349867e-4
Liver,N-Acetyl-L-glutamic acid,-0.010531348194060751,-0.020543133831392214,0.029764894826215485,-0.01874964969537834,-0.009220092700403953,0.00989346853553908,-0.06843517294658168,-0.008059224303773255,0.022221990428741983,-0.0067940678199402095,0.0025566684305997423,0.0625463474780764,0.0010069744474326752,-0.012139085719361176,0.05496009302339047,-0.03898085481908522,-0.0011865860179986402
Liver,N-Acetyl-L-methionine,-0.019632445943010963,-0.06639859302381257,0.011889606331498324,-0.008820368840938751,-0.028738176310805056,0.005756159770021589,-0.005487089233035251,0.0021088824949071793,4.2201350937457214e-4,-0.01166246350531173,1.303255875276944e-4,-9.799082117829853e-5,0.0034003895809679267,0.011817823959661317,6.864961332143091e-4,-0.0150378655207573,-0.025763052838267034
Liver,N-Acetyl-L-phenylalanine,-0.0538206079843495,0.0014557172678191998,0.002491265747086666,-0.0028472085916808696,0.013822612131886177,-0.026644968061510753,-0.00584671198483583,-0.01085415284660693,-0.010659871849903278,0.012948227837659343,-0.005463466996378304,0.025050673791014163,0.02292117633525232,-0.01515319517937993,0.01331070090709347,0.007319163886494737,-0.0117651447267266
Liver,N-Acetyl-L-tyrosine,-0.043106874225777095,-0.024197793474532554,0.01196380916286218,-0.004637109544690751,0.03956333720497757,-0.016347411196849373,-0.017045194138792776,-0.0019331372132567967,0.004595854196358285,-0.02280421380761131,-1.3175435522493474e-4,-0.011976143282292425,0.011585356089104652,-0.01489443972437006,0.026300095368039175,-0.04831613416056217,0.029717128113659296
Liver,N-Acetyl-b-glucosaminylamine,-0.026145464990302215,-0.03638545071724292,-0.0060258980945115115,-0.03903109272503072,-0.008801506453789845,-0.010434153439486709,-0.009210874273811525,-0.01853648951741587,0.027082281568245794,-0.07237627663757619,-0.015664971063937477,0.009678285938169768,0.017763206629906422,-0.006310272729427149,0.023443487645653426,-0.004508238526196927,0.005005683833444722
Liver,N-Acetylasparagine,-0.04241229461323586,-0.003837341126594269,0.016092222231777906,0.01689759634167238,-0.0010471479387785625,-0.018777665217730055,-0.015865922970960015,-0.03707574469502,-0.031021257668200467,-0.0234581394784381,-0.00812087677907541,0.04330550953630787,0.03439737615202084,0.01822255823605977,0.015746447173365263,-0.03226635602431174,0.02424898632803845
Liver,N-Acetylglucosamine 6-sulfate,0.02206825048616713,-0.007140057235187716,0.03138010122692471,-0.03284909771974162,0.003480328230510629,-0.020397102022835806,0.0604637319171167,0.009301844052645739,0.004232559763742087,0.03174418827770893,0.03772504176733063,-0.03926243115661453,-0.0462304179191717,-0.018247460265842765,0.0014796485271100248,-0.002192180314207123,-0.011568524700557067
Liver,N-Acetylglutamine,0.015429949866245782,0.015839335485659228,0.014448513174318481,-0.0018236049183005187,0.040362045476998544,-0.018020079274937678,-0.06891650119653087,-0.004322578086160486,0.0224456043587141,-0.021605395245943713,-0.01152569554962526,0.029799788678440006,-0.0397232282767413,-0.05047449899761158,-0.0187386493801171,0.039980139196480254,-0.005143124868089642
Liver,N-Acetylhistamine,0.008850338111288604,-0.02040974462810531,0.01812020691454188,0.07467456564183482,-0.03743355212185488,0.01884241884020192,-0.0070182390171885135,-0.004766025995648819,-0.016707277487205043,0.028066492247315066,-0.02144702825239363,-0.012017956225730417,-0.009039039462965285,0.005613509225827742,0.005940846812403418,-0.012570736210459467,-0.008928916526200537
Liver,N-Acetylhistidine,-0.022481790276250187,-8.281071141429244e-4,0.017195224945841105,0.010830105355695828,-0.00693306091277245,-0.03228101608238222,-0.05620542467710363,-0.03642223469869193,-0.0528569161037941,0.004520331276549512,-0.027040910738192998,0.014043937787895117,-0.002487583673803114,0.05849039900288373,0.040503367686191574,-0.0015842488471757184,0.011272115047494478
Liver,N-Acetylneuraminic acid,0.019463926923046077,-0.025594886217721397,-0.0015805950735156592,0.019052389933452905,-0.05693836101987865,-0.001619852249615899,-0.021240006748441686,0.019416150044659835,-0.018697335034381982,0.018735727225625238,-0.03169934249063963,0.01144196057668582,0.07872909769770775,-0.009028232079451687,-0.00419197088015313,0.019135306352902857,-0.01059298514539964
Liver,N-Acetylserine,-0.017728355639402456,-0.041262207095324334,0.04358189765494224,-0.033057051819947954,-0.005906351834930852,0.041921810821767776,0.015308133848979427,-0.009701657516294405,-0.02905029643436788,0.00531367289968464,-0.005050910863515289,0.016784863087788517,-0.00874867619489236,0.005874217150562401,-0.00867086451790838,-0.008382145251229059,0.004401605238550474
Liver,"N-Butyl-1H-pyrazolo[3,4-d]pyrimidin-4-amine",-0.04851128822789487,-0.024819251477934928,0.00733595790772743,-0.006735425742501365,0.001111701879984141,0.03592804635724524,0.0010998831226491641,0.011354013638722208,-0.0043242749412829825,0.005309897982198379,-0.02271358264238437,0.028414788230299835,0.004587557206167439,0.0193641259198133,0.013006689686418108,-0.020342072331826576,0.0018515107034390505
Liver,N-CAFFEOYLTYRAMINE,0.04408038449757664,-0.015256673925638993,0.011078980938279493,-0.026123558187654893,0.008463074398701424,-0.02490453647632648,-0.04126446137130568,-0.023330998204417377,0.03156053127416808,0.014518023144869344,0.015301520719851603,0.013953165791712288,-0.015342544122539015,-6.493473034764722e-4,-0.005777765962326023,-0.010227507902591932,-0.008588368608744653
Liver,N-Carbamoylsarcosine,-0.009582471113920363,-0.051419433266110065,0.015108081179681015,-0.0020240209483578216,-0.03517813608718058,0.0393805706457467,-0.04245573661033413,0.006055430868089085,-0.027317878919321945,-0.01611880111641687,8.466547973384278e-4,0.0266250650995815,0.020355052957840625,0.018013984660670022,-0.009201790888120471,-0.002028838845545627,0.03454259346388996
Liver,N-DEMETHYLTAPENTADOL,-0.022094607679334948,0.03933372311143235,0.007923020943734574,-0.01321082367638231,-0.015394583055103947,0.030671474203697993,-0.031220864781747116,0.0022794725018330125,0.006614246103647421,0.030527882219921528,-0.03971793998961698,-0.04893005189199436,0.004826271499225313,-0.04408079408430811,-0.00740150711971883,-0.04897849639914739,-0.0012729289759041576
Liver,N-Decanoylglycine,-0.02537989660458185,0.014097143304636958,-0.022565310406069277,0.015109463521995806,-0.008926273373091664,0.014624732699290396,0.02715429014480149,-0.022617854083267688,-0.002945413600072962,0.01414734524303829,0.015469284131853939,0.05089811306910255,0.07110850773459768,0.028086817908664526,-0.042729312462615174,-0.05775591682955942,0.00799377276881658
Liver,N-Ethyl-N-methylcathinone,-0.008570497477808633,0.05875430096793456,0.007760455128701765,-0.04993326016044742,-0.013449118993874706,0.018450422728464894,0.018880970688661024,0.001470784807458065,0.005012047294922282,-0.00743413791768755,-0.024368759744948735,-0.005928616595944235,-0.005845524695959378,0.0018067989270231777,-0.0067812651445131305,0.009882042523531446,-0.011606477627485788
Liver,N-Glycolylglucosamine,-0.02137338063876058,-0.028418867377316304,0.010125979385708465,-0.033033669936472464,0.005996976037747797,0.057660004236986306,0.025845247714028536,-0.005976555426138647,-0.0016485771512635273,0.015341847641670776,-0.036794028085177045,0.03227001236753896,-0.016732832352308397,0.00996528086939293,-0.05114326824840351,0.040778841851781336,-0.013979988955862752
Liver,N-Glycolylneuraminic acid,0.00804314682205777,-0.0520398717636206,0.013157039076081753,-0.028803568211056486,0.011862902726101271,0.05737368432788783,0.005403941926566864,0.014554835028674832,-0.02610076035054115,0.022956901546981472,-0.01851349556954684,0.005885194675689539,-0.02522074523899998,0.014929573534436056,-0.011186294290471016,-0.004813265508950329,-0.0015459166381966772
Liver,N-Heptanoylglycine,0.002031331332001478,0.026672366357414153,3.2401517150134755e-4,-0.03298596602346748,0.012877694938583222,0.0018567532241936476,-0.03050938220778218,0.03837942555019567,0.014830147971008956,0.05569209171927202,0.024895741526196627,0.03688380210596494,0.012361282522335433,-0.08042558970346161,0.03128269772648091,-0.016200084445179643,0.012291185986705332
Liver,N-Hydroxy Sulfamethoxazole,0.04183255416510757,0.0057131010075946505,-0.029877903816569778,-0.022547035894423917,-6.921024566447002e-4,-0.012088182210335028,0.040916434968982694,0.009958556182009488,-0.0030447558153097816,-0.01758224806733677,-0.04406430028774193,-0.013598994615297358,-0.025642545062879683,0.021923595211339283,0.0075538183983295355,-0.013458405600920272,0.006285886346445422
Liver,N-Methyl-D-aspartic acid,0.0070649589883598415,0.029937514710329124,-0.06692909859280939,0.01717765524688799,4.8337770320536986e-4,-0.01846592897049455,0.010657253909761836,0.014611855533917105,0.027012904947664514,0.013931267838377198,-0.008804506109046583,0.0029352814798509082,-0.03246055391573358,-0.012975298319873048,0.011415968531746992,0.014702840289599946,0.021085616569720283
Liver,N-Methyl-L-isoleucine,0.019442910013215665,0.005357484355375345,0.04255753874605812,0.009842176540222033,-0.025247984995417472,-0.03161772145283076,0.056174763799749304,0.01632231771974796,-0.051935009116881786,-0.0021912616872854043,0.0011279455537752663,-0.026486806612270736,-0.021488652899056392,0.02787218732489099,0.010107532056998074,-0.00246064801602744,-0.0078608938197832
Liver,N-Methylethanolaminium phosphate,-0.027748395034389986,-0.001880293768918801,0.0434373304513016,0.011560436041046685,0.004683797058729046,-0.0031743741201189883,-0.023944064211900505,0.04292426438612279,0.027947059004880904,-0.004780316471410832,-0.0026788351890723967,-0.019871790681918383,-0.07404317570410375,-0.010147473178240423,4.270842610028587e-4,0.03045254962981905,-0.006905306199419804
Liver,N-Methylpyrrolidone,-0.0038926266380082592,0.029505141016082263,0.026625986542498117,0.0431772476189565,-0.008155515748444305,0.049230408418291335,-0.012235198920734228,-0.0587055813082178,-0.009195468881968184,0.0013942301051100994,-0.011795556598025366,0.0245770107268719,-0.007283454570679953,0.027839449827195516,0.03799586050831699,0.011660343364007272,0.050231769352406266
Liver,N-Nitrosoproline,0.0351815127648856,6.562918121876963e-4,-0.004528814781528275,0.031582815049113866,-0.006046135265045166,0.051969937814961766,0.051500926225396954,0.02352684097611343,0.011564951338618002,0.008825320994172377,0.02716847844093119,-0.00883919761924797,-0.003172413701150316,-0.026033453720233933,0.026779990577881857,0.001449477227667851,-0.021058486435655756
Liver,N-Nonanoylglycine,-0.01673434789067915,0.0473456020878792,0.03681373588581907,0.0016229146884341994,0.03941550109452276,0.020900948491583617,-0.005354580918751039,-0.01828911918214204,-0.03474862526504952,-0.025004653832867353,0.002239889685551134,0.019152549480761154,0.0010836247983399756,-0.022195628875341673,0.0063322531254443514,-0.001951093149570781,0.007964139274789929
Liver,N-Palmitoyl Glutamic acid,0.04546190469019778,-0.003812528180709777,-0.006264333776265248,6.985057745422473e-5,-8.1384206040758e-4,0.0020633622004838682,0.041966011638917326,-0.0322041868103525,-0.025712786476746175,0.019796521000853412,0.03621067133786262,-0.02963280516741383,0.026070814335285908,-0.0014948890205165137,7.571425436742223e-4,-0.022062241970456933,0.00707011537411092
Liver,N-Palmitoyl tyrosine,-0.014280625957905756,0.02455660202472705,-0.033834188631478274,3.179612888789512e-4,0.02112596258352201,0.055985554001490336,-0.028472631045687133,0.03952894011949767,-0.012010209252299972,-0.015077088088920686,-0.0033629426603612165,-0.013229057212750856,0.011831930455750827,-0.03706749481633561,-0.049227165772297354,-0.04272960326608544,-0.0120398247815567
Liver,N-Undecanoylglycine,0.005503030391078536,-0.012129506842033526,-0.0033584964970534803,0.02392046653129436,-0.005714804167014508,0.02774692680362382,-0.010300160020637049,0.03931905021435672,0.003834300667857717,-0.05825674758105532,-0.006436202635172906,-0.034257461556823986,0.06211392218015104,-0.08086800867062838,-0.03479188169524561,-0.025474102905518457,-0.018312048250602897
Liver,N-[(2S)-2-Hydroxypropanoyl]methionine,-0.036859470154626844,0.01685051157986189,0.00782924170681348,0.03904457921800536,-0.02625535337156399,-1.3668926585665313e-4,0.04383103468155941,0.01574179988526533,0.041907966170834775,0.0030440312926259985,-0.007182234596798151,0.026566759051096907,0.002399842775495553,0.007040271189122023,0.0017910265818158458,-0.030694431088326996,0.0036356571068805665
Liver,N-[(4-Amino-2-methyl-5-pyrimidinyl)methyl]formamide,0.01063693691398222,-0.01823818305812755,0.019608794325486324,0.07860152776845533,-0.01873190703977717,0.022896721623428175,-0.013815084169740349,-0.023286681876248386,-0.00740757173018819,0.02393212234949788,-0.024685641994436312,-0.008450263139647259,-0.006022812095345597,-0.006253827101801827,-0.009587633860285376,-0.004079294884662641,-0.00489795855397422
Liver,N-[4-(cyanomethyl)phenyl]-N'-(2-fluorophenyl)urea,-0.026513489247212786,-0.04823477656905702,0.004383738759918252,-0.033678939317550734,-0.01945118260853331,-0.014395878118844395,-0.0022050306782517,-0.0023758033179131157,0.02116402546972533,-0.05798464302764429,-0.007928922890554399,7.605647673210348e-4,0.009562947904625387,-0.00547988510274004,0.012271596704234703,-0.016434372411140843,0.006774444567944767
Liver,N-a-Acetyl-L-arginine,0.017236772300313553,-0.02965057281316413,0.036761445846959985,-0.02995174432675369,-0.005062833864929209,0.06669400585612216,-0.02728563225299722,-0.004759017745329541,0.003820915485223122,-0.027074889731864154,0.01655929911922109,-0.0017780833239351148,-0.013099957978495575,-0.020003458252308034,-0.0016746641314255653,-0.017451471039927852,0.007550246149457103
Liver,N-acetyl-9-O-acetylneuraminic acid,-0.006671859967023918,-0.055463582583733094,0.02228050367687128,-0.041622228813361535,0.007619134914138094,0.03562122292633064,0.006729087057849119,-0.006185095855109227,-0.0253276467666094,0.02697378598774521,-0.012981881319591021,0.012128836191946626,-0.005100899199697918,2.0352877433057707e-5,-0.004991325731309643,-0.01155708968429347,-0.02045952645983494
Liver,N-acetyl-L-2-aminoadipate(2-),0.03669012528773497,-0.0023779711397371823,0.031231145075688936,-0.011765347531531883,0.052159545717108756,0.001410128447571096,-0.002665907242780433,0.012939110236711553,0.009893121958372967,0.0042669606090024815,-0.04876296190582973,0.019351477339802775,0.016301315924672686,-0.0028859268677286004,0.033633327132520936,-0.0056148903309418,-0.012306417149949503
Liver,N-cyclopropylammeline,0.008326627794297183,-0.028095040191466268,-0.030330011535985277,0.030963659828104274,0.0248373743231857,0.05004586648269837,-0.03560123476412811,-0.005853635660075066,-0.01275865488719059,-0.01771509450130746,0.013097160296540749,-3.2840919717786024e-4,-0.041740654005896584,0.03979841623662483,0.03154239589352533,0.04224714654753303,-0.03322206945100385
Liver,N-ethylmaleimide,0.019182014298518825,-0.0210906941842308,-0.011492434143861781,-0.0042055661178999225,-0.012135605672142464,-0.020506730018252123,-0.07395569389685312,-0.016328169586700605,-0.002389795783078788,-0.021191435429811292,-0.030015653277460964,0.014283046015357966,0.04348900598354657,0.06091880346980243,0.01125456545497266,-0.029371857088850477,0.0012481307281964754
Liver,N-methyl-L-glutamic Acid,-0.0041389181527860695,0.01235002732607679,-0.0741457043745819,0.009235521827020126,9.628668070494004e-4,-0.02522527925171418,0.009730558170649443,0.005275520568324886,-0.003059365228402483,0.03710974229977055,0.0014675110488819355,0.018349498513488296,-0.016398970239024546,-0.024007381402452097,0.009089949655242444,0.00920694987899159,-0.0015476603940767757
Liver,N-{4-[(4-{2-[3-Chloro-4-(2-chloroethoxy)-5-cyanophenyl]-2-propanyl}phenoxy)methyl]-2-pyrimidinyl}methanesulfonamide,0.04085844458391266,0.0016819316715862701,0.011822655778721547,0.01984295030574955,0.005711110403219302,-0.0025965159540730334,0.03494903470322843,-0.0204798554528625,0.0053989808260581015,0.027288850371298898,0.0077681672201239185,0.03178531905469275,-0.03197446538404529,-2.471465780815058e-4,0.07155019022935624,0.023983358278753537,0.02836534826056418
Liver,"N1-(2,4-difluorophenyl)-2-[(5-nitro-2-pyridyl)thio]acetamide",0.031297387517592846,0.03306520491916145,-0.02928531380837281,0.04176238679277865,-0.010763812439430904,-0.020135517107734487,-0.013378755224653142,0.013968526284881664,0.02321698077411513,-0.013190287338653546,0.03442315892684744,-0.014991291918017915,-0.014390707123747183,-0.02181788690192897,0.014441368677808883,-0.018713299889207124,-0.013691065810160757
Liver,N1-(2-Chlorobenzoyl)-4-[2-nitro-4-(trifluoromethyl)phenyl]piperazine-1-carboxamide,0.019877215342453392,0.03466229462225269,-0.04573977608091816,-0.010756255042663311,0.010553874168326694,-0.006782409990478801,-0.011604868978251855,0.015188721420375322,0.03190878335493337,0.01282799267511163,-0.0015564754528006848,0.003511492123141632,-0.061875561074064965,-0.048736932739367564,0.00534831851870275,0.00423105062580771,4.5480459435526813e-4
Liver,N1-Methyl-4-pyridone-3-carboxamide,-0.01281116150854297,-0.03661175053347727,-0.05214238307785805,-0.005685815873360788,-0.0049472031139253135,0.0017201949000116687,0.005009598141018937,-0.006129340669174585,0.004914215038617622,-0.04220980872270413,0.021779798290304575,0.06287857291222357,0.0010347576893454404,0.017844676191739087,-0.018863647584948056,0.011928212418112967,0.0151388691657825
Liver,N1-[2-(4-Pyridyl)ethyl]ethanimidamide,-0.012618794528542454,0.04146482053375544,0.018202764138186278,0.053861765954241476,-0.02454591892884391,-0.00331826674007651,0.04344835089506961,-0.0198126357327479,0.006146793705895375,0.005008397076840154,-9.620602865145055e-5,0.013739404703754749,-0.04044674053118736,0.003369779394148093,0.0036871572246442723,-0.0037531373668922537,-0.037867407393025146
Liver,N2-Acetylornithine,0.01679856001820908,-0.0068613346215719954,0.02604400259556636,5.460797174924158e-4,0.06811410639948279,-0.035734977954207416,0.016466610402768332,-0.01535467867685617,0.049601355187936215,-0.02234364952594104,-0.007920428300048337,-0.018573500702952432,0.0013051091432925654,-0.017271741114045346,0.0239360933465985,-0.028734716426077805,0.01042152654580031
Liver,N2-gamma-Glutamylglutamine,0.020259693863804,-0.014828211300224124,-0.0016018647476794302,0.048348287482146174,-0.009201887645236042,0.03446267479066994,-0.015162342151754576,0.0061790558350363345,-0.0477992792319719,-0.06303145569918997,-0.018713819543205525,-0.03004912684892209,0.03613301451086667,-0.015852736133570165,0.018883607225756226,0.005792934890042886,0.014253203514979175
Liver,"N6,N6,N6-Trimethyl-L-lysine",0.012783223644322416,-0.008221541083382435,0.02510903758530144,-0.011557988750529873,0.07683494655009714,0.028507611400284592,0.025444416826289534,-0.01686905650408601,0.03785213550011734,0.02926361172839047,-0.009949246997439687,-0.0037167273772776683,0.006117685150767591,-0.023105718826786414,-0.007192034784471551,0.004389844136229244,0.03149234566146613
Liver,N6-Galacturonyl-L-lysine,0.0026140474353857253,-0.03572621981709773,0.020445283932906642,-0.03437536270389442,0.04969463220603447,0.0365294889055679,5.057014536307903e-4,0.020709949053131397,0.03678867779056874,0.017641873045803325,-0.018840805170713633,0.021033837665334232,0.025785136854693008,0.0031424735502502896,0.038417576188125975,-0.022823766161461728,0.005226879111536994
Liver,NAD,-0.015053764704982455,0.06399094288365716,-0.002110006247445766,0.0212893611550635,-0.012013710468437432,0.014120774244015664,-0.01769143013274319,-0.021290652238294024,-0.014464773264064534,-0.0010860933881650541,-9.660415069419399e-4,0.015229373678211297,-0.04239091933577861,0.002553637863880549,-0.003562961288613394,-0.006214074008133333,-0.028884803267265228
Liver,NADH,0.011508633662254221,0.0038026836664634116,-0.01731121727508509,0.032980870609580194,-0.0035838095539328877,-0.01428762018969614,-0.0436807214580434,-0.01345206834393482,-0.010141066968300654,-0.044695367429368145,0.024445984724345816,0.0490156753103493,-0.08197320833842221,0.04496976952406199,-0.006567057914268327,0.018158173500140533,-0.007415021839108711
Liver,NADP,0.02699457069625968,0.023505292655755544,-0.0015595504604560381,0.024162176182658746,-0.039667825840395084,-0.008235935677947203,-0.047665346707529414,-0.05438641067947293,-0.003572388996322246,0.021118601529474618,0.020528655402500023,0.031002222663104984,-0.014629248755814598,-0.0279002485708377,0.010652708308725771,-0.0010448134969691936,-0.0028857450590187477
Liver,NADPH,-0.037640077620926055,0.03339641627817484,0.014863074633323469,0.033900331740041936,-0.0198515283556119,-0.003113238620991306,2.503976667736245e-4,-0.03461015098320661,0.01966721735980934,0.03159814596332047,-0.006503133842948744,0.005798888545323006,-0.021983883798439227,0.013259456682222693,0.014324741500074286,0.024918122838557464,-0.011852152299948874
Liver,NP-004713,-0.020671098599021467,0.015150082249533818,-0.019919752925268604,-0.06214077485659024,0.016782987846183813,0.0492826083166618,-0.005123490900004839,0.011712545583176045,0.013509465537246303,-0.01859044920856465,0.016051833385761806,-0.022044979677459768,0.014219548319182991,0.00817233463674457,0.014507533439954,0.04349134381307662,-0.018806937529028598
Liver,NP-008993,0.00809374071916833,-0.002649705341911963,-0.06225996106256499,-0.0015679354905228688,0.020830794438588603,0.017998412459550337,-0.032928699877046365,0.040549568996960356,0.01215062017646594,-0.0176473517782335,-0.00810155807934113,-0.044269563698038715,-0.017759560064057395,0.021199218972635252,0.030221000922671454,0.011748719999401335,0.020405197681616208
Liver,Naphthalen-2-amine,-0.014059123100672158,-0.055100732785898415,0.020258412751028472,0.005336598710964477,0.013458130151212208,0.02930712689789587,0.0037055167855846566,0.053097549266138924,-0.018911419963882188,-0.01197013115778293,0.011878193346378357,0.03470185224853873,0.007438443426835316,0.006569044276630213,-0.0021854760018562383,0.014650581083825722,-0.06789144217451067
Liver,Naproxen,0.024291315524810578,-0.0069854752002853964,0.027681935027701405,-0.04100231932936991,-0.04403541216777113,0.028882403982285677,0.01605465129899207,3.497939866261197e-4,0.03999019251538058,-0.032451056399610254,-0.015373029197478091,7.313278647159396e-5,-0.010608879059428375,-0.04846639694299382,-0.01574572850285564,0.0037113856066623018,0.0502815666999992
Liver,Nelarabine,0.02404253398255037,-0.001692276274598462,0.016360115760239134,-0.006701664537654535,0.08309235746639153,-0.008424156670030917,0.006756496895122859,0.0013278009810048896,0.039491301792185574,0.023924799927445808,-0.004955967501859464,5.506017104440276e-5,0.011484402482685006,-0.006847367369989374,-0.001737313928318839,-0.011930317952025555,0.007319364727013366
Liver,Nervonic acid,0.033707864711684625,-0.042322269112086926,0.013516576861763165,-0.02574468605732458,0.002188686490656838,-0.0031426220480319836,-0.012867252830142778,-0.025048382412001753,-0.01892206663771718,0.01675575571428589,0.049104130551393586,0.0080667143544758,-0.010486727893463721,-0.03372784819582206,0.015022051927095416,-0.006653574169800151,0.028543236212982104
Liver,Netilmicin,0.005684003886479796,0.012816760284292957,-0.011845642376177894,0.030013871995186386,0.030507742541407135,0.035670595548923024,-0.0510766033313638,0.0487402961306824,0.025439448652842273,0.012213274345203732,-0.015929943234179494,0.014989988745039658,0.017889968671231413,-0.04968303260249633,0.019353418602645868,0.061526495176540366,-0.018522215113547187
Liver,Niacinamide,0.0025841147990741864,-0.018406489078442483,-0.0552366285078121,0.009557594736770425,-0.010647602020586604,-0.031471615062719484,-0.004434538943503292,-0.006584414616422186,0.031365469408216815,0.07042288336889004,-0.011627649785008623,0.008512512457219878,-0.004408019136404371,0.013176282235013395,0.010295715465084534,-0.04701099766221039,0.14132785074868248
Liver,Nicorandil,0.023575443590516224,0.01735006837613329,-0.05256500384528172,0.001020290779003473,-0.012473622598959061,-0.016340976695793225,0.015982844271589313,-0.02958114117268219,0.035049851633216944,-0.016279390974347427,-7.27845902657681e-4,0.01870084909193818,0.014681591593290943,-0.06092264938097818,0.023560286040691603,-0.013829436551844022,-0.009288001240248901
Liver,Nicotinamide,-0.023061900099981335,0.05752562225492911,-0.006903025300714408,0.019840009082634558,-0.008791223791203461,-0.0011515055543166797,-0.006725119084270729,-0.01092867638524695,9.865695351215411e-4,-0.014638341668070742,0.013624316608294412,-0.004247725706822749,-0.03532726093254943,0.0024298699907777605,-0.04113337560144727,0.04620736924070732,-0.011473074571810633
Liver,Nicotinamide ribotide,-0.019185862215566007,0.009045023345814779,-0.009324968456563113,0.06643692592831964,-0.02135740753852266,-0.04552518756600637,0.008575056910581448,-0.005379498209081029,0.011994437438224063,0.039626487373702154,0.008689316731575329,9.347861649173287e-4,-0.04217037387685614,-0.008833377634073044,0.010108430171492709,-0.0182089729662902,-0.001377484702051527
Liver,Nitroglycerin,-0.030219697431618165,0.037536454808964045,0.02823257184967425,-0.01991907218633072,0.009096724475748432,0.02051563815657027,-0.021340173206021527,0.007019298498487639,-0.045208281953580086,0.007221188700368208,0.01072535148636516,0.028960857173822047,0.004388510982343415,0.0010874725414366274,-0.04551236707830602,0.02599838679682309,-8.378980107981251e-4
Liver,Nitrosoguvacoline,0.003347135225485794,0.025943523952636313,0.03009788438990073,0.018264807089521582,-0.00461813015381842,-0.04716919895631153,-0.012771754787154884,0.013641336801951336,0.013098988926176487,0.08642949434101252,-0.021362441894644084,0.0019713295172791943,0.0334938120243232,0.013565650580809129,-0.014398242234284606,0.03594206406917325,-0.0032395415179164557
Liver,Nitrosoheptamethyleneimine,-0.00893856990721485,0.03897577335478028,0.02742796981807629,0.03530209797981919,-0.0325877301552808,0.03000273496189457,0.01137885629743982,-0.017915592079017,0.030208055478209338,0.038573729450446646,-0.00988313833120927,-0.01668868975911906,-0.022643543795630883,0.026349573055536892,0.03931536255599968,0.026514954678434965,-0.06048844531023424
Liver,Nonadecenoic acid,0.03935176217257007,-0.017888702755951665,0.02514310835839242,0.009898701079779653,0.03869133034801236,-0.02746103029383052,-0.020574551413164416,-0.0235383780103649,0.011652304126034041,-0.012705244327985142,-0.03018348998472277,-0.02076241957997211,0.025051233731292952,0.023950842304003902,-0.002872581347107211,-0.015045344334014795,-0.023248891501076056
Liver,Nonoxynol-9,0.007285809059885192,0.0014167573123996511,-0.004143848598960363,-0.02021635068858899,-0.005060502385848644,-0.01180569338933867,0.006453012978948973,-0.01301327763533427,0.07331955271923986,0.018269658039962007,-0.013588541195812074,-0.0061908339736642184,0.022691075034055135,0.0030998375478057737,0.01198829931182956,0.12507737661529433,-0.009261914611410323
Liver,Norbuprenorphine,-0.027649917378381843,0.007995386461780657,-0.006904958725247336,-0.037264173279371066,0.05754787303130358,0.029539562137783606,0.01597681409109936,-0.0154541156561256,0.008686204185056888,-0.022381706970158094,-0.023978839489692618,0.04031677510240768,0.02941693942625161,-0.028084031925807725,-0.004629890788773505,-0.003234509830434817,0.006026384332946247
Liver,Norspermidine,-0.0016413058135372532,-0.053373479416447975,0.016869178458903785,-0.0038937341908114797,-0.02153637116187388,0.02038720363187513,-0.003993166927256892,-0.00520688002895845,0.04606233667556036,0.03294247874455097,-0.03694620858252835,0.040949681205991455,0.03110513867329465,0.016978016741587422,0.017503145135701625,0.008497385787646477,-0.0032055176522425553
Liver,N~2~-(1-Carboxyethyl)-N~5~-(diaminomethylene)ornithine,-0.0049725304942959065,-0.03810292515017462,0.014185921472155548,0.022172638040671915,-0.011187854934460171,0.01782437431687008,-0.01396741306959591,0.0032786857715577274,-0.00651652811170636,-0.0734267630329212,0.0080489148157353,-0.021690639789350364,0.044585671765607404,-0.06891609449009564,0.018973589880644945,-0.017315091367061722,6.580141393697987e-4
Liver,"N~4~-Carboxy-1-(β-D-ribofuranosyl)-1H-imidazole-4,5-diamine",-0.015424050905144928,-0.04864129348110926,-0.008062758845294468,-0.05721807154054737,-0.02314091905393503,-0.004700928369859328,0.030337480047061886,0.0014251387561016193,-0.0012299718778868928,0.017070194002227264,-0.009179839008225717,0.010628288509943084,0.015315976021182348,0.014425903341250481,-0.009178900271563685,0.004330040583596873,0.02799379369263729
Liver,"N~6~,N~6~-Dimethyllysine",-0.006401652750279207,-0.041643547492239294,0.025952255198309775,-0.042781150576641114,-0.011233284401423564,0.055209000821647494,0.023630677701186185,-0.009751722334910833,-0.022702786984737378,0.028785280577023606,-0.008064730807927587,0.0018415794620138916,-0.024112616633083468,0.007499931087401523,-0.015843445526186002,-9.793744143180843e-4,-0.0013790578894991583
Liver,O-Phosphoethanolamine,-0.003167593873763049,-0.034561846713403094,0.0525610749457945,-0.027291030058396896,0.02424933887875355,0.032451996675758675,0.03941433450187594,-0.02231898864068575,-0.0174739825083709,-0.001177346902729996,0.016626275038997676,-0.01280094324702519,-0.009071927344451464,0.005116392816775495,0.008745367965184509,-0.00459157931298933,0.01185681360911446
Liver,O-ureido-D-serine,-0.03588740951114247,-0.00575535603981796,-0.007809563165966169,0.016877001316956255,0.0010708685663467653,-0.018475505321477455,0.020458059047199176,0.03569003653554712,0.02875841171049481,-0.027986615457911878,0.026753285682477434,-0.00554564877928727,0.03477649934420358,0.005876527428781921,-0.08396935338644472,-0.01899202439842211,-0.0018711130741441444
Liver,O-{Hydroxy[2-hydroxy-3-(stearoyloxy)propoxy]phosphoryl}serine,0.04785904611382348,-7.299591924301658e-4,-0.041910247769497255,0.007476350906177694,0.01152788747521503,0.00726205431815045,0.01732000385032368,0.006395850334021969,-0.003672879841344588,-0.010742859992307254,-0.01837107374472516,0.01089779895963463,0.002479476467653882,-0.014671681637035607,0.01747433438332121,-0.002498119516735836,-0.0267934465226767
Liver,ODA,0.02754998578843839,-0.022611026721998568,0.009811212477678596,0.03731653990257085,-0.015614207362268208,0.03169027083313298,-0.04493186011155916,0.02406595262878144,-0.04483901104792075,-0.00784094934789668,0.010313054236232482,-0.036814595365490005,0.008524012891706923,-0.016649235229568807,-0.013131820979667315,0.03606909556015241,-0.0061783773891150385
Liver,"Octadeca-2,4,6,8-tetraenoic acid",-0.04149963475493537,-0.003356578080976029,-0.028780266446230367,0.012828687679227353,0.04249143954289116,-0.01149229438433979,-0.014986718594933536,0.014595551218839773,-0.00529624373919757,-0.023524285223834897,0.04069803542647094,-0.0208121852033146,-0.007991314230990296,0.005668335115509966,0.026440610240758958,0.004500888888760142,0.023127784019925515
Liver,Octadecanamide,3.712645524378693e-4,0.05525830787128513,-0.011384630783962492,-0.041069114276660004,-0.01796846944755855,0.009623846596242219,0.01571534978434198,-0.02051934344867268,0.021036573802791256,-0.018074311092849123,0.0036194501387565568,-0.04959807180800933,-0.010202727561003907,0.007107318498510807,-0.028150753625008268,0.008632279985387828,-0.06720848618238694
Liver,Octanal,-0.03636868358717496,-0.012525858024572718,0.006046763708805589,0.023625042516942724,0.04360524063514943,-0.006545512739687393,-0.030733197831132996,0.030020065870227774,0.014774665077899898,0.02813638013144741,0.006776254254902124,-0.028783825962351867,0.03926549212847652,0.003633767195408364,0.038370244543238556,0.015200074162273118,-0.03371043184064823
Liver,Octyl hydrogen phthalate,0.009951228846447271,0.02841596758665861,-0.007039264048775209,-0.01805144705082607,-0.01279139393862011,0.012037599673171846,0.03957567016649053,0.05064130842607689,-0.011649300249497244,-0.007569042149236801,-0.06931627266473016,-0.030439247405092688,-0.008303257603166166,0.0017125829718557897,0.06692601471095716,-0.03323385559054314,-0.024136095689482776
Liver,Oleamide,0.004425707597481408,-0.0029428566924066665,0.06028800115246359,0.007245894711818199,8.110987885363549e-4,-0.0029034843216710214,0.047635969092970465,2.478993629519819e-4,-0.022185325293580745,-0.0033913762974419515,-0.03406096208926903,0.03704236102718359,-0.031102839729795,0.024999921462053393,-0.051198988749523604,0.0017386611524594939,0.006553875270517674
Liver,Oleoyl glycine,0.04926079118937715,-0.007389393629963184,0.0018994600598347072,0.007739368908402219,0.0011293729635388455,-0.013048478524707786,-0.009134409851128135,0.03188984289459552,0.00478610768181077,-0.00494265063522115,-0.013689970470592032,0.0027296308673545036,-0.06293465118457071,-0.006614489240116483,0.02175557805492754,-0.007866751519108383,0.02001865142351687
Liver,Ophthalmic acid,0.004017344416503419,0.013750205540859994,0.022482867447310872,-0.0055940322705628045,0.04731680577130813,-0.01165654610897474,0.016619588935159347,0.0569469394223395,0.029380455978976285,-0.032710453621570566,0.020962631127322558,0.013284155278900488,0.02782848565481974,9.003589586694121e-4,-0.07086225692769842,0.051543977299288515,-0.009028614522734651
Liver,Ormetoprim,-0.021675684158678734,-0.004040502089660019,0.023966844691088698,0.029136395550348256,0.03034437761983685,0.03528096933950762,-0.0016636554050957688,0.01470640450065925,0.011930851870063867,0.00217538265490514,0.0692153848366393,-0.04324233126400229,-0.0541750795438553,-0.0301370180904895,9.18751497422432e-4,0.01108149057178562,-0.05412013561408984
Liver,Orotic acid,-0.02348668981348877,-0.035710115820517925,0.028253615321353873,0.011400913587775896,-0.0010808998140916534,0.04759186834427899,0.035895826315473625,-0.0268045909955548,0.02280581247138839,-0.03162810958377713,-0.018942819096062075,0.01653891555040212,-0.015127584155282566,-0.007533538657455047,0.007209985836486706,-0.04297047321677452,-0.017557972709694964
Liver,Orotidylic acid,-0.0017259266669006075,-0.020649178822174256,-0.04572349709629104,-0.04071603741183402,0.019132581847260285,0.00585255105856724,0.0335017436163096,0.044709147963363643,0.03399075217042154,-0.016244652013851436,-0.014355455756763167,2.204193269955078e-4,-0.04667610224477105,-0.024490951240190743,0.0028274520338999257,0.005455409859455246,0.019440667047498653
Liver,Oxaceprol,-0.013583419474084221,-0.03294513516172454,0.041257815062824506,-0.008777721728263523,0.040381456654056146,0.02232393290703989,0.03244488690719971,-0.011332904969263553,0.015061143984432371,0.0509187068667444,0.0048407518599019594,0.03894454772024003,-0.01642690495206552,-0.004687344929319096,-0.015486676364052944,-0.0025957856565459424,0.03672750485948774
Liver,Oxalic acid,-0.0038738568535502107,0.05527799205529613,-0.020768905173582104,0.025316954858548176,0.0012234782378803277,-0.012112769614127489,-0.02613400467441333,0.02318373917932771,0.04040963392452565,-0.015165820931273995,-0.04285086379540375,-0.012404746930206784,0.01651723175190395,-0.011312816836590368,0.017696337148011866,0.021508674924387645,-0.0038497415631439207
Liver,Oxidized glutathione,0.053516935414061106,0.006644946698254317,-0.012534667235654485,-0.006584228444351844,0.0033657167209195935,-0.00872693280087417,0.016403260777617806,0.011545378010865909,-0.03182293350318242,-0.020228879150294688,-0.01150687166923405,-0.012766602815314589,-0.013779815045304905,-0.00640943783046414,-8.781026057154853e-4,-0.01344554807787326,-0.012631075266950778
Liver,Oximonam,0.05059564034109414,-0.002463726969881621,0.011434270554823867,-0.002009405237976514,0.022740152269125975,-0.0036765273821510076,-0.022440765273113446,-0.010230996533801686,0.004206606357793641,0.03241530063963312,-0.002034531561420058,-0.028117221321343342,-0.027712730784227903,-0.024019746717366574,-0.0034676270283701227,-0.01167814442062125,0.0028968758403285742
Liver,Oxoadipic acid,-0.0068510695294535994,0.026990882840883704,0.02704766031437185,-0.014164828094077306,0.03845807076693138,0.010300972237811566,-0.05524666315526054,0.00855579024309596,0.011315294877033625,-0.05524105137504435,0.026246032982956233,0.03438959905054188,-0.02980006429048571,0.012122521209458085,-0.0404266371938207,0.018251725857881495,8.74157807649009e-4
Liver,P-DMEA,-0.0026685324219017843,-0.007094034517981473,-0.03557433587465439,-0.06280887618974967,-0.02444047443970549,-5.699680166190886e-4,-0.028306127731088277,-0.048641249342937475,0.002233858119569515,0.02093816289911913,-0.03634115948275103,-0.0029849785207484653,-0.02703162034392936,-0.010099130676928268,-0.0072003137597405715,0.00538336607929403,-0.006816391490346445
Liver,PC(14:0/16:0),0.03441530602213379,0.011404962118441319,0.021461450759063472,-0.0027848593475953746,0.028787129705902918,-0.0026036899449232154,0.045849848281407396,0.019040112062872913,-0.04148059661780122,0.009557539154960814,0.03614780481777987,-0.038068123940535326,0.0070506007127170605,0.008290237926618486,0.03042533823499833,-0.03725443587270824,0.015521035946977192
Liver,"PC(14:0/20:5(5Z,8Z,11Z,14Z,17Z))",0.004188621520621784,0.036328932109864834,0.01723146219523411,0.00730695509714862,0.01473593285705797,0.04026195629361856,-0.04433412415277539,0.016249953327907955,-0.012271355700104234,0.032207797174944756,-0.030268955873530158,-0.0592221204162655,0.024820649353124485,-0.04666558651059723,0.002961681614602997,-0.03275289796169218,-0.003269608956737169
Liver,PC(16:0/0:0),0.03996066179376512,0.005887985987256397,0.008956654744068945,-0.02287630677595286,0.06097606779370288,-0.017706318609220652,0.013400027931664449,0.016492705253654222,0.02287549993317994,0.014810862916571372,-0.002359499544849448,0.008382309197616155,0.006124920248423544,-0.011096397339301891,0.011525654129806115,-0.01636574715819647,0.02866311646350533
Liver,PC(16:0/15:0),0.021883625875374922,-0.01193346352754789,0.0429433214617247,-0.01406786486933237,-0.04887473181730804,-0.028524508612394327,-0.02120776917245488,-0.0204590867481806,-0.03283213015663265,-0.029646923858405953,-0.02448502734274914,-0.009575353166962142,-0.0010521684682339371,0.03636294526224264,-0.01779139543776293,-0.01280665709491051,0.002940626249472134
Liver,PC(16:0/16:1(9Z)),-0.009572237116785965,0.012315267163421902,-0.009351649641648032,-0.0064766264906288736,-0.005736916439860621,-0.006137500822212674,0.02357757000850814,0.0014099935520593182,0.06396679119401694,0.0033386931790465257,0.0021775908554990246,-0.06665517114865047,0.018130666724488594,0.01937086883095632,0.033179620239483294,0.10349435173350958,0.0047204508017672855
Liver,"PC(16:0/18:4(6Z,9Z,12Z,15Z))",-0.0055068975779747715,0.02612644062198802,0.0014753431136677172,-0.006709698511082854,-0.013508667471308968,0.011457242574443693,0.022165479473768995,-0.03064834514288526,-0.026905926266029636,-0.008537182250497061,0.08305118444137767,-0.06963920413355494,-0.030736468798967482,0.029679444251644725,-0.002788747643788396,-0.043753564187059835,0.01426048962916121
Liver,"PC(18:0/18:2(9Z,12Z))",0.017894112109603587,-0.02259959683767549,-0.018034490142705882,-0.010718166510647198,-0.018588030968082175,-0.007117179788642835,-0.06209008291818582,-0.044788845950830554,0.04901049044630533,0.02050486243989291,0.029800610940350254,-0.03584504461793132,0.010828283155768687,-0.02583227299968584,-0.0229891860706646,-0.018127180411464966,-0.0046988375482946414
Liver,"PC(18:0/18:3(9Z,12Z,15Z))",0.04459286411513578,0.02473153904357642,-0.014075200103748525,-0.014937933285181634,-0.03583644307410694,0.01749837876592591,0.029736957440415896,-1.1006280748790566e-4,0.02496910211283142,-0.010797879630429826,-0.0021894072640403286,0.006922654715429638,-0.014667167861785095,-0.01123331685170268,1.4008699620932512e-4,-0.014414831285897987,-0.007774161671589955
Liver,PC(18:1(9Z)/15:0),0.0025144590436426404,0.021821106811598913,0.06719684790740982,-0.002146707446225961,0.012674295716499435,-0.01946443514518379,-0.013252885348769023,-0.030988546129490507,-3.569503976346764e-4,-0.010755659305562536,-0.014949743301122982,0.013028846888413784,0.011348018292042444,0.05655982051895713,8.599320717435021e-4,-0.0028888123046416697,0.006449074787744319
Liver,"PC(18:1(9Z)/18:3(6Z,9Z,12Z))",0.035991692932278455,0.016244194065732184,-0.013821929965665973,0.0027821216342028532,-0.0049342667910906995,0.05394028651487859,0.05469002924374969,0.016274639509035873,0.0062866505489322395,0.005147605706570697,0.02923727083018223,-0.012524842799198898,-0.004601873270679468,-0.03059335173883475,0.015796702449984976,-0.011929958962468524,-0.014047587282542292
Liver,"PC(18:1(9Z)/22:5(7Z,10Z,13Z,16Z,19Z))",0.033096611233352086,-0.017794061244297794,-0.025771463193938825,-0.006387894489163975,-0.02693945456857115,0.016244531033984086,0.0024889054329633176,0.06107816738259525,0.012618931908411677,-0.0019263861707597026,-0.008578969390215104,-0.029185018782057537,-0.039641521780797356,0.025098520534598986,-0.02834269790638656,-0.03211506621244715,-0.011721356924316645
Liver,"PC(18:2(9Z,12Z)/14:0)",0.02019475710324241,0.0058300836210318,0.05436252668057406,-0.020542415301000323,0.027996295148919433,-0.026013037849755474,-0.0181053873056046,-0.007042566290041351,-0.02387577137870103,-6.742662778653777e-4,0.028469176575857742,-0.056742853060266815,0.008472385676461745,0.0027338507963340884,0.029840321894747,-0.014995745399771547,-0.010132929619589566
Liver,"PC(18:2(9Z,12Z)/16:0)",0.015961834686651088,-0.011212090064908538,0.011477744201103037,0.022446872051863086,0.006026818634389168,-0.05195309685304607,0.010999935562407422,-0.01880677146619387,0.012859791143196546,-0.023594393961587388,-0.04881683794387286,0.0728873172551989,0.03687202499405411,-0.034554454333450356,0.005042488371362328,0.05040776717132343,0.013600622671124631
Liver,"PC(18:2(9Z,12Z)/16:1(9Z))",-0.01931072018388825,0.017300085371377744,0.062130157987762544,-0.006354464396970887,-0.013169806190452162,-0.0030254855698610304,0.02534960986399894,-0.03829219022898803,-0.012628020923345112,-0.04278105764246947,-0.01281218887284522,-0.014500167921261688,-0.013465606536760101,-0.003052458547246295,0.012528480359163863,-0.010652536472504507,0.004642560746070369
Liver,"PC(18:2(9Z,12Z)/17:0)",0.030177244876434254,-0.0023660497173860462,0.04130349969528062,-0.015150736908212146,-0.0032384281015021563,-0.04978590438884114,-0.04384301202515119,-0.02395860635223451,0.007029886151205435,-0.02716485073050058,-0.026198880512193715,-0.007753861935532818,-0.0016833729900793872,0.0240539661404554,-0.005232870739663725,-0.018331327011333363,-0.0019721559148725156
Liver,"PC(18:2(9Z,12Z)/20:2(11Z,14Z))",0.011473250323309363,0.0033120727015861144,-0.027437500206489673,0.0235083173300236,0.0034445472867737706,0.04638496465640053,-0.046879936236225966,0.050091764811566006,-0.04201718367837843,-0.005781646249854778,-0.04646220251474785,0.02161891934126066,-0.012288779037119148,-0.02933823644031178,-0.020828697136735377,-0.029778746100674394,0.0028552517741555782
Liver,"PC(18:2(9Z,12Z)/20:4(5Z,8Z,11Z,14Z))",0.04820904373608029,0.011325604570620084,-0.030490877480388597,-0.0075578959590676155,-0.015986599263981636,-9.082780754993486e-4,-0.001667745215657378,0.018034204460619846,-1.5226530553235187e-4,-0.030303197917863792,-0.01673957154280229,-0.005192524641189194,-0.03765737825373888,0.01066619664496769,-0.0049976499839957875,-0.003363900374637575,-0.006029926768055347
Liver,"PC(18:3(9Z,12Z,15Z)/19:1(9Z))",-0.047378824047589634,-0.005478648217252949,0.00221491287080192,-0.013018338208737682,-0.004475896569948872,0.024649757871083238,0.011400660407396072,-7.636216003832547e-4,0.04183106062153583,0.008957644214822957,-0.011438930114222466,-0.02693027848843502,0.01181018875409575,0.019784967384327595,0.0355665563828633,0.04192669823983173,0.005351017736350482
Liver,"PC(18:3(9Z,12Z,15Z)/20:5(5Z,8Z,11Z,14Z,17Z))",0.03261674602687606,-0.006829242422629101,-0.017195581840575413,-0.01348117682746704,-0.05684153610188043,-0.02894201144653706,-0.018061898482483976,-0.031471351316192234,-0.008207994012621034,-0.027211411148181583,0.01582568366546083,0.01370427795174821,-0.028872764102079295,0.020207726408904433,-0.0397163922392304,0.003069205666420833,0.012987593171798808
Liver,"PC(20:5(5Z,8Z,11Z,14Z,17Z)/15:0)",0.0348438825051354,-0.008743758180011283,-0.00890151143818347,0.006251593176593688,0.015992492445265964,0.018856374749193806,0.011027640725629784,-0.018672296015704762,-0.0099403744596488,-0.027245489008955844,0.004319314918187494,-0.026025300919046618,-0.09806678059852793,0.01833645402243823,0.029376654639523134,-0.008898058909249648,0.009308915817184077
Liver,"PC(20:5(5Z,8Z,11Z,14Z,17Z)/16:1(9Z))",0.0492683933301564,0.0059495881708668905,-0.01841770679902512,-0.02579684586644136,-0.025154407302962936,-0.009940976422449703,0.004665550353402701,-0.019596019451297603,-0.02759568158783474,0.003482024355302811,0.009267012780515784,-0.01616883258823148,0.00266748649968274,-0.012444835112171322,0.018931980719706875,-0.012137539195042093,-0.0037718104903401483
Liver,"PC(22:5(4Z,7Z,10Z,13Z,16Z)/16:0)",0.011776207771729372,-0.008390051779882045,0.002835464838087226,-0.012543548220859842,0.03643615463920587,-0.03924522370675313,-0.0174294026134405,-0.003647933418752774,-0.010740143759601197,0.059533436066453206,0.05338208329186808,-0.008187857017767572,-0.01012207322744906,-0.08780918163490672,0.017681194236228992,0.0035491158862318533,0.003778857420556498
Liver,"PC(22:6(4Z,7Z,10Z,13Z,16Z,19Z)/18:3(9Z,12Z,15Z))",0.04420693739029494,0.01647789298657822,-0.017461977962549256,-0.02143001072867825,-0.044303712457992146,1.3217165253960025e-4,-0.014738707378814407,-0.014448460641441684,0.0017661943181663696,-0.014337195900732992,-0.010631307247243127,0.009158860434801044,-0.029962911249178107,-0.0016308618577230846,-0.02057250697109518,-0.019367166718594835,0.01777536927767527
Liver,"PE(15:0/22:6(4Z,7Z,10Z,13Z,16Z,19Z))",0.030287028333545303,-0.01264653629839505,0.035270459155052815,-0.009047577909228147,0.008849412316586888,-0.0383245555951474,-0.052950224562229115,-0.02604806514130652,0.021052513552667476,-0.022034069075828083,-0.0342276266354015,-0.004301340411173803,0.020529523427776013,0.027248886683266308,-0.005607270899081809,-0.014993533706666938,-0.002524349746108181
Liver,PE(16:0/16:0),-0.013851541535343407,-0.0159177481300052,-0.011274628304320088,0.057461726620817874,0.0016806852593400671,0.00943339940097289,-0.025491484018896005,-0.016304059923209328,0.007012574094365321,-0.0509428383838916,0.018116491487463166,-0.04558949879296618,0.011527322869348352,-0.05543714189364707,0.02042504965278964,0.042355849377354725,-0.026098084822693456
Liver,"PE(16:0/18:2(9Z,12Z))",0.03300455640628633,0.006622334997014035,0.027199502376042514,-0.019966827389265262,0.04517409212595849,-0.008800827070201007,0.03466954505974461,0.0034932952139783502,0.01572171089482787,0.0351405052861241,0.029055107037602203,0.004598721604116718,0.0072902341140596676,-0.04197926995528109,0.033618599463621744,-0.01890085150133792,-0.014865934840643868
Liver,"PE(16:0/18:3(6Z,9Z,12Z))",0.029678608819647928,0.020269999944034268,0.03890927600818543,-0.020558101796114885,0.00575319592364072,-0.013692991184247744,0.018720303384679088,-0.02600638198279785,0.06147697149654754,0.014699825618507504,0.015387609768373901,0.020446649907325334,-9.135836990919576e-4,-0.03348902755100709,0.025919848286230552,-0.0045810628122174195,0.013284892735706343
Liver,"PE(16:0/20:4(5Z,8Z,11Z,14Z))",0.03397462213396395,0.004531587944839843,-0.019841689560331797,-0.03395335566435389,-0.06137966014291603,-0.00805599498314965,-0.013832338463417252,-0.008502566756599831,-0.029340402608111178,0.00571945194347154,0.015947871766984083,0.010297877106609782,-0.016515903537204297,-0.024334934328990306,0.007013419666102408,-0.007723999177270255,-0.024966130978694434
Liver,PE(16:1(9Z)/16:0),0.033673135542190764,0.020607019062327998,-0.005852214957479512,-0.035291186580989155,-0.036305455795874096,-0.004972522560359936,-0.015186895786791992,-0.03260721351796032,-0.010517632390362495,-0.03806481752251716,-0.029297940252050913,-0.031083631484978926,0.014571045544427553,0.030686197765741618,-0.030632135647572386,-0.011682080083690883,0.014943149125742239
Liver,PE(16:1(9Z)/16:1(9Z)),0.04495044764407544,0.003929206190323589,-0.0018757746300454036,-0.004862964283617869,0.01656170332442753,-0.020792522296893212,0.045070302789571755,-0.02584036766214094,0.00692683992659929,0.019295829513687492,0.0165308894675384,0.03450533074151418,0.029452823309121003,0.009772503079316368,-5.886227106276586e-4,-0.03365027884306846,-0.031038756343365923
Liver,PE(18:0/18:1(9Z)),-0.04717381002223581,0.015449071678232422,0.02525645733274631,0.01778261293989896,-0.005005804735464988,0.023380934064814802,0.012386075960193954,-0.030259842629740442,0.017398339481016715,0.019773624525085867,-0.009766618230188494,-0.004324971907777371,-0.020335706623430472,-0.002336518188812983,0.0044150717775131385,0.025973182002202607,0.004469257895846461
Liver,"PE(18:0/18:2(9Z,12Z))",0.041156153756579696,0.008617715277080147,0.006944811551567141,-0.014565917391821451,-0.004724094579771472,-0.04770843253638768,-0.010658645581352046,0.03438107376820346,0.027946171161943235,0.016770514828545666,0.008678477750946675,-0.024948511320006597,2.3534416887671636e-4,-0.0438163015436252,0.0298982011820888,-0.0188815986054762,0.0010566577066308373
Liver,"PE(18:0/18:3(9Z,12Z,15Z))",0.05183497041609475,0.010282237816928884,-0.007187067488598826,-9.823057408901677e-4,0.0036066537628497235,0.0086636111734306,0.006966063284366709,0.01275816934473406,-0.011421023110199645,0.032678914066568455,0.03476289866057771,0.015927359784639217,-0.011952999532859873,-0.01138990853110515,-8.750605388608236e-4,-0.033502147162846725,-0.015616612429476371
Liver,"PE(18:0/20:4(8Z,11Z,14Z,17Z))",0.02120126089074479,-4.753134288081331e-4,-0.012639514932896237,-0.046774817996993,0.002452345101427299,-0.0014604605187374744,-0.022483104111748267,-0.04413520635496679,0.04223187288094634,0.01829373916415657,0.06151971995266655,0.016406252758939477,-0.04808466389762434,0.02666598548069891,-6.66154293166887e-4,-0.01519747650166758,-0.02209486382868125
Liver,"PE(18:2(9Z,12Z)/18:4(6Z,9Z,12Z,15Z))",0.032457324057424686,-0.02373119040101296,0.03719265001993168,0.004577552673372092,0.00900121603620764,-0.003296184163130025,-0.0013766510604313336,-0.020568822281539095,-0.001866962021564491,0.062164065596880785,0.026527243600267397,-0.050236841341428536,0.007007332346345645,-0.016545782671788925,0.0011295996853726968,-0.013199517832827563,0.010456136394224479
Liver,"PE(18:3(6Z,9Z,12Z)/18:2(9Z,12Z))",0.02663120682444949,0.012547796582335154,-3.8284760328728944e-4,-0.021220593522886622,0.002059334928729735,-0.0022303901266938204,-0.022998402529290658,-0.04528886178372789,-0.015801676100789586,0.07059833886483796,0.0492048731688712,0.0380621374478169,-0.0025701500446126103,-0.026400079081700285,-0.027064867113754065,-0.03528921490923137,0.004961368102331217
Liver,"PE(18:4(6Z,9Z,12Z,15Z)/P-18:1(9Z))",-0.025813729938562048,0.03592467849539898,0.01793404465826793,0.008395684388470437,0.007928505217718035,0.014508148617141782,0.0028144743113684917,-0.020133481647901717,-0.053320209789486754,-0.031326638578442624,0.028917757925225513,0.05631493729897781,0.0015515342691237895,0.016409334641678867,0.005056047181091137,0.04558703135138627,0.006280564758343891
Liver,"PE(20:0/22:5(7Z,10Z,13Z,16Z,19Z))",0.006996233995270407,0.027051174121923333,0.021122773427730585,-0.011682988209799747,-0.004445066003561429,0.005774811703514694,-0.037198976795344806,-0.025636130944460156,-0.03104123461585425,-0.061009016808052874,0.007992277749045072,0.06291317653458463,-0.032865450720335476,0.050179645887827695,0.007318099172214591,0.03901478096167029,-0.007141357481408775
Liver,"PE(20:1(11Z)/20:4(5Z,8Z,11Z,14Z))",-0.02655541548735219,0.009627733010904483,0.00429302854935301,0.0011014549444596925,-0.03743206542741438,-0.052013321870724764,-0.036289815130264566,-0.03130157111258444,0.046446821502957085,0.031156707846407828,-0.005615220928666671,-0.005264938938189975,0.013858833536337854,0.005109626869348798,-0.044348822570418514,-0.0294012804077444,0.005400494738731357
Liver,"PE(20:3(5Z,8Z,11Z)/20:4(5Z,8Z,11Z,14Z))",0.049540188629811056,0.014351743729119213,-0.004085056082288796,-0.01233599707438029,-0.01012618915465092,-0.02642619976606503,0.026069109973639135,-0.01666986790962807,-0.007711242891842483,0.005628275368101361,0.024971725584291535,-0.013914600313991218,0.02057646732815182,-0.026469267578369125,0.01881795018460526,-0.01675630689324342,-0.0191321136166923
Liver,"PE(20:3(8Z,11Z,14Z)/18:0)",-0.034243138666596,0.03910085154629946,0.016425065439020444,-0.03246764435386828,-0.010419306869007687,-0.01647754098036973,0.012897470384361965,0.009090965721028976,-0.028291253541123693,0.0022889376664088695,0.011986956689650398,-0.054159624466932836,-0.01641458625055303,-0.001873898976099017,-0.005909127980607682,0.003505197221768816,-0.0021916954450289365
Liver,"PE(20:4(5Z,8Z,11Z,14Z)/20:4(5Z,8Z,11Z,14Z))",0.04350832901409207,0.011987523894716993,-0.0028114277563700855,-0.008946030710409206,-0.03217449513652476,-0.03595099816656201,0.006749863680083287,-0.026806708014923242,-0.022956733391508825,0.0022355555897698633,0.04444367074265633,-0.01753481394523361,-0.008796658380437838,-0.020808730508512036,-0.020123602056297856,0.009668092525380966,-0.04392500924143621
Liver,"PE(20:4(5Z,8Z,11Z,14Z)/22:4(7Z,10Z,13Z,16Z))",0.035260451524491754,-0.017929427706519084,0.04054543180573876,-0.01537444754526331,4.060955235178661e-4,-0.020271100617661058,-0.00642756366982578,-9.641294619188241e-4,-0.020971351120089556,0.010314086608763161,0.03499923804683394,-0.06546936553407541,0.007409404809339373,0.009401785389469225,-0.009380783670807061,-0.003201602125065116,0.0036980974309964287
Liver,"PE(20:4(6E,8Z,11Z,14Z)+=O(5)/P-18:1(9Z))",0.024499593096404298,0.01876285572231661,-0.00862300200301486,-0.024707338255137285,0.006959756387704793,-0.02792337731369898,-0.02277683607606488,-0.03924696867914323,0.03823397191248086,-0.006342922090030877,0.07983562502279565,0.01776057490404895,-0.01864534620898635,0.014864433414853596,-0.008689184964848624,-0.04052117951780889,-0.004974577783805458
Liver,"PE(20:4(8Z,11Z,14Z,17Z)/22:0)",0.032018551242051344,-0.016391075557944345,0.025718201779371445,-0.017861313356580408,0.006094986464001195,-0.05341472001735366,-0.048743753082236975,0.0026320970823824766,0.028051055435873967,-0.0063282524800095065,-0.04215872404559143,-0.008908365054817197,0.00775429418592725,0.009111963502898305,-0.0031472682788460183,0.007215187154117195,0.00113333654846459
Liver,"PE(20:4(8Z,11Z,14Z,17Z)/22:6(4Z,7Z,10Z,13Z,16Z,19Z))",0.04014043097143636,-0.0027379388492077693,0.003460998417369005,-0.0027720963559962723,0.017426138715179746,-0.01571710992108672,-0.018770367017579757,0.001051827271590516,-0.0016048994449453392,-0.006957046169542439,0.047096998678279815,-0.022313470325066392,-0.06654745642750405,-0.05640775792650285,-0.0065117269150602565,0.008593252899524912,-0.01325547775075563
Liver,"PE(20:5(5Z,8Z,11Z,14Z,17Z)/18:2(9Z,12Z))",0.03817005993364042,0.022404823862492478,-0.025803419519116202,-0.013449726553639452,-0.01770652706913954,-0.03293840408362959,0.028906321088056568,-0.018099281258242336,0.01985513958591234,0.025276646969528454,0.030335361910694622,0.005948826807392992,-0.0015480539543177986,-0.04213347598953722,0.01568455255277009,0.014270062304711484,0.0044273835533642095
Liver,PE(22:1(13Z)/18:1(9Z)),0.028114692740227733,-0.00637689126432154,0.045976802076242475,-0.01700399448827473,-7.890117662563527e-5,-0.04892848655369563,-0.04110711031626015,-0.013648649864927951,0.025258543798527128,-0.009469077535534661,-0.028785396035513094,0.012522080956114423,-0.004810371823344262,0.02783079854367301,-0.010308740689558409,0.0017651139383999305,0.003655235017445866
Liver,"PE(22:1(13Z)/22:5(7Z,10Z,13Z,16Z,19Z))",0.037539953318754586,-0.016596898784731966,0.026761850092606093,-0.014501605645930452,0.004503170460054501,-0.0498882364225446,-0.04256304383099243,-0.01279048489127078,0.01946830484170293,-0.0071989402179638015,-0.034378032433377,-0.007083984789617065,-0.0019105576481879725,0.015942137944885085,-0.004541077392867423,-0.007449713442489909,-0.010674892117773492
Liver,"PE(22:2(13Z,16Z)/18:1(11Z))",-0.028679648695999736,0.012906280171664897,0.04171931810321536,0.0037774320735174532,0.009010127329373759,-0.014141566301594443,-0.010749509757677116,-0.047053770586732414,-0.01949260998116708,-0.03148994059595953,-0.02739969828591193,0.018344877798506125,-0.03382352620754126,-0.01511042716229344,0.03322145504198963,-0.052204971986549345,-0.011988125212737578
Liver,"PE(22:2(13Z,16Z)/20:4(8Z,11Z,14Z,17Z))",0.035002905396309764,-0.006291283321123921,0.02245617883984755,-0.02696581997775375,-0.008305239895030759,-0.03807774190002391,-0.04322324287192854,-0.00183679497790318,0.02836742529287899,-0.03967166500231091,-0.03680332850898057,-0.004898886397671624,0.005256399930470915,0.024575547987498277,-0.021015827502056005,-0.014706945640621336,0.013580359274831907
Liver,"PE(22:4(7Z,10Z,13Z,16Z)/20:3(5Z,8Z,11Z))",0.024547442360223826,0.01744425521504176,0.03144320163359145,0.010518394422379682,0.047170522342228106,-0.027752389404932548,0.013336548693614997,-0.02442169531024479,0.022000129015695348,-0.009444395120976404,-0.051086954552165435,0.039123532693553356,0.004244995429731691,0.0365215801081968,0.021166042528571256,-0.011307178002286526,-5.003010131086015e-4
Liver,"PE(P-18:1(11Z)/18:3(6Z,9Z,12Z))",0.032954681066878384,-0.0010082255632049817,0.048150522817596846,-0.0379131934511436,0.0028585636689406327,0.018639007356778356,0.006391040106953176,0.0144251071197327,-0.004929590111174896,-9.202175076697629e-4,0.02757901656369264,-0.02506844403892082,-0.04392577053639542,0.00511257003820837,-0.002950804090157399,0.01855778984713128,0.004341772170738655
Liver,"PE(P-18:1(11Z)/22:6(4Z,7Z,10Z,13Z,16Z,19Z))",0.03179756388111395,0.00691870203981766,-0.047522910432051285,-0.017063739513276704,0.02234222673727568,0.01916809257174761,0.04343626193972201,-0.022076488112623593,-0.00927707792125273,-0.013133911775831618,0.019229327365380963,0.024945902943963864,-0.003269112577367323,-0.0035505363038044278,0.026586222264210594,-0.027406477418928977,0.004676388648520163
Liver,"PE(P-18:1(9Z)/22:4(7Z,10Z,13Z,16Z))",-6.435982232625343e-4,0.023377280150721755,0.032761965333675605,-0.029033927762135356,0.023389160065313375,0.059805104895969234,0.0058281561571072,-0.033847177066980094,-8.101494717137169e-4,0.01637309946460434,-0.016482694688564156,0.054367350964400804,-0.02662537065738001,0.030411751890181908,0.031186498648510565,0.008652913893764975,-0.01708034345762385
Liver,PEG n5,-0.018416027922689728,0.04422411151765718,0.009165402418154552,-0.013385189750053894,-0.012792520778817757,0.02574885018527927,-0.017476307849384965,0.051780681202481346,-0.012985397872901141,0.01931884148525255,-0.036624319600186056,-0.0069426273548415735,0.013540068027498436,0.01091176757660208,0.05870942038363538,-0.036033353931258234,-0.0032642563561997295
Liver,PG(16:0/16:1(9Z)),-0.004345287462061553,0.03664237723786701,0.009328067077707615,-0.03173453317566653,0.009993645044861253,0.036882909509022524,0.023956259261692873,-0.028767173078386447,-0.02508773252296057,-0.02129784413314499,-0.040161380838291155,-0.07119607427764427,0.0073313288849139275,-0.0063950405091754495,-0.0406580606769483,-0.00975513376775113,-0.01323112962954884
Liver,PG(16:0/18:1(11Z)),0.0036671987629334473,0.01274110816590229,0.004509910005149533,-0.0012955326487370774,0.015912671460175328,0.020352236021047538,0.007710846541697018,-0.04809434062652479,-0.03713425073479022,-0.01791912240363393,0.008063619798134894,-0.004429263089155745,-0.029295978551007504,-0.10726607389396149,-0.04935849678517994,0.039985368526688825,-0.027387371633510918
Liver,"PG(16:0/18:2(9Z,12Z))",0.04632920937883908,0.008756906829312254,-0.04203797068688491,0.006771938056279218,0.01702154221175812,0.01926356316967371,0.009008576440777138,-0.024381343213128317,-1.1431592403821802e-4,0.011735082895218865,0.010318084227209333,-0.009021881345668508,0.0030250368169707845,0.005440158607587381,0.006784065895225561,0.0015199084485543984,-0.006892545675593046
Liver,"PG(16:0/18:3(6Z,9Z,12Z))",0.03263148195041281,0.008397150046672495,-0.057680661846453,-0.010197120711729738,0.019805459154624654,-0.0012790881014997032,0.03330542664790675,-0.01828741459509214,-0.022992593756803983,0.0026606210456226347,-0.011502866724748722,0.009282531420018057,-0.018682771762084962,0.0026395110478372574,0.014833376747966998,-0.005006208359435542,-0.0074519053302712765
Liver,"PG(16:0/22:6(4Z,7Z,10Z,13Z,16Z,19Z))",0.04112269180389449,-0.01908909996173432,0.009417743595318214,-0.025067919876947047,0.019449772594693496,0.027716583610157462,-0.009382680396436915,-0.04085280974361174,0.0013837051474349295,-0.0022434199257547376,0.02905648540439305,-0.005788542139995757,0.03418042658629817,0.04037063782247883,-0.008115773440252631,-0.011947978275673635,-0.0020403664521567743
Liver,"PG(16:1(9Z)/22:6(4Z,7Z,10Z,13Z,16Z,19Z))",0.015538027562449886,-0.008638789862596133,-0.046037809779118866,0.017497396043865483,-0.015963735711667048,0.05269800654424073,0.028530707371396687,0.020317303607816948,-0.028633065455492133,-0.00993344979460472,-0.029074623063687598,0.044137009404966156,0.022214325334241898,-0.021946460747779187,0.027730013971628394,0.022446659833117773,0.00566357817843962
Liver,PG(18:0/16:0),-0.046902298552978956,0.0017726147001071086,-0.0011250432255894632,-0.004423266566063505,0.011332123052866502,-0.003672727704956516,-3.0122048991872234e-4,-0.014444942918164918,-0.019360150699843304,-0.03935191642524296,-0.006071421411917801,-0.003905392769035237,0.003796291154324778,-0.05681170256544089,0.03420189939334425,-0.04100208128730634,0.003530565408585623
Liver,"PG(18:0/20:3(5Z,8Z,11Z))",-0.02799741167107233,0.02170274661857248,0.0012083985238889232,-0.02897153705274892,0.013727631115448249,0.042374508137538694,-0.00903186430034287,-0.008363751330198111,0.062170633497129243,0.014917160637299162,-0.013371484586992222,-0.05525297932036818,0.0190674368654486,0.025978258380148587,-0.006341998448505979,0.01764694069356176,-0.011831450519224233
Liver,"PG(18:0/20:4(5Z,8Z,11Z,14Z))",0.027577690353397733,0.012256587267811286,-0.06024501947504462,-0.0012482681772606938,-0.0031697475172682205,0.03694381297479328,-0.006889735851753365,-0.007633092370657564,7.441301168936421e-4,-0.013512783030075675,0.013745298714082305,0.010489044070843155,-0.028194996473272976,0.01885517633520395,0.01169071622439091,-0.04020161594996037,-0.015015292555436934
Liver,"PG(18:0/22:5(4Z,7Z,10Z,13Z,16Z))",-0.0017368729981913898,-0.017869101479788783,-0.001073861619892656,-0.05225601468532464,-0.034365997800205675,0.05305642730325152,0.03278273063242037,-0.04286587242390658,-0.008326308412078168,-0.024273575037507312,0.02396167625825774,-0.009628070592459306,-0.010761919649771107,6.25610576300027e-4,0.00257791237020235,0.043582488445716876,0.006367878294846892
Liver,"PG(18:1(11Z)/20:4(5Z,8Z,11Z,14Z))",0.046406675192494654,-0.014463415343948564,-3.88777216839026e-5,-0.019410088407806676,0.013453876834207758,0.017667993910550704,0.037382023846695527,-0.04443612764196294,-0.002746094043765686,0.005151919204481293,-0.0031271143629852598,0.004738940051874548,-0.0018983091923530664,-0.021599405491207566,-0.00866407347470208,0.022469144668965317,0.012253863243428089
Liver,PG(18:1(9Z)/18:1(9Z)),0.01053328895080457,-0.0054292275014147994,-0.025751989739066,0.018625667968605618,-0.007622600666937775,0.028324964666605248,-0.018669743553966157,-0.07069115252972344,0.029936622747303743,-0.0286508112814878,-0.003053884358939517,-0.022794092537176156,0.044600649290988684,0.04766483647646355,0.014125345615126331,0.05950849274500667,0.02656773139431034
Liver,"PG(18:1(9Z)/18:2(9Z,12Z))",0.005693903207307543,-0.022537989670273716,0.017174509585715307,0.045806259651961286,-0.03587467804588455,-0.03527459849379682,-0.05472420200319521,0.0256348593181547,6.670790592487214e-4,-0.01640162000675113,-0.02781522226605292,0.013255193893961178,0.020972564140514655,-0.027883484564849126,-0.03383595400658979,-0.021246849314304483,0.009082898349847006
Liver,"PG(18:2(9Z,12Z)/18:2(9Z,12Z))",0.035945108888538004,0.007831220729063362,-0.04091583888343229,-0.009751592270838699,-0.0016843318744510702,0.023910199681825655,0.013176646118377483,-0.053239678641028125,0.016015602625768833,-0.034795851925034545,0.007447915668400307,-0.009074516571689773,0.01666235311627451,0.025894323618954086,-0.0038013603214308855,-0.021532973891650736,0.0119200288586321
Liver,"PG(18:2(9Z,12Z)/18:3(6Z,9Z,12Z))",0.03380142424177177,-6.262774299261929e-4,0.010287050948764876,-0.019145256707634797,0.05051280261781603,-0.02528811058983813,-0.028094066474077778,-0.03025167509265014,0.04610404755598628,-0.009295482506000676,-0.026955206207312673,0.011537930670422306,0.005643762049802728,0.027663210226156473,-0.009784710778178263,-0.017863544939415762,0.002119170285789746
Liver,"PG(18:2(9Z,12Z)/22:5(7Z,10Z,13Z,16Z,19Z))",0.03324754696392615,0.015109444651315371,-0.045259387455189974,-0.014319651376023099,0.01959448610524689,0.021007983728486165,0.020454009993762713,-0.020531988181733272,0.005076657044582928,0.0179247252460418,-0.028190639402907468,0.017510759858012724,0.03975746056260427,-0.0019970570472251084,0.0427967023781932,0.004969713773764697,1.8296432887321087e-4
Liver,"PG(18:2(9Z,12Z)/22:6(4Z,7Z,10Z,13Z,16Z,19Z))",0.03478405237655941,0.027186596281692874,-0.023735965151619444,-1.1579864924538673e-4,0.02196997187257264,-6.642431106224116e-4,0.05430155738524695,0.0045053655326976125,0.013120573264166583,-0.00618612186479587,-0.041782966457273855,0.02097924467741815,0.029940084214644717,0.0018488886050288202,0.03036420058212464,-0.004825995761290737,-0.013912733175622005
Liver,"PG(18:3(9Z,12Z,15Z)/18:3(6Z,9Z,12Z))",0.03396414909535982,0.015883643800939477,-0.045491564218004724,-0.01156705825240349,0.003112789626300872,0.00591725746541381,0.04329433455010357,-0.02722493217362165,0.0036094842945463557,0.006818290904375374,-0.028958643233170787,0.030844257863008005,0.028832946846307245,0.006615702431394887,0.016435638737829012,-0.0065953419845365705,-0.005923735286759734
Liver,PHENETHYL OCTANOATE,-0.03807370135025865,0.0039030891098140205,-0.02064626833970285,-0.03239876066706177,-0.044114019789232,0.013538200203061611,0.015858799476720215,0.001256287462902077,0.006878909856668897,0.00219118435629019,0.003584043589846902,0.03640112192812813,0.006087580302925766,-0.00664591100504208,0.04082761237722994,-0.04325909622383701,0.014470924639692162
Liver,"PI(18:0/20:4(8Z,11Z,14Z,17Z))",0.01881911984345567,0.014159657908161564,-0.03264669285742482,0.019733198580148964,0.006535080795017591,0.0347878672373873,-0.004809414256817324,0.05069648975090994,-0.0052559039481308535,0.00553083741503594,-0.005964756364447019,0.030617245440364906,-0.03767481542366441,-0.07932094194043213,0.020967363263151108,0.028174219883138476,-0.029810212175654615
Liver,"PI(18:1(9Z)/18:3(6Z,9Z,12Z))",0.04096885662990329,-0.006272420906731131,0.02254152547408817,-0.03011765053871651,0.014315345256045183,-0.00657311090778353,-0.05048868075589118,-0.03927353379829205,0.02076484090961698,8.295500602777783e-4,0.005878575568564872,-0.012409517709648776,0.004413922331563589,-0.006911793751202309,-0.00659999824483057,-0.011910001540767443,0.02202781903320414
Liver,"PI(20:4(8Z,11Z,14Z,17Z)/18:1(9Z))",0.03573175801312826,-0.015587835387076043,0.011943863920116603,-0.02940355554083418,-0.01642200835412333,-0.033313967703851956,-0.024991901648840215,-0.05649730836745012,-0.02386457947257827,-0.018990840779752296,-0.011488537971205694,-0.028765045347883312,0.011163809700038106,0.01776607408330797,-0.015406834221528184,-0.009999730990858352,-0.015303997710678061
Liver,"PS(16:0/22:6(4Z,7Z,10Z,13Z,16Z,19Z))",0.039760743086196405,-0.004534935949027229,-0.003396204763460075,-0.0066409951841730295,-0.018220818670164982,0.03367836800761953,0.005676388349216486,-0.03733707160506802,0.02418049875537484,0.03448357493817744,0.032736904811438094,-0.04093316422095686,-0.010915730919443976,-0.0011695224144479843,0.03595510030988789,-0.03943845005278631,-0.0026916331936996728
Liver,"PS(18:0/18:2(9Z,12Z))",0.019241131962081517,0.0056425372733129395,-0.00242896080547309,0.010049005023006175,0.006245357770116958,-0.04741719585221754,-0.005136739185993162,-0.011370474025861962,0.05231694254255293,0.00975877093177899,-0.0037334610802498185,0.020210558139785277,-0.05695377808129711,-0.04148438361184821,0.08759592054933542,0.021383387164876748,-0.00489984458645462
Liver,"PS(18:0/22:6(4Z,7Z,10Z,13Z,16Z,19Z))",0.05204441614075119,0.007361354818899192,0.026133685400545646,-0.0044305815406845556,0.01599149810740113,-0.015855334936662073,0.005323879039538328,0.00558209391674229,-0.003995490372028262,0.0068222954236008765,0.00537048418718936,-0.027462723197620272,-0.008623042661155132,-0.0011629201978707935,0.025221496917559143,-0.008738816987652177,-0.011530209398140636
Liver,PS(18:1(9Z)/18:0),7.173892727586659e-4,0.015100107367689013,0.0295277849479483,0.06074032029906454,-5.60316015621212e-4,0.013660813236315296,0.00343172174019439,0.01531384286406383,0.03297248017017322,0.01231458229541511,-0.01052969149285316,-0.023426349893877197,0.012213081024693892,0.02436181615799995,0.022860706068318404,0.08650848002196744,-0.0019268386853095263
Liver,"PS(18:1(9Z)/22:6(4Z,7Z,10Z,13Z,16Z,19Z))",0.03753717867188807,0.010945633968209979,-0.04522746603450544,-0.005375304457808743,-0.016542915677767143,9.977930857588422e-4,-0.02057483742075275,0.024000349487985923,-0.002306387835450588,0.002695910648923017,-0.04867748547820649,-0.02193954819328204,0.005468307191771346,0.03325021765202408,-0.013594894557083856,-0.0022184840243447803,0.02262060228373732
Liver,Palmitic acid,0.007326359664868416,0.00244044844225307,-0.06841117651334898,0.023794667564728,0.00695814762427555,0.03383600349879757,0.010640220481379817,-0.03711778341581126,0.0014016898906080268,-0.02380090081958842,0.0070495143870026155,0.005974660647327871,0.0043959459550651885,0.022883697793517115,-0.01955756176670381,-0.01576831856967378,-0.007489223507991012
Liver,Palmitic acid alkyne,-0.048104379755136935,0.021740254032385952,-0.01756543285653794,0.025602450134674895,-0.006475059958474,0.0021804522599920117,0.023308074406579025,0.009599713276177388,0.012485757896626528,-0.028270894877048185,-0.0074054906993025055,-1.9967687145510645e-5,0.025176468862328917,0.004765430484419518,-0.00985243832209603,-0.015002140755956085,0.005717186661034123
Liver,Palmitic amide,-0.028411541562515654,0.01885332933875795,-0.016394034004066284,-0.0014744090768153883,0.02836796147658887,0.03720302598198812,-0.029244228882847178,-0.02008751236115584,0.020058553564434523,0.009506779248557345,0.02250251980437398,0.027490020490895384,0.07405144524490745,-0.019998968642643777,-0.018858119222531493,0.03749663770963716,-0.0010098272905466055
Liver,Palmitoleic Acid,-0.012277468920455333,0.029039624195135023,-0.012230443298089559,0.003936981892570193,-0.018181078745039787,0.01596593373998905,0.0441188982097696,-0.07138745477116225,-0.02258929737460363,0.010916253801019692,-0.029997686151623286,0.030765569342013483,0.05245813093078715,0.013152646178419639,-0.002110302463949274,-0.03064968084207364,0.01037627914957255
Liver,Palmitoleic acid,-0.028351873231324598,0.03985553357675656,-0.045069988370753496,0.02092700627347689,-0.008999667092852756,0.012842494157209144,0.02506021882888904,-0.031661110105181633,0.00801329101785952,-0.003567839857401854,-0.015810472325144473,-0.0035988280563110727,0.015021635716724815,0.002722249428194329,-0.011816390795572595,0.010311589196848193,0.014700653977266538
Liver,Palmitoyl Serinol,0.04384531605283085,3.3218894078048994e-4,-0.0025681285821532065,-0.04123879182034066,0.008842661805867158,-0.050983098306986635,-0.0044077868960469046,-0.007257819302388907,0.025695432112827633,-0.009924000215114491,-0.004723260756563911,0.01416037500675294,-0.004178102760485843,-0.0026671487711042445,0.0038246073242211563,-0.009029037677497624,-0.007890008870958627
Liver,Palmitoylcarnitine,0.006181629708970035,0.05388412191898378,0.023235229278886757,0.007146616691147286,0.030395751215622747,0.02534425035701851,0.01782192659693092,-0.013136355541960692,-0.031080671542304945,-0.015995086439312824,0.03140135253026223,0.047570926117910764,-0.005474801546764223,0.006969075399521336,0.01915320173407261,0.007934267254943532,-0.011008705463904778
Liver,Panthenol,-0.03150136141373,0.031763462241724494,0.005963558819602983,-0.0029431042190564602,-0.016016795070150105,0.017371521445550445,-0.015870518393681133,0.035221868339187064,0.03766383567310608,0.009559362493260169,0.03281335019273223,0.0021138303926970465,0.03462851447651907,0.04365971503696848,0.053938288658505654,0.021358901240909157,0.004348964111819336
Liver,Pantothenic acid,-0.046131422090053144,0.010361046839219887,0.02524381773319824,0.028037634172692918,0.015181067572428458,-0.013042075047567568,-0.0023417479092103545,-0.014273389626603843,0.035156602875296816,0.029961275748473484,0.010845761585886522,0.014507055073868092,0.001705627365399331,-0.0027075638568150534,0.01607789651861913,-0.013247990153086173,-0.036451459483830086
Liver,Paracetamol,-0.027952368436315142,0.020112689731638822,0.04400399724423008,0.04432459757541092,0.0073505046563390455,-0.002718099218804466,-0.006520086746937123,-0.03644939465428723,0.028757420247250465,0.03646052201795939,-0.01346703516387944,-0.0024280937888363843,0.0024273657583970465,-0.004882086915731795,0.00825291164569522,0.00645866684425243,-0.022832850659624197
Liver,Pemoline,-0.027481785060564087,0.008066620378187006,-0.05135354413610354,-0.025110751194590924,-0.011036359651298925,0.02532879005256941,-0.03469709817180542,0.004528492763337602,-6.454826207147362e-4,0.012854660297805446,-0.01750898028562628,0.04218230293143001,0.002599070212131334,0.003755108490695811,-0.04628879004653551,0.006673496892315198,0.005844897121024992
Liver,Pentacosanoic acid,-0.03818887177001445,-2.4311753442963534e-4,0.0010553253854221113,-0.025430198584891088,-0.010295215837541038,-0.025605147107592062,-0.02010657823514042,-0.02161110505057818,0.0034913029992812684,-0.03584118532267798,-0.04067528129040344,0.011812471069549477,-0.003790748907661169,0.05766641450137858,-0.05120049837766195,-0.013292263930847027,-0.025287948360037532
Liver,Pentadecanoic acid,3.319278204470699e-4,-0.0050346940755724755,0.022685038296816094,0.04249211547304919,0.010068930728656193,-0.03377381485380417,-0.04676493385371942,-0.03616908176204028,0.013334179980703766,-0.05422606121834573,-0.042557565335751404,-0.003578463698302895,0.027149706461406877,0.025852985236897816,-0.037491762061702,-0.03192995566466749,-0.04595070493416084
Liver,Perillic acid,0.017454397291542335,-0.0030861484509662946,0.010183277806623174,0.056182686879954424,0.01870692297782913,0.02074592433346168,-0.01034604047482347,0.03378741498380539,0.05512539633586678,0.03161898938248874,0.029317931852503306,0.010647300576765958,-0.004224245129830939,-0.047474348962159664,0.02348337303823424,-0.02589277323119542,-0.0056639424810407055
Liver,Phenelzine,0.0026860313047805573,0.0690392204424401,0.00573564760491409,-0.00807576532251563,-0.013512263323401708,-0.010895406506335375,-0.01809678388541349,0.013879306863966802,-0.013653012415415392,-0.016526879501860155,0.0243126517439726,-0.00871754500569212,0.001791478896584503,0.004814734237090353,0.0349386152565676,-0.008992995098225006,-0.0242773102206271
Liver,Phenmetrazine,0.011098754716751643,0.018090401117442673,-0.002672561219566142,-0.007237790131455519,-0.010312728028185981,-0.02297721990366572,0.05463584067088672,0.060183105061686816,-0.029262731949390077,-0.024746491022395296,-0.07018962681111844,0.016429099384855674,-0.01875554898766747,-0.007778956418536861,0.03770368168057274,0.017831037252503137,0.0035458753117857534
Liver,Phenol,-0.025104539457211777,0.035714915693564074,0.034964914207923345,0.026728376018941232,-0.0255787359134856,-0.004240541462323207,0.006393090677793263,-0.01807632632880778,0.009389675748032443,0.04601687245837013,-0.020627067562631295,-0.021092327891551604,-4.989002660239269e-4,0.02371633316416979,-0.03514647512730913,-0.03427667258528212,0.09447127141555525
Liver,Phenol sulphate,-0.01097726150296571,-0.00865733305033394,-0.010296401052805658,0.027847865241639347,-0.006543556032927346,-0.010148536920217242,-0.0036804520687220388,-0.01572274082089896,0.015132654835778565,0.04885150279016181,0.04303985367323312,0.0695623795592472,-0.07796582525755151,-0.04966861652714063,-0.0011730366258535113,-0.01767305970946633,0.015926323022246593
Liver,Phentermine,-0.012704647538242183,0.060302850052558366,0.02041022729356217,-0.02045940789268251,-0.02999267150987938,0.025080448153819424,0.017706716986156914,-0.004912813750912807,-0.014003164608346037,-0.010757412260940092,-0.01757642748964369,-0.005412901894446531,-0.013353906735132221,0.008595507290907837,-0.010140022627465778,0.024879804167152735,-0.03259222612425343
Liver,Phenylalanylphenylalanine,-0.04108322301653189,-0.012884678545506158,0.0030015819522565055,-0.04206288028847101,-0.006830900826544351,0.04949470001132456,-0.0017571955798110776,-0.007299793998208555,0.010005854230502138,-0.024329711855092914,-0.016569132624907678,0.010695249913396591,0.0031263602948213196,-0.03154708355112326,-3.3296705977784125e-4,-0.015031437136512667,-0.013248503395278194
Liver,Phenylisocyanate,-0.021916708132296354,-0.03396500852822935,-0.048937721772980586,0.002197357522356212,-0.009172358139691935,-0.02563649608056786,-0.00674410226329235,-0.029229011532932798,-0.021974195008876055,0.04121092792391703,0.02861621536340468,0.008652325399223988,0.03400088361900717,2.4217762193240138e-4,0.002088720286351886,0.009481799204224652,-0.024120945448069107
Liver,Phosphatidylserine,-0.001657558963886569,0.013579387445960617,-0.007384029767118093,-0.03770937454986623,-0.041181361182823145,0.021061184701038446,0.021344288664971837,-0.028795361264272623,0.012581712714265779,-0.014472387242491504,0.03629911313393302,-0.07574411454416166,0.006975631927765428,0.029264610162060792,-0.017964570365950533,0.06188524255378112,-0.008453969624649928
Liver,Phosphocreatinine,0.012966163580277416,-0.004769211788635109,0.0285067221382267,-0.028740541060826564,0.0010779558047892713,-0.026844149066713764,0.036385520084866466,0.03725587586979374,-0.06446241564104871,-0.03289906864455484,-0.02312745588245401,0.048579600488052814,-0.008173795722078032,0.020827170617666212,-0.030527711637466745,0.025592324439451784,0.0032476785895939786
Liver,Phosphoenolpyruvic acid,5.794896006236172e-4,-0.006140874329079249,-0.0015580758619474775,0.019249497252350995,0.0588741074328433,-0.018142022949318545,-0.016402062799677222,0.07561648550968511,0.03652277970692617,0.003082168065446887,9.861505829671085e-4,-0.029483056613561664,0.03163799127346043,0.03479049549077342,0.003357900145084358,0.02041036997707408,0.003064058918421016
Liver,Phosphoric acid,-0.040526676461432626,-0.0023359229906971934,0.04115027536690825,0.030165072400517984,0.005955513106599857,0.008849622175571404,0.004791013420073448,-0.014624423230291849,0.021895870812106772,0.01835107046697718,-0.006181546307278674,0.034026621869186695,-0.02599192343868246,-0.02455264225110769,0.017925037295402235,0.005119190100988327,-0.06282222292958835
Liver,Phosphorylcholine,0.008289428755588286,-0.018772596194910784,-0.012537324294175482,-0.039113226545052705,-0.0329164465094327,0.026019002289907178,-0.0642703745119692,-0.03547645175508085,4.7411186210664376e-4,-0.011497134158997103,-0.060855624519524594,-0.011437922115274718,-6.46818089795153e-4,0.002348186987256266,-0.006561142510797456,0.02047259765017136,-0.008500040667687501
Liver,Phytosphingosine,-0.01463239270483829,0.04542504566590853,-0.0023546790764533147,-0.06308110310484721,0.011934542151446442,0.008054101214809394,0.00980907888641353,0.00667390482419584,0.0073001874480240515,0.013857057644363966,0.0067203059572795475,0.006921529961767961,-0.02181416605237434,0.030073786041478423,-0.030021194689608573,0.023409276867074395,-0.03693962857962345
Liver,Pinocembrin 7-rhamnosylglucoside,-0.018263901355958855,-0.03466828898024525,-0.0032168334005712256,-0.01765923018128386,-0.03303145318294473,-0.042517609558691896,-0.03937856816137898,-0.0020475369566825335,0.04905147544664737,-0.03772256091833286,-0.019643062344051426,0.021315742499518602,-0.006405045602218178,0.010741419094348675,0.03668070639404772,-0.012822982113821593,0.010876557525477785
Liver,Piperenol A,-0.008734246284621676,-0.04902408071282077,-0.027988843187340746,0.0051777796084417375,0.029559991585757874,0.014138935048310822,-0.027511855580848506,0.01788215352122254,0.03626276790165496,-1.081842522177572e-5,0.014178750845604183,0.02861224076306383,-0.05493969467807537,-0.011984463319340574,-0.02264205871158125,-0.006156679627114445,0.0359947017849367
Liver,Pirimicarb,0.014313599012568684,0.01338892729527401,-0.0479091281510701,0.0020106386171059223,0.012931799453613016,0.037353620893268304,-0.005995614208321018,-0.0019610210113445293,-0.005987445869229972,-0.03870706699566144,0.02424165960956011,-0.00530212644808035,-0.08793828053081718,0.019731529391750078,-0.007363979126652527,-0.0029219673815080592,-0.010002022389491607
Liver,Pomalidomide,-0.008666687767234177,-0.04387065561713712,-0.032266804448171225,-0.032529224561644095,0.01414881496245841,0.018238886779468097,0.020571649015742627,0.048416544548023584,0.030088790508574503,-0.015937175160684398,-0.01815156541591921,0.018267628882157095,-0.03379419129205466,-0.020470327821943808,0.007736473989495155,0.004869700183799636,-0.013228564740112258
Liver,Porphobilinogen,-0.001089676844613551,0.04067879119771024,0.04527634194764155,0.04182106767337586,0.006305488295819267,-0.008715080372352283,0.030538260268574553,0.008631896836551902,0.016223813781828838,-0.001854439786977002,-8.783120822971527e-4,0.03132029687364912,-0.008115088006868248,0.02942307835246766,-0.03990565364068126,-0.0017999761672846083,0.0015915589387805757
Liver,Pregabalin,-0.002932970667960811,0.019052646712744346,0.023955422358786886,-0.040059355128176405,-0.020935442593133135,0.01690749807159369,0.01678330388707205,0.018774830057304334,-0.02439619681598654,0.012385955818633172,0.06387795535646579,-0.03218033318518186,-0.00397346934033856,0.07433830275061858,0.031024799247017315,-0.025751134085964234,-0.015624993948654417
Liver,Pregnenolone,-0.044349106013241935,0.009598403218636324,0.007194432391416126,0.029422911561776444,0.024116780010732756,3.4861746312521576e-4,0.019953656249476228,-0.0249270533445611,-0.025609213067155145,0.0026888861097243218,-0.018425334592763878,0.02805206178359173,-0.004772864923725703,0.018272802371438534,-0.04989275630422906,-0.00336535679520186,-0.014446080669408348
Liver,Proline betaine,-0.013064371078870042,0.010338246943375564,-0.006554436722996882,0.010060244021012722,-0.01516619647072516,-0.006674610851279415,0.01909716448008008,-0.01809265614863228,0.06058918625902684,-0.006161396333469829,0.009509977368395149,-0.040177701065051336,0.01126930642548655,0.01630042208370016,0.028836533190341865,0.12039656958044677,-9.399100903344395e-4
Liver,Propionic acid,-0.026626460416385785,0.011378972691803749,0.010933580211800381,0.00291675303442662,-0.03053435167475297,0.048705308927665995,-0.05450363415529797,0.02950937952112086,0.002933507969593447,0.00527650047743203,-0.02168482557829372,-0.014743734641837557,0.0031311415743634527,0.03340283246705982,0.061704589563430154,-0.011201912477161268,-0.0020292330731240303
Liver,Propionylcarnitine,0.02861815490596915,-0.016762436409164295,6.333422620652805e-4,0.0467527266633077,-0.019647795305325864,0.0065219597938429835,-0.04084373766839548,0.02304711765677159,-0.001422411450335055,0.028941029164782733,0.038179338510917954,0.02182477883281987,-0.04013501070972612,0.0316367439031464,0.03245132383678471,-0.011635717567463304,0.024843279935370062
Liver,Propoxyphene,0.04182740573392099,-0.04127046683564141,-0.00419540314162118,-0.03356467664775608,-0.02221448683704266,-0.010201294868783694,-0.00612372361271888,-0.0020295997514948004,-0.0029064751471817155,0.002588547953564849,-0.006813151034684686,0.015122988286590899,-0.005174204691249651,-0.0024562567916160834,-0.008184263483266438,-0.014758964843008806,0.009403414627129245
Liver,Propylthiouracil,0.03596490350640218,-0.00546115013902766,-0.04494100976558146,0.02848669433544966,0.027191126324923147,0.033488699958467476,-0.008736653387576787,-0.012643553668490435,-0.009980456940725526,-0.023067901467390364,-0.0035534378774697666,-0.01000198339456177,0.02323049294594588,0.01780733267722593,-0.005655957730596853,-0.014202525075947511,-0.006938146245983751
Liver,Prostaglandin D2,0.041596660556074326,-0.014925870640656072,-0.04660610139067259,0.0016629215775851853,-0.00673666114039503,0.02493335801936608,-0.006653272327104589,-0.016298603925266827,0.022460263456628504,0.003694052987335187,0.010621218165966931,-0.022873970559165017,-0.00181334801811907,0.013417867787315239,-0.010898901912560799,-0.02207832724436465,0.0233078301219314
Liver,Prostaglandin E3,-0.022726044083073254,-0.013333864400865382,-0.031419033078983964,0.003030048476808852,0.03010833917970014,-0.06430606512456212,-0.02051665616117662,-0.011776233814435362,-0.04602362566417884,0.016514022207821152,-8.252466465636372e-4,-0.013097267152834166,-0.04189738203107245,-0.005423964850320924,-0.025225435989100018,0.006633242536803807,0.009716797082108338
Liver,Protoporphyrin IX,-0.01007603553525471,-0.03094383204252014,-0.0017171171237743605,-0.05961334493147867,0.006972068536298553,0.02435361622638849,0.010611226349104186,-0.03800764810374023,0.007818743451582804,-0.04028148336408008,0.00838329548882322,-0.004323354050617269,-0.0022102384576571546,-0.06628011442942945,0.008487119242379196,-7.831679310093583e-4,0.011055072447442228
Liver,Pseudouridine,-0.004773942886477467,-0.045827902217269754,0.03186118642319071,-0.018078766913715887,0.006310763933641123,0.03778769396115391,0.03337305108917338,0.001818331829624923,-6.094581770521855e-4,0.04419692582616362,0.002998613730380217,0.0512848456255852,0.013583738416010625,-0.008571998487494636,-0.02807240753733147,0.008285459008576506,-0.026945640374555414
Liver,Psilocin,-0.0390900162589428,0.043919380432471226,0.0241370380028879,-0.01177540418958012,-0.014677328247229875,0.004489129951379598,-7.06467944763121e-4,0.009445661054341262,4.639927171471478e-4,-0.015406897490224482,-0.020830043350060015,0.005352683506202769,0.00814829756957969,-0.027206330982186628,-0.027153869039380104,0.017459203155793284,0.010456063731007078
Liver,Pterin,-0.025163144241141883,-0.010104522703097418,0.018664102218922732,0.0024242516327460588,-0.01593804255172929,0.025666921791780272,-0.04660235960530099,-0.008802885374033977,-0.057759949413499864,0.026782168186342374,0.004618960118251201,-0.03404077365898538,0.051035571656904866,-0.011787470782866776,0.0025772869178758554,0.05746617602278427,-0.014575136251873125
Liver,Pteroside B,0.0240468601948859,-0.020909335901858922,-0.01860242160835639,0.03104042221666425,0.053135695342104376,0.024019886954045645,-0.024445149369028266,-8.967835660150978e-4,0.04498981468555927,-0.032922704554661,0.01538587085437016,0.0076510635000807655,0.02395042100692105,0.009813810801517622,0.015923574013697313,-0.029380750479905408,0.00623020114496126
Liver,Pubescenol,-0.04183468479727957,-0.016179933409467728,-0.01897900412433779,0.0030869853944528194,0.033756827679770465,-0.03185631961082673,-0.006733086846465958,2.314500114763029e-4,-0.05500183269612806,0.006460690579780381,0.017607850015890405,0.009933625123126597,-4.2979498865166916e-4,0.015684654394738446,-0.011726003531488515,-0.007731880180543267,-0.010559042760249692
Liver,Pyroglutamic acid,-0.032456031455402504,0.024296041492984363,-0.01798973924221022,0.02568509035201151,0.012309234576511037,-0.0010722949024875755,-0.022302226089114228,0.018634392935440763,0.04189243127413665,0.003459371627304528,-0.05804459013270764,0.04311028232215601,0.007827517904697568,-0.01805597645081934,-0.01920174639676864,0.027943189578619864,-0.010029048717193444
Liver,Pyrrole 2-carboxylate,0.014667063691641662,0.024440514346152898,0.02027559847601058,0.0032281694521762126,-0.0010153266687374487,-0.041799408765115696,0.02470614563337594,0.018326029967192,0.03937283293019308,8.512937098154272e-4,-0.035884228744716036,-0.08718476539140085,-0.027336654350211084,0.014536071615963703,0.003477769308622946,-0.03276328128928486,0.07378668828776878
Liver,Pyrrolidine,0.004356146974604885,-0.04442489183664911,0.009925655103362001,-0.03342617708286448,0.002950213831701532,0.001991591155333308,-0.054441830494450234,-0.036930273223941885,0.001046803103063431,0.044598278598258996,-0.005244320985350062,0.046781629633698266,0.0021525246734978225,-0.0186246899616862,-0.012246635423842878,0.0035724429822691544,0.06581724971438675
Liver,Pyruvaldehyde,-0.0314541516088345,0.03738001062759156,0.03845481691172638,-0.00833062818161608,-0.0012832906770748444,0.012565400084003916,-0.04066918736658101,-0.017528861167113097,-0.0037982903853567536,0.026186171969011025,-0.0328668996935593,-0.006105401209033866,-7.347812557001702e-4,0.0202306963993483,0.006575755972241886,0.0091282316400313809,0.03567792748201399
Liver,Pyruvic acid,-0.020537946570445564,0.053924452339667715,-0.01282503430942311,-0.00859013099007,-0.012874709682477977,0.015421894052276496,-0.03459739081055854,0.02060060365961678,-0.021895460183243586,0.025464085684574096,0.008954965586132634,0.020312301193304096,0.019296206730747646,-0.0362797689998378,-0.0021944290406434846,-0.03730093497208444,-0.028696020821970477
Liver,Quinaldic acid,0.023711715799416618,0.016638772483734264,-0.008385744810238504,0.003453139149781798,0.026364138836845397,-0.01705602225310473,0.05617367261433648,0.04369701016011188,0.024160722197984402,-0.03011372670904672,-0.039061454126682583,0.04628846950405377,0.010086175317085014,-0.041902801974666545,-0.022606940945699275,0.0030954699796616643,0.002197495111109385
Liver,Quinone,0.012829268428690243,-0.011915608893554128,-0.009234126737444363,0.03314018713766589,-0.001631140083096685,0.02724384753652443,-0.031860289024923875,0.024953399386773104,0.04310481204969186,-0.004459013164360179,0.04142084468406647,-0.05801056482170191,-0.02528625733261893,0.0532249406505182,-0.04266121550056413,0.045486156458560904,0.009818048354344945
Liver,Retinal,-0.04965677560321287,-0.026596776065259845,-0.00553051469449969,-0.005797610391270848,0.020014995667258523,-0.0026424911666579464,-0.00827173928480424,0.007886148873856089,-0.03630514999703249,0.022482703920677295,0.003540896300769906,0.007997322765495512,1.006270579860802e-4,0.012179351820128663,0.006621236449114757,-0.008599788377812778,-0.011333971664657048
Liver,Riboflavin,0.004006315199575096,-0.03540177822736992,-0.03621971363844268,6.27139838646121e-4,0.030989018422187077,-0.05912615965459709,-0.0016171182443763912,0.029289942550344585,0.020136656044682403,0.023666479078652047,-0.03317453618230377,0.025589227059131518,0.017712776604158983,0.01297915048048747,-0.01309416719611207,-0.02743547684214957,-0.016357819378293004
Liver,Ribothymidine,0.01685113550445045,-0.027050872724169894,-0.0413615503878964,-0.0024449937254539243,-0.015933479060706083,0.032801800354729904,-0.048854196806420475,0.021265791059427813,0.03993098402339374,-0.034136345122468735,0.011077946783489343,0.003293249438473047,-0.04449961731348801,-0.004219508645065549,0.006102570118459027,0.007159753539360746,-0.0053829997567360665
Liver,Rosmarinic acid,0.03689334869852,-0.0030578310829690782,-0.0487740178187394,0.015898869593203968,-0.01920849506336518,0.034247737737978574,-0.0061539947653122306,-0.027048784702663593,-0.024685931317121677,-0.008498455763593434,0.0034717276167796764,0.016262447520978284,0.019827694714460276,0.0029203139412588147,-0.00116393362919206,-0.012329566950726808,-0.0013522894785299568
Liver,S-(Formylmethyl)glutathione,0.004125956088239299,-0.04757743482308289,-0.008078849737643926,-0.02649714407209209,-0.0197718967727444,-0.021627876489518846,-0.05795892801720196,0.004163467697694022,0.036904998397718214,-0.02109623855632466,-0.0011833429533010646,0.044710271129298915,-0.007828897018431431,-0.011399994020955305,0.002041416679880132,-0.015290480491224842,0.007931294642327523
Liver,S-(hydroxymethyl)mycothiol,0.026046483283715255,-0.009189851428957882,-0.05094785217718981,-0.010484815104842489,0.021188261016195937,-0.006391935329023156,0.016353951565477486,-0.01780506917535766,0.004520109591264494,-0.022656309437310885,0.021970930505231072,0.016855312975551238,-0.03291597231875508,0.029573461973346742,-0.01100280304088889,-0.07146044262021178,-0.0022032539571030132
Liver,S-3-oxodecanoyl cysteamine,-0.015926445969212333,-0.040148436142977806,-0.014537382072465176,0.0034138862039372114,-0.03906393116068329,0.02262997836110606,0.03440624131439797,-0.0654637087084317,-0.004906584789763654,-0.018988643875754985,0.01649650506768804,-0.015981582455491545,0.004343333444244689,0.012691736700806915,-0.013934933668577518,-0.02750804231304995,0.01677201116361701
Liver,S-Adenosylhomocysteine,-0.0077744333572626065,-0.04797473254576938,-0.03091199851653021,0.01854777449572525,0.0508987042789601,-0.010053419056437723,-0.026813079410181642,-0.01664593065383652,0.00735796006076795,0.004697467177986206,-0.01573320872002969,0.017038492141129808,-0.014801308721543734,-0.029755212653038186,-0.02100411671581712,0.010905852679596442,-0.02284604109900493
Liver,S-Adenosylmethionine,0.018874688870959496,0.0359194849968839,0.017680375919728333,-0.007118566225707026,0.03452090777790297,-0.026099126140395442,-0.02566968101327536,-0.006633811846435331,-0.004950366062160756,-0.0044825905067108944,-0.07763675984207175,0.014772067689225272,-0.04974323254314052,0.0023774607717264476,6.724586621719388e-4,0.0057169974611800305,0.024715334595045293
Liver,S-Allyl-L-cysteine,0.020180047264378203,-0.021684416656882533,-0.028609718595532994,-0.01439304869687168,-0.021212144439967908,0.010126943828679427,0.012173763569782526,0.0626916299324659,-0.01062875034872916,-0.025051486511993723,0.011856193950782965,-0.019969293259795004,-0.014947346519894864,0.02448210656241918,0.08403240282497382,4.4468504881563535e-4,-0.0022939532535937307
Liver,S-acetylcysteamine,-0.016275286278970288,-0.06820056254449976,0.0026348069166505683,-0.005551673768523257,-0.014749199272201653,0.0209153430703162,0.025061577502503957,-0.0057893192461127545,0.0017289397083496804,0.0026584984574938063,-0.017336894217515525,-0.0018867253024831207,-0.007580265196433769,-0.00582242021948898,-0.004856056700114393,-0.004156378597506247,-0.005301299300817186
Liver,S-methylglutathione,0.027249735040378933,-0.011305485800602678,0.016879153709837648,-0.013795962915129075,0.04095665578393797,0.008754211871725062,-0.05799902280150696,0.008545581624828581,-0.011817416473070962,0.018031960839591965,-0.03712448939642413,0.007359802299766221,-0.06808143427024499,0.0026024643261686182,0.007522559103047652,0.0015506338080957247,0.012766778437579389
Liver,SM(d16:1/24:1(15Z)),0.03246329119480244,0.030678058651657836,0.0020452769788215325,-0.007642810049282858,-0.027684075603020476,0.001387925943095735,-0.01123085179613358,0.06198603704359193,-0.0014450651411919075,0.005660085657335839,-6.261434044145679e-4,0.005389811714897124,-0.01536645761033252,-0.05973873825349395,0.03351941204000911,0.011966287998568713,-0.018376645347418504
Liver,SM(d18:1/14:0),0.03661412681830681,-9.968540048386025e-4,-0.034408138698642406,-0.03147597452972481,-0.001195837732130925,-3.7530280050417883e-4,-0.014956423102110962,-0.005632835404961644,-0.04503914118008479,0.024636639197690154,-0.004839932680055568,8.153011958751807e-4,-0.020864146613239102,-0.03186222794852355,0.037512696191381194,-0.04184096409402497,-0.009375005243544824
Liver,SM(d18:1/16:0),0.04230625107121017,-0.00752456408243908,0.02672650945540182,-0.017773164946905357,-0.0037106226857253444,-0.029282498300024697,0.013072234000665917,0.01069598936335793,-0.02668763820147862,0.022376625922439237,-0.017426538066849757,-0.013898908724065889,0.0536891524368466,-0.007194729639484911,0.031318583689515275,0.009680955035575001,-0.001774174791290141
Liver,SM(d18:1/16:1(9Z)),0.031170367546501328,0.006622220161454423,-0.01905445848180375,-0.018577478731303335,-0.04073765923160774,-0.011521983332520835,0.01821457022098339,0.011601500683576875,-0.004910700052101455,-0.05428677388266922,-0.021224174745255887,0.018886059884272968,-0.054170105655977976,5.120407019557347e-4,-0.04253888623490655,-0.03492601016768745,0.018539966925687056
Liver,SM(d18:1/18:0),0.03283427910578736,0.034076403998093134,-0.019745080092414657,-0.030794954163282946,-0.0020885170905934544,-0.016381909358957104,0.04583345510007485,0.022881288878604678,-0.0064604265911109675,-0.013600830003476254,-0.016427858078546947,0.013452321532016986,-0.03709514742812334,0.010740000377759525,0.02536494736232486,-0.017488962554085125,0.0041541148237809284
Liver,SM(d18:1/20:0),0.04939323723505032,0.017628237734431344,0.01484242864471804,-0.01752842732144964,-0.006881501922650026,-0.017375816676979034,-0.030488657373326997,0.01119303278115529,-0.023757016124293425,0.015255901124802105,-0.009310606083242233,-0.0015099822139500614,0.003928687011649847,-0.022669480369584386,0.013868259720302308,-0.010569231602484006,0.010786132709808424
Liver,SM(d18:1/22:0),0.04097739045529964,0.0076935885858473935,0.01912885193721816,-0.02992267689210665,-0.013948131378995154,-0.028424103177911452,-0.051581411534576425,0.02714850324708005,0.01492830355824305,-0.012993678614089984,0.01002566251810309,0.004794613480248194,-0.00635132796214928,-0.008550501804760312,0.009692778317951562,0.017905958068564314,-0.02014545516654332
Liver,"SM(d18:1/22:2(13Z,16Z))",0.04018353507490387,-0.01094291108179869,0.03499289592877361,0.03001660675878381,4.3063364469310845e-4,-2.456871890043145e-4,-0.018551215091919333,0.02552923663390078,-0.03468417792015568,6.718807234099109e-5,-0.019877911336378527,-0.01986339769022295,0.035819928821762506,-0.0028488998630944186,0.0019641647297050555,0.022988860868467593,-0.0012027080613240906
Liver,SM(d18:1/23:0),0.014278573055146574,0.0418789262670657,0.009256238065173165,-0.0157718541681393,-0.02124569645818597,-0.05787032156791096,-0.023856157210578,0.008917988709763597,0.009376932941684596,-0.029859599397545948,-0.052970451073759986,0.012546159611657665,-0.03416735849691288,0.01731267093854506,0.005210792770549698,-0.010572390220437877,-0.0032121244377331048
Liver,SM(d18:1/24:1(15Z)),0.0250010364199988,0.005377193233658672,-0.008865813717378095,0.006475591927431196,-0.04395338648811827,0.028341272415050137,0.0012909834886491592,0.02588928885435462,-0.058298334130131566,0.02636630987937468,0.03899204003819612,0.026509186077668563,0.014859716035512921,-0.04754352876815586,0.039036808851729554,0.02230086658142923,-0.005561960019895617
Liver,Saccharopine,0.0209193194572193,-0.012289504763265473,0.03079778974072369,0.010979590574750883,0.0222454237283833,0.011253286837633597,-0.030250241068461504,-0.06399668247649865,0.014757083836534476,0.013275865938163841,-0.015684252191217708,0.0722837797038269,-0.030558388239751034,1.4477855980417773e-4,-0.01694407421617049,-0.001465272099292864,0.007450155260728708
Liver,Salbutamol,0.03259093737706985,0.026672933514222234,-0.019447696774258137,-0.020818048914912606,-0.01905642074368233,-0.023136295778502833,0.02925287435534052,0.028199857727035607,-0.005186323420084908,-0.018949151510203273,-0.008839345928377674,0.03354368258552899,-0.042236601319623215,0.04734471523728957,-0.015456842627569467,-0.03112514943804793,-0.017058830076377762
Liver,Salvigenin,-0.023806618248698425,0.011122011056349782,-0.0144720367511172,-0.004186682911100352,-0.017296990342029497,-0.03234841307145065,0.005923930953627743,0.028876059736011254,0.0067546932518021225,0.016572661980788377,0.05419329670748807,0.05895776031470001,-2.1008984027774395e-4,-0.052470305215796396,0.025372753616758267,0.06918862379784918,-0.007363799021715663
Liver,Scoparone,0.04742535226059977,-0.003186923122131396,-0.030907513443795227,0.012534680175549671,0.010187634789560904,0.02043516293123539,-0.005705194393703855,0.011774001197655912,-0.012798379043276074,-0.03310922483500129,-0.02788412319321201,-0.009965273272098205,-0.02494120983368278,0.017837658152087037,0.0024738489427768733,-0.005352998580851512,-7.206507792465604e-5
Liver,Sebacic acid,0.013805115982909302,0.02562186641678993,-0.011375263732194739,0.005515599550035408,-0.02400314146458249,0.04876637397806048,0.006748595788478034,-0.04441857055448531,-0.01897743436687051,0.03909872545843346,-0.008412507376022211,-0.001317929246515932,0.07470695879739084,0.03744398017829168,-0.022220943684153407,-0.029454501681291365,-0.034115264041941484
Liver,Secoisolariciresinol,0.008262779409156611,1.787976746384442e-4,0.01929360137421919,-0.017280653795269732,-0.008132167820802103,-0.051937735932058714,-0.05367289250692755,-0.03371973935327515,-0.006878383046566578,-0.027506393808412716,-0.0610246777184073,0.03508369906842209,-0.019276968548878937,0.051671254321672716,-0.007285722367780425,0.010458282449967504,-0.0121788308943726
Liver,Sedecamycin,-4.125540905375159e-4,0.0517637594914073,0.021341217315163506,-0.04477928915592119,-0.02759446741844119,0.008183100691428738,0.006723886330799808,-0.003471007642438284,0.014106539227209008,-7.34795553665059e-4,0.008425607096042974,-0.039825062275641386,0.016521727240182176,-0.003382364183694819,-0.042891937372848264,0.018053902525659044,0.04563884451994069
Liver,Sedoheptulose,-0.03801586416362826,0.020518479219720637,-0.035498961492092855,3.340656254296649e-4,0.013386490389489162,-0.04534513465879574,-0.004818642446876732,-3.042103282963135e-4,-0.01595966895633607,0.010345946315175531,-0.023206428966839485,-0.033330838696879424,0.007850563080763078,0.003239345675338478,0.011085703492004152,0.040792636701310135,0.021546046590985114
Liver,Sedoheptulose 7-phosphate,0.02485887765820727,-0.037060274186639305,-0.02627348021379077,0.04212841040353947,0.010357634441870975,-0.029702073709066235,0.009812306551286119,-0.01840542069028439,0.030538126971372287,0.04220289148152203,-0.010408061135572107,0.02567209132923853,-0.013305225485507713,0.00506153918916026,-0.006043643265942944,0.009369284358400943,-6.67608733606879e-4
Liver,Sepiapterin,-0.03710029604899304,0.03403622057548917,-0.0028164037900604657,-0.022115584242765506,0.008632978042323856,-0.011308728481673923,-0.0019545801301197184,0.04415539196285489,-0.015638329582621888,0.02331052262690676,-0.03990989527330199,-0.019813585860500756,0.01789007821955326,0.004831804359323602,-0.03396707737708365,-0.023341498132187,-0.010573547768946538
Liver,Ser-Ser,-0.018935663806542324,-0.05652758172452724,-0.008430919195935992,0.003480806377272241,-0.0437188671153959,-0.016651270404306875,0.023390082951616716,-0.00811211428205069,0.024434651660080808,-0.027587193889117585,-0.00907202245272655,-0.011739980578515379,-0.0051193646076912345,0.011506272908258055,0.00786680063018392,0.00364430989503978,0.014730174577938229
Liver,Shikimate-3-phosphate,0.028960382525692503,0.024404637823196573,0.03158541075526837,-0.04307522230147662,-4.241566048499516e-4,-0.005965137589465505,0.016501459873826268,-0.020818120530651598,0.02402792546769632,0.010747759219484069,-0.032945538207095976,-0.04499288447422733,-0.03018093797923818,0.01278283272422664,-0.01582969308148451,-0.027980136173991546,0.013094792220448124
Liver,Shikimic acid,-0.007280580838497263,0.02705564715750674,-0.0052856359090170495,0.013490356112206059,-0.03701509291340131,-0.014261906264313928,0.045578560457679974,-0.03843275185322252,-0.025879059910289298,0.03846719920051325,-0.04184560016976607,-0.044300455787058324,-0.0179378980216852,0.007837194005204542,0.010171656160271566,-0.06378117083878013,-8.893261906967127e-4
Liver,Sorbitol-6-phosphate,0.025020642122904203,-0.0018382012611104623,-0.019985834803828182,-0.030360837577462437,-0.03954717558530676,0.028131229097044033,-0.06227194098981573,-0.022560816219200527,-0.015875438393240494,-0.0035030843686091333,-0.03982288555516752,-0.03317786267771708,-4.705575855537059e-6,-0.013295702419360404,0.0055439672295003,0.0017507170260356486,-0.013221080145945792
Liver,Spermidine,0.02820057287704656,0.016562559382392834,-0.016339584717974056,-0.01426390177216543,0.019373937636148007,-2.0874601268388687e-4,0.010714945538419562,-0.028891526324819117,-0.008988566687711272,-0.037950691066651325,-0.023219276702675574,-0.08189083818629808,0.017361752609349284,0.045125873142582144,0.037228904257657985,-0.014747996930132387,0.04542843975051425
Liver,Sphingosine 1-phosphate,0.010268835710221268,0.009226288937532513,0.03922706057340893,0.05038279340412775,-0.011266124466174124,-0.029125428004827064,0.04623487176921975,0.02927749895320885,-0.007736289968768721,-0.0023951293143486627,-0.023147271047455713,0.01809924583826365,-0.01448253558656771,0.018761483672229597,-0.053534645920911776,-0.017519360430902815,0.0014892405330459223
Liver,Stearic acid,0.032107621257846324,-0.030236484726719616,-0.03142051557844182,-0.012635080368650232,0.012751179983022356,0.05379461423297422,0.009904693904370945,-0.008954393057057648,-0.026252012824664026,-0.0178781302762751,-0.038220478676969094,-0.003301170255523903,0.009591899255985616,0.004859110101845133,-0.01396551095323721,0.013851113295342827,0.009140809903956345
Liver,Stearoylcarnitine,0.016901228623892976,0.018032388876352952,0.01450124249345467,-0.004545512748926928,0.07798258839288978,0.03879172413698944,-0.011577467737172116,0.00987221639168141,0.03250522261735693,-0.011240246367506878,0.02084373693232816,0.016612511724157727,0.012148790070546494,0.004735783443471633,-0.01785837747106865,-0.016938083963536105,0.004206653664649726
Liver,Styrene,-0.027300443516012983,0.0029312742263605178,-0.013373056525598262,-0.0024382438288757255,0.018203536426657434,-0.004192459171396195,-0.004052151816059277,-0.06260101140665199,-0.021729186213666072,-0.009640242390480794,-0.04597202267978312,-0.03518096974454904,-0.03301325304478684,-0.05822873764757385,0.029885348070054118,0.0440906181999549,0.00953792837487595
Liver,Suberic acid,0.008826782738874403,0.021822911322299837,-0.04207900965907137,0.0055391616423765494,0.012021367710039838,0.016847148102147613,-0.026513374698876567,0.0322145988853354,0.018199972930186346,0.04961964324955099,-0.00432859707673383,-0.02061541523630122,-0.05464248247083754,0.028666575792724667,0.06554772881260937,0.011841960615922607,-0.01821688868882326
Liver,Succinic acid,0.014428424945982595,0.03676619524323514,0.036603641979271996,0.027171650365432374,0.009387335560962247,0.01480237657232258,-0.02155879621896316,-0.009743836077117447,-0.03290026685133966,0.04942846066221054,0.0028539324958972117,-0.03452812034740225,0.020705188698151893,0.007194484583584327,0.01712227102537623,0.053884064431059794,-0.01332510068271484
Liver,Succinic semialdehyde,0.022781015144742126,-0.02409990659606671,-0.02722171087542099,-0.03782525354967673,0.019641521560582912,0.039911090887235386,0.022723131167592118,-0.00964996570355761,-0.004614469394720776,0.05367623603344462,0.03354505702311267,0.01015072470431532,-0.036969222519271455,-0.02353149041483016,0.0063162704632901585,0.0082462658120661,0.020179662874445187
Liver,Sulfoglycolithocholate(2-),0.02046998198960139,-0.002369212072712565,8.891213063754018e-4,-0.014383669899135438,-0.012130691224950614,-0.038601766929652524,0.04088917066835757,0.08170639022207139,-0.004525801998066288,0.01170952710450719,-0.03810527250577822,0.02755766767335342,-0.008867649154957562,-0.013329531720426266,0.04348692345399177,-0.005843690021860645,8.4278713041505e-4
Liver,Sulfuric acid,-0.01998990278537624,0.0562028598092439,0.007508656392829435,-0.03932457663979327,-0.00351454704572779,-0.0022341799806096315,0.030581630500839892,-0.010697534739083163,0.016583121392155578,-0.005079103077525128,-0.008785401551784965,0.015361902517904818,-0.0322125809432484,0.01858258800578365,0.0034301619227341796,-0.0071276562265551735,-0.050809633619443066
Liver,Taurine,-0.008778685126042688,0.0034485340027481546,-0.03868975085394222,-0.06819183033254603,-2.9046371649962707e-4,0.03493503562888631,-0.026782005485001925,-0.0172754356766169,0.017456223202069618,0.0016958598794476931,-0.012496340640825975,-0.002053325411054846,0.016545935358776277,0.03523191010967579,-0.01941181206794673,0.005904904326518538,0.009235345689705736
Liver,Taurochenodeoxycholate-3-sulfate,0.014879202207517556,0.003604347500572253,-0.01976856635173311,0.019972093076601045,-0.02515233280743524,-0.042862731852705886,0.03582433153667272,0.06581610523109203,-4.546477282287166e-4,-7.462821953337324e-4,-0.050147179233934004,0.04322830605095162,-0.0320742262344353,-0.012836070152435252,0.005189915689926512,-0.022053745687704334,-0.006232526144249214
Liver,Taurocholic acid,0.028393592628343657,-0.010948387232358912,0.03524290962111654,-0.03140385898660199,0.009781338605362622,-0.023822276255786257,-0.02034825142790941,-0.0022818211612929563,-0.001784783837875819,-0.004241719040388415,0.0657542783221385,-0.02346048051187639,0.012396871775912472,0.024111112543810053,-0.04210271735304938,-0.03920587592372829,9.762869500818827e-4
Liver,Taurodeoxycholic acid,0.031721356485759376,-0.003609983588104167,0.008650542524958005,-0.02995047831650353,-0.029476272924510567,-0.05309432485517731,0.029692629886553606,0.027604583766953447,-0.04354225439493366,-0.0029633181550545863,-0.01483888896966426,-0.029726611825965817,-0.011952335133139782,0.023144126918672382,-0.006001064826500484,-0.014583465784415394,-0.0012586980614145331
Liver,Tauroursodeoxycholic acid,0.02809444386221536,-0.012721432315544396,0.060558222964242535,0.030453726308401194,-0.006080548260633186,-0.017453128173555925,0.0011058215506608417,0.003924835191443031,-0.025457281103788754,-0.01378170490712213,0.012317645568353864,-0.028336562656150862,0.0077250323540523054,0.0021698415997846087,-0.013947321019537834,-0.0027494991223195597,-0.002663394913715052
Liver,Tegaserod,0.014930533068626949,0.021520672477234614,-0.0018606433634420093,0.034499727055057036,-0.011754596076988907,-0.013251927288906257,0.04681920097367304,-0.022365054934561902,0.017890232590920912,0.038351523261969396,-0.0021070589375893315,0.084753649437984,-0.008236079134449095,-0.04154664950864626,0.020166491613735568,-0.0045534760760590045,0.00495542229480083
Liver,Tepilamide fumarate,0.00743506844952299,0.014914724190807516,-0.0143597939092764,0.045965200570543485,0.020150268210854996,-0.029740503436812407,0.01879784333670494,-0.00448873336668206,0.012477014058353721,0.02918433024947684,-0.014161066495596567,0.04677045196159038,-0.06771958688884609,-0.008457071496340977,-0.029067752248345086,-0.06842780073034903,0.03957463864613692
Liver,Terbutaline,-3.4798338612520267e-4,0.047507500460268526,-0.014703796632486863,-0.009565563858531878,-0.014220774708219789,0.043645421713698236,0.027225217909027752,-0.0132484059805495,0.04348498496711736,-0.009384190470221565,-0.016191649667155004,-0.04967295313057542,0.04065462844041366,-0.001900230281596666,-0.02205042047690182,0.021450495996535555,-0.009749319256091219
Liver,Terpestacin,0.008912952301248715,0.017863931873998814,-0.052196551309591374,0.007260431785974817,0.038759272478883895,0.04222101154516742,-0.008338429259723926,-0.01888481623372683,-0.006040174860568691,-0.04102136669962421,0.01841085402298557,-0.0031146029867941756,-0.03876223968104238,0.017890871642720584,-0.030153486475154763,-0.019414129776012982,-0.007020231288354648
Liver,Testosterone cypionate,0.030692586457630736,0.005529251898388362,0.026513268121204518,-0.044886338253088444,-0.0255727718806834,0.003007771180982604,0.013526011844104058,0.00859817794651371,-0.035066019540373916,0.014292359429603475,-0.0172998432771805,-0.06605239564878378,0.008451177629939077,-0.010330081578659485,-0.021573269925323286,-0.014676934956681709,-0.006297758685769566
Liver,Testosterone isocaproate,0.039514232815219284,-0.002389818555347082,-0.0020251923875910785,-0.008511770618426475,0.06772398590381454,0.008052287943249891,0.014083715850366243,-0.012839736023985053,0.023324620880180728,0.012882855840098632,0.0015353789962685071,0.00973295445762724,0.0074032020631105535,-0.012200307535962731,0.01150513208987625,-0.02674170059720163,-0.021654953066630733
Liver,Tetracosahexaenoic acid,0.007356271467115616,-0.02592427769753762,0.0485378679979732,-0.033401847020262145,0.0391899288271951,0.010063967228606939,0.023196941382665023,0.011733453614508584,-0.010134837004277829,-0.010930737977906257,-0.017663513046730583,-0.05682977427543873,0.0024272233725205795,0.03126445904268837,0.004404354967639093,0.005538674608719609,0.016662971321302296
Liver,Tetracosanoic acid,0.04069725875110171,-0.020534557324803734,0.022113213268577875,-0.003602257584989943,0.004573792959437793,-0.03174346016597373,-0.047774657683424496,-0.026880875950695274,0.004860622457489971,-0.007290854056355529,-0.016738006177162378,-0.018075772678125424,0.030820848069751244,0.016805812665103375,-0.01775102466871438,-0.0034611940412949834,-0.0040592993747771144
Liver,Tetracosapentenoic acid,-0.018752095122963153,-0.007468682577689319,4.1201522264684855e-4,0.013464824745838346,0.08356910935222056,0.005132475863005391,0.028918270760138465,-0.018408476616507193,0.0216576523825787,-0.03638868508146076,-0.022700646370506325,-0.0021954633230821478,0.00847947831958385,-0.012676936870828475,-0.0033582986575436285,-0.004808520357381679,0.028656908230593074
Liver,Tetracosatetraenoic acid (24:4n-6),0.0058314819051980705,-0.02061932270905831,0.01117809699605965,0.011653156599232805,0.0899715104869196,0.008068374122915757,0.018978598211546252,-0.005033588110279308,0.0054850305216128294,-0.03632970826228468,-0.009917806140753188,5.041636087467902e-4,0.005224094425398946,0.004725116304200865,0.006375790065383092,-0.020530891066579227,0.01219232266603702
Liver,Tetradecenoic acid,-9.480011369951513e-4,0.03505935175988928,-0.053979145671025505,0.037678909175384606,-0.004585132203265122,0.029003545974583985,0.025745624685770404,-0.006676047999830446,0.012576141728320857,-0.013091252615266648,0.011063558465654422,0.014620833761158414,0.017089328874764814,0.025311576022929362,-0.030357001977649855,-0.009955056301645159,-0.010366954089704034
Liver,Tetraglycol,-0.015161139877457649,0.02888930293431221,0.004141675027787748,-0.006839625435805243,-0.006749789786955645,0.010700886121257165,0.004423206634007387,0.06267426961110091,-0.016088133964084112,0.005316854490983758,-0.013201807248885169,0.029069467636141735,0.012445914570347357,0.058121129521595635,0.08940090753903533,-0.02285777446417645,0.004061299767654644
Liver,Tetrahydrocortisol,0.01667196332329704,0.02417960053934406,-0.0072383873809806635,-0.023258603227056283,-0.025379626373282334,-0.024735025647624434,-0.04417801555594734,-0.058460349938420836,-0.03450867327520013,0.021536926894740065,-0.0022236822401614756,-0.03286919067909429,0.02005886964401615,0.04331256916042738,0.022066175536412422,-0.03377028873373346,0.005783936631269249
Liver,Tetrahydrodeoxycorticosterone,-0.034482152552253544,0.020629193123120337,-0.026482897738894694,0.008495126543209873,-0.00484888904096783,-0.0027032250367557188,3.3086122971785905e-4,-0.01875099619256525,0.04559538980243959,-0.02765937994394708,-0.010441328132596055,-0.05921154657788819,0.013135371678829987,-0.04836187384292518,-0.01592983456435068,-0.0198742873611383,-5.844220355560118e-4
Liver,Tetralin,-0.04711315604938492,-0.003005870222830047,-0.01636348688432299,0.0083719658380009,0.027961199496583797,0.006791527776688261,-0.036073323622181915,-0.02634818392219221,-0.011391425519749407,0.024414713902006124,-0.0174486853336263,-0.005981424157652748,-0.008019946781777051,4.226453410936866e-4,0.033058271187657445,0.013589721696719684,0.022740669933211458
Liver,Thalassemine,-0.031445317659938236,0.04746402109021285,0.02165997677680084,0.007244794513386584,0.0035654749947781113,0.0380297734694932,0.01380884625710754,0.020461040604017874,0.028255808495019376,-0.005262384934292414,0.0223324184538082,-0.010038225260654943,-0.010111093723129124,0.02241011222523322,-0.011428005157535932,-0.006480904178335292,-0.10688272410613127
Liver,Thiamine,-0.047076252991758764,-0.036547132495653285,-0.013581837389852896,0.0037007166962747477,-0.0036115078640404216,-0.018887604865852402,0.009145894257656786,-0.013638464216163926,0.014867100697175532,-0.007642079563849892,-0.01573071699031254,-0.0030388253265953877,-0.011676224923426463,-0.010595124780652812,0.017433760069654858,-0.018519507194920844,-0.003084820608268969
Liver,Thiamine monophosphate,9.605871433150446e-4,-0.028733726162405555,4.330043106599562e-4,0.03878398959807088,-0.00646048385858898,-0.06379074415784508,-0.021146286793720374,-0.04062575714672017,0.0509014194930578,0.027960149811860468,-0.02053456172072242,0.0034641518535196984,-0.012966778371459617,0.0023384893611976265,0.029416680524920885,0.005593292276687039,-0.09365917933776405
Liver,Thiamine pyrophosphate,-0.028153013715554183,0.044513134935967424,0.020766925157384424,0.009235688866094612,-0.0035647315536853756,0.01952817494177669,-0.03166987581036341,-0.03233474644923212,-0.04305943522352256,-0.016223683200377776,-0.005504156093686787,0.029434207727419157,0.0037788643537310547,-0.005514489854068291,2.819740591471267e-4,-0.030129691208440324,-0.0135003018523697
Liver,Thiodiacetic acid,-0.005330740247632958,0.006458761314667736,0.0263739099077984,-0.04354817372797338,1.2774005470369451e-5,0.011873909794859203,-0.05620021223594596,-0.04032735863751988,-0.010267964845270155,-0.024442580189195522,-0.00661750074431081,0.03188910138910213,-0.07291933088295244,0.01742400125031051,0.006850501315576626,-0.02121926959780435,-9.77814439700147e-4
Liver,Thiophene,0.029375168867118377,-0.037059333445574896,-0.024344688311685535,0.011598724435580837,-0.02022568053134504,0.0046718224051190025,-0.05641036104874429,-0.006246015758296315,-0.04090287251595125,-0.013072038697268914,-0.0014998519755015027,-0.0014229181401767745,0.028738710872365448,0.004564652490671821,-0.009074864167284464,0.01120837548360534,0.003143718112418379
Liver,Thiophenol,0.026042559160882578,0.004338279256480305,0.03992732055260177,-0.02131096834017921,-0.006249214557146965,-0.03322580275264853,-0.03588267263315024,0.018019341512486596,-0.04718971531816616,-0.03847513715219464,0.02331619494123253,0.018276404286988412,0.028920452412374217,-0.029983189981632817,0.0032564617789966714,0.016306885364579707,0.0341069561387802
Liver,Thiorphan,0.05066846166709119,-0.007941121711239075,-0.028442757045627588,0.013813514478442548,-0.006128791136607276,0.01774465985914461,0.0010366514612779247,0.01995467823374873,-0.02262433390492951,-0.010542118324856327,-0.011666474624376805,-0.0013822630696129195,-0.015822112295774786,-0.013797972516442245,0.011740767731503487,0.0030114024778456136,0.003990793633183829
Liver,Threonylglutamine,-0.029275974351545126,-0.032115257928708195,-0.037348872483477874,-0.020922164486540173,-0.017579253144711805,-0.03540356786397329,0.0058396155849417646,0.0038492833445316595,0.03304080853284227,-0.04070272736170818,0.004035689755765956,0.010377636327841267,0.013058471896425321,-0.0163377006102225,0.028686387334257032,0.010366999110675712,-0.019571311349773426
Liver,Threonylserine,-0.030883929340224298,-0.042364936267261434,-0.041028914610805094,-0.002675023969609893,-0.013554655585096108,-0.035781255591921024,0.014504216653924382,0.010726442469231089,0.010093661342918779,-0.013876662581511792,-0.006690789992274819,0.0010068747852486127,1.384549587831138e-4,0.01981443752459388,0.006417173597344545,0.01595008068597667,0.012037803339369508
Liver,Thymidine,-0.011954674435074584,-0.041356679824673094,0.01615490914053211,-0.04334757106394795,-0.002536470025254981,0.05402137229855563,0.028077926347805822,-0.013098012139980287,-0.02123146701512322,0.021420211062028224,-0.031770192174319443,0.01911431193675967,-0.018973298153187407,-0.00600002316499688,-0.013694869060828285,0.004643601432479552,-0.0019595993215267174
Liver,Thymine,-0.01620141423882873,-0.04067785062798292,0.014002533214436745,-0.04293818227263953,0.0027941381818678743,0.053127573793974495,0.031293545833299075,-0.00806785924591391,-0.015062841796296233,0.018142714191502835,-0.03214906896817169,0.02201161858053569,-0.019388246404551095,-0.008650091737030715,-0.013385927662780423,0.002238549168962466,0.0022483906565115685
Liver,Tiglylcarnitine,0.033369127150174295,-0.02696502849392136,0.02377309849953008,0.03521474984963503,0.038981545859899956,0.00915011991362646,0.007841660164353075,0.03173155907499357,-0.004891101495810058,-0.00192099995557654,-0.0013246271365029304,-0.03666742537843896,0.026490759751045208,-0.0017101716584865152,-0.02951380837096624,0.0034396644477019153,-0.006157398973767606
Liver,Timonacic,0.029235362699389523,0.007960775215115215,0.004544747851021651,-0.0015326767002314084,0.07223570913182564,-0.005883465035901639,0.03146611452876892,0.02730600424703411,0.025337625370012256,-0.008926753531964097,-0.032944390690591956,-0.013742701723762374,-0.01932148469074644,0.003193008979046013,0.016657769331630184,-0.006941437549494869,-0.002887869826172369
Liver,Tiotidine,-0.005394410109875482,-0.009922409671147856,0.01832981079415711,0.006283660167430304,0.022139850745248775,-0.02045861638367637,-0.00711152019450389,0.06731099156116051,0.009326314807395658,0.054358952304968136,-0.0332340835823803,0.07562100962126996,-0.01690473422915378,0.03412938752704115,-0.024969297359749426,0.00658778788964038,-0.026463295307984823
Liver,Toluene,-0.004480326263838765,0.02286222730810717,0.008730030763677126,-0.012148959656361483,-0.015221997701513465,0.07000811851257724,-0.005206466034737949,-0.013275518003376703,0.031134995378995424,0.047847009955778425,-0.042111862037078354,-0.01467840111807114,-0.023113450285624643,0.03365041341759901,0.05221956513211056,0.03162965963913915,-0.007317743743361643
Liver,Traumatic acid,-0.03851231920198505,-0.02016837030907281,-0.007234019744022132,0.03664921609158979,0.02043074397895112,-0.01617571889611113,-0.004290520021095595,0.017720150910371327,-0.06107926824336553,0.010204941246708827,0.007271001201231111,0.018120314537322123,0.004923000425195788,0.022254646918833488,0.008307085533600624,-0.01628214526719401,-0.011082869243520952
Liver,Trehalose 6-phosphate,0.041293148703318024,-0.018353536939932944,-0.03707009516393836,0.027920417285073,0.024656053863077912,0.023475866122066324,-0.013838551507777005,-0.004806610552650086,-0.015532493848899827,-0.019449146667078938,0.005770535090533231,-0.019313774339532727,0.010518010146630749,0.00740880703387804,-0.007330683075985744,-0.005234403495143063,-0.005119575421941932
Liver,Trepibutone,-0.015607593101684872,-0.03975560018101982,0.0037891365184466227,-0.04841878584973744,0.01106521492676188,0.04562371169322276,0.03380994865496244,-0.0025798172889403134,-0.02276707405844823,0.026795860411179734,-0.028706846397265225,0.007296298408050461,-0.02784890654658118,0.0017407260027535038,-0.017091047413625812,0.006534965313339157,0.006899741092061896
Liver,Tricosanoic acid,0.031111944508377044,-0.02338506210752978,0.028422361320263937,-0.008458255443502356,-0.005581665637853049,-0.034727030355901335,-0.0579775965066382,-0.03159349150653292,0.009614262171261297,0.0018118482106670936,-0.023436579457857626,0.0029674970622885913,0.02686795161969507,0.020660823922163653,-0.028315745256297552,-0.006733066930798031,-0.004453776846957387
Liver,Tridecanoic acid,0.024648489193892252,0.015696630324210547,0.041136554664261867,0.02919491792437243,0.02052204175469167,0.01092041811427864,-0.010199208152349775,0.0027790331124532414,-0.021880760062338977,-0.055708135525847594,0.0021227388159687915,-0.02485923761098038,0.052664729932568204,0.018561970166308586,-0.02261780965779495,-0.027974855558313843,0.03397151764974751
Liver,Triethanolamine,0.036114111404591615,0.003954154228433994,-0.023184274551178448,-0.013259941742110003,0.008078332507101445,0.018278426013744884,-0.05176846827617818,-0.028914374905122345,0.03738937839799187,-0.014588130336586444,0.03026730827550004,0.022295421177609222,-0.046800046953599676,-0.002216174354712808,1.2632417876778037e-4,0.002675218727654136,-0.025198859595706585
Liver,Trimethylaminoacetone,-0.0066668367394452244,0.013579940030076143,0.029996060706563486,0.010628516518668559,-0.005710088501006615,0.04727159736527748,-0.004370797636433268,-0.0335098157369,-0.009995276877149023,0.013134176419696497,-0.07559275676014353,-0.04797642965935584,-0.02517190555404226,0.05315513517222699,0.02440575893927314,0.01650235338829967,-0.024341369340836753
Liver,Tripropylamine,-0.005986224629158849,0.035934702315651205,0.030699802916759708,-0.001893583718108091,0.007067068342533062,0.01847882899964548,-0.0015637159733397524,-0.01417306444717896,-0.049333414627822,-0.040731141315481924,0.025593535974411875,0.06399459511044797,-0.008876427629069475,0.020624534488652518,0.025949983736439964,0.05330119496442352,0.0013211293000476335
Liver,Tris(hydroxymethyl)aminomethane,-0.004223012473235092,0.036398087079981545,0.009960182321184528,0.032429234088142564,-0.006490876823802926,-0.044766573815758916,-0.007626180529229057,0.007673319475160859,0.03151950391838235,-0.0099943812075338,-0.029629207396327434,0.038151882634698125,0.0771203603123851,-0.02358095389051637,0.016986562238170005,0.01985336486752937,0.026560640794508608
Liver,Trp-Phe,-0.04882447172761255,0.018573872011954682,0.008019588912927965,-0.012145584968086988,-0.01897602544667308,0.01579029451740295,0.003816206570925708,-0.012339345690120003,0.023544376354179913,-0.036492205689607655,0.004260763264241303,0.005251118528256198,0.01990420606278842,0.0024951755644962623,0.02043412392320066,0.031017761765190128,0.010621518694480836
Liver,Tyrosol 4-sulfate,0.04401993013882933,-5.770155897164152e-4,-0.033876218352743,0.02332238700235961,0.014444845781865421,0.03356137060817978,0.008378762956310017,-0.006632251867092414,-0.024202112138316547,-0.018017502256907122,-0.020978842487085782,-0.011595479012196905,0.021738042187050884,0.015588637629329886,0.004986634692252091,-0.008401919094033523,-0.0019444881065063986
Liver,UDP-D-Xylose,0.03135842365680985,-0.006892756596144461,0.011324600957624144,-0.01101916931642953,0.05573769151697879,-0.04663383804669078,-0.022200828606073753,-0.02498925180383166,0.0293990300396792,0.0320260848434238,-0.02188831674034439,0.019905707939300386,-0.008570888925002903,-0.003005903487583589,-0.0010366788590399608,0.007211653519837969,-3.651650401010468e-4
Liver,Ulodesine,-0.0018141413526871354,9.980001018360727e-5,-0.0625599404193037,7.513667015121581e-4,-0.011144695562860601,-0.04387309906122036,0.02980794429016317,-0.006068438010470121,-0.022568498041432582,-0.028557513421271007,-0.02428604807922173,0.040460165890677954,0.021620720482676166,-0.0011026751754235598,0.011638804547007709,0.026960499799823793,0.03129548411472682
Liver,Uracil,-0.014573436143456044,-0.04810840250258458,0.019007714739711523,-0.002668274584488219,0.042026916659217345,0.03017525383574625,0.036828003438053175,-0.014116185381590114,0.028566437312673627,-0.026471981286780594,-0.014298831371018266,-0.021652123494448925,-5.501589521291476e-4,0.009833627084372187,-0.022065740160599142,-0.016946510128495643,0.0024170010390677614
Liver,Uralenol,-0.039487246701370354,-0.030142722089420194,-0.04076368662991513,0.001129408073040074,0.021026786481439727,-0.011419471137040546,-0.021567941027656478,0.005308404757253037,-0.018598821654979406,-0.017463538485274495,0.003921982271875789,0.01693124399511182,-0.019862673612038678,-0.01035044208273914,-0.00368709101860767,-0.011432267225374137,-0.019835951028227213
Liver,Ureidosuccinic acid,-0.015982496212036852,-0.01537161490861064,0.0010043025640188896,0.05413460570796578,-0.01643085831615379,0.035562963584817336,0.01234258613720453,-0.04567233102983419,0.004185172629842669,0.008232051813070117,0.006187000995976542,0.005431804203923338,-0.04068162286689474,0.03746387777280432,0.029559365063152373,-0.06343279643241143,0.008120919752167981
Liver,Uric acid,-0.024644278145809793,-0.006323032368720998,0.01678478454593072,-0.02820283104448277,0.004533610149127934,0.035007167103221756,-0.02507131133266714,0.008422020189509926,-0.02431106416278696,0.010948911858971516,0.006718430498018926,0.06369034303428343,0.0017525591094731646,0.012051236970162017,-0.08545954885206263,0.03658898677005637,-0.004316734430107324
Liver,Uridine,-0.02638280441069996,-0.008069637691500108,-0.04779240390984192,0.00533403118199707,0.005876641176820578,0.020098057894455092,0.022315328280117633,0.04366173419927723,0.02727993777249118,-0.0116853723100617,-0.04794278209474848,0.02197329057733957,5.148757449339182e-4,0.022133464944542967,0.03254741247562791,-0.030698318678623767,-0.012112949600129624
Liver,Uridine 5'-diphosphate,0.033154313621417776,0.003856705089921408,0.020851746372620182,0.013797986958907575,0.06036749660301705,-0.028058369675280827,-0.01318043513086276,-0.01796971821578614,0.026741727026981604,0.019686951231418115,-0.019395013014473966,-0.01697070089928737,-0.02920537081222588,-0.008496648538160345,-0.013718234496894384,0.027723950753119175,0.07178078920523843
Liver,Uridine 5'-monophosphate,0.041216475040520895,0.01690951868926983,-0.004524103155615836,0.00835005355764072,0.005625043044580968,0.02250119587420071,-0.005636943985097971,-0.04196178147959183,0.008666170893021968,0.004547357122222903,-0.020106166348542665,0.04244616975180885,0.05571816554729769,0.02566542060897467,0.023743628842761644,-0.016308124531440444,-0.045738438215609745
Liver,Uridine diphosphate glucose,0.032479064146379945,-0.01727895102220173,0.025936649039092777,6.897849548165546e-4,0.05052636213272971,-0.03713711201679036,-0.029645040057000274,-0.019634773287742983,0.024005414371406388,0.019617493391860807,-0.006189452218616545,-0.0186340835518634,-0.020803063282070898,-0.010722625527856505,-0.016595328208873855,0.02206069962174785,-0.002305556296069356
Liver,Uridine diphosphate glucuronic acid,-0.026104459462333855,0.013560279247872616,0.030387587500908,0.029609060534314342,-0.030403700836558557,0.025093384600347816,0.014788778519761897,-0.05699341695856409,0.039189681308444094,0.018302126670281225,-0.030005309837795223,-0.015831630713066095,-0.01823517047709085,-0.008048679916204178,0.021499808751188624,-0.0024610719511828534,-0.005123769668353757
Liver,Uridine diphosphate-N-acetylgalactosamine,0.041460621000970053,-0.012704599138742183,0.021951056225818468,-0.0068443334580016255,0.056723196706260776,-0.008082708182663273,-0.016604672420018247,-0.005172094463323879,0.020358761719989762,0.004353815282228522,-0.020700495841602776,0.009008447028264926,0.020202279705152613,0.0011360419693071627,0.01576347721436762,-0.006596837384804173,0.0075631229401554225
Liver,Urocanic acid,-0.04184755806187262,0.024777899869201644,0.026110844829322504,0.030010532959609204,-0.01190477546063245,0.030633433755338627,4.6665344633463134e-4,-0.02096865067295692,-0.00914367301037594,0.023096988562494997,-0.027560054007083147,0.003979154723758308,-0.0012127665299161371,-9.108255563450922e-4,0.006397827090707847,-0.021985181341351315,-0.03125842430382861
Liver,Valerophenone,-0.04301066007516236,-0.012672085654434138,-0.021663091852329532,0.01634753253346433,0.03636067797952393,-0.013853579084823034,-4.669272908182682e-4,-0.01764496256093766,-0.027167001991424158,0.03395583652452846,-0.014547428997326937,-0.020357315189389855,0.022057031650989843,-0.006904551841649587,0.018904513065134583,-0.024694780735975704,-0.008832908686485817
Liver,Valerylcarnitine,0.02245433819938868,-4.1163106110205194e-4,0.015493071332172518,0.012930594951630315,0.07819705151468154,0.020772159709072854,0.026966933692319978,0.010635573311472397,0.017056661954133183,0.013817508923099572,0.018459224624093714,0.014794247166802886,0.032014434415442404,-0.016105566608668718,-0.028101203545573317,0.003952872553885239,-0.01041849539439032
Liver,Valine-C13N15,-0.007440743530132771,0.04716522134085804,0.03822502700188982,0.017390191206594723,-0.03840200128378458,0.02766804673992596,0.01540583795083919,-0.021870906190311862,0.005537672414336585,0.023692826547706856,-0.01608751322994272,-0.03043047291815041,-0.015097273509477137,0.019045359426982215,-0.016442195929109674,-0.001487447064717945,0.07979562027140806
Liver,Valpromide,0.010222159672567713,-3.75424418154388e-4,0.029131564126378767,-0.011867183554569033,0.07251338699617077,0.036011742032811996,0.03513692477923859,-0.02655732105832946,0.03185283549144057,0.022890424622749938,-0.016207398629695932,0.0033962333883218363,-0.005462522600402944,-0.012868226983657598,-3.263578855999888e-4,0.012165414909365409,-0.013102511942129195
Liver,Valylvaline,-0.03161747652077897,-0.009318822393178052,0.01991697239530723,-0.043956130146685694,-0.01499589700051994,0.0440252944132886,-0.03162479465983229,0.004361189252549191,-0.020621770750278105,-0.020200998971559535,-0.028764493985087666,0.02541852333046106,0.012767558011539394,-0.03449326957326685,0.008335402537140608,-0.024960160991111657,-0.0031378560178150923
Liver,Vanillic acid 4-O-sulfate,-0.033412286230393086,-0.012727797147390661,-0.0012082173789151615,-0.040019746743384786,0.03392993712282112,0.03341206225065105,-0.038702760420744615,0.009566189829386909,-0.008219150468128692,0.03318182870681002,0.011449392405761195,-0.014555116945388368,0.02498417742934733,0.015653210346512944,0.028705151246442958,-0.03018210949984169,0.024120874470370018
Liver,Vanylglycol,0.007841063554030093,-0.03309997863321653,0.007009823942288324,0.02740563491543746,-0.0156706270141997,0.05202733531480743,-0.031046301789550805,-0.0038669461618693612,-0.04469487255883578,0.019052305662688517,-0.03382709242037315,-0.003362897476979666,0.06898124209677513,-0.0043093862823666675,-0.0025574394345361036,0.019019809112754978,0.011242763545486924
Liver,Vitamin A,-0.0018491213670076506,0.007265139920450205,0.027650555350756,-0.02101637821529956,-0.007853139597370901,-0.0028077680909961967,0.018953257132582838,0.0010188978886446804,-0.049543083800987604,0.07043458523695505,0.05264459197623608,-0.06875490084165349,-0.018549559370227942,0.014081636498740948,0.028029427935570613,-0.0041491939399705795,0.009696439462438708
Liver,Vitamin A2 aldehyde,-0.046916070143811626,-0.020000645031264485,-0.01219013904760921,-0.0018407913071882083,0.02753378038260885,-0.017074045476476687,-0.010949063067394767,0.008807589631274806,-0.04695811986826096,0.01840881475019656,0.010583914700009309,0.01655773371107104,-0.001146101649254568,0.012571963311458148,-9.954493402143318e-4,-0.007564263101762469,0.007936399318493667
Liver,Vorinostat,-0.022922979589243737,0.03001497249823257,-0.009354500433270914,-0.02758140185124345,-0.014439500501190583,0.02648361772257243,-0.014733239586426371,0.041394395109359786,0.03225058222514106,-0.02198733568174055,0.030042028387999308,-0.024450433633604225,0.022131169500758364,-0.026038185888773765,0.05593480382538211,-0.049312070974664585,-0.019441371400781286
Liver,Xanthine,-0.027842231388093573,-0.05564366142654741,-0.026288270098261644,-9.090224844118136e-4,0.011829134099531102,0.010732827999101094,0.013902361520766468,0.010137878953455332,0.02225043102409412,0.011970777006700864,-0.028016549618046897,-0.02324846764305367,-0.0028657095171499736,0.0020724936820906937,-0.00896009651805707,-0.01026665310909794,-0.03700084867586203
Liver,Xanthosine,-0.012481374005121925,-0.004113148988142594,-0.05286940168241677,-0.011313694139545754,0.00722154885551936,-0.05241245229418108,0.005329755575090026,0.05073601609517141,-0.01582118584184075,-0.01605005821042915,-0.024082897102834518,-0.0020071381512968643,-0.04367317022092219,1.7628288190284314e-4,-0.028021920003497177,0.009438830287018887,-0.007829281991191747
Liver,Xylitol,-0.04773699199587353,-0.03323832864420995,-0.00836262549139163,0.003806991696524915,0.0040733066847683085,-0.005692953281037079,0.025199396471544063,6.416822545824603e-4,0.025592286230374562,-0.026427611147215053,0.0112009427329962,-0.008369754414705449,0.013823018871530915,-0.0017591929221665713,-0.01094698483531828,-0.0012045445513047535,0.003944135076571479
Liver,Yuccaol C,0.03864193804155952,-0.009881811409470163,-0.014598301446741468,0.024185026069411166,0.06393022853847403,0.018694642955209013,-0.007021017920543241,-0.00486444368070362,0.0096600627963506,-0.008606062555011562,4.1579730932548344e-4,-0.02073385098207671,0.018584826936357546,0.005370552213664077,-4.4699187709165e-4,-0.007378479160944085,-0.0011921057637464467
Liver,ZAPA,-0.029266533925840967,0.012069757248024678,0.01460408259341617,0.03740099811470746,-0.04006100453978602,-0.03840593215106688,-0.010700903126890223,-0.022408082470324463,0.025080199959345476,-0.036853314106752334,0.003271865184420286,-0.02466893260151891,0.03963109936532366,-0.005465763915431472,-0.030194040094824764,-0.017109998440254025,0.004733074355176142
Liver,ZINGEROL,-0.03147212143415765,-0.022212979947637827,-0.012621679371213989,0.022987932350373594,0.03298202521337027,-0.01626625149818274,-0.02820221208766233,0.018850821194078188,-0.06880165122702837,0.01573099840667444,0.029088166514337727,0.0031499765896730266,-0.014128299905070777,-0.016939803744858126,0.003990853493666755,-0.0041529862414388646,-0.0017949220909940198
Liver,[4]-Gingerol,-0.040348662541360755,-0.029478935272617978,-0.00780366836657673,-0.008867549190588972,0.03620102777962745,-0.015146798365083133,-0.006299853509599838,0.025067816946125983,-0.03681947666387388,-0.00673144687970041,0.022159014283025212,0.027544245342989916,0.021761132397425238,0.02251625671839634,0.0039989529195352605,-0.008145739342611567,-0.010248922209058986
Liver,"[6]-Gingerdiol 3,5-diacetate",0.0017045712786409807,-0.0074923234852545305,-0.006952937116690699,-0.018542820736236046,0.08703401900460574,-0.0034025907759195617,-0.002095858642003826,-0.012762220924100533,0.04921403054628297,0.01193121460914003,-0.02076003310815449,-0.008501104390558093,0.021879795004145473,-0.023189021537486924,-1.222320509924513e-4,0.014587756661718769,-0.01141158709882829
Liver,acetyltaurine,-0.02091963697042346,0.007570533440650557,-0.05539011229588136,-0.037957408915521046,0.002495597156476347,0.02906192337982568,-0.027210913458827393,0.011434541253865716,-0.021151870662128015,-0.012656064273613135,-0.02121980599637283,0.03107950472467748,0.018336889616503177,0.020440975105968314,-0.0232601786493025,-0.0033616556656053,-0.03683724507837428
Liver,all-trans-Retinoic acid,-0.04167269207706877,-0.012139115804269853,-0.02128289240307016,0.019657671220584462,0.021502228889814096,-0.050836005289223135,-0.005569611764600213,-0.014552282593856455,-0.027246220288467838,-3.0709118807374045e-4,0.01115747864105445,-0.024004658233679005,-0.0024069156028959093,-0.028394179011558218,-0.015838637232882185,-6.294012303370905e-4,0.003206481347421673
Liver,alpha-D-Glucose,-0.030713571198554775,0.027580625872111186,-0.03770654988787661,-0.015085458815315268,0.010547872726027665,-0.015374550702527365,-0.015097003778243035,0.06025786391404252,2.37240463421092e-4,0.002720953915859141,-0.018556823156809107,0.02473768879641747,-0.017932419356844823,0.03144826684282638,0.007689307449629712,0.0027096233714819324,0.01592983602935733
Liver,alpha-Ketoisovaleric acid,0.030191709799350194,-0.0037048274985918006,0.03184865491919969,0.0216578870690463,0.03992878571004071,-0.002980203624544349,-5.09940914458837e-4,0.06322859540040647,-0.020061028582079875,-6.947639245478383e-4,-0.02364738573292232,-0.010648218259634457,0.0255841639700586,-0.0292495019840206,-0.01673617095230001,0.019035477727116546,-0.002751864175202023
Liver,alpha-Tocopherol,0.04448150718775025,0.008892102622273568,-0.03248763099837696,0.004045346583772391,-0.03399616778198585,0.029138905421102552,-0.013622407172416128,-0.009921994508844949,0.0029522754196032617,0.00928838209003532,-0.009565122564200263,-0.018695540996705604,-0.026583080027480586,-0.012531685641507135,-0.0106616698935541,0.017082636324706614,0.008345482402572562
Liver,amidinoproclavaminic acid,0.025415669167677717,-0.01074577642335076,0.0349115380509433,-0.03468854616172936,-0.013725880910139546,0.0030732042145093985,0.033326709602424245,-0.014801874964845028,-0.03916699594629432,0.016057530235007483,0.05376016100776539,-0.049807384270748316,-0.010752524229583553,0.019396834788352017,-5.935099157606566e-4,-0.01241782113932339,-0.0029655427731875377
Liver,arg-gln,-0.016007057757216513,-0.05467693990452458,0.017755711374830358,-0.031233654589617545,-0.03886388364720602,-0.0028499308934641725,0.012098101006861739,-0.007984205586816092,0.001913820257883413,-0.04018234913877478,-0.002414285922647896,-0.019460435077080222,0.0038819093733502494,-0.0017201249271311988,0.004946555264190819,-0.010835156705745202,0.007958556074834675
Liver,arg-leu,-0.04190420173658904,-0.023176855577201363,9.40389303684305e-4,-0.017238760573837907,-0.015425861084269481,-0.004721027407117923,-0.015861649912933862,-0.008465531283783636,0.015529559082972192,-0.05760958706741373,-0.01040760669978899,-0.003965830629313815,0.011927862926128425,-0.03569153494570006,0.030875556733720142,-0.03424046828064606,-0.016274568372698014
Liver,asn-asn,-0.016490700713965675,-0.041959383863966984,-0.007035443399392919,-0.03455822713489523,-0.010760665958569955,-0.002953737080915071,-0.021402363840044188,0.005700135357189416,0.02215036772292523,0.016116080359773754,-0.05923230843969557,0.03940779560026191,-0.04309978433239261,0.02949691419276465,0.016207671700162473,0.02833171043606675,-0.009512759528522565
Liver,asn-lys,-0.008703864340913161,-0.011127014957025701,0.007175379989515319,-0.0216333113640169,-0.010155037580142806,-0.0626325668769902,-0.0586470058272898,-0.01518049152956292,-0.016227134609276907,-0.020397581070485882,-0.031208731731863542,0.016480204016410246,-7.492054700673098e-4,0.03412066910117,-0.07193584642499466,0.007165026692645957,-0.0011484428332304813
Liver,asn-phe,-0.041603598075657264,-0.03548124900467857,0.006780807313588573,-0.023419425145680794,-0.01272684898509166,0.012130901883366862,0.012002441033119808,-0.003435107860406742,0.027828805903851003,-0.044096370664854515,-0.0040230608283282855,-0.009339730544278597,0.015736976510237827,-0.011193887560941279,0.022499389735508767,-0.002531904902350952,-0.003862258583859861
Liver,asn-val,-0.029964358443849107,-0.04028821290690881,0.003763750220812974,-0.015252555812120691,-0.019562396113473723,-0.023710788572968194,-0.0025824319662571906,-0.014918919052102008,0.01579508564403823,-0.07236923673523626,0.0033282835284354304,-0.006337937796714919,0.019700018906726107,-0.016790272444343654,0.018969347027471634,-0.02141393748030665,0.00316663422225845
Liver,beta-Alanine,-0.021236041425606596,-0.014410498226097527,0.030225563255519984,0.0021766183564284804,0.012496160156422716,0.003179003237123502,-0.053547917049038954,0.03686601147900427,-0.029597814936473264,0.013045398171914985,0.07243317184793213,0.03538448088674598,0.02125274597890442,-0.01146767890074387,0.010517446378420678,-0.004560700134612826,-0.027269849192310954
Liver,beta-Damascenone,-0.04174129955605589,0.025225678564220557,0.00606097905100032,-0.01304309792639933,-0.0039935996184478776,0.0358519892690161,-0.012549526722639585,0.01027108308362311,0.005111335950804974,0.021236976136564615,-0.022874047732532474,-0.039144335220040224,0.003958178608877862,-0.03139205694737496,-0.01236822868962992,-0.04920603478794725,-0.013723767941507344
Liver,beta-Glycerophosphoric acid,0.017952436507836837,0.026591006702959084,-0.05974169256880549,-0.006245004247465369,-0.012869069977073985,0.009112071544046214,0.015751881173788874,-0.04301738704756512,0.004853529806908412,0.02339884483766412,-2.1005273545158707e-4,0.023121178559742706,0.030760670867624747,-0.022849234736205794,0.007785934189279033,-0.011647307050736652,0.010875059240880046
Liver,"bis-β-D-fructofuranose 1,2′:2,3′-dianhydride",0.03817604557319516,-0.01536202209381784,-0.04054680022453212,0.032131942261681645,0.02192896341049104,0.0302349837240402,-0.014504792291857435,-0.005018438936051633,-0.01591332541619689,-0.022992216369154776,0.007323939133744443,-0.018101896873837293,0.009392545226887752,0.007866021290659497,-0.0065367487093416585,-0.005644045270069697,-0.004393629763051089
Liver,c19:2,1.7556076341291132e-4,-0.011070796347084914,-0.05412220531811535,-0.005223733125531662,0.04456010407000152,-0.007096718184574849,-0.015611924067447472,-0.025429826007604055,-0.06549416328407535,-0.01769032623094878,0.0061093930298193305,-2.485477133040759e-4,-0.0027897060819123565,0.023440951009008004,0.022997806362410705,0.012214642542204024,-0.030402361349170685
Liver,c19:3,-0.004707910601816027,0.0034291137106471346,-0.03939787969233384,0.02289569969363213,0.04668737473216447,0.022197270275341626,-0.03501688973750764,0.0016738022704059746,-0.038816186926554835,-0.05497969654262293,0.023240842300977796,-0.02052604898088376,-0.017725117750781165,-0.016633199260434668,-0.005267874752478936,-0.045784244228198524,0.013925852685896748
Liver,c19:4,-0.012080879174027045,0.008189967346622569,-0.005426361128313804,-0.004881111502644206,0.007522780834518312,-0.03381740971195054,-0.03886101039015976,0.037702592936980674,-0.03609039315473613,-0.01057444476485672,5.921432859593255e-4,-0.01652704973182709,0.02334991734689738,0.004017734754857379,-0.11217571015614271,-0.04520731867179757,0.016987241815979385
Liver,c20:7,-0.04302220948310327,-0.0160728515669221,-0.011920442182079306,0.009624992856423736,0.03103495994822976,-0.026103669985801447,-0.011800526870827097,0.0023925601128243815,-0.05389512104565281,0.00866045659242052,0.025890648200596965,0.012603901112479972,-0.0027917363656164013,0.016123315066899322,0.01854134036641086,-0.013831661859121772,7.532068461463154e-5
Liver,c24:3,0.031706822629427076,-0.011991028298430264,0.016005968065387493,0.018806112439548484,0.07080652654995123,0.019886698024794244,0.013815858848167474,-0.014354357057122617,0.013543158842307234,0.016161058637464528,-0.010291172387823603,-0.030439998802334327,0.007594027518735195,0.0055421700284396655,-0.012112892941062693,-0.011896877870530582,0.013799812817846643
Liver,c26:6,0.009110060280166367,-0.005641206432145219,0.02257848151610434,0.029586160531573823,0.0818085556246768,-0.00627956295035468,0.02035922582051132,-0.007666948707356838,0.025470197799843733,-0.03191177065581222,-0.007692668530528687,-0.009643993233969247,0.009298765671931688,-0.01352290777706017,0.0174953102399337,-0.024186283168559013,0.010851463767059229
Liver,cetrimonium,-0.01387457903267899,0.05537236118991673,0.004666490559780168,-0.029383372953102182,-0.012669675585571355,0.03327888373286945,-0.024579713129571662,0.03160269893603129,-6.187801065687804e-4,0.008148829770832729,-0.0013293245788689855,-0.033179963539014555,0.00514643895357537,0.018705805649864047,0.03336833483435733,-0.01510094765202758,-0.01534742007189258
Liver,cis-2-Decenoic acid,-0.04574921051885873,-0.01771333742243763,-0.010940682136636114,0.00495687271126817,0.02743105704576254,-0.024882027308435636,-0.008825597557925013,0.0112736681201256,-0.044181420293009956,0.02700898404913528,0.012556947565875463,0.0077233098769716405,-0.002866178321374822,0.024099063721025826,-0.0032225377204201182,-0.0165514265026531,0.0016719116340560575
Liver,cis-5-Tetradecenoylcarnitine,0.0166177473759253,0.037350425616417854,0.013982862948388814,0.04578829428900106,0.023228424220380958,0.009702318826986316,0.029012176819441307,-0.05078885488115718,-0.02332250443542877,0.001197995088620907,0.017461263238805196,0.043476185131638395,-0.001342155213370252,0.014899432145947699,0.001542169560818485,-0.014065177275169788,0.00897835272696718
Liver,cortisol 21-acetate,0.03266204703347299,-0.009181079038306818,0.03279821698220621,1.0895110651162231e-4,-0.01795248299208074,-0.04019136408267039,-0.01954672544476781,-0.01648430165672798,0.00362165746599694,-0.00804273333413567,-0.020778256118324855,6.970208257206727e-4,0.025042673497151627,0.07088703106433832,0.0037996904870937907,-0.0451538976389045,0.0024253478899745806
Liver,d-mannosamine,0.020415369475236714,0.00912281798883229,0.03163135526647094,0.053866640289541766,0.04103112422330061,-0.023789367112014178,0.018419498685457614,-0.008075532431792124,-0.02142727438087048,0.02330173939592352,-0.03017065524584856,0.027452178425712372,-0.00203283867025109,-0.011409322390434554,2.1927512307774767e-5,0.036243614361186935,0.0034301164868161607
Liver,dCMP,-0.053180340989333975,-0.002659651563945267,-4.3618154200333165e-4,0.023934134598934693,-0.006298534576155546,0.002819287350437251,0.009443138332279635,-0.01953946852176721,0.029660601190203743,0.0015039364966468439,-0.004428389606163724,-0.017889096126206774,-8.4303289575903e-4,0.01147935528427347,0.004045226732629225,0.023184417452131973,-7.655389537783248e-4
Liver,dIMP,-0.019656022888336313,0.03575907992483517,-0.026113983610584268,-0.012719452178428488,0.015517717881273253,-0.02271877386235467,-0.04075371395763851,0.024447106923699124,0.017422240678190724,-0.028485878976457192,0.033612653545792216,-0.014514939571554359,0.05743044138832317,0.004849298557069808,0.014272234690038061,0.04287736777869994,-0.02898492642002766
Liver,"dTDP-4-amino-4,6-dideoxy-5-C-methyl-L-mannose",-0.016160232981510793,0.011838266188182185,-0.044762430198982364,-0.0027288379926737978,0.003452903871442407,-0.04220893334440623,-0.0507532149284171,0.051460877878985754,0.011627556665011612,0.029414878925002833,0.008813692516104268,0.017451617169381928,-0.030983509636991056,0.021648947185783623,0.0013846031371385788,-0.010192006237795995,0.016513899218234353
Liver,"dTDP-5,5-di-C-methyl-β-L-lyxose",0.037932090642497356,-0.005415906733075325,9.944561396431754e-4,-0.011797746788260304,0.019422799874750367,-0.034415012389356105,-0.008676213568027872,0.04359071850379537,0.02855904959924344,0.00838424292959607,-0.012523506562798107,-0.02198626674424158,-0.06725412756260543,-0.02892927700706056,-0.0011121902617070411,-0.013987579538558644,-0.009008620804918958
Liver,dTDP-D-glucose,0.03922237313410812,-0.005749460734230887,0.02639479107353393,-0.012168977384006054,0.055274827747173315,0.0017311952091067443,-0.015037432569947412,0.007391027240818975,0.023588961022418278,0.006608065794873522,-0.01875309971830102,0.01989913111875375,0.019129740971173845,-0.012337914129964312,0.03140299439839645,-0.010714593308646724,-0.0017013437417614477
Liver,dehydrocarnitine,-0.024574555526825158,0.005759321954017866,-0.016844408648378863,0.06574733244503508,-0.004331063847680131,0.029835279570895056,-0.004370258643623681,-3.705282672030479e-4,0.017307738229250833,-0.00573878102749148,0.0010439951923164146,-0.009107346125477098,-0.013796617963112776,1.0496061375210206e-5,-0.07014754418112193,-0.03142959905323368,-0.030437644585791068
Liver,delgocitinib,-0.050691435869482264,-0.007329512168798571,-0.02405979949065305,-0.010032531063318906,0.020445180540630624,-0.029037408991655755,-0.010483156766284429,0.010805258222402882,-0.006827060608108228,0.010066286898795773,0.006187517030397829,-0.00491857744698763,-0.013609831840171623,-0.0021355792818401526,-0.01282979401180936,-0.023242622317328657,-0.03248685700636768
Liver,desciclovir,0.005208708404268314,0.03638151204964816,0.02976622335105124,0.007647284693038935,-0.011500730758518998,-0.043725687933881846,-0.02324983425861866,0.018710737446650128,-0.028797545459427285,0.015634203574618775,-8.948565147133629e-4,0.013463464839441292,0.0397048061391392,0.0038213134752062006,0.009457976521884143,-0.08917908196663248,-0.013118959471411257
Liver,dg (39:5),0.030933638142599574,-0.020593728968606104,0.03791177223254144,0.03864391656722299,-0.013170515399542131,-0.010653902106512422,-0.025961944341468503,0.024872527344319603,-0.02609943498783441,-7.917946925589471e-4,-0.03043483508619836,-0.0319556232586054,0.023758986801878552,-7.528315864585958e-4,-0.01744065707866438,0.017880223795705905,-0.012096942013842283
Liver,dibutyl oxopropanedioate,-0.012521620076919239,-0.034265271446832446,-0.06523339914962746,-0.009537977279067255,-0.0028448934254487503,-0.00504234897673036,0.021363360289324746,-0.005246397498834237,-0.0021738669558908547,-0.031931366373315895,-0.024562683760661088,0.003854020698547336,0.015433124857070386,0.004832220394793661,0.016929605995521617,0.008299627120813544,0.03732383459171359
Liver,didecyldimethylammonium,0.00880829682460589,0.0401861511169143,0.00189769055046428,-0.042001951672409985,-0.024705591168850335,0.04166974744216507,-0.015490799805576388,0.0181877090427958,-0.03386306907553278,-0.002874197620494625,-0.01858228422687615,-0.029173282175266223,0.001672022764674956,-0.025610113976688748,-0.05245243539982973,0.03095284694190222,0.03554016624172135
Liver,dipipanone,0.025218659154462784,0.002230688310737707,0.028240429965833914,-0.005393529978029019,0.07649610016120997,-0.012052390155545952,0.009993477241775881,-0.00662539593350208,0.03987634664330555,0.014811136240565754,-6.796792630154513e-4,-0.007661416914232948,0.016314239220829627,-0.004382136175108698,0.013457724176541924,-0.012502341639496557,-0.00291496514477122
Liver,doripenem,0.02727701275789729,0.020848714597726754,-0.05734493330764923,-0.00963327332228412,-0.009320703627781325,0.012577442843344912,0.012614691950819896,-0.03808713704505242,0.01043659731450606,0.022958223426756474,0.003947992786075619,0.026283682799091657,0.013001085959194683,-0.027663263768817996,0.0131132332387006,-0.012117542629976745,-0.0072245259928912856
Liver,dribendazole,0.00162890490520689,-2.1957821707968233e-4,0.04652249563817613,0.04872227763487025,0.040274591099912875,-0.007816620905144575,0.041267628930946196,0.02618333116425002,0.011823772117514399,-0.039901916733033525,0.0039180177661294726,0.008867264406972372,-4.314399345391275e-5,-0.003530759454329291,0.0021803017867275416,-0.02600169976671379,-0.025020311136182416
Liver,"ethyl (E)-2-cyano-3-(2,5-dichloroanilino)prop-2-enoate",-0.041286857154523744,0.026368788302251388,0.016634767339516774,0.00393453470335683,-0.0035124644159730163,0.010625991797262403,0.002035835645990441,-0.02045207635003528,0.0031615880873672973,-0.05758742071778659,0.008446512924089362,0.008572839647061124,0.009770280616545488,-0.04578736366193923,-0.015274187072895955,-0.03265147904680585,0.0010403091117015349
Liver,ethyl 1-{[1-benzyl-3-(tert-butyl)-1h-pyrazol-5-yl]carbonyl}-4-piperidinecarboxylate,-0.027471515078842684,0.025770437878892476,-0.023993700700662975,0.0056843447591097785,0.012469593440094219,0.02298085656654413,-0.029050270205447887,-0.004183728890011209,3.076492093494743e-4,-0.06055748056359361,0.021017754436683415,-0.012490500874663905,-0.037272044930774066,0.017458464331317723,-0.06788574861742915,0.01660052509188485,-0.03334340138747509
Liver,ethylestrenol,-0.04013302303163199,0.015095832485943145,0.0017623647358310812,-0.008078760652630588,0.04557710482624241,0.009017469463986995,-0.003825385559544128,-0.0456002439255271,0.0015680397102029104,-0.017008583980133427,-0.017138559503124234,-0.02690638749210185,-0.005124760831185304,-0.043263296156639236,-0.004836890306311203,0.02211236843330757,-0.00421189804668819
Liver,fencamfamin,0.024213681340839118,0.03742393050030168,7.035941438420767e-5,-0.056202207133694886,0.004877898623080565,0.0039862531953262755,0.02422844043296536,0.03270543822380186,-0.01776736051269072,-0.025080333537189668,-0.018748845452694535,-0.023529288825888787,0.011107153487319416,0.014726123288464945,-0.026235844609888145,0.014156153190560843,0.029266441468160775
Liver,g-Butyrobetaine,-0.03664418920255516,-0.015512796682243885,0.012776793288905504,-0.01898046862410998,0.005258051677308411,0.006917894627721997,-0.061850402542987064,-0.02985899694985164,-0.03547007452692754,0.022103152759928277,0.02324632804167434,0.030206957609196075,0.012414330974731547,0.009005875478996665,0.004924616384570377,0.0059271089354307055,0.028921286380943836
Liver,gamma-Glutamylglutamic acid,0.0225680710498602,-0.03344573719342607,-0.013981079659542067,0.042050898256027265,-0.008652696660246921,0.03090268876947264,-0.01674153678097883,-3.0467440230838936e-7,-0.04501294015746394,-0.03759624538236636,-0.00236062577204329,-0.04383247055198889,0.03854157663687357,0.005430860481471093,0.0013465734295441765,-0.004462243659507796,-0.012769006676563444
Liver,gamma-Glutamylphenylalanine,-5.800073541627436e-4,-0.008960307554983695,0.02068985551714261,0.0231234966418418,0.07044633562778346,-0.021074521625780367,0.03019418708192545,-0.01947805277852035,0.03781348234912899,0.013083503947998213,0.012887574445705539,0.026414744507607855,0.02434157298430182,-0.034753874041937576,0.0410859745848745,-0.01724106096130574,0.06473940672353323
Liver,gamma-Glutamyltyrosine,0.009839095957807348,-0.05024296907394221,-0.03568113803583799,-9.335805847964717e-5,-0.014571156181721669,0.005732790786419348,-0.02648309492087725,0.01263030595956458,0.006003687217002146,0.010868058011172719,0.0010216934597082332,0.027814676848069868,0.05261259761508522,-0.04776073195675435,-0.0018868818199561706,0.022729853697294897,0.025499553059493488
Liver,gamma-Linolenic acid,-0.04960616460295744,0.02516940158310507,-0.005114355100747893,0.027980700624151374,-0.003854114602637565,-0.010493051541723846,0.015497773217633388,-0.01502540251758497,0.006095358162098773,-0.02425300891872531,-0.009052157656110471,-0.005568472586316548,0.0036696160763798617,-0.01730844059514167,-0.012763855134548785,-9.326704989668075e-4,0.0034704233796184107
Liver,gemeprost,0.01192568964216301,0.0024422301253779217,-0.011900670502329205,6.427094001868018e-4,-0.01407039003766541,-0.02303057135425032,0.05147991299584153,0.08457954394205218,-0.02273850742857055,-0.014469937235328271,-0.06302107207380331,0.011822709992530156,-0.0013915468779547365,-0.0055224321672027715,-0.005869695151968696,0.007829996164189378,-0.01240730046227454
Liver,geranyl quinone,-0.022393884110717053,-9.034772946318845e-4,-0.025171831517158967,0.0060633902093491215,0.03516862423943494,-0.057197251730073735,-0.011722147887091534,-0.02010269168556941,-0.07187021132704778,0.013135937922136697,0.005437402232490775,-0.00929028913295062,-0.018150318505602166,0.0012354188081328944,0.007198170865057854,0.03195949002523443,0.00200072828923394
Liver,gln-asn,-0.010550178773417596,-0.044252283904719615,0.010938349724720202,-0.033615978367329394,-0.03475753434558377,-0.03583886404702903,-0.033286225233455514,-0.029914492677456345,-0.014407341018593775,-0.042074311992797944,-0.025329970491614028,0.0015327952778839327,0.00312859872210889,-0.0012115430478753452,0.019308069537292298,-0.003466831880537723,-0.010403326091215945
Liver,gln-ser,-0.01605555615652253,-0.06402208524859969,-0.011932650648923413,-0.008868642858636533,-0.026242319554403086,-4.783600445370461e-4,0.012082812985253316,-0.007815603829726594,0.022972321187468288,-0.033115207358947324,-0.004691127974942146,0.0013888537299618195,-0.009561614643069333,-0.01353376028342223,0.017177164899984977,-0.01028888220625659,-0.0070422942764164715
Liver,glu-thr,-0.04147656401243215,0.030672686133436208,0.006737750553447214,-0.022667353241000728,-0.00489866930309706,0.02748653498050127,-0.007238392308726552,0.010814941348620252,0.01738226338960564,0.0029165978943381855,-0.0012884142886049519,-0.024196646718443668,0.029208925229624694,0.005928953637553331,0.02093022278471693,0.05726288738779826,-0.0034076409195679482
Liver,glycodehydrocholate,-0.009297871981224252,0.06029224182559228,0.01201887117957895,-0.022421111742832425,-0.008406090450653074,0.01946858987165384,-0.029940029639408727,-0.03214825178586482,-0.010334013735391898,-0.0012056754644941298,-0.016650477162426052,0.0017873736181617341,0.005668776193500616,-0.025962057969971527,0.03300317605368916,0.02606773839005846,0.005918030577321031
Liver,guaiazulene,-0.010934373744546961,-0.011655333419069146,-0.01747389036643172,-0.010430019146006855,0.03600231947810797,-0.07013334960164809,0.013605580137778276,-0.0029936715283556308,-0.06690059205068997,0.027066302189316906,0.0021224368997828447,-0.02700214262447628,-0.021358298460790084,0.00369939662769958,0.02618184569971806,0.013300938741445684,-0.003206971013145873
Liver,heptaminol,-0.006313022448098646,0.032322009329145016,0.016047682939868566,-0.06476142403604719,0.002821837436147275,0.04112015142641485,-0.008470040512572781,0.013039467353359879,-0.023505775017692482,-0.03979619981905157,-0.014572083533780478,-0.016322689441334373,-0.015578928570357638,0.005326237809709929,0.023344535788748306,-0.017736598229208214,-0.016942138995545166
Liver,hesperetin 3'-O-sulfate,-0.04998934985085456,-0.009892157200107691,0.015195786449267269,0.010379645018350524,-0.005153978836933009,0.02721242028607877,0.02307776225143124,-0.019488836945398234,0.018474942646767353,0.01810320338076126,-0.022894138398665168,0.014781364717618444,-0.019288872369301508,0.011233543850738442,-0.01145580606309519,0.011388246176732522,-8.78425010717351e-5
Liver,his-asn,0.008825536641573317,-0.017670420142006205,-0.03330317291935722,-0.050250221503603205,0.005148183391416254,0.035051248671223084,0.00491042169511264,-0.016421940971740462,0.032532031833467215,0.06987536189507086,0.020035349343316355,-0.009725095759012528,0.0016499024135918899,-0.0196357938642049,0.027885910829096965,0.00715373100575068,0.01717240661063887
Liver,hodgkinsine,-0.03105089468211422,0.03007539400128126,-0.007212029773876211,-0.0015058237081540214,0.01957282376719171,0.011959200085550339,-0.01732300890662772,-0.027994157105671182,-0.06220728927976963,-0.005122465098593042,-0.024121889645180073,7.36202240854999e-4,-0.036903928530865895,-0.04776883606452519,-0.006184945012040551,-0.03105576893755417,-0.009904412637892534
Liver,indeloxazine,-0.009173702393156142,0.027078755620881762,-0.010908219992645435,-0.05845269361831808,-0.0036560920461966304,-0.01858229466055156,0.019777142619547515,-0.04816191738862361,0.007855975504296927,-0.022358219627835043,0.027672472067590333,0.02761784731865499,0.0056524995744887145,0.04672682837878275,-0.04036777200559703,0.018912028531554836,0.028259670367227523
Liver,ionene,-0.048952422029419275,0.0035150077306084116,-0.027805594808722026,1.6340052972768085e-5,0.020584339185421557,-0.00672244493852008,-0.016273299158391243,0.005118451079655783,-0.029592214235996422,0.028860874959209363,0.01716554322291161,-0.002997387398414298,-0.0017451002955513049,0.0016826287543561431,-0.014800188069618064,-0.024770647541708365,0.005025672165972181
Liver,irgafos 168,0.005881098656416109,-0.021678726622451457,-0.004694198416351303,0.03492754291845356,-0.033981863465393954,-0.019636072988984083,-0.043641791053899655,0.018028223911901606,0.020423204269206477,0.04176763870940084,0.027892143218462694,-0.015827730704604456,-0.0519630749504038,0.04637954883256639,0.05475271152815406,0.007406449706341626,-0.0038685410310971527
Liver,irganox 330,-0.004667813060830325,-0.03178587638385914,-0.00984890457180009,0.02653884613271391,0.031159826105972965,-0.03212052923660233,-0.010141572693474593,0.011598395808971393,-0.02782016696885799,-0.015093344398090708,-0.055156685942297105,0.022404876460924122,0.036637901930986226,-0.07585465661266541,-4.5079016707362464e-4,0.024850387474002464,0.06487910928295802
Liver,isopentenyl phosphate,0.029728988596722388,0.012402066848490712,-0.02573835218880875,-0.03741694521005588,-0.021266574093308226,-0.03915933710806724,-0.016866373065067667,-0.025498628686264506,0.029608807613831452,0.004708502509859461,-0.04621765819614775,-0.0046349747259777615,0.014493479486348503,0.007422060267367192,-0.022685104309918283,-0.0451761997126201,0.00939447638920623
Liver,leu-gln,-0.040390337257700644,0.022952129373165285,0.004336008594002032,-0.029587139226309143,-0.016308238627465523,0.005162560349591374,-0.022930267118270863,0.018833838411940935,0.022173905348591937,-0.03538830042787687,-0.013416063082398585,-0.02535475094446146,0.024825864087689636,-0.03695905191153511,0.00952834168914577,-0.03406449489983024,-0.012478557025659618
Liver,lifarizine,0.01665582003458675,0.004736244753587003,0.03201542698635801,-0.001378484982688251,3.986894747427224e-4,-0.05238650672654145,0.04405493029773764,0.049677718689542134,-0.0061123445245993046,-0.03757927236570835,-0.00988011117867153,1.313875315544993e-4,0.01646286998873138,0.011242594906845363,-0.06908501206585678,-0.007420720638894082,-0.007723772873029529
Liver,lysops(22:0),0.022327006430579326,-0.008947758017352642,-0.03226722836035874,-0.01037512385581387,0.032235808932148,-0.025836730878086113,0.043967965440495894,-0.05483003413282456,-0.04317249646457211,0.007485194385258509,0.009825356878657389,0.012579887848970765,0.034847096949371145,-0.014093287687348077,0.027529869445091087,-0.0027891043857457584,0.040461372265114315
Liver,m-Coumaric acid,-0.014242402027344373,-0.06966080544822027,0.004260878587826154,-0.003591408546795402,0.022552276932902897,0.007170677742271949,0.008061516078545931,0.009583239677491391,0.022000876138179172,-0.0017263648456230507,-0.004127309202742111,0.00314003348766863,0.0023840516043947707,-0.012703377471474236,-0.006684898212961444,-0.010640730470914241,0.020553053198818526
Liver,mannosyl-glycerate,-0.02374117445087014,0.027598805706869498,-0.02096782251320233,-0.027122181700345534,-0.026112880712296983,-0.04384534316017318,-0.04700911946191546,0.021370521681400762,0.008089493472038899,0.0468965505472222,0.011726308403196503,9.858064146817692e-5,0.007634497140532967,0.02861580251590419,-0.017650783348299563,-0.006259253263599762,0.006379267717155551
Liver,met-arg,-0.03510233078229329,-0.047127288932774264,0.004713944351568046,-0.020099427702764367,-0.015707857827940135,0.033503876857280034,0.025269728465498777,-0.0016876953507734634,0.021340390138155075,-0.014687448005818183,-0.010088517644638082,-0.002191689817738668,0.006016966442538161,0.020249287043287132,0.010812713985044471,-0.0011209859377090457,0.013090275967301099
Liver,methaniazide,-5.646344143486654e-4,-0.04788193954021102,-0.01806012734533833,0.02941640261519075,0.02528908178248946,-0.038165030452956515,0.007856462168187124,0.009946972682189416,0.034850653018415445,0.00626548496265033,0.03587218170990614,0.013070241375519685,0.01164522808604094,0.05339714170450023,0.02090627383855198,0.010268891106744876,-0.010956196838588672
Liver,moroxydine,-0.009432998110520185,0.030010143448517074,0.004841638986029502,-0.03792015314191976,0.008080394916537111,0.03656245721455495,0.005155141268836648,0.0358248515145878,0.002198856273100772,0.010300244466270642,0.05208480456430384,0.027259628732449165,0.0540488000146272,0.03575152733851068,-0.05516375473593098,-0.016697011745880248,0.016544526786254312
Liver,myo-Inositol,0.018591447511562578,-0.03645391536931597,0.032570388393117114,0.024367561955230595,-8.725241771293439e-4,0.047438682438379516,-0.018830805285023726,-0.0032974317465578186,-0.047578173545090835,-0.015983434208061212,-0.0021711830402945196,0.004590939637184156,-0.02769891877855972,0.0429973927228863,0.008026505334658124,0.013249013746676199,0.06530084556217594
Liver,n6-(delta2-isopentenyl)-adenine,-0.043047599216968366,0.013700241923000492,0.0029940563782124333,-0.012758380642982422,0.01908546640324087,0.009340419288448825,-0.04714526116680853,-5.455916616237371e-4,-0.04250440901697531,-0.008290597213084996,0.0032353608932913147,0.04080732968320661,0.013080054611351585,-0.005836846225309009,-0.01925532072845666,0.017813652219159506,0.004729354209157766
Liver,nabilone,0.028489369128350598,-0.0066021239466530265,0.022274331009351705,-0.02659925016950769,-0.019480728143649546,-0.03170247786377399,0.051628316213401595,0.03213145918994835,-0.03672087918677234,0.01797949940774364,0.03728897685921006,-0.03947219995885739,-0.009141655658533029,-0.009304819189637636,-0.011438601939192645,-0.009294928800203618,0.0020855124949091947
Liver,nicotinamide hypoxanthine dinucleotide,0.05048516604378701,-0.008341051197726086,-0.020573177790527263,-0.012668306384358112,-0.028072164724952785,-0.0084905251016055509,-5.760398811419501e-4,-0.006478075418691705,0.008002862177398342,-7.041514299880218e-5,0.02005241474383824,0.020843189964370217,-0.03266162551077973,-0.0014523082926436366,-0.012249552482855528,-0.00932386372975928,-0.04933266928215703
Liver,nicotine imine,-0.00520989734671404,-0.011121984345919626,-0.049455064657451586,-0.05231783226270925,0.003810997171408627,-0.0016477670601524204,-0.002182754435064655,-0.03893432387542693,-0.013068841159806013,-0.027570675419067357,0.03367326981826593,0.032677227566728924,0.012743190386795547,-0.0011526992323554772,-0.03803785204633043,-0.02510851679013502,-0.009585550842202492
Liver,noxytiolin,-0.0022862433480540707,-0.0174156270849443,-0.016110215841615715,0.06978159000271839,-0.04236728606701969,-0.023733205689478173,-0.0032761319654109724,-0.03086108513841784,0.00802978356726214,0.03166892424407635,-0.021082334620602126,-0.010998307506595757,-0.011107351376914857,-0.025683617648945223,0.0014164755175322457,0.0021216849669801557,-0.03519890968497428
Liver,o-succinyl-homoserine,-0.017098622193787334,-0.03009720203374507,0.01869587782326635,-0.019805137583063494,0.05137733962996372,0.032183449064309866,-0.026608996674217393,0.041960247724666805,0.01352539005766744,0.013995796167868427,0.0055179461451831426,0.046949222892476355,7.340077208806391e-4,0.020823889673438338,0.032240808524767864,-0.009927295009454731,0.010798984264737724
Liver,oleoyl ethyl amide,-0.025200024424781767,0.0015771661701245705,0.0586386087469231,-0.024577883191331536,-0.0036957152934089664,-0.013493410619459174,-0.0011049645780148974,0.02742765408852327,0.0053580442671687266,0.021873320673780654,-0.032969930881487725,-0.022171940907084964,0.006108864718152487,-0.03416037727570527,-0.016171070548003555,0.03578058329850123,-0.004930806289639866
Liver,ophthalmic acid,0.01776172049425861,0.007911264322296309,-0.038360749793914475,-0.0020821949954524005,-0.014684619596949356,0.011395260740649693,0.02466413740479839,-0.061418444727450755,-0.016727860434253453,0.009903846078479793,-0.004042360871071317,0.02839719610520633,0.07940868245096316,0.01805341300102952,-0.001507205524692566,-0.031923658704131955,-0.010358395042943192
Liver,oxandrolone,-0.015564951803347356,0.02684131024232393,-0.036073917084253934,0.011265202289321279,0.05187702016162281,-0.0043234912164217265,-0.050389769455100826,0.01825950157948009,-0.016942710225982215,-0.0278265687822012,-0.004106170297166881,-0.01946906809656685,-0.01582347016267031,-0.03122506123147412,0.024955674894686735,-0.012562487119288285,0.01931920820316422
Liver,oxazolidinone,-0.022074351579921846,-0.04505879380010321,0.0432185312216999,0.008558754744865104,-0.017194059251004028,0.026916241212031736,0.012461950185346793,-0.010992654141344316,0.01116944311311512,0.03360731408452112,-0.02816361367309516,0.016208358769371635,-0.014682095502112464,-0.015625995487175196,-0.00849978581708325,-0.0065168486215471276,-0.01393174185273336
Liver,oxiracetam,-0.03745950760262641,-0.00959760677750864,0.04168753812597889,0.010812602668407388,0.03854690478379384,0.022268255729173805,-0.00848750782053921,0.03181922052487008,-0.013206206177002654,-0.018900550945218884,0.020383900021673344,-0.009095593506942877,0.003014172033775801,0.0037507285302786097,-0.02363586966123794,0.01215265071175779,0.03543957531644418
Liver,p-Coumaraldehyde,0.03716610670362335,0.0035067471135712203,-0.04034105050877053,0.01663934997695812,-0.004930204943070569,0.0200855904438564,0.028384562954665293,0.028498939962101667,-0.03125976503870161,-0.026065837973479344,-0.04393876501671104,-0.0013215415470885787,-0.01088909872098148,0.004377394075410509,0.016727977534874098,-0.0031600235967114546,-0.010149848133814119
Liver,p-Isopropyl-α-methylstyrene,-0.04522856851860848,-0.02655832457466489,-0.020992385187930646,0.009146872499602618,0.026064704652004386,-0.01787064349749723,0.00323361875773466,-0.019018178536272693,-0.005174323564764411,-0.011304099629889406,0.028341337790094578,0.015217064508566693,0.007660287929241137,0.029951766473678684,-0.009509052559997053,0.016137853917489918,0.02282076839993779
Liver,p-Synephrine,0.004133369381453698,-0.036318304339059755,0.006515969944757845,-0.051179129598581855,-0.028360776828692598,0.009405160338748796,-0.0370016318268968,-0.01905991395745617,0.003431657168430362,0.01946410003742184,-0.04840902445270992,0.02651007457702726,-0.039160802787174584,-0.012345182886655023,-0.019163956023756343,-0.027497341570908704,0.0042132556387574705
Liver,p-Xylene,0.008731126138998001,-0.007502673898545375,-0.04602460514150488,0.0036328399305053023,-0.0024508786216018985,-0.06256883060619083,0.010922046149388827,-0.0022391732233965943,0.04413600391552159,-0.010820459137831242,0.023643023371358002,-0.026892137668812804,0.012496395480693529,0.04148292228821344,-0.01823586215289685,0.05241739267387093,0.013979801650411152
Liver,p-cymene,-0.039913237629832926,-0.012053021995466137,-0.03533234658693006,0.008695711496030191,0.014108471959256913,-0.00723369161276624,-0.00504043975245072,-0.01614882927978665,0.008943880779085027,0.020394740654634383,-0.018152517332746816,-0.06475215375409163,-0.01084362772753676,-0.006819871226813641,0.02350790863857891,-0.029948769127119204,0.008738803704081774
Liver,pC-HSL,-0.010674601795305239,-0.0026238016847140336,0.00550908151596689,0.0028395691257304535,0.033162282420040774,-0.02323749887024869,0.01788768958391129,-0.006053854103082979,0.05984248025617401,-0.07345169729421999,0.007627334873767772,-0.003603351538598304,0.05196247605235239,-0.06354107217902955,0.01648911160738065,-0.014971560363379429,-0.003995703044989692
Liver,pe (39:7),0.03842036186633839,-0.013534589639613183,0.03287252497988454,-0.0037090884254985137,9.193005603621737e-4,-0.030807551536863327,-0.0533713018051395,-0.017572074947150757,0.011512167552939715,-0.009677978691751639,-0.012824453857671557,-0.022193888070020547,7.825522718296684e-4,0.031072025441806126,-0.01977814009154405,-0.005826700540465682,-0.005536956229156879
Liver,pentahomomethionine,-3.437471367000864e-4,0.01925638614427507,-0.032558497743994344,0.018175157545923314,-0.03999642241040987,-9.304636212209795e-4,0.049280091408282434,0.009476662401584294,0.025892887222350447,0.0532432460223709,0.01059288901053318,0.055196427594656455,0.04487590546866491,-0.00864362562220169,0.005824052312217894,-0.00518043171274949,-0.02770527457133013
Liver,pg (39:7),0.04359790691653,0.008730174120758036,-0.028695683270283538,-0.019245322665946713,0.02085141152612975,-0.015029435809306815,0.02466921823124216,-0.030450111052033615,0.010974563120225184,0.012015590497712144,-0.03478533556602448,0.015607818997783173,0.02875270748722223,0.0017942933097921316,0.01148468310600621,-0.007222639350490632,-0.011453051201153558
Liver,phe-gln,-0.028444051521419208,-0.05389418197547305,-0.0023356869526314663,-0.029401369451115145,-0.019065880677205414,-0.0011852236087120094,0.020741760494383258,-9.07563172061424e-4,0.013772533059798881,-0.03927091413565591,-0.008676874762696707,-0.007736066761762368,0.005604792173672481,-0.00902603304786866,0.012183904024096338,-0.009939478011027854,0.0019093383089351114
Liver,phenylurea,0.030786628977303252,-0.01959434923252779,0.0052439357381876064,-0.021528354176699915,-0.005284281882531538,-0.053409129802308566,-0.02285321849428212,0.0051306753589895485,0.027323953661252703,0.02021573195388192,-0.05707830054286367,0.030671192256065283,0.04169216259067406,5.965226197648389e-4,0.008747159183621445,0.01618562033260031,-0.010311609341601483
Liver,phosphonoacetaldehyde,0.024493697787391248,-0.04325901855461999,-0.02881348996986383,-0.00799175643255472,-0.01829849551141377,-0.027315956459801508,0.02690033675787107,-0.016924521290053545,0.026380717454588427,-0.01235406948061112,-0.014130156556406762,-0.04679822918530748,-0.018467427667775947,0.001528850550476328,0.03750431362307246,0.003691128822078116,0.0957091859101958
Liver,piminodine,-0.0029627200610140964,0.053253213851256684,0.008924354072688365,-0.053262054142159655,-0.01651574375872714,0.014863974984011551,0.020220113359175507,-0.023714178444334433,0.015568004568009637,-0.009366526163187453,0.0010930981979991462,-0.012221794347453163,-0.00711203407524213,0.008642620358519376,-0.021407961717301284,0.034002552819383504,-0.05149463622660122
Liver,piroximone,0.005969659498670965,-0.04144533155682956,-0.005917461770285133,-0.03895594004575633,0.02409673785388319,8.40958100285951e-4,0.0418782359256613,0.029358698329271595,-0.010103460187417496,-0.03449859127695505,7.501758607567529e-4,0.03757561061805639,-0.02726555039736572,-1.9146193418607968e-4,-0.036262371685409425,0.04828649540420528,-0.020565013940603095
Liver,pro-gln,-0.02433443347433073,-0.03616866532051298,-0.01793941123788198,0.007795106805399944,-0.020409391782004047,-0.029586497195922937,0.028313508930262164,0.05505232719671407,0.010366165171732429,-0.026789298336033215,0.030031509855872572,0.01391108617408475,0.018536574514614743,-0.001179837340284303,-0.01724614070237977,-0.04822792323334088,0.013074202283004002
Liver,pro-met,-0.0245339648311013,-0.06435608155782079,0.0054924859112126965,-0.017205407646177513,-0.018872895258523613,0.008214669289033853,0.001587260749246942,6.250970348494532e-4,0.014363945072538407,-0.009486648590524739,-0.005684784207956121,-0.0060995156526107725,0.01782966494992796,0.0010416229567848528,0.013467238475441177,-0.0038986947760180643,0.0014909399504115402
Liver,"propane-1,3-dithiol",0.008553751771098059,-0.001592069768102542,0.030426753820127248,-0.053750602982843204,-0.0014615254095968083,-0.054160357446268195,-0.047726271790895426,0.01964915761161769,0.026499174086630353,0.002357949409615672,-0.032994894185042006,-0.022961129955313492,0.014524236791620522,-0.004412461041459312,0.001994349825934259,0.010107364723655173,-0.005792518029628798
Liver,pyrazinamide,-0.005964513632435666,7.982048896821895e-4,0.019790233679035638,0.02730707390952528,-0.02058986691899716,-0.02103858353795711,-0.030891223064690332,-0.03794545516193812,-0.006281868543216343,0.01847960608969758,0.029700946449052287,0.049326539281769485,-0.0678788220490962,0.0655367824007026,0.019126614926101487,-0.040500883293188725,-0.004697983902484349
Liver,riboprine,0.006691806279639755,0.004428715327540674,-0.042682261578131014,-0.03869700348386311,0.002249534538051247,0.012446877849314157,-0.049396708568465245,-0.027657366820713507,0.046468740904615745,0.04605446352865556,-0.008254364133156876,0.02236447795862034,0.018601162319629737,0.021232365724848785,0.0315224638246265,-0.007197889250939724,0.011852770349390083
Liver,ser-arg,-0.031019830528913203,-0.032124850065666045,0.01377104743687292,5.595053136943633e-4,-0.03564747093458196,-0.023349903162152675,0.0434977484054722,0.005903284585151361,0.008641167920903678,-0.04430977219914669,0.03200654943543319,-0.01940391333382265,0.005639231492002001,-0.010061258436998842,0.030413438916729183,-0.018020571747712197,0.012664431119580273
Liver,ser-asn,-0.013328109512102752,-0.0647997241488343,0.014755538691461609,-0.014037217029911609,-0.02978634285696638,-0.0068147337799290475,0.002422962279508167,-0.015213205489289238,4.6499315139699506e-4,-0.029931289296998075,-0.008868813813382833,-0.011765607989362648,-0.005219726731721637,-0.01148713176942912,-0.0022287922588608068,-0.01769023044993396,0.023340079610950457
Liver,spermidine,0.045620306222080256,0.014780080211971278,0.009253749522193221,-0.013951469675100027,-0.004933524005743441,-0.005144487597666268,-0.01290555839606352,0.0019303614893897512,-0.0077542077249722905,0.06328837121623382,-0.029230379011330753,0.018100518499984744,0.01560846137561894,0.012474263660132955,-0.029801816793763772,0.003349247277029063,-0.07205604915342632
Liver,sphingosine d20:1,0.008095593357263965,-0.04232590976785277,0.008016082556406423,-0.004801860127852708,0.0020468070869950586,0.004868591884303978,0.045975573525237456,-0.010312160517917444,-0.0037005882388084516,-0.030791415836289346,0.019097136240307,0.048197745506201345,-0.008705451887275784,0.06158604468109528,-0.020416550493545696,0.06631205025554063,-0.027754795400918134
Liver,sphingosylphosphorylcholine,0.035356590568554155,0.012196587909932362,0.03139780420871075,-0.025161762128764618,0.021535463944753253,-0.034376474842811575,0.009399522839519055,-0.003246733597278641,0.0042313105766866345,-0.005291261257057312,0.021138674120571476,0.03366768361913878,-0.013595952206192401,-0.04776738254702874,0.0228139916445301,0.045395674744274334,0.005951418913764714
Liver,streptidine,0.02167980783034125,-0.013114300513460636,0.027467475507770445,0.051620286822318305,-0.00793305178166675,0.03345768284767985,0.0010771268463649136,0.020286408154616797,-0.006226599796765392,0.01854998691479283,0.06938631399088008,0.009660297576057176,-0.01705848791521312,-0.008792062403947719,-0.038014332961003046,0.002226522809206249,-0.015036498590191391
Liver,sulfadimidine,-0.006097569932191243,0.048693258295384755,-0.01416506132802273,-0.04390723915646266,-0.026052896643973516,0.03218747564735176,3.2606512598242886e-4,-0.018744279692702488,0.025376712256080586,-0.010612619108565126,0.008765706263596969,0.0016938131643361365,-0.03150127605927442,-0.03864103275003212,-0.028251126116189084,0.00647334926261662,0.05075425047345946
Liver,thioinosine,0.025034602258232293,0.05399775038385053,0.014946503121588501,-0.03609336643642816,-0.01037032169173431,-0.005928156891008477,0.01586535499184575,0.006187080157262093,-0.026813295762563194,0.00448859623135431,-0.02759777672138048,-0.020755345253144573,-6.18698542800697e-5,-0.016729975589458886,0.009536276236477422,-0.0024078356778072557,-0.005281377749118972
Liver,thr-arg,-0.02871723169884289,-0.03812139934237688,9.864346902174605e-4,-0.016363496532597704,-0.031437717493213814,-0.01462138928621753,0.015347737581718075,-0.011202325633828662,0.02582801487895576,-0.07022780254638408,9.312485743815506e-4,-0.018924882563176953,0.009472452238911862,-0.012904019156057059,0.029037673980825372,0.003827801575545714,-0.013092619721851257
Liver,trans-4-Hydroxycyclohexylacetic acid,-0.04916380101748694,0.0017199350536706564,-0.0017826416564111843,-0.007900223020938402,0.03836245858201345,-0.013303448331201437,-0.014205684915164597,0.012526343207514308,-0.041618657368768436,-0.0010083933893118868,0.013584126326725156,0.004585594962981669,-0.005333839222395647,0.004187204096362068,-0.008958450764125738,0.015171487346010573,0.01128427695987599
Liver,trans-Aconitic acid,0.032267449374759255,-0.03514566703929451,-0.025603872880152156,-0.010341223193476237,-0.04599257841321623,0.0029171999537290732,0.00450882419465974,-0.02135887427654905,-0.0023895741578121884,0.012973373796121663,0.02793877505971697,0.0290873197610675,0.033459463194011954,-0.015155550651852031,-0.003226954046979156,-0.018329455801954452,-0.030569850540748525
Liver,trans-trans-Muconic acid,-0.04343992505676343,-0.018414090031024313,0.014706694042889537,-0.003994715538647039,0.013621135440804295,0.04341829126231346,0.02794740135261243,-0.01670765613826495,0.0034096743775314507,-0.026438608465931105,-0.013436870662849234,0.03755628957930892,-0.020706989383893284,0.008189221112685238,0.006208770582515053,0.01035491834436326,4.274024318758536e-4
Liver,trihexyphenidyl,-0.03874790305434626,-0.034340544994007245,0.0041351956233849395,-0.03141470293850749,0.022957149785916536,0.014001357632207686,0.012119524171188237,-0.02309658334302395,-0.030505041812312495,0.004335220592015364,-0.005422204861854091,-0.003870556945978129,-0.028274349085886153,-0.010049889218533385,-0.0306285014307283,0.02386149696213604,0.015568433969128678
Liver,trimethadione,0.018864944798967713,0.0034735892832478492,0.036442623154972625,-0.006644277976268939,0.05834367937382636,0.006201537213407845,-0.04773694910251096,-0.003045016703720703,0.0249036992949285,-0.04761235577322575,-0.0010465743802533076,0.01868684070738874,-0.005826751753854036,0.022673659300320902,-0.02568988670241551,0.009557197946184433,-6.964523280546332e-4
Liver,ubiquinol,0.04187562191518388,-1.5226316928047118e-4,-0.028029527507171987,0.009402092532064855,-0.014373824660175961,0.007990467010965946,-0.0019993115854830615,0.061319314657062106,-0.022545604012278436,-0.02365924900673132,-0.0057580440006213445,-0.004055875109310163,-0.024594292427134082,-0.014800868261499305,0.023979028599574726,0.002636670962814638,-0.00443675614694711
Liver,val-arg,-0.00673796984196428,-0.059662420881222845,0.014923254037063599,-0.013021451463145622,-0.03511479536508964,0.003601557595724631,-5.857434136254987e-4,-0.008728919215217006,-0.03891204680250766,-0.04441559374810271,0.005519798761508498,0.007822582705217681,0.001162668399812601,0.004297333454035318,0.01604511460061694,-2.5471007957017093e-4,-0.01045828377816258
Liver,verofylline,-0.039978484422698204,0.031031766230227617,-0.03796631438743118,-0.013138166316999343,0.019477266853724282,-0.007608832415834955,-0.0057597377131610155,0.0013383132912125491,-0.033210762038842344,0.004714406076723467,-0.015406256104060892,-0.023784122892702278,0.0015213623460429112,-0.014083018166895934,-0.004565891071584181,-0.0019934226425313193,0.011396270144371426
Liver,vinyl sulfide,-0.01673431656934053,-0.06446943883973504,0.008482890893342131,-0.006018862553855572,-0.014818803410824652,0.03202244059229135,0.02670008456758006,-0.002133321702574165,0.005816279607197961,-0.0040739726334140325,-6.243395464366242e-4,-0.011137127886859841,-0.0015753024155086273,-0.017837381500801778,0.02398033523746194,-0.001698144144817588,0.021859047517654266
Liver,β-D-Glucopyranuronic acid,0.016889478736056816,-0.016144508507876416,0.044074794060638633,0.06004782818216381,-8.35274586578729e-4,0.010270453401543016,0.006073203955794373,-0.01350974826184752,-0.008102732354015194,0.03502119256937143,0.007059461688314137,-0.04759078491932275,-0.006046450174242173,0.004705240632362769,0.002512379382825952,-0.020048636738883744,-0.009881882541172478
Liver,β-Ionone,-0.04686324392375588,0.003996798796622,-0.004184915438339178,0.01049544603484203,0.016125933030820612,-0.0046325939723158,-0.028488798564119927,0.002139438651212447,-0.043759612346697854,0.033950203536206605,-0.011696567595396603,-0.034920199422885934,0.003302982266983506,-0.017223149412662647,-8.301322344747556e-4,-0.025784151873680675,-0.005180586794975539
Liver,γ-Glutamyl-3-(sulfinosulfanyl)alanylglycine,0.05299912382082243,0.018390393817041436,-0.0062131214080867,0.004961560142746614,-0.0012773299962534931,0.0010461101866205285,0.003241913425653813,0.013618562971289189,-0.0010592491491196554,0.001416308381383752,-0.02664481978454148,-0.02996198353007166,-0.028132229691058833,-0.0023628840107508026,0.010084116214038333,-0.0064847225494855465,-0.005695547616512109
Liver,ε-(γ-Glutamyl)-lysine,0.045053637977527705,-0.004098456655540252,0.010030324339899426,1.5932636232213982e-4,0.05661407841642608,0.03254357035083088,-0.006772128026169406,-0.004580872186150543,0.003981379258722302,-0.0012857709703007019,0.0036883834640112417,0.006314978956578996,-0.005945015335860503,-0.00826086406210982,-0.0032323413580710174,0.014808534077420521,0.010698282455637122
Muscle,"(10Z,12Z)-octadeca-10,12-dienoylcarnitine",-0.021267000426052073,-0.04444595972770721,-0.04533414052987031,0.0029237804392819875,-0.0052030719301203255,-0.06342622420406278,-0.01196336972211046,0.0058731031744433775,-0.026998817259238375,-0.026873910430798505,0.002774278116208041,0.007071245542667966,0.08070871539472936,0.008804043623384945,0.0011698248580702068,0.021449625450106653,-0.11968743813394622
Muscle,(17Z)-tricos-17-enoic acid,0.01875950020242965,-0.011905547408301314,0.04211388828827445,-5.599983600285709e-4,0.05644606350999095,0.006832942632483592,0.004248813624991007,0.05598569152605221,-0.0020182740102216786,0.037514555008484475,-0.04548327875196295,0.012135441913702078,0.01824183487712296,0.07976021076785791,-0.05576218292682325,0.019332262945704087,0.017182979202399203
Muscle,"(1R,5R)-3,3,5-Trimethylcyclohexyl 5-oxo-L-prolinate",0.046722497634413704,0.057195464961541966,-0.02736260347499752,0.03511477219618066,-0.02224436323437449,0.015170318464562207,-0.005351262887410171,-0.021040535639036198,0.008426682706132234,0.0383949184762827,0.008471969239553012,0.020733204086509846,0.008768711392429393,-0.006527019688770964,-0.010462927128490597,-0.00865154697622738,0.15374046536413022
Muscle,"(24Z)-3-Acetoxy-15-hydroxy-7-methoxylanosta-8,24-dien-26-oic acid",0.0013236795404942868,-0.013987708027758596,-0.04659974034408974,0.0325282451084426,0.02906477470520968,-0.02663204439941556,0.04563002297560238,0.01739327710717218,0.020068283979255978,-0.037319539181996784,0.025704635235376968,0.013226157090884321,-0.025368929533997303,0.0077630706055113645,0.10301845887365996,0.07052648868800428,0.11104397751463897
Muscle,"(2E,4E)-2,4-Hexadienoic acid",-0.019723436223593925,-0.007132326920169151,8.043564518058738e-4,-0.031237935209315223,0.02761135111235714,0.025737886495301926,0.055156581421165383,0.04778087499834349,-0.03291977055849476,0.06506388633906206,0.03810733495534386,0.07340832670068596,0.018874516589493028,-0.025995159785263365,0.05293785224333808,0.008078676920125448,-0.18421999852934784
Muscle,"(2E,4E)-5-(3-diazo-4-oxocyclohexa-1,5-dien-1-yl)penta-2,4-dienoic acid",0.03191436850484752,-3.902811238066396e-4,-0.06383955876432622,0.01933853602014486,0.03740416419005617,0.05210941201359204,-0.025128992498398325,-0.026532101699288355,0.005684310671646955,-0.006747990900048771,-0.0063938575248084105,-0.04531469263240847,0.014803761233627205,0.01374258548582,0.014051048350565906,0.0028215340831666885,0.12044892868524347
Muscle,"(2E,4E,12Z)-N-Isobutyl-2,4,12-octadecatrienamide",6.544443920369212e-4,0.03825769304521666,-0.027666887938240285,-0.002188514373993969,-0.004819599559460521,0.06848386246915614,-0.014945876477908892,-0.0320467935090066,-0.03551929217440667,-0.06313981637205018,-0.0504475206544426,0.02242079166300006,0.05981372970378568,-0.02013050464763977,-0.007219625958524738,0.0021722393422417604,-0.2363737577277303
Muscle,"(2E,4Z)-N-Isobutyl-2,4-octadecadienamide",0.014294905421945015,0.024026867168493296,-0.03222848023315535,0.061320572964181315,0.051296972494076144,0.033388808376325484,0.015939945260998012,0.051361891737589704,-0.03285595613253586,-0.015431044015568897,-0.01808220147513064,-0.032414738638764914,0.024416972712937773,0.0036791104028637686,9.301674629003988e-4,0.0011862385499449284,0.11067896792062402
Muscle,"(2E,5E,12Z,15Z)-1-Hydroxy-2,5,12,15-heneicosatetraen-4-one",0.06337055726802493,-0.0550911688661202,0.025208031308768735,-0.017792652724965583,0.0053752505506877305,0.0027944578345025757,-0.0031021557568191183,-0.008810402913429815,0.002790992294146911,0.0014209127044030653,0.003894702184928945,0.005805514787092026,0.0010454464756140568,0.008553587816955196,-0.002785194705135052,0.0036189519584584246,-0.008633018852309162
Muscle,(2R)-1-(Phosphonooxy)-3-(tetradecanoyloxy)-2-propanyl docosanoate,0.045831180348966036,-0.032969779898315614,-0.019713303292677717,0.01497018832430852,-0.005227302269894835,-0.029466483380372516,0.025548315385700664,0.012359991053874413,-0.0028290679443198773,-0.06671374834490441,-0.03414221444625178,0.030951436619211986,-0.024228791472455914,-0.010041981070290638,0.05172559068624279,0.0784793714138823,0.08044897417873256
Muscle,"(2R)-1-[(Hydroxy{[(1s,3R)-2,3,4,5,6-pentahydroxycyclohexyl]oxy}phosphoryl)oxy]-3-(stearoyloxy)-2-propanyl (4Z,7Z,10Z,13Z,16Z,19Z)-4,7,10,13,16,19-docosahexaenoate",0.05333025461115077,0.0015219606343972374,-0.018616894935983796,0.03535918185802814,0.050767698565350496,-0.019728149705632,0.0011437671296559864,0.04893522582853871,0.0056517542337663875,0.03086333896591095,-0.00948878654453127,-0.026990905879770762,-0.025926694934972103,0.046158554686475214,0.030003078683170776,-0.004040340018019864,-0.26974626477645697
Muscle,"(2R)-1-[(Hydroxy{[(2R,3R,5S,6R)-2,3,4,5,6-pentahydroxycyclohexyl]oxy}phosphoryl)oxy]-3-(palmitoyloxy)-2-propanyl stearate",-0.01779398650575496,-0.0029638242806812333,-0.04162178790290575,-0.004532021280375058,0.015212562550361429,-0.004190808034754907,0.006199898039683651,0.04391121907469357,0.04613693534453377,-0.014414360645188737,0.04410754879337685,-0.09853021763386155,-0.04066054778617535,-0.05434907017872973,0.014044967083697093,-0.05675846703710284,0.13272840284194568
Muscle,"(2R)-2,3-Dihydroxypropanoic acid",0.008162873350499412,0.0565426640907409,0.01909250285601022,-0.05215725561607923,-0.013594265035010742,-0.008749162797472435,0.015293828113833768,0.007624635986804118,0.04455581535789382,0.04499389256230584,1.5819286120499467e-4,-0.06277882888214759,-0.011284453281302282,0.03715939351371371,0.026158575838969456,0.005253012440976047,0.019492364884825104
Muscle,(2R)-2-Hydroxy-3-(phosphonooxy)propyl (11Z)-11-docosenoate,0.013824579003879425,0.016149619883741157,-0.001670812908791389,0.012487754567978432,-0.07969868533350584,0.00464113571430271,0.0526905188888918,0.03963752992073289,0.024121229646455376,0.023322037076769653,-0.02954294571245659,0.03525267171768487,-0.0401381465515347,0.008381269522235574,-0.0635671447590972,0.018877825047386405,0.05811214766521526
Muscle,"(2R)-2-[(4Z,7Z,10Z,13Z,16Z,19Z)-4,7,10,13,16,19-Docosahexaenoyloxy]-3-[(11Z)-11-icosenoyloxy]propyl 2-(trimethylammonio)ethyl phosphate",0.010659049416962572,0.008969975131010555,-0.03076157010924378,0.05348841948304207,0.033115607904860546,-0.04544464571742991,-0.016966496937238108,0.004972454555054939,-0.05575228198309922,0.021498591909759453,0.0084515585226432,-0.04748442403499766,0.07102941418980546,-0.043280969230149645,-0.025560947269441393,-0.01942738623937955,-0.2005079995207015
Muscle,"(2R)-3-(Icosanoyloxy)-2-[(9Z,12Z)-9,12-octadecadienoyloxy]propyl 2-(trimethylammonio)ethyl phosphate",0.006838166846918747,-0.025649597628423185,-0.0019825202898146304,-0.015569370832557019,0.0012103462814744082,-0.0010322673114765899,0.01645364166050253,0.0409214715241127,-0.07661297758143096,0.04671158948069388,-0.004963014109748868,-0.022287448343609854,-0.04766296970898904,0.05323842088425275,-0.10708960507808682,0.06285702353595217,0.28346610780303105
Muscle,"(2R,3R,4R)-2-Amino-4-hydroxy-3-methylpentanoic acid",-0.019371270108326073,0.02214916014234784,0.023088838150120715,-0.03863075633511355,0.04059386947503032,1.1948236128383705e-5,-0.01973642200426606,0.05251980208662413,0.00957000919571664,-0.059778254243466104,0.049769706512412866,0.05430417005293289,0.042911742894099894,-0.03440289851778235,0.015841021090235503,-0.0514585503097867,0.06038716140841402
Muscle,"(3-Hydroxy-2-oxo-2,3-dihydro-1H-indol-3-yl)acetonitrile",0.003482703764196993,0.026751792278054187,-0.009998701900745794,0.037941861268033,-0.05957034535684947,-0.03775690871919794,-0.022905466564404505,0.009967206371503856,-0.03061978374670461,0.04683824264451097,0.044778674665175294,0.07069029029823319,0.007519404780808627,-0.03915513303264036,-0.006742271644206834,0.031932188548060056,0.02374833762361346
Muscle,"(3r,4s)-Tofacitinib",-0.019116813131951536,-0.04412431749780946,-0.017116102358678466,-0.005492725920653704,0.022341765302509267,0.03077823486138821,-0.06212909372744229,0.00632723337231896,0.06771695970658066,-0.032447549772119,0.0503848909307599,-0.028829894089003986,-0.016506928382028004,-0.005625534018367515,-0.006187274147901122,-0.05509785996667126,-0.024492781579240133
Muscle,"(4R,5S,6R)-4-Amino-5,6-dihydroxy-2-oxo-7-(phosphonooxy)heptanoic acid",0.03958676450442708,0.052563644641691686,8.535479719334121e-4,-0.017633779218757726,-0.06425857471238382,0.028590524784029948,-0.01793542857392213,0.01729643382972882,-9.768413947599359e-4,-0.0019177846681193778,-0.0016445750437456565,0.006651285868811097,-0.010030787582308309,-0.029819325155898035,-0.016464143731769975,0.040000805115214956,-0.004595426313699621
Muscle,"(5Z,8Z)-Tetradecadienoylcarnitine",-0.013773951173972829,-0.00680121813166927,-0.02991238880396694,-0.013475535190179525,0.023526788067662476,-0.08198620928604962,0.017009391235416445,-0.03982283326775967,-0.03177258024651029,-0.04541436040484555,-6.742236117475194e-4,-0.02483610669238613,0.033826938523446926,0.04322330794064484,0.010841390777484276,-0.07907021424126427,0.03105174874376796
Muscle,"(6E,10E)-3,7,11,15-Tetramethyl-6,10,14-hexadecatrien-1-ol",0.012760260243971111,0.0038513985911495323,-0.05559590900658241,0.07425906173104108,0.023532759351222045,0.02395772401616352,0.023437695705407526,0.023408160588156174,-0.005481048344084733,0.003885387862721828,0.013549068783194188,-0.034954200187438104,0.020334336458415137,-0.033449342864553894,0.01920865403201915,0.007230933487884405,4.756434773675301e-4
Muscle,"(7Z,10Z)-Hexadecadienoylcarnitine",0.0050620474578628085,-0.0021071768482370415,-0.05951221337685163,0.045745477101394684,-0.009844931301130726,-0.06785766511976249,0.015569001197031964,0.010879946462209534,-0.005159522452210098,-0.04322525107472667,-0.015359711136941548,-0.027354135127587546,0.0186153809041266,-0.02302276675612223,0.03568542777926715,0.0278974758983108,0.0038417615259756046
Muscle,"(8Z,10E)-Dodeca-8,10-dienoylcarnitine",-0.004014043778155924,0.018561236944181023,-0.06230962684164908,0.004011039807582882,0.028133852045687146,-0.02045325429933905,-0.04504740112693494,-0.041763008233181,0.031348625560878994,0.004237617323187056,0.0689293594761425,0.009739687619251071,-0.0036410437026722993,0.0034813795841963464,-0.055860016056633426,0.03026599461643417,-0.005588303714000161
Muscle,"(E,E)-2,4-Dodecadienal",-0.00986227934530189,-0.0022763602068351816,-0.030425440683132812,0.055156868479125015,0.03531877869032699,0.06910197313650741,0.036775279024671564,-0.03933496602913338,-0.01874610549466928,0.03180912971341915,0.013470726527839151,0.003096890941024068,0.047544821321864425,0.0250200504179587,0.004235483212424558,-0.017650203634427833,0.0030721202135861243
Muscle,(R)-Lipoic acid,0.016995991335945766,-0.007569038867081813,-0.012176230309726964,-0.05293654952263879,-0.05827574343560716,0.02930604308156835,-0.029780713916153976,0.00495723037592409,-0.08896749451779482,0.021095685050660267,0.011928936027660335,0.0025525613782694024,0.01394493554971475,0.005211409369623851,-0.005140085086028806,0.02848475454160125,-0.021812241257056886
Muscle,(S)-beta-Aminoisobutyric acid,-0.019835730890932202,-0.018864488636330706,0.0626255226342924,-0.053454056390435205,-4.645689156294403e-4,-0.025932223083155577,-0.02949072935655281,0.012973062009917987,-0.016916608364353207,-0.018074594648637164,0.047206905219705116,0.0034856939269887507,0.02816680311412688,0.016599687538728515,-0.001468592769538607,-0.05316603568747068,-0.06087968717106834
Muscle,(±)-Tropinone,-0.006205246765952526,8.907131206187303e-4,-0.036573859764137566,0.012308641716152929,0.0234356518962208,0.06465190627420063,-0.0059744251067233335,-0.10114921183568513,0.005752179726680923,0.01964747632614543,0.011436420585762701,-0.015608893882014219,0.03928077397419728,7.227772818854632e-4,-0.024782917185317704,0.039503634790657265,0.0034261345851028958
Muscle,(Â±)-2-Hydroxy-4-(methylthio)butanoic acid,-4.469865635941678e-4,0.03088398645231054,-0.04781715442866506,0.018100262038175975,-0.032756512893805004,-0.018023151821005518,-0.01607924505859841,0.030555071516216708,0.03249462974733183,0.07078939851140298,-0.05895330702740104,0.04021514532731258,0.034335925153865826,0.012808068353338684,0.03912987110568908,-0.002205715948011254,9.581989199167699e-4
Muscle,(Â±)-2-Methylbutanal,0.02291152692015462,0.045447730092130885,-0.012857435155667415,-0.016613536215846884,-0.04810877530081308,-0.01814018203742883,0.02368774746803419,0.018289647523829135,0.06509372110272159,0.057693506450016266,-0.05345939674728712,0.0026166694465442793,-0.0027390063637754993,0.027289785246417477,0.00458466245202415,-0.005910252843573547,0.0062317724406706675
Muscle,(Â±)-Metalaxyl,0.02572417505870695,0.031849244593994956,-0.03892760986566987,0.012445773383142985,-0.04411085622990216,-0.039004761797502334,-0.021310738804675794,-0.012578861290603836,0.007942611739963298,-0.03858869134306584,-0.017571701056251596,0.05449371121156219,-0.012781049002295864,-0.032880364718056346,0.017099565424109835,0.09049852288098018,-0.02414843476591735
Muscle,(−)-trans-Methyl dihydrojasmonate,-0.008429513122191024,-0.002544743003908617,-0.03390160434171705,0.046309297911860586,0.0414136964569652,0.0713350731372638,0.04230036558345476,-0.03145799441613043,-0.021929003965973436,0.026480142889117896,0.012812697941957494,0.005413436074387071,0.0434026698230181,0.03463581424926565,-0.013123420175655834,-0.01788179721767961,-0.02075606614413765
Muscle,"1,2,3-Trihydroxybenzene",0.005441753521207735,0.03232191788172048,0.02102505268410046,-0.021847656691163814,-0.050751911060689,-0.010458930266329066,0.04521362423144769,-0.01662297964537653,-0.029310410128235587,-0.008790651849720367,0.04116825490040103,-0.09752062605677266,-0.02815620128166201,0.0075664883233240755,-0.04705344011592458,0.010689861105480133,-0.012244303579012414
Muscle,"1,2-Dipalmitoylphosphatidylglycerol",0.06499103735898609,-0.05025463873150673,0.02187760248247758,-0.023805220478090836,0.01359610301258327,0.001883668860487439,-0.0029649616903278807,-0.013662274362857796,0.0056153047258742095,-0.0014511986142441901,0.008967757436107884,0.001478250019933859,-0.007205810382448773,0.014912740511310562,0.009683969961770627,-0.005868794014842534,-0.005874232966493358
Muscle,"1,2-dioleoyl-sn-glycero-3-phospho-(1′-sn-glycerol)",0.039091891140275024,0.033435817858418565,-0.02866504782353,0.05180628854295489,2.196484798054029e-4,-0.02769522609810915,0.001856219081996071,-0.0014129533301566616,0.025484522448790188,-0.0037132065166485136,0.05128865932610575,0.006964344223791537,-0.07342384837827792,0.009341981992502,0.0028732448901789853,0.047426200583694594,0.007418510602293216
Muscle,"1,28-Octacosanediyl (2E,2′E)bis[3-(3-hydroxy-4-methoxyphenyl)acrylate]",0.02458643447283656,-0.03467234999340112,-0.01808386831475467,-0.009853049869792815,-0.058496871189867135,5.999016497738077e-4,0.04333450329276676,0.004880643294452672,0.022587573029031333,-0.009100858203986519,-0.05357309366228018,0.02885046610493444,-0.020331057667984778,0.015506121709903746,-0.08853318580663327,-0.049024772183429405,-0.012246098216809564
Muscle,"1,3,5-Heptatriene, (E,E)-",-0.011507661807640195,0.007647596602456344,-0.0478325984482224,0.04384155210175616,6.933146037873878e-4,0.0567697865415297,0.05131269995105504,-0.016761858028337007,-0.02476591257034419,8.136292714157882e-4,0.018316768109007873,0.009043395554319452,0.022464373020313996,0.04230571536167301,0.05689182492228379,-0.06671623440188143,0.022707314506889103
Muscle,"1,5-Anhydro-1-(2,4,6-trihydroxyphenyl)hexitol",7.577780782978833e-4,0.02065114029282393,-0.02473581445982744,-0.06585340026016302,-0.049669164465909806,0.016081478530303173,0.04505268451429008,-0.03643655915749067,-0.039477052662724686,-0.035539722036664854,0.007337617680124538,-0.016475336818158607,-0.041127895864431135,-0.011937433121764353,-0.0040198746970888915,0.03231826092541667,-0.036940565775619424
Muscle,"1,5-DAN",0.011211919837885205,0.003087547929945789,-0.06044463333739409,0.02816667721219062,-0.06543992929800987,0.025377382383543055,-0.032676997278631194,-0.0141419799194968,0.02597100584069388,0.01796916829421102,-0.016602485662767234,0.022622864537919993,-0.0024397778714333493,-0.03701984954948665,0.008512152982255093,-0.03757838645739673,0.0081174068464203
Muscle,"1,5-Naphthalenediamine",0.02562623068128962,-0.02899230013765055,0.06318419149410488,-0.018159695167535742,-0.029532545013936647,0.0019747695819249404,0.03409077613002641,0.008460797379891334,-0.012248128966832425,0.05387912162269706,0.03109054575615992,0.03131290064668393,0.0022570980302024837,0.05290617844838667,-0.007258243389668564,-0.0052753233347789304,0.017616657980525034
Muscle,"1-(1Z,9Z-octadecadienyl)-2-(4Z,7Z,10Z,13Z,16Z,19Z-docosahexaenoyl)-sn-glycero-3-phosphoethanolamine",0.012327588669831337,0.004006477191245455,-0.03339101139730075,0.03165522365346239,-0.03417403982087168,-0.08052397483177386,-0.006792217822049916,0.015907743838178327,0.00996336136179819,-0.026339475554912797,0.02953877669388623,0.05435149919031773,0.03499163611833076,-0.005873211413172943,0.06314180322289749,0.03023346717312338,-0.02431069099635794
Muscle,"1-(1Z-hexadecenyl)-2-(4Z,7Z,10Z,13Z,16Z,19Z-docosahexaenoyl)-sn-glycero-3-phosphoethanolamine",-0.01228711477354159,-0.01558854627725299,-0.03129724633236525,-0.008326559891569206,-4.325678988749934e-4,0.008639488446163954,-0.023658277452970604,0.03492904060256187,0.09962302027020765,-0.02876478479143924,0.062355580118720506,-0.025094175826550998,0.05400782945879594,0.026495378972431784,-0.02463291656175534,0.04886874057289172,-0.0019303478520672492
Muscle,"1-(1Z-hexadecenyl)-2-(8Z,11Z,14Z-icosatrienoyl)-sn-glycero-3-phosphoethanolamine",0.036962735217496594,0.0041912647530572,-0.04950281353668993,0.06521765291964245,0.007920948911501665,-0.04200349491807889,0.00237761443385323,-0.031680579423631075,0.013734781952715389,0.01049616452729293,0.01221682409353965,0.0011011431067146267,-0.021967875983579424,0.0383025844074287,-1.1577849211767307e-4,-0.008598690341033806,0.02093826894093842
Muscle,1-(1Z-hexadecenyl)-2-linoleoyl-sn-glycero-3-phosphoethanolamine,0.04070372353640772,0.010678489031123457,-8.835800333276983e-4,0.07036470802690023,0.0351353930008094,0.006959768454503107,-0.04074787914508944,0.014619826275714336,-0.00514685390977597,0.06434794959178217,0.01246064431895286,-0.023252650874459484,-0.01190598938681084,0.007301492017958329,-0.004027469475428617,-0.002667543456735902,-0.010736114689982089
Muscle,1-(4-Aminobutyl)urea,-0.04763108561788532,-0.0119838676909704,-0.03662014388925634,-0.023170395411957128,0.00861564808331795,0.036819117577528,-0.0472553096128841,-0.007889368480005562,0.029348429362182432,0.019597910788129662,0.01860940110161458,-0.047485762002675326,-0.0025545514914189923,0.06485058178521784,-0.01922435147564653,-0.047263689762596796,-0.00920689651055446
Muscle,1-Methyl-4-(2-aminoethyl)piperazine,-0.03171254465718935,-0.06465929655813032,-0.022338713893093675,0.011950880382487102,0.03275053097529499,0.03673207789568084,0.012330796477816035,-0.013565488802939035,0.003753670403903424,-0.023931855965032226,-0.05514497995439129,0.0028414505462359186,-0.007664152850750734,-0.017003658630487646,0.0015690063645587811,-0.021466225470203052,-0.012191990993575921
Muscle,1-Methylhistidine,-0.015190959271921649,-0.028790539588198702,-0.006331898320083367,-0.010917986031725536,-0.017742692723047643,0.04420761740425472,0.01204069954769924,0.014224302763718092,-0.07775124908102149,0.007873532335206563,-0.07655253059938831,0.024603889296213304,-0.06203855693774542,0.009294920029720023,0.04786698081096088,-0.056555669254609094,-0.016771479209609114
Muscle,1-Methylinosine,-0.02722596967420966,0.026765771785401137,0.02878014428175317,0.02865629256718239,-0.04392211711947212,0.007507313880080559,-0.047153052620452315,0.009039858288329785,0.019080605340413052,0.05836772851001313,0.03129873152098671,0.0279459642884983,0.01015669192495776,-0.0038911773858204364,-0.06638029112182976,0.07370537266325577,-0.02399763864935207
Muscle,"1-O-[(2E,4E,6E,8E,10E,12E,14E,16E,18E)-2,6,10,15,19,23-Hexamethyl-2,4,6,8,10,12,14,16,18,22-tetracosadecaenoyl]-6-O-(12-methyltetradecanoyl)-β-D-glucopyranose",0.03427986987687118,-0.03908210344236422,-0.05289284334695087,0.016009233639618033,-0.00475842845450692,-0.023267441510129844,0.020135079438417875,0.021900714964752235,0.05577230699727902,-0.02922061637082569,0.025580638620330547,-0.03782164081086904,-0.011324662168840411,-0.04152803323725103,-0.0029577021724312954,0.013954189684549983,-0.006153944779560049
Muscle,1-Palmitoyl-2-docosahexaenoyl-sn-glycero-3-phosphocholine,0.012158661204984968,0.03630055335529405,-0.03499073139496642,0.022355809003104105,-7.68585772640125e-4,0.001994234166481254,-0.031003316233936346,-0.04228001398087218,-0.057845556464759584,-0.07152515851680834,6.057887050435127e-4,0.024950681876667,-0.04251880855693374,-0.06474635021737933,0.015786713492404146,0.037756107445258646,0.009208620010001545
Muscle,1-Pentanesulfenothioic acid,0.0314781142636359,0.025988514162588534,0.016957772453825987,-0.004942424395993505,-0.017294389201766718,0.001773162327925942,-0.05392491104070375,-0.017998450611690104,0.07680220447109133,0.05708703242015008,0.06935603049836667,-0.03244023027188299,0.005156354926473514,0.0066296676661237565,0.014390382899389749,0.002835868117720497,-0.020027779895263657
Muscle,1-Phenylethanol,0.017249042470327762,0.013941994191835205,-0.030462582750952674,0.022212578252559626,-0.07282849340314261,0.010263247056195426,0.04981977661810925,0.0121576585695912,0.0481666186284828,-0.010163048438629316,-0.04222367886144135,0.045168275485537396,0.018958800223701885,-0.00566378413117761,-0.04138128376132887,-0.0018379885516448746,0.0016174601460989394
Muscle,1-Piperideine,-0.03421336255117418,-0.0158501622866807,-0.02947999782753917,-0.03496412314877619,-0.04512272739530436,0.028666632769896398,-0.031202927142544273,-0.0020545465397308793,-0.08588410286768165,0.03658410579826201,0.003902673730674527,-0.008358608558631098,0.015433271354868081,0.008403687777298177,0.008734678016768601,0.022709977302405312,0.014677211918336344
Muscle,1-[(5-Amino-5-carboxypentyl)amino]-1-deoxyfructose,-0.015969977826931915,-0.004314203944718711,0.0524867031640122,-0.03701376136436704,0.016911885221472134,-0.01945808072161219,-0.014821652957147094,0.02695142675516235,8.894673991037024e-4,-0.043554865245810814,0.07212756149948277,0.03889345528371623,0.06193612456030186,-0.024335112420245462,0.014771282387664895,-0.052164486416579996,-0.019964589101191775
Muscle,1-[(9Z)-octadecenyl]-2-hexadecanoyl-sn-glycero-3-phosphocholine,0.0411142704591488,0.030989876620975222,-0.010100388315630636,0.07590031569511983,0.018015931549012206,0.02172013789590136,0.008525011992878152,0.021279564117795583,0.0067232832904478845,-0.004663091582846803,0.027396085876028008,-0.03419319488773725,0.032257430980157466,-0.007003302443095247,-0.025337315378317498,0.014964552313927881,-0.02165669819477772
Muscle,1-octadecanoyl-2-eicosanoyl-sn-glycero-3-phosphoethanolamine,0.01016318591567949,-0.02979292026276923,-7.111252274434093e-5,-0.00632504814843687,-0.05447681687023975,-0.0029883955683024433,0.02719601334592326,0.06619475047794722,-0.05808610147297251,-0.025178039697257452,-0.0432921944811326,0.019668802409638024,-0.06755388293274361,-0.024250228590120475,-0.012675881329386142,-0.05015701437004328,-0.056169435717441193
Muscle,"1-stearoyl-2-(7Z,10Z,13Z,16Z-docosatetraenoyl)-sn-glycero-3-phosphoserine",-9.979860405800046e-5,-0.014345502913872814,-0.002661487235272582,-0.0019482901580067525,6.526478729604445e-4,-0.07669873826705367,-5.365324251733139e-4,-0.0379970100476398,-0.018354356362827083,-0.05128508573313954,-6.004224347307504e-4,0.04388759801415285,-0.08322770635127101,-0.019342168706448663,0.06904040185406544,0.06376554455634223,0.006808231916732566
Muscle,1-stearoyl-2-arachidonoyl-sn-glycero-3-phosphoserine,0.03311223657773417,-0.014901360073965718,-0.03478473256331384,0.029426940467409495,0.02774271084879886,-0.0023682713515690923,0.0072215257775939505,-0.041077245521651616,-0.012184281793564731,-0.07879306889276565,-0.02243350070769489,0.011912123184765248,-0.05987612465516605,-0.006727788684401567,0.07164245748915668,0.03275668849939977,0.002944089264939905
Muscle,10-Hydroxy-2-decenoic acid,-0.02373051225397143,0.05340595817777976,0.003810900444365206,0.010403882939999247,-0.015425851273280347,-0.023731798205932166,-0.030116350452767986,-0.05943596750370023,-0.038529292182628606,0.07158340952650667,0.04455192671938523,-0.009513096080511445,0.0024029010347758296,0.021715404016578843,-1.3766650999824027e-4,-0.010857792932399619,0.006313231112015137
Muscle,10-Hydroxydecanoic acid,-0.016141596419003087,0.06613128088052295,0.024487691048294333,0.01654067016525266,0.03452027124880276,-1.425528995006129e-4,-0.02657310119384193,-0.05089253456396408,-0.012697331475853318,-0.02148200943833789,0.03711194315735419,-7.506536632392952e-4,0.014837634334883568,0.04707403686175656,-0.023875656357008584,-0.0068092054654775224,0.010607175309771202
Muscle,10Z-Heptadecenoic acid,-0.012846535770960624,0.002251162893771661,0.03676115145910529,-0.055589833157059405,0.026781247542377533,-0.04166787642866104,0.0051677897385418526,-0.020888796691579094,0.051828616821753666,0.046571961999322134,-0.07477065116561459,-0.0058270827012640355,0.002906576818152252,-0.0064031238878789875,-0.018855202952913697,0.028793005172657708,0.013426015748843577
Muscle,10Z-Nonadecenoic acid,-0.019729197336794672,-0.021419306795789635,0.06099623477205965,-0.025764124430031773,0.017566948826749338,-0.037122678754648704,-0.030196189734760324,0.011049038240252025,0.03511450695853687,0.0013857181380975774,-0.07254671212601035,-0.032023976472996055,0.02756116156870044,-0.021501125553050834,-0.00493392540124037,-9.222925633981304e-4,-0.04667480955513451
Muscle,10Z-Pentadecenoic acid,-0.006800692763961841,-0.016820281819919427,0.015445951840092577,0.01745632150457679,0.05393610195118721,-0.037827160781498975,0.03763071929493734,0.03637127849890169,0.012348038156494455,0.0727283350513273,-0.046930177788931285,-0.06712450227071208,-0.011159182883237237,0.029357259906148347,-0.034907855430572045,0.017455524346386087,0.001429949776524565
Muscle,11(R)-HETE,-0.040560362811671385,-0.011678768855088607,-0.002561887155954561,0.013588933850213572,0.0011433417714235797,-0.07032593760506273,-0.011442525545800506,-0.01198212975708785,-0.03968228983722532,0.010847808362586014,-0.03928315062724759,-0.035575868943480596,0.08876822031589778,-0.03178120223542852,-0.0234497459881267,-0.024971250847064596,0.01106721852168882
Muscle,11Z-Eicosenoic acid,9.146294275881934e-4,-0.011514155022693382,0.0677933196811206,4.3450840729094615e-4,0.011973933051244586,-0.02693380557393523,-0.03945152590385233,0.0069614795577157985,-0.02159049484471883,-0.010080095603319544,-0.044574653570236725,-0.023481257807657682,0.041760309828125,-0.057584091744547136,-0.07543701741724582,-0.020623029823140383,0.041285882206778646
Muscle,12-Hydroxydodecanoic acid,0.0032406532475998296,0.06388656134973963,0.013302044510309327,-0.0014444299563255343,0.019299074089970624,-0.055141519523118576,-0.04934038148265115,-0.009187909013172561,0.0012820086749071845,-0.0028840271844351915,0.04760892224327029,0.03981918120795196,0.018534054817973655,0.021486807115879455,-0.03754158566399691,-0.006116990742224093,-0.01898659260905671
Muscle,12-oxo-PDA,-0.01368000916258228,0.0037241432095682,-0.015365581541767856,0.004970759453224554,-0.004703146719654912,-0.04839541983296931,0.007124011568627382,-0.07403141314268993,-0.028953376685671866,-0.048471044769744336,-3.8249034878863174e-4,0.008829969811184361,-0.01809345359247983,-0.01762125385057911,0.11883638179202867,0.07429103016583878,-4.8910738794591914e-5
Muscle,12S-HHT,0.0074428446498476086,0.05753529464538751,0.041796939721516976,-0.023446540504499284,-6.860912785089321e-4,0.006833172806870078,-0.03975596706234057,0.031074389415387694,0.010236280522600644,-0.023320590542541438,-0.06336547798004884,0.027130198674522828,0.040185061279619204,-0.024546301312596507,0.018020261742337815,0.02482759893709627,7.265891018242679e-4
Muscle,13-Docosenamide,0.011867805128513643,0.02176769095186028,-0.03432746152692226,0.06543962586305264,0.04445241054631252,0.03128976633475321,8.613692530241595e-4,0.048300495247346364,-0.025942198371661097,-0.03475239218014327,-0.02186153331477141,-0.03531519425867378,0.02647118911551295,0.02082449717981185,-0.006274747120709785,-0.00660267768048378,-0.023001200196248475
Muscle,13-HODE,-0.047326939418891247,-0.0068675861034826315,0.010388814501327002,0.016254375977669353,0.010235031545384613,-0.061633182016269154,-0.009564198629064876,-0.041172078781321925,-0.02438053778898021,-0.04970361990901201,-0.043788629865487434,-8.831196984119099e-4,0.05597309711715632,-0.008683114140979277,-0.049733892947633127,-0.02650608549874741,0.04965491990011386
Muscle,13-L-Hydroperoxylinoleic acid,-0.053303785973773034,-0.013945019848580327,0.05311733492609498,0.04070155369067315,-0.003074590170813288,-0.00820392635574404,-0.0028887779538272164,-0.022728515363204332,-0.02897581965978011,-0.031441829432917075,-0.006611682613671622,0.01946564709215524,0.0033245743066976116,-0.012939973033901483,0.04346632566130509,0.016872931032778742,-0.024578749758498494
Muscle,13-OxoODE,-0.03828754531897886,0.0011109541019863982,0.016077020145528424,0.0016883464775647083,0.017858310078369504,-0.09597168509990724,0.006858363847102475,-0.00828077866003892,0.021848267036948768,0.015484498498209973,-0.030908803219951264,0.005119782600962165,0.04246823309065823,-0.031929306382960175,-0.050539790401754776,-0.0022547348863845265,0.016999815849316133
Muscle,15-Keto-prostaglandin E2,0.059729557686007934,-0.05534021856108629,0.02654452161912339,-0.021156378695330286,0.011736738854278875,6.425506673921136e-4,0.00942929623012881,-0.010950210390650866,0.00270267831251156,0.007293347647096502,7.812139797079602e-4,0.015917323157787603,-0.004493714981855108,0.005083223565398968,-0.02459025808731695,0.018725542392743814,0.0016942297320063416
Muscle,15beta-Hydroxydesogestrel,0.02150373278389068,-0.012391755666465472,-0.029679768199527612,0.006114803016310799,0.07411534462501852,-0.002370622630770748,0.011095999496396506,0.05851936576318547,-0.04085216018310844,0.044430376474763,-0.028090839289899864,-0.012113969623089412,-0.033914572334443276,0.03582369181686252,0.002208050499173387,-0.037195812997484076,0.011212956215134958
Muscle,"16-Heptadecyne-1,2,4-triol",0.05507679919963476,0.008001370538572375,-0.041563579841019535,0.041581867797915215,-0.013706889943468173,-0.033623660003186444,0.023324417280667465,0.004781562894461663,-0.017718651615708625,-0.024571315880719743,-0.025933668704714155,-0.02082555460442423,-0.047633631760879626,-0.009168647302450957,0.015762830621084287,0.020135686978765742,0.030638156180707907
Muscle,16-Hydroxyhexadecanoic acid,-0.06989941606173222,4.214824650512282e-4,0.032400521069063416,0.01860317781605119,0.010922034677014454,-0.010782334129848076,-0.00919253634274991,0.013643044511416234,-0.013693395092304033,-0.016971260016415187,-0.015506769561732582,0.011112125234067412,-0.048103255546319015,0.007216017027200093,-0.04583733153777737,-0.03152433726209963,-0.052495438830713136
Muscle,17-(4-Hydroxyphenyl)heptadecanoic acid,0.05499135914170031,-0.0055814160683194,-0.0017813668602782702,0.056807215729663414,0.02021294029673805,-0.010232228598891698,-0.027219610014372467,-0.0027702233783956005,-0.020422159676459307,-0.04434437208381305,0.006089178677941166,-0.012281480412397627,-0.016975714322883733,-0.05356089002854424,0.030419635721985694,0.05253242099699789,0.0018561838526000851
Muscle,18-Oxocortisol,0.06362213024386763,-0.04327906895814267,0.03266162046903062,-0.02219325682715985,0.020429436547043652,0.014708875386415146,0.013841121854330993,-0.016696693426119576,-0.007579183051529992,0.009410587832450332,0.010287013605249036,0.001349232363610425,0.011494885415388345,-0.003423241692474973,0.006196348382470572,0.00872700732164217,-0.004227331420687736
Muscle,"2',4'-Dihydroxyacetophenone",-0.011079728413532589,-0.002857759955896004,0.010224173281345197,0.01677812016658913,-0.01987475648390538,-0.04668268381185752,-0.054350743296696265,-0.024427752198975274,0.03996269094013019,0.05411457002403122,-0.03759767177513505,0.002198609985372604,-0.054435317074561985,-0.07854649096290646,-0.07335937410065234,-0.04285386273958698,-0.026205719530811893
Muscle,2'-Deoxyguanosine 5'-monophosphate,0.030788278197009196,0.04157213442993107,0.014004574597355721,-0.028497589795734118,-0.042302172609839116,-0.013985465048494483,-0.0041441364412697496,0.05477280762481028,-0.008736671336042558,0.05301221973760089,-0.05649681451667615,0.029450672782596353,-0.026814339374698595,-0.005235603167405495,0.013462311265173645,0.04532775233617062,-1.1964406886593588e-4
Muscle,"2,2,2-Trifluoroethanol",-0.03441381208911043,-0.023391003233529915,-0.007350544906495533,0.003896996704308256,0.022385529242429123,-0.02188308099778371,0.02247462720849864,0.0051682830335210515,-0.02703598450291431,-0.0017640481895347692,-0.06537452864691319,0.008034111378840305,-0.014520920985829508,0.03216469712252175,-0.1412620362817913,0.0210113553409953,0.02421323841163971
Muscle,"2,2,6,6-Tetramethyl-4-piperidinol",-0.03129774741772652,0.023652491478095367,-0.024224305270565846,-0.02854188057932576,-0.003315887454987681,-0.011104412938014617,-0.0430810116113316,-0.020953658672450335,0.030382857031497016,0.07017037203620656,0.025930397990941444,-0.0756312465054335,-0.009993273240527874,0.050323142781604685,0.01623211324556671,0.052478128344294814,-0.11083290520978874
Muscle,"2,3,6-trihydroxypyridine",-0.06572971505574812,-0.04937165067601619,0.002881266152769462,-0.0048693424735570924,0.003525871364667914,-0.033021368914394514,0.01680980831848871,0.006077140118788313,0.006648822517791193,-0.018477629108897112,0.0034339560170424093,0.015219088944052054,-0.012920402243625418,0.016191646564263005,0.02095590914701076,-4.458264586565654e-4,0.0013530158092483573
Muscle,"2,3-dinor prostaglandin e1",0.03361901007492461,-0.037854947000919355,0.012014944826086902,-0.03635960302764695,0.035917020897343305,-0.014138466807432241,-0.021202652689066185,-0.046623373626179826,0.010720551511681258,0.012097712583000169,-0.06812472304197399,0.033028428147364626,0.060709826793632425,0.026884514973907595,-0.015086082087177623,-0.007826499318359884,0.003495739476596915
Muscle,"2,4-Diamino-6-hydroxypyrimidine",-0.036191184093600226,-0.03115745446298444,0.016056835026045647,-0.052383553337843294,-0.0012761100847646604,0.04181151139623187,-0.015497076279585511,-0.028506557622705174,0.004884345939202379,-0.015718695772209395,-0.002088091835804327,0.052270927241726224,-0.08072334253109353,-0.031699685977157804,0.01394441228413597,-0.01161031023779269,-0.029052135508582783
Muscle,"2,4-Diaminobutanoic acid",-0.03578437692563348,-0.038816231941653255,-0.04338383066940182,0.006883239703884195,0.01392492719363731,0.021338377151413054,-0.07763632746478835,-0.019206713262483424,-0.03627198349285807,0.010687706261155403,0.011508978749920733,-0.002994018781015735,-0.017073066427305134,-0.032868575152360385,0.015153454299844753,-0.013180514262046696,0.02402497091457974
Muscle,"2,4-Dimethylbenzaldehyde",-0.03414725119035097,-0.01793401296353923,0.024826175591431618,0.013579457247541137,-0.027673938048602964,-0.04288381437294754,-0.0031296401621433412,-0.009001371284562272,-0.033453082861827244,0.0167707412613725,0.011355242809009541,-0.07808540403684507,0.06415053609726969,-0.07914313942621025,0.013509573031388599,0.0275771039103763,0.01553058441150428
Muscle,"2,5-Diethyl-3,6-dimethylpyrazine",-0.04732376435229669,-0.010424180881787906,-0.041607033496249377,-0.010405903111959276,0.014378501562610557,-0.014578978690843862,0.02209625899534792,0.03766978568694865,-0.005289993766322049,0.0065444898707058404,-0.021495919543601107,0.006057953735376613,0.02333200562532152,0.06058420923972417,-0.03537981037441668,0.10744153938583202,-0.02340996057274509
Muscle,"2,5-Dihydro-2,4,5-trimethyloxazole",0.02850348073208553,0.0069391859341030185,-0.025505685422719738,0.014188479044336316,-0.06845607911703198,-0.027045669891197617,0.06170989695523552,0.03896506024137306,0.04762676075463532,0.0055005691925405905,0.020240274311829582,-0.006784890883714475,0.02843772012800529,6.370080022312769e-4,0.03605319229020916,0.0013763327250320132,-0.008202874530202938
Muscle,"2,5-Dimethylpyrazine",-0.020184298287676424,-0.022272752113930587,-0.005995603062148827,0.020953667216506218,-0.021394849241815048,-0.05500395729041546,0.004367746229478368,-0.029479499330776895,-0.022870421546390247,-0.04597931108970024,-0.01182324319926698,-0.0019584744440626165,-0.04449824639728402,0.013532021196103259,0.12558566517050376,0.06254210320979907,-2.537487327659476e-4
Muscle,"2,6-Pyridinecarboxylic acid",-0.024381405420271545,0.06412370599392045,-0.010490077943789975,-0.048912145792482584,0.017922626164152033,-0.031320116465281635,-0.040002462759353236,-0.005377232421678183,0.013036664885558592,-0.008434295326375114,0.012153015937846874,-0.04094752267885899,-0.017220411882428295,-0.005298807820880471,-0.019778805774508076,-0.008621294113539187,-0.07776138170504876
Muscle,2-(3-Aminopropoxy)guanidine,-0.06629100025190794,-0.05268031462888859,0.0028029674272873925,-0.008519571846529963,-0.009048988308955244,-0.013233038134983681,0.0018121188517630615,0.02731140314243419,-0.013140342880514346,0.01136410937121732,-0.0010597550417385583,0.00744249511249515,-0.013011565050357,0.008928474127933727,0.0038142545286242897,-0.011035886536930127,-0.006763797339774793
Muscle,2-(Diethylamino)ethanol,-0.01973656160799734,-0.025808862737598748,0.009381182414907548,-0.005271326263050492,-0.017302094419142194,-0.006559801730185557,0.06903183769629857,-0.022649216043248606,0.07403221208847649,-0.042844247806921476,-0.04253445493921633,-0.03866420552929974,0.05822741564815322,-0.002625875926942934,-0.05374107599559879,-0.02624799138368405,0.009380561654243537
Muscle,"2-(Hydroxymethyl)-1-methylpiperidine-3,4,5-triol",-0.019349218007011983,-0.04750876233549896,-0.018405220275349448,-0.022690535175007596,0.014027813920994232,-0.001104403864871757,-0.018887167806399194,0.020423846845198414,0.07536839038723907,-0.025950132723734632,0.06563508630829351,-0.029392395097097214,0.05685008947807805,0.0294550447349126,-0.008736609371814717,0.021237927579622895,0.00684150015162978
Muscle,2-(Methylsulfonyl)-3-(pyrazin-2-ylamino)acrylonitrile,-0.0365265968912636,0.0125282634931634,-0.021728397261473898,-0.04315441017049067,0.03629961202011292,0.001191438484908725,0.01926958988033515,0.02405245846703763,0.0458362898904122,-0.07707246171998709,-0.03813617971640342,-0.0265177540713593,0.012162088896044676,-0.0418643507263746,-0.03662465523554234,-0.001227635206494955,0.007026492087156341
Muscle,"2-Amino-1,3-hexadecanediol",0.02412138245174211,0.022263423999595997,-0.01387611727471544,-0.03428428010470179,-0.02299143632484161,-0.01670154237148267,0.004793199966249224,-0.015532871571554795,0.044928947915127984,-0.004320138920765376,-0.0329262068275066,0.0283120052412977,-0.1264633458739299,-0.048712708190497465,-0.030265554022246934,-0.015066019191610672,0.002690152443856353
Muscle,2-Amino-4-[(3-aminopropyl)amino]butanoic acid,-0.026915367068508677,-0.05933914145383399,-0.029632484349710792,-0.014214942883601383,0.023354058129953167,-0.007566228345376386,-0.008310705287755342,0.012910869485123586,0.07303448694927109,-0.030445398596880634,0.020872829018055025,-0.015594412021804348,0.04296566913581641,0.0056926753451381285,0.011244939564382753,-0.014317885503816461,-0.02391818157110315
Muscle,2-Amino-6-purinethiol,0.0683420413162034,0.017707344915227345,-0.009279923944817007,0.010790790661791104,0.025896884146486325,-0.03132104440628503,-0.0116241051083472,-0.023002675655995963,-0.025947979170119585,0.046721521092024924,0.013199474499431882,-0.025709107157374973,-0.00790808685466381,0.031118620739424726,-0.007552274660004749,0.008209729864537055,0.02769678474129297
Muscle,2-Aminoisobutyric acid,0.026438579934228153,-0.04753705496303765,-0.029963702416703365,-0.03100806430925952,0.02932606551365875,0.004945500998714513,-0.03767368082987787,0.022931399282397676,0.03625045140116963,0.031476428806607455,0.05277576221978671,-0.006880733275324176,0.011248273026040808,0.0580140090726825,-0.038570747394256664,-0.019171892903921045,-0.12019153708626333
Muscle,"2-Cyclohexen-1-one, 3-(15-hydroxypentadecyl)-2,4,4-trimethyl-",0.04595925188467753,-0.012053936890077267,0.03419005850218133,-0.01049415856148701,0.02368950155281888,0.0024628381864946177,-0.022163733469424348,0.043285014803236245,-0.01632889819206825,-0.07170993179582381,-0.055560310388850793,0.010597463341307232,0.05281985149252955,0.013160163463551472,0.028367810194635374,-0.0038493926639315014,0.01860086598816451
Muscle,2-Docosahexaenoyl glycerol,0.0152725971004973,-0.024581049403190117,-0.044474550709481746,0.03302579737454286,0.01205201848476315,-0.06501412293434408,0.03762068919323396,0.047064125246680404,-0.003790300584689381,0.014557072666834267,-0.030420280359942455,-0.023327766041160807,-0.0065494160092111385,-0.02257427526261791,0.0673637183952787,0.022308920472986205,-0.0052550885208399265
Muscle,2-Dodecylbenzenesulfonic acid,0.05223038432168302,-0.05937541348326075,0.042996451896578844,-0.010398834541986045,0.003554548942176792,-0.0013573302975422097,0.0021711572672982525,-0.013487005863133656,0.004062179748355394,0.010943476158164298,0.002220630730518741,0.010589354381152544,0.0018578139728934358,0.005308756458938085,0.0031433541867335575,0.016104406882446638,-0.008021334848880464
Muscle,2-Hexenoylcarnitine,-0.005568748255109277,0.010266321683726614,-0.048380364905113916,-0.02007508845690974,0.04975354316428814,-0.03503776445719221,-0.020056190757862344,0.014457091802329245,0.09274748572650722,-0.00724525612965025,0.006647016044597225,-0.007015752085905553,-0.022772301275020897,0.022089847180668518,0.02159010336936791,-0.03872616365707248,0.014561886726024386
Muscle,2-Hydroxy-3-methylbutyric acid,-0.015743734833132222,0.04076132162591534,-0.021879797977423353,-0.03145280264421961,-0.054489560755696,-0.041217483513170325,0.007740642583644071,0.008997546215536043,0.0447371275231034,0.05083184296830448,-0.03285390463040849,-0.01240182319674273,0.0036046752857797114,0.047365097029788694,0.023754392558124206,-0.039882432420802,-0.03273550148306292
Muscle,2-Hydroxy-3-methylpentanoic acid,-0.005420776349370738,0.05412410749522045,-0.028469782841671645,-0.016214382064594315,-0.033783124533620076,-0.017613775197932696,0.055732215467152804,0.04862854372708969,0.0061089205768235285,0.0561894951072688,-0.013431061937365738,0.03663815471309629,0.004955523080478307,0.03591549024872187,0.006810975738179052,0.00371969875996293,0.007151294925423617
Muscle,2-Hydroxyadipic acid,0.0192097460541096,0.059041671438016634,0.017423923114905936,-0.017950270559096274,0.043537496348717564,0.02403002715248165,0.038150863168128095,0.02725856982670035,-9.072565501080977e-6,-0.04977886967610817,0.02963826519809081,0.010458304926470546,0.03249117627020205,-0.018374727700263795,-0.027195848495510547,-0.04405262815866611,-0.022699100628820027
Muscle,2-Hydroxybenzaldehyde,0.020444811387866725,0.05178173514637465,-0.01680184568399862,0.005993184947490904,0.013010096764050846,0.017912995096741137,-0.02684912480219722,-0.033638011833110056,0.03450485942016882,0.0763029628125263,-0.05766895171467287,0.0024123190270414884,0.030502086139169857,0.04172494724841755,0.03895243703948816,0.002446637673972341,-0.0025496624237364256
Muscle,2-Hydroxydecanedioic acid,0.009707581570593607,0.009947925123345915,0.02179461577005173,-0.03226765539044998,0.04097728867481055,0.016516109130520852,0.010731396411066468,-0.027956109971073034,0.044340548749101816,0.10165908312533586,-0.016061614325766194,0.04056802951786595,0.02136915616712328,-0.017265626440880318,0.07009024065459445,-0.014370232196451817,-0.008926934982824968
Muscle,2-Hydroxyethanesulfonate,-0.043474431492793314,0.027903502828212284,0.06048850053148181,0.026409234524918907,0.022565794757379846,0.01330807742568632,0.04042173805216349,0.017970437013767323,0.00479785276414833,-8.963366612984902e-4,0.013139085118350663,0.03201661395170889,-9.546878988041158e-4,-0.036684718717161294,0.013918127228161332,-0.0032370768183641596,0.022904160762622822
Muscle,2-Indolecarboxylic acid,0.04014658934403829,-0.05196955907669247,0.05376634064961856,0.021534200579174295,-0.021536027787397154,0.014586817215491895,-0.015092994134773057,-0.01109838678554429,0.031003252017199553,-0.001055417861403868,0.009090044664933837,-0.007832163343413249,0.02581122599037826,0.011225463056114226,-0.003603714208143218,0.018657309178556115,0.0023316101605881235
Muscle,2-Isopropylmalic acid,0.044809926167154235,-0.05943845791086917,0.022893746712975494,-0.033755119260570676,0.013754639090422634,-0.009215349697068996,-0.021177153107246712,-0.0228986127547269,0.007430940625671899,0.03264338058853148,0.01221017892540746,0.030790678550311278,-0.012613299736228479,0.03232643580671877,1.524321498507901e-4,0.01492907436197658,0.021678280915993935
Muscle,2-Ketobutyric acid,0.06036181894742034,-0.043983290872977164,-2.4846399333388174e-5,-0.031480209806791754,0.029937849291512764,-0.01945253402444137,-0.009767481563335274,-0.008825673235095404,-0.0036623567606785036,0.038255203622334484,-0.020954672725246842,-0.017355359808904246,-0.02054821756148646,-0.0037518934555213243,0.006776184130810899,-0.02181439449919139,-0.009482469279824067
Muscle,2-Methyl-2-thiazoline,0.0039366965662741725,0.037232161946544703,0.0016643574155284725,-0.027485749115964284,-0.03953648813640005,-0.008002477017192752,-0.05804078402573127,0.04437220627762536,0.01953384723663071,-0.06576983978894421,-0.04617312169854467,-0.038720270336881885,0.01263915012923913,-0.061822382889780064,-0.018425071667006722,-0.011079345625586478,0.04333147492668528
Muscle,2-Methylbutyrylglycine,-0.0314683811775439,-0.010641935305284055,0.07110033479479162,0.058369997730891986,-0.01194834525713462,0.01586865030505051,0.005853119648277165,-0.005581044451209117,0.015872096262850858,-0.011452734939591827,-9.452543454561282e-4,-0.012066528328735665,-7.916358895138298e-4,0.020460019462513714,0.011523227776213377,-0.0022448996621511237,-0.005921583431711762
Muscle,2-Methylglutaric acid,0.059142588611053225,-0.05615467059714814,0.03267947949148203,-0.016875489000821777,0.012233559398120196,-2.55287971168985e-4,-0.00619064314748623,-0.010918427784944725,0.0010665301020730126,0.008837634500907427,0.0033029463612538933,0.003789301869766817,0.003073938612492859,0.008373153446562448,-0.0035897433460499676,0.011549209841561044,-0.013397753754051252
Muscle,2-Methylhippuric acid,-0.02984650800878762,-0.009930269938540138,0.06899471559251395,0.06264241558702927,-0.014901494861197502,0.017801571879070617,0.006191505639248505,-0.0036953814307478863,0.016470690555397852,-2.5946458169269504e-5,0.0023779297841959664,-0.007852664325515882,-0.01651576561926095,0.007070188633049827,0.008991492475947556,0.016685751957565897,-0.009542232075330307
Muscle,2-Methylpropanal,-0.01575521293482653,0.0407687526856379,-0.021882929182207675,-0.03144656044510931,-0.05448592805296257,-0.0412145792063292,0.007740454363387655,0.008998476551225171,0.044732694439602726,0.05082702299660451,-0.03285221394318132,-0.012401819575148519,0.003603878588522494,0.04735914408463145,0.02375274036419707,-0.03987972050336899,-0.04203132724459748
Muscle,2-Methylthiazolidine,-0.007545409292839493,-0.04802085699260628,-0.013736959850743536,0.012279018868218236,-0.03405549265952637,-0.03419826231318188,0.025582004244465394,4.902451578894692e-4,-0.02946460183831743,0.09900022142631475,0.004099778421366916,-0.045644574711169575,-0.011803408318542144,0.01056735045446333,0.007278209074473056,-0.04168609767631946,-0.041436593291357814
Muscle,2-Naphthalenesulfonic acid,0.04069674807204048,-0.06884667904392443,0.03254206932131338,-0.014974180788486724,-5.52933246698856e-4,-1.2665177317942576e-4,0.00822043121400333,-0.0023848321158396434,0.020887906082713303,0.0032555083274892287,0.021070819783953976,0.022063657000109593,-0.009128670240156057,0.019102669639850436,0.013709614071238631,0.04291424015295203,-0.008554601568334113
Muscle,2-Nonenoic acid,-0.04176783676358218,-0.008736653658397105,0.022257057010318337,0.03319014729203026,-8.184164565269574e-4,0.004087799274004214,0.028533294933155068,-0.0812140311985998,-0.004088471539746094,0.009478533714087032,0.017400363879991915,0.04347408601595343,0.07243338026813739,-0.037530839081539126,-0.0039059343274255036,-0.03846954019610506,-0.06068328149174584
Muscle,2-O-Methylascorbic acid,-0.0292382669136089,0.04989940553276754,-0.03533584559685888,-0.04939447387839761,0.014908580102446455,-0.014452199927744668,-0.008163466783931398,-0.018600906988900073,-0.0183119030291672,-0.019057324195697573,-0.04393414151429879,0.02558820326513302,0.047599435811182776,0.008994997432754732,0.008541947390725151,-0.04856272108442073,0.029649276655944662
Muscle,2-Octenoic acid,0.00547699719697572,0.06737712235440768,0.003398453725308004,-8.202127984460967e-4,0.01452505282415894,-0.03815391343712944,-0.018663651494041252,-0.0354110756408136,0.0351737545887875,0.004937945893591828,-0.045729998474414287,0.0042608673289214445,0.009820010008376977,0.056340522038195284,0.06171833337827773,-0.02019787544919933,-0.008836873449492686
Muscle,2-Oxo-3-(phosphonooxy)propyl formate,0.058069840993598916,-0.027928890026601243,0.006423000698533688,-0.029895757910974628,-0.0173974113601436,-0.024989714161898144,0.009851068242480329,-0.011921020931751285,-0.004402064352298757,0.021002976498486925,-0.015068733869679097,-0.033356627397474706,0.08279158030956735,-0.03974870963082035,0.013850677671203591,0.01231590091358927,0.011461138893980292
Muscle,2-Phenylbutyric acid,0.014555558856941849,-0.010901498330749607,-0.028745002452770986,0.047431065365122795,-0.02843255470276283,0.020734927692033344,0.01951065774427619,-0.034198261226903316,0.008420562948591963,0.017491447424919312,-0.11392549629446427,0.006983705821162193,0.008453389268911843,0.012197584442645685,0.03760354774368123,-0.03549342641382528,0.002615360483667832
Muscle,2-Phosphoglyceric acid,0.005078525960970361,0.011803031048231442,0.04379789348586902,0.0318428687712279,-0.008882051792593227,-0.015620860530622548,-0.012844904637322985,-0.07394852500483833,-0.05891824623471323,-0.07316512627644221,0.001417864130418316,-0.01243431870114666,0.02500555403894971,-0.040033137374114104,-0.03704579648792428,-0.009353594923456488,-0.011182989739041275
Muscle,2-arachidonoylglycerol,0.019424522496156903,-0.02582708741606914,-0.033907266862988575,0.005126790756664542,-0.06203814701256203,0.0033315200480607088,0.01689861336776331,-0.07900841512363575,0.04725653382130568,0.012157704461483529,-0.02914007486146286,0.01427678561640185,-0.00999529727497941,0.02913125696830632,-0.03397254310099523,8.544767178633437e-4,-0.006502978767588024
Muscle,2-monolinolenin,0.0012224668514406074,0.012327745648391552,-0.0225084385030366,0.017894094231979435,0.0037034780780592783,0.012918413536363606,-0.060565686848642324,-0.04802601953776916,0.0243633913442454,0.004783804926307675,0.11482486006149695,0.028692886107855205,0.03655157874451152,0.018443568069068057,-0.04672028375113269,-0.0033282290596159747,-0.001499753392915307
Muscle,2-piperazinopyrimidine,-0.0020691000915627204,0.005839253254449436,-0.026992089463869454,0.00925360923127943,0.024414173782910335,0.07052972600582129,0.01233546435233245,-0.09989843900815795,-0.0121921973165513,0.033135661244051325,0.01938350856123743,-0.004443777724361492,0.04388182045473334,-0.022699206416766843,0.021202274335783804,0.006308473477523651,0.0012328243310590343
Muscle,"2-trans,4-cis-Decadienoylcarnitine",0.007218627348834559,0.009275725677831321,-4.461030070333903e-4,0.0012869098469564966,-0.012044528769535547,-0.0845963327168975,-0.05052301047907965,-0.0507851826451979,-0.04850196667754353,0.021005620788867863,0.051367398196894634,0.016949700436859252,0.03274102233392514,-0.0011203975999944339,-0.038493225007405575,-0.0421229454978325,-0.010429977259903135
Muscle,"3,4,5-Trimethoxyphenyl acetate",0.00775352265699061,-0.01523368631019245,0.07400914453349956,-0.033788638556180126,0.020409687672073937,0.0493481282846494,-0.0357825019468445,-0.0047981021900484104,-1.564178549498687e-4,0.0032452658151716405,-0.03720607070434786,-0.00895682793155181,-9.1133268679654e-4,-0.01808147716875851,0.009997902668545092,0.02540161329453368,-0.014987112453000955
Muscle,"3,4-Diaminopyridine",-0.040145896706946196,-0.03294010908213989,-0.015266984516374517,-0.0516262227803902,-0.032455759921153765,0.043065337423385405,-0.0415321562693782,-0.030355843232887425,-0.019898828427013265,0.01701449327099538,8.286620835986756e-4,0.02047317766304848,5.983694630274227e-4,-0.04124230848939278,0.02768619371876721,-0.020822071153306167,0.008469562075917723
Muscle,"3,4-Dihydroxyhydrocinnamic acid",-0.04186023228208101,0.038711874796347454,0.04553893718447271,0.01182902168613172,0.013428348225590239,0.02085403181395733,0.0039018975838714157,0.029199499231332218,-0.018598399976830746,-0.06840798405971758,-0.01176298189264908,-0.001635389541069419,0.02585643094666629,-0.05142476919875182,-0.015117200156877493,-0.010778694708064801,0.01698540409076757
Muscle,"3-(1-cyano-1,2-dihydroisoquinolin-2-yl)-3-oxopropyl propionate",0.044111402795399046,-0.05615370836850377,0.04418757960823027,0.008950368943514158,-0.0050772966742554885,0.033794143036214364,0.01331734364309946,-0.013598990059616777,0.015374604846490817,-0.01346677381043041,-0.003721871121983403,0.005789442563812786,-0.008446348232575038,-0.009337092930189693,-0.048526893706944546,0.014966921144342964,-0.03072038832843048
Muscle,3-(2-Hydroxyphenyl)propanoic acid,-0.015033678566058167,0.02228106293957868,0.06529122376718809,0.06031810896945176,-0.026008575433762313,0.002180189188038743,-0.01973822117450988,8.170104960340846e-4,0.02606332170484389,0.03175017606727504,-0.002343770604409561,0.0030135308105857825,-0.013461113717099698,0.03752027774398018,0.01479717092775477,-0.017645754037761002,0.004702570066670903
Muscle,"3-Acetyl-2,7-naphthyridine",0.030929543728672567,0.013437753622688148,-0.00528380852131844,0.02609010845470372,-0.08918610194097183,-0.007271097265343033,0.011764669942044706,0.03881797892815532,0.009094495727233054,0.013973980285445805,7.199503560778091e-4,0.040384909096449255,0.02361230879654941,-0.005669600182163069,-0.010139197214752026,0.049880303987725166,0.002797423542833516
Muscle,3-Amino-2-piperidone,-0.057202247754704776,-0.03851580353113258,0.0011613605220666802,-3.4784471804710814e-4,0.022950619792999574,0.06241041856954829,-0.013380392923935851,-0.0048354297819047645,-0.007293361864635296,0.01379715946897677,0.018454151777075812,0.016684461026945003,0.043062103090803265,0.02496868675816359,-0.011395450919867305,-0.002152199431719995,-0.011782558250530218
Muscle,3-Aminopropionitrile,-0.02942165818345826,-0.027512100064046224,-0.006700612259893531,2.162563495085577e-4,0.00922427425556527,0.03379923092886651,-0.038301521192518215,0.0067878549171393405,0.08282152298558032,-0.006058008614765185,0.024143009598036985,-0.04144508208323597,-0.04996276928985019,-0.05760700158118375,-0.007541567962730774,-0.08029264008654231,-0.004198879603283591
Muscle,3-Furoic acid,-0.006142783059397694,-0.01716827940216345,-0.015910275916037876,0.033373047565266344,0.006346452806036951,-0.026748785465120883,0.03851038324431607,-0.01083019636696501,-0.0076679297877441325,-0.056943032922824974,0.0939218405164764,0.00900970053899612,0.039765084187618295,0.012953646901660279,-0.08544862410939218,-0.060655060414849256,0.009855470466098828
Muscle,3-Hydroxybenzyl alcohol,-3.246342301651678e-4,0.008427306046405353,0.01086304239002988,-0.06301513688731035,0.003776838475134086,-0.029122489833446775,0.08953759022774962,-0.012734681847844018,9.426488120693449e-4,-0.02618462632372716,0.02459840440010187,-0.02667014928423074,-0.0609312351412624,0.03511102200410476,-0.013030153910419914,0.025290805624213375,0.03074915484176769
Muscle,3-Hydroxybutyrylcarnitine,-0.04535261473340615,-0.030469941503719067,0.006382627040186499,0.04831731720926553,0.03553867613378776,-0.013159810313012435,0.03321086383415054,0.0020020270017112344,0.03261776274129581,-0.027187935902031495,0.03658295674907527,0.022423423384596387,-0.026632124981955024,-0.001722617290308262,0.06603906853881934,0.024135789017667088,-0.03239236966227162
Muscle,3-Hydroxymethylglutaric acid,-0.009994202365654443,0.05896384692662559,-0.020797729804275685,-0.04841734445359399,0.015732756575922338,0.004250163044513168,0.051884305890243905,0.001424144448003242,-0.016467021480479772,-0.005012405776945894,0.045669620218590966,-0.009210040862214696,0.011283119575276642,-0.04397286773796304,0.05537831488637445,-4.1755257745409253e-4,0.04031354806933302
Muscle,3-Ketosphingosine,0.01132566803391271,-4.980490713283193e-4,-0.05773150502816148,0.021682865871876577,-0.004816741608943167,0.0475216976199937,0.02287462456625049,-0.07868421988420318,-0.014598843601288164,0.015965758076011468,0.016326555195972408,-0.025144532543132363,0.06506034987246552,0.0030411688891990307,-0.019097890375342853,0.0032673335291698367,0.01738297934229454
Muscle,3-MeO-PCP,-0.052591279977054844,-0.032232762980428396,-0.027948879611130018,0.046320086177435396,-0.00227462821494891,-0.0039065858662359265,0.015336270754331785,-0.010960922297511815,-0.028269012131972943,-0.01790484232604303,-0.036865288171927156,-0.0345448599332535,-0.013512775815224563,0.0536311107664024,-6.465010674392809e-4,0.03363057848448159,-0.023804061386278667
Muscle,3-Methoxy-4-hydroxyphenylethyleneglycol sulfate,-0.01255169562537162,-0.014491638287890527,0.07241032245268066,0.06441884667524998,-0.01927218450889967,0.02091825338675775,0.00339832260961336,-0.004412096787096413,0.01980762978800909,-0.004020191859850624,0.0032187636456317142,-0.012592078712048505,-0.006921038827988314,0.016238096108058788,0.01057075032059568,0.004268877045409463,-4.587091676626104e-4
Muscle,3-Methyl-2-oxovaleric acid,0.024046314448640412,-0.04000953222820695,0.022333220452156972,7.64232881296555e-4,0.04255940053631177,0.015652869078692486,0.0023120660193119524,0.013332883210478623,0.01835335129384426,-0.002356544638659612,-0.010547119188404156,0.034149433485433235,-0.08744745420475188,-0.032397348179022095,0.02909511622004539,-0.10528221733213333,0.02462925772129877
Muscle,3-Methylcyclopentene,0.03503394364120432,-0.06271467451893248,0.03579297425089678,0.005156050185312278,-0.008702464226195894,0.03704148865882065,-0.032096279880804296,-0.015113773515622576,0.012697839227329711,-0.008529345428398808,-0.0072760211693002775,-0.0074857309046953285,-0.030100618928488514,0.039437052286756584,-0.010443978221727485,0.03408742409268723,0.008274852825856749
Muscle,3-Methylglutaconic acid,-0.012075609650839213,0.0213249786526776,0.03302194765670868,0.014398001841634107,0.004029661633772696,0.02752803600788347,0.015050436386452242,-0.004314897253906389,0.013260897412920976,0.04186209516729569,0.05487860464913932,0.10860332969170572,0.019567154486365847,-0.054985108064545776,0.06166616966220054,-0.004578655493078234,-0.005505395907661259
Muscle,3-Methylhistamine,-0.02000394364308425,-0.011642318324655298,0.05916733632683848,0.07202018985959872,-0.019187889443056237,0.03598513951627116,-0.0036772664052558985,-0.004272850863507614,0.021029353748236702,0.009015100630383443,5.737066627304682e-4,-0.017323432845234656,-0.007483080288759376,-0.007450960851456463,0.022918814056022165,0.02138088718214361,-0.015552328630176995
Muscle,3-Methylhistidine,-0.015796479999360437,-0.045444868021765776,-0.02645232730167258,-0.03427466072620893,-0.028223644424747223,-0.012721837657792277,-0.04645468954127393,0.024287536038796912,0.010674170554757759,-0.08453471661062878,0.011675021678898459,-0.004410210831324725,0.016162719156597807,0.0477533580382397,0.03107593083954584,-0.01483628148706108,0.004869062839386302
Muscle,3-Methylpentanoylcarnitine,-0.04151100172604805,-0.007125460988029164,-0.039095427269388264,-0.027972993726466198,0.0277846926084565,-0.04203203946598351,-0.018337301403447935,-0.03388773612807663,0.02854516885037834,-0.020863826743652482,-0.023469798988969774,0.016890567245213997,0.01823286062173961,0.0845680772653968,0.04105925065244283,-0.011374785323035616,0.0034411616246886696
Muscle,3-Methylphenylacetic acid,-0.020482865803881443,0.04054808516476462,0.0401263664855804,-0.02503893417177849,0.005907227797559225,-0.020516655803797426,0.003382441595416224,-0.02013925993962676,0.018654495187003822,0.06577485766008619,-0.03761036962684802,-0.0107096718133348,0.08182246980148843,0.03795317816097669,0.04179604659769478,0.004535353719615207,0.022818750621257895
Muscle,3-Methyluric acid,-0.019751919875977526,0.029512939840748258,-0.061051358976099264,0.02455448912896933,0.009817790729959098,0.023816025203558546,-0.07417616389661685,0.0026697766779983805,-0.012371277637025408,-0.024381362088686954,0.028764454289183346,-0.026199299875597874,0.0046834765673169024,-0.022437267816949144,0.02686934544589997,-0.006555203636141776,0.007251063883771698
Muscle,3-O-p-Coumaroylquinic acid,0.023994972775161928,0.042106368899297954,0.015472312194808532,0.0030235097180103753,0.07287900718867461,0.046712674537437084,0.016049185021263075,0.04553684635220616,-0.02060800185136947,-0.02240748190903447,-0.004610637381952541,0.019099830232467703,-0.0015637709764015498,-0.01538335256327691,0.007001869378606066,-0.028538595819768135,-0.013020093703770374
Muscle,3-Oxododecanoic acid,-0.015218694963523004,0.05907643091908303,0.010870112909036765,0.012881326661278471,0.016676868268905506,-0.04847610034856687,-0.05872180688829715,-0.018294708701254245,-0.008396578401759095,-0.023581997176486513,0.040194781658265705,0.030539261731590772,-0.03069416948426271,2.5894282875684875e-4,-0.0443037772153922,-0.03439835742622763,-0.01547141283688472
Muscle,3-Oxooctadecanoic acid,-0.055279672413908014,-0.002252559160209276,0.04470767732225384,0.041649521124133684,-0.014251082210281055,-0.03247495338416453,-0.0022924078647805803,-0.03402484716891325,-0.014741169000974582,-0.009746575210933757,-0.03598992805263177,-0.012360470788957667,-0.008275156573587268,-0.022475834642132035,0.03563032732234473,-0.008881348706283312,-0.01964636432339885
Muscle,"3-[(19Z)-15,16-Dihydroxy-19-dotriaconten-1-yl]-5-methyl-2(5H)-furanone",0.05159166814932712,0.0072780266415453645,-0.037892911476542224,0.04947763440406975,0.04589669259856839,0.005188802358933485,2.654004693651416e-4,0.01022447692044673,-0.021378354849754096,-0.04645647400362643,-0.01756954570335578,4.266142097212008e-4,-0.010939641932122617,3.577221283087642e-4,0.015951970375367032,-0.017273963382534497,0.013438951011356991
Muscle,"4,6-Diamino-3-hydroxy-2-(pentofuranosyl-3-uloseoxy)cyclohexyl 2,6-diamino-2,6-dideoxyhexopyranoside",0.03529019395591409,0.02886715980022624,-0.028911402253959207,-0.005839211753060419,0.042064416497674006,0.07195483074064402,-1.5886093690498294e-4,0.03981912040568979,-0.014669914508546687,-0.0324033062065674,-0.03690592917011075,0.004103065036272211,0.027270548409548647,0.0027666825364492916,0.016104866383019573,0.029148509234429593,-0.009674155468855694
Muscle,"4,7-dimethylpyrazolo[5,1-c][1,2,4]triazine-3-carbonitrile",-0.00927337191689406,0.006013721160564421,0.006604839647171727,0.03931534219242209,-0.06714596445588224,-0.029884425072245265,0.023353112479511037,0.019278717920374062,-0.052034877658860966,0.009896232499109087,-0.03896911845228962,0.049153612596731615,-0.04900600319793932,0.04032789448223476,0.044525063395324145,-0.037690596049813584,-0.015802428058998702
Muscle,"4-(1,1,3,3-Tetramethylbutyl)-phenol",-0.03622681076804547,-0.028103712923458854,0.030195083186400386,0.023633489893299723,0.04345947455287024,0.012069976783051896,0.039181340810331956,-0.04156534470247431,0.039968180977276196,-0.036154030435139546,0.014192389462184986,-0.0010935380377194298,0.007165334521030451,0.07651995133684576,-0.009000875626457894,-0.03298768498784329,0.014114191568242814
Muscle,"4-(1,2-Dihydroxypropan-2-yl)-1-methylcyclohexane-1,2-diol",-0.038264040293602704,0.004661820155114009,-0.04297832946163545,-0.011381054726264715,-0.019591797224569638,0.05708857408352599,-0.035449752110517124,0.03923258883684102,0.048871531875426553,0.0031873427442532655,-0.025475852996848267,0.010136813133872442,-0.06382614500086146,-0.008526213973387759,0.0031340239801938004,-0.01769206407349307,-0.04061598833370879
Muscle,4-(Nitrosoamino)-1-(3-pyridinyl)-1-butanone,-0.013892801468464644,0.005963275488356825,-0.024103942179187484,-0.008177277792824731,-0.021231315997403705,0.10190010729512844,-0.027565768762113516,0.045058748494703,0.019803945071524172,7.570168791162848e-4,0.0032761261048530666,0.011705892340291577,-0.0035252231615936452,-0.03586244176753455,0.05357894550478348,-0.027338288937715626,0.03074890945896845
Muscle,4-Aminophenol,-0.006089532685455953,0.03547908189965726,0.0313136397331899,-0.04791829797340854,0.029020593044922938,-0.011260411674897962,-0.04659598625012454,0.01222930128563818,0.04720718567555813,0.03747893658863612,-0.05829536857987806,0.019436936543526264,0.014205866100961638,-0.0011273914888737444,0.0657881993995205,0.01894583384171038,-0.007328334876495309
Muscle,4-Dodecylphenol,-0.006082828643763444,0.017528946331197285,0.002544434870980537,0.07920672093795,-0.018069587285146883,0.009530487202293408,0.030594746369778995,0.028168685369990273,0.005958680416784557,0.0536084099692115,-0.02866897053561109,-0.041082242967190534,-0.015530367955084716,-0.07325760801944016,-0.027991550760990695,-0.0023515604294718313,-0.06975933273257154
Muscle,4-Ethylguaiacol,0.051275009384910614,-0.0451527881241884,-0.02144484030465875,0.007269663241333697,-0.0279594433147824,-0.011504395100641433,-9.740401374434385e-4,-0.021392746594196998,-0.0641420224228168,-0.018464237545995604,-0.020881416539264896,0.03020844770577053,0.015530551520041623,0.007291946797264396,-0.03367228171801213,0.018141732851041953,-0.008973156723740534
Muscle,4-Guanidinobutanoic acid,-0.06331315905323864,-0.0517260438936191,-0.009327205565436475,-0.018984430717209275,-0.005938408324909979,-0.013319623590920485,0.003030083352368929,0.03599683624991141,-0.01366059104045426,0.01597834234934449,0.012664811750389327,0.012223194633340803,0.001212762027468842,0.009374818100236956,0.01535270363821081,0.00633595910042973,0.00956106208320523
Muscle,4-Hydroxy-5-methyl-3-furanone,0.02249408581845468,0.02924264645541197,-0.012707019016972328,-0.06323199186437153,-0.06313056037986567,0.013066815303011452,0.03921377317285586,-0.01746083026585292,-0.025383227274701898,-0.025592108628933245,0.010923077471066422,-0.016437262130881564,-0.021325536711482282,-0.007714656373693931,-0.028029618407706385,0.02652473260645684,0.002420476407436457
Muscle,4-Hydroxyproline,-0.04607656931101919,0.026258816687862816,0.03010895629710717,-0.033749046465120544,0.012831777902536498,0.009849000339269541,0.02367914451951359,-0.017445461856960595,0.06754236899954119,-0.061369163946186876,0.006046363656592033,-0.023006372042241614,-0.013331749992634272,-0.025509258629474913,0.005737186264770074,-0.02987978136868449,-0.018544601216738333
Muscle,4-Hydroxypropofol,-0.021503710732989637,0.0436073416525101,0.04444401244378579,0.029151618261124095,0.010561617938258813,-0.04971308710813408,-0.013823636700607746,-0.030797166744956535,-0.043286040769264164,0.051584228329097565,-0.021466845093846977,0.022292759442066767,0.005868946136310566,-0.02210991611600718,-0.006450460611551269,-0.03315505295105001,-0.015386374406050552
Muscle,4-Oxoproline,-0.032531215891230654,0.056748704529466135,0.02484250508734011,-0.014336420454868787,0.003406613857106651,0.02375611303992341,-0.0035316254120905852,-0.01716154110113348,0.008512995402278857,0.08171470995914343,-1.4535524609781653e-4,0.016526243349583837,0.023995979626999567,0.03786167373679964,0.037102273410047536,-0.028158824461301784,0.03721416532531902
Muscle,4-Pyridoxic acid,-0.0230413820410299,-0.0030665530659198907,0.07068999292648274,0.05296156584979031,-0.03200743973278011,0.02076014607447134,0.00956808323566723,0.004536881635514413,0.016246895079776856,-0.026218180348211145,0.015366716273204723,-0.01137268770765175,0.006045462365441054,0.031050633774833143,0.009288025876872056,-0.020416883187540473,0.00527859942959008
Muscle,4-Trimethylammoniobutanoic acid,-0.051494031070804185,-0.050079149871952784,-0.023943947342226515,-0.019211394785096203,0.016427974393713938,0.031070381245700638,-0.01858016105260106,0.05089184963954064,0.011198304296531587,0.01059007027563776,0.021913126747493083,0.007350350198175709,0.008564924912174556,-0.011325620528186097,0.013638181465307786,-0.03066167266554289,0.03611729542181595
Muscle,4-Vinylcyclohexene,0.006438745476577605,0.03001355300729047,-0.005604010754821108,-0.023167011978214466,-0.029423861131488198,0.011605803228772145,0.0794261680596004,0.02109958704795393,-0.02597862057954305,-0.005251220995865331,0.044974893980369496,-0.08802011258934149,-0.03223546392045881,0.048563233815685676,-0.010752827133611456,-0.014649473145822395,-0.01183798502928666
Muscle,"4-nitrobenzene-1,2-diamine",0.04142290407340805,-0.029074718228980247,0.06240856359131652,0.012691362490482357,-0.019524372780170256,-0.014942201961501714,-0.02104682312437493,0.018397244513042536,-8.3598379050813e-4,0.028564910041213743,0.05710125643034258,-0.013461685654574925,-0.017818438657494544,0.022742519007072637,0.00842043383291445,0.007659897568943817,0.028645930915155802
Muscle,4-oxo-Retinoic acid,0.01869152010249452,-0.03264158925265747,-0.038655017156677164,0.012179905272932442,-0.006196150370342036,-0.07847372690557004,0.03178406737197903,-0.02550214220852702,0.008961877097242972,-0.025088946620616767,-0.052595285644773296,-0.021039591259874278,0.03452292723905985,0.022447851777267963,0.03164638691311252,-0.0259388479364299,-0.011102872925262885
Muscle,5'-Methylthioadenosine,-0.03623662305552662,-0.0327676166161509,0.00817246938674158,0.03260912622621293,-0.02495857610813584,-0.027968936973953747,-0.035888316370950184,-0.06452544586445245,0.022075104857004018,0.014133045927452795,0.024974957299086286,-0.03265855414796951,-0.0148489670168171,-0.05340852578976691,-0.008503994682876647,-0.07450981936710437,0.07932540343322597
Muscle,"5,6-Dihydrouridine",-0.0038129833322384315,0.028786002269396538,-0.009115036767239995,-0.05239277406458968,0.009525644490322002,0.034630186470689606,0.08192042737150378,-0.014298996013510926,-0.01917211334767191,0.04141780810959389,0.05583748820355453,-0.035580884749439476,0.012696135759004476,-0.027544031093781788,0.02204131161908349,0.010654819564843111,-0.0016142850966756298
Muscle,"5-(5-Methyl-2-furyl)-2,3-dihydro-1H-pyrrolizine",-0.0030992257249070642,0.011285166454787283,-0.0389384136977687,0.0019841856976737745,-0.02581884490831393,0.032810733277121903,-0.09962377055694321,0.005847832311693431,-0.0019757258533127705,-0.020246341999103527,-0.03410689488913219,-0.03664033299915765,-0.06228293961473733,1.5263387745504824e-4,-0.019325706449297465,-0.03096551008829603,0.03251272661012438
Muscle,5-Aminopentanoic acid,-0.04089810665884563,-0.036177950734796134,-0.03017393195232608,-0.02873398124012637,-0.024734193289008968,0.027262786818497135,-0.010771868730411681,0.050282117627847955,-0.05563892211881042,0.024503656239867132,0.020004374564164623,-0.002275721007436559,-0.002646728365190723,0.019226341815844414,0.019094461019747815,0.062426649729865995,0.01766272742663535
Muscle,5-Dodecenoylcarnitine,-0.007921480832474658,0.010637787468817555,-0.058541257126922194,-0.002475110383169599,0.03513664118955503,-0.05802652775379897,-0.007296529086555138,-0.0649256633378103,-0.010088331786090659,-0.002872235726529009,0.014263792952714422,0.027791796124274352,-6.820464217515798e-4,0.061509473248841956,0.023917065347949643,0.017213322131133198,0.020984370381118837
Muscle,5-Ethyl-4-methyl-2-octylthiazole,0.006733379607781954,0.01992246882775792,-0.023759059649882657,0.013469531908540057,-0.05758277400433659,0.033461701775670476,0.07741067333885368,-0.0016991038493198636,0.0331908844002184,-0.03115971772111711,-0.030371351469152093,0.03963406948128003,0.04167885430601885,0.019732448920536338,-0.035325882886615194,-0.03565916023607427,0.0023258136025596215
Muscle,5-Hydroxy-L-tryptophan,0.029482544882857106,-0.026608335041581447,0.015422704781028598,0.010074420179086043,-0.049920425840673105,-0.05335998382304835,-0.013127888369997127,-4.7707671414539366e-5,0.02415220771627647,0.05113705851103663,0.03198450149769359,-0.023061214066822794,0.012580564004479829,0.092545952358740885,0.016655727476817955,-0.011525093584343114,-0.017066992631170314
Muscle,5-Hydroxyindole,0.004667049861972142,-0.02697049997505774,0.0709763064779337,0.04841914362848083,-0.024906587314467023,0.03349908666319759,-0.01707180277965857,-0.027926587414104337,-0.0035364433639450865,-0.015385382103413987,0.006539916332931736,-0.00343423397815696,-0.007943388980156622,0.03642960350254909,-0.008958353129285562,-0.013132574708710872,0.00900954452401762
Muscle,5-Methoxytryptophol,-0.03530948430566689,-0.016836292389205282,0.016783997587646746,0.00663687264975195,0.013751697220559484,-0.03392909953739582,0.025040620251505132,0.02582856189375926,0.037664090325812735,-0.006774858344547276,-6.92008121065151e-4,0.02837775232319912,-0.09305085229747617,-0.045094528309411346,-0.06146480415786519,0.08971960068096524,0.021512507931909963
Muscle,5-Methylcytosine,0.016408760722535314,-0.006866837014782061,-0.017840935823363883,-0.013247866072949437,-0.0170376742211993,0.05706489715278512,-0.05524764590605136,0.04544436367169093,-0.08095888424209476,0.03695360242364784,-0.022356970290518738,0.014742667838769357,0.01768390120250572,-0.027627828751030068,0.028450219094534282,0.058985983685730284,-0.05209753489615865
Muscle,5-Sulfosalicylic acid,-0.021559074664344778,-0.0018864475162068508,0.06913862486004366,0.06211624646333095,-0.024170895111607145,0.020862309832765373,0.012473815601492468,-9.321378734915253e-4,0.01747241229943044,-0.019333115733541552,4.091065851870265e-4,-0.014578062807519844,-0.0030332505328839873,0.03075497021930342,0.01298851602345657,-0.009580050858470851,-0.0022535880906755963
Muscle,5-decanolide,-0.0021838573922054873,-0.0238257723954732,-0.06953336921102696,0.026842514542559315,0.0383550783905672,0.021998345627041872,0.006306299932098199,0.05714945965895368,0.02368181166446045,-0.006557696619712154,0.0029579964509105702,-0.02085205418758248,-0.025654709398278557,0.023423021968013102,-0.011416843345125846,0.03743466562430658,0.016210623226182014
Muscle,5-guanidino-3-methyl-2-oxopentanoic acid,-0.00490940679947912,-0.056366633429017994,-0.04232856815329749,-0.026527730970940407,-0.02524368760421735,0.018992361539050786,-0.058029378570488024,0.02821707336625708,-0.008897741309825244,0.04372451952992018,-0.020098481983041788,0.014445954590148644,0.020724034945160768,0.020681082860480586,0.020872915205352522,0.010246732047610993,0.028367791699179284
Muscle,"6,7-Dihydropteridine",0.05172622689874998,0.02763864536549264,-0.03805925480605844,0.012081850173528202,-0.04256226833233273,0.02573663657047922,-0.022694157016985534,0.03433173807595473,0.0018468022182150316,-0.01452910832291927,-0.03265600956332231,0.02807175237470737,-0.0030944882347231513,0.027510305958475676,-0.04229209480337839,-0.01486597962565193,-0.01015745194503219
Muscle,"6,7-Dihydroxycoumarin",-0.06401331817140382,-0.018668163472724895,0.007506021921610822,0.014637416019106569,-0.018159082783960324,-0.023076667335058965,0.01938879836129307,-0.004111596554748081,-0.017707412667903388,0.010609566749673928,-0.005678122226683241,-8.208652666002317e-4,-0.002939598449504149,0.05601554226448505,-0.029053590895477256,0.09679731894353273,-0.07959897349037835
Muscle,6-(Methylthio)hexyl isothiocyanate,-0.03614115678519782,-0.012545067561516025,-0.0038302787980784765,-0.007100528639710803,-0.06486023500566655,-0.009949562511662251,0.08441536087288568,0.0017163271473352691,0.005328388918796527,-0.0296729444146494,5.921553753901655e-4,-0.010945829719352394,-0.04716688908117707,0.012335285612405539,0.03421980539690546,-0.020192673642427068,0.04006572217064625
Muscle,6-Hydroxy-1H-indole-3-acetamide,0.0023703363600136784,-0.01721268339810935,-0.015401256735297087,0.03748636310835474,-0.09461730762066378,-0.01625650986181476,0.0023175446392904972,0.0033038435650209926,-0.00595905498450632,0.012187599538940044,0.002578740186679962,0.038839465200362466,0.0014872344911173359,0.053571286352368,0.03299406993716068,-0.00468572699275305,0.0035866302741220917
Muscle,6-Keto-decanoylcarnitine,0.044427646038676626,0.018029856612955416,-0.02329072269359872,-0.02807371127956349,-0.012687381285828147,-0.002390253337773446,-0.0033879657006635013,-0.05600851569072748,-0.03528327114845471,-0.03149187661309018,0.02701507278631962,0.0026252912381400572,0.0019847654830198102,0.09801098769258905,-0.007026563873152806,-0.0577580640569074,-0.01714470861276916
Muscle,6-Keto-prostaglandin F1a,-0.013794594124205136,0.010067144899059906,0.007808581850941539,-0.0391090290952376,0.042163613709553245,-0.01775001034483142,0.005761781500677372,0.03823632626183862,0.034865545539742436,-0.03990121453184985,-0.0495379626272475,0.03981605966338174,0.10170975909289766,-0.020607892510877142,-0.04470116907795528,0.03624049456809479,0.01690948845373422
Muscle,6-Phosphogluconic acid,0.0021538491845085545,0.03988783037679398,0.027816609064608613,-0.03664259320050591,-0.01463660283754507,-5.200402005107997e-4,0.07996728718013246,-0.009125069387948227,-0.03514698844920929,0.0020175305975936443,0.06298223786512776,-0.0518164206581059,-0.014044544739494265,-0.019053111914910506,-0.02072353081380341,-0.001206780095517063,-0.0015666548356196195
Muscle,6-Phosphonoglucono-D-lactone,0.0046402463234673594,0.046441512753638246,0.030614193917944635,-0.036435181097966694,-0.0323271869607136,-0.01098673048194552,0.07931633812794173,-0.0015277416141239964,-0.0025705531439982002,0.027556620257340785,0.042573625494532724,-0.03846392117766104,-0.004598224233147971,-0.024953144868651474,-0.014983345092782768,0.002536209595189154,-0.007268474940092052
Muscle,"6-methyl-8-{[5-(2-naphthyl)-1,3,4-oxadiazol-2-yl]methoxy}[1,2,4]triazolo[4,3-b]pyridazine",0.033341513544526635,-0.06348051037969779,0.012103488499228552,-0.026147802662591903,-0.036167639620952804,-0.018892062526107964,-0.03668165386118235,0.04936222944251231,0.0019130278066355568,3.1952448988954545e-4,0.0037430403307410903,-0.02081722140795399,0.01750379213002506,0.013926056787731967,-0.011363549553680942,0.004394258133397958,0.004885459807618243
Muscle,7-Dehydrocholesterol,-0.012658858823394271,-0.021886048365506183,-0.021348288714151856,0.037779532238842416,-0.01093392561865021,0.006853027340838885,-0.017870422303053732,0.012149278115379612,0.11456676634354034,-0.03343752760054193,0.021291716611457203,-0.030272183739874108,0.014408714737727852,-0.04826864131349519,0.004506346964064096,0.040873174629565794,-0.019772654857852213
Muscle,7-Ketocholesterol,-0.024403006928716296,-0.004358926368697774,0.04037108809403864,0.08187583382059507,-0.02611787138033556,-8.531560455285175e-4,0.029840160545930135,-0.03367069299443816,0.017114223125732575,-0.01506340261486934,-0.019582920381917848,-0.002847462148320909,0.004897065624320155,0.007840210107427062,0.04056762849240974,-0.011961420290670965,0.012458694598346786
Muscle,7-Methylhypoxanthine,0.06389000518275868,-0.05135446349917775,0.024986615161958946,-0.022309510359220394,0.01638981571874351,0.0038102726003311606,0.005146536395387645,-0.005480751223106826,6.963569709889746e-4,0.004073153385913985,0.01435697106130285,0.007386545396113173,0.0012355303272846615,0.0028767794619267806,-2.1320461673511858e-4,-0.005468725686868975,-0.0010127368453636404
Muscle,7-Sulfocholic acid,0.023244546244484396,0.04950108237831711,0.007843725438001601,-0.01229758436465047,0.015313658277754584,-0.010753759425434778,-0.03779778074811207,-0.0021306022903897224,0.042324188903225424,0.060684418629525436,-0.07346562295632977,-0.010663399383411392,7.118723170523389e-4,0.05854220300368466,0.03657103362451564,0.022262601149366536,-0.0019289827884575676
Muscle,9-Decenoic acid,-0.027589426643417136,0.06396878310314202,0.028748903687997727,-0.01100017692146271,0.029982213362072768,-0.034033467501598705,-0.023621347852605067,-0.034141997996142766,0.003263810792070482,0.035026168591524125,-0.007992498958634882,-0.018716438356923312,0.03458677163598951,0.0284458681139758,-0.016744880565957458,-0.011010047924561265,-0.030957374639195078
Muscle,9-Decenoylcarnitine,-0.014098834302235035,0.01937155303197348,-0.02851525485907792,-0.019646932561577877,0.017022546524320163,-0.08323543572588744,-0.045717096032785724,-0.05278744013228643,-0.008152561928364749,0.002252864223195563,0.010047272547818328,-0.02139459642059244,0.030120328348336146,0.059752103978606766,0.019400059419092067,0.030638278387152242,-0.01859968303533582
Muscle,9-Hexadecenoylcarnitine,-0.00405433612541737,-7.547587314170524e-4,-0.06641435842623043,8.362509813494805e-4,0.02477405872371479,-0.04741184530390151,-0.03797206848313724,-0.030065684510145258,0.04390544037426342,0.03245801602265073,0.0043657363092526,0.014426755728361993,0.035837346073375104,0.058166695961848515,-0.005924363551573119,0.02113019158679824,0.02120931571403221
Muscle,ACPC,-0.01594616342744996,0.028622746703205033,-0.05328125207022121,-0.0026393374330914944,-0.0597491190210371,-0.0018599092424814077,-0.045515652525469734,-0.02401459955543724,-0.0035697936622168156,0.046613339760961506,0.03612297061416027,-0.025582834923841592,-0.029514586833062982,0.021588210066437987,-0.011502152894910673,-0.013193796048636169,0.018562570739782052
Muscle,AICA-riboside,-0.020743488956912064,-0.010204459893562477,0.008618352227970633,-0.051309276784677546,-0.0034081654708383513,0.019574964492614325,-0.01576908624167935,0.02291315589412359,-0.07971082748112876,-0.006978689204934926,0.01650854679596388,-0.0041457991080826664,-0.11083292508929381,-0.03647723099247773,0.005364872116611141,0.0026291410372540967,-0.004868443253058047
Muscle,ATPA,0.027933982836526507,-0.031516184596548404,-0.017914170869513583,-0.0072791670499055645,0.017231961681753696,0.04532635568610682,-0.014288990682194054,-0.08855007768882725,0.011767295350392256,0.017359467334394398,0.030529831195657484,-0.03985439415742935,0.07119993878797326,-0.005102277240182259,0.00387480591361202,0.017523823607373857,0.006195195310191516
Muscle,Acamprosate,8.172192636219871e-4,0.013989190352796253,0.004207691636724918,0.03467338826954476,0.06782423113161713,0.024554801018661705,0.017591131145157042,0.058455657298285515,-0.02642283072672928,0.039892680281112335,0.07735489355637644,0.011611228171755151,0.007805997661995379,-0.01703133219508577,0.009863317916257797,0.03755584818173955,0.03017632252231059
Muscle,Acetanilide,0.015927128626921094,-0.05660877415373213,0.04507877867290953,-0.00992060497397269,-0.005600160754183776,-0.01025471445494313,0.03678084758038382,0.018994765419836364,-0.030716226065611498,0.025608445773919266,0.006711690875196196,0.03210948790707529,0.07242356743309988,-0.03601878309525777,0.0104408173260765,0.0254978482453743,-0.025839984866155113
Muscle,Acetylcarnitine,0.022176005415484153,0.019597747408990687,-0.04864346383053801,0.05362072489989215,-0.03271337622764416,0.010051209992245768,0.022483761189661024,0.07762148427314995,0.009042231967013032,0.007670697199386044,0.006370464979494777,0.02113642380643319,0.012566223212952421,0.014418479273811954,-0.025912801982842786,-0.013136490635700136,0.012328475637817856
Muscle,Acetylcarnosine,0.02219073646562182,0.032742072304989066,-0.008017270761259606,-0.008889741405259194,0.06883617580537073,0.028752145693725018,0.00791524260971941,0.07037995276038679,0.01558947001257253,-0.029692281930898224,0.033287087483174854,-0.03282535596935982,0.03158813447436258,0.00674388144470274,0.034360200932022016,0.02245726528554237,-0.018982393687140785
Muscle,Acetylglycine,-0.017247587070059092,-0.00487383601388589,-0.0010939686299142424,0.030176158662658232,0.005784491034536114,0.004016147939465754,-0.007956538616377868,0.08379912468771174,-0.07321818662326783,0.03228611407162296,-0.017712051673500272,-0.04985389195213327,-0.0223814652743542,0.019104764267412564,-0.07666469386170806,0.05803825807619415,-0.006332990723834503
Muscle,Acetylhistamine,-0.025841569793430722,-0.02685271788419568,-0.010537506007727826,-0.003842763322630696,0.012165876364293702,0.018789576655050304,-0.03678379468762197,0.006348091670031418,0.07797006072614249,-0.010489725677280019,0.018510787197664438,-0.024673296158081316,-0.06893562562873526,-0.052066846068862485,-0.048786435026505946,-0.09380066005257957,0.012061657981815289
Muscle,Acetylphosphate,0.0270754053853943,0.02091200975951282,-0.010056966089780234,0.0016653664492921097,0.07470024787508996,0.014818579840779595,-0.01806497646584285,0.02574008537440918,-0.03140387660510423,-0.06713496026090693,-0.028520205658508657,0.04607895737438413,-0.006592856572203036,0.005984767065811912,0.011809963155265083,-0.054688829022995024,6.618576130488987e-4
Muscle,Acipimox,-0.011499801839838869,0.01139041058973233,-0.004456694358284536,0.0014528097193224308,0.052169986996369384,0.010415120362466512,-0.0052239590631632605,-0.059982442452729594,-0.032510114472307054,-0.05652588867263512,0.049052719176508476,-0.013021083950290547,0.009864524726816317,0.04808401775459363,-0.04295143769629445,0.11244253658732074,0.01222098050447032
Muscle,Acrylamide,0.017447183810553938,-0.051288255664376635,0.002716005669594165,-4.149263967931325e-4,0.017328560972659973,0.04351819379462512,-0.02758886374955032,-0.009846668668144242,0.028094379942928994,0.01771715722703643,-0.010443789150959979,-0.04390983997509105,-0.07656280393173386,-0.03708891911731949,-0.014655760969420057,-0.09288882306775595,-0.014928811046331288
Muscle,Acrylic acid,0.001238446501442298,0.022640430358607962,-0.04944412797996678,-0.03296480868111072,-0.022884527131612677,-0.03902767147049943,-0.047919659827291836,-0.02912402972071404,-6.876334663172268e-4,0.016723345483111926,0.008749096717207529,-0.05519999212089202,-0.017864337850848445,0.06595718585647885,0.03489554179299246,-0.05946857922018463,0.04419737840411849
Muscle,Adenine,0.022824459870351217,0.04253447124743474,0.010490989065501761,0.045521156721098625,-0.0015240654971640144,-0.03371807943062248,-0.022265143178509268,-0.0335278230201705,0.005082925188228353,0.04553497686018322,0.02466985401346759,0.07371171374120312,-0.054233638182532046,-0.0035022224504468393,0.04197975950629448,0.017589968256352756,0.021177169366212566
Muscle,Adenosine,0.018197719479682656,0.004217418217464838,-0.008729473544279116,-0.018199634545476233,-0.036672155196182776,-0.09237397170797859,-0.029464806394441465,0.006180662931555932,0.026846827972663263,0.017939193878092608,-0.03359781579919121,0.01837551983558048,0.051203249027988625,-0.04133815534043245,-0.04315790337552322,-0.03153861845969742,0.0516329305744573
Muscle,"Adenosine 2',3'-cyclic phosphate",0.01440472759175902,0.08210958974858519,0.017660723420814525,0.006533046602344787,0.0047966282036280275,0.008570877666804462,0.004991028226225063,0.02966131217624132,0.007481923582592863,0.020506901694164484,0.03143960850059508,0.025203062379899478,0.015448154777046235,-0.021496237616528628,0.03644739260787572,7.755546024151006e-4,0.020253826078069793
Muscle,"Adenosine 3',5'-diphosphate",-0.00685174058367774,0.04757885639489178,0.017019122398150434,-0.06103727606367902,-0.0011850394212985242,0.001708289802360177,0.06821017919338059,0.021198593687475082,0.0028497267836295396,0.0573083025494556,0.017094197126998768,-0.011112314645217487,0.014593126049743816,-0.004340448304175525,0.025265420301680896,0.022629859922570116,-0.015382575698162763
Muscle,Adenosine diphosphate ribose,-0.00392564306933845,0.01404976053570289,0.06444847695911146,-0.009005418015009462,0.0285397518266491,0.007396918417938197,0.07150317141944587,0.007003408855256568,-0.002115301869884082,0.011073785412898093,0.03210361921172523,0.06649552967625576,0.01199909743124122,-0.034005858155604043,0.013074282012363454,-0.019239805696371234,0.014981316522971173
Muscle,Adenosine triphosphate,-0.014321725528033357,0.02112891046865451,0.016670298010919564,-0.04887076571492859,0.0117600228428576,0.004033044526144776,0.0921777196934098,0.013087193899535445,-0.016077491078535237,0.03756463115020423,0.05751634355200022,0.02258406235143827,9.78940891218743e-4,-0.050053531600013086,0.025118721119642574,-0.004070465282653454,-0.0018507954729650644
Muscle,Adrenic acid,0.01062087287247588,-0.04847317264916451,0.03128571883729801,-0.021161072614054158,0.025326906906086768,-0.021811422735729735,0.016406805940882063,0.05251046606831662,-0.05294118961705088,0.06145153567380937,-0.004524106573497904,-3.8906832560224147e-4,0.03459879349509903,-0.045958172862891854,0.026693427514158853,-0.025451464659496027,-0.021061673476906392
Muscle,Aflatoxin B1,-0.034200251422851026,-0.02433406438048601,-0.018736251556562392,0.008414156191059584,0.04598416414960481,-0.037505381789938085,1.0388640737878318e-7,0.03722875030245717,-0.00211533474834783,-0.005395287501371036,-0.04217976581715462,-0.06832654354572446,-0.01444379006019912,-0.05942828970787079,-0.07003899990333563,-0.018202009245965333,-0.05075523933823859
Muscle,Alchornine,-0.029005804492371525,-0.019463808878346076,-0.02735581090026997,0.04503293721846715,-0.003392961823628222,-0.01489001772523088,0.03516844280601662,-0.059594712649295424,-0.02580996404222438,0.035287594234746714,-0.06258409305096586,-0.008450022425539421,-0.058993214631866006,-0.002981164372756521,-0.013597944755358917,-0.0554248237325852,-0.009772109087416395
Muscle,Aldosterone,-0.01901420001954104,0.019504845739484987,0.03433208565289128,-0.026267722631235474,0.047123022992339794,-0.011978884050897498,-0.007701710040102326,-0.0032836862644245977,-0.024801517563620264,-0.0883930429754925,-0.02165325556902687,0.047543661391826794,0.048520643479801104,-0.04526780826753529,0.028312947722565568,0.024640802966690554,-0.0017905648415067767
Muscle,Allantoin,-0.03977914997103221,0.003941521303623392,0.05151664177417185,0.013514441949813988,-0.04523123233640202,0.029463503457117398,-0.03323304818005302,0.03548683013222446,-0.04451587434333612,-0.03106440187387516,-0.015718172897817743,0.004206361427011418,0.018592559107247796,0.03798686575053393,0.01829459190634491,0.011538463469775152,3.05883981986249e-5
Muscle,Allose,0.046721982188993,0.04538032983630159,0.011325972115893878,-0.01820759285642217,0.027735684179991588,0.023427812011799193,0.04500402629584277,0.02791188118630675,-0.01338067422766539,-0.049641556198582584,0.02694080256071567,0.012740257797608184,0.01316932435074278,-0.03064918939538521,-0.030383911209227486,-0.03605620796694574,-0.05917717769049691
Muscle,Allyl Methyl Sulfide,0.02295758489588619,0.0625010980552211,-0.015231834713766625,-0.014248795670346372,-0.015527351247958428,0.04330481810902015,-0.0055342005326295685,-0.07158488448401784,-0.007136584443773312,0.029127657360432366,0.015564157787445666,-0.036110351554151335,0.012905623663007204,0.007451334819357551,0.003260657038313666,0.0034003387897067754,0.011761093039319867
Muscle,Allyl propyl disulfide,-0.019112529872100086,-3.5514051344798e-4,-0.003279150214854326,-0.021680297056687763,-0.06588081779420502,-0.031880860885962786,0.06853346231249571,-4.9667004060112e-4,0.0065460338919391785,-0.025040654481796043,0.021137377021385458,-0.0861525900507606,1.9389435039188205e-4,-0.02100885826989945,0.020606163144341327,-0.0037560399269038294,-0.004796776659992721
Muscle,Alpha-Lactose,0.0042528090153590185,-0.04578402494221956,-0.014538302777354423,-0.06763079538773398,-0.022096697657434335,0.011608594603747885,0.05404344803390837,-0.011557970850281787,-0.004797425894398416,0.00681057995177115,-0.029137866720350597,0.06051269670341859,0.0017740453034785124,-0.024201021440739826,-0.027120507524517265,0.004484435801114297,0.00266032531166105
Muscle,Aminoadipic acid,-0.008194136776983848,0.006394553911084956,-0.024373857170288622,0.0012099053600495677,-0.08441123976667766,0.04660400512331441,-0.008662115420843821,-0.03595301603790703,-0.030989709423231548,-0.019019378126050642,-0.030201982854740583,-0.042795187739569904,0.018981684926800337,0.03970564060552783,-0.027138773887971347,-0.002802852072153917,0.012965740520863052
Muscle,Aminomalonic acid,0.05416904821109518,0.05442655948069586,-4.4141377791443565e-4,-0.012975856029207257,-0.027600628979344698,0.022420471751987733,-0.02333716416005687,-0.03757771649090998,-0.012517848255455816,-0.0015836388715569066,0.03630698712541889,0.006427422937893351,0.009028341856213002,-0.005549003445497927,-0.025037047360315166,-0.001248057112049539,0.0039525872349684965
Muscle,Amitrole,-0.06564673477554941,-0.053168940343535274,-0.0044374457286126085,-0.012791453195297496,-0.006139789930275169,-0.021140798422992504,0.002644124428912933,0.0251740913951445,-0.007555344106877622,0.006443253823178098,0.004095771631546471,0.007037474366542297,-0.00857054643458582,0.004140443038620138,0.013081016288331223,0.0013053884652781279,-0.025932601142668137
Muscle,Amrinone,0.039595794709712286,0.00269729983631745,-0.02919368466918579,0.02356157696805053,-0.08011710148023596,-0.0012779738642959431,-0.012873409894643969,0.03531017272160312,-0.0017242435398049413,0.011807904377290587,0.01433694313288288,0.02467084575845761,0.04771985757557894,0.006168011789898888,0.02711446522340694,0.013891669619257823,-0.0072579540456790366
Muscle,Annoglabasin F,0.05784328684062415,-0.05932515883305418,0.02934085770978959,-0.018301088825489392,0.01292038065601999,-9.713272780095312e-4,0.002694827656366765,-0.005635791837485306,0.0017214317955533652,0.003934716473702916,-0.003809826665800587,0.011339999349168225,-0.0011974515054667713,0.001444014614140063,-0.01267822744289412,8.771041280791858e-4,-0.0017487981447039756
Muscle,Anserine,0.020069201704064742,0.03995936932967343,0.03087109465310127,-0.0064027106081343335,0.06325893038550459,0.047301955726920884,0.02985871135922184,0.0576242029564858,-0.0160802303335613,-0.018086228100168317,0.011826539913391724,0.016431653078687557,0.007890344585537529,-0.014103007126561307,0.0145996546964568,-0.005772453541524504,-0.02838987231637074
Muscle,Arachidic acid,0.05910630197700899,-0.028797870713011854,0.040395407403260926,0.012675379010387837,0.039860814453382604,0.0047213899580451826,-0.00844959522198153,0.03281391181624594,-0.0050925011110718255,-0.006858165893053185,-0.005573256894301302,-0.011192687519815435,-0.03491855406992389,0.025548887340119043,0.01786987226611295,-0.02268556780386919,0.0021773092497749088
Muscle,Arachidonic acid,0.027422400646833742,-0.048912086176353405,0.015556695079443019,-0.015932589369793207,0.05240246051726039,-0.02452319501516379,-0.00203843642164469,0.043169877237142,-0.042152643931094136,0.05346563337468252,-0.04279318447861061,-0.009670361214436561,-0.003190430045862221,0.0211052734923783,0.002332258146562942,-0.00472132824842982,0.06459944771214404
Muscle,Aranidipine,-0.02113138553954761,-0.003480445364820615,0.025774566220202924,0.022369652852577655,0.006090618355577338,0.006955793061984042,0.010972135623720422,0.02995809909148472,-0.039238467849038824,0.09350279825991074,0.04309982205105545,0.06353140398686363,-0.047398038008516184,-0.04536276547973046,-0.05694648856644632,-0.00905525363397752,0.027732429180675863
Muscle,Arborinine,0.03241907414475276,-0.03870647854618357,0.002824745499961275,-0.04542679332250454,-0.02547627862291393,-0.03446372007110348,-0.046111232894484815,0.006895781881052136,-0.021198227906796263,0.011142574950920098,0.0028465048097212845,-0.08186432156401155,0.0425732425570578,-0.0038184975751758424,0.0013042198399697727,-0.012938015216299899,0.007579280585324588
Muscle,Argininosuccinic acid,0.021649217500133256,-0.008398397710752655,0.024093227016801153,0.018780006086422645,-0.09630445741199475,0.0012982267141248144,-0.009288718099577155,0.005467997628613017,0.004340089145059467,0.027891839381840415,0.026395642642338263,0.0423472909908747,0.01637817282016473,0.014269870602826052,-0.015927867735753786,0.03219581313351875,0.046738134322320476
Muscle,Artabsinolide A,-0.0074992397640993936,-0.024923585204542926,0.02289121204582549,0.01635672573170447,-0.03512385486755475,-0.053931132130652745,0.016849342384207593,-0.0027423714145495596,-0.029146542717953243,0.013809050664598324,-0.010378817888432942,-0.07387990176713059,0.09370069620204634,-0.061295198503791885,0.008502372988162086,-0.004999713855240763,0.038569932679956447
Muscle,Artemether,-0.06160468772332872,-0.024416042806771163,0.0417143996982776,0.0287995968870692,-0.005160494536608985,-0.030272183582517036,0.027941475219724815,-0.009223674790518928,-3.3784752026376757e-4,0.008144929982811943,-0.025919893457013555,0.006887496491086627,-0.026378370011027233,0.009042215988222888,0.020550648423286227,0.021130092307015857,-0.006742572279289578
Muscle,Ascorbic acid,0.06457933957525919,-0.02221556249085649,0.040913923311952045,-0.028029670031366076,-0.007200329242174401,0.005006837315805637,0.02611181157285633,-0.01969311275868618,0.004355062519665492,-0.027058418255383063,-0.010456479047944514,-0.013654633811404361,0.012389423452955836,0.030471325360599804,0.025285012610657437,0.0012031285312873298,0.008747927447376713
Muscle,Ascorbic acid 2-sulfate,-0.029872432553653662,-0.0030751762606207747,0.06820817123369831,0.06344788934335222,-0.01699434839444768,0.01797419585389856,0.0123266059825441,-0.0035943086732977874,0.016335283892599063,-0.007709645489116341,-0.002733084336715046,-0.0014556465360257788,-0.008830571139214264,0.022722577801531984,0.010890250085723464,0.0036683301951027083,0.010033014445284443
Muscle,Asparaginylhydroxyproline,-0.021188395915356477,0.012730637343937794,0.029913880227010803,0.012372069622036101,-0.09092751013104475,0.0024401278613856844,0.007020463724623154,-0.003937060987824028,-5.531121203962734e-4,0.051888442693367745,0.013674417895690252,0.011410335982366827,-0.02729659844925268,0.025785955618449683,0.016591347464542924,0.050171748328883284,0.010061694983106419
Muscle,Asymmetric dimethylarginine,-0.03666097993551902,-0.03806557618780445,-0.007146384141304513,-0.002585149724161597,-0.055042344209258354,0.027884189699473743,-0.02932474686871282,0.0661487195505327,-0.038064423947722234,0.013655390962746124,0.004385195688442069,0.0012296502674433605,0.017367100102619343,0.046546461947667456,0.015604618997523443,-0.020994574525767674,0.0013189707198394474
Muscle,Atraton,-0.032096067886990896,0.02157705491889749,-0.028847395578946555,-0.029926883321706232,-0.04711217386346304,0.0784476294789219,-0.014336713026292266,0.013355366400307423,0.004325756552085602,-0.006416319393996241,-0.03703304092738243,0.021655282961964215,-0.002640937369390698,-0.03634279785200916,0.0037451414775902326,0.013343935148103813,0.02240845999046249
Muscle,Azelaic acid,-0.06239878564245243,0.03302807102246242,0.01931611229283792,0.018780598665033666,0.004011893176650473,0.007942850857028788,-0.03849054224257986,-0.026211983970792052,0.007068888562084187,0.027709344663709626,-0.021785247800013115,-0.027542740661495316,0.02262897221365058,0.012838794591879834,-0.013179562906507887,0.06123958086739613,-0.07739756606627866
Muscle,Aziridine,0.06173918603749882,-0.05522791606073892,0.018935383849950933,-0.01954549758042358,0.008814155335498291,0.013818268181335993,-0.010338708542329883,-0.019834433804701134,0.010640219054310125,0.00840926883846364,4.7629388688893846e-4,-0.004653329301678233,-0.011502553382008538,-0.007493315925226221,1.485033207658448e-4,-0.02053728688454684,0.0032080186872752913
Muscle,Barbital,-0.008002563420585796,0.044427531944668155,-0.022117198948407225,-0.00790970969015848,0.0207455666437965,0.054390115025958655,-0.054659064200931716,0.037324689407473056,-0.013482923414740203,-0.03337188306003068,0.0031062572752200792,-0.008126573315695083,0.07945002271503644,-0.0488153541408833,0.006122665871001349,0.02354518298690564,0.04135773749881122
Muscle,Behenic acid,0.06447875548423669,-0.034917391718198514,0.027810689947801035,0.012076486483725333,0.030334321744701388,-0.0031553687682459386,0.009377625993155083,0.024390017222047346,-0.0031122630116246475,0.02369452183489857,0.015027093521521062,-0.026286806027410018,-0.024815412238557728,0.03371982801351029,0.0024340650774467474,-0.006681976655559603,-0.015267367484117902
Muscle,Behenoylglycine,0.011076491229173717,0.03302922276080106,-0.004896009685368838,0.01513074644307676,0.057557493946645305,0.04476499165811124,-0.017354281976169412,0.04360346498479444,-0.04596227204562003,-0.07260514241235114,-0.040341446716788874,0.005420856095482966,0.027102114816697005,-0.02152826270846761,-0.009860305232189741,0.00984053654303254,0.005084966197025339
Muscle,Benzimidazole,-0.007769527721279932,-6.264468716452585e-5,-0.030455077661366528,0.006391403389357838,-0.03417549004381025,0.002567945285200448,0.07586923880285572,-0.008919245989024997,0.02632207315294746,-0.026316803600048323,-0.05505888098812174,0.09100549052747141,-0.02323897796493262,-0.014957682600388171,-0.016164652576052162,-0.05801108887323149,0.015325816046726724
Muscle,Benzoic acid,0.06825458941265591,-0.04801689470711132,0.023597184979066415,-0.01782426037550664,0.00602782655117194,0.004795399571131119,-0.005865269930365046,-0.00697105537595348,0.0024751852524977393,0.0024479143848120783,0.004664529797599971,0.0015700034663275945,0.002922819092715664,0.011552105770001306,-0.0033419272617451765,0.004005138998497277,0.0060414713684009
Muscle,Benzoyl cyanide,0.013045579223878946,0.013784808099793402,-0.021893641517241564,1.2666516993145534e-4,-0.09199164661485094,-0.03699807274266869,-0.0021678481744894606,0.04488846414407857,0.011528558609754215,0.031242055024898786,-0.006364201326856922,0.011082716923706356,0.025034623678001706,0.031930182296115356,0.030366753068589634,0.013358627198670214,-0.005903928986057963
Muscle,Benzyl butyl phthalate,0.01115331032667536,0.008482473117370383,-0.016810334653542904,-0.004396906915934893,0.013882963346257498,-0.05889387670205152,-0.022695162856464803,0.024419681421411016,0.035077412093866236,0.014670912293056164,-0.041121447524313355,-0.09696917325735367,0.08868981891702822,-0.016547935239323807,0.010839811151022187,0.02844046135587808,-0.0024520991369576003
Muscle,Benzyl formate,-0.03150867514484549,-0.009208496530378661,-0.014326541224068555,0.005954467108470585,0.012572786240774805,0.05210908012494645,0.0583940071080416,-0.04875185685626668,-0.051066243055941755,0.06153031395753955,-0.01838334677865291,0.033305988166268875,0.04406768420358362,-0.009079391214566385,-0.027661071626831464,0.03183123356042786,-0.016800224311512856
Muscle,Betaine,-0.044175253888948995,-0.04975936850033348,-0.028023000549270028,-0.009779548316985425,0.02200414197085743,-0.025600058306366233,0.016531541968304572,0.018079442872463745,0.04188963671740931,-0.03792585338182204,-0.029098372994419967,0.015339146737636986,0.009162076809404172,-0.006332229440247115,0.03148297586517567,-0.05983164421028413,-0.02897668563470349
Muscle,Bethanechol,-0.02241020486699086,-0.020916013413817658,-0.02876479418442381,-0.022675580718814425,-0.0609425054201173,0.01658456811926841,-0.020999011057842486,0.04608243479110329,-0.0717800439548332,0.046033180902529974,-0.016470088089665075,0.02094739133872239,0.004775898325622212,0.034197906225874236,0.013338489589049625,0.010003164918632556,-0.004662374829674605
Muscle,Bethanidine,-0.037682687092801405,-0.028132824899167762,-0.014933490936059357,-0.027734953810443958,0.010677198167026008,0.02034743162804815,0.0023630734505491477,0.05137694553860061,0.055382209543554606,0.014734986832023374,0.08004398072362477,0.01402248172200877,0.042336691807511685,0.007058845153116246,0.009465916484522241,0.05565549040623772,-0.008203648119433929
Muscle,Betulin,0.028993643104546954,0.010857934243440944,-0.05057872625197399,0.0378675488478004,0.01603623685829762,0.0019853767650867857,0.002382874927464267,-0.08603928170376024,-0.02389454285973715,0.021096350272633395,-0.015877530281672533,0.01743784084823177,-0.0020969543871728643,-0.03357662832577447,0.05440026046764787,0.009282534335111772,-0.0422323072208837
Muscle,Bilirubin,0.04402641161843122,-0.04835422776827909,0.03938796237094732,0.002881079757474662,0.035187975182771405,-0.014636591733382751,-0.010391596570764938,0.011669968299906292,-0.0014706134925841425,0.0038491369125852578,-0.051271274103524805,-0.008870555264850076,-0.05114541703111272,-0.010832807553090757,0.004526392926808918,0.030491718220690897,0.0326138818851476
Muscle,Bis(2-ethylhexyl) phthalate,0.04309559987274093,-0.02563862108912294,0.04122290260483311,-0.03273070876937997,0.05327343311513567,-0.005302466469899166,-0.03155517920214961,-0.009714079181652412,0.005953118799167091,-0.021555711287288486,-0.033324286464125656,0.001173420924180265,0.05247508132743775,0.012248103919396881,0.012563209714845843,0.015452150766546479,-0.02647114706671775
Muscle,Bisphenol A,-0.024508554932181684,0.05323689527298859,0.0024379858614078363,-0.032986894086138106,0.005948051947425993,-0.015588680176702742,-0.03171410036655092,0.00931797457392905,0.03593223535172253,0.049422558555931397,-0.061989914569498705,-0.008421112099591316,0.023823916300387583,0.045092520156675066,0.057955169297522084,-0.023695020446050277,0.01650616212855502
Muscle,Brivaracetam,0.0040175537266296055,-0.028282730182657086,-0.045877055652289125,0.014892151455276954,0.005340118117737755,0.036269914243404616,-0.017925170136772212,0.06622002177391503,0.07288281209291805,-0.02047423858507887,0.04400904316520149,-0.00601785655799137,0.030683910484554305,0.035916546682926355,-0.027320871446209677,0.018328230260099807,0.04191113092522888
Muscle,CDP-ethanolamine,0.025520009467562343,0.03444658108004242,0.05488074145784536,0.005804988113125518,-0.04256105557788723,0.05387162357559347,-0.01352490664898366,0.011441688204767838,0.0391163229319284,-0.012146465124647638,-0.005388900818125858,0.022635298331861137,0.006067666069175675,-0.011975785181839288,-0.03375127300014921,0.03713079626994858,0.03058938331502833
Muscle,CYCLURON,0.02567299912879559,-0.06530373208271396,0.04542590262126428,0.026608396424321695,-0.017021218513238616,0.028272171510000797,-0.012492700894390273,-0.0051791579810353825,0.02940908124200287,0.025601443894633615,0.013764981060200774,-0.009246087535110872,-0.01356700408610754,0.006867239316880643,-9.310350388823265e-5,0.010047235696648798,-0.05363672823177807
Muscle,Cabergoline,0.04214240610306948,-0.005817884509713723,0.017478116812834402,-0.0739176668949122,0.026793491848328733,0.0169738738425668,-0.028238931198902136,0.008011855929472289,-0.005396730075152677,-0.051348696037212226,-0.024598813723993543,0.030245178414602118,-0.008198771541844134,-0.01468165363340173,-0.0069651255290747015,0.03025569115539536,-0.059882499233366984
Muscle,Caffeine,-0.03020101585968564,-0.011986335468638882,0.06934897159272971,0.06109901464940696,-0.014834097321403719,0.01615535543344908,0.0073935270238700435,-0.0037027985118106227,0.016906129273402133,5.557369606697932e-4,9.238327102122278e-4,-0.009432999943452307,-0.017709342737440084,0.009200172350741739,0.009155831606455776,0.01848373181523031,-3.223974433320952e-5
Muscle,Canrenone,0.04888859926172155,-0.06170309099545068,0.04402492067649887,-0.007131813006186961,0.001747833164067914,-7.719807168910311e-4,0.0043778481448883706,-0.01668791535168575,0.003316782313879579,0.010997455306914289,0.0031775173698255867,0.011986404191086934,4.5713740049419346e-4,0.0034676609227380487,0.008555946007944001,0.021267292810298394,0.001821695380320259
Muscle,Caprolactam,-0.01982211199288878,0.032729071106025125,0.00724693680650297,0.01553580990232172,-0.013163001467182852,-0.05387822662063803,0.003529990231291709,0.06615935389555783,-0.06506583822675509,0.013444338596226334,0.06320761077967618,1.2194147719248255e-4,0.025666740303274715,0.0034414407970069553,0.06033476923118343,0.001161203228943049,-0.0013413108540251593
Muscle,Caproylcholine,-0.01745315200131427,-0.02624381728038333,-0.03010131012116325,0.029702797928538235,-0.017704080753333334,-0.03343851799589966,-0.010718986611157272,0.04486947777973375,-0.03269717467909207,0.007276340812166561,0.051514089140968486,0.04064800831155326,-0.05529798471235882,-0.082947229149782975,-0.03986012681091794,0.0472277012498306,0.018464552597599306
Muscle,Caprylic acid,0.027505441858458768,0.009516508447160876,-0.006497948850190559,-0.009734269750626114,0.020878288525784456,0.062326308409496704,-0.06053857178907188,-0.07383014841846736,-0.028931813335771543,-0.009538407639769767,0.017424554829721405,0.04557165765119165,0.03435806091406053,-0.043083775566731014,0.0012470847499794471,0.013518122100615326,0.04290329813721129
Muscle,Capryloylglycine,-0.023024427852361,0.042191132276414044,0.029029233291875966,0.042306520589966076,-0.049025880719520534,-0.035506171351854396,-0.04692556130839284,0.02546020442353782,0.016666559869480544,0.006072452920590753,-0.006394152855323941,0.024519109009041605,0.01044205632094695,-0.013087788811328938,-0.05419398933883645,-0.012641936148984316,0.023615714561472965
Muscle,Capsi-amide,0.015618662415765407,-0.047407705446818535,-0.051820905776197974,-0.01585848247078023,-0.03844376759774009,-1.9608038084812873e-4,0.03196296259359251,-0.010136043614645054,0.058379270185683625,0.00692500835405042,0.012334593780437704,0.028986069607271254,-0.015092202592811268,0.012421782421759946,-0.017154262545913113,0.055366141520086655,-0.03137497486685434
Muscle,Carbamoyl phosphate,0.06299908158001695,-0.011357047658381124,0.034298894997495756,-0.02968933022374462,0.036567391411308534,0.01677253715110833,0.024411059358893754,0.019750135818621197,-0.009631692783037544,4.79546989249157e-4,0.021580237323436224,0.03571644656936247,0.013092063651264061,-0.012280783616012918,0.016594546522506876,-0.02325811980618112,-0.009941034205696569
Muscle,Carbocysteine,-0.03971890734950611,-0.055579384631609136,0.0034439288577291925,0.03000818709092823,-0.013452471833602821,-0.016130609052499148,-0.001979262503950479,-0.048176000813284825,-0.06148988592352359,0.01004585840122708,-0.03157219025919396,-7.269971581140835e-4,-0.007245815266216592,-0.011837948195352393,-0.005579604954180837,-0.03780280129073525,-0.0518871389986121
Muscle,Cer(d18:1/14:0),0.0524586077597821,0.00709971529266355,-0.03699168196966575,0.05379991430341019,0.0445928351978863,-0.004615805493920559,0.014888591983993464,0.032627199204055955,-0.011871811331708252,0.0035236799412123303,0.012093586886690228,-0.020262411626206563,0.012790936212722126,0.00831109635112722,0.016703842643608257,0.014793104283884025,-0.020028967965601514
Muscle,Cer(d18:1/18:0),0.058456586198794784,-0.020754730607704473,-0.030264661183578834,0.008609355637024294,-0.057852099734123724,0.007372740032288759,0.03308594206528301,-0.01199346558341332,0.02348642446148675,0.004510804013062252,-0.005591568951120142,0.031574389071930165,-0.005546152200116344,-0.015560523735837871,0.014636041093584858,0.011760287447671408,-0.008973336032947152
Muscle,Cer(d18:1/18:1(9Z)),0.02106460740561344,0.0016946984082550818,-0.04137659718242002,0.05762741460357109,0.00788444483739827,-0.05119372882721573,-0.015320466036419764,0.01614882314252336,-0.03430697193419219,0.019432078792653802,-0.02731781249115969,0.033277823534311954,-0.05144872261939237,0.02785927274010232,0.06157738225025287,0.025486883876363563,-0.06998617870712272
Muscle,Cer(d18:1/22:1(13Z)),0.037180925405653605,0.004461136429835372,-0.006821777380626229,0.06793566775951658,-0.03568996137949435,0.009648771678447902,0.04457785922430768,0.003467080937842784,0.04624497027398935,-0.009227660020260571,-0.04713036644133487,-0.006817622998386716,0.002068630088663602,-0.013248719193218482,0.027386072591400103,0.0499969804688297,-0.012185162878532673
Muscle,Cer(d18:1/24:1(15Z)),0.038948101798130255,-0.04806696274496845,-0.01240074378500091,-0.016931016358167777,-0.03428784079113044,-0.008979757363563916,0.025638894840927278,-0.04312469519907212,0.03948907366222114,-0.03336258202224443,0.03325216637253349,-0.018044621465315658,0.04174217992687931,-0.02003315241207131,0.03768665416802955,0.0448431109201604,0.012077266272913717
Muscle,Cervonyl carnitine,-0.012218729009688123,-0.03623498628934252,-0.0359175073972007,-0.04080811268350012,-0.020621445523425534,-0.0680401662829801,-0.02562448969424687,0.04714638920609576,-0.026651639439206665,0.01811760314044223,-0.02424030715083512,-0.029924866517124154,-0.018988449733384104,0.032111798006180456,0.014645454656699934,-0.0036202313851081656,0.027983907463170112
Muscle,Chenodeoxycholic acid,-0.028911906689871515,0.02807607638948007,0.027642229650529575,-0.049203094579987235,0.0026100142247999446,-0.002363822931927847,-0.049064303898537345,0.04372693682291165,0.046429007924797816,-0.010063747623829753,-0.03926860097978288,0.026407378909535654,0.0624304867785778,-0.008689202361176582,0.04258905845942228,-0.012293490608518204,-9.158788557641654e-4
Muscle,Cholesterol sulfate,0.06591719100052974,-0.04864984831996539,0.02833071728416254,-0.021102440686765065,0.005910697502875713,0.0014556359836051182,-0.004583476886975291,-0.010063246619781092,0.003660233732503894,-4.506849586903488e-4,5.413305674839866e-4,0.006393031154450132,0.004685483335904544,0.011449390804757924,3.5351485559027455e-4,0.0037584935785803055,0.007590485056047832
Muscle,Cholic acid,0.009642539281265614,0.048942104060326314,0.02417450717915573,-0.032372206354312566,0.009820128102396018,0.010432287590456052,-0.05978020317367152,0.020681521424271473,0.009043358522712321,-0.033595351921687375,-0.07651125376513813,0.029667705013223956,0.037657337212431065,-0.004306164379918519,0.03515554322036368,0.028952640263988534,0.018483724309713366
Muscle,Cincassiol B,-0.0035338032975454057,0.0014719192856328096,-0.030088294812995995,-0.0165861928613085,-0.03173295825081439,0.06742311174850407,-0.024696653045561335,0.0935848983292049,0.013670282914163338,0.0406407066863214,0.012073258965110224,-0.001725807313570956,0.01063792049388204,-0.044776725140782556,0.014362206893194033,0.006180184113810695,0.02921270701325675
Muscle,Cinnamic acid,-0.0046543497393146515,-0.0486283834621387,0.024603725103663224,0.0065848302840674925,-0.020151617152927535,-0.045213722492924636,-9.201448085276276e-4,0.03074335183990245,-0.060206834038879775,0.06924950199671857,0.015023121737984677,-0.0014452258708530046,-0.019986374539972224,0.040418831340673936,-0.00490785384819978,-0.06428339851158181,0.10004606490564297
Muscle,Cinnamoylglycine,-0.031491258068165294,0.0015625169425122455,0.06684037440766295,0.05701932079093758,-0.0329360358599758,0.014951348032251097,-0.002498342549314068,-0.010522960461058306,0.012436632736872538,0.019599168961859426,0.00436976841037132,-0.009194814433055028,0.004236720398708653,0.026022269367180106,0.011297828836890478,-0.015217986982637568,0.002651710429178361
Muscle,Citicoline,0.0347721139484807,0.04690845253270975,0.031576990663634355,0.002053960247886744,-0.04789190759172831,0.029719445908391255,-0.02452664375196704,0.028668502946328736,0.043011281320301166,0.03125016672260749,-0.031763786950113435,0.03163301872939813,0.017024823111577315,0.005029332578985283,0.006498813746339877,0.01242489161463035,-0.030768540303022486
Muscle,Citramalic acid,0.024780698311720657,0.010901564101194432,0.04441884016261261,-0.06534623114855619,0.01956928516919078,-0.006717380171367902,0.06863528035010515,0.004800387897987644,-0.01835478296006026,-6.029732249063004e-4,0.04319602417426697,-0.016052037111841357,0.00348465724067194,0.015856467493041117,0.01836665131984558,-0.0020032162332005513,0.028102620675302968
Muscle,Citric acid,-0.003958242916202326,0.023337961293673173,0.07508572399163131,0.037746879501790974,0.03771579684778715,0.002598661950680763,-0.01662183994108609,-0.00397867538204275,0.002293329293848507,-0.05207229088104338,0.01587017637894649,-9.250408139005263e-4,0.002020349473050428,-0.008113915530149682,0.02397567756289046,-0.0019782241337683183,0.012646526406189717
Muscle,Citroflex A-4,-0.016138188525283304,0.003007310774104272,-0.008316204702446987,0.02355272087714723,0.01781757258117589,0.0329961963531614,0.08380844747272322,-0.030194757525425064,0.058030588793628136,0.021565849866460127,0.01703928693287986,0.03152328321215002,0.041083109496486754,0.009045157844219625,-0.08100757985471022,0.0506776340283976,0.0384683568150756
Muscle,Citrulline,-0.012223427245983512,-0.03566755923274187,-0.008337604811647881,-0.012172655988894849,-0.013388100436549269,0.02404832244253075,0.05340798906069689,-0.00914190988091792,-0.08875798626517954,0.0507683926825841,-0.039216564137990684,0.05549763876229562,-0.03895349794514312,-0.013622212349449362,0.0011916136859144904,-0.007514799823900009,0.04155300143972416
Muscle,Clefamide,0.019189397106613087,0.015733327285842813,-0.05302788797189744,0.028183006104506747,-0.00804121107040621,0.05268677395918563,-0.05996388369604942,-0.035142666418256537,-0.024413212510892922,-0.01405301000765764,-0.016185729385084488,0.0012196521498990844,-0.02619625171970088,-0.060812583552497544,0.01923527922348876,-0.024271710194362715,-0.0048047720489134945
Muscle,Cortexolone,0.04788412207093268,0.05959938942909362,0.009191181309454134,-0.009586704133461686,0.019617809669550648,0.02660955226829005,-0.007242711496078629,0.024876345339264392,-0.017485905126985442,-0.03323895235513211,-0.016618755721014795,-0.053692221978535716,5.723195351958637e-4,-5.563987946567286e-4,0.012584437160572882,0.01030992735052961,-0.01114275660858465
Muscle,Creatine,-0.021883023315626922,-0.054377385004530654,-0.0542611139837344,-0.011882539916150275,-0.005759486725903744,0.060703299486560176,-0.0019347261791444468,0.022915985331807612,0.005805790979302558,-0.010381609786017919,-0.019103407093924232,0.01548971611666571,0.004134856931034312,-0.021147316563855652,0.00982368976392145,-0.0034781577250077578,-0.018903113877772038
Muscle,Creatinine,0.009482270907298307,-0.037889254108691914,8.456801003967098e-4,-0.026625071567780295,-0.02152064237275305,-0.04856187601519552,-0.021640798195080913,0.06853545686850296,0.06963311644806545,1.2075538485159889e-4,0.017062193297674492,0.004125593689484363,-0.05463605685600931,-0.0522433014102428,-0.01053537881515241,0.009849259493272073,0.012825347937593636
Muscle,Cucurbic acid,-0.030723433072384117,0.025496357709666764,0.029960811155374634,0.009302233086183928,-0.0032847372799186814,-0.08133864160585912,-0.02434698739586576,-0.019900154196921527,-0.04109110734297927,0.02681294874057527,0.017894802972189875,0.017974428102533607,0.04181925448229587,-0.028044275412620726,-0.04805266335146078,-0.031612291439714106,-0.04787298149860452
Muscle,Cumene,-0.001685182263100923,-0.03202819823310351,-0.006677981445116277,0.04069234283447279,0.037183552227028197,0.062223465201539103,0.04541390063530494,-0.0060218950987866015,0.007424891524579985,0.008202570650102024,0.009469049334421033,-0.022069835051363597,0.0123191439077336,0.0758224796009826,-0.014738406359765342,-0.08401831098493055,0.025101215760993372
Muscle,Cyclic ADP-ribose,0.028621104875140888,0.0631637256853153,0.0018011686664911174,-0.04012904965131817,0.049443817012152176,0.024165928662446705,0.03570425504465146,-0.008953901870178135,0.004419907786992641,-0.004273084806119168,0.01358879049509363,0.008842179480601892,0.0010997397666855397,0.01409907774275745,-6.994430059057298e-4,-0.022852968152163287,-0.012913634945165448
Muscle,Cyclocalopin F,-0.014044285860682383,-0.018970196379625572,0.035449521073055795,0.028131971394100137,-0.03929449118628595,-0.04589857519834472,0.01850438491914123,0.006503692967633363,-0.022940557040476046,0.01919335967765539,-0.009730114991867767,-0.07147104443923416,0.0770676130839441,-0.0649901396823724,0.010836239987078982,-5.215481597368261e-4,0.021284462693571423
Muscle,Cyprodenate,-0.009795987473446654,-0.0019904263952113875,-0.03340332024225516,0.048871386098329965,0.04082733228798267,0.07326275288148591,0.03825951287458017,-0.0321791277135631,-0.017787199276525095,0.0241197963491411,0.012693786047657028,0.0028602279028023827,0.04313366242911965,0.0335447527956768,-0.01167609285709442,-0.013252077961186187,-0.003390537930428619
Muscle,Cytidine,-0.024585927169847123,0.02715461142295584,0.06582333243445226,0.0446915847114233,-0.021640987850847806,-0.006782652131844875,-0.04696937075985231,0.013309456284631609,0.01954179611191346,0.009959633528391578,0.03787970395367779,0.006057964912491329,-0.006613334913484839,-0.00614627657524272,0.014663402106681283,-0.002411594776138343,-0.02239988573834623
Muscle,Cytidine monophosphate,0.011174650293443654,-0.03237476289740475,0.015336173048264071,0.03547822336562551,-0.07510308498819736,0.022600233333250702,-0.007225995121359814,-0.042802325875231875,0.021387385975342094,-0.01171998026667079,0.05637298191800585,-0.011413417158495108,-0.013591799485844089,0.004014476757483783,0.020650592213464568,-0.05395996401611096,0.002643288215504231
Muscle,D-(−)-ampicillin,-0.013640059638032265,-0.014255816209271459,-0.03160573920986839,-1.6957217233766424e-4,0.031531499774243736,0.005741403506335051,-0.009394015290802757,0.09482825122654696,0.010433306831675856,0.04774027164234865,0.06762406397955117,-0.003534226468931277,0.0556759030795369,0.023966340800180206,0.010046337526379406,0.0361944871459111,0.020661063702777444
Muscle,D-Glucuronic acid,0.005516157680106011,0.02763337947647911,0.057467198957477546,0.062299216051062145,0.0072865102373010915,0.03687854244028925,0.008503667977287003,-0.012531966023428412,0.0415494025783178,0.005830574319102008,-0.020103077253584362,0.014708688722961896,0.025874131664847817,0.043847356431782045,0.01602429738583422,0.004536709087048843,-0.023616659028483186
Muscle,D-Malic acid,0.005334884136949139,-0.026225200353397857,0.07694668139411055,-0.009300690555008397,0.021233830560975234,-0.008538108665313985,0.04255405795714437,-0.006371065904735274,0.012528042339258453,0.006856382626217308,0.03125225871334434,0.06171846303456871,-0.0027868987941494817,-0.017584503688911055,0.00137884328370303,0.0027556569060071235,0.027774983770524647
Muscle,D-Ornithine,0.019123815041546414,-0.034555284462377926,-0.007563561768737263,-0.022455072263278645,-0.07951963639132523,0.046897115389740555,-7.828240051765351e-4,0.007772671104055398,-0.029238173948388752,-0.0059440146851421636,-0.04129591351661614,0.0068623877531603745,0.04130167891352106,-0.0050140628551537504,0.02399050815536251,-0.021979361587134077,-0.02739787677922696
Muscle,D-Ribose 5-phosphate,-0.021823938088721434,0.05440086822855413,0.03976123808187141,0.008098742351352117,-0.013195089580689389,-0.010831455866237795,0.05469934973140951,0.0034584896257002134,0.01052933766648079,0.05266925913884051,0.04183828463187719,-0.041114023079464136,5.875541602969001e-4,0.0162969378289238,0.028810854173166662,-0.0268462996874311,-0.01265093840274014
Muscle,D-Tartaric acid,-0.02517890352386172,-0.010476276856886861,0.07275287176755835,0.06047286111935709,-0.012648093458795846,0.02087240563130602,0.008254693448780041,-0.007160180772388546,0.013521552794041955,-1.8671415446480997e-5,0.004095847450771101,-0.012103490543743397,-0.0012711437957216415,0.01603378961255079,0.014300929606760535,0.004603358863804192,0.002762112751867171
Muscle,D-Threitol,0.05020225809377714,-0.021816178684373275,0.04015466722335683,-0.018984651722323487,-0.028802568128633098,-0.00721724100880174,0.009773354648273405,-0.0073123794724763505,0.0386290021745174,-0.0492020915788707,-0.04149597999361214,0.01880285909098522,0.02275364774391222,0.06047621648290398,0.0033419845058128075,0.00418439614133714,0.004822150102298077
Muscle,D-Xylose,0.002149462240714893,0.0029922851030479308,-0.03100842850257329,-0.03612268813946989,0.03891216235777501,0.05917531143603633,-0.01242427484938405,-0.07686861105492677,0.02943047190688604,0.00607804710595045,0.0012898875370432068,-0.028467062074310958,-0.030793664447781824,-0.013521009484275355,0.06438764292893846,0.037635652666386056,0.04861426947568991
Muscle,D-glycero-L-galacto-Octulose,-0.022034559967207486,-0.0013907932642083182,-0.058674932252154394,-0.015774041021577007,0.002952267200387874,0.07118883924567919,-0.03126564256620816,-0.0156376439627856,0.02982576406252646,0.003674717858389543,0.010409378283903517,-0.00962066371094687,0.027849358233789246,-0.04141866330400904,0.014533565261728656,0.06730050087107416,-0.0031009347020756798
Muscle,DEET,-0.06574197486731911,-0.010406789010637898,-0.02926164517138806,0.00826577331815763,0.02533471003020677,-0.008570873237539361,0.01379353324886926,0.01912721829069008,-0.04236050147914525,-0.038040892586176094,-0.026017924791046178,-0.008186257964822483,-0.015552778927265075,0.02870877329157909,-0.005170620050541787,0.04517555025574374,-0.05982245649732738
Muscle,DEHYDROCOSTUS LACTONE,0.04555474014730246,-0.0027857547985857024,-0.019356485534554803,0.04962202671337963,-0.003852572563295583,-0.029021066323606508,0.01974742527489588,0.03077745003405794,-0.05713940983157216,-0.022121456216905564,0.03572350679533093,0.035573644511855046,-0.004169716027433936,0.016032434365569302,-0.02311854107429834,-0.07541566015167031,0.023128034940811518
Muscle,DG(16:0/18:1(9Z)/0:0),0.021859141330539823,0.01184393508397122,-0.02158547618341549,0.03873448497696971,-0.07404955872048997,-0.005347651548670475,0.04699612293933808,-0.009212148163433409,0.05127375055325091,-0.019796466884855684,-0.03353622953920823,0.02952890978044045,-5.401568250545766e-4,0.010050881413260862,0.014953596267000206,0.043617861641830395,0.018232675169469453
Muscle,"DG(16:0/18:2(9Z,12Z)/0:0)",0.013431172609250046,0.005185410785467774,-0.05149872589234748,0.07374833543236446,-0.006029595707349558,-0.05098333183605381,0.0222167463661044,-0.01595418319438188,-0.010762685724991153,-0.006940415701980777,-0.031902354510161476,-0.025026582303057748,0.013542398993693458,-0.011589901344562286,0.01738634808511172,7.969174213828281e-5,-0.020956034430153456
Muscle,"DG(16:0/18:3(6Z,9Z,12Z)/0:0)",-0.004020992791315151,-0.0029423001414118246,-0.05498505420932796,0.040817679525114656,0.06827489903029092,-0.02829453852057228,-0.003004246673332616,-0.015800213339598627,0.01634523788705722,-0.033528686673284125,-0.006449718300342803,-0.02148206667844802,-0.03400908068024347,0.03620852780265133,0.025472655504701954,0.012494819187924203,0.020929194347603437
Muscle,"DG(16:0/18:4(6Z,9Z,12Z,15Z)/0:0)",-0.011254430674026213,-0.016326820171073585,-0.0015777592743534859,0.029276352629357696,0.0020481953488804693,-0.08176921848794261,0.01542198881657757,-0.04106124606115651,-0.03956581455467227,-0.07227231765618428,-0.02691016521909573,0.013363002223753933,-0.02964741929531581,0.024909330294578747,0.02265503597739332,0.05627319990660346,-0.024625036989340383
Muscle,"DG(18:0/22:6(4Z,7Z,10Z,13Z,16Z,19Z)/0:0)",0.0017303801377506597,0.024492860004084977,-0.013189817140920932,-0.016969010966875187,0.012991454986148355,0.0021947629803408366,0.04529900978663226,0.032166506076695425,0.008251580222779874,-0.02235713637717259,0.06422148364918114,-0.12725128453679468,0.012265172735052635,0.02436860455599258,-0.02520286820001325,0.0014665322295634566,-0.0019454403161878536
Muscle,"DG(18:2(9Z,12Z)/18:2(9Z,12Z)/0:0)",0.0027695455734302694,-0.005507372377791948,-0.022973850161333145,0.03052974539662316,-0.011105147296885864,-0.0796747402341465,-0.01005609314294663,-0.0238940647607315,-0.016640798626218804,-0.03585383788009915,0.017809866556585143,0.029187937986313122,-0.06725509407854129,-0.015326814698453954,0.09014142450354676,0.0446377984839321,-0.00479993817121702
Muscle,"DG(18:2(9Z,12Z)/22:5(7Z,10Z,13Z,16Z,19Z)/0:0)",0.06344774495041502,-0.0534024378292979,0.027067170817490264,-0.020466310379215542,0.00837662417733766,0.0037488088763203494,-0.001640288850082488,-0.008504700358966352,0.0027096810942924417,1.6723712043606342e-4,0.00496116220486417,0.0042877815276380115,8.075327385855944e-4,0.005522409796972034,-0.0037318907930244502,0.0021909463967037324,0.010986646231167496
Muscle,"DG(18:2(9Z,12Z)/22:6(4Z,7Z,10Z,13Z,16Z,19Z)/0:0)",-0.013256915870400692,-0.027276814619156153,-0.03032034462986256,6.939834369964947e-4,0.009072439908441178,-0.04996995705022717,0.013168113944199433,-0.025906259570502455,0.014598583883827898,-0.08176699093433075,0.008751361635010951,0.0130467152997448,-0.01731784066248988,0.07145106076385135,0.07544990751924087,-0.0610208085827371,0.016200624860267448
Muscle,DG(18:2n6/0:0/18:3n3),-0.03365642443648945,-0.010182500044461251,0.015304928112504734,-0.021260066722650028,0.07216583989632368,-0.03897768843641354,0.016501076683026583,-0.027537658420499028,0.013612809283730638,0.025196106956506075,-0.06328911758845476,-0.002680762109228723,0.009667047684499957,-0.028358144872250808,-0.046060174062608435,0.02052126795632265,0.010181140594149507
Muscle,DIBEHENIN,0.005040310357434322,0.020970226678175708,-0.010691980369901424,0.0539710050086435,0.0017820091328840445,-0.007041249371858117,-0.05336789808502963,-0.08351109491551953,-0.04485037983387446,9.54122851905045e-4,0.05783722252038441,0.04032972177138587,0.012859135348477123,-0.011177523321426326,-0.001449598607583222,0.0010192673695026387,-0.0037199094092502777
Muscle,DL-2-Aminooctanoic acid,-0.027378551020640653,-0.04245309776267005,-0.03480328592270436,-0.0074965646194255645,0.02084740266831494,-0.02648689778873206,-0.04957671162872974,0.03985987505459714,0.031573315158738555,0.016727740044836195,0.02820905093037185,0.034306215692143593,-0.05083614081249177,-0.03984108950581137,-0.05457008864559906,-0.013263329348844022,0.015226194380813756
Muscle,DL-Isocitric acid lactone,-0.011691778185999232,0.028327181322948827,0.07551199454923209,0.04138562967097049,0.01642707367700533,0.020744450014865766,0.028419012065354934,0.01775542262929048,0.003840971870033167,-0.029802866406377148,0.012351664979032347,0.016936213998029977,0.021382796926408758,0.015233870195579844,0.012916182964610752,0.0015044958652653247,0.019105796591341394
Muscle,DL-Ornithine,-0.025677442372552033,-0.02550824638385195,-0.010350959476559276,-0.05111639641679386,-0.023565141271690866,0.050281400612757834,-0.03547717064288827,-0.003955598521076205,-0.061689320226039505,0.06409168011673298,0.02825701706017898,-0.00874354039085377,-0.004894973668457523,0.0036551364895411206,0.031866511968429684,1.3311542390441445e-4,0.05372801050510824
Muscle,DMU,-0.027893828865510846,-0.01225850104246407,0.04202145513787501,0.06566531726302983,-0.028493773883938374,0.04552847505292164,-0.022956165442515972,-0.01899002642903394,0.014687087413247509,0.023714759429260504,-0.010037841735055638,-0.03829602038040896,-0.03820858812485573,-0.004092282209243757,0.01086041489665042,0.01559330998997102,-0.007661775643186283
Muscle,DROMOSTANOLONE TETRAHYDROPYRANYL ETHER,0.05880670850990122,-0.004718198141594903,0.016183517679845327,0.04534279108668348,-0.008708064735399732,0.006558248185504986,-0.045753093491341636,-0.014420293743546996,-0.0473332631791676,-0.033379210900618406,0.006505314421081671,-7.93519591946443e-4,0.036773034010946795,-0.03407179624871939,-0.002230114831442309,0.023163348274038573,-0.0261019033290872
Muscle,De-O-methylsterigmatocystin,0.004214834237758661,0.08304945594541553,-0.0034891135627066936,-0.02735970685891341,0.012677718790477159,0.007025498098347115,-0.015508914193374978,0.014776261059998526,-0.010410652571921062,0.015170835254720088,0.024237649885951517,0.005821465155114153,0.02676620420240937,-0.031407126113295984,0.038994024842056246,0.006127507319664701,0.010997655798510572
Muscle,Decanoylcarnitine,-0.030461481220377538,-0.002854912591201646,-0.053244277226415705,-0.01846220451395456,0.017798304932034385,-0.0584547290670107,-0.04305329634357196,-0.033105414408042426,-0.0053480222211685375,0.009649196766708702,0.030926509119936076,0.023634933992288,0.002793126952597595,0.06007362722315739,0.03332913647050466,0.029877562371972703,0.01443351693798953
Muscle,Dedimethylchlorpromazine,-0.008015826977358762,0.058949895213390786,0.02708955123280379,-0.009087568552438415,-0.04279070826917818,-0.021846806334036663,-0.005731655153548836,0.009630667284041656,0.07442180255777041,0.038919282920931955,0.03740689082261668,0.005309492672052149,0.00773327714380685,0.015248230693475907,0.0016454722405873322,-9.202705754811824e-4,-0.015933323821125608
Muscle,Dehydroascorbic acid,-0.02795322425666757,0.0518535605824511,0.028835816628201262,3.929881428083973e-4,-0.04467255251599246,-0.04069042990051002,0.03131531746475902,-0.04388394538822973,-0.0017067289293688924,0.019673554192387893,-0.010624040571153277,-0.034520104102843195,-0.03401309228053693,0.018225947715718813,-0.030582417786197767,-0.017711722580095346,0.010706172527715566
Muscle,Demethylated antipyrine,0.02107506662265046,-0.0025204061732669795,-0.03529488383480129,0.014414740676534138,-0.08833005787434478,-0.02409801974372804,-0.021493162107640962,-0.00490206516762113,0.013926584564584772,0.03361593743790405,-0.019212908450980268,0.02582474756299996,0.04159548815535333,0.029973436049175305,0.01189434416813832,-0.010846360023059626,0.005626872772163608
Muscle,Deoxycytidine,-0.0017735389738788945,0.05035855563433571,9.458438926592027e-4,0.014758215421465437,-0.01360624168753798,0.021562704376461597,-0.021676861893294954,0.042438250835547,-0.08073281722710797,-0.05065266063937187,-0.02198166862474803,0.0249180856113662,0.05945726362952262,0.031360870143482274,0.007442978913878676,0.03437338570545457,0.05648474741107427
Muscle,Deoxynivalenol,-0.010732557332308372,-0.02317826525967631,0.040992369203727785,0.014092378045575293,-0.03751579799764492,-0.04397311418888306,-9.829400521406053e-4,-0.00857758587839454,-0.03563590418345516,0.022458162533013366,-0.029021304726964323,-0.07762549473090746,0.07106190958786783,-0.045297815613745296,0.02925726697914229,0.005734164147366761,0.001569839756425967
Muscle,Deoxyribose,-0.002316023591711368,0.07633221214538592,0.021689884746522184,-0.012289999808288559,0.020009150553098348,0.03727139104061875,0.018461694468215238,0.016560703208429232,-0.008507264554094453,0.004699352519494742,-0.0196617446319382,-0.02722385756859854,0.022992250388226252,-0.01038748010115095,0.010904154138770338,0.06151516021803639,-0.0033111330978519912
Muscle,Deoxyuridine,-0.0077517454281700255,0.01256703186034258,0.031424937041372246,-0.028835882787967677,0.019347105869329823,0.013368234683459932,-0.012563728102353093,0.06384650204887392,-0.06857263880390936,-0.0169063365223507,0.02393194096438914,0.08211981390982359,0.04328941677208797,0.012257483141793493,0.01582278519159779,-0.06253210386764,-0.02980896753617498
Muscle,Diacetyl,-0.02042948309450114,0.07137213316995476,0.013954536084545215,0.0018449443144122435,0.022895426552528166,-0.003465125539368917,-0.01588804784201393,0.023754401979766825,-0.0342944426126333,-0.04190218789179914,0.041241992391240684,0.03263784665633775,0.03129902747065935,-0.009431714898419043,-0.027310571910596236,0.022171098165816614,-0.010688211938264464
Muscle,Didanosine,0.02544339837498746,0.042693365215434986,-0.05089382489877668,0.010713885042464207,0.043756098865789954,0.023310441580284332,0.0030912484634271265,0.026024239702034057,0.03256722765284492,0.0478252765743715,-0.03040268562884711,-0.0308433568702738,-0.0030662650873869136,0.013211672919503651,0.03068340963359923,0.01755416058311506,-0.03436550685043868
Muscle,Diethanolamine,-0.043456386480910776,-0.017075716130393156,-0.005960588042734829,0.044450285556768554,0.03168565982668236,0.012449546736424474,-0.01088806047897872,0.012243204261967783,0.018764305147796163,-0.04295310250108515,-7.21401054414439e-4,-0.04993101517933546,0.07582198236548494,0.03686292276751912,0.023554776994631096,0.06345702302251899,0.019926752551641874
Muscle,Diethyl malonate,-0.022434812137973426,-0.01967494754808128,-0.01726020675929173,0.00611898204584999,-0.02074390384059764,0.031724773385712016,-0.02027979022582948,0.008973894600984357,0.09459502110499221,-0.01977147886638111,0.0012934317027185587,-0.0324678335194637,-0.049657146352569806,-0.04568722865583495,-0.03009492657658317,-0.09525415188338036,-0.004399145261302741
Muscle,Diethyl tartrate,-0.03404171077159251,-0.016973446782535543,0.04150188579321774,0.023771414556547427,-0.006844917177146175,0.016842004885677817,0.009259208862603866,0.006235832099257791,-0.027606445088565256,-0.03339829687971819,-0.007642739050628288,0.012194293640725435,0.009814068862481387,0.1117817916917748,0.013652753742249916,-0.08943863192119891,0.007543187081141362
Muscle,Diethylpyrocarbonate,-0.01600396814118128,-0.01971488354803947,-0.046178597188596855,-0.03300047264828067,-0.029384947820665797,0.014467663776056348,-0.004403599894149441,-0.02858186756109222,-0.018802393726320175,-0.01262003172547161,-0.04939105676453564,0.10483270906034764,0.006660269796980358,-0.0204956380264255,-0.016222368489166725,0.029281822943315914,0.021730668321030558
Muscle,Dihomo-gamma-linolenic acid,-8.660386434679126e-4,-0.04258563254055286,0.024789232446328763,-0.033985325670111796,0.049634211552967863,-0.03504538072048281,-0.016742838644246912,0.03577452747050362,-0.01748472115735096,0.05344697836984768,-0.06502187834161806,-0.008043513822978283,0.006780698229082521,-0.03082735627400151,-3.490686594280403e-4,-0.031182866134873494,-0.007781727936659542
Muscle,Dihydrojasmone,-0.006488915219249853,-0.0019777693029797605,-0.02371683113504265,0.06070333422090155,0.0419533802847551,0.06417627554868471,0.028663588692973908,-0.03429419048908917,-0.01133925732892894,0.04819240898431867,0.031418632952393645,-0.012911048256177766,0.0395100187042256,-0.0017333855181125438,-5.505054003132277e-4,0.016398662774910575,-0.0026196353289251557
Muscle,Dihydronaringenin-O-sulphate,-0.03434075274559448,0.003878544049917676,0.044627352869472225,0.01724448054279607,-0.04734095795340944,0.03559955490137355,-0.03193463624495853,0.03846050714698575,-0.04861482608302227,-0.03867042698302518,-0.025927321567865213,0.02791868194245629,0.021354497585574273,0.036040759654008866,0.015570256910712918,-0.005409082524755423,-0.005470494839037957
Muscle,Dihydronepetalactone,0.06216181535124649,-0.05230653001330097,0.029926761192873685,-0.012948675258314972,0.01273536290599408,-0.0017668233817665635,-0.010308405279593884,-0.014789170550636494,-0.005929505990739817,7.427796401471995e-5,0.009565327137219677,0.019155959590494598,0.010192720167434886,0.004534120961623676,-0.013026274907971898,-0.0021807292694766213,-0.005388956329181758
Muscle,Dihydrothymine,-0.05318335935848242,-0.04783715437049691,-0.016027318875171826,-0.012657451181270115,-0.019908853989602265,0.046471426423940525,-0.02211802851376251,0.009268631951518244,0.003923985695905842,0.01624509955403475,0.022165069001373827,-0.0013917160827992912,0.044703287937821606,0.0037017042324202437,0.03632884727246183,-0.02519147776664078,-0.024067657707966032
Muscle,Dihydrouracil,-0.03776341793873472,0.001601429978314972,-0.033733165662261144,-0.03988441408714224,-0.026802803104231568,0.004014824763501162,3.6951142091613484e-4,-4.023350305332578e-4,-0.05867400705811551,0.02241087006759241,-0.004102030911416334,-0.01893064453329306,-0.06495900936267818,0.08149230349770015,0.04423331830790036,0.007363537254784883,0.02634320450755995
Muscle,Dihydroxyacetone phosphate,-0.006400103362487373,0.03133974582090844,0.03281916747286404,-0.04856524982082365,0.01960121916986621,0.009281755698199962,0.09174138434247328,0.001742931446674078,-0.01742465000294307,0.01882446933789535,0.047756501439807635,-0.012541721258800364,-0.007852008843959686,-0.03144903370833032,0.015453101248853627,0.011710955274858357,0.02888332349317445
Muscle,Dimethyl fumarate,-0.039364914710105066,0.009459355781897244,-0.04572899541863628,0.04151082326840383,0.04139150721716167,-0.0071531181751070165,0.05587519246541227,0.0031414573845923934,-0.025277553789377995,0.013579370716618404,0.012957742692112207,0.001972934705740286,-0.017423714328262625,-0.024909311978428425,0.027667435241701097,-0.05789105498381461,0.06397526383193723
Muscle,Dimethyl trisulfide,0.042123648617767816,0.0021792429635756746,0.034425903775313293,-0.03210683659507556,-0.006758817398770659,-0.04056630153756292,0.048002582678877644,0.03572568494240815,-0.04728569953389775,0.02688563441086378,0.030967040054535058,-0.01982194771724062,-0.01672387076275369,0.04504063833446564,-0.00641359991214185,0.05491377117513027,-0.0015418463864521614
Muscle,Dioleoylphosphatidylserine,0.04521291640765294,-0.008419461298740981,-0.04867266985412328,0.042093879120306946,-0.021219434391964033,-0.012842392283040327,0.01684309736743023,-0.04095855635598638,0.01814995329459208,-0.045058694043655326,-0.03289408684567316,0.030308269230166787,-0.027490765737812894,0.003566775206713491,0.018383823197777868,0.02383332836372401,-0.03306944358674744
Muscle,Diphenylamine,0.054618259052717354,-0.05932797906926689,0.036058446946319926,0.004699580350905243,-0.0049156730385028526,0.02404031859743873,-0.004630702999261235,-0.006832655895099652,0.015706998765177383,0.005335005785705729,0.0036603928074183303,8.773243573544158e-4,-0.0037926146411777543,0.005425056423384948,0.0026650809959615556,0.00596366763449444,-0.007623447483439881
Muscle,Dithionous acid,0.04717350879117366,0.012590122632123439,0.006734172426770698,-0.03662350901854362,0.0021462341110935717,0.06329094129254462,-0.0551482658362234,0.00683668815822041,-0.03429933720043513,0.03686625829570962,-0.007303552014526475,0.02712136521630662,-0.027378216717571777,-0.032004462931836015,0.00923956763110937,-0.01577649297439859,-0.004950717735190506
Muscle,Dityrosine,0.030651257472946274,-0.07860669465468151,0.01941225049629202,-0.019609959489333802,-0.0019869977029386837,-0.003861408977744115,-0.003959856239408897,0.016440262228653812,-0.022549683219510376,0.014773652270880476,0.0014600143484446164,-0.013061476399054256,0.03072096241807121,-0.016252810658921247,0.004263792761039341,-0.028157074206830963,-0.0036586790560700824
Muscle,"Docosa-4,7,10,13,16-pentaenoyl carnitine",-0.02968179919867336,-0.048154515210935646,-0.03586492373877467,-0.024212242294972906,0.012956625033620184,-0.0380143931731372,-0.031643394084019644,0.0036445835429870675,0.02845724929450655,0.03436414302206087,-0.016100594213518827,-0.03530608270484518,0.06067354675006413,-0.00562021291172465,-0.029455988391249043,0.044321263075466716,-0.013163943960025591
Muscle,Docosadienoate (22:2n6),0.05248389633580909,-0.023420798428379696,0.007946536958918235,-0.03461558440636347,0.009709952892153158,-0.01602404112038577,0.032383379439082864,0.05150893869441851,-0.0027468705744981797,0.058913668899628804,0.009423187582013413,-0.037935061204068504,0.006751718518244058,0.018256842100489383,-0.04972985673197533,0.03542151211150595,-0.02013978704569591
Muscle,Docosahexaenoic acid,0.021827116611326167,-0.041581155835443584,0.0033695462506464833,-0.018276656115029925,0.0648065840170103,-0.02069631989602386,0.013647676729968666,0.05822424359833675,-0.01652405204184533,0.05041981273949666,-0.03485044323821642,-0.01062657171247562,-0.025777877248155053,0.011541464812073354,0.010253168339941091,-0.0472074473090074,0.015480341542257494
Muscle,Docosanamide,0.018914149051843993,0.017005196608270785,-0.024271262756584623,0.05907319421772417,0.05224732867742972,8.05585127874441e-4,0.015992475128673037,0.08533456690123016,-0.021279316133226457,-0.0084700542558343,-0.007715149124314237,-0.02957684464519013,-0.0016826960314448448,0.008663674306757128,-0.005026005167409964,-7.704276866024231e-5,-0.023229958563889763
Muscle,Docosatrienoic acid,0.05150816911308625,-0.016541770135395654,0.047268709493040045,0.022379011473110444,0.030975117913416172,-0.006997108159088372,-0.016409420393932662,0.03934962705855677,-0.005478359311430911,0.018985354514959748,-0.016266904479354014,-0.04950974153264986,-0.006002730273306936,-0.03706572503928896,0.028509983092186632,-0.03389820177631306,-0.003033970278342633
Muscle,Dodecamethylcyclohexasiloxane,-0.03334885153219028,-0.009526230568897884,0.005346877868794014,-0.012488484083265894,-0.04544031777985948,0.003697414446370487,0.07718620682516103,3.163206567347135e-4,-0.014423826118008664,-0.021795950328583842,-0.003269897592241616,0.005635006865840539,-0.1006038923726553,0.01821450102134674,0.04521844492302526,-0.028416534595722003,-0.023919115201562778
Muscle,Dodecanoic acid,-0.0628296856644185,0.024097932875535164,0.029405768962479782,0.016928409818131603,0.027725541945126678,-0.033186967148851075,0.0018737938816514137,8.928950367892938e-4,-0.0021631377572455266,0.025609773916655997,-0.046297150240578275,0.015253234056271915,-0.004723416466649577,0.02489270520681507,-0.037220393930525585,0.003870019194999323,-0.003132109106327118
Muscle,Dodecanoylcarnitine,-0.03351874647654307,0.0016510925093575397,0.050466773785318095,-0.010732343206331872,0.04473047620986669,-0.03415449121190007,0.02923277340812848,-0.02886229008397432,0.014073963174366358,-0.005245047435616553,0.0046316788336359495,0.07300951342631568,-0.01208368898631848,0.005217432300943101,-0.05904476198510995,-0.025284022306162397,-0.013247589003194268
Muscle,Dracunculin,0.04259645535368539,-0.07416902413877674,0.02302041447553339,-0.013283346349048252,-0.004410182208862389,-0.005033643883852627,-0.007701850990848128,-0.007813069332121806,-0.007980192737894614,-0.004363540287878725,0.013806026649211005,-0.006378615668768858,0.01996920211142186,0.020824148396938285,0.017107631394970207,-0.017810049012138267,0.006745025269312939
Muscle,Eglumetad,-0.03374783606507056,-0.024175637195880676,0.055566025677703426,0.05992605105504658,-0.023398181131810785,-9.843315841932864e-4,0.008732969163415967,-0.0012521683566849404,0.008497009932180027,0.02720657593087064,0.012493962138026069,-0.04473685914688733,0.013020717747037686,0.005618112647908751,0.024989970130247407,0.02267132796266839,-0.0014226571998186192
Muscle,Eicosadienoic acid,0.003743090459712364,-0.044622617328089594,0.037024264601532436,-0.036497925096275925,0.00301129426022868,-0.03489233512637919,-0.021527426165913834,-0.0030380557390703926,-0.020043601276740274,0.00829203612743385,-0.06839032845610733,-0.02214946624567497,0.0710548077739632,-0.0517329638137255,-0.014031340722430658,-0.026220086671619923,-0.028182179056375465
Muscle,Eicosapentaenoic acid,-0.014159281661941145,-0.019265134964420953,0.008500678634742501,-0.026286127605540534,0.0675171243447648,-0.0190196472577948,0.05509919182095182,0.031166109398815738,-0.017071914175887614,0.07304019010006321,-0.017086454003192697,0.039169647616654965,-0.017792347017564755,-0.03486191966919094,-0.022691051117108216,0.0027209787418816583,0.04531749968479387
Muscle,Elaidic acid,-0.03170888074750342,-0.01945367384142782,0.011523726405828497,0.01082915681498819,0.04270744669743103,-0.061860935782579236,0.004193337902094234,-0.005992829238886534,0.040200961027039045,0.07595360257656789,-0.05106446833425982,-0.009617928029662885,-0.010679873725513458,4.544403840636058e-4,-0.046813374371643235,-0.009340265935657689,0.010511622931581465
Muscle,Encelin,0.03230542356910595,0.004078836675526606,0.03781891770230015,-0.072346485933802,0.028398218104995515,-0.0012199428084041482,-0.0050207304570399685,0.00814761431109857,0.02917240242156063,-0.01552608949485089,-0.05438816762952352,-0.03256505241606375,-0.01856595247447738,0.0371586695655679,-0.004797510154291574,-0.003566659776433829,0.08598835538655153
Muscle,Enterodiol,-0.044531364976108455,0.04642929818601938,0.0033829116830426022,-0.04763119387443561,0.020118452119551444,-0.0075632147449133475,-0.008690888566464704,0.03040959929578899,0.03186343935223448,-0.019270504878431648,-0.06562734448456492,-0.015666087420931476,0.0018706774933141372,-0.0036907381560856646,-0.016105466140811594,0.002694960312981818,-0.16292267623376397
Muscle,Epinephrine,-0.03435097439814378,0.0069455854271258085,0.014756397619830747,-0.03628796330577605,-0.00821896016572878,-0.027964415147045382,-0.014110171442327898,0.008723501003546675,0.060148059925281584,0.04642121468190441,0.07125528599190319,-0.08020092042091018,-0.016517153861296794,-0.014482462617726613,-0.015191678264555109,0.003336262065870087,0.020304689392009197
Muscle,Eplerenone,-0.011291489616982458,-0.02531150548349745,0.03366364158136065,0.03096416540057834,-0.036435793859038446,-0.04529307439513117,0.01311845969736397,-6.016815643321342e-4,-0.021316308973573055,0.010300779847048002,-0.006385475826978888,-0.07108206287336571,0.08595686113869541,-0.05938181183391372,0.010549493442916166,-8.229302033580012e-5,0.02053842277595002
Muscle,Equol,0.024107887152511005,0.022309071612481437,0.04021626842125276,-0.06555953838532509,-0.017044793993679412,-0.0032700144924289825,-0.026308278684219238,0.02284341126117099,-0.05457125430811514,-0.013318501334597532,0.05414993993461208,-0.024418617940639195,-0.029097241704800707,0.00486474175152833,-0.0032339464771898962,-0.006197902178972834,-0.022624684650930458
Muscle,Erythronic acid,0.021847886220698626,-0.03474886668493332,-0.0578033782048494,0.0018735626879052788,0.013915951102308758,0.01948024833947801,-0.07183724474531496,-0.020325865412654805,0.015973637833092184,-0.008390078803411367,0.01781827412702509,-0.04393085145143521,-0.015617342806023202,-0.04185696744577151,0.020564721187214394,0.009422997758250269,-0.05491852355152044
Muscle,Estrane,0.028843709996569586,0.019204167698613984,-0.05551265391238163,0.033758348943184184,-0.047356516330124006,-0.01858268363959115,0.015197055133249995,-0.004837840646178269,0.026731638678369824,-0.014948460409257725,-0.030716593597592504,0.057353193468312975,0.017909541747511224,-0.013920967868656249,0.018205706966541856,0.04444615671904099,0.0030543891722986777
Muscle,Ethosuximide,-0.04665661271138227,-0.014563936657900517,-0.05859021411678952,-0.006708922972666806,-0.022409572336922923,0.026994053473380422,-0.010445748699372056,-0.047058404472510446,-0.0013950117206392612,-0.0066150325128502665,-0.003387787525980578,-0.016808161049867255,0.05362657344364823,-6.495140125426662e-4,0.044042754555227055,0.013243232841975865,0.06511701572322968
Muscle,Ethyl Sorbate,0.01530321156440599,0.008950036765280544,-0.04361381857498774,0.023980011930193338,-0.05488480819882803,0.03570580623918524,0.051641898982637595,-0.006838143457129688,0.05053830236170157,-0.007302412086609164,-0.029420812923067523,0.04666233848632476,0.03878050402391737,-0.02491343382288921,-0.02446919009658456,-0.02121396789103131,-0.0034335124405074223
Muscle,Ethyl glucuronide,-0.009994202365654443,0.05896384692662559,-0.020797729804275685,-0.04841734445359399,0.015732756575922338,0.004250163044513168,0.051884305890243905,0.001424144448003242,-0.016467021480479772,-0.005012405776945894,0.045669620218590966,-0.009210040862214696,0.011283119575276642,-0.04397286773796304,0.05537831488637445,-4.1755257745409253e-4,0.04031354806933302
Muscle,Ethylene brassylate,-0.01651701043758046,-0.044149808773894454,0.07094302089911161,0.028999958516907877,-0.014642877076212675,-0.004643170590105881,-0.014188160932860908,-0.013685848237677645,-0.0037730097508859,-0.022879842296699135,-0.015324751197006608,-0.038405937168226316,-0.03453158085707441,-0.015954301311169414,-0.012816798154184659,0.009125900605358147,-0.0014075885428918155
Muscle,Evocarpine,-0.029529271303911954,-0.043962717417221554,-0.01672221687983963,0.022200160217251245,-0.03208995871766249,-0.050041653649949606,0.0038461085862992314,-0.01808776323308635,0.02329441208294787,-0.04548521721229644,-0.03914671475523929,-0.004471143003290443,-0.06434553681666813,-0.02413994380612104,0.054463857719213395,0.004031168622064466,0.013921573477800273
Muscle,FAD,-0.018384167184957327,-0.048765650529023104,0.025427737566726286,0.04027750470562593,0.041996916105003196,0.009518149020952106,0.049311649790352276,0.0038628176163548454,-0.04970445941773181,0.027880424526355568,0.03189051067895643,0.005302381058899058,3.186033725786842e-4,-0.01052794848616054,0.05298697241243416,-0.0030991809595267523,-0.017236771249539942
Muscle,FAPy-adenine,-0.013029934218397548,0.02127005746808014,-0.05301630550975795,0.014814537701121542,0.0074496919650496735,0.00899827813229663,-0.08881626878321464,-0.04212514380993447,-0.048356007522328846,-0.01139416940002352,0.0037193069295786614,-0.0045405183896860485,0.011847195627092244,-0.014930497012800149,0.016353597830017393,0.043148773703090025,0.014247383039574056
Muscle,Ferulic acid 4-O-sulfate,-0.027842612083109786,-0.007275427512476522,0.06930126170569573,0.0606666231611306,-0.011208501522633078,0.019752008201744893,0.004236652537119236,2.487945596598843e-4,0.010534229173760458,-0.01570673189840644,0.00244197427455297,-0.014674998685935716,-0.004149995143314505,0.03852067569445126,0.019495968318525025,-0.010141814030873858,-2.0313151016680589e-4
Muscle,Flecainide,0.012696178657238967,0.021784483048878624,-0.0139289122634066,-0.043174454322467117,0.003244803549856812,0.021846401357198775,0.0493167132202827,-0.07536851501763701,-0.04868505641445085,-0.036726291559831176,0.02670493381186098,-0.06972653158482713,0.0013195251962432205,-0.025408425371676056,-0.023374710641603194,0.013102253770414126,0.01933465824484308
Muscle,Floribundoside,-0.0053508749216370066,0.04574569964776204,-0.007696308531719831,-0.0569097217081524,-0.008149742537653302,0.027390094535763115,0.06321976176987523,-0.004101473643406258,-0.034988546407248675,-0.005414274732675192,0.024465969035138785,-0.05342702161293015,-0.0100697050057786,0.0093804926346182,0.05056554369491707,0.03485040011824428,0.0031646330220282937
Muscle,Foeniculoside VIII,-0.007040788602086131,0.014705730139631947,-0.0026501233790492632,-0.0045501589591246915,-0.06313610513942014,0.03234394761712928,0.07760008296299342,0.03235192969135051,0.004136720918059221,-0.011317075204581058,-0.023679757849329096,-0.016635311818189953,0.008004412112822268,0.055911852554895565,-0.08349356395388992,0.012122853962392653,0.004614436188822478
Muscle,"Fructose 1,6-bisphosphate",-0.005596977486482089,0.04150170775269027,0.04001044345380612,-0.03311623832583649,-0.0017264702768025849,0.0017608602631722602,0.08222510136760298,0.011053459238316375,-0.007362930975805344,0.014427847974342085,0.06332267714995646,-0.013054277982961254,-0.01109493977294035,-0.03756101349082903,0.028357486078108455,0.008579741501976143,0.003984877578680264
Muscle,Fructose 6-phosphate,-0.0011667818431073695,0.04361288110195387,0.03706134732539765,-0.038695511907451706,-0.006451880476774439,-0.002346798523703711,0.08193158641902666,-0.0030563809439962536,-0.0071195288266170725,0.03340590848344344,0.05092035499842701,-0.03194006736956017,-0.0069171821157795205,-0.03133840162837433,0.005472779518256838,0.004435816567409579,-0.009854723694823922
Muscle,Fuberidazole,0.023894366296517526,-0.012341932285006511,-0.016704313016058236,0.03835197495239601,-0.09043619781199866,-0.020182186464513446,0.008128248214822645,0.022857859465067448,-0.015997913536854726,-0.015289930287291916,0.010218174578392275,0.04301026533722409,0.019220717095596983,0.020491779430281205,0.008095912651157259,-0.008022436800402983,0.011081087053789426
Muscle,Furan,-0.014891665681712452,0.025027807500098306,-0.009120080796151632,-0.036096616980090514,3.0124658152104765e-4,-0.026629708131645446,0.011044118498774715,-0.06882432724002173,-0.03876757689751061,-0.0808398545476541,0.0203380206809177,-0.04932010704620625,-0.00463852020475761,0.012458086799695057,-0.047729505856862676,0.06355113543343478,-0.01164638620870773
Muscle,Furazolidone,-0.003416342337724093,0.039027418194217185,0.021093254495437586,-0.047730691883667485,0.027496294919025947,-0.010927522799991398,0.035844138392352336,0.014662200673228513,0.048131585957013896,0.0812037048926789,0.0030478498439839427,0.031946590760976376,0.016395004899791142,-0.0057145956613058385,0.059869207518636315,-3.2014514400044024e-4,0.012438962897535702
Muscle,Furfural,0.024154040129315508,0.026941607411265934,-0.04359535391562182,-0.035615192652985336,-0.019363889677363175,0.01483117501064835,0.029693991796464786,0.04550636184531734,0.012339506406938192,-0.03695731160574707,0.05023971515025863,-0.0595278450754087,0.005552476146505274,0.019211128120408916,-0.043883596542940155,0.05178499456977453,0.02500708428232756
Muscle,Furfuranol,0.0052436524153869225,0.024196036209289232,0.01166583675288923,-0.05558319879663024,-0.03539734753119802,-0.014875447287461502,0.07671484211381734,0.00362630927627537,-0.029637812454609277,0.005136634898481762,0.04899804576525155,-0.06141109090369679,-0.026710159276723232,-0.02142852291138415,-0.0028012170699178757,0.013732020854626522,-0.004102073565914482
Muscle,Furmecyclox,0.04174789397966768,-0.015093692384206249,-0.006279817873106347,0.05814828801224588,-0.013453760380114461,-0.010528750763225481,0.01323928072724964,0.009451344409488862,0.03859820021291888,0.08034280533274686,-0.029997311443449984,-0.006411703129375068,0.026244147453226993,-0.03974919803897736,0.00598996733730789,-0.04203460018947433,0.03594101319927364
Muscle,Gabapentin,-0.008088858544844119,-0.014285178572408321,0.04202512595462105,0.03135669210373318,-0.0025923715989293297,-0.01688992262495615,-0.03451812994475758,0.01573373775675103,-0.001992056342190864,-0.013591048507354004,0.03847618778470285,-0.02611321471710789,0.01193206396182555,0.0908001320676507,0.01547805383585065,0.12903851002291478,-0.01629642289321637
Muscle,Galactitol,-0.01571131276469314,0.05599675859897097,-0.012256346936616747,-0.016684323096511137,0.024120125004006333,0.047945800008423446,-0.008431670820910429,0.05490333991947009,-0.05893905299939881,-0.013674835467912158,-0.022626971410090947,0.005162981597375154,0.005452817368185116,-0.003031739536601016,0.02486580007232985,0.06197240561607353,0.032745453833166016
Muscle,Geranyl acetoacetate,-0.02556657358571275,0.014708444026408966,0.025605130605729234,-0.012918030113917622,0.01612537001259284,-0.0741645106309306,-0.004962860250674627,-0.02217392411505232,-0.010953392786812418,-0.028716754538519622,0.009626760407534204,0.05038042458845963,0.0075609968791220455,0.10114941972483656,-0.04686168346434643,0.013962952169899451,0.034964447720749005
Muscle,Glucose 1-phosphate,0.0033195193374766594,0.04682884215303904,0.02827889345007388,-0.04214264087164954,-0.017141207871593334,-0.002488249289218303,0.06435689754678524,-0.0078031175691499425,-0.012392106169585047,0.019884345130559672,0.045060525762394756,-0.07595811454860808,-0.02316782049468664,-9.910125332790378e-4,-0.009604392281952789,0.010153858236330695,-0.003430655371062022
Muscle,Glutaconic acid,-0.002915705434382356,-0.02423309319325062,-0.03138623780633742,-0.029463275956117575,-0.04238363633659381,-0.009744512994474,0.008697284487414655,-0.02001679838987765,-0.005444923495827655,0.03231488910312349,0.0885770908619613,0.019948096460067066,0.0047167739326682305,-0.07786273433612596,-0.05273481406024552,0.05204377158289259,0.032423944939422925
Muscle,Glutamylproline,-0.03650680000858062,-0.03798577688678942,0.0342768839030797,0.04439133957988353,-0.04732094329736487,0.027869647109364907,0.026710259922370114,0.012921508636425775,-0.008356504498084442,0.039627948122904204,0.01122467790500333,-0.009644485842637402,9.108208952067461e-4,0.042407776037201084,-0.0012753452935163655,0.021078407426624104,0.060665701582696366
Muscle,Glutarimide,-0.05446668334498039,-0.044237496323110775,-0.03211174801789126,-0.0017539711167804857,0.03378366510899927,0.04338936919878324,-0.01704857479810343,-0.0023163466443346424,-0.01812287832228912,0.0038704787210870365,0.006441343440247991,0.0043584157192483744,-0.0014518184648078766,-0.037149059652165556,0.007551073247780183,-0.0011617865753107328,-0.011406615849665925
Muscle,Glutarylcarnitine,-0.042825235200461415,-0.022257327066886337,0.0408375570237304,0.048000322915778194,-0.036019497758519536,0.018339095837556545,0.018355225305893584,-0.019057711579032476,-0.002998678573067029,-0.019784409240155322,-0.02186074692781871,0.0032187697749861285,0.033537010784632025,0.04923039977930854,0.013362552917532303,-0.05606754723615541,-0.008384301931057976
Muscle,Glutarylglycine,-0.015774342087685703,0.04180857750459624,0.06180603563903379,0.012107556447563922,0.004614175156651089,0.006452930803274811,-0.015345987332575271,1.7111630182915183e-4,-0.020122822096740812,-0.04026654961829395,-0.04615887885586781,-0.014101525283427323,0.0671062409244673,-0.007969704822381199,0.033389110276012095,-0.04216369428881648,0.014570642358778441
Muscle,Glutathione,-0.02219884453949986,0.020594634741382758,0.036841737170657043,-0.02057073514822421,0.02032085188664223,0.018248692625340342,0.07337002156903269,0.007083817935473977,0.010413483340770009,0.03173332426514823,0.022384379399693045,0.09317766538597186,0.005589300748446011,-0.04104965816694804,0.02081758497251432,-0.007148747753759358,-9.659964269803389e-5
Muscle,Gly-Leu,-0.016525536140655418,-0.037448526045747596,0.041768793171250825,0.05668599701969537,-0.029728390845076363,0.007673488918632798,-0.061107068336783595,-0.01248732190670508,-0.046604020120289934,-0.0036125703553778377,0.006242586780234357,-0.014040546833771098,-0.021044895859806474,-0.01069248800337573,-0.006147745353160684,0.0021674444337488542,0.0018572851053826431
Muscle,Glyceric acid,-0.06640928567883354,-0.015370134963370837,0.02126163229899549,0.002930567955706822,0.022910048858078815,-0.004691383727754871,-0.0033937870375248423,0.0196190640354868,0.03520299295007921,-0.03144145949534249,0.0010537864812500339,-0.006126030745871376,-0.05125790424671929,-0.009684859692577862,0.014004546086891318,-0.06878903919176205,-0.010680514286278583
Muscle,Glycerol,-0.05441451747573833,0.03433764537269281,-0.018167508174325147,0.017717637782037134,0.05234808452965722,0.008633402848462302,0.012113118248814747,-0.014704514988529416,0.03185955830865545,0.038757749983891365,-0.01424144051516661,0.01629233787038444,-0.03589758818274536,-0.02705814199105194,-0.007081836948528089,-0.01861705153019272,0.02850569439227521
Muscle,Glycerol 3-phosphate,-0.0139691923814086,0.02941971120071484,0.07506582569793557,0.03687769054693699,-0.026608442786100382,-0.0030422312905693323,0.005850976122099585,-0.017160868721992427,-0.005873940975225828,0.01610015065697394,0.04958749313857226,-0.01974530833417367,-0.01385899281635022,-0.012745230049096612,-0.0011226028304543714,0.003565775103553991,-0.033890526896881816
Muscle,Glycerophosphocholine,-0.003230193296533218,0.02372996446229413,0.07529282115093133,0.055273747996117645,-0.006111257940225535,0.024920383946889797,-0.00836229187630385,0.00704167125605264,0.008283266424565202,0.02787484500134411,0.0039029842489144155,-0.020390556254552886,-0.004552897720232257,0.008400737254818732,0.012795741485902738,0.026670417655528012,-0.00334105898401095
Muscle,Glycerophosphoinositol,-0.003234534524841561,0.011549563080671493,0.01028640230161763,0.07889923667938038,0.0243117603484986,0.066190904827765,-0.018499697187095605,-0.011438196224857167,-0.04915027239008314,0.00881786786475865,-0.0181683790042162,-0.019866266566634885,0.02281767486920248,-0.0010320550630761058,0.016610508591799106,-0.019342213791561095,-0.01804289121108581
Muscle,Glycerylphosphorylethanolamine,0.012663854167436647,-0.026870823732042887,0.08274393831788422,0.022415829392090397,0.011387690681034662,0.020408400590862578,0.0224348578588507,0.007728335043322199,0.01198552103632129,0.028655370899584615,0.021574091550860347,0.024422781039076923,0.012826220108435059,-0.01716834273161375,0.009322830078526197,0.016208419943500616,0.008699908837516621
Muscle,Glycidyl Stearate,0.03321338153103166,-0.01814934691036051,0.03116036609202965,0.053569458423199684,-0.052139680225793815,-0.0312924798488432,0.011223613917513696,-0.013736268804786596,0.027511439858294896,-0.024549753658992618,0.0013963186665057236,-0.04601646054315768,-0.013053219597078959,-0.0196614035407371,0.045187122094077506,-0.03779032715631308,0.031156420658637544
Muscle,Glycine,-0.012271871831857252,-0.0647426007121167,0.05920779540433787,0.0017935591370445655,-0.015283675920312302,-0.001498002712123718,-0.024677941637673707,0.030768484316136366,-0.021412042593134346,-0.00261722651971212,-0.007005576648333962,-0.004997331272725799,-0.008266100585275795,0.017836393796043733,-0.023627111872686346,-0.022265563929764812,0.041383247007673075
Muscle,Glycodiazine,0.027681761982952198,0.01627263286250249,0.0709228118498282,0.020445612196477,-0.0018063610323397013,0.01290695803184322,-0.047003679321031014,0.030214542717536975,0.009048444093492519,-0.033262147197562666,0.04498017991316827,0.015555570986032682,-3.427074622676673e-4,0.01995476179085483,0.016305796966785996,0.03069075752508606,0.01703331355507493
Muscle,Glycogen,0.023409694645975736,0.032615778795903765,-0.017213393645649784,-0.043570873101985604,-0.033271012222324994,0.02392004026627579,0.03427048751398223,-0.0631891473082882,-0.03342790586663874,-0.0233897576386975,0.02140042268126712,-0.07346867020131381,-0.010232562708205896,-3.033389551663712e-4,0.005146472515084926,0.028031683142339735,0.0019415735169623924
Muscle,Glycylleucine,-0.019397013843100584,-0.0672963810625833,-0.014619061122780845,-0.022102398237604647,-0.031825088215915384,5.892056325675597e-4,-0.011993476649940396,0.02303279959136654,-0.06868811357896362,0.03890153970253451,0.0048431170015871645,-0.001930217947321273,0.011029018602042114,0.015776623150507978,0.012884413844401695,0.005751317332112738,0.01668334351180492
Muscle,Goshuyic acid,-0.023898483567480224,0.0032765300232377795,-0.011724660531575547,-0.002782329350109943,0.024137263220140107,-0.008481200631440387,0.044506667196392145,-0.05532456613093884,0.008400647097913501,0.02861664721652514,0.03922261794842626,0.07405165957490342,-0.009927889087125776,-0.03216401577460661,0.10053791495283358,0.07370931786908627,-0.0018610240683675963
Muscle,Guanidinoethyl Sulfonate,-0.006018718287610557,0.002348831905488572,-0.032807389721214636,0.005837737674621055,-0.0653189924429598,0.009694897019786713,0.038818463357004306,-0.05378987966025395,-0.012162613611941426,0.02454143021932475,0.0014138952255650348,-0.005353621453107579,0.07667796226983804,-0.07638255692559386,0.013528954686116593,-0.029964804968415946,-0.015460395036677108
Muscle,Guanosine diphosphate mannose,0.037254547779660224,0.0603814012199542,0.013162959670978072,-0.022475896574763777,-0.04735554322975039,7.487939106455185e-4,0.02869781657394107,0.0015043034735567529,0.014305612847209518,-0.00910446650845658,0.012086636791114588,-0.05702324681741773,-0.005879507162638438,-0.01142142391978571,0.002108540334272296,-0.012210045100639924,-0.008597921649177881
Muscle,Guanosine monophosphate,-0.029404185785050798,0.02299562958311061,-0.05456549593624808,0.03468808981780977,-0.02117703422689793,0.049199388005012314,-0.05767746580893161,0.00989728291860227,0.005643468734366447,-0.025892869092203268,-0.022302887214472683,-0.02900981630774417,0.008621228201486194,-0.011812470369818997,0.009902539041609367,-0.0013186912086506483,0.0031443738655149056
Muscle,Guanosine triphosphate,-0.01187163298540358,0.011411493799919101,0.019075806749663082,-0.03504377118381277,0.02923949552853768,0.005326215908229922,0.08711410975724007,0.019289447464663042,-0.004400775073532106,0.03302213396438771,0.05479540239954121,0.05140562278104226,0.016330452778193318,-0.06271419323982633,0.04190305206071537,-0.012507698445859345,0.005834312733231231
Muscle,Guvacine,-0.044022726351150086,-0.04214342784082344,-0.04363568728972215,-0.01165204359227687,-0.028032019752167705,0.033644080087666964,-0.01732689674913378,-0.008956175089971454,-0.0539913679206158,0.033996564201407356,0.0078076185846688755,-0.005605518413823225,0.019379060201003922,-0.0030641742828720333,0.0019607892245395004,0.013893235171146517,0.0027089478045655706
Muscle,Heptadecanoic acid,0.014650623825640582,-0.0151665616495692,0.055139735563313814,-0.058594477440246547,0.025273040565650655,-0.025589959137437838,0.010271363677895927,0.011647695727874868,0.042366447219318835,-0.015961634567150367,-0.041299450422765296,-0.05251082446838185,0.005270698759205078,0.024218730543850483,-0.022630825602146,0.008147231654767745,-0.06689388061723532
Muscle,Heptadecanoyl carnitine,0.015503359035358913,0.020067753707782472,-0.008230574630907801,0.04580682945339901,0.06814769749831018,0.032778583251141725,0.02226420910098722,0.0612544887566058,-0.04239065944397921,-0.013932743913695925,-0.007788002393653634,-0.019743333900902552,0.007032234914545666,0.03888377529113501,-0.017346832913253736,-0.027157572948909508,-0.017977910317687675
Muscle,Heptanoylcarnitine,-0.025398010473663156,-0.00632644516430201,0.008859698132959955,0.01508272241148078,-0.027971586132171235,-0.047129382513983055,0.020916508957312806,-0.028939035073244215,0.03597695452521726,-0.08006560145687192,-0.0387493274055647,0.006645181186215083,0.046222727483462976,0.0728278454402629,0.0621937404768462,-0.01477961841886583,0.010273631057029605
Muscle,Hexacosanoic acid,0.07032417969748728,-0.03538432445973975,0.027293444793287738,-0.017952568789126728,0.015116373000273577,-0.00979179183135904,0.005360626532521138,0.018949426988804145,-0.012045823058523409,0.005057027992091061,0.010321105694092197,-0.012380008666160241,-0.009483790916845017,0.01868251532071238,0.005099641093280018,0.01911192866728684,-0.0020043901132752078
Muscle,Hexaethylene glycol,-0.03249173862132764,-0.004912395249985196,0.02891662742610645,-0.007390052522138373,0.023597974785923802,0.016798188130610077,0.05332410016104645,-0.020936876036056762,-0.038644998396648325,-0.023533001887774976,0.016566181753750193,-0.0353256425781627,0.01233255984809122,0.1109811112574505,-0.04301714332368025,-0.05337953658190385,-0.018581220637361624
Muscle,Hexahydropyridine,-0.058654686055466976,-0.03475428337082629,-0.018374301885453356,0.019262211704346614,0.03245309667430205,0.008545103026371598,0.024273629689048046,-0.022454166767517887,0.004211952505411751,0.011316371748839045,-0.017608905818207864,-0.002975864326375291,-0.04761680370599842,-0.02743451176889486,-0.054694704377175024,0.03622912471530641,0.02095315999583707
Muscle,Hexamethylenetetramine,-0.03393813533721414,-0.03185601322279401,-0.03211883936449803,-0.01197326845132754,0.002144916398867802,0.07181616027160714,0.005181022761510554,-0.03720018485144301,0.007866387407180708,0.04212201871980271,0.012659308871035767,0.036556850314086585,0.006787852067191139,0.03306165500058369,-0.04097975041334314,0.05429132877266297,-0.029230247788044353
Muscle,Hexanethiol,-0.027767766438075315,-0.036048920223611385,-0.03126114421496964,-0.018743307374836742,0.013262348215373561,-3.1520945315981056e-4,-0.035168840133287804,0.00940853716609153,0.06340863569654942,-0.024924635567524056,0.028032383192202522,-0.023699380962666567,-0.009050080334136932,-0.028529470404054624,-0.08297771716051698,0.08081780538667681,-0.0074500462331025296
Muscle,Hexanoylglycine,-0.032284693008272726,-0.007424838209307152,0.0707867690417694,0.05605987643186479,-0.018996142363106216,0.015339454996262075,0.005116852686167682,-0.004952014233263043,0.008528484448060735,-0.010073628118165166,0.0015386007675354282,-0.019167078864990597,-0.013905797940935853,0.027388531926702014,0.005797668878022123,0.0032385207782082387,-0.014257260018612165
Muscle,Hexazinone,0.03971205810726433,0.03773353308524336,-0.012141702859405468,0.0659664682685238,-0.017732389583573763,-0.022492384763243296,0.027931812630143382,0.05330917280784466,0.015110049483293647,0.015735860944503598,-0.0046284473196099565,0.008593732987857622,0.024084966281072668,2.242283608254656e-4,-0.01998625486702177,-0.008520922713296847,-0.005186302126048044
Muscle,Hippuric acid,0.03723672081016272,0.06832856681564764,-0.026495632392050893,0.015966640224610373,-0.01928433658869206,0.036992163887869266,0.02178579382823585,0.004449341776270999,-0.0010371721762840395,-0.006813938987842311,-0.011307595411074426,-0.032976438361078754,0.01829646143785211,0.001297557807310569,-0.00725668251958505,0.002893094025380191,-0.010827947743795646
Muscle,Homo-L-arginine,0.0015431824181659493,0.002996943126960317,-0.049121903711943714,0.004046383820764883,-0.08428037179876674,0.023887231889032537,0.010471102397075324,-0.03580559477105846,-0.02265286316828966,0.037631159576482484,-0.01355388505185326,0.02348676181008866,0.02885466039349398,-0.009866020441115281,0.011811523638886413,0.016172206481492837,-0.04744248105001607
Muscle,Homoanserine,0.06779966374731103,-0.04594890173306126,0.023379699682361855,-0.023908848161279046,-3.1425254933248147e-4,0.01916303662955021,5.593319137306338e-4,-0.0043706147882669735,0.002409858258986322,-0.0026201592309720873,-0.0011462339732521587,0.0025019959013922637,-0.002270267978688658,0.00736780751052976,0.0022104178784031927,-0.001169673932068347,0.0013350397128570853
Muscle,Homocitrulline,-0.0027672688709860023,-0.013977510511833605,-0.014556880935078903,0.018839908246281456,-0.05683388026373292,0.04682525607837036,0.01990382843041961,-0.028072076389377715,-0.012364044746674484,0.06868326787294554,0.0027381232364441415,0.06082843209667909,-0.041042246137570945,0.0658995621154171,-0.036982266206638546,0.026554078871379946,-0.01423027788685949
Muscle,Homocysteinesulfinic acid,-0.041292763557748406,0.024810806227791006,0.06438225700847015,0.01950639403440752,0.002311496762101514,0.02526855153760479,-4.570991380665879e-4,0.005067117039843338,-5.893839226430518e-4,-0.05973059936916873,-0.031470135439494916,0.0075695226343494675,0.005425582441293556,-0.012097312967793374,-0.02389883400749794,0.025213254879869605,-0.007320340169843526
Muscle,Hypotaurine,0.04936964463172993,-0.06862057937492734,0.025991716017747375,-0.01694718462767604,-8.000469437939818e-4,-0.0031067540527063065,-0.0021793412285197934,-0.007486714535491186,-0.002969881677432091,-0.007473367614601622,0.009779422090613943,-0.005002192015429702,0.018516839053228252,0.02134116904174563,0.0062263375744610865,-0.013669670544761252,0.0029821225152552103
Muscle,Hypoxanthine,0.010325090198994186,0.06669635500378701,0.027568634146146267,-0.00108632957963031,-0.028741319963757513,-0.01311667775638865,-0.01671889299644649,0.021586831681041075,0.019034557354294875,0.08117519996681578,-0.02142926948234227,0.008595714333607002,-0.0030158970086478646,-0.021883067713774046,0.005495822596580069,-0.012672144055147393,7.616733631537628e-5
Muscle,Imagabalin,-0.02137599824505404,-0.010528675593901062,-0.04847264743053056,-0.023251934350004114,0.050313932759800714,0.030821967351265696,0.038341176691647036,0.030665984268713375,0.030793254084993192,0.049168277189197154,0.018697491842501107,0.055900594848048706,0.018837654612851393,0.0016584348688456815,0.010693838680981161,0.03913776187785804,0.012098559976799199
Muscle,Imidazoleacetic acid,-0.024503025814989015,-0.02232525686517718,3.3763738345882026e-4,-0.009176076918022903,0.01971515155353974,0.010033310080596557,-0.02669557644542603,0.014690177503390453,0.10043800438994593,-0.04370542573990564,0.07816740496939548,-0.011971238166973184,0.02872460371953646,0.02713592128926242,6.420088170297254e-5,0.03327156166949779,-0.0010670342302544372
Muscle,Imidazoleacetic acid ribotide,-0.01869580930704343,0.0073278717268167965,0.03397827987475456,-0.011847452228457992,0.02683754526863618,0.06611826254448205,-0.04380752284407228,-0.023005342435750795,0.041875190025763544,0.053882365626333466,-0.027363872740062415,0.07051182219380915,0.01957085562695445,-0.016405490227538348,0.004114281991558265,-0.005132667862039955,-0.009087654776460908
Muscle,Indole-3-acetylglycine,-0.017481470302183066,-0.01695801816154151,0.07238362233816825,0.05976699079865311,-0.013607671885498988,0.013482647061543486,0.009708996485833484,-0.01221816366578449,0.016094876870440804,-0.01790256439757142,-0.002530037662142021,-0.007172867232553282,-0.011399716649175513,0.03824307573705366,0.01314699374925658,-0.0014112168247582431,-0.005085883597314446
Muscle,Indole-3-carbidol,-0.05276651050600928,-0.005438782166523583,-0.032343628083554427,-0.020899044955980738,-0.02413292593555651,-0.010742045033018396,-0.04514036624358097,0.025966913132655808,0.039287376535640836,0.00978790790362329,-0.03687802095176248,-0.03141717618047512,-0.012776625807984353,-0.062180269570944906,-0.02319881020135312,-0.039861377124383875,0.018917861531128007
Muscle,Indole-3-carboxaldehyde,0.03390066432285641,0.01860173103829483,-0.02334551094273281,0.033142163070994914,-0.0805371876617525,-0.004639232862518172,-0.022820622074380348,-0.017889298584589212,-0.01068763253766715,0.043609946081085975,-0.01414419696381539,0.02485289861093826,0.007249535068366366,0.003741062275024236,0.03026810371130368,0.029289998321820124,-0.0018504277747837606
Muscle,Indole-3-methyl acetate,0.010020212757396816,0.04295089804621002,0.006937864085003482,-0.02642581253293651,-0.005596168437559975,-0.021682479578334267,-0.03284444700326056,0.0026213971408209063,0.06066219185677164,0.0634089118053521,-0.07152118156836626,0.010309648601089788,0.018594687300654774,0.05526486977328494,0.050349614792225536,0.002151179060039159,0.018192704273701624
Muscle,Indoleacetaldehyde,-0.014338284369128313,0.032151482966707313,0.026291666167496345,0.005695744074387665,-0.03396608416330625,0.04329065019836102,-0.024324841092616234,0.022999448348241722,0.008522116396890872,-0.020865070877099157,-0.04141404828293745,0.0193452001739546,-0.029466237103391413,0.12234041355904164,0.03893676563314037,-0.005964593134746984,-0.01882535584960738
Muscle,Indoleacetic acid,-0.006106148132010278,0.012513484918821406,0.025849759698142103,0.012531784646984475,-0.09056665613425736,0.002934313645129878,-0.02862724760874636,0.031569115930388233,-0.037079153109730506,0.007452080736678042,-0.03576759628976329,-0.00406865510104364,0.020363414254238377,-0.03040158531439538,0.01919335241098366,0.056179798655733956,0.015050472589554754
Muscle,Indoxyl sulfate,0.05453328580230483,-0.0527112320781247,0.048772769748857345,0.005671631339363209,-0.006240379866984793,0.008055861094372823,-0.00187518514844983,-0.011737443585506385,0.008944838642428173,-0.0021999930054798647,0.0076269500563855945,0.004629392332720491,0.003173326719779518,0.017270485935982745,-8.540952233324135e-4,-2.3553408410608575e-5,0.008083077438962182
Muscle,Inosine,-0.00196023778456795,0.05913730439887272,0.039641460575016496,0.004504349570231772,-0.02080672613731853,-0.008311525554480764,-0.005637360657542535,0.03415723665164281,0.07464271552423984,0.024845556601173484,0.03557796411114855,0.024239387783170054,0.028555314206109572,-0.0041611287887860495,0.01776532700825261,0.007959476910573818,0.06535581533422588
Muscle,Inosinic acid,0.0339276014402986,0.03612683130069786,0.012004990912781788,-0.008524387877500874,0.07366800370671214,0.034607326037860466,-0.0010640329787946806,0.0395905997170141,-0.011866206247590674,-0.04769997487710824,-0.00477503646782073,0.0038285181664277808,-0.013753951573508996,0.012763993657204823,0.011914581984355055,-0.039395271788060515,0.05495984308318107
Muscle,Isobutyric acid,-0.017387187054103366,0.03608217790286251,-0.005566560287060371,-0.053044937875115696,0.0021338354014351453,-0.023532495876026828,-0.05143838621331038,0.06543903145682314,0.052172205175749775,0.021941934301739772,0.012986943434132337,0.0035089821259250737,0.005433637457371701,0.017504162723255588,0.048705914040290135,-0.045666356902853505,0.03955472297981911
Muscle,Isobutyryl-L-carnitine,-0.017431548240918374,0.0012203055946121975,-0.03881965960213502,-0.0026520857658800362,-0.04804511186651939,-0.008946205103481335,0.02557970077276068,0.023967870526030242,0.003799408614121243,-0.02201574806539624,-0.06939988491737575,0.05873574906641138,0.08992160689627612,0.007423731747678191,0.017850219437353293,-0.04102897576976372,0.009521292399271183
Muscle,Isobutyrylglycine,-0.04302763597929523,-0.005422175187837901,0.06464738384704302,0.0494596990464966,-0.008969802153650796,0.01024493211925444,0.01636466633633912,-6.235684461066508e-4,0.017455562712632215,-0.02899594868729708,0.010861342696217954,0.0018692959801737154,-0.0019123379338643665,0.036502173771361904,0.0016478976688932554,-0.02461320147571858,-0.01019117755920734
Muscle,Isocarboxazid,-0.014044285860682383,-0.018970196379625572,0.035449521073055795,0.028131971394100137,-0.03929449118628595,-0.04589857519834472,0.01850438491914123,0.006503692967633363,-0.022940557040476046,0.01919335967765539,-0.009730114991867767,-0.07147104443923416,0.0770676130839441,-0.0649901396823724,0.010836239987078982,-5.215481597368261e-4,0.021284462693571423
Muscle,Isoelemicin,-0.007866684900290362,-0.0172346140335546,0.009167619778222188,0.010431662581037341,-0.007203580246411255,-0.07566312084418579,-0.002577892830665414,-0.012164288381557444,-0.04115668718501679,0.021515171924779718,-0.01301164934562137,-0.04362989744706633,0.09391448698226594,-0.08409049373443564,-0.017988411072965643,-0.004321005964483937,9.425032804952959e-4
Muscle,Isoleucyl-Tyrosine,-0.04927239278962636,-0.01174810673503396,0.040248936714640665,0.02322330403258529,-0.0051533155191893125,0.02939415966476874,-0.03938003399869658,0.008990238577922551,-0.02372564486337124,-0.05333878945525833,-0.023084906827471347,0.014044253953017694,-0.014084322288651708,-0.03668712592907648,-0.054048997642129136,-0.05034783569529607,-0.013107078736281136
Muscle,Isoleucylproline,-0.061792406217018814,-0.043176393100187206,-0.02070298066562999,0.010381602276242938,0.03655960741051427,0.011318693546380043,0.023350079738085883,0.033342447701178925,0.015616380177522971,0.010502614278056042,0.01741081550034887,-6.149707758979882e-4,2.540179235123751e-4,0.010545915145518026,0.0074280854110385965,-0.001085800387435447,0.06601856652721035
Muscle,Isolinderanolide,0.00276962450320032,-0.016014426478764516,0.04226229200128703,0.08798294658663962,-0.015488736264665286,-0.022010989392567498,-0.016589528782749146,-0.010100402748593803,0.007704644943036714,-0.016548910468272768,-0.03263525919665466,-0.02863110895537042,-0.006706454932674231,-0.03358444883630744,0.008465961222861496,0.00830340149431362,0.008730462543327707
Muscle,Isopropanol,-0.03173142907907854,-0.025420323996446142,-0.05725475308697045,-0.0474403547812897,1.2716076758574542e-4,0.015190295617207385,-0.008924435713422423,0.05347595038748149,0.012210621616247851,-0.020914277360660358,-0.005265107835054418,0.038354016024317913,0.04572686212671001,-0.008169924265512201,-0.0012903981420736247,0.004455440559656624,-0.002125107691142495
Muscle,Isopropyl cyanide,-0.030103938396115623,-0.049755344229353196,0.006053707936042399,-0.038581454201923764,-0.016814108620816115,0.047461512221082365,7.835652863508003e-4,0.04976932896751697,-0.051790478557700866,0.0049077472055192705,0.025809688947924677,-0.03461047112457558,-0.006953063985682082,-0.0015804886014986154,0.0075943751141170366,-0.04137460847528552,-0.04484798605494174
Muscle,Isosorbide Mononitrate,-0.0037975874037192115,0.04311260971254412,0.04838185068342308,0.016649130850619993,-0.014481287766184405,0.04040487720389182,0.0020254369080234913,0.02183217028398357,0.004223617410421726,-0.06151131483416677,0.0069564139086443905,-0.020319967356458853,-0.05862819464159726,0.06383100410779058,-0.0021907848724673443,-0.04181125891929855,-0.013314991837794868
Muscle,Istamycin C1,0.0509643205573552,-0.026896878403764944,0.04327181033743594,0.029786663086106235,0.026200002439975546,-0.010972606540401516,-0.022303136571835365,0.010616454492162482,-0.016867779772000026,-0.022101708617734417,-0.022060362139969106,-0.021904334658735404,-0.022192552455295566,-0.028183980822423245,0.05331999245440952,0.0506318132482877,-0.010321499266061848
Muscle,Janthitrem E,0.009058557549291437,0.042016157045491234,-0.0041075275897587095,0.037537913190502765,0.06311407359583343,-0.011894696319094226,0.012994530567318136,0.06673267007247452,-0.0019455846308551162,0.05258186220379316,-0.027089417727249338,-0.020228453078077815,0.0016806335527559172,0.015959622240278307,0.03228211055198175,0.0031445297395268483,0.006260242356676226
Muscle,Jasmonic acid,-0.039533582362582274,0.02446511532714266,0.013239760521150275,-0.011303905253927105,0.03533821445817871,-0.02693395097338306,0.021309187543136227,-0.06399803248131707,-0.044803093220141414,-0.014493432667239058,0.024057013339985823,0.05314246055473635,0.03355486209930187,0.05011475867834323,0.019028311232311322,-0.04943022449462971,0.019789496869843003
Muscle,Ketorolac,-0.027160033098079097,0.0017824617756421544,0.004656325506285905,-0.011134525707577364,0.010272105237394597,-0.03104997016237999,0.025029373961624038,-0.0048545322698288216,0.0032065845449101805,0.0346914389840997,-0.06393419398230633,0.04275022894372168,-0.04764941267918413,-0.009340041061724438,-0.12967037310756527,0.0692681783070179,0.01413119442902079
Muscle,Kynurenic acid,-0.027932815102733086,-0.006553392240603847,0.06879594973002946,0.06321954834736353,-0.016563395448807722,0.01852099880218529,0.0064702827578677485,-0.008318248601558605,0.01744074021490686,-0.0026044323876923126,-4.175670551701014e-4,-0.013737604063368805,-0.01762776298252315,0.01469005331756801,-0.0028320970010071002,0.01880053860180048,0.0047814387457487
Muscle,L-(+)-ERGOTHIONEINE,-0.01413727555966157,0.007140387199732251,0.009687079990614234,-0.00827546284492487,-0.0017177024562057283,0.0671186711268997,0.017893091908085336,0.040020072301607236,0.021599930101278975,-0.043794458944751175,0.002962338100551352,0.07600947361774785,0.03415362524195267,-0.10183486691184242,0.012011569135745899,0.031706591458193066,-0.011315647571687942
Muscle,L-(-)-Malic acid,1.2139510897556749e-4,-0.005866164748661655,0.06202945643168794,-0.005775122215635942,0.044587157458264984,0.01682135179798097,0.052784967963188566,-0.02004750126572281,0.0647303463819767,-0.024863473493947384,-0.04211432725619368,0.003805112704255387,0.012699220356788526,-0.004772998525969343,0.023591232541719177,0.01732980797121076,0.05858623921381766
Muscle,L-Acetylcarnitine,-0.04522794906461659,-0.02425906514374523,-0.046948794165128295,0.026568444610490755,0.05067716536994565,7.521848885877964e-4,0.034906152644054944,0.01350164575137059,0.02542925131944089,-0.005625423500018726,0.03698284810191528,-0.004563141584268811,0.02296082273906955,-0.008860236196837915,0.013903082780064033,-0.02789080981350831,-0.04401660748868435
Muscle,L-Allothreonine,-0.023287594698910855,-0.0352207111178753,-0.043076416932555435,-0.02730981591731385,-0.025137001739823184,0.013225262406189426,0.032021694098077626,-0.02444320338559154,-0.06440986147845118,0.026337242381339637,-0.05079458678015139,0.04350452487548866,0.028716473147413837,-0.019046701048434037,0.015690126468448237,-0.025365411094109506,-0.012852751378300692
Muscle,L-Arabitol,-0.02450586103959385,0.06928340646050457,0.013994854162481488,-0.021054907763093142,-0.005252353466692489,0.016081524090770495,0.00511150435107921,0.0010258241529923526,-0.038259272984185765,-0.02870809166640408,-0.016084686908676323,-0.051224605353785584,-0.053459066924240066,0.02870553201274047,0.01924399536209535,-7.022632467671129e-4,-0.05251957940990192
Muscle,L-Arginine,-0.007176324569561148,-0.01729411934595855,-0.0332367740800216,-0.01762719395875635,-0.0861853219622568,0.025530796026495148,-0.004297509252926542,0.016309100776890118,-0.0512432127761894,0.046883662229507406,-0.004430167058776757,0.019492990128794817,0.020753392204882398,0.01209566176782335,-0.0016210531448166852,0.013524984845033432,-0.004093851840714257
Muscle,L-Asparagine,0.03287063624040706,-0.06524789880846495,0.05276982743251573,-0.001562249130197495,0.017419847976381977,0.00246176605527862,0.00981177047106476,-0.016850603496363078,0.011508725569156173,-0.0012071488219662003,-0.004418746221751577,0.024756099526478375,-6.894830016411343e-4,0.01991573900962927,-0.012294583902354357,-0.004931164793684163,-0.0023350752175488685
Muscle,L-Aspartic acid,-0.015218390062822001,-0.0459495070594681,0.07093093870508034,0.01234703047846406,0.003738093220364918,-0.00967143435298636,-0.04124546090336748,0.013499027398419265,0.0038919527973971264,0.018148618242444122,0.018288046401125413,0.01953277509288842,0.01602200251772572,0.03308519537241686,0.009006955883317881,-0.0383078884619873,0.04902509143578495
Muscle,L-Carnitine,-0.05911119517584269,-0.048931817967970144,-0.02864474976751356,-0.007823858336794012,0.017033328981022815,0.016210457798699392,-0.006174058511717571,0.034134063491106315,0.018325797027494244,-0.0014786644215719217,0.023599148388377556,-0.0019260006177132065,0.012644731803677882,-0.01009441528139097,0.0160639148096726,-0.03299716260051814,0.007768803221902589
Muscle,L-Fucose,-0.03652472495373936,0.06585600392800635,-0.006398894727164652,-0.045103845113755175,0.015994408999139616,0.019064267161473095,4.2545675196191065e-4,0.007456905264679343,-0.014398064746727005,0.013908943605312217,0.014124600178772451,0.019398544982739765,-0.004743684633835073,-0.01665344840907047,0.035262663603033546,0.04731119098684784,0.05576233642779583
Muscle,L-Glutamic acid,-0.04037035081221171,-0.044235607657161745,0.0242391128792988,-0.0542165893423411,-0.03501455349380662,0.004542913716792973,-0.015544843281309357,0.028015380536464338,-0.006722308667010765,0.016231456372654364,0.04703928558929609,0.005252708630286154,0.022129729125415054,0.009693742223230321,0.010930774406530093,-0.025635595744551206,0.04044730039296492
Muscle,L-Glutamine,-0.03420976616972814,-0.0695737716252913,-0.017588077108208422,-0.02191066150033067,-0.012333550280107188,6.882107534500123e-4,-0.018576339199738983,0.020773833595141275,-0.005373200166324146,0.04775072704680429,0.004108968027759883,0.020256518827517604,0.013921990349393525,-0.004596886854910075,0.05352676376340659,-0.0012789752828056128,-0.09878254637907646
Muscle,L-Homocysteic acid,-0.04148370330765675,0.035546376034530536,0.04324514464684336,0.024240369752227146,0.013249513080342536,0.010724174082130236,0.03845928621371827,0.04456013188158788,0.03222456949503322,5.153684093693217e-4,0.05466566756167661,0.005761506028586109,-7.188150187946948e-4,-0.024073679427427344,0.0034088761150264366,-0.0445906075348744,-0.0377798561635041
Muscle,L-Isoleucine,-0.07205617980954951,-0.01020128682622139,0.018896592671777096,-0.015753260452648618,-0.005922361796906024,-0.015168086945866202,-0.013756152629452296,0.030548580802476362,-0.01400839537078858,0.008370432285274653,0.056466379125827824,0.012175154663947654,-0.012821496676524446,0.008286581793846661,0.006782625366060455,-0.027396477357725334,-0.034035319472913106
Muscle,L-Lactic acid,-0.03636571362439417,0.055456803206989494,-0.04012817049335036,-0.03414890019895497,-0.009624051639882726,-0.026854801127113415,-0.032920443449169785,-0.016752296275947265,-0.004171649499942616,-5.27763927009256e-4,-0.020012441275132162,-0.028956411104412782,-0.030693144939200945,0.032506980409528465,-0.0017104107441084922,-0.0036308345688582356,0.034091550714967576
Muscle,L-Lysine,-0.0050187542876712855,-0.010439680624944197,-0.03733092110077098,-0.023801488268394618,-0.08687592228191587,0.0340514720551978,-9.330456962988366e-4,0.0102185898242511,-0.047444819855961606,0.02164857086353294,-0.016629604513776635,0.02271526057160433,0.029653096566566034,0.0027602438909022625,-0.00672714725340994,0.014985304373633187,-0.0060820997892254225
Muscle,L-Menthyl acetoacetate,-0.011260853446173216,0.05456421279372123,0.006535677111845057,-0.02770873038477048,0.012541008770628305,-0.07271404979751249,-0.027526725431981192,-0.03715693300538349,-0.012681985626363126,-0.030744455435181898,0.04638883848580701,-0.01062975107420755,0.010159025160387355,0.023773252397491326,-0.028640014930154903,0.001520621438881742,0.003245764300288871
Muscle,L-Phenylalanine,-0.034654795325755855,0.009918839440906494,0.0376201803027375,-0.027800464922451532,0.004140350980389234,-0.012332856367758068,-0.02805379762268558,0.07802656267394939,-0.06670419522099331,-0.010297466807198827,0.0024536797666181447,0.027201777584975835,0.042881646223356405,-0.0013458316955968289,0.014096050108879729,-0.04413631863827121,0.0023883787940287564
Muscle,L-Pipecolic acid,0.04950112625525605,-0.03995959354396077,0.02516895084809201,0.003286283212322802,-0.0551642127315656,0.007268205009569308,0.009628607081631204,-0.017107650379240353,0.004266809383543321,-0.04687657465390297,0.006359779560897738,0.027837354799706622,0.003364153078613487,0.04163475648672777,-0.020980472151082313,-0.01836438116033356,0.010956883875218282
Muscle,L-Proline,0.0038162756648100434,-0.048249155983410494,0.006658066356521333,-0.04663450376487605,-0.04528365934089566,0.0579205972002952,0.009608143235997164,0.048929283760079746,-0.03211417975748164,0.006543428967518006,0.0186259956809897,-0.023712373714599336,-4.705920358434359e-4,0.0025149130369055213,-0.001474778349957833,-0.0354103012354982,0.03565229903828729
Muscle,L-Pyroglutamic acid,0.04810047725477485,-0.017132122570047616,-0.005465404060172232,-0.007961800807340307,0.013364614175092174,0.020239757821825712,-0.08247752508048956,-0.011446064383100191,-0.001220108881422817,0.02379618897270024,0.0610383790131016,-0.004399798390206686,-0.05727067767555855,-0.012204695348283832,-0.004926125346013546,-0.03109548719068664,0.001248619199073604
Muscle,L-Serine,-0.03766119018396663,-0.06699221849635144,0.003483825050844997,-0.010798553944723852,-0.017214621512227843,0.0068320968108901365,0.023851543568538993,0.01635843537700383,0.011825110021812366,0.04000165991894025,0.0016220186570032955,0.03763707924827109,0.057315262554857915,-0.011029210942534567,0.015696836217331662,-0.018130561684156554,-0.015755338593247358
Muscle,L-Tyrosine,-0.057018420147407836,-0.00933239417306217,0.020293222010147792,0.02331391782964149,-0.027473098550640902,-0.012420902605969944,8.326924856776403e-4,0.026854044929170262,-0.054587709149643074,-0.01172015943469991,-0.06316257305066544,-0.02121300702383108,0.03807794684795383,-0.010073946069347185,-0.03559349119778423,0.013496398455028686,0.0033036164874755093
Muscle,L-Valine,-0.007255203534497414,-0.010365624649346344,0.01935741244724325,-0.03790721668982901,0.004908463185934926,-0.0661947928410533,-0.05711353192096804,0.024200694235085966,-0.013079788361700697,-0.010362911051900948,-0.03809529320634562,-0.09635976068179299,0.020627674255504002,0.003194036236227199,8.319103409145756e-4,0.01664022168378902,0.026599612220671996
Muscle,LINALYL PROPIONATE,-0.001572615159411266,-0.006846835974289871,-0.020459126482262953,0.03161946983346605,0.047457321130009604,0.08072758857564556,0.029329710569223667,-0.022003020906028178,-0.057342501335069594,0.03696455689462352,0.03286526092031688,-0.0025078667183500714,0.03264045215349847,0.0024719596441691517,0.006998704484742056,-0.010175414341821013,-0.016851691473352363
Muscle,Lauramine,-0.04223025004405853,5.703821745161295e-4,0.0390506564126185,0.062161167822467,-0.023707822461152186,0.05563505398022972,-0.019509821620767476,5.107659741722213e-4,0.022320702517980354,0.00380056922660132,0.0050764089153333275,-0.010568902065708414,-0.002293316120030004,0.009945080856203058,0.00939372099269558,0.031594309649563466,0.012639465757750708
Muscle,Leu-Leu-Tyr,0.03386533507674491,-0.017732402830944953,-0.03963114493619858,0.043659957834712326,0.027866800551956613,-0.030289136583318353,0.02971558237110866,0.01760318192513993,-0.010521658452897379,-0.019580330836769955,-0.0313475062034075,-0.018261740487865948,-0.03190935202331399,-0.04103808102533869,0.07672896902288646,0.054595777862206575,0.02468926414654892
Muscle,Leu-pro,-0.02361150076741134,-0.04509193866662482,-0.03774488476437425,0.02027128586892617,-0.004264675670343722,0.06079916204239826,-0.04187756034537279,-0.007583093724486846,-0.032370101976815044,0.014091330626387623,-0.044467576750512085,-0.021287132833002712,-0.021699807624523556,-0.025556640337315428,0.01739354712871912,-0.04142708100143665,0.020420099599758157
Muscle,Leucyl-leucyl-norleucine,0.03313582670371744,-0.008036442836995684,-0.04005178812942195,0.05677705028094514,0.03043934324550099,0.012707596629572255,0.05143310994653766,0.04268739284773714,0.03056475180029577,0.018160736368691,-0.047765014749930744,-0.00698741647361089,-0.0028978245835516946,0.010849903791562086,-0.0012409471589046055,0.008103862191726412,-0.020996211021859768
Muscle,Leukotriene D4,0.002556546782168281,-0.024631209785550504,-0.031302320243741744,0.014541871232065956,0.019480372811480323,-0.009894266043551855,-0.032185947377584095,0.10496086399714688,-0.02695769791084322,-0.009517613629828805,0.03426454363084434,-0.005120650321904114,0.03340658341367399,-0.032693775139725316,-0.04349870122635984,-0.06329171935708928,0.006194373545022722
Muscle,Linamarin,-0.05634125758871979,-0.03725413984653432,-0.02292934987932942,0.0018393532048961196,0.024760282626617496,-6.552610109750498e-4,0.009272515310902531,0.020102145939751993,-0.025175474717116085,0.0581863210858307,0.034106913857638504,0.027244735562870024,0.005315574107868364,-0.048643567340961355,-0.003456717065725378,-0.01418121529454244,0.026498346074973436
Muscle,Linoleic acid,-0.025760720734954102,-0.007150653730148726,0.025687516604302917,-0.010382145556693485,0.04145063915040349,-0.03662513777894921,-0.019715895201667246,0.01882644107651885,0.012336299417919918,0.05244027134598171,-0.07454286707242556,-0.029705719871639558,0.050544340197110835,-0.05620482301666404,-0.05839936037763979,-0.03329636392086788,0.014250178708233844
Muscle,Linoleyl ethanolamide,0.025395009534839072,-0.036991506613845544,-0.019329209953690064,0.06988097575602498,-0.0036291796694937627,-0.01778904807117749,0.03518676486362516,0.026223925284672614,0.019610914573016888,0.024992329093545217,-0.0032816264832138202,-0.038303749120988835,0.019472827061204127,-0.06319755132892127,0.02251244276726837,0.02317447703126148,-0.035183486550352305
Muscle,Lithocholic acid,0.06291448706593282,-0.054411481596454064,0.02770810831010129,-0.017468169442331632,0.010489836325550296,0.003623111621322727,-1.1854549138156652e-4,-0.004667657855310429,0.0043656694953535915,0.003039682006254679,0.0032999049753865105,0.005802639537289577,0.0011214400434704068,0.008141217140273152,-0.0018605893356895805,0.0036175622846751467,-0.004397880300146227
Muscle,Lumazine,0.06162288448236502,-0.055418081473045,0.02685978453158273,-0.018230699366587378,0.012318307752217572,0.0051993311523053825,0.005967125784845062,-0.005196909287284838,0.0018274941314559046,0.00470917741216161,0.008300645550240005,0.01312399396573414,9.566992984643827e-4,0.006272612326669285,0.00301306482728502,-0.006021346127520084,-3.56292538794339e-5
Muscle,Lyso-PAF C-18,0.029266532262884226,0.052821330495984586,-0.010187238951745151,0.035468526630401336,-0.02983494531210726,-0.006918894701593726,-0.04705550958750627,-0.014671375419190075,-0.012704118339800239,0.015746012457042467,0.05387071550548344,0.058498409510807,0.01235310496301424,-0.009291676820289673,-0.03604442430686267,-0.01052917410572211,0.019236585374773196
Muscle,LysoPC(14:0/0:0),0.0455210888677013,0.04103630706961282,-0.026954282417057076,0.04481591419432898,0.016453115366185468,-0.006998680034790867,-0.02927948217191839,-7.435245367195936e-4,-0.021442696855297948,0.020315002974751202,0.05662787625198845,0.03780956228526225,-0.010466262533628354,-0.01538817604967325,-0.02175269653536229,-0.02232443631991935,0.03332994780306097
Muscle,LysoPC(15:0/0:0),0.05853310972186715,0.039318215198357695,-0.018356177679624053,0.04830051981033623,0.01716875923846584,-0.02278826878179569,-0.01038663319327346,0.025997035837740597,-0.016559091797862576,0.020545220005094865,0.005968843022921918,4.315102136825108e-4,0.004873688959801897,0.014420849024896713,-0.012371638675775124,-0.020948508019244395,0.041200810633812146
Muscle,LysoPC(16:0/0:0),0.051786359501610674,0.04980463129388052,-0.028368622627518016,0.03584730568420929,-0.014453419034032314,0.012557471688149455,-0.03142442237050017,-0.014216556041055721,0.02082720311215787,0.020878853021733784,0.010902332221302219,0.02994654822272904,0.013504260639205012,-0.010432614109470198,0.0012380872767462636,-0.019034732633958405,0.023957484069045396
Muscle,LysoPC(16:1(9Z)/0:0),0.05068360964163145,0.032978436795787214,-0.03521122698805531,0.04069643165212529,0.007827168657470619,0.01701635073029166,-0.03160512747477279,-0.020164464201787722,-0.001074852351247679,0.02954681036216801,-0.004541976882567582,0.03215555619472259,-0.05027195968249074,0.004145588296526548,-0.028183247499593653,-0.032368580177845344,0.019922403224644527
Muscle,LysoPC(18:0/0:0),0.046523579186463764,0.05212340654082226,-0.030887829589737587,0.040867786685543445,-0.025566945903011166,0.01958334672980418,0.0015079011528292868,-0.021243208892692763,-7.809459733718329e-4,0.0243989821543279,0.020574809444681447,0.02098978199368059,0.0077113706058601975,-0.01710019261113308,-0.020378032292028708,-0.009401027862780645,-0.04743178683206172
Muscle,LysoPC(18:1(9Z)/0:0),0.03779900369827499,0.02969644970992154,0.022551757887111154,0.06852776902048009,-0.019025353331330774,0.0015026021387233499,0.007310659715580103,-0.0370969197651878,-0.02318923685943933,-0.022632275142586183,0.034417820382137636,0.04794306308910533,0.011484938198074435,-0.02900125885037492,-0.01641538833118558,0.003918662650392932,0.024596302416611076
Muscle,"LysoPC(18:2(9Z,12Z)/0:0)",0.049041763725485056,0.0476566380158523,1.8267080321905993e-4,0.03265584614354454,0.01562196530934495,1.5829853521766773e-4,-0.029025233975515874,-0.003411247378725382,-0.00141654653856863,0.06826223874561362,-0.009253687917430422,0.020620992788999436,0.008001509319008353,-0.03620900585925226,0.020294600771620024,-0.04022427302878315,-0.012317309365284612
Muscle,"LysoPC(18:3(6Z,9Z,12Z)/0:0)",-0.002632750532552207,-0.014466937871511631,-0.03407809279642773,0.006111089523033781,0.009934470654961164,-0.023645875288596695,-0.013659325881538713,-0.011513691930563974,0.013533091991258532,-0.018815928684354482,-0.011997530396277304,-0.006841620206741853,-0.13166453646284013,-0.06560727743561291,0.07724312873347376,-0.04518168012926419,-0.01654328814534867
Muscle,LysoPC(20:0/0:0),0.058202180585871954,0.03418522294553726,-0.004484310784102229,0.036818003992521275,-0.006593217694791421,-0.020054581792250448,-0.04536894153863564,0.015091738586391658,-0.017285264795218643,-0.005527046656844673,0.032458005118108736,0.04157933211903863,0.007344831881775314,-0.0040550585197794194,-0.042056325634775155,-0.016770229015452883,0.0047867941106753305
Muscle,LysoPC(20:1(11Z)/0:0),0.06181527422886611,0.04094012618331945,-0.0031510171479411197,0.01623973736250706,-0.010041644371448171,-0.036235998517157315,-0.02101245387810374,0.027977282835050542,-0.011968123782083314,-0.018192559869589602,0.04559946844139414,0.017106937002179037,7.413308955793872e-4,5.0941558479184027e-5,-0.023502240467373918,-0.018068879574224317,-0.00843916465247835
Muscle,"LysoPC(20:2(11Z,14Z)/0:0)",0.03960720542603762,0.018211892237666623,-0.0056895560166958965,0.0479238710831673,0.0512784842242373,-0.02238566613550119,0.0054354448625435845,0.071357646342088,-0.011219800355916345,0.04686663495184165,-0.008073767180855522,-0.020243692952261295,-6.225674149351811e-4,0.021002694614385344,0.01195074306402745,0.003428451221428605,0.021733136045550695
Muscle,"LysoPC(20:5(5Z,8Z,11Z,14Z,17Z)/0:0)",0.04243760535842944,0.037238876430968,0.023316117098100858,0.01792523775382425,0.03851288786669893,-0.016689019365295443,-0.026630443683128217,0.006809073632389845,0.021260078243983127,0.08598058010765515,-0.022521302421997586,-0.03129932942669134,0.010625921428416608,0.0050070834031075715,0.009376943748104967,0.004867292101319303,-0.014189965597968701
Muscle,LysoPC(22:0/0:0),0.02105341542578857,0.017889329217248964,-0.03684672188813054,0.030812582296218926,0.003701845849265117,0.012673751725665159,-0.019095200231870894,0.04987849427814192,0.06485714074212137,-0.03563812696256207,0.0641015331108074,-0.0177421315004934,0.05722363897932257,0.006649708545064743,-0.04815312552787417,0.0385086157753585,-0.028476443089835938
Muscle,"LysoPC(22:5(4Z,7Z,10Z,13Z,16Z)/0:0)",0.0045379419826959855,0.0423821864142436,0.01022928311847123,0.020820997181872095,0.020828755870218065,-0.022338720129406544,0.011565079892831632,0.06493428636385914,0.02210522641787836,0.07810688494239018,-0.047542648473456524,-0.021552050479735484,0.019126962013467065,0.009540271746326675,0.07841046846716497,0.012032695171783809,0.014645109748743137
Muscle,"LysoPC(22:6(4Z,7Z,10Z,13Z,16Z,19Z)/0:0)",0.032867973487424956,0.027367569756426444,-0.016083652520047367,0.04713555776050562,0.05204482593196474,-0.022831303298564424,0.01739804869388671,0.06768539047762094,-6.907112949407222e-4,0.04512112105325682,-0.018325780631337194,-0.023560214987525627,-0.0013781417207027998,0.012414611859101362,0.02262739620324183,-0.0027230884327995165,-0.0031472138035098557
Muscle,LysoPC(P-16:0/0:0),0.016004795177457225,0.02769994291221731,-0.00690656691515302,0.03809422197779345,-0.023241629841986185,-0.06419402020657389,-0.02048601052549168,0.056941078322513834,-0.02158298612942439,0.00970983896403177,0.006809584044785694,0.05912135088807861,-0.05410150954669194,0.04101817310382861,-0.030696730293973306,-0.03871887836172315,-0.04946367194610812
Muscle,LysoPC(P-18:0/0:0),0.02213015824493044,0.03542356149094549,0.027541711140658353,0.05665665661857624,-0.036697180837386316,0.005002573308381509,-0.042438961696299585,-0.014402722205512752,-0.023591819793426446,0.04405452185052986,0.014437552736270207,0.009582840272063227,0.02317181141453368,-0.07254684714783863,-0.014388923987612406,-0.010407408194739159,0.01318329219673513
Muscle,LysoPC(P-18:1(9Z)/0:0),0.05133094705122499,0.046661998876472224,-0.026576147112213313,0.023739426299671,0.01086765470285284,-0.011450016651812748,-0.038582931308076496,0.0067297430498840785,0.0030803063636978285,0.03954145385107294,0.0016723619864138304,0.05122796309767917,0.004680977099224628,0.033776721897103665,-0.0031628884592399603,0.01898171744699955,0.014058020337167337
Muscle,LysoPE(0:0/16:0),0.0021644503862534264,0.01917549757781831,0.02089684465524973,0.05765534837069177,0.012034109732285192,-0.04845286519381834,0.0011192353772353195,0.041781237096701736,0.04801722495508356,-0.008850752990992554,0.023167662019093743,0.06964778019263468,-0.03177911448816823,0.0658316426853781,-0.011736889069606628,0.01790500875259805,-0.08215344776729525
Muscle,LysoPE(0:0/16:1(9Z)),0.05225897063019933,0.05096022303243612,-0.027765781567162733,0.02465972531964794,8.406492117174972e-4,-0.00874457845957422,-0.015809627848330506,-0.002807284337073521,0.008585403548843766,0.05597044245412155,-0.0040061403263804045,0.006051794026573234,-0.00641729341417592,0.005238362517612264,0.043718154231138666,-0.02967563773990753,0.01039077655693515
Muscle,LysoPE(0:0/18:1(11Z)),0.0333313527843784,0.008013952563395356,0.008842440669886776,0.05092189137430687,0.006025014498428067,-0.0010181275408723094,0.0010966879532538912,0.036301455045345994,0.018779235290464255,0.004934112833398806,-0.08896944659940055,-0.08329442029732056,0.033033744985267316,-0.0026447289318176,0.01964805223837437,-0.009154378877593829,0.04071633763771444
Muscle,"LysoPE(0:0/18:2(9Z,12Z))",0.04085347562345749,0.035069544152638375,-0.023010153145300676,0.048820067229417036,0.011051264254613448,-0.044256675509800926,-0.020707420738211465,0.042619561428882236,-0.026606890940824898,0.033657408667895176,0.015927708359875257,0.021867518850421354,-0.006570849264167956,0.030484319570393756,-0.006187020135007255,-0.04637922670917166,-0.006029387485694209
Muscle,LysoPE(0:0/20:0),9.483353773093919e-4,0.04864345350502141,-0.013120898935705125,0.018356907728737385,0.040153257101854835,0.04779707492186154,-0.016483063762088437,0.01763630850724462,8.842691212449325e-4,-0.04158866203759259,-0.08726172253791102,-0.03590577188301986,0.0162043358024982,-0.0023157664312642144,0.023766359352732688,0.019032245658268443,-0.014182484668608157
Muscle,"LysoPE(0:0/22:5(4Z,7Z,10Z,13Z,16Z))",0.016512445579792936,0.06373894830192686,0.01892776913630255,-0.005839291741336343,-0.003486035993816741,0.005983563376596369,-0.06910822110379192,0.02816539813204967,0.020531879974762853,-8.871459745122134e-4,-0.03109491618627669,0.05587723956135313,0.031148219402331947,0.007959017441640348,-0.007300092940999131,0.021075617554530388,-0.0016926935171173562
Muscle,"LysoPE(0:0/22:6(4Z,7Z,10Z,13Z,16Z,19Z))",0.03260082751339476,0.005247695274319425,-0.029938364236783338,0.03488553741290616,0.01644738041888473,-0.04274308345819117,0.017296920936606865,0.0493837860251559,0.002199422143377491,0.05019454246455812,-0.05503478509918572,-0.06102920437271865,0.019714218903976507,0.0013042272698142643,0.04450072715256362,-0.0423329710199212,-0.055219722934944655
Muscle,LysoPE(20:1(11Z)/0:0),0.05464616313418156,2.4404212621599954e-4,-1.0472426132478665e-4,0.009431731350656584,-0.05156951591231237,-0.03162855522519297,0.0339412156571244,0.037749503441711,-0.01668957770314175,-0.016644987780990023,0.048245858723041095,-0.006485249821813507,-0.015524305617485554,-0.04705654740558479,-0.0016502779657223475,-0.04585158328650757,0.006309577563336352
Muscle,"LysoPE(20:4(5Z,8Z,11Z,14Z)/0:0)",0.026783894949796133,0.014345561334191244,0.009578728911028072,0.011321398087809237,0.022664559174188356,-0.08625487217850589,0.010227320252860782,0.055949141787316525,-0.03620344965380301,0.04009015215150205,0.0016690493109346274,-0.03418611795338442,0.03220819002980058,-0.020470550374868317,0.008603699538593494,-0.04913954922137921,-0.06335536368948565
Muscle,LysoPE(22:0/0:0),0.05950605748773663,0.046205503937015224,0.008541295158449896,-0.017197530152123153,-0.032081968327685846,-0.021475055092428162,0.020878752234440117,0.013122336337349686,-0.008580306352264887,-0.0049602580995697755,0.034802606415093786,-0.03324003608415931,-0.019322658272212974,1.8905074406779673e-4,-0.02160301909457935,-0.010795546058994854,-0.0062454044850057035
Muscle,METOQUIZINE,0.018653806545913407,0.00372728910087129,-0.02408519873287622,0.0362814952147144,0.0776144865484973,-0.015842488721752767,0.036588573415054344,0.01713340140964659,-0.0322810057311816,-0.04204900809949125,0.03414768248099057,0.029304760751195025,0.02804052681778583,0.014054980363453656,0.03057741558840748,-0.03571001541624045,0.009138736881343706
Muscle,MPTP,-0.030788470767425736,-0.044357493868991724,-0.01907452956183827,0.005651943296086965,-2.2186521282690304e-4,0.07705476566727952,-0.03263730630859434,0.005072762476760808,0.013181525641870227,0.039087861179330274,0.03167556023399437,-0.02266508355421111,0.011326746514228738,0.033438901984478915,-0.022377728337258634,0.04653479912899162,-0.007672723216392403
Muscle,Malonic acid,0.022907400778327765,-0.020719040470568474,0.05719114538308215,-0.020809911051714494,0.020328169823596746,-0.031101035486922203,0.011576458557135872,-0.04627257598562719,0.03448082198927602,-0.011569595337115038,0.057460478751187365,0.04939896200803949,0.01541659974132954,-0.04513354162104898,0.01776231985666923,-0.015274772597589768,-0.07119372055768372
Muscle,Maltotriose,0.023654740895790102,0.025987670403130887,-0.03479095412324277,-0.05150906734270383,-0.054691483536629976,0.04604546684227574,0.024831790151408944,-0.04362608629092563,-0.010797609953979262,-0.021307885968115923,0.0022445887170756233,-0.011612079492348973,-0.00906224566144133,-0.02639621533759351,-0.017352547365833772,0.009696869477931408,-0.007587999154668923
Muscle,Mammea E/BB,0.0539930846835255,-0.05849893265913385,0.04076952582448601,-0.006402574909130082,-0.004829309581005355,-0.005758996187647122,-0.0044021783856591145,-0.008557250166470949,-0.007616064384451174,0.007067124382430543,3.7460593126355837e-4,-0.01663892911706782,0.021448637249190473,4.275833509368146e-5,0.0029187798835771123,0.004324822250922262,0.002590552080174697
Muscle,Maraniol,-0.02262951139370339,0.015248780467333892,-0.019683031677315044,-0.037994171341815236,0.005804215989377482,0.062779316611268,0.019356871156369523,-0.0022156027014063567,-0.07699282711408394,-0.025218823804469215,-0.029552878073822064,-0.04854776153739268,-0.04324499327455055,-0.046143443175293265,0.02134883299915388,0.002459952691322156,0.004099387319635237
Muscle,Mecarbam,-0.02465209165348772,0.002362343301943594,-0.03349431454892726,-0.03340980067499294,-0.01253219638768649,-0.004270683681240772,-0.03338965406969048,0.03141566767987659,0.024852770878695078,0.020514537842460004,0.08081783382663464,-0.03856884672184822,-0.017223585155154732,0.06756423563950494,0.020391095800616016,0.08701480257513483,-0.0037211263873102437
Muscle,Meladrazine,-0.005649370993973994,-8.482050293113602e-4,-0.03555257481608399,0.03834574736450052,0.04174091001348572,0.06961707773820369,0.04329428199641419,-0.03608245108576726,-0.025664891154150927,0.030079277106219715,0.011540377038400301,0.003330612145297917,0.04595955775838438,0.03690904976006832,-0.00789234464397779,-0.03751075303559345,0.02330607671446932
Muscle,Melibiose,-0.011621449263901202,0.053006925461267736,0.008155059306232927,-0.045134061896910715,0.0029230121387182305,0.012415163501477975,0.055679655405685737,-0.048434108293405165,-0.04010247687360366,-0.004391027629139077,0.013306264700513114,-0.05997186717374246,0.017555686024096597,0.0089227722914138885,-0.03598388857408488,-0.009379358239550852,0.020363006065194995
Muscle,Meprobamate,-0.04428737291047511,-0.0123256858295988,0.02295825786361242,0.036333995150342184,-0.022522151374271777,0.019984542616027997,-0.07441073287508018,-0.012904556814387295,-0.05139213309696143,-0.03516067735393068,-0.02784698222704218,-0.005375627894096605,-0.007958349951406244,-0.027568527646391488,-0.02239843731056764,-0.012495005700689014,0.0024171641979815455
Muscle,Methacholine,0.016022107191607432,-0.027208296060512244,4.085685392839168e-4,0.013721410236439,0.014813480810563957,0.060297229769888994,0.02532874603710652,0.01421087567723831,-0.056534712600854485,0.07595666133234066,0.044495442437519114,-0.01512556689015894,-0.06583682227766514,-0.0269044556525852,-0.02859329394268315,-0.023117817565043036,-0.028581227347270307
Muscle,Metharbital,0.0010527288455736293,0.02572322169727742,0.04409691219036941,0.02209583311847543,0.06465577877078368,7.232256015887306e-4,0.020433762067677975,0.040623282938976976,0.03285362507838787,0.05046858582495329,-0.04256668039547306,0.039367479722633235,0.010997925297983276,-0.008025137556701423,0.0035573723379564706,0.037269893416835134,-0.03687814714759626
Muscle,Methionine sulfoxide,0.037415243545852475,-0.03203750751838469,0.024390560039425305,-0.03410031778717319,0.04031988486421135,0.027183745250380063,0.017444977762289555,0.05792107229760657,-0.03416457852849908,-0.011850784642811831,0.009744192116116896,0.023069269870561473,0.02459220853965733,0.03911755761582543,0.0596399273813193,0.014355308096085748,-0.01734710193819914
Muscle,Methyl diisopropyl propionamide,-0.030948355129804213,-9.795976433618705e-4,-0.049697759075923206,-0.010821764746141315,-0.01975938879034259,0.07433731027507162,-0.018430830694739473,0.025459782342779555,0.04267639970603402,0.005280691597432127,-0.027742639154668874,0.01074677680789596,-0.050320658634935525,-0.020861586119014692,-0.022648867157423747,-0.01429325807372302,-0.019428240066733476
Muscle,Methylgingerol,-0.017873475798853317,0.00810241993662688,0.0321258980583287,-0.030290020601643212,0.03912292882682574,-0.004535795565480228,0.006903041657485907,-0.043860412336355584,0.02862428439873667,-0.015165064293547319,-0.06758295708972707,0.07118614561830777,0.03968322556609274,0.06212826256440574,-0.04910768222917661,0.009928330824589025,-0.006321271309581339
Muscle,Methylmalonic acid,0.05830588546221828,-0.003931524588012,0.03980367474902873,-0.03856264410263759,-0.025725176839076623,-4.6365168321661825e-4,0.048799948104676596,-0.00541544498886336,0.03216789821152075,0.021415931437430723,0.017325064692150224,-0.020217857446126943,0.0035416906102113906,-0.005459513255893851,-6.795305937285886e-4,-0.0010901221083265027,-0.014656800363567942
Muscle,Methylmalonylcarnitine,0.025066000120613063,-0.06310316065635983,0.019923834458098214,-0.037499101376701115,0.004373235836441552,-0.011098275042359435,0.035536262815285505,4.628997860289098e-4,-0.0039330352479533355,-0.02857622759846342,0.03648762306332957,-0.005441594159029948,0.015825555591307067,0.06337566628637895,0.021418275276896652,-0.04498432346680467,0.018643964451082257
Muscle,Methylphosphonic acid,0.03650970953716183,-0.06107918212759843,0.008524136158672766,-0.02400525986785165,-0.02031954372908567,0.03237705023676695,-0.020111170024669417,0.024095521989909146,-0.05010393940858244,0.03364692477617325,2.0861627647506383e-4,0.0095771453120269915,-0.0018286233453241724,0.044298220377240356,0.008200010191718942,0.005179390789443719,0.00646751466015654
Muscle,Methyprylon,0.013817443304265509,0.003205397772249712,-0.017553336768540914,0.014636762095251481,0.020252371122421786,0.06664446497991074,0.004790234460912208,-0.10744953023286988,-0.024003313711507334,-0.003550312963620072,0.007404820279637737,0.016309600054029722,0.050134757907932426,0.017988974301795402,-0.002604970977692815,-0.03159925780095686,-0.01831609687759227
Muscle,Metronidazole,0.058927773236052146,0.022770517568688996,-0.017439734448947017,-0.02446968685903884,-0.05977394026339805,0.00501014265922259,-0.028228928576966232,0.002337565288102002,0.009536186450674902,-0.02203430439294183,-0.025941449372209782,0.010602769746273872,0.03184441782520535,-0.007783900760064632,-0.0013109490432067197,0.009013102240453787,-0.008917695071150287
Muscle,Mollicellin F,0.043571314669666544,0.047794191694205505,-0.011790251815713373,-7.820711239759151e-4,0.016543810334541234,0.004055007148586251,-0.06797043696606338,-0.04111546304976026,-4.978768687477056e-4,0.05603092234214581,0.007061608527714473,-0.019839629276435605,-0.023684356231346133,0.0019146237572130601,-0.0031918802981660446,-0.0016194026630456475,0.015360572826234396
Muscle,Montecristin,0.04594938568029403,9.350425753142909e-4,-0.041418839582782876,0.036523777457355674,0.03615670416057974,-0.018422812803928428,-0.014738368324167635,-0.04293447769949394,-0.03322992383059043,-0.055991113378176735,-0.005510362566042578,1.4551805711654915e-4,-0.031090434668297723,-0.0051031087723030855,0.03058607455477322,0.021240223534030187,0.001489673941693299
Muscle,Monuron,0.056371846763874654,-0.05240296502704853,0.031040786260342484,-0.037333277276864314,0.010500500319286095,0.0064312984182704,-0.0020277001434191185,0.001340065873320181,0.02068319835728608,0.007658441000578736,0.009432738497787833,0.003833793374994539,0.010599644470621755,-0.005861746196907643,0.008890508292338329,-0.0016135030592005063,0.001790696569588849
Muscle,Muscimol,0.033201371627612525,0.012863266764820715,0.05160760022782758,-0.03263731737952459,-0.029667930637463216,0.05103131796989374,0.010713511185999695,0.014086437619497775,-0.005086158371792183,-0.039399691991039744,0.028754982440321226,-0.0435208613316042,-0.005148756844803609,-0.04288985557975092,0.009166299597601117,0.04473958009870363,-2.709910511311149e-4
Muscle,Myristic acid,-0.020154710359915808,0.018784074589870643,0.00672435877820888,0.026474591140401432,0.05077802782544546,-0.057515441766237636,-0.00288504921077947,0.011282424230353685,-2.8654286223810815e-4,0.05687415300882926,-0.06924791639819089,0.013606292675793275,-0.022585730589542427,0.04623434361228365,-0.06125942819624264,0.008044027873522916,-0.06110591795116564
Muscle,Myristicin,0.02760708956316061,0.007465903563487589,0.0011371275597710474,0.044545276825395566,0.07989950234660279,0.03145618764621253,0.02946278269944109,0.009418480909661223,0.028813523537918106,0.04821710038075318,-0.009031514446422341,0.024067247465262658,-0.01271640095421369,-0.01930128249135057,-0.0058605445134669466,-0.0023870026026530065,-0.011218552121437152
Muscle,Myristoylcarnitine,0.004132673462362152,-0.002054851630047994,-0.03272694391670383,0.001440785195932754,-0.012325026241697012,-0.0747653943396895,-0.040940087691432654,0.005356370057742963,-5.148168146419701e-4,-0.0462530502060486,0.04748853914507338,0.04194427464703001,0.01740606978045138,0.08332732360991209,-0.046295944702502055,-0.024561798911251223,0.014958576066429183
Muscle,N'-Formylkynurenine,0.013488275425381929,0.056796552643303695,-0.0038668312313292386,-0.03190149223998189,-0.052844179216288506,0.025601969438500932,0.03819114743763275,0.007644426632583287,-0.004851787930771075,-0.05113646734646635,-0.005624156740057239,-0.054112578019594605,-0.006498065053157331,-0.015086109173566956,-0.005550165752212889,0.016081165033055587,0.009116388011145404
Muscle,"N,N,N,N′,N′,N′-Hexamethyl-1,10-decanediaminium",-0.043787388669749384,-0.018391040998961737,-0.02857574574176391,0.022359118317201013,-0.03088947387786011,0.020844648620714,0.0034870442783671496,0.04934361146408474,-0.006391766991650616,-0.026613140385330677,-0.03418822698623021,0.017231802194715845,-0.008667763387575828,0.06193784406993399,-0.008064872616963053,0.09966689225845884,-0.003816208305353922
Muscle,N-(2-Sulfoethyl)alanine,0.029722823283400437,0.03429485815547247,0.029056154475983524,-0.04216389618566629,-0.012637816627911693,0.012250792143259923,0.021751863372300916,0.026072951725497395,0.02199528138963182,0.03950720788543375,-0.0170233577220052,-0.0922189137461275,-0.037064917419907535,0.018374094657604003,0.026233696149304212,0.026473245889007287,-0.0021115492152069307
Muscle,N-Acetyl-1-aspartylglutamic acid,0.008367582686629738,0.02340789986323734,0.05785652994114504,0.009111289907743658,-0.023424569290124493,0.037744420889490475,-0.012666527244813016,0.035082470993126925,0.08423167131191656,0.010623566009016643,0.01612076814123221,-0.013462434031539267,0.011557978705310258,0.021426520533741243,0.01713739924820499,0.054093308548714227,0.01231541940683475
Muscle,N-Acetyl-D-lactosamine,-0.00678252649104951,-0.007048692541996085,-0.014219694878623186,-0.03062703404009076,-0.05709209482527843,0.08722322362027893,0.0015457667561471406,0.024609541066745993,-0.02238549131963791,-0.013795157435758286,-0.007068604536557619,0.03675005294933556,-0.05027909818662053,0.0015865328805287843,-0.02819993752991198,-0.027335933499748746,-0.0121409667202727
Muscle,N-Acetyl-L-alanine,-0.054997503227710166,0.04210161765037095,0.047269769788741166,0.0040724185909309625,-0.022955942745429607,0.015751769226067608,-0.034691334740611694,0.015878541749820486,0.005127065928489415,0.011278930763237632,-0.002516359915198021,0.017244414702686617,-0.008156594810093449,-0.008940658337132337,0.011794479478339871,0.017069335636134088,0.007374710710204012
Muscle,N-Acetyl-L-aspartic acid,-0.011014556306368224,0.03751234892762297,0.01586499276475518,-0.059872418989175565,0.03592211406762251,0.00898327011800042,0.013243176531003315,0.04107942536736968,0.03093291157681493,-0.041004066941227,0.04368809074300417,-0.004961421291875788,0.06367623971751082,-0.02761527015006281,0.03514167372896199,0.005355813867461147,0.0051491673350475805
Muscle,N-Acetyl-L-methionine,-0.046280465098928164,0.022179936548351726,0.05352162354126644,0.031210401681207218,0.003258142263287012,0.017409652584656737,-0.006058882882955011,0.04424655326353025,0.014614268801713591,-0.02251847756885845,-0.007925283679391245,0.024282232107041012,-0.03035384286562113,-0.04855550073679969,-0.03308042453347367,-0.02593258583274432,0.02265794286560459
Muscle,N-Acetyl-L-phenylalanine,-0.046458120148931276,0.04222607129823899,0.028622869312178726,0.006886964678796395,-0.03697360245364926,-0.007741026006523806,0.005881047505969389,0.04370825663070309,-0.05641616579137874,-0.016462857463695423,-0.005727134009286131,-0.009021089848621525,0.01311922325190353,-0.009553584974554972,-0.045008810715921506,-0.03575930710711415,0.008782793215976428
Muscle,N-Acetyl-b-glucosaminylamine,-0.04565786004953309,-0.01223168403454911,0.02534672826115852,0.061431186237321495,-0.024783892608136265,0.020544988680795587,-0.047825741336179596,0.004861317700508112,-0.04301164392641917,-0.010505580657477408,-0.01970804340491166,-0.03754361181083096,-0.0024277470595688855,-0.016592158191120723,-0.0068594282429493775,0.007752991191272024,0.006295711396273343
Muscle,N-Acetylserine,-0.05421963145166544,0.029747647583633404,0.05399898726288913,0.02654871880474298,-0.02418522261692187,0.012847894194362488,-0.003786616195925739,0.03140858157221966,0.010944994507468477,1.867697689324828e-4,-0.005144659917751626,0.005131316281319611,-0.009300653238586276,0.030936073575713204,0.01577503074500077,0.014330575372542837,0.03252859996498266
Muscle,N-Acetyltryptophan,-0.02235451174870714,0.058700870218379816,0.035999330217442706,0.021088041094946865,-0.02383444726871655,0.009787326639307824,-0.04451074204581248,0.022386317191558112,-0.024171666039288022,-0.0224865002611986,-0.03722539033985655,0.040135623924807656,0.03806350667750959,0.014876564502884215,-0.0091270636125741645,-0.02530272556587174,0.039846651844015535
Muscle,N-Butylbenzenesulfonamide,0.020075310267784176,0.060689705970245485,0.0124453284705289,-0.021894402849364277,0.010782832964169422,-0.028252742679214366,-0.06581982916425377,0.00356385821299536,0.019581996971428633,0.05641639814993289,0.005252121308935973,0.03679956695018225,0.001551811567417957,0.028408575804236485,0.015754873745927725,0.0021055822959012583,-0.002794942086890195
Muscle,N-DEMETHYLTAPENTADOL,-0.008156611781237996,-0.0017646472672159378,-0.035947895119595376,0.04677435949546412,0.03867037788419357,0.07078453980105986,0.03818902356817472,-0.037626492141294245,-0.022215791385328126,0.024230224497748264,0.012459472561581945,0.0024780542546280855,0.04400674007826155,0.03748127739111758,-0.0073889731492924075,-0.020602186008291775,0.008456753676221677
Muscle,N-Decanoylglycine,-0.02142490736057278,8.881321185061733e-4,-0.00542210988938576,0.04565844178901588,0.03167370095122115,-0.022989311206974984,0.016199882339240256,-0.00212677922592025,-3.657323119228721e-5,-0.016486676414793303,-0.017929959048297434,-0.013976055189458986,-0.06890363842722623,0.027474120371138798,0.11959147138964235,0.08726308074236107,-0.0019783349398667404
Muscle,N-Desmethyldiphenhydramine,-0.026380685066640715,0.010387834291654513,-0.008716342854016042,0.017198190572742866,0.010800176982431825,-0.025078563688575556,-0.02644455380285545,0.06391821189681554,-0.05041859215903087,-0.03937743730054732,0.04696282673570154,0.08782521898659187,-0.0222926720355717,0.044559687317926595,-0.03568638303120291,0.02927733151447924,-0.014668072088003824
Muscle,N-Formyl-L-methionine,0.053329506944837714,-0.04577855243001955,0.03624871436325913,0.005965801768801495,0.029090637593368746,0.01736769190586623,-0.015112863939692956,0.01162896565643659,0.005609047778195103,-0.02889818287819924,-0.029849680497033824,0.024825123846179256,-0.02544959133788441,-0.006657689599178383,-0.031030709325095752,0.021902797144591153,0.022410101132435134
Muscle,N-Formylglycine,8.038910156546467e-4,-0.005580437253300887,-0.033640495947563444,-0.007804622789689095,4.7411416940726456e-4,0.004653836278163003,-0.07692196892064847,-0.04821160900091892,-0.07705127487149496,-0.028756748771664477,0.007533099694309315,0.024520961106150308,0.02432222419508165,-0.05580912791027713,-0.004188520507522093,0.06986018064567627,-0.009228094086820633
Muscle,N-Methyl-L-histidine,0.013953334848533379,0.007977993871959925,0.015314536990345745,-0.00989295587547004,-0.03671777320548429,0.08088474075247001,0.007795261549338232,-0.006159359744948679,0.026831315812893965,-0.031954383763572784,0.06681501728655018,0.0075279723729235895,0.06292435313130856,-0.04664354709111172,-0.004200241500349316,0.049688905941807526,-0.02020242807627691
Muscle,N-Methyl-L-isoleucine,-0.03933097256782527,-0.037889486929335484,-0.05489928885247844,-0.0011229152431991712,0.03291146482283509,-0.012570071358683732,0.0182127267801222,-2.679467495127721e-4,0.03784393991210929,-0.0315487308674215,0.025297951973169065,-0.025546295495273545,0.014361026944630893,-0.013047184617283686,0.005066770943221549,-0.05444907412969298,-0.022655561479963397
Muscle,N-Methylethanolaminium phosphate,0.060537933434739115,0.03453737186268014,0.017501062488499163,-0.04077409907424438,-0.04056967603664341,0.009887205370686226,-0.028435449479346904,0.012333737737383521,0.008955412201360006,-0.012286711247063837,0.005486711917141945,0.016541066165960537,1.914645057459358e-5,-0.0021133829340362516,-0.014265757608805676,0.004648295793335089,-0.01008092609058069
Muscle,N-Methylpyrrolidone,-0.035712345967027825,-0.016912943994960943,2.802220787154128e-4,-0.050813396516637965,0.006105052005109771,0.0442056536480154,-0.04869790228123666,-2.5761465634937505e-4,0.010363762933103987,0.04872284713729472,0.04004234939607028,-0.04220175644562377,-0.005106662411293425,0.011774719922974025,0.0747799951657597,0.028709093813787424,-0.018796542822919638
Muscle,N-Nitrosodiethylamine,-0.0069734075036985985,-0.038352599899498095,-0.03771724453616018,-0.006719253915063894,0.011197875093605236,0.01378697320695772,-0.06005655811519069,-0.04453008099534218,-0.0796741217199955,0.004207366535847152,0.044108075215314804,-0.02459667744966194,-0.024394260526690525,-0.02278162726295554,0.011985158698253015,0.02317179653117665,0.022630831691764858
Muscle,N-Nonanoylglycine,-0.007247872798228631,-0.06758269408716146,-0.036939251842777736,-0.03434157881439263,-0.006055684556384599,-0.03787351174914636,-0.016055638943789127,0.02020167238797535,0.02619912856624075,-0.01267650555080004,-0.003922526200621911,-0.02960408626534069,0.006187209893362009,0.021358802538583983,-0.003699017058297538,-0.04811954221638932,0.0033071611628921367
Muscle,N-Palmitoyl Glutamic acid,0.025968685073903,0.03288295299124405,-0.007947187822872457,0.010486807620784263,0.014706656422969219,-0.05521319842499771,-0.026525663791486902,-0.024067559887954337,-0.03788031995417521,-0.013465814648867007,0.0992501618614891,0.04539050361322966,-0.013170730176850049,0.015687074072721255,-0.027139153399535047,0.0057421883947242494,-0.01805459570235963
Muscle,N-Pentacosanoylglycine,0.012468494660121555,-0.041958405125978274,-0.019179174255629476,0.011302425493762038,-0.05587053424990558,-0.01578428104497439,0.04660441780195039,-0.01065310259988676,0.07241037465203178,-0.03544089291361069,-0.04055102875666638,-0.005626519856504696,0.013689590607978164,-0.037807753836926423,0.018689986767096895,-0.01199972867542236,-0.009228396651023008
Muscle,N-Stearoyltyrosine,-3.287157647345087e-4,-0.028943296524577545,-0.004611990292209534,-0.0338335279048937,-0.011826738783188108,0.009345740698952441,-0.01453356398154193,0.019730593062372022,0.09841156628921167,-0.0403863368645746,-0.06597329029107207,0.0488729271353581,-0.0448047153280553,0.020990416104659005,-0.01007030470747329,-0.012911677665399472,-0.0010888134372623504
Muscle,N-Succinyl-L-diaminopimelic acid,-0.010607332154410511,0.009795382490524624,-0.008250660174052175,-0.056688502674317125,0.021560551215621056,-0.017203476251301305,4.469080503945191e-4,-0.036037588729908,0.04269130130398866,0.042631191226206386,-0.022364972977939986,0.0064950509754551885,-0.10047406511787701,-0.07197950672506345,0.02663612141084402,0.02385748319631295,-0.02934578442921768
Muscle,N-Undecanoylglycine,-0.008668228959242817,-0.0027649950147201597,-0.03415862936024829,0.046096956152918846,0.04153762337927878,0.07143405284891725,0.04190663774594786,-0.031128114945086903,-0.020860412981046905,0.02618272047479602,0.013632904835199782,0.005043652239027658,0.043998774786484646,0.034950482904213986,-0.013391778755098992,-0.017298310975342672,-0.038023422385912824
Muscle,N-Vinylmethanimine,-0.02829466186046348,-0.022473981059176404,-0.0018563459364096967,0.007309177499294507,0.005290463678332311,0.029244402025657097,-0.035934566146761944,0.003731690064141206,0.09871836392213242,-0.01789308459512094,0.07839523037090951,-0.0359780096121655,0.02788164844208765,0.005672836552725623,-0.022406837348880618,0.0037623301694133396,-0.0022519726077795794
Muscle,N-[(4-Amino-2-methylpyrimidin-5-yl)methyl]formamide,-0.0010412799784829507,-0.07628813485516428,0.017894755271949746,-0.0404616070192364,0.01709162839323978,0.002769876668741919,-0.009331489198058287,0.022957296868200736,0.0364417026658539,-0.024271367436041823,0.02196187890578476,0.011472234553861208,0.026320296533148473,-0.014569041570027,-0.004722156716486754,0.009211956554508677,-0.001673527211883169
Muscle,"N-[2-(1,5-dimethyl-4-nitro-1H-pyrazol-3-yl)vinyl]-N,N-dimethylamine",-0.03540604673751543,0.0010392891772671778,-0.008750934152965004,-0.029066205247278532,-0.035822950492936344,0.08437125754714796,-0.013450837510919657,0.015086900683878662,0.03600566221304264,0.006473152379976298,-0.015468167751375246,0.051683777518170465,-0.041278170973362865,-0.022575552397037454,-0.008072852480227037,-0.016064241404421222,-0.04867992937649539
Muscle,N-a-Acetyl-L-arginine,-0.03513331584967811,-0.04560658242349668,-0.017864264018821092,-0.0020461295956737424,-0.06314126835673503,0.03255397365629477,-0.013851415741158531,0.024096904162954326,-0.04618993067330421,0.03329805026344812,-0.010889345208913926,0.004277623748423406,-0.0060436928438225975,0.027474619237339837,0.02173195652518425,0.014543978889733387,0.017927567531981808
Muscle,"N-isobutyl-(2E,4E,14Z)-eicosatrienamide",-0.009503859483763486,-0.047786105401835456,0.016835112998137905,0.021934655022796068,-0.02611020874305747,-0.07110269611730932,-0.018141775890080248,-0.00933529536825842,-0.0435500902864223,0.029104900565293173,0.012533730257724284,0.01660278831435258,-1.5847591775301726e-4,-0.07983326732073959,0.00822101509187255,-0.012080958538184748,0.01490572730663526
Muscle,"N-{(2S,3R,4E)-3-Hydroxy-1-[(3-O-sulfo-β-D-threo-hexopyranosyl)oxy]-4-octadecen-2-yl}docosanamide",-0.01875632322698662,0.005392659952312057,0.015365732922422985,-0.028008820928073937,-0.028277986877309688,-0.02713658768234428,0.03186071003878469,0.00339444842190609,-0.05877988141548742,0.04009160610980653,-0.02389764463075147,-0.08965521899848097,-0.011412894026453001,0.0070980450516184715,-0.07852728478124427,0.06355081467208089,-0.0023466012095667036
Muscle,N2-gamma-Glutamylglutamine,-0.003870781101454387,-0.009010147214431394,0.037160591466179074,-0.04992074603427558,-0.04973915101240188,0.029298623077776254,-0.014098266500240892,0.004351329334494565,-0.015027298488319707,-0.06716572104250351,0.003461178437108839,-0.056407012567849454,0.06252504314038379,-0.014879197235317767,-0.016753651870218284,0.01127804499528094,-0.07245382744517466
Muscle,N3-Metyladenine,0.052463978831646205,0.031012372145434196,-0.03698521246071631,0.00827883689504291,-0.039250207811411135,0.026053051041235637,-0.0163473773284303,0.03813545110354085,0.005556060277529044,-0.0054389337481675045,-0.03211460713344239,0.039077768322248484,1.9728456195096804e-4,0.02292837273561312,-0.03557279629585871,-0.016282205401656178,-0.050010028984357253
Muscle,"N6,N6,N6-Trimethyl-L-lysine",-0.020037512420498983,-0.03380387836307535,-0.028776601286087593,-0.009007407098710727,-0.07433613163193284,0.032400387100423055,-0.020522613525324446,0.030353035383726776,-0.04934288591042886,0.027611383207595985,-0.03360299294934573,0.009303401905470559,-0.00947960825692731,0.01032400563777302,0.02688762186850888,-0.004638572423726631,-0.02130925982981016
Muscle,NAD,0.03876543408675953,0.02724000500122255,-0.00605485171944432,-0.0523969306363301,0.00810405019105242,0.05122263897713385,0.041766346342652895,-0.01215291477353003,0.03694854648439834,-0.01711737906750089,-0.051707956006293826,-0.038414552605909556,0.013804279715331911,0.014777175631166753,0.02156862072800932,0.015582884514169669,-0.0073035822583679385
Muscle,Naftidrofuryl,0.015294792395750387,0.018292626452126638,-0.07159082891152796,0.014405895871272804,0.00785046525305795,-0.03343335582134765,-0.007716423638899477,0.022712819336580634,0.03321453602470825,-0.014252746962821278,0.06139335714492342,-0.01065447733083326,0.03177184998822179,0.01661185383030906,-0.03697910674966108,0.04163162951803481,-0.06057818013981747
Muscle,Naphthalen-2-amine,-0.06980590794400035,-0.020365811858497892,-0.006935520035301016,0.04106767194824241,-0.005087727108501637,-0.00445298446110327,0.01174226817132122,0.035486827221578934,-0.027050026604625962,0.018611301465576133,-0.014561001530679135,0.017047940680558496,0.01654451146530886,0.013639271010454075,-3.986018626303197e-4,0.018485176788704472,-0.006631679063135259
Muscle,Nervonic acid,-0.02945107322758756,0.02445355842607123,0.06695803781681599,0.052044663477357755,-0.004300420787527205,0.011905156523276462,-0.021489944510243945,0.01822462369393244,-0.0015832747934904456,-0.03698364068213702,-0.01107381243396072,-0.025803249234215887,0.002838994662057022,-0.015006229865405018,-0.011435419096210337,0.016719357537367713,0.002717215991412149
Muscle,Netilmicin,0.012754096827776272,0.017787356378029362,-0.013152110680908645,0.019577808801481467,-0.08040963587002062,0.022478015101028172,0.05663700147053119,0.00337379582319484,0.02019629824113487,0.029869807550888874,-0.024775101263327413,0.029653120864884856,1.926853580502472e-4,0.018046926359892284,-0.06673435530599409,0.03468052805985096,-0.015129073782677825
Muscle,Ng-nitro-L-arginine methyl ester,0.042146481926442346,0.027672858545079376,-0.02090330552942063,-0.016041248383778184,0.022623468678326267,0.07754894999488249,0.011893612445111227,0.05136757523994726,-0.004121345909967867,-0.026090628880332485,-0.03130784391875492,0.010524003486946154,0.018844694975452474,-0.0013634929013591156,0.0014347417976162539,0.027556912407269,-0.04042649152081646
Muscle,Niacinamide,0.006564718222333413,-0.025015991600864113,-0.011276087117853908,0.007883090707626824,-0.04854385979801051,-0.041942558231062535,-0.020861402376715403,0.08635245901091201,0.04350163102283585,-0.02144126407851031,-0.0019607196392155512,0.049705623036564145,0.007089056036603089,-0.011846948559513197,0.024738778227168863,-0.06817408619538166,0.015521913017337052
Muscle,Nicotinamide,-0.04691993709422197,-0.025906657717273837,-0.026185270222312713,-0.006472729801134489,0.05055299905396599,0.0072467958301786345,0.056823589632526886,-0.038244502416984724,0.013360455035722517,-0.01585052759385182,0.01318546830996216,0.04881317542691319,-0.023291441166331143,0.004199520406837425,0.02954177409586568,-0.005423054528242759,0.009267571028694641
Muscle,Nicotinamide 1-oxide,-0.049032841830189376,-0.004375282822960818,0.037742218906047835,0.06354754306903924,-0.002063514887661879,-5.384665391003749e-4,-2.1534424694505928e-4,-0.009722169126740055,-0.036994621448869426,0.015928530132586525,-0.002536746245440685,-0.027727882167617724,-0.044724821346120935,-0.018947180095041115,0.039348417559259545,-0.01571685528661616,-0.06754916481653377
Muscle,Nitrosoguvacoline,-0.053603431117516774,-0.059893739807885496,-0.016271349412765108,-0.010447683735014505,0.019796748389797635,-0.0074521663955642616,-0.0022475323445621514,-0.0029229301312833017,0.028396172118286083,0.03548159043868921,0.016865218415670145,0.005186038610418921,9.87343839020917e-4,0.008777368961970827,0.03349235750278603,-0.020520130997440655,-0.011104292933909394
Muscle,Nitrosoheptamethyleneimine,-0.055505589504001945,-0.031238890135941416,-0.04283887421634766,0.021383914608311388,0.002618220252695357,-0.015108446985690475,0.01554860607967825,-0.008568735787828928,0.023040147596658327,0.048044259888566435,0.007767641064383691,-0.043399926889379464,-0.018464329139550362,0.022395364097781006,0.012174088160684092,0.026139706588472787,-0.010788584514299732
Muscle,"N~6~,N~6~-Dimethyllysine",-0.029016995243451842,-0.030794461285577706,-0.013870589942419182,-0.01887288817694507,-0.041792243998397635,0.01382101154729865,-0.03908727235603417,0.04650047703471336,-0.08837745889185743,0.03669970390016915,-0.0012408521892218283,0.004124004451815016,0.007145716049943083,0.03663974135951208,0.01532909138621063,0.01752011526053584,-0.014927742865815352
Muscle,O-Phosphoethanolamine,0.005754027667136681,0.009536387998153196,0.06040034504524011,0.02405397957043029,-0.06046952806954373,0.04061909771515521,-0.049679333600528064,3.0049456619777714e-4,-0.008317222833024444,0.012150872192769327,-0.013024354207940228,-0.021870268325005108,0.024367132314688435,-0.017791934553651845,-0.0034544771521651616,0.035557950093462326,0.0030196960908322403
Muscle,O-methoxycatechol-O-sulphate,-0.020112219840760077,-0.0048854411650828275,0.06788588620118345,0.06560278849004916,-0.02075778379562971,0.02669954788615004,0.0018198445278829818,-7.708907967998638e-4,0.01655848117151203,0.01143496824012145,0.0049753312827441505,-0.017620713469385086,-0.013531791867672383,-8.623032928914918e-4,0.007421337096086298,0.03252487254438821,-0.005204456189609643
Muscle,O-propenoyl-D-carnitine,0.06255205014847294,-0.0545594705878006,0.023772896138035376,-0.021881101449161725,0.007654754357433393,0.0037432867658790375,-0.00951568179572589,-0.007266744043416537,0.014666136744774398,0.0070619249192215,0.003042290206625853,2.997575020606531e-4,-0.0034550346871338048,0.008778031491109832,3.483215013002181e-4,-0.006502781769797029,6.712921888693337e-4
Muscle,O-ureido-D-serine,-0.05861168282693311,-0.047523442008274346,-0.01572233628241612,-0.025936824581920214,0.0014731330666295022,-0.026108009980868634,0.01787279393072746,0.017053214193893898,-0.023376533092606573,0.014399394141272689,-0.013143911233835228,0.026172206077193914,-0.02439579138648224,0.010339709984122375,-0.026180307316013555,0.03847670631995756,0.017293117420484446
Muscle,ODA,0.027043984298486798,0.015034274634588295,-0.002684860867619923,0.0018719675168729275,0.029490160637999807,0.023646746469807904,0.03310303777881155,-0.03701201805373352,-0.060122337907850126,-0.006305921948101967,0.04196977535093934,0.0537183959387171,-0.005743057721409032,-0.09961459672194355,-0.05028708845014856,0.04755323189001281,-0.031022461604925756
Muscle,OLOPATADINE N-OXIDE,-0.045871644881456265,-0.04122205074709211,-0.009674515010809744,-0.005809736666834374,0.013392759174519618,0.049899008554404316,0.0065543194023578895,-0.02831469658314526,-0.005768908742541955,0.04028559966088471,-3.1419299338772e-4,0.028602137067567698,-0.011441959985996127,0.012842887815427657,-0.08342874857537964,0.052497801069271044,0.06318128933201812
Muscle,Octadecanamide,0.02425875577452235,-0.027135019620959995,-0.05733330254887556,0.04274726056422766,-0.026660709533730793,-0.008314179734805669,0.004878933465224177,0.004420843663268239,0.06141729879286163,-0.012400706794430838,0.004317282952735971,-0.031089772274706686,0.037645346911313854,-0.030645145929302398,0.0016267390516188206,0.043347263011481146,5.0309189407286e-4
Muscle,Octanal,-0.05025633757131076,0.02080115905182127,0.013048639845794461,0.04458428623869094,0.011261635620066088,0.005117787635565967,0.0528792230249614,-0.04714805690657684,-0.007126202915023178,0.02528644066111737,0.01723876879214655,-0.01751201624902182,-0.005032425117019098,-0.05849899939759764,0.020817015673157222,-0.04712570539688798,-0.0031814723590202322
Muscle,Octyl hydrogen phthalate,0.002911475124900262,-0.03711225594777383,-0.01732918353008744,-0.014440842824506667,2.7571386778897547e-4,-0.06337973880617982,-0.014179068175404876,-0.04178845029764716,-0.03727173166893588,0.02074732653205351,-0.04576619971120804,-0.008835332521673027,0.05883198560814413,-0.0025592381310487098,-0.09523611360967418,-0.03129799523684008,0.00949297692332347
Muscle,Octylamine,-0.007519333442079033,-0.009127948826336461,-0.04309673668756106,-0.008896581584914626,0.017369735124705847,0.053792932755873026,-0.030578137713695133,-0.0438972863872228,0.05800913271212092,0.004267862519065233,0.0416571920373238,-0.05762452556071031,0.05477021166103083,0.006376309403110139,0.014680916871548974,0.05720258509734867,-0.005074358617854653
Muscle,Oleamide,-0.016218864519397438,-0.03461931334750277,-0.019768296071690138,0.03626379036784091,0.026412000463228152,0.011670592253708185,-0.020414677342781032,0.015073354640070601,0.07310970748556024,-0.030252457545683835,0.041110131774014506,-0.05451339347760813,0.002117017714039249,0.0372494724899221,-0.06635228761805599,0.04827687962527587,0.006645833271741675
Muscle,Oleoylcarnitine,-0.020134003205491878,-0.017847243602781462,-0.029289517083236506,0.011620142914441797,0.010447121219170743,-0.09514436843719558,-0.00306587552018689,0.004207185501678653,-0.03475396868810741,0.003232658617433082,-0.010400836874513469,-0.044197906843279254,0.059602068365338504,-0.028117395044152903,0.024810155772420458,0.02546020401576819,0.03836374733755917
Muscle,Orotidylic acid,0.010042021840346846,0.013729485909672453,0.05350788873866867,0.04154102975023663,-0.02483754340962881,-0.006134805073702648,-0.023282762382274082,0.027393673453225496,0.05807047677945923,0.044458827608624685,0.07046645419085658,0.02696882541334919,0.020755906092790946,-0.004305570710125835,0.006542695129337719,0.0018584151339091917,0.027318087095853177
Muscle,Oxalic acid,0.062047775328266316,-0.051363162991946675,0.024718050835436718,-0.028880300849600627,-0.004306456816324939,0.005791356365735494,-0.011172745967819373,4.900898419905987e-4,-0.006249210152203825,-0.013029905456869944,0.013701065805506318,0.0016235408785979615,0.016103321647333406,0.015036137235551082,-0.011233180191103528,-0.00487066146801805,0.0024381243201721903
Muscle,Oxidized glutathione,0.03413057550418835,0.05329768427936506,0.006210132834387447,0.042251293984310496,-0.0018949956885827017,0.04752308634018547,-0.0395948955697083,0.0228267457506469,-0.03327431408850128,-0.014410809930451718,0.007940100128125401,0.019374054526138405,-0.0066178765307431,-0.04972921801533019,-0.01393589465189728,0.011066350876294234,4.7324604134400654e-4
Muscle,Oxoadipic acid,0.057508891546743886,-0.055281984270159686,0.01223492775942699,-0.02252111071414902,0.009804740527367517,0.01233096808774031,0.01776902909527073,-0.01725608030725231,-0.008721967578932706,-0.023637088382473307,0.0020997239161898037,0.029472250174531357,0.026521122815938204,-0.030260313267605157,-0.005536063522503341,0.0035319567955595945,6.115123243087839e-5
Muscle,Oxyphenonium,0.03542647101251137,0.01507430352342136,-0.007647337494346874,-0.002493285321869485,-0.04051398905502772,0.03443417741366789,-0.007597888595772891,0.04660762744644781,0.013069248529430632,0.05415507900469981,-0.08482800051222185,-0.040061826139172474,-0.041492276649060814,-0.001703814838746661,-0.037203226488937785,-0.010190134115605024,0.010719236175540011
Muscle,PC(14:0/14:0),0.058061861700022144,0.00856773127720771,-0.0386044052577202,0.04736181258206846,0.026577756202170125,0.006404604940239505,0.025145055008713384,0.036164035364392624,-0.01004267821496194,0.02005283299692802,-0.01985702814044645,-0.0040688673442370316,-0.015110768811259752,0.0053059717900364725,-0.02212848999413096,-0.014227216657459022,-0.013830821216699108
Muscle,PC(14:0/16:0),0.035097370836898775,-0.004211389153625359,-0.028797244679622684,0.05195325530872749,0.04177366122016236,6.855060845819203e-5,0.0254961912023293,0.0843055785235607,0.006563073940082501,-0.0056442946946918884,-0.010095610884771709,-0.015199288089378676,0.007141294474913685,0.04081589570507816,-0.004375401086819772,0.017296753536234097,-0.005544585738870741
Muscle,"PC(14:0/20:5(5Z,8Z,11Z,14Z,17Z))",0.04019186261586401,0.005556837404346995,-0.03753541287304924,0.02182258650681906,0.012286265515843744,0.04763013502939838,0.05052988330665986,0.028947237203100103,0.02487515074927127,-0.013757807867752126,0.008258264058111843,-0.011072177343713206,0.06960416727627551,0.06089983787558934,-0.006821237882314859,-0.029641174360715932,-0.0082444235300104
Muscle,PC(14:1(9Z)/16:1(9Z)),0.03826759666461392,0.01654716401410667,-0.027446183240415693,0.04478714115995215,-0.006857118017100328,-0.009333230507692728,0.019014367459204703,0.08610313199064243,0.02782853223688867,-0.009251347568652958,0.01786319944852789,-0.010668420733401015,-0.02593924134044595,-0.021154685477017435,-0.06701775926708978,0.014068943747570894,0.002597622308126199
Muscle,PC(16:0/15:0),0.06569245338576786,-0.024938172402595722,-0.02592291915849782,0.04446458119519333,0.010362626532990579,-0.009928682515061522,0.023049924688618828,0.012989067718927237,0.012700604805791183,-0.017175215811067776,-0.02537615929779752,0.014064013265756941,0.010530783073864158,0.01233795741070359,0.007310532611456084,-0.019787057962401006,-0.02003497818499171
Muscle,PC(16:0/16:1(9Z)),0.01474246427673328,-0.03131307141860146,-0.010458420626920263,0.011316729861250626,-0.031151274737948917,0.022558467294757908,0.041255075503174574,-0.04222025061272582,0.08812606691153181,0.01453974729022334,-0.06673522671145796,0.04665753297890783,-0.005294777952727321,-0.023985282140702436,0.0035471938743326928,0.006082546420481186,-0.03878690368204312
Muscle,"PC(16:0/18:4(6Z,9Z,12Z,15Z))",0.014879482636648799,0.013156773650080713,-0.05584670897353047,0.05219422865199651,-0.032379735243976755,-0.044775876478200576,0.020975076313329115,0.03730661994758786,0.033404949014593933,-0.031026842490696756,0.01528956172650449,0.028898561800520188,0.008860346457791782,-0.012167634475485477,0.008561632232645226,-0.02482909796690392,-0.007481914576208694
Muscle,PC(16:1(9Z)/14:0),0.03169379072094771,0.015974442798839663,-0.0521975132258683,0.06514031613440803,0.031062429743351258,0.032329018525382766,0.021829666551360132,-0.010918130512139933,0.014460479684456715,0.011223971600163639,0.00974081324145963,-0.010857691645489482,-0.005684494610281406,-0.006934584836053032,-0.03809364688888127,0.00732912340716312,0.026676514057447323
Muscle,"PC(18:0/18:3(9Z,12Z,15Z))",0.029931754067863026,-0.011141233774123639,-0.0643650322156986,0.04945641824370955,0.010662332497527321,0.012142271229912705,0.021329526106418317,-0.022018109737079506,0.05707442037526127,-0.0032610301576017813,-0.01983516260770766,-0.011293120806922265,-0.0021422319617185907,0.017302250849538268,-0.030527042741313206,-0.008248390056085148,-0.03405204116958488
Muscle,PC(18:1(9Z)/15:0),0.05938628074935083,0.009617319517434912,-0.005461103189115732,0.033874680410377306,-0.02683356828810919,-0.023345561682587983,0.03090909865698981,-0.0017611429606693954,-0.019954686797011234,-0.07129320606116753,0.010057775789852825,-0.04319734980704655,-0.005503946944631127,0.014481292981729713,-0.0061523949375083195,-0.005554185746760827,-0.006116773638157776
Muscle,"PC(18:1(9Z)/18:3(6Z,9Z,12Z))",0.03427422538462537,-0.02139859697399888,-0.027226825940937303,0.012542088018669413,-0.07517905225111904,0.0037580613982349494,0.015984864408343104,-0.030216455811800793,0.03402697786879459,0.006893144157980488,-0.011491399477888593,0.05734757110820071,-0.02223176777669739,-0.034889604292675146,0.028556982653431248,0.013038791848110753,-0.006557004268912676
Muscle,"PC(18:1(9Z)/22:5(7Z,10Z,13Z,16Z,19Z))",0.017040928626813803,0.03154723444882591,-0.00468808476833174,0.025337051322840712,-0.0063846321350460155,-0.03653608306124978,-0.058018292288325314,-0.015087673257525691,-0.03175364176335369,0.008469001400465984,0.0901123461748922,0.05795884198740631,-0.02192029588532464,-0.008161358072560201,-0.05198021598976978,-0.031497378453516814,-0.01242731441088263
Muscle,"PC(18:2(9Z,12Z)/14:0)",0.027613735059819622,-0.00581785802896076,-7.837393027012443e-4,0.054800320997118915,0.057459742151279046,0.03910967927546761,-0.029218792963852266,-0.016402944587237848,0.012423059966440905,0.023422903652587247,0.03016329787734133,-0.03270768616504906,-0.03699850926720238,-0.01842453039225128,-0.07356907952753351,0.014040024502757957,-0.0156751981507874
Muscle,"PC(18:2(9Z,12Z)/16:0)",0.045051358436045894,0.03032148112170512,-0.00774173791407322,0.07638257285451826,-0.004500439828899022,-0.01912130516392175,-0.004340257491104786,-0.013378926291063967,-0.04994041340824069,-4.5310146887018196e-4,0.005949801686140379,-0.01066516306937401,-0.008519357549717933,0.006775550404346264,-0.01242991556978028,-0.00883791640743575,-0.004938559649565054
Muscle,"PC(18:2(9Z,12Z)/17:0)",0.027927707806850277,-0.023582950479530553,0.018360924160007765,0.03816877865628892,-0.05423413763441562,-0.0553787579657293,0.05915834040784231,0.01378623836111754,-0.011396455682720822,-0.016553842538494914,0.036713213315887,0.01607891067421367,0.015797369003930303,-0.013032201193901553,0.0223059044915185,0.02342445509985161,-0.013984449620587914
Muscle,"PC(18:2(9Z,12Z)/18:1(11Z))",0.036559623177819814,-0.017320675084467246,-0.05732870772513585,0.04189895670925533,0.04274172979256892,-0.016836010140495846,0.03226523549604458,0.01213681004763677,-2.3178864302717144e-4,0.012379813383848998,-0.010571565049541733,-0.01930785742099726,-0.03949488985234446,0.014453375844038345,0.01950964924632952,-0.030766979245224663,0.02950333502216724
Muscle,"PC(18:2(9Z,12Z)/20:4(5Z,8Z,11Z,14Z))",0.03561721401282432,-0.009099887086940716,-0.044921949702920835,0.04532505081145572,-0.0036940271046990913,0.01992533381031827,0.040273211141466245,0.034877956247812245,0.021578187584328522,0.02308619007976578,-0.017862781946039484,0.00908124302710722,0.027619510212288062,-0.007789400798036279,-0.0686544200767526,-0.07498837657259474,-0.021667939812611496
Muscle,"PC(18:3(9Z,12Z,15Z)/19:1(9Z))",-0.03484339568117925,-0.016140118738710588,0.017574597808154374,0.026244274854756396,0.008273617367319068,0.007461515085829043,0.020626340320650898,-0.047670800340602996,0.014445367699758781,0.022549181401748584,-0.050693679917846374,-0.041224888750918516,-0.05961350798280657,0.01356893670035925,-0.06538358516658797,0.10528197589772031,2.231040368849618e-4
Muscle,"PC(18:3(9Z,12Z,15Z)/20:5(5Z,8Z,11Z,14Z,17Z))",-0.02927358949718725,-0.010092082191169359,-0.0522518473166335,0.045117780051558976,-0.0034479469795620785,-0.03057464735380813,-0.02885917822040019,-6.170127667274847e-4,0.04777883375910345,-0.06297222345953268,0.016447646328947997,-0.006725076568136802,0.04666830784461965,0.017852065086276153,0.020021067962543007,-0.006772826357431059,0.011574761445249592
Muscle,"PC(20:4(5Z,8Z,11Z,14Z)/20:1(11Z))",-0.017986871833458113,-0.011853638378760328,-0.022469690899254807,-0.019103699014078372,0.02398907047711634,-0.012251311207726092,0.061075831279389266,-0.017718109567394794,0.01689663688710326,-0.02541678355439412,0.05600307221022288,0.11236711044936414,0.00488077832145232,0.014890766398749127,0.03896020972485749,0.023985699328568588,-0.009528322080155376
Muscle,"PC(20:5(5Z,8Z,11Z,14Z,17Z)/15:0)",0.010927917146341762,0.04418061622208013,0.01361419714278187,0.019603649395414195,0.003791508305675064,-0.038871760663743204,-0.06922833199502391,-0.05017415105550368,0.021680377098634487,0.07147567791196256,-4.527482021542601e-4,0.020882356443359187,-0.00880180386211138,0.043969152658482516,-0.013322729561235582,-0.012001661427200579,0.03410650200235845
Muscle,"PC(20:5(5Z,8Z,11Z,14Z,17Z)/16:1(9Z))",0.016769015326035575,-0.013159665324935328,-0.03805736390446363,0.02995768584615159,0.06552962241718618,0.021110177668617246,0.012624180504314212,-0.04968427493092787,-0.035631554206080295,0.02569695314505801,-0.01557393366249068,-0.0515416504885836,0.04061530984917816,-0.029784329965106618,0.03211485410043973,-0.0033176670242552656,-0.01341282027268698
Muscle,"PC(22:6(4Z,7Z,10Z,13Z,16Z,19Z)/18:3(9Z,12Z,15Z))",0.02030393492490255,0.0152117049239057,-0.043809459709305915,0.03173589163922163,-0.04742128935218028,-0.0033951812259723443,0.06718489020828546,0.023570544330735396,0.006761578663071014,-0.021487262204891427,-0.027479456862988028,0.04275411523488219,-0.0233665441703424,-0.011914706879572903,-0.06299495455571313,0.030784043569032915,-0.01435806692850271
Muscle,PC(o-16:1(9Z)/20:0),0.033799308203875146,-0.008482931925185047,-0.025575795071988768,-0.012517564948172702,-0.059270813489958045,0.024164659323406425,-0.047712216077430224,0.021608801362688192,0.029146559647306475,-0.01792657499132202,-0.059870707168102826,-0.05285904520897852,-0.042592681412132405,-0.008015611986806207,-0.02244513967267198,0.008818291089634443,-0.006239297513735976
Muscle,"PE(15:0/22:6(4Z,7Z,10Z,13Z,16Z,19Z))",0.01936653677887393,-0.018997504077327573,-0.033956540758307265,0.07626886253585713,-0.03476474927512531,-0.010747130871835547,0.024584561250734,-0.0027461456298646324,0.055118927063901396,-0.021394796572513163,-0.00329506459467829,-0.007501311265371142,0.0422723407695429,0.006250459186913869,-0.01487674989707952,-0.011243581811541075,0.007332447156202958
Muscle,"PE(16:0/18:2(9Z,12Z))",0.006871769540059532,0.031201252502806552,-0.03238003673234653,0.043734680831868586,-0.022817982423769652,-0.06431832358737942,-0.027789084909251315,0.034773155769342104,-0.02191044005995973,-0.04495360719541728,0.04908063822045913,0.01542697753724929,-0.003288505615502356,-0.02141658419836751,-0.0450189996635672,-0.015900996728666673,-0.0018943580375757828
Muscle,"PE(16:0/18:3(6Z,9Z,12Z))",0.04706706513983642,0.002526750580119667,-0.009300470773197601,0.01912234671599186,0.052279711763158605,0.014567555306422737,0.010143317320405973,-0.0113330759981915,-0.042394789899928266,-0.003865840623900172,0.004416162114591768,-0.02555976466359101,-0.03833587562348335,0.004477789456858436,-0.10743369744951516,0.04081020808609333,0.007337666699313361
Muscle,PE(16:0/20:0),0.05513227205919532,0.03310661957504673,0.021131346444455888,-0.005598886256988455,0.04441348279409063,-0.0076215947711628694,-0.04588780931299479,0.04913495657177257,-0.02471994942369707,-0.015687794001787957,-0.013518576471412769,0.0063540603288233365,-0.003991532129344995,0.014336488646845695,0.004420148678108937,0.017523995687142194,0.021504644188643802
Muscle,"PE(16:0/20:4(5Z,8Z,11Z,14Z))",0.04038252113467301,-0.02704837120812739,-0.004842636430737329,-0.011397012526964703,-0.054830468787964604,-0.016738452417456175,-0.007011990409657454,-0.0836589116751263,0.016389892715456364,-4.257835778092339e-4,-0.046654908337411094,0.02680499379064412,0.02331507139228071,-0.013545240911051021,0.009987484333576711,0.013304435468164665,0.011523619912008235
Muscle,PE(16:1(9Z)/16:0),0.06887998571485032,7.56435737648905e-4,-0.01868763603502877,0.00431317421197157,-0.020998940092902953,0.030660653798009776,0.04722321367094727,-0.007922758282149715,0.008393938047770262,-0.017101581871742662,-0.011155823621715244,-0.051656343814687464,0.003335979232038606,0.0012725690510470376,0.006921248600023024,-0.013987665451263924,0.004700780484284016
Muscle,PE(16:1(9Z)/16:1(9Z)),0.014568331906296594,0.0586807872842558,0.011167990446959465,0.008530709287636048,0.03006196785772263,0.019285116572028527,-0.019692491312369418,0.04113165885295626,-0.04510604288195405,-0.05804146180146769,-0.017021111293587885,-0.00809104354904784,-0.022094037550906546,-0.036300825464570675,-0.06423455014314365,0.02946307272645991,0.003896597088694117
Muscle,PE(16:1(9Z)/22:0),0.041881093817000926,-0.022676105651447558,-0.00469494044893089,0.009124739451606469,-0.05538569247311117,-0.018439777760685897,0.014794676506360939,0.008137195471829157,0.026299252695197922,-0.023638715817275807,0.04636456622013566,0.07747995064910711,-0.02555123445846553,0.03320811829668588,0.015564124756329838,-0.054009536878232345,0.0018248089946637394
Muscle,"PE(18:0/18:2(9Z,12Z))",0.019483283115798188,0.04674109677481219,7.135043640274772e-5,0.030489133770154758,-0.049542595215906086,-0.06257799788283064,-0.036938185210568034,-0.0030660013312337727,-0.037070452755245974,0.0016364138531129,0.041788272853283105,-0.0039416339274040875,-0.010727350047410981,-0.011046375502442255,-0.01881618603831237,-0.025967133842261018,-0.029974805262418802
Muscle,"PE(18:0/18:3(9Z,12Z,15Z))",0.02415515164130686,0.046099360353277774,-0.052183382757899584,0.05956234481963828,0.02440593135756436,-0.0013855877244952543,0.007739673334761844,0.013974797372769887,-0.023532099490046268,0.006646294068348042,-0.013664642552045832,-0.023848693898555796,-0.006277426073874144,0.01928123920797732,0.004625321483282632,-0.007863077544196304,0.016696421013970012
Muscle,"PE(18:0/20:4(8Z,11Z,14Z,17Z))",0.05149233014532452,0.03876882052440166,0.040765100569117904,-0.022838940936745645,0.002876761103826614,-0.010155445106228414,-0.059082175478670486,-0.033985822333596864,-0.006147098158278473,0.0062707301264992325,-1.641209551789689e-4,-0.012882011531710775,-0.009722146363307347,0.01691698795266602,-0.014345389357985489,0.015006297967891248,-5.525087582629915e-4
Muscle,PE(18:1(11Z)/P-18:1(11Z)),-0.024088262415699356,-0.015577145475099256,-0.04226738193710474,0.0022661700507884885,0.036144367058488815,-0.01711679097975226,-0.013421518131415885,0.03166292251837699,0.04931106818558852,-0.02637530562504448,0.0958959055667997,0.018361142230159323,-0.01306134339694751,0.013364396326042258,0.049978337615225306,0.024426484836051872,0.0014056720752270756
Muscle,"PE(18:2(9Z,12Z)/18:4(6Z,9Z,12Z,15Z))",0.020240621681448818,0.034886706856040464,0.025767007785058558,-0.0360022178880999,0.03785517191646536,0.013767333614772562,-0.051887927970648395,-0.032377702717864325,0.01804899599118744,-0.018246571665041077,-0.08683548506297392,0.009803136403901095,0.007411330170991225,-0.017030199507465274,0.025174638835915877,0.03353915580116808,0.0037525659118666475
Muscle,"PE(18:4(6Z,9Z,12Z,15Z)/20:4(8Z,11Z,14Z,17Z))",0.023409954384673016,-0.014215964783988767,-0.04623954156140479,0.028298335888121702,0.055773936835664846,-0.03320999946787415,0.02510170558149993,0.03969633555548278,-0.03211853097017679,-0.015403530986300012,-0.04475642235156156,-0.010160352412300056,-0.03352315642560661,-0.04723989243699022,0.022124224938825616,0.005208357066344157,-0.013981041490618223
Muscle,"PE(18:4(6Z,9Z,12Z,15Z)/P-18:1(9Z))",0.04022175111487427,0.05143545222890154,-0.006651196524526507,-0.019834755222608445,0.019713835941359288,-0.01286795351939996,0.00406452830083641,-0.025141415080154685,-0.014014112860458146,-0.0060987667478892655,0.02890460689940476,-0.06078720061958933,-0.06675693717315834,0.022556141864274844,0.057511365088162986,0.0014129271739642755,-0.01764081900827061
Muscle,"PE(20:0/22:5(7Z,10Z,13Z,16Z,19Z))",-0.02688455544845422,0.004519285853480004,0.016090832937396344,-0.016532491472464567,0.011981670745921581,0.021702747061995938,0.01814127461943747,-0.025864893603494952,0.03138411853029955,-0.03418133482640971,0.010702198680386393,-0.049416512369045304,-0.016580191671094473,0.02873106913500473,-0.12757368991424678,0.10208052218839805,-0.017976299776669345
Muscle,"PE(20:3(5Z,8Z,11Z)/20:4(5Z,8Z,11Z,14Z))",0.037638493941111205,-0.051021582297723064,0.02449991211287699,-0.017403360815616543,-0.010157470847706657,0.03733577092719711,-0.01806256964017307,0.0015175452583362143,0.03573961567778619,-0.025227749937372347,0.024575566038900286,-0.035514051617135375,0.06276470329398921,-0.0443102251579335,-0.001251977044907204,0.029274509070028463,-0.004351405848032698
Muscle,"PE(20:3(8Z,11Z,14Z)/18:0)",0.020118187428399544,-0.04756432114191532,-0.016389152755643354,0.029254620116286722,-0.06380880745010527,-0.016364646664678385,0.006507990123956164,-0.05900844635430675,0.025196105821041394,-0.02198150516930441,4.804715450475699e-4,0.011014507846800446,0.017139769250253352,-0.04201892011550829,-0.001209343508497988,-0.03401825733244235,0.005935985894959415
Muscle,"PE(20:4(5Z,8Z,11Z,14Z)/20:4(5Z,8Z,11Z,14Z))",0.05773926011213087,-0.051042431681100876,0.01645261227433508,0.02215386132043389,0.010081652099547492,-0.006896440681208575,-0.007773817319186253,-0.026106076541313614,-0.020488118256480645,-0.02163493939532332,-0.018153577802938876,0.0018382826837043634,0.01712470619165933,0.03400736888121336,0.028214010614275066,-0.040944160972314785,-0.017897386364799813
Muscle,"PE(20:4(5Z,8Z,11Z,14Z)/22:4(7Z,10Z,13Z,16Z))",-0.037375045054828596,4.573701252813113e-8,0.004244122438422973,-0.032997658325589256,0.03549057370427068,-0.019711799241667938,0.0015231508780833584,-0.0244332551953035,0.02683076835619052,-0.05569261383107743,-0.06400935186302677,0.04675435451527267,0.007013449983805438,-0.07462776618352712,-0.03173692911259632,0.050151750483298764,-0.047881838580944754
Muscle,"PE(20:4(5Z,8Z,11Z,14Z)/P-18:1(9Z))",0.029751012560709028,0.02243381709939429,-0.02756947833864581,0.0021109717944887583,-0.0320240900467245,-0.045635311018028785,-0.015015585713819394,-0.0710823444162642,-0.04666921830733988,-0.020231472604303278,0.058482931452449934,0.020871924693530424,-0.04683078580689637,-0.010190236479502216,-0.01924604521519491,-0.00710404449066071,-0.008866291810667946
Muscle,"PE(20:4(6E,8Z,11Z,14Z)+=O(5)/P-18:1(9Z))",0.04225510058583885,-0.017852096684586104,-0.04593754746116813,0.04279887353159158,0.05880192107831514,0.006222482798910732,-0.0018485246083919326,0.03148124315616379,0.016636399478398803,-0.004979055332059615,-0.012557298075419852,-0.01974686088792729,0.013124007305508728,0.004412676269026612,0.006526542090346566,0.03191044902134798,-0.011043705230999195
Muscle,"PE(20:4(8Z,11Z,14Z,17Z)/20:5(5Z,8Z,11Z,14Z,17Z))",0.008857138725803631,-0.04610180968838889,-0.01969995034184243,-0.02286423868185511,-0.005919933790821575,-0.022069231972995623,-0.021496075075592584,-0.07393414332364304,-0.023186948315392808,-0.03477936868058549,-0.011743209763437871,-0.02276477271421865,0.03253520804127938,9.946772161814885e-4,0.008191692643201945,0.11521743946964604,0.008858913158273222
Muscle,"PE(20:5(5Z,8Z,11Z,14Z,17Z)/18:2(9Z,12Z))",0.04308387928430694,0.005983395079445172,-0.04346835176223308,0.05037032281743009,0.04676038406394817,-0.019670877187181673,0.02931430664211029,0.015987612532705916,0.005551570225059039,-0.004779125372590507,-0.04430557579312028,0.002139103716118007,-0.02306142161963181,-0.004552051298123992,-0.015983413028049138,0.028887924250585884,0.010751510515023172
Muscle,PE(22:1(13Z)/18:1(9Z)),0.04256451738965436,0.004000151215001608,0.022733133765710796,-0.0017093102052303272,0.004374572258638715,-0.01607457458982857,0.045827760631194606,0.015615573597208974,-0.024117495448719856,-0.02917882838205709,-0.005775657119299212,-0.11034565299578789,-0.010071145556418463,-0.045105578238575646,0.04808375802183011,-0.012111563606773654,0.00153000416426499
Muscle,"PE(22:2(13Z,16Z)/20:4(8Z,11Z,14Z,17Z))",0.04851792251655775,0.001037055290637553,-0.03558873388039689,0.009939592324090179,-0.034555859763071385,0.007257698450132282,0.03535941194806662,0.027808420040747985,0.06110312231225861,0.006355782795931921,0.022237307444888565,-0.03768094024550268,-0.053841948214317543,-0.0046790280556011435,0.04724620505440763,-0.004042090306303497,-0.03933066116499734
Muscle,"PE(22:4(7Z,10Z,13Z,16Z)/20:3(5Z,8Z,11Z))",0.028436139838412793,-0.011941574209378766,-0.02225259068927039,0.022906760884937354,-0.009781447062815174,0.01027628505518999,0.04214894327812322,0.024236058254102768,0.09123387700187563,0.01275598689655886,-0.012930935864197501,-0.032619330529920096,-0.010275504690049033,-0.04991929154984948,-0.08968667319715645,0.028199942923159988,0.002987517339513351
Muscle,"PE(22:6(4Z,7Z,10Z,13Z,16Z,19Z)/22:6(4Z,7Z,10Z,13Z,16Z,19Z))",0.014641223908058313,0.019658413359543665,-0.023986287111408967,0.020839237639308495,0.02165088117190193,0.0035891039603641118,0.06192842347131244,0.009138215199059298,0.02455993806826998,0.04619977005408067,0.0350719413841836,0.09067992007583367,0.022642137995217516,-0.061542169363182964,0.05946330572922909,-0.002279083717702173,0.0024724867089222402
Muscle,"PE(P-18:0/22:4(7Z,10Z,13Z,16Z))",-0.026785075732987655,0.04345594203322092,0.01183579455110234,-0.04186208015624276,-0.013503730370300289,-0.006859994211220957,-0.08367439256705916,0.01653389487363952,0.014846240643911409,-0.03314297153023687,0.01006641438590374,-0.019808708279867512,0.02125536800120581,-0.048048122249202706,-0.018394442525215406,-0.034341798843894794,0.008523637635523051
Muscle,"PE(P-18:0/22:6(4Z,7Z,10Z,13Z,16Z,19Z))",-0.0015326239072472974,0.014681020839387812,-0.0019392207345980499,0.04390681023598381,0.03892178870647695,0.023049954143859228,0.04697589240829314,0.07816721097341167,-0.024579514228547407,0.0025328962950529475,-0.025577356369410994,0.00179333984314556,-0.045497492486256695,-0.01728134235652913,-0.07684000792084425,0.056872171365105105,0.0022053659425228514
Muscle,"PE(P-18:1(11Z)/18:3(6Z,9Z,12Z))",0.016553510942497775,-0.02630114204746096,-0.00739663288150666,0.061082125859672994,0.038799703654094575,-0.007340459086658436,0.0036282618917729778,-0.037933016990979264,-0.03898986292242105,0.009496728520732694,-0.07385622482654094,-0.045601743275218855,0.006619556094851142,-0.03828492078650346,0.021047702943676624,0.03836406665873692,0.03350648730242658
Muscle,"PE(P-18:1(11Z)/22:6(4Z,7Z,10Z,13Z,16Z,19Z))",-0.028795399969391174,0.06421079599324961,0.028367632454743694,-0.026286687349659155,0.007472014194861248,-0.0035120402568440305,-0.03673517329548955,-0.04190673117326493,0.026692852201527787,0.006208519676280676,-0.033089057768574424,0.022054188985747812,-0.03120692970581888,0.0220803783973506,-0.008629632931922357,0.01755915040943416,0.014429839322493322
Muscle,"PE(P-18:1(9Z)/22:4(7Z,10Z,13Z,16Z))",-0.01860706737217983,-0.009899532228132855,0.00557112363590905,0.001466673946742913,0.023441893286222523,-0.05404147069929664,0.03387587060391148,0.024075833061064204,-0.06480318471798206,0.06941190945750363,-0.011622505392275172,0.002739575681741209,0.07176472978496558,-0.06474255692767641,-0.035229192889899695,0.01797520312960694,0.014095865374430751
Muscle,PEG n5,-0.017709851045440123,0.014490923360774153,0.0012147268161199804,0.01765422889034517,-0.055327280662239804,0.012831990518678948,0.0865389795159139,-0.0204205782099844,0.00259727136576054,-0.006554070765522794,-0.022034056684847533,0.011836199213876176,0.009014248935632027,0.06221032737335265,-0.03353970958217076,-0.08665991490154712,-0.0028644408641650436
Muscle,PG(16:0/16:1(9Z)),-0.026687815057692674,0.011935237344412345,-0.0515865353267206,0.008095489509588974,0.07616092380390413,0.03155207896910125,-0.008011125164216985,0.003619455477796693,-0.03976666974164158,-0.01731328697607811,0.012648218899826605,-0.009421487844874394,-0.0014542275764630463,0.026038290461565913,0.025594240148107895,-0.004815903377809252,0.03548404340590075
Muscle,PG(16:0/18:1(11Z)),0.06451405175229888,-0.01660656907618135,0.03148189027989177,-0.040621195925541156,0.005876224335467194,0.005777285373546149,-0.01927250292762271,-0.053362462397547245,-0.001383702254204333,-4.5645397358595296e-4,-0.010408330194109172,0.012621191082907008,0.0015981557545529427,0.010888350225649181,0.0052529820596207265,0.01654468475143349,0.02230076099466329
Muscle,"PG(16:0/18:2(9Z,12Z))",0.008019039730313449,0.07501185707063626,-0.007613006289803695,-0.01668547399633719,0.02718461844567738,0.010001545860738571,-0.01918364831554731,-0.052212463547805475,-0.022737333565310495,0.006012425471603495,-0.02812165804647393,-0.023395302134420468,-0.0035451890718802255,0.002801448671272987,-0.04806501416868206,-0.015953829920193,-0.06432334268124476
Muscle,"PG(16:0/18:3(6Z,9Z,12Z))",0.015030425646592486,0.054731974159784084,0.006137440808340652,-0.01935677435560146,0.0012112008395182422,0.03061181212277521,-0.02857146610263605,-0.08589857343330295,-0.02561961922079704,0.0034337560304580693,0.04601484639420729,-0.03562776811599013,-0.011955511389004393,0.0070895970292519745,-0.01440802144177457,-0.037276938946653,-0.010591530066638648
Muscle,"PG(16:0/22:6(4Z,7Z,10Z,13Z,16Z,19Z))",0.06205292910191801,-0.04755592501755419,0.023150263627859265,-0.020438963524274788,0.02004653905205204,-0.006143280856062971,-0.009429345894369395,-0.033239396408563444,-0.005818473547302762,-0.0021544160169451143,-0.010082880378728936,0.00757879527899721,-0.027854569065863307,0.010057966699124924,1.863774388470436e-4,0.02136680751696063,-0.00913296654332893
Muscle,"PG(16:1(9Z)/22:6(4Z,7Z,10Z,13Z,16Z,19Z))",0.06599090870469623,-0.045219941546920044,0.027239080663887312,-0.014032003814425122,0.006871185566317872,-6.281894380224336e-4,-0.021525208648648264,-0.015444114923629676,-0.003474660876045008,0.0142206993972483,0.016014525556775037,0.017608389492650877,-0.003840530771952283,8.605767344094868e-4,-0.022568008223609187,-0.001608039315931658,-0.017140474611349106
Muscle,PG(18:0/16:0),-0.049643201335134925,-0.018863547840900705,-0.004750717413919331,-0.015666083394583665,0.02639942152345475,-0.03317136691757863,0.03527282879979861,-0.023473785929356544,-0.017989103670524656,-0.029362071384872988,-0.03197372832361638,0.0312316673933561,-0.05171622099283958,0.056046819795587774,-0.04101850410007965,-0.06871194984088319,0.013973145935052963
Muscle,"PG(18:0/20:3(5Z,8Z,11Z))",-0.03104317996401415,-0.0292749840752684,0.029082094089055186,0.002979509148518061,0.024526440826821243,-0.031225369437927315,0.0569908668357567,-0.014862025025812527,-0.003070825380644824,0.007736720104218076,-0.025694564606641265,0.03916270809566082,-0.033850963951980034,-0.004882491022196643,-0.06524282993187594,0.10400228733975952,-0.012403018980198034
Muscle,"PG(18:0/20:4(5Z,8Z,11Z,14Z))",0.06505403283857518,-0.053121514514839895,0.02407466693850566,-0.01402912082604681,-4.5065358867384895e-4,0.003554280588997367,0.001791764488292504,-0.014354606229180715,0.006000196433580969,6.119659105622409e-4,0.004724403735736378,0.009784484945172853,-6.894707086073023e-4,0.01124899226170345,-0.006425616990707192,0.007422379583967612,-5.236840423103228e-4
Muscle,"PG(18:0/22:6(4Z,7Z,10Z,13Z,16Z,19Z))",0.0660923159131727,-0.04531385923976046,0.020265818319809382,-0.02401529630965813,0.008406830701418434,0.011659467909056363,-0.011741692406585184,-0.026022918775174982,0.007596478626010687,-0.005824227888879066,-0.0127456274753152,0.011657714000265879,-0.008154930413009725,0.0018929884537911789,0.00271625053688811,0.02445630837296549,0.008307077753633794
Muscle,"PG(18:1(11Z)/20:4(5Z,8Z,11Z,14Z))",0.05355567879277912,-0.05316264766958911,0.04644886290766603,0.004462277108693719,-5.8178972311017274e-5,0.010807812689006149,-0.008038505888508981,-0.013905806732964524,0.02048016980261205,0.0058423629246493235,0.013666099965093801,-0.005405374580634831,0.0015431036502649709,0.015063685343365501,0.0014277331310514558,0.021887935958044884,0.0026167347467216024
Muscle,PG(18:1(9Z)/18:1(9Z)),-0.0026006009404943922,0.06542211778267683,0.020108865295072793,-0.037323847941995135,0.019517930891640663,-0.016606677879936863,-0.04472573313371136,-0.029572266993541357,0.024811900373208042,-0.03026549718191123,-0.043287525902439686,0.017637109502405685,-0.031439848875617515,-0.004289274691244077,0.002269761495914409,0.029232723249763795,0.02841277837360541
Muscle,"PG(18:2(9Z,12Z)/18:2(9Z,12Z))",0.05115797342564015,-0.021313451558778486,0.04163040811462577,0.031691632091327075,-0.0028102615616688365,0.0031197307520969466,-0.005818154134077665,-0.06693646918483888,0.006732010506183314,0.015324053073663055,-0.02090715173845159,0.008501202582239353,-0.04520580421832459,0.018639216099657442,-1.7538609464926778e-4,0.04550460797216926,-0.002306005203323516
Muscle,"PG(18:2(9Z,12Z)/18:3(6Z,9Z,12Z))",0.06839299495732665,-0.031393862107345794,0.01534017249262002,-0.013416300153650751,0.017211691794736535,0.0014879905205091336,0.004855198435804081,-0.03686348268260304,-0.005850180228991051,0.027653384646970806,-0.009284975292658393,0.0025049623003183677,-0.01751477615829709,0.03568191475662091,-0.04496800459494816,-0.01339862512962149,0.02226776364999845
Muscle,"PG(18:2(9Z,12Z)/22:5(7Z,10Z,13Z,16Z,19Z))",0.06242979523974471,0.005143930070740502,0.02868535920037291,-0.012237623546221413,0.029938736966951443,0.02430589504804484,-0.02081044665479797,-0.014434976054636953,-0.027518683577709695,-0.02648998800171207,-0.05054266615007269,-0.0012969936969845647,-0.012623370059811845,0.01881376767345243,0.05563982343300908,0.006790205498418027,-0.006171934477957041
Muscle,"PG(18:2(9Z,12Z)/22:6(4Z,7Z,10Z,13Z,16Z,19Z))",-0.0213021263837374,0.03179569849822323,-2.5452206280435465e-5,-0.009215888633158146,-0.01609917932104368,-0.015275908570240892,0.02317812544388063,0.019932426688438788,-0.016578492129437492,-0.12653910100246846,-0.014841185035263037,0.017736722405453285,-0.05400579004308614,-0.015200652774524981,0.018027488963345533,-0.030436074995754358,-0.00576937494671844
Muscle,"PI(18:0/20:4(8Z,11Z,14Z,17Z))",0.050892165417634666,-0.03100813834451865,-0.029695351895999228,0.04701731603480982,0.02312796604037417,-0.014476375790973458,0.016766266031788962,0.03461872650321499,-0.009356337950461723,-0.0222959547958303,0.007985154505763738,-0.02329191171178184,-0.017567547721147738,-0.04918032059696732,0.021320701302018664,0.03857138190290302,0.02699476519878296
Muscle,"PI(20:4(8Z,11Z,14Z,17Z)/18:1(9Z))",-0.015268049676922343,-0.004322167556557395,0.026047577378136833,0.0643761031238599,-0.04794763933966741,0.05063918913957394,0.00332169025847351,-0.014846595283839806,0.06316112469184477,0.0023102464067665525,-0.011536749203327357,-0.02204990169231959,-0.015399088732059264,-0.038083420998956154,0.004769786637547363,-0.01940656590239017,-0.006622161657874862
Muscle,PPG n4,0.0034851126850818427,0.01183888848479659,0.010477315365904767,-0.055242646504232384,-0.042852213628046656,0.022356603340015595,0.07644083445727207,0.008913742028101792,-0.054247008813872406,-0.009151028103377446,-0.030174850160575844,-0.008803939569472806,0.0126341444134709,0.026571839199386795,-0.034342018814902085,0.06086412711457589,-0.020990487999466893
Muscle,PPG n5,0.006493306153686325,0.030710950906169685,0.0038016611775449883,-0.032817812218406905,-0.060047028817435955,0.028081912042999348,0.08008566642658554,0.013684727878611086,-0.005383786205676179,-0.008962543969744096,0.005244099166743999,-0.055423610917490936,-0.010134549877726357,0.012285102888870367,-0.04798057825882927,0.018899867754646284,-0.014258076296731235
Muscle,PS(16:0/18:1(9Z)),0.06933338998762717,0.0015644774132796487,0.025281550042233224,0.02813867466516981,-0.006587868781437471,-0.009738294096861777,-0.03810543248154759,0.023713513552386694,0.00260839301923243,-0.024558571030155553,0.023437890401180866,0.03806644551380058,-0.002680530683908847,-0.001052975191978029,-0.024937257248041998,0.010860851694002364,6.69409806351897e-4
Muscle,"PS(16:0/22:6(4Z,7Z,10Z,13Z,16Z,19Z))",0.0459188178718195,-0.0018415943427708362,-0.013732311497361168,0.030542488024669964,0.05950904849127881,-0.019548855704128835,-0.010305861469293052,0.060086967550653424,-0.040973557277431204,-0.0318848641695673,0.007700263290636036,-0.01998777614813985,-0.030278564999056942,0.01811490203054081,0.02621263319499,0.0014577633447916422,0.0018276763937424391
Muscle,PS(18:0/18:0),-0.0029661512660911025,8.366749731323898e-4,-0.021260530726922782,0.02208392403451498,-0.019906779478905783,-0.06970077959086048,-0.009059479030197902,-0.008826230091202474,-0.010466024431214773,0.02427011232730351,-0.03574947750709725,-0.04726984834117092,0.11043688093377059,-0.061714329101777245,-0.0049299832367129875,-0.01566683293913937,0.005211702397703872
Muscle,"PS(18:0/18:2(9Z,12Z))",-0.005156039521196357,0.05983219973507253,0.06085192727612067,0.02830020905741325,-0.009013650646262621,0.01194208886901196,-0.02006168895072593,-0.007411093770856714,0.026828372693479076,-0.020681360325757348,-0.01739168127024087,-0.030960028352584483,-0.0026398710651279298,-0.010413300625988315,-0.002288068306394746,0.030160790538351002,0.010422856331123501
Muscle,"PS(18:0/20:3(8Z,11Z,14Z))",-0.01705672382414698,-0.008714628119258074,0.042638627900456014,0.02839657779066049,-0.032971906528627956,-0.058267978053245705,-0.05088574694081206,-0.009039572224113394,-0.0250977996698817,0.0018360795155686583,0.006413118028126251,-0.059905950681700584,0.03995368162591134,-0.03645884578398347,6.455732210802376e-5,-0.05927178205130964,-0.03412487721859432
Muscle,"PS(18:0/22:6(4Z,7Z,10Z,13Z,16Z,19Z))",0.05071921336514253,0.026401405950900486,-0.024602223460275848,0.055658760854639486,0.014208688608608522,-0.018634897673501506,-3.207721411585582e-4,0.02861043694825958,-0.025012748692821045,-0.03838096689932369,0.0503147696575573,-0.0144930371218176,0.010063106613643538,0.009997898472608116,-0.011094438308871706,-0.011024090600075833,0.0028794275280321366
Muscle,PS(18:1(9Z)/18:0),-0.02097260107168136,0.06837266486696907,0.03958671397742371,-0.007435613073235276,0.012266611926153243,0.01090922481516809,-0.029227535100309503,-0.013187776596447369,0.010394579244401684,-0.035642796500930156,3.6302362731140554e-4,-0.05256793140880632,-0.023407799867562206,-0.003311525805091912,-0.009971583057754972,0.027079441256376693,0.019259014246815694
Muscle,"PS(18:1(9Z)/22:6(4Z,7Z,10Z,13Z,16Z,19Z))",0.03381861377137242,-0.0152302199916689,-0.022656527792198677,0.01239187870119008,0.010583659363414199,-0.02816170243137942,-0.054321996253097284,0.035631970614752206,0.051098161590359424,0.012862827627122648,0.09077657620413071,-0.009128588924422799,0.019800275574431748,0.021139407300271654,-0.053595413568086996,0.007213708035795733,-0.008833301872266287
Muscle,"PS(20:4(5Z,8Z,11Z,14Z)/20:5(5Z,8Z,11Z,14Z,17Z))",-0.004429803033556696,0.056186227019758624,-0.016398835427402003,-0.0320400228487419,0.05016728263642717,0.005915222221729218,0.003686191388797549,0.035024630343668164,0.008677006683289225,-0.06170440811461854,-0.060095571960853536,-0.013740323631009833,-0.012054549303929034,-0.011938514056419032,0.003240854429870845,-0.0010975995571367424,-0.0019086060895425912
Muscle,"PS(22:5(4Z,7Z,10Z,13Z,16Z)/22:5(7Z,10Z,13Z,16Z,19Z))",0.007147520219248645,0.011706038706068416,-0.0024215268162502083,0.0703253415440958,-0.05362582359708258,0.01784992145802586,0.017695746997294422,-0.06221036082848103,-0.01622102241422807,0.02711202550632136,0.031055320555061133,-0.035046886327887924,0.01966951692784151,0.0012856962679445802,0.024414425296578213,0.04337993207240149,-0.013173251864487411
Muscle,Palmitic acid,1.4849570939940102e-4,-0.022731286038273513,0.003911011694576348,-0.04827343054171172,0.05277679297452471,-0.052706768636688335,-0.017974923342396722,-0.01046264852663713,0.0022038174336939703,0.03979513691693047,-0.07419389291660992,0.03941789277878005,-0.034372605283631855,0.00581611143503387,-0.033019275901615595,0.0056246967170305055,-0.020669319260776097
Muscle,Palmitic acid alkyne,-0.01896874604530436,-0.045405568901874756,-0.013257755408343954,-0.0028972243831016575,0.03663051639338762,-0.01691212632407356,0.01748277668964959,0.028084486272713545,-0.030454180864468636,0.01654442246888389,-0.01981704938921689,-0.0631251526176221,-0.01425239956095148,-0.11042068264644368,-0.02140106507758395,0.025003243985857213,-0.01456542767156742
Muscle,Palmitic amide,0.01793724803706191,-0.024986196008633277,-0.05299960450798083,0.0676697930941965,0.005973328120184109,-0.025816534097291843,-0.003177926102543262,0.027657523593575945,0.004222137078758028,-0.015056195412231646,-0.02452902299300331,-0.01829244664423121,0.05243435418450775,0.014017355388911615,0.01831580758538232,0.03763142494642607,-0.022244173194793385
Muscle,Palmitoleic acid,0.001048754914919566,0.011999177838351697,-0.002095228262906605,-0.011867742160155896,0.06770483369644736,-0.04146262850958199,0.009991654959164847,-0.025414837220902087,0.04292009109233087,0.039595476110539804,-0.06513281350495957,0.02044013906718196,-0.003956713667766821,0.0036034112244258064,-0.09054558274964082,0.027155280139738665,0.014453299924789467
Muscle,Palmitoylcarnitine,-0.020095653092448394,-0.02863198325875346,-0.04248124156859582,-0.010917852756977476,0.00352291510160048,-0.06621251369036919,-0.05103918966562862,0.007672585176842686,0.0023300445034327836,-0.02169513020285933,0.06015939563960037,0.0065257221283498016,0.024524951991527277,0.05099723549109001,-0.03484940768991368,0.022217958925772222,0.00823677902525875
Muscle,Pantothenic acid,-0.06258958934692757,0.031130561402721486,0.03706320530391746,-0.03242667046806854,-0.008821414194941346,-0.020964461227252443,-0.017869463073402748,0.008088352631137073,0.024161954759150204,-0.015280418647573612,0.010985034863332422,-0.0168139316738775,0.02051856903564222,-0.02048532168105293,0.008530158989539672,-0.016535754390742587,-0.027583869284231968
Muscle,Paraxanthine,-0.01284873160710815,-0.017159058870959067,0.08071001852793054,0.0526115731169409,-0.007303242889476631,0.01087544591027181,0.0037417087332290953,-0.006571601507764458,0.00930071832439002,-0.012924027153131828,7.490681789315869e-4,-0.0010063795121183297,-0.010140241999358307,0.03290382429160822,0.008273332429077943,-0.006027953795320169,0.007401962381493294
Muscle,Paxilline,-0.04756254937667753,-0.018617526859738255,0.002775803009358313,0.04546462124833711,0.0059581176451777825,-0.04586216855587142,0.01736140035845057,0.02335823216291785,0.01936388788287408,0.001113855416766029,-0.01668212480541162,0.03376525456528106,0.024083362354716975,0.01096069580826028,-0.07436038093427715,0.07630302769338906,-0.03865046774491931
Muscle,Pemoline,-0.03773551930844288,-0.009951068896448126,-0.021185554508166345,0.04880677067380535,0.016874505398638443,0.05947825330561029,0.01653915862070867,-0.004199415892396167,-0.056383147732844224,0.033881281882801643,-0.004222478500569915,-0.003340495935263195,-0.056039042493903984,0.03429891314862969,0.028404773101485987,0.010725366432968593,-0.059458857949908316
Muscle,Pentacosanoic acid,0.05777201350063283,-0.033372141872998876,0.03262413327336232,0.015187832303871383,0.03993101481784442,0.0051928369639089,0.01767433282112522,0.035561775651385255,-0.01657680047744018,0.011180773913456687,-0.004933690359488422,-0.030020835775412685,-0.0048710162002064085,0.02247224036597556,-0.03786015679949911,0.016096883263933222,0.02088518817223401
Muscle,Pentadecanoic acid,0.03978316208249928,-0.042645454987637804,0.0358271411574363,-0.045844004981008754,0.02444689430042225,-0.0016006735721581327,0.0030930062227249406,0.0049237810920855375,0.04472143424941281,-0.019904923545685915,-0.026441697191803143,-0.036568975639798024,-0.02219677620498627,0.02303134311831494,-0.01961153204747162,0.03843688406673847,0.005694066125651434
Muscle,Perillic acid,-0.037801549382413736,0.026729258656650316,0.025783943223050314,0.027018516956714894,0.008170026604274789,-0.06867034237587849,-0.04329596754258459,-0.02370480911021701,-0.00852592832491903,0.058217912578094555,-0.0077578210121018246,0.027822843187223886,0.02619034445461106,-0.012539774430133141,-0.025048679301086844,0.013317833940296855,-0.022869335082781782
Muscle,Phenmetrazine,-0.06518422908069607,-0.034070763040004795,-0.02954809885133744,0.03346879410347683,0.0088501295060489,0.00945613408270051,4.181915166751388e-4,-4.101569000000173e-5,0.024098089649088043,-0.013594589145633842,-0.012374826712167726,-0.028914566259624134,-0.00171069836926113,0.004752183508074267,0.009113947220289841,0.03723056987872293,0.013157440689614719
Muscle,Phenol,-0.02066215062515263,0.038817282486275174,0.018387763256281293,-0.03970377477907157,0.043532968672563586,-0.008557264022142116,0.039157537562748784,0.033067343238973736,0.058964963369990374,0.038775431728227124,-0.021712731326838344,0.01386419106769403,-0.021812387783950893,-0.028923157598978514,0.05760363557619578,0.02542970028481267,0.014896900190800212
Muscle,Phenol sulphate,-0.029476217285181794,-0.0240365523304603,0.010288502879455014,0.026773931789310236,-0.007169589726127526,-0.008831477328185483,-0.06503573750726428,-0.03700460235852724,-0.017284349546340474,-0.010434710952948211,0.07022911688593209,0.01946468148607513,-0.008041181094220013,0.016054200047958114,-0.02089329563350386,-0.11449732722110122,0.0089538885166214
Muscle,Phentermine,-0.06633438052320917,-0.02902551063383816,-0.003082832973066374,0.028149670744493885,0.015393463615702652,-0.021561066343761412,0.017492095143892928,0.04217392464498008,0.040779861325482954,0.004492797609262321,0.002007015165229346,-0.006312784152581078,-0.012689857586779036,-0.02736349397595022,0.009763272141217237,0.007867988430601698,-0.033757801523426265
Muscle,Phenyl phosphate,0.03907983682527863,0.017454425445497135,-0.04610162458321982,0.03483667349089964,0.031463016661810034,0.021429054318578125,0.024635497085445764,0.0027151895291086447,-0.0076028091121313835,-0.01824031298463343,-0.0245056160685567,-0.050944168799050414,-0.0661605356672847,0.006761527103456305,0.038484836824137385,-0.040867819677258006,-0.026595379330571173
Muscle,Phosphocreatine,0.005038881290440042,-0.012105989264229618,-0.014531021061880077,-0.034804089051014106,-0.022621592123542946,-0.0329529345129562,0.025686818023522393,-0.02900922757280636,-0.02170104559240155,-0.08664632386721816,0.04836652291687401,-0.012459515053190592,-0.034599337708556874,0.06609999480145275,0.08281734826122049,-0.01515353465129745,-0.011646864571856206
Muscle,Phosphoenolpyruvic acid,-0.014257452266968059,-0.0010280897591377189,0.06483582741569739,0.041850277639785716,-0.020538078638861253,-0.011428103863838137,0.030194970663119113,-0.039924390912139555,-0.03875316045427054,-0.06337890118002801,0.009329715716480128,-0.025308985768183818,-0.016536118538406,0.005291196022343599,-0.010934446590752865,-0.012946338013779287,0.006870772847084356
Muscle,Phosphoric acid,0.061923228280699294,0.03408488637459275,0.01792176882074445,-0.03865639154578562,-0.042281550698980624,0.008525218578366847,-0.013225490371607113,0.008528454036216033,0.008875899767578436,-0.022853093999824842,0.0017797489864815014,0.018433160419438793,0.001049297512999997,-0.008106128902998194,-0.015262512075869067,9.702645050599749e-4,-0.010351045650275835
Muscle,Phosphorylcholine,-0.011996502881766239,-0.01853416446005171,-0.019813168572044442,-0.020416201737986063,-0.06325397064927114,0.05508678254560847,-0.04365153280452768,0.007692630629287962,-0.06488725268760367,0.009373325749569365,-0.0421773141738371,0.01130876763288787,-0.01009760521610022,0.03724339611747724,-0.007620831980504008,-0.027679912698832788,-0.023803878090676422
Muscle,Phytosphingosine,-0.012324106321377273,-0.014532027381378196,-0.04170211760699258,-0.00816731825717785,-0.004152111111905159,-0.09201308898899963,-0.008516091913973527,0.03753823668742706,-0.010146339269392795,0.04630696169866727,0.05207709214514671,0.0047146104876999,-0.024846225622562446,-0.014514747425701358,-0.0024397847332589223,-0.006579195418660399,3.436247918518527e-4
Muscle,Pimelic acid,0.021269970643155712,-0.0460560771649795,0.020218365461997644,-0.015140594559484471,-0.008515784727685688,0.061554241204435825,-0.010076600570458213,0.05535367466940056,-0.015564540342215796,0.013073147307224591,0.03775329156519334,0.0010896677577590136,0.0335243229502697,0.07960022908115327,-0.0026350483485596647,0.022056949783905277,0.005237759166995639
Muscle,Piperazine,6.680802727370398e-4,-0.03277037567017418,-0.050312080424856374,0.019518538714800245,0.022455553655794127,-0.01759078690780455,-0.06253976890982085,-7.552242359084265e-4,-0.04920280879241322,0.04422823452202143,0.04238388978326012,-0.04844552734721996,-0.02489896653764672,0.01206420360561054,0.018549412036947464,0.005437403333349822,-0.02209478942735317
Muscle,Piracetam,-0.035148969399459315,-0.034127712998673475,0.02689040987239279,0.04970856232277535,0.0025543948162604913,0.027995168998468867,-0.01891284558199135,-0.024877822554951554,0.06213986757865833,0.016114247739887844,0.017928781591523616,-0.05053391727544895,-0.0052433063186635796,-0.03802274694630095,0.020591342989396955,0.03556665100471349,0.014901536822050384
Muscle,Piroctone,-0.02623382602234612,0.047066581520510006,-3.3871893996989007e-4,0.01386926927939593,-0.019448189410840658,-0.059405068535214975,0.0034924800847442577,0.07218792504968144,-0.01386799229591041,0.016645971162759517,0.015911521373939714,0.003812884968868993,-0.05942929789382261,-0.02156136758119526,7.261074043890663e-4,0.044075663718250675,0.0015272743408798074
Muscle,Pregnanetriol,-0.001866333050664672,-0.019282749187772105,-0.006532111732107197,0.044320297148587796,-0.012114711707844528,0.003147704866052574,-0.08200561773745928,-0.054936453756344705,0.01513832946199306,0.02509248383676117,0.027999447529488273,-0.017759519533006498,-0.04737193050495508,-0.08147602441877638,0.030170370737389526,-0.021466114961681902,0.001813477699361321
Muscle,Pregnenolone,0.06381939265670651,-0.054552119349625346,0.025059791001636994,-0.01739315756899676,0.005549390542190341,0.0033665978057555337,-0.0023645983635573764,-0.008470682061737664,0.002709911780728322,0.0019770515062243793,0.005765540558549754,0.005308257135199995,0.0023207970856116205,0.009157136165135013,-0.0020644251877988654,0.003739770890175981,0.001447173564154992
Muscle,Proline betaine,-0.028348288094990976,-0.015021149158590036,-0.02945251368705459,0.031643664500326345,0.03286665475300738,-0.033222653467708044,0.032455737277230966,-0.0415219797654183,0.010384427100253907,-0.019429748808935575,-0.020515770992101102,0.043305034855799555,-0.032991970643855964,0.004352563372810874,-0.10566611937364184,0.049360808975087926,0.02640917299030145
Muscle,Propionic acid,-5.908225252574187e-5,0.0158741297511395,0.05736232090193917,-0.011259508943416024,-0.020427889365632623,0.015440865870196068,-0.06759808109002133,0.029536590220683022,0.002946585652302918,-0.052246022346693455,0.01358350155761856,1.743750513387508e-4,-0.054491440087548255,-0.03332505572423597,0.024165802352982924,0.06742408912480494,0.03275883728021434
Muscle,Propionylcarnitine,0.03922331569415478,0.007933731256618944,0.0029300602231304806,-0.027077941041709148,-0.055890769699663556,-0.004937066140658426,0.08035904882974985,-0.003591195358730976,0.018564638339771213,-0.02056332404453376,0.01578468958256361,-0.0459729425425589,0.008352435339650353,0.03493847157032491,-0.009437444977523886,-0.043372705218222375,0.007408545543089947
Muscle,Prostaglandin D2,0.061732485684359226,-0.05610263154658622,0.028529758778226326,-0.015736804236076353,0.007438699341463341,-2.549923616557003e-4,0.003497940076881891,-0.007665124249357335,0.005354793824005321,0.0027452645040376665,0.0040320233645481296,0.005739954528676178,3.196555303399656e-4,0.00490169662775808,0.006892122978069902,-0.008129381171444587,-0.013877823112481568
Muscle,Pseudouridine,-0.030566139504919054,0.03474092876025894,0.05019575402025036,0.016450670244247498,-0.03696522459019708,0.014981023132983079,-0.044611402781674844,0.04925984712772212,-0.03836249821966791,-0.01686720855464563,0.010153163695130191,0.00920278588535875,-0.0022261631756473666,0.04364959730145764,0.01999676370571309,0.014231045605356636,-0.029392151999164097
Muscle,Pteroic acid,-0.02204543855254515,0.0039126622784909325,0.02868533229566982,-0.005463981986085086,0.049303016292796466,0.00756913559767511,0.08248973133800519,0.011828494543842633,0.02152194286254156,0.012733860063529641,0.010457356280865967,0.0801565352852508,0.0027201549561027,-0.044597659832407245,0.014665789175782986,-0.041311907623147764,-0.028661238993441838
Muscle,"Pyrido[3,4-c]psoralen",0.052168959526056755,-0.010049778744547088,-0.00938067967533346,-0.029304251981206092,-0.038290199147407306,-0.004828935723043376,-0.05755366280118284,-0.006417667540128812,-0.017483330878926465,0.03119083839241301,-0.04911808074799477,0.05497719644226562,-0.012418628002392984,0.012184727336250926,0.003316843796471629,0.03503330627725252,-0.012316220138179224
Muscle,Pyrocatechol sulfate,-0.015809746428253467,-0.011121561556460812,0.007100678005858325,-0.006662343141506502,0.021445073222376352,-0.012278390429772353,0.027821890495378344,-0.019584878768690483,1.897720614992175e-5,0.00825924059083742,-0.053919803550160336,0.023739622573248877,-0.056374640042755594,0.0011632058245377894,-0.14664501121444873,0.08692379654280016,-0.0038349676031227725
Muscle,Pyroglutamic acid,-0.011878741194281738,-0.04940626754691184,-0.025330061693811388,-0.03802926049069663,-0.005824919590291054,-0.023613852300180496,0.04623269341100404,0.05640370912522151,-0.032291331767036593,-0.0302126385640335,0.006806992548903317,0.015995291658868583,0.052858411768972845,0.026495000719370002,0.011805075354098256,0.05587077648497867,0.0021537928910072028
Muscle,Pyrrolidine,-0.04721703716300344,-0.016020955647078814,0.003947846088700209,-0.006906983041964396,-0.03384395804074729,-0.03186939455954912,0.047680682907454384,0.014411543183454271,-0.020358249090635504,0.02752435780294456,0.07783297244801055,-0.007478809566935335,0.038944263688774856,0.05432935992803595,0.0018455629304408644,0.027412306423686975,0.01120834260421694
Muscle,Pyruvaldehyde,-0.019688908737307362,0.049006651789698,0.05431217783488258,0.012722262464293341,0.026383214928325516,-0.013211647740180667,0.022011361529625607,1.0163588420267032e-4,0.007413240806834572,0.05810759389417846,0.001855020218794607,0.05248964382184775,0.013354324099779357,0.028955527832829956,0.02133974608966035,0.02953398880844802,0.014162552952656272
Muscle,Pyruvic acid,-0.030132367918841815,0.014482303087204383,-0.029614322940388536,-0.036290559994016154,-0.011638238817739932,0.010376264298845726,0.014974623151633141,0.010023698432225791,-0.08595357304589094,0.00442009030732021,-0.013701643540281805,-0.011431685255328752,-0.07020922200889095,0.06766264630542096,0.047622482507395175,0.006976092952841528,-0.024292982231948777
Muscle,Quinaldic acid,-0.030579129059035103,0.03979202071958678,0.04156067251918801,0.021404730647496973,-0.010520553379646106,0.033519059919384725,0.015106558894317404,-0.02284126963215012,0.06772537408423054,0.034746219585237985,4.396352664433744e-4,0.05055702174543958,-0.006254172732333828,-0.013494961055965456,0.033972749960115914,0.03055620172821184,-0.0015033114374426238
Muscle,Quinone,0.007364770583201796,0.045820215886281324,0.011742567894221317,-0.05358575309300274,-0.024702270174464303,-6.150706611680579e-4,0.08626347977228059,-5.687567489789302e-5,0.006127939558812925,0.02778644616308754,0.018633712202349776,-0.04048243207493066,-0.005099984405515067,-0.020113940459564245,0.005390244125971306,0.007973081842740351,0.0034528089763442137
Muscle,Rasagiline,-0.03314340514346092,-0.0038482807512368283,-0.05015568249620388,0.014469992932999292,-0.039021021626974864,0.03833860672226211,-0.05224811843136388,0.014727688964309975,0.03195225297878122,-0.021103233189043443,-0.020215995992739204,-0.010458559829867453,-0.04958929032971572,0.025256507529641384,-0.055177339613216164,0.008606219000226869,-0.0030349560331834075
Muscle,Ricinin,0.03560073885193741,-0.02468340694073587,0.006782967695433612,0.0024272871160641116,-0.03641941590317967,-0.07501402278634094,0.023060664513222893,0.006791541343425624,0.023467254271504357,-0.03167042866692404,-0.001142025116220312,0.0012894319817647814,0.0712985544123243,-0.05867338631351983,-0.0034031994090470423,0.010468710594784924,-0.005091338652355128
Muscle,Rilmenidine,-0.026671349948990057,0.020315518575250133,-0.021234588360849054,-2.3954827637612307e-4,-0.012410469491998815,-0.07121430566986164,-0.03746079442669048,0.058970203261026304,-0.011384607276417333,-0.022126076219476685,0.04883094815368228,0.03416675726334668,-0.002545999230467751,0.04824496450459883,-0.046211083691039274,0.036422286150990746,0.030434785234137732
Muscle,Rolgamidine,-0.007725311911450257,-2.522860085676345e-4,-0.032492227202875416,-0.011420090802178784,-0.009326931943928122,0.10922391316881849,-0.0018726051901143091,0.05420763172037777,-0.0056660796987353275,0.0039406582481760835,-0.02418226844571171,0.011658742868673421,0.008238828904963646,-0.0023241105646809447,0.009326484175016036,0.013851845195878707,-0.019796779786651446
Muscle,Rosterolone,0.06379852700443979,-0.05456784394513133,0.025072316236119687,-0.01744012471733895,0.005556318353824418,0.003348654542654867,-0.0023861836840585,-0.008476520556419348,0.0026894333951434715,0.0019552387764087014,0.005745639089035011,0.0053673568981406445,0.002390363255825206,0.00907248183454193,-0.00204870689879581,0.003715799148936828,-0.004313109408173195
Muscle,S-3-oxodecanoyl cysteamine,-0.03696580681048793,-0.02826988054957976,0.053534007335360866,0.055469512502471084,-0.011514301844378152,0.027953465233062,-0.02194321281372101,-0.025672825694928732,-0.02066764331957943,0.0027682393625883188,-0.022898833165388845,-0.010889564456652569,-0.03211714912881788,-0.0018404151795954416,-0.004431186626083209,-0.0172003786077837,-0.009151166118999722
Muscle,S-Aminoethyl-L-cysteine,-0.03615639651512412,-0.0267135711788918,0.00499615526445633,-0.012484782696810448,0.045424094353551596,0.011344234234396155,0.06611325697399359,0.01292905049257277,0.006571561708018349,0.045689113082222205,0.030855516043761834,0.05846088573968915,0.010970930437920126,-0.06618669113860191,0.005050971687078446,0.01680589727730631,0.01024070304701583
Muscle,S-Carboxymethyl-L-cysteine,-0.06455232227052973,-0.04609640861287348,-0.008330437136668941,0.003073754675141133,0.004801015012557651,-0.005349572164465158,-0.0028137877076491813,-0.019288746536741858,0.0395929372082967,-0.011147497632762252,0.03232264402425539,0.01910069622343331,-0.00662024488987047,0.02526067298886383,-0.01706506548007179,0.026197514343169945,0.017528758434595306
Muscle,S-acetylcysteamine,-0.014215235938693768,0.025497824596836107,-0.017185014359458895,-0.040824261677451804,-0.046547440353776795,0.049190875252365505,-0.05325656550453274,0.042094378586646955,-0.037820352288990104,-0.006627129086115702,-0.031160750589426824,-0.01251104268262511,0.032552493646228725,-0.058023493756941116,0.014428162660955231,8.275187589141012e-4,0.059437906754041175
Muscle,SM(d18:1/16:0),0.039642358831727204,0.013077272347589297,-0.02407243979532679,0.037010335696559045,0.06509297346303214,0.0017139501992097027,-0.009361751498683494,0.02803143507382476,-0.04581376623154228,0.0054325350356323274,0.03732146639070662,-0.036382262595949386,0.027646677852723577,0.010071792603762626,-0.04069252605423566,-0.01345932640535354,0.00301322328896367
Muscle,SM(d18:1/18:0),0.019470188195023542,0.04402090619742146,-0.04240872232014912,0.05155066332747288,0.014228231667365964,0.0035873840297940976,-8.635252900937807e-4,0.05037519456356101,-0.016665148196109505,-0.0419107948708502,0.053011942378724974,-0.00871359174486542,-0.018713795263442662,0.025039897902604788,0.002801615903592787,0.009025353824479743,3.115975595017121e-4
Muscle,SM(d18:1/18:1(9Z)),0.005972358671878865,0.04427249886152363,-0.02261777298357395,0.0635199427322614,-0.05575452742909622,-0.011685132253920217,-0.01573569368375159,-0.005191152534272987,-0.00482935431378507,-0.006933467357782686,0.001665763868688775,0.047864697324075896,0.03969198874724504,-0.01617635262984316,-0.03072455636684938,-0.002031093297054967,0.0051758450065151045
Muscle,SM(d18:1/22:0),0.05805507673100608,0.009155009357051169,-0.027488985681808662,0.03603132708436383,-0.026240533564354764,-0.026770070123789947,-0.02072881861104021,0.005453855608609067,-0.005499087499259692,0.041868859145003774,-0.019107088098073283,0.04108468054929655,-0.009538601857613663,-0.04343487264250225,0.044376601153938745,-0.006206587265685247,0.017976556319374122
Muscle,SM(d18:1/23:0),0.05250387074609493,-0.0012051646238819321,-0.007479964532805313,-0.010719576901642143,-0.010490364953681691,-0.010802838772627431,0.031723598519663124,-0.028431848239640893,0.03743085658193937,0.0364989423166314,-0.03130523160880799,-0.041122187978149684,-0.09067055519182088,-0.013222113782164032,0.057031002595025276,0.0016655384058375338,0.004093120095418602
Muscle,SM(d18:1/24:0),-0.04273565348009213,-0.02979741036293095,0.03363706394268147,0.029801304007923524,-0.0045363582369533076,-0.05991538815899156,0.01393795811204988,-0.012753752770585696,0.03171832067164082,-0.03846831731040191,-3.8055448353105646e-4,0.0033317216415710478,0.0610849403522521,0.00838129345254964,0.012625142367059063,0.0348613401188016,0.003815180820117428
Muscle,SM(d18:1/24:1(15Z)),0.03608351883328401,-0.0026841611671156633,-0.00996521435679517,0.04785030311213338,0.003536458490196858,-0.036700020472488076,-0.06697514632279714,0.010215478480409138,-0.003315020224367204,-0.018059919534108283,0.08011439998871561,0.04155405940731709,-0.01931538504415501,-2.3878812853318e-4,-0.024897629003662988,-0.01635399958783222,-0.034631922237554805
Muscle,Salbutamol,0.05652945802401466,0.04111002028699898,-0.01711022943986064,0.05334470875020693,0.007615584027443278,0.008472497557082168,0.017150595314115506,0.010574387576530153,-0.012840169117623479,0.016071311943510313,0.028625731920271475,0.015870229711540142,0.004280245492479595,-0.014578868239521882,-0.027379190423256417,-0.020304178841181027,0.02792696739878749
Muscle,Secoisolariciresinol,-0.05882276876771899,0.04458921349541209,-0.006074288006448228,-0.035249379380790466,0.013745206319745244,-0.00497025940296998,-0.01133062796528065,0.018805642705423613,0.017913597728906067,-0.0053537422071246775,-0.060345942074849605,-5.960947899288549e-4,-0.020935142202626246,0.007139027694269933,9.663489005200123e-4,0.003082871226981506,0.012230499015573488
Muscle,Shikimate-3-phosphate,0.046365618766667026,-0.03189976827029845,0.06063672047092071,0.041611715222470674,-0.0021884693574341714,-0.0013526878178919985,0.00530430575904748,0.008978632674768004,-0.0037730476015791848,0.011449273003342173,0.0317518520864409,-0.02414534470566213,-0.012961044074891029,0.00799854803730172,-0.004596415380374617,0.006510567021385221,0.0013514793187064838
Muscle,Sphingosine,-0.013306165869795222,0.050187984329035706,0.011414203650791443,0.061019842508225966,0.02103996561983681,0.01599523383130238,0.030911784606527087,0.02337438322490821,0.03962212308457661,-0.0458008565882374,0.006861237947672085,3.7372637085377505e-4,-0.008553945609002717,-0.017175659991927262,-0.0691290010521012,-0.007463091438508388,-0.003433830544580742
Muscle,Stearic acid,0.02051500819884773,-0.060189617474895055,0.03485205978720244,-0.004448418719050957,0.02802471286894968,-0.007841923793764867,-0.02097741720093661,0.02603730568060749,-0.03066360459299038,0.014372468547965367,-0.024340143665932547,0.008660307942648902,-0.07681458069068012,0.021919729328860733,0.04343394517943462,-0.004410184209369684,0.021802071807228585
Muscle,Stearoylcarnitine,0.0062843855203964976,-0.010288699746620625,-0.061776393419154044,0.028700640784979456,-0.03508976603972619,-0.023737196004967407,0.0023643503313336366,-0.011871715749745321,0.04728860439066332,-0.014222039315889634,-0.017892695133069438,0.034667910893616,0.028474379429645626,-0.031265309399430646,0.07063720129658951,0.06576536488120321,0.01475468716839876
Muscle,Suberic acid,0.04179106771782263,-0.05585978081041556,0.052458932434492726,-0.01822383193707341,0.018987448682504713,0.008222536404419134,-0.005103103618818271,-0.017816593316716072,0.021080302684051703,-8.79905872410554e-4,0.018373440801345606,4.0509257107397296e-4,0.01436844164512229,0.004539590905536396,0.010623620689587675,0.023028517738970657,0.02736902126768664
Muscle,Succinic acid semialdehyde,-0.017045200755904634,0.030529818650067757,-0.029470546711240504,-0.04974415212201814,-0.019963244327390606,-0.03813419587803045,-0.013251838118617064,-0.027310022860576256,0.036891350669544215,0.061325756151281136,0.025953776110286462,-0.061106945700480295,-0.04806139820478965,-0.01295678781363352,-0.002565010965286964,-0.004737073226045685,-0.03912794794906672
Muscle,Succinimide,0.011468950225103162,-0.00525627262276512,-0.056570795966086704,0.02162913806919784,-0.0042587176239477454,-0.04541402190480313,-0.027904380325057557,-0.01626004011454615,0.02819456195083423,0.06624451812836568,0.03571188289754371,-0.056206949088852556,-0.031058014843349295,0.03247206603805281,0.042432099751655045,-0.004707680257967221,0.03263848613950496
Muscle,Sulfoacetic acid,0.004984476229514248,-0.04174738261395716,-0.030522684160660257,0.012848787450682221,-0.020460829869636727,0.007383964353952212,0.0034430320298797215,0.07421519987359203,0.04596042591339207,-0.025808159895443192,0.01180976310969557,0.00596998759511174,-0.06987596005964206,-0.06414825628849878,0.020744873585426128,-0.049534345769573995,0.006186227113406421
Muscle,Sulforaphane,-0.01825050021184624,-0.024433208347286784,-0.028085464170457607,0.06179829880803623,0.007284812688060112,0.06464641293862652,-0.009626078342296236,0.05060216454815292,-0.0068674204296148966,0.039994210576659674,0.026404232583940316,-0.02349638651740366,-0.00494277650901297,0.024847480176391643,0.00991980427738972,0.0273216330897992,0.005872331735495535
Muscle,TRILAURYLAMINE,-0.0324472632487703,-0.01266772051025377,-0.028812837753035545,0.015268140846979897,-0.017849238625228536,-0.024065891626121917,-0.011117703911826737,0.0992951784181742,-0.012701700485800719,-0.0337723135586818,-0.005465339728214312,-0.017598088033754546,-7.71900589823469e-4,0.0342211020480863,-0.010889267788894241,0.08873241020714849,-0.012063785473557935
Muscle,Taurine,0.04654902601832252,0.023946679146368645,0.031996421654848506,-0.056296868199088974,0.04399136606972835,0.0025628092378655472,-0.012120360880655549,0.03645532634807026,-0.015620041870941672,-0.01680732894499858,0.016316163992503897,-0.019073681489142603,0.0098533148629071,0.019270811341385988,0.02667942873061026,0.012795111732857512,-0.11207615454248529
Muscle,Taurochenodeoxycholate-3-sulfate,0.02822099003222609,-0.05471881654546486,0.044346718881307715,0.007315126076645353,0.04475317508460323,-0.013604941397099066,-0.0012676481028208236,0.016921459410827615,0.009800900674034274,0.053404855288863594,-0.03711189269126191,0.006528618502539154,-0.017320159410928054,0.008911937966950962,-0.00175859338543439,-0.006661895826256274,-0.04191927998983654
Muscle,Taurocholic acid,0.0622414677489444,-0.03957081754081626,0.04260712840763571,-0.019952212946461555,0.007196680978915538,0.011650702050708965,-0.02105014819119087,-0.001281189247866351,0.0073652017700462594,-0.009162677219730648,-0.019836085973516434,0.009281888307379063,0.008466098974752041,0.008659413048697407,0.014610501351667827,0.017478897099969297,0.013585631203931699
Muscle,Taurodeoxycholic acid,-0.005769649674451695,0.03269829996279948,0.058983701669464005,-5.676371252076656e-4,0.009418521897256395,0.0330079537583966,-0.05293472393217546,0.02299710968124469,0.013612374697751525,-0.042273097497313714,-0.0680036985909691,0.009157183864751764,0.012319969815141428,-0.0035436757036984693,0.03958008140060191,0.017387995340402276,0.00864559893023884
Muscle,Tegaserod,0.0016354413700618528,-0.011128143216639382,-0.014202137298536635,0.006873019760613391,-0.05354000045626433,-0.05432558760217097,-5.597071716116708e-6,0.008335356773038963,-0.022139505210966665,0.02656933271591675,0.02899514710891285,-0.03425046737788832,0.12264050760698399,0.03155637107887801,0.017240872202854043,0.013226751172483234,-0.05331626794888957
Muscle,Tetracosanoic acid,0.0669069286630103,-0.02375397329715972,0.03056148277693456,0.014693213328316235,0.03444237330411116,0.004659590968615801,-0.0035740078910165775,0.03949921099682077,-0.012571275256459796,0.001284277077884556,0.006566405161197401,-0.018453268980373843,-0.009819946800461995,0.028564862718052607,-0.017483696939204974,0.0018590174332705123,0.0032854546609345473
Muscle,Tetracosapentenoic acid,-0.004492232309761722,-0.03983930573519625,0.023551569728450798,-0.023933339004580858,-0.00839274143004183,-0.01432752882366011,-0.010820849061227295,0.053556745019283175,-0.08133299163680693,0.05951443543719666,-0.03153978188499283,-0.05156632832466401,0.002452467013824941,-0.02984312729333395,-0.002886653175499435,-0.028086995087402495,-0.0040155646029943586
Muscle,Tetracosatetraenoic acid (24:4n-6),0.019693620351698898,-0.042397013821308525,0.04336616728652043,-0.005161400637601836,-0.008583467273718967,-0.020038541643834916,-0.026271611523069754,0.041797736110814734,-0.06766577260415552,0.015042884318039117,-0.035524778880111504,-0.04403383010969413,0.0544841705320854,-0.02402033611252407,0.009552003288307893,0.009617994961039216,-0.017362387384379323
Muscle,Tetradecanedioic acid,0.029001587283436762,0.015098431953764539,-0.025921772921279663,0.01918527246221078,-0.07703044259180468,0.017075517274109022,0.07002747623924716,0.00401012468798381,0.02936701555682286,-0.004782568345095977,-0.01954312166186687,0.002565758906454012,0.021846062215577864,-0.003891351811391335,-0.010974152577742759,-0.012289147516417425,-0.011384662783841044
Muscle,Tetradecenoic acid,-0.013640348696131392,0.019215799033467384,-0.019268211604817467,0.021217183227480275,0.0624589395868354,-0.048722875214288176,0.007185459628703773,-0.001263735292904308,0.0048840841178745265,0.059246314229111995,-0.049832558134019364,-0.0038156851817396685,-0.019681863033120698,0.05619784833474477,-0.0702901021064229,0.015538845632074725,0.04459416702164
Muscle,Tetraglycol,8.808108795198012e-4,0.018584245355662138,-0.009473767663790706,-0.006254678923193438,-0.06709371897765806,0.022053622888640215,0.0772239295559174,0.00562720031635429,0.021830960955015147,-0.04368981423635142,-0.016700751867025753,0.01813480315183608,0.03544455112488028,0.049575762875823645,-0.04077620702816805,-0.052409359319536844,-0.004373975425844195
Muscle,Tetrahydrocortisol,-0.006572047778962166,0.016041981307046142,0.003585490776547116,-0.01436567893463076,0.04410164676007828,-0.017737126273623047,0.05572906260391698,-0.006868964238204412,0.0019140209809651969,-0.04676627402571117,-0.04921446619923652,0.048566436996906624,-0.011428327735768228,0.08005214722962244,-0.09389238190577817,-0.033779903456807196,-0.02630032081239487
Muscle,Tetrahydrodeoxycorticosterone,0.022688960670372283,-0.017844087615710127,0.005022161057311946,0.06921568667260637,0.014938944063170482,-0.055744842568498945,5.3705794059928394e-5,-0.03304401705655637,-0.03503027886884743,-0.047339776784168675,-0.04959856899249674,-0.016690632179413276,-0.01933586638435844,0.0032454396793305785,0.0037625531023525527,-0.033752093745880306,-0.026223757629379424
Muscle,Tetralin,-0.006832143259411094,-0.04254698348576917,-0.04813321043133858,0.025709973910761796,-0.039935122421690714,0.018541963337330405,0.01130798576560083,0.012923433925401446,0.04554121183399851,0.033362048986661876,-0.03393934205489425,-0.028018629608650075,0.04765972397021373,-0.054676819150449106,-0.001198507963571252,-0.024668398369469033,0.011400783162811626
Muscle,Thiodiacetic acid,-0.04001106129330246,0.0025021073738411073,0.037803520804076673,-0.008174556245907277,0.010044033900016331,0.010480376164684108,-0.02643905080004646,0.021231532393051405,-0.0011874381977163104,-0.08426005073406406,-0.009230679971007683,0.003773578007884879,0.058492452185469286,-0.08656836018298127,0.006218607909604576,0.01365974065085607,-0.010266428076717597
Muscle,Thymidine,-0.02488562606512252,0.02516944127254732,0.027929996506228964,-0.01655306878845984,0.005463116559170181,0.036655705257250974,-0.052118952158619634,0.05380355825396136,-0.049933835687238304,-0.0709173057519338,-0.03668182576137907,0.03491311475025748,0.02914489198176289,-0.004798292956237594,-5.151478424660921e-4,-0.004803454427272925,0.030834441884366102
Muscle,Thymine,-0.031432216039953026,-0.027367522695969437,-0.03582899161316699,-0.015489568439600756,-0.024967959909519572,0.036357152525029454,-0.05053846121453224,0.07833790703239728,-0.022646910186896047,0.010006034846481654,0.025989335475297703,0.01073684458699902,0.03487302258502419,0.03211285143312579,-0.007215986201993744,0.011198819881278212,0.015888541808955756
Muscle,Tiformin,-0.05233850170788711,-0.03297096465644346,-0.029948582813271323,0.004667502698601004,0.004899792901411656,0.03300083214835131,-0.021300783947155105,-0.061248831191348635,0.027871937751793245,0.006340334811984915,0.048053188659486434,0.01682929935179334,-0.030452605770452796,-0.010281519332145262,-0.0039732048113575325,-0.007584611220963027,-0.030617775198637582
Muscle,Tiglylcarnitine,0.03572006507742719,0.0270440569630039,0.0032778869976660082,-0.037698757883709244,-0.054541296375773755,0.02159760960890478,0.06254091725750119,0.0110331651069926,-4.67972044651038e-4,-0.05646794030801649,-0.015047298172682954,-0.02801120520195666,0.024306747885096142,0.01467269096030756,-0.0027375196132840957,-0.025701523236460657,-0.003068946536586028
Muscle,Timonacic,0.014356030318173972,0.05397290443673424,0.015934167284201665,-0.039286883722519116,-0.02011091695247398,-0.006556017446330139,0.009267477152473428,0.030581517122219966,0.035837298404193155,0.038850091355506405,0.05299450966738028,0.0708391965498966,0.026729858161349273,-0.02593362919367529,0.011198773898518984,0.0028952434609086346,-0.018512534293255153
Muscle,Tirapazamine,-0.03947479411034009,-0.03464414642472304,-0.05390513683978509,0.010973676965753583,0.017828536948871942,0.04358859824608754,-0.04526045923138738,-0.018952245660785714,-4.300856816362667e-4,0.004596668777590319,0.006465626581309418,-0.04628303824192272,0.005838087858153607,-0.016416536572044074,0.021369526524497043,-0.0035299292835065882,-0.021556635930847244
Muscle,Triethylene glycol monomethyl ether,-0.022101275951226785,-0.022235879909593612,-0.008483553775092419,0.0018158041350157025,-0.0010004143725443465,0.022636018256280463,-0.04782760335268948,0.010868066904070627,0.08200943274129584,-0.006814083896013198,0.03833458487731939,-0.031249741996586155,-0.059784791938634126,-0.061081056269010406,-0.023064850385535594,-0.08831410889871186,-0.012580797259620947
Muscle,Trihydroxycoprostanoic acid,0.06212990996170012,-0.05583895079517219,0.027556032364478896,-0.0169825691914529,0.007755426025092072,0.002489727755584073,-0.0024313858898546707,-0.007827128581991511,0.0033223372340292624,0.0022113503368646975,0.004104434957657984,0.005739914111447689,0.0032862858259197695,0.007536447919708432,-0.0020914867101669695,0.004403927574971112,-0.0011295397431125317
Muscle,Trimethylamine N-oxide,-0.059039536481593664,-0.04825793485720077,0.023323674619686482,0.020708954201516777,-0.0032789210897169814,0.02769935790050591,-0.008939017541936826,-0.0018898559717116152,-0.006261368797928208,-0.017823783964686958,-8.80237241530995e-4,-0.01167313327050841,-0.004310781086410467,0.032540338669077955,0.012108345786708863,-0.05838593263273996,-0.01226355452387651
Muscle,Trimethylaminoacetone,-0.036263677083317375,-0.02528379709668311,0.0024818765659783415,0.05331908136557118,-0.0014551007045605021,0.009456486645595629,0.03841699588416779,-0.024161082419857288,0.04987369594341283,-0.04123332909737712,-0.015265548078606672,-2.5793157367409297e-5,0.027020167093388826,0.06338528968578692,0.06282929535433718,-0.04076906432018744,-0.010127608316696778
Muscle,Tris(hydroxymethyl)aminomethane,-0.0040480801026578864,-0.02237908447071007,-0.0046083074989232515,0.053666947508449206,-0.015910122566565123,-0.03822166208980443,-0.008221212653514125,0.024565424727062742,-0.06726460522296474,0.014165286165116742,0.013941473429609224,0.05676279757197552,-0.06032525757668308,-0.07556601351502708,-0.012261675415012361,0.030168300508047315,-0.0555778160386307
Muscle,Tyrosol,-0.002728638064365329,0.006706927897436622,-0.029245786270174125,0.018038487926303016,0.020398494390335482,0.06545218876108827,-0.004473737101584066,-0.10437072548626863,-0.01757679169823606,0.032418911690868975,0.005689106342161923,-0.0038562035743268438,0.04344096742185841,-0.02294770111603754,0.01703544599631536,0.0024420709282042532,-0.00403027903484689
Muscle,Tyrosol 4-sulfate,0.015613210818822252,0.04211869668520366,-0.01548927740449497,-0.0027129938325307326,0.0020923149420575436,0.022627905398890123,-0.029367090498435694,-0.05623547889666867,0.04006259230529101,0.08354857615670307,-0.04838161104167703,0.012581389102131392,0.032096827954111166,0.04395961701425118,0.04050214226002892,3.308252490704611e-4,-0.0023981960260746208
Muscle,Uracil,0.0533355603901705,-0.04791869540867385,0.03494334542044091,-0.02921611181121998,0.011015097034389298,0.007146900979634443,0.00538278238814682,0.017601862637173598,-0.01963947521022834,0.011488396897738687,0.028711896758689435,0.04182858971802666,0.020451364296819548,0.003784583435513501,0.011178345864997769,-0.014800464605173147,-0.019230845098295455
Muscle,Uridine,-0.02633250380606638,0.029949124446835923,0.06379074444118646,0.042759331815368055,-0.02712466276953683,-0.0040122037596100465,-0.037474317128717786,-0.004588088475868698,0.03969676209759041,0.03060213183210185,0.014124399682927712,0.0021921749197320295,0.006018294140158351,0.007547610781362419,0.01579750700148191,0.006203098936249824,-0.007710880344297042
Muscle,Uridine 5'-diphosphate,0.004243503730870144,0.003642605119748927,0.029262911658376682,-0.008377138836427475,-0.0373607269742034,0.08263897177378186,-0.05148501337892256,0.022293672655901108,-0.046787016307767895,0.03441174636773528,0.007945332986282609,-0.017629572924683246,-0.05746734429005897,0.015970049796097934,7.101739168181106e-4,0.006344319144704017,-0.0024291110514256557
Muscle,Uridine 5'-monophosphate,0.03412895663715884,0.02372092705482038,0.043955850669913255,0.03809637398947804,-0.05326510193381786,0.036810429759684425,-0.0446634210149521,0.0038766494510203147,0.024923883993424285,-0.027645459887666025,-0.004871385297919022,-0.019345173260557874,-0.005302164710401466,0.0077392653706366095,-0.017882794851889417,9.455603514932924e-4,0.02889766398858158
Muscle,Uridine diphosphate glucose,0.006717960635824446,0.0391481823102283,0.05211375628744316,0.03299319972870714,0.04774580039972984,0.04025666122195219,0.02461299662622956,0.02122319920268932,-0.03739043039732553,0.025128450291690106,0.028409824974990353,0.007688862612520958,-0.018024911990513474,0.02022098208410988,-0.0075516947337718335,-0.02173796091408116,0.021407833782949928
Muscle,Uridine diphosphate glucuronic acid,0.014164566779321307,0.035133587866619305,0.03456891665883493,0.0694654460165345,0.035060390608150846,0.03394947233830809,-0.0051490359130008795,0.018539176827279274,-0.03642820836599989,-0.03385274200575905,-0.015905601759226954,-0.031960779088716564,0.0033754774234832185,0.001229027362861579,0.016000707724324107,-0.018259901385260704,0.013278058576021568
Muscle,Uridine diphosphate-N-acetylgalactosamine,0.007955222805361022,0.0257327404684725,0.0710963585229553,0.06209541513606422,-0.003987189293268998,0.02679860858495242,-0.010636617961592508,0.017064432902915084,-0.007895760660835971,0.0048145271527271286,0.011670585718024273,-0.021599485169119,-0.005908910921611634,0.004218921721672802,0.007724872039642972,0.014430739161741122,0.033777432583857854
Muscle,Urocanic acid,0.029546020825949308,0.03552018387890544,0.03566163356195628,-0.022625451003690008,-0.017020868029699272,1.816923902051569e-5,-0.023577601672362183,0.01546153784359411,0.01953262889076062,0.0972042122558021,0.023136110862414114,-0.02126538575591164,-0.0017951739532118514,0.06096111225003253,0.011855212913393719,-0.018256013061841964,-0.040497825439390095
Muscle,Valeric acid,0.037592683474237436,-0.003048726341078966,0.018104694177413002,-0.025920587986183647,0.01186642038935841,0.004599784223149712,-0.0323126840907491,0.029601701380880894,0.009580623482937806,-0.020754742115699363,0.07602210895011242,0.08806568027899714,0.04084346233469331,-0.054172599202976034,-0.020592999072548333,0.017316666163158922,-0.02437898673091856
Muscle,Valerylcarnitine,0.01158894168745302,0.01206292517565812,-0.0052766629222344135,-0.04092330132729631,-0.05399075710870647,0.002504336644929904,0.05340069650877296,0.023503355832695354,-0.03158451546225508,-0.043605339138853984,-0.042797991252040674,-0.024485462785241406,0.06546423835820661,0.04238678156758002,0.012582641702199047,-0.06712662009133766,0.023678897794375296
Muscle,Valine-C13N15,-0.018987893604275382,-0.0013543429585987105,0.00473101448612821,-0.07382670108157453,0.041789826448738465,-0.004470537486531723,-0.04325119333507544,-0.01714459938475479,0.01922945567309118,0.006890446019752805,0.031994811136615134,-0.070038526334514975,-0.0029653548495769274,0.026830274256562113,0.019486931473612957,0.04703611934466252,-0.08853004878021847
Muscle,Valpromide,0.007739831696071353,-0.05299086034498419,-0.03607545174900571,0.020313839914952808,-0.02592954548008409,0.031529774424016645,-0.016371990666813056,0.05532257278415215,-0.05504313833962178,0.032017099315275965,-0.024740885607544855,-0.022228731687840113,-0.018987861878214836,0.02548125448542502,0.029588111667181373,-0.014792859137074687,0.013304890212709078
Muscle,Valylproline,-0.04674977175601564,-0.030528303404380407,0.041912150097272415,0.06576432573594054,-0.0011315865212919829,0.011785887451783448,-0.007487832240152523,0.014351548911681496,0.012767897625241827,0.009130506912220263,0.01053001921329297,-0.028089285218694575,-0.01256336996658125,0.00908747441289634,0.013424039955438314,0.004071478009221627,0.01684542994141838
Muscle,Vanylglycol,-0.015724003252071562,0.018558409588106915,-0.014069954047703987,-0.008448237330261423,0.04332114977491263,0.05470500477212193,0.018415157459803815,-0.08625557632650299,6.686187240121002e-4,0.050545843505626714,-0.0031440826812987226,0.014828210139427263,0.05327703926858771,0.026535257353661378,0.04463845762500798,0.013901095809851527,0.03487177776774929
Muscle,Wedelolactone,0.028395644049266956,-0.009189300783629582,-0.0030088988275715684,0.020418911855477673,-0.08136850886441704,-0.03976056920013588,0.03159427296007021,0.022615439263568238,0.02220697680349109,0.016066228743211335,-0.023715645011384387,0.04911295072004476,-0.02082490048317315,-0.036606434814199174,0.02695225686064051,0.011878957232017205,-0.04213571523682152
Muscle,Xanthine,-0.022749269980957283,0.05764408511302507,0.05261493959666466,0.01484054282144489,-0.03117968621149584,-0.005621568362742231,-0.022459652675958695,0.02837084529503135,0.029484512367169653,0.005397943298531706,0.026983889529165927,0.014010418779854967,0.0387593013530154,0.0035778192671633534,0.0030201955724242797,-0.014141331054299698,0.07116770649078738
Muscle,Xanthylic acid,0.041857112520942846,0.004744206393670839,-0.04378932575408797,-0.00862961767910434,-0.022882825480164314,0.05448529326094616,-0.07580714198061002,0.0023185201446548486,0.009302949966558949,-0.032601018723541986,-0.01683280498387819,-0.007806642470431875,-0.01218572675415102,-0.0035926091549686625,0.006552930668928231,-0.010332924939570392,-0.009391818919619195
Muscle,Yuccaol C,-0.010429786245555463,0.01269111282774102,0.016671150064088962,-0.03133547154665757,0.039324586333534486,0.009244044014557773,0.07589999272325823,0.02519125204683616,0.009859217488308147,0.039097369723878415,0.04142813070823597,0.06748667905939082,0.02080999832726621,-0.06207572058359806,0.048199080057806064,-0.01148306084471085,0.010875203423270407
Muscle,acrolein,0.054869633815571785,-0.05800051684297549,0.0013775862296257061,-0.007223897605579878,0.02001189928119452,0.019532015575235765,-0.016441547752387358,0.0067302974178293585,0.030963952104072854,-0.006941897952416041,0.026428552334983434,-0.01840569314059105,0.022855441929233656,0.023975632696004612,-0.013108560596320689,0.03209293523251395,-0.010041530256829783
Muscle,alpha-Tocopherol,-0.0465115795113627,-0.0030955424006666246,0.009553348713396618,0.014851222706580656,-0.06280789859412274,-0.027097429018536956,-0.0017465558943337604,-0.03122306742055566,-0.012393981059457567,-0.0341183495227978,0.0239241214653066,-4.130202033208829e-4,-0.08662963380702636,0.015547389082472073,0.006772255043067724,0.023217245581717665,-0.03897424264298586
Muscle,amidinoproclavaminic acid,-0.0017735389738788945,0.05035855563433571,9.458438926592027e-4,0.014758215421465437,-0.01360624168753798,0.021562704376461597,-0.021676861893294954,0.042438250835547,-0.08073281722710797,-0.05065266063937187,-0.02198166862474803,0.0249180856113662,0.05945726362952262,0.031360870143482274,0.007442978913878676,0.03437338570545457,0.05648474741107427
Muscle,azolimine,0.01016157343813515,0.026690601682919982,-0.002523459306914915,0.02716973153998657,-0.09367816202056826,-0.015443410776172558,0.017201994023237785,0.013653712483984979,0.03909882851093298,0.03367959552437828,-0.0022275737512516512,0.015639577966709478,0.016106930394980606,0.031091072508978735,-0.010496491302216518,0.02815119277858605,-0.030992286569065244
Muscle,beta-Alanine,0.008579596162014078,0.02518285447843974,0.015235988853369414,-0.07323484629203618,0.05555601258611278,0.0026734819051149493,0.014647179043692666,0.03570995961052204,-0.016001542596511497,-0.028381168388738064,0.03763769690266749,0.037755274748538827,0.017942515603948075,0.011638576197663853,0.022940915580892007,-0.027602743380171317,-0.06256307244793624
Muscle,beta-Damascenone,-0.009883878739861504,-6.561183988213905e-4,-0.030647713161459287,0.051535805427980814,0.03491069602299233,0.0711106854216574,0.03393873840790104,-0.04579300744468115,-0.020273803674222626,0.023325182566481983,0.013124545569317185,-0.0023840333562176225,0.04770733100149836,0.03575671418558999,7.914161176499228e-4,-0.01739504577347601,0.0037610672103857564
Muscle,beta-Glycerophosphoric acid,0.019290284037550336,0.03092545172857587,0.04276866768480761,-0.008613123697665225,-0.04279105751032828,-0.03494518630316834,-0.03252171578952908,-0.02628774637771828,-0.03761386412425241,0.02491805136041883,0.03196962181665673,-0.023924817098667613,-0.08633254612624859,-0.008221422083243517,0.004494236919141119,-0.022916253796033285,-0.03951810745231018
Muscle,"bis-β-D-fructofuranose 1,2′:2,3′-dianhydride",0.0015385411082272423,0.022370346686460187,-0.03266964399979389,-0.06555640344964157,-0.048089576272941456,0.0264208417488124,0.04434966111552826,-0.040189708692731765,-0.030987796603495307,-0.030865541421002743,0.0019561600803202073,-0.010975282446284138,-0.02307600629353727,-0.015096343261533201,-0.018367008358021703,0.022837699800383325,-0.028298831789634847
Muscle,cGMP,0.0524232145996797,0.014433121509577448,-0.027854992246972153,-0.005302400473449043,-0.01972661295390971,0.044779918275712226,-0.04324854892956001,6.989648605194427e-5,-0.04376932348710797,0.008912213497395738,-0.04753888372684127,0.0020753071499696176,0.008212673830504887,-0.020093571639412153,-0.04023478233643307,-0.05880245128853803,-0.029236162177920598
Muscle,carglumic acid,0.031280749509793475,0.0021983726902745537,0.04432947293369974,0.016033586738625896,-0.07753680189283048,0.04626565691105539,-0.02466794742986028,0.010421091444758779,0.00662645809200711,0.008276542029287244,-0.014127493930502392,0.007545225903651029,-0.020484928569169454,0.016845934453803064,-0.006240417560123792,0.01848365811640541,-0.0704710151832948
Muscle,cis-2-Methylaconitate,0.06423986000404552,-0.026597043548001024,0.0389168315468238,-0.02638547971844656,-0.023562968518582604,0.005055791391296329,0.026519100947032512,-0.00692967897421313,0.007099937873501708,-0.023280328818409086,-0.001291180958856332,-0.015497506785113203,0.00884822571387927,0.030545717567788348,0.0013968801264784842,-0.017525094924636924,0.0019040183231030213
Muscle,cis-5-Tetradecenoylcarnitine,0.001175868635738913,0.015442358487174599,-0.024592878888671423,-0.0024960904422030466,0.01870638311674762,-0.08272023336097613,-0.018522378338964713,0.01606393084579376,0.008448802645400471,-0.04814243270997234,0.02745570688009737,0.028303346373731365,0.031131751977228197,0.09010088582065785,0.019320037882299364,-0.05895961213195166,0.033795645407609494
Muscle,cuscohygrine,0.04013241405776944,0.009216339024462946,0.005582527031277794,0.012038726920256272,0.029467680583636333,-0.010718337997474271,-0.028671738339113215,-0.10775918616210844,0.01840013289593515,0.027037231987650612,0.03806869570750159,-0.010808223933033271,0.0011186895225917244,-0.026124899619207657,-0.023940200833827554,0.029340497542485265,0.029169321033864517
Muscle,cyclohexylformamide,-0.01892326357494878,-0.009209051303981142,-0.044318923929268894,-0.022095298004233117,2.3650601632002597e-4,0.07961561408748966,-0.05756216099737938,-0.002657445080081486,0.0455705424259879,0.0038252749425293914,0.0015610846967571688,0.0029846041132261902,-0.049840936229423184,-0.012981431668156497,-0.005854214506234747,-0.015549790931719737,0.037976876808682544
Muscle,dIMP,-0.04646689701841815,-0.017215718686442918,0.015739191804496563,0.004075366786080064,-0.028891405053192612,-0.008001823420326857,-0.024385893556035217,0.002555343789865151,-0.04903550137748348,-0.018721632776778928,0.05570587202184131,0.010813804091151496,-0.020880339298828505,0.0954040271695901,-0.031035009038364245,-0.053204848601884985,-0.009662447758019835
Muscle,dTDP,-0.01596822162959194,0.028741236074942285,0.07362754113672512,0.01767953893319892,0.004352002452489675,0.007355193269348067,0.0022391358560344124,0.022325685390289906,0.06515603732549488,0.012930120253404556,0.012201564800997067,-0.007679979620357219,0.008425598045544503,0.026543582830244796,0.0361290398254351,0.0352752398841592,-0.00853940454997798
Muscle,dehydrocarnitine,-0.018320002739072,-0.024530601202948144,-0.03624629643410037,-0.03360307337889429,-0.057670564730755165,0.02439924870671235,-0.03343512770125237,0.031244389687402487,0.04200314476759025,0.006340661607671687,0.025657583106936246,-0.029965926146586604,-0.04484836968453812,-0.007849072744874598,0.05841346671062477,0.03416639480779837,-0.007813054730320658
Muscle,delta-Valerolactone,0.0028228679425378474,0.06496895312805841,-0.010265419059300323,-0.0288773457512531,0.024179459106909013,-0.0061055040862932975,-4.7776701287943833e-4,0.01305947950249267,-0.026086547817038792,0.026071019880926694,-0.03421715204302162,-0.0866016283806422,-0.018030449731089665,-0.020144907380263387,-0.01166182131472848,-0.03538022691755188,0.030366018322221747
Muscle,didecyldimethylammonium,-0.05378650337412044,-0.025328455301315677,-0.03592203523400136,0.003952882356362641,-0.01166739991821098,0.02511765501675218,-0.025207792287446476,0.0658050638650595,-0.008331392993512179,-0.011508132635230577,5.641570830112113e-4,-0.014498487077931875,-0.026567381249824287,0.028621399373764282,-0.00831428416475927,0.06168397211870146,-0.06682739634622081
Muscle,etamiphylline,0.009969963022021263,0.031839764848663965,0.005972793598280027,-0.03517353553149716,-0.0531499301778431,0.011858613564085314,0.07787568338923745,0.010018752522176762,-0.015279529314774078,-0.00609459261979872,0.035119356125557485,-0.07234153430242508,-0.02347477353981451,0.015631721156929363,-0.015956625119819615,-0.011991377167349163,-0.0022420021253427925
Muscle,galegine,-0.010393081026735895,-0.03554726204473021,-0.008807139709176109,-1.4354755887321789e-4,0.001666774334043425,0.031307021406990404,-0.04911772361698125,0.00838169652582692,0.09002324668342294,-0.009680719828563345,0.03675209206657218,-0.04125546296348595,-0.04293528564572118,-0.04780121252994951,-0.02254897926758806,-0.06853802354209759,-0.015424992548722436
Muscle,gamma-Linolenic acid,-0.019957705989408363,-0.019561620054358173,0.019802943303320945,-0.056572970736640214,0.033280431655198145,-0.04687793589485604,-0.00824466360244491,-0.030659250065079087,0.011015770887695113,0.054521910520307436,-0.06837542538871486,0.018951680817432513,0.015020791829825967,-0.03203330894935835,-0.03339517284071372,0.007234225856707222,0.04240938517325883
Muscle,glu-thr,-0.04520707155355259,-0.025887496969736114,0.053276687504601274,0.03786298913777905,-0.002669200613994655,0.03229494763564868,0.03144662168892335,0.008437785176179102,0.020503464141243048,0.01080497711532243,0.024794747361914747,-0.026535800006014052,-0.02049374035600293,-0.02797198497474499,0.03375265683906464,0.0035365463602483613,0.03518621429762371
Muscle,glutaral,0.043258159072507935,0.012216270928628354,0.015475997167513158,0.015144800913995674,0.036532565133924826,0.04620367482887221,0.02648697454531499,-0.01867002820645137,0.0025513750349991002,0.051783796052412484,0.03940581288483149,-0.026593931282882028,-0.05857436596087995,-0.05606072855268051,-0.04063847189944378,-0.029484221851997526,-0.02615843698768957
Muscle,glycodehydrocholate,0.008573567594804224,-0.005057648001977855,-0.035695185458812353,0.057757577911161366,-0.005287909023829912,-0.017619245672777586,0.05230168972905607,0.04394978794195989,-0.018190470327316195,0.016705354936484607,-0.02627485574040762,0.0028860860345475007,0.041815143899063795,-0.09923587709345875,0.01799882272688844,-0.0073169270062282505,-8.669119223245983e-4
Muscle,hydralazine,0.01699138048424832,0.012684686026686,-0.030945678363257578,0.02246685142318876,-0.07518629461926699,0.01031396137813705,0.045308751228427306,0.020160669115304137,0.058055027575927946,-0.012057999443324505,-0.028552578889248448,0.03986715838211911,0.027929362999435884,-0.003781390724792786,-0.026219278649239935,-0.006967697215978893,0.0075579342426661845
Muscle,ibufenac,-0.019738245476929442,-0.030527567050471414,-0.009391555611111631,0.0425185903153131,-0.008401149307596759,0.03011409399041006,-0.018426161703351828,0.0665279992323462,0.06637500152674974,0.004578734466601879,0.05500049735827398,-0.01594105732247528,0.011330688754517506,0.04050450619281336,-0.04448974963210837,0.04107945250874429,-0.03325434457071786
Muscle,irgafos 168,-0.0030662070471092766,-4.714905985003197e-4,-0.010038032052239831,0.09303071932477948,0.012067043908919932,0.004626766634164132,0.03217850416135553,-0.01896884553561984,-0.007136879520423479,-0.04651465492999822,-0.01025005356033598,0.0026228392490343566,-0.011224771413349521,0.06569038142585377,0.034297550755621915,-0.002768221710484949,-0.014672627654003983
Muscle,irganox 330,0.04045698636456382,-0.03835324440638543,0.004618546175992876,0.011480760932779256,0.006427244299389565,0.050820412039539055,0.00137370520258066,-0.08751919767520105,-0.02385627766913886,0.022093473135161426,7.372972510732458e-5,0.002300755301348831,0.03719159918483564,0.02379527677501014,-0.005227077711550883,-0.025995766753072847,0.00646364380887742
Muscle,lawsone,-0.00944763144095734,-0.003495736232152165,-0.011839052541998343,-0.035554029898646713,0.02044303932760047,0.02915317941650987,-0.0633745941859113,0.07847837125898778,0.05111203317369895,-0.04109373418744266,-0.03316176214505716,-0.021995922689264296,-0.021580042198680902,-0.008827531896086325,0.008821052684305716,-0.06810236371616024,0.014622203928334548
Muscle,linatine,-0.06298458331005796,-0.04631438901219536,0.02791555268776492,0.01763126664759167,-0.018777160654372158,-0.0011843022571405228,6.149556555924888e-4,0.023152371859615772,-0.014883744286412506,0.01638268520894015,-0.0042532328214687455,6.994904348291915e-4,-0.017372103612215473,0.02306337621491316,-0.003730937059715266,0.02620914714331839,-0.013481920409103685
Muscle,lysops(22:0),-0.02118583172565327,0.010368007630582272,0.06558004332271525,0.06970284574714304,-0.003767289656545197,0.027597675316329628,-0.011146661765500731,0.008584361862189444,0.016253912408837157,8.584191923003043e-4,4.102350957594399e-4,-0.013968837169368985,-0.008426408930837185,-0.016354600735701167,0.01951371386658034,0.023068316863955267,-0.01559150375089924
Muscle,m-Coumaric acid,0.032077188630802424,-0.060121209120306295,0.04183869202193439,-0.0073125747806859105,-0.005086521673847259,0.002974684415557571,0.0548905415727321,0.011124411713739428,-0.012526794185153506,0.016370838675084667,0.013389389860341144,0.039477617879678115,0.021272715019056542,-0.015808133110322135,-0.011421536226804935,0.026614944268623573,-3.637126239801425e-4
Muscle,mannosyl-glycerate,0.004357195989429847,0.06224417484187221,-0.013000797666697985,-0.03598813733076944,-0.017567430237240604,-0.042654656213219753,0.030211245591770013,-0.019255346415869574,0.0026532970290372767,0.03553532611749157,0.053314982435371895,-0.030665232046623286,-0.03389433045444416,-0.017983969631526184,0.010747203872476881,-0.03474513115785362,-0.017355027998004546
Muscle,methyl 3-methyl-5-(methylthio)-4-(1H-pyrazol-3-yl)thiophene-2-carboxylate,0.03593877491051564,0.030188640180353683,0.038793365701113754,-0.012658047974434353,-0.03430287448179709,-0.030928610572493034,-0.02863727120395993,-0.02120619689135006,-0.017510866303405686,0.03908034534157738,0.04551995412727042,-0.012650944971804506,-0.07146570679937048,-0.01758745760489719,-0.0346201175524,0.033745285835632584,-0.03718531476821199
Muscle,moroxydine,0.019615590874072476,-0.02020592601860429,0.03571168098477655,-0.005681445846521685,-0.019712634647974646,-0.009579256410592405,0.03271766049986652,0.0808932261321506,-0.05758674976953519,-0.01212783390147916,0.010013328676931253,0.03725268435400048,-0.04980304526200209,0.02483344125298335,0.0519320059884453,0.056332591795180645,-0.0207684481553155
Muscle,myo-Inositol,-0.04287026026263848,0.017952841107732417,0.06115971184783706,0.048057570773208,-0.002833198560672172,0.017749437111668948,0.005638971619505991,-0.019952972091196935,0.012685357777591895,0.03643213477012713,-0.011242734675088841,-0.010140064207165825,0.03213690659158989,-0.0016014441831470124,0.007295362999509774,0.024196290322763988,-0.00544288361742105
Muscle,n6-(delta2-isopentenyl)-adenine,-0.06536732236527006,-0.0200725416491478,0.03332609859993457,0.012204639622408397,0.01646161342590773,0.004916720066440209,0.0478224845155499,0.024705369233962455,0.008032395432208524,0.026802879801694365,0.02497599849405743,0.006243383458851061,-0.020874084435433073,-0.0244093786281304,0.008419842933916769,-0.0027003214271200063,0.020291966337376642
Muscle,oxazolidinone,-0.027464140599532373,-0.03470927933143331,-0.03797099923347045,-0.05583811952231314,0.007471935027969827,-0.018328157017062245,-0.03434098662629203,0.041081246167103944,0.02866053722565756,0.019415847719178647,0.01852267863488248,0.02831866041366796,0.0429035272144566,0.007451205934053281,-0.017948780251621735,-0.05754927846823522,-0.01056909924271428
Muscle,oxiracetam,-0.03494243986476543,-0.05566157872704211,-0.029050570079170307,-0.028320817628076,-0.008494230554838864,0.03195127307823529,0.039520614414700755,0.010201757214029081,-0.036567359403800355,0.038479152876766086,0.003146595028894752,0.039156343740069224,-0.005543355239663924,0.002218668344982344,-0.01157159495179781,0.030576475824990998,0.011794149706404165
Muscle,p-Coumaraldehyde,0.016391364709509814,0.051934325941234954,0.008871603058844416,-0.002257422863095255,0.011199349544985035,-0.00800152090008909,-0.036218834483501716,8.154828718928551e-4,0.04823923763760652,0.07493337127149399,-0.06257888183557074,0.004631014862574678,0.015723666829790952,0.052517888375327816,0.045803147464116616,5.715709176966681e-4,0.003712629980709416
Muscle,p-Cresol,-0.028044700478248637,-0.028170765235600297,-0.043008497888371626,0.003484879601484392,0.02459350728445294,0.0663718991768862,-0.02569495870217912,0.01837555230761935,-0.0016498021676202986,0.029078642034414716,0.03026205120801307,-0.02242498252964453,0.03748027966538629,0.07099653202714476,-0.015733248800625422,0.01592431954893361,0.004385774148931094
Muscle,p-Xylene,-0.005964628141099551,-0.033068528029455424,-0.0042419758123048695,0.011014728784675307,-0.04762770556096528,-0.04728756833757479,0.010893466893545888,-0.0030536537004784746,-0.017061794118180765,0.004296917139851018,0.007089631597357086,-0.09646025331085108,0.0858971154156422,-0.030283024278637827,-0.009811512945660244,-0.0066665249356237565,0.01302692031723981
Muscle,pC-HSL,-0.014386272302344806,-0.0025570894646965085,-0.0400666058927814,0.016338221868968106,-4.59217361817802e-5,0.04062616210331778,0.04170868716149097,0.01722459605676033,-0.09508248930760864,0.050899877322395246,-0.005427123486346168,0.01955597994112246,0.014554504128431884,0.030791662989782417,-0.05197149857102804,-0.027252610946471533,-0.007280244623909299
Muscle,pe (39:7),-0.00881339669489422,0.04566496784851555,-0.010272355106183644,-0.05222869413173117,0.0032692274478644573,0.03034100768796559,0.03667371946711705,-0.05027344640424957,0.003159024219310537,-0.05334380455405093,-0.05259207903763737,-0.04658850771412088,-0.007040751625804644,0.013844101448742426,0.02163818069299229,-0.012824411251186394,-0.020045293364243117
Muscle,pentalenic acid,-0.03694250092546632,-0.014038831305513477,0.007173484724778844,0.02756533632682133,0.024090721123569116,-0.05209133461222336,0.0016046838372683076,-0.0160541288024725,3.9587717309571386e-4,-0.05253039566042792,-0.017737406709689277,0.004003097961517366,-0.029849287928070924,0.02134526796160045,0.12301836994740485,0.02910458553623824,0.010146429118658996
Muscle,pentobarbital,-0.05659281741903947,-0.02892766392867944,0.026937879414440667,0.03124986687777768,-0.010404585212369574,-0.006667787700791195,0.013009540941955798,0.02711681541319723,-0.024779591676414876,0.0379847506562123,-0.017102019132258554,0.004045227480269796,-0.04938487659007688,-0.04868518332178939,0.030415566854377164,0.03329461975114999,-0.0035139250673317884
Muscle,phenylurea,-0.034279210949938355,-0.008414648510614905,0.04659671158262367,0.06704404380565417,0.004036611983185998,0.051535987854278195,0.002568425675020326,-0.013855137670930568,0.015342580431227727,0.026694285474243337,1.2592961104989056e-4,-0.03224382227205028,0.001096890618043072,-0.009575968777339015,-0.00977642985360661,-0.022821496756811274,0.026389310856431456
Muscle,phosphoglycolate,0.01698059937187028,0.05778081301737764,0.010173167773703997,-0.04377402903430227,-0.030657157848953013,-0.013769081765363334,0.0230588635846276,0.003898546582318602,0.041113907994083244,0.05111543782209117,-0.021615893095826778,-0.04873970874884636,-0.007288038805506289,0.04018455548596787,0.01646353381194694,-0.002212258611115368,-0.0033477806695888603
Muscle,phosphonoacetaldehyde,0.004099215271206794,-5.056992142982575e-4,-0.03607161989816559,0.02779386047105625,-0.02006709234059733,0.0334509900883638,0.0270304133303225,0.06538459072426309,0.04815141840527394,0.010736244627978645,0.05434336757216483,-0.04363709144256314,0.03532944487992289,0.004224157281730698,-0.06551338987851239,-0.06715946110193123,-0.026156166178805496
Muscle,promolate,0.01816451801061116,0.043904988284077906,-0.007064663596073736,-0.0035301564006629,0.021624538415176506,0.0047886092452667185,-0.03421821675847806,-0.017162340985698528,0.046487976446950095,0.08342043357973901,-0.06537211440390107,-0.002752731855686768,0.020143891808677185,0.047244657268159664,0.048669761473380625,-0.003944731783760594,0.012051964014089695
Muscle,propyl propanethiosulfinate,-0.018534802660243658,0.007901026758650459,-0.007152649881285607,-0.03665602268462699,-0.06782930289714573,-0.010457046096447141,0.062419376288413785,0.011846471084016517,-0.018097795293142403,0.004504666900262336,0.015305299961597088,-0.08342122619817263,-0.027907567987342015,-0.028273085720971855,0.009064291488683733,-0.003724097142472196,0.021963094159543575
Muscle,quinoclamine,0.01398855521894238,-0.02791564931422426,-0.005710948866925299,0.02160571427285819,0.014213344753394792,0.004310456397453259,-0.013525272681172783,0.043089761655942783,-0.015626148929248955,-0.013491208289662212,0.06215265201708557,0.02091813184800358,0.019587523697335067,0.007231036049876435,0.11522075787323728,0.1155472778668339,0.034153345170714076
Muscle,ser-arg,-0.02515717281125848,-0.029842263205398293,0.05061532340110617,0.049569146271560505,-0.03503886156605395,0.02636339073852584,-0.04531440086711283,0.01104511435881531,-0.028422946757911353,-0.0012112104008386267,0.005747287189745551,-0.04435968190051075,0.004156456624393008,-0.0168496944616439,0.022269587440359208,0.004208506420722417,0.016978200086430584
Muscle,sphingosine d20:1,0.02310291280303785,-0.01474604482024522,0.037724792157103115,0.06928083625005124,0.030049982718027987,0.0036198755953451545,0.017129375797450715,-0.008661453259382548,-0.04963430308890096,0.005158541498038245,0.02527672376983474,-0.043346963818807586,-0.011432955554030035,-0.028494802395231795,0.026126869422401805,0.057610438756205,-0.017223361707562213
Muscle,sphingosylphosphorylcholine,-0.0062076373473643805,-0.010738863332380059,-0.0435599633019399,0.0015984455665942396,0.008628186317982534,-0.08842712271381184,0.03340727572665679,-0.03342439758286578,-0.015405649642124406,-0.004053243243661894,0.04930637084819851,0.04010478846792767,0.005713490752294092,-0.05027723804448876,0.0021546870045199757,0.009279766834392123,0.023375692248533406
Muscle,streptidine,0.01821348852953067,-0.04595110562849386,-0.04537663150589888,-0.017975552224918756,-0.022751079743309803,0.060777709209019176,-0.006596721310699618,0.027407686915300787,0.003337540330048874,-0.024524537411609128,-0.03252134400597258,0.05495546208046977,0.015951854648927028,-0.02545467774247075,0.00868617960077013,-0.00578638603002374,0.05693794782056545
Muscle,taurohyocholic acid,0.043908433219472395,-0.025152401269823307,0.059777736931013625,0.011867677706118133,-0.0062055248215150205,0.03924597929974495,-0.03216608879561303,0.015091127472916363,0.006282330919843846,-0.039506303684313945,-0.028689265183226162,6.951362898550377e-5,0.026340614198664923,-0.022870972508043756,-0.004806387138720594,0.02080672327156484,0.007554818123843142
Muscle,tenocyclidine,-0.06200460919318056,-0.04149623958370839,0.018043370497802323,0.007341093265859998,0.01156477311390899,-0.02289344027453665,0.03132506053547121,0.0025746049945446336,0.030495403044229707,-0.01680127606256554,0.018425597504408843,0.028171240317221187,-0.028973157028472994,0.0014854592289697348,0.02839364271268763,0.03146902290037607,0.009823522873697652
Muscle,trans-4-Hydroxycyclohexylacetic acid,-0.031115662530573334,-0.0015378463910035102,0.03439378664414917,0.012888340161099347,0.0442909771460376,0.029117565718409535,0.005999142858623943,-0.0937030161202489,-0.0010722829034705836,0.011296150804753073,-0.0397135112803302,0.004516673212648161,0.04399962820610959,0.03741850728503298,-0.015509250877242945,-0.005302909604242744,-0.04486253159813445
Muscle,trans-Aconitic acid,0.04352684007657932,-0.028855922042548027,0.07246853122198513,0.02431043703753842,0.00379919527372855,0.010843204623853048,-0.009195043933553563,0.0015448150727528304,0.0042521018858602665,-0.024069644829620818,0.017248190487544304,0.010377124890711385,0.0167371009601966,0.0015102894317402778,-0.007142854096011875,-0.0047002463776541275,0.011357421310965432
Muscle,zopiclone,-0.02356515022119339,-0.0010795338747164017,-0.0037475401972196475,-0.02606999357531614,-0.0685434593264133,-0.02179678585485259,0.08186162224676119,0.00334530649487918,0.006216707556913155,-0.03201564507684759,0.010609743138303613,-0.056161319746800824,-0.013404635806491183,0.0022944298163748,0.016400459468206324,-0.0260146031046897,-3.042976851278122e-4
Muscle,"β,ε-Carotene-3,3′-diol",0.03004061440054697,0.0026744813753440348,-0.02662225188878876,0.0691319905751759,-0.03528240804382517,0.014085483700847258,0.04157754771475745,0.052101030307437034,0.020519188161854038,-0.03138471510208807,-0.036282651378447564,0.019022546522281098,-0.004952748653768173,0.008256111429044671,0.015490160987711934,-0.003316652186683322,0.0031840584504720976
Muscle,β-Ionone,-0.017546849684770834,0.0018356613596717634,-0.03098593076075977,0.05844096702432169,0.022876250492071704,0.06099561319444458,0.03472705411271664,-0.04317978860421393,-0.012718829372918154,0.019812095517682385,0.008158691816415757,-0.018507018272667992,0.06033979728472506,0.037695413839080184,-0.012547277791600074,-0.028004995466826874,0.005159413197780725
Muscle,γ-HYDROXYHOMOARGININE,-0.004682270954133,-0.05537607553817048,-0.0419180226350543,-0.027155729100224624,-0.024854466545503023,0.018427748367450283,-0.058952938151668625,0.02813302915145139,-0.007578436096040552,0.04578786093423165,-0.02172365955165114,0.014484702290360313,0.02088952831231625,0.02210183625036925,0.02218581979342954,0.010305682915486303,0.020383414912257983
