metabolite_tissue,metabolite,hormone,n_group__Old CD,n_group__Old ID,n_group__Young CD,centroid_metabolite__Old CD,centroid_metabolite__Old ID,centroid_metabolite__Young CD,centroid_hormone__Old CD,centroid_hormone__Old ID,centroid_hormone__Young CD,mean_metabolite__Old CD,mean_metabolite__Old ID,mean_metabolite__Young CD,mean_hormone__Old CD,mean_hormone__Old ID,mean_hormone__Young CD,distance_young_cd_to_old_id,distance_young_cd_to_old_cd,distance_old_id_to_old_cd,young_cd_closer_to_old_id,old_cd_most_separated,clustering_score,correlation_method,n,n_unique_samples,n_before_outlier_filter,n_outlier_removed,removed_samples,removed_for_metabolite,removed_for_hormone,n_cd,n_id,n_old_cd,n_old_id,correlation,p_value,p_adj_bh,old_diet_stratifying,all_diet_stratifying,old_diet_metabolite_cohens_d,old_diet_hormone_cohens_d,all_diet_metabolite_cohens_d,all_diet_hormone_cohens_d,metabolite_min,metabolite_max,hormone_min,hormone_max
Liver,Hexaethylene glycol,Insulin,3,4,3,-0.9023308619024838,0.3636092372727132,0.41751854553880136,0.8418479923250165,-0.25616579691835095,-0.5002935964338813,1586581.2540118,1767788.052366095,1769687.85183599,1614.1266666666666,808.0225,628.7966666666666,0.2500091918590656,1.8823778851759203,1.675780002287975,TRUE,TRUE,7.529234710046374,pearson,10,10,13,3,2M22;4M1;4M5,2M22;4M1;4M5,N/A,6,4,3,4,-0.6331117090382508,0.04942616245851088,0.8541690911969478,TRUE,FALSE,1.164679230022373,-1.073115127423688,0.6100473406093316,-0.41268045707396234,1462161.82121433,2032717.27704832,155.89,2555.98
Muscle,Stearoylcarnitine,Glucagon,3,4,5,0.5158157034121185,-0.1696650224800167,-0.17375740406325607,-0.2556283154777509,0.024579540957604992,0.1337133565205664,2838882.0731283766,1589673.7388164396,1630095.7713970717,224.83333333333334,267.6975,284.392,0.10921051820384937,0.7918952002049828,0.7405405244668961,TRUE,TRUE,7.251089118786643,pearson,12,12,13,1,2M26,2M26,N/A,8,4,3,4,-0.6367833506518046,0.02596763141935901,0.802990002341614,TRUE,FALSE,-1.2970696064784657,0.5554877620462959,-0.45677633223774144,0.03515930279436215,3156.18984941856,3637317.52870693,88.58,661.43
Liver,PG(16:0/18:1(11Z)),Glucagon,3,5,4,0.519957610764935,-0.16742460275764634,-0.1806874546266228,-0.44125626296272724,0.08459530665410597,0.22519806390441302,11958472.680199267,10043224.90605105,10459139.25166928,224.83333333333334,306.004,327.7075,0.14122690461129275,0.9669875270433809,0.865456053613175,TRUE,TRUE,6.847048936637664,pearson,12,12,13,1,4M1,4M1,N/A,7,5,3,5,-0.6590091246323632,0.01976221332476722,0.777282054507849,TRUE,FALSE,-1.0585854429333763,0.8177262978081293,-0.3977430978307539,0.13865879408586831,5519067.76725692,15225305.1985476,88.58,661.43
Liver,L-2-Amino-4-methylenepentanedioic acid,Insulin,3,4,5,1.0545709470647264,-0.46178142662864896,-0.2633174269359028,0.9470705171064564,-0.199283657956488,-0.4088153838986833,1616213.70596207,829786.6068286992,846040.5626053378,1614.1266666666666,808.0225,660.682,0.28860267384478194,1.890834826966793,1.9009083133833093,TRUE,TRUE,6.5516885265717715,pearson,12,12,13,1,2M22,2M22,N/A,8,4,3,4,0.8131284703499864,0.001299224886433,0.5993076568054627,TRUE,FALSE,-1.507275637326396,-1.073115127423688,-0.5897669027771346,-0.28815235880172246,388809.703863708,2291787.23604204,155.89,2555.98
Liver,Succinic semialdehyde,Glucagon,3,5,5,0.9013787331065981,-0.19178702480541218,-0.3490402150585588,-0.3466213775997461,0.1731868802033664,0.03478594635648152,4178571.3203635667,2578293.337612142,2587060.04878013,224.83333333333334,306.004,284.392,0.20948361352259068,1.3072945699795084,1.2104594165653166,TRUE,TRUE,6.240557664614325,pearson,13,13,13,0,N/A,N/A,N/A,8,5,3,5,-0.5682478620807625,0.04274831341627368,0.8342054032317431,TRUE,FALSE,-1.7813150534140918,0.8177262978081293,-0.4228033654444775,0.2722258385029136,1231427.0611805,5701727.70360729,88.58,661.43
Muscle,D-Ornithine,Glucagon,3,5,5,-1.0436337207719661,0.42442630484790944,0.20175392761527883,-0.3466213775997461,0.1731868802033664,0.03478594635648152,950774.6181794883,1699534.8994999395,1500565.4177810675,224.83333333333334,306.004,284.392,0.2621789581032787,1.302482990876642,1.5573698544993533,TRUE,TRUE,4.967915809489037,pearson,13,13,13,0,N/A,N/A,N/A,8,5,3,5,0.5955487439608748,0.03174553925824465,0.8053673965337975,TRUE,FALSE,1.3097610980563348,0.8177262978081293,0.777841755180117,0.2722258385029136,531166.428779674,2410097.54198323,88.58,661.43
Liver,"PG(18:0/22:5(4Z,7Z,10Z,13Z,16Z))",Insulin,3,4,5,1.2663844377729245,-0.3444926072278581,-0.48423657688147015,0.8216385387417448,-0.04168032783934017,-0.4596388609735746,256716.239586734,110473.25316958007,87161.4052183751,1614.1266666666666,971.7,660.682,0.44070138696658373,2.169411374537073,1.827633529870062,TRUE,TRUE,4.92263341731114,pearson,12,12,13,1,2M23,2M23,N/A,8,4,3,4,0.722679769324368,0.00792761744944717,0.7718346777285694,TRUE,FALSE,-2.7492305043849643,-0.7586560630287424,-0.48720986700742536,-0.05963921343442049,32468.0442349553,297024.952473504,155.89,2555.98
Muscle,L-Proline,Glucagon,3,5,5,-0.9522510490420754,0.14588773140674782,0.42546289801848675,-0.3466213775997461,0.1731868802033664,0.03478594635648152,39717240.162284136,54469955.733855076,58842224.42671802,224.83333333333334,306.004,284.392,0.3119568756666078,1.4295339333827106,1.2149524295238623,TRUE,TRUE,4.582472914975823,pearson,13,13,13,0,N/A,N/A,N/A,8,5,3,5,0.6275380715226034,0.0216701739529279,0.7876744772888639,TRUE,FALSE,1.3420760464483936,0.8177262978081293,0.191949258107158,0.2722258385029136,34775073.2475349,77906620.034079,88.58,661.43
Muscle,"(2R)-2,3-Dihydroxypropanoic acid",Resistin,3,3,4,-0.6126692756494275,0.11794012580005075,0.3710468623870332,-0.5164970995888614,0.15008324866477668,0.27481038819306325,735792.7056316433,1369541.407468564,1420337.3747537553,19981.716666666667,28241.176666666666,29786.644999999997,0.2821699477985223,1.2624836555191952,0.9889992205074312,TRUE,TRUE,4.474196013321184,pearson,10,10,13,3,2M22;2M31;4M3,2M22;2M31;4M3,N/A,7,3,3,3,0.6759246810145529,0.03190720358562627,0.8053673965337975,TRUE,FALSE,0.8661938384362671,1.0141294913274848,0.32444255814040435,0.20323554331234275,371639.660772932,2228631.10069289,7458,50393.88
Liver,(E)-p-coumaric acid,Insulin,3,5,5,1.1407194842269197,-0.3638162136959787,-0.3206154768401766,0.8414041694924637,-0.010071029424548072,-0.49477147227093016,1703676.0773716501,992944.9712783865,1015068.4077384329,1614.1266666666666,1006.546,660.682,0.4866218480096873,1.980117474817792,1.728767676900256,TRUE,TRUE,4.069109274309389,pearson,13,13,13,0,N/A,N/A,N/A,8,5,3,5,0.6806820711802533,0.01044012540082408,0.7718346777285694,TRUE,FALSE,-1.9011443027298336,-0.7833395778180952,-0.6417333715891849,-0.01566923747362904,619297.900982941,2281834.31906857,155.89,2555.98
Liver,"PE(P-18:1(11Z)/22:6(4Z,7Z,10Z,13Z,16Z,19Z))",Glucagon,3,5,5,0.7928014157072076,-0.34087531638232105,-0.13480553304200987,-0.3466213775997461,0.1731868802033664,0.03478594635648152,35574068.1882108,13944288.680507876,13684718.376530904,224.83333333333334,306.004,284.392,0.24823290292709504,1.0029587220495588,1.2471662109604718,TRUE,TRUE,4.040393961569726,pearson,13,13,13,0,N/A,N/A,N/A,8,5,3,5,-0.5796521204191348,0.03786229173066293,0.827402214621848,TRUE,FALSE,-1.7523055942058403,0.8177262978081293,-0.5767555171433139,0.2722258385029136,668028.444222608,47092293.1264032,88.58,661.43
Liver,oxiracetam,Insulin,3,5,5,-1.0886801826500097,0.26006702294005185,0.3931410866499554,0.8414041694924637,-0.010071029424548072,-0.49477147227093016,2626998.9127708576,5731347.31687407,6552786.139732208,1614.1266666666666,1006.546,660.682,0.5026362757777699,1.9952843455987863,1.5950326137599082,TRUE,TRUE,3.969638567195177,pearson,13,13,13,0,N/A,N/A,N/A,8,5,3,5,-0.8086709258705833,8.175828867717879e-4,0.5993076568054627,TRUE,FALSE,1.4326793942316975,-0.7833395778180952,0.23978738061543117,-0.01566923747362904,147938.282144342,10413473.619994,155.89,2555.98
Liver,"6-HYDROXYMETHYL-7,8-DIHYDROPTERIN",Insulin,3,5,5,1.1801260183162885,-0.2382124248451844,-0.46986318614459893,0.8414041694924637,-0.010071029424548072,-0.49477147227093016,801595.0627053156,364191.1022030358,328207.9937698474,1614.1266666666666,1006.546,660.682,0.5372118711514827,2.1231650243161244,1.654295606510661,TRUE,TRUE,3.952193051440286,pearson,13,13,13,0,N/A,N/A,N/A,8,5,3,5,0.5854386447430657,0.03554455962080277,0.8254855449604329,TRUE,FALSE,-2.4060422292090524,-0.7833395778180952,-0.5339555723437125,-0.01566923747362904,157609.713265778,1052019.5282843,155.89,2555.98
Liver,oxazolidinone,Insulin,3,5,5,-1.0286236903290746,0.2917646966850625,0.3254095175123914,0.8414041694924637,-0.010071029424548072,-0.49477147227093016,5062436.1435612235,7538446.631402584,7662838.136039644,1614.1266666666666,1006.546,660.682,0.48586674434867627,1.902306829504449,1.5711255541593612,TRUE,TRUE,3.915285109818675,pearson,13,13,13,0,N/A,N/A,N/A,8,5,3,5,-0.5647943310828168,0.04431368866860256,0.8342054032317431,TRUE,FALSE,1.1577571105198747,-0.7833395778180952,0.3805221827527923,-0.01566923747362904,3016191.47425144,9958229.63038511,155.89,2555.98
Liver,"PG(16:1(9Z)/22:6(4Z,7Z,10Z,13Z,16Z,19Z))",Insulin,3,5,5,1.037889073248297,-0.25176339119468183,-0.37097005275430434,0.8414041694924637,-0.010071029424548072,-0.49477147227093016,9382121.983860126,5179893.015440096,3435314.2813384538,1614.1266666666666,1006.546,660.682,0.4991440147449124,1.9417130021098976,1.5453845778364084,TRUE,TRUE,3.8900857162480658,pearson,13,13,13,0,N/A,N/A,N/A,8,5,3,5,0.5608338979071678,0.04615917647796615,0.8423081545572892,TRUE,FALSE,-1.0801714619458542,-0.7833395778180952,-0.12714786719734614,-0.01566923747362904,1496338.74971099,11812591.5289508,155.89,2555.98
Liver,"PC(18:2(9Z,12Z)/14:0)",Insulin,3,5,5,-1.023525533361551,0.36627010162440177,0.24784521839253165,0.8414041694924637,-0.010071029424548072,-0.49477147227093016,3732709.606156216,20885463.9470417,30438601.61437391,1614.1266666666666,1006.546,660.682,0.49895788626292,1.8443830768193354,1.6298901562365398,TRUE,TRUE,3.696470438884815,pearson,13,13,13,0,N/A,N/A,N/A,8,5,3,5,-0.578692137444801,0.03825715477220116,0.8279473488550837,TRUE,FALSE,1.9377952882884133,-0.7833395778180952,0.02422624128309252,-0.01566923747362904,789822.208057658,56602617.1111475,155.89,2555.98
Liver,Chamazulene,Insulin,3,5,4,-1.3774844640960673,0.4308990454230997,0.4944895412931797,0.8266378120346513,0.009329085905455205,-0.6316397164078071,1007362.2807137707,1574607.66192314,1595757.0394405476,1614.1266666666666,1006.546,530.0550000000001,0.6441154839808625,2.372943325663996,1.9845010635693265,TRUE,TRUE,3.6840339732222604,pearson,12,12,13,1,4M1,4M1,N/A,7,5,3,5,-0.5951262954716363,0.04121213198172823,0.8342054032317431,TRUE,FALSE,2.566661810355763,-0.7833395778180952,0.7607260905794306,0.01524897605490673,749639.131012165,1802397.3347776,155.89,2555.98
Liver,Tetradecenoic acid,Insulin,3,5,5,1.1016139081070135,-0.4246382445265172,-0.2363301003376918,0.8414041694924637,-0.010071029424548072,-0.49477147227093016,25771652.658173434,12640358.423201669,13185947.99158792,1614.1266666666666,1006.546,660.682,0.5199946888799138,1.8908885518123228,1.7477001023600276,TRUE,TRUE,3.6363612787764445,pearson,13,13,13,0,N/A,N/A,N/A,8,5,3,5,0.6376632207598374,0.01904374471868377,0.7721153713157484,TRUE,FALSE,-1.7142494642150858,-0.7833395778180952,-0.6652198499680665,-0.01566923747362904,7506389.65924411,33977800.1340986,155.89,2555.98
Liver,Modafinil,Insulin,3,5,5,-1.1231832120367882,0.43983278684552285,0.23407714037656555,0.8414041694924637,-0.010071029424548072,-0.49477147227093016,383187.50167306367,599105.1183368744,565110.3876461685,1614.1266666666666,1006.546,660.682,0.5265642461745171,1.904605211028007,1.7798957910880158,TRUE,TRUE,3.6170424119467675,pearson,13,13,13,0,N/A,N/A,N/A,8,5,3,5,-0.5568605510017257,0.04806556201628736,0.8493022723764553,TRUE,FALSE,1.780276004955931,-0.7833395778180952,0.7368167151802539,-0.01566923747362904,217132.996911702,749740.061218627,155.89,2555.98
Liver,3-Methylhistidine,Insulin,3,5,5,-0.9922400617146983,0.3695983191440879,0.22574571788474887,0.8414041694924637,-0.010071029424548072,-0.49477147227093016,6400769.222505554,9019911.930322094,8499508.457952077,1614.1266666666666,1006.546,660.682,0.5055967663905272,1.807997429463961,1.6061176139843698,TRUE,TRUE,3.575967153372671,pearson,13,13,13,0,N/A,N/A,N/A,8,5,3,5,-0.7592135467135293,0.00261298625592094,0.6776185814384534,TRUE,FALSE,1.241989008572686,-0.7833395778180952,0.6994927599234914,-0.01566923747362904,5028103.95861259,11282797.9693397,155.89,2555.98
Liver,L-Glutathione (reduced),Insulin,3,5,5,0.8814862986985406,-0.18604764228064025,-0.34284413693847066,0.8414041694924637,-0.010071029424548072,-0.49477147227093016,3597684.004450233,2610057.377429878,2572165.821364354,1614.1266666666666,1006.546,660.682,0.5094307215239987,1.8122776722315295,1.3655177514456946,TRUE,TRUE,3.55745657978767,pearson,13,13,13,0,N/A,N/A,N/A,8,5,3,5,0.6270947529480436,0.02179099730459604,0.7876744772888639,TRUE,FALSE,-1.310210341433292,-0.7833395778180952,-0.4097012742867693,-0.01566923747362904,1716988.89782124,4862043.90875474,155.89,2555.98
Muscle,Creatinine,Insulin,3,5,5,-1.0501634058019604,0.16456335180675702,0.4655346916744145,0.8414041694924637,-0.010071029424548072,-0.49477147227093016,155326518.58770642,255556535.1884748,326186331.7554816,1614.1266666666666,1006.546,660.682,0.5705420814604405,2.020570728367438,1.4834322060752736,TRUE,TRUE,3.541492896010928,pearson,13,13,13,0,N/A,N/A,N/A,8,5,3,5,-0.5899934978745529,0.033794191355784,0.8174338581188143,TRUE,FALSE,1.1463440010970696,-0.7833395778180952,-0.0675271436838965,-0.01566923747362904,13157751.0776642,353118534.728538,155.89,2555.98
Liver,"PE(20:4(8Z,11Z,14Z,17Z)/22:0)",Insulin,3,4,5,-1.1242097321165225,0.6041242201932164,0.1912264631153455,0.868516085855454,-0.11068661542405916,-0.43256035917402513,911653.7164974284,2361286.954220375,1858327.9170708025,1614.1266666666666,896.5550000000001,660.682,0.5235334418311358,1.8501816936551505,1.9864481319429659,TRUE,TRUE,3.534027715944689,pearson,12,12,13,1,2M31,2M31,N/A,8,4,3,4,-0.7800042573383166,0.00276741453604492,0.6776185814384534,TRUE,TRUE,1.89278554513998,-0.874354441813883,1.0195904174141104,-0.15883492923277293,372133.44589507,3304352.68408685,155.89,2555.98
Muscle,3-Methylhistidine,Insulin,3,5,5,-0.8718646630939757,0.3121493021575318,0.2109694956988676,0.8414041694924637,-0.010071029424548072,-0.49477147227093016,1449084.2189418233,1947404.07609858,1888902.697233614,1614.1266666666666,1006.546,660.682,0.4951483338662179,1.7198532382416887,1.4583892087784256,TRUE,TRUE,3.4734101290672394,pearson,13,13,13,0,N/A,N/A,N/A,8,5,3,5,-0.7174872920269105,0.00576165930156179,0.7584310403709481,TRUE,FALSE,1.217334762741798,-0.7833395778180952,0.5099930758265615,-0.01566923747362904,1292013.19557384,2604015.11775335,155.89,2555.98
Muscle,D-Ornithine,Insulin,3,5,5,-1.0436337207719661,0.42442630484790944,0.20175392761527883,0.8414041694924637,-0.010071029424548072,-0.49477147227093016,950774.6181794883,1699534.8994999395,1500565.4177810675,1614.1266666666666,1006.546,660.682,0.5334018249667972,1.8265693910709577,1.6971182201584527,TRUE,TRUE,3.424377843447867,pearson,13,13,13,0,N/A,N/A,N/A,8,5,3,5,-0.6393170665349199,0.01863840859573191,0.7718346777285694,TRUE,FALSE,1.3097610980563348,-0.7833395778180952,0.777841755180117,-0.01566923747362904,531166.428779674,2410097.54198323,155.89,2555.98
Liver,"PE(15:0/22:6(4Z,7Z,10Z,13Z,16Z,19Z))",Insulin,3,4,5,-1.0849526126103368,0.603146846514962,0.16845409035423975,0.868516085855454,-0.11068661542405916,-0.43256035917402513,530662.8778855193,1320956.829860971,952077.4774030435,1614.1266666666666,896.5550000000001,660.682,0.540888619934108,1.8066068412488308,1.951542393619012,TRUE,TRUE,3.3400718274843992,pearson,12,12,13,1,2M31,2M31,N/A,8,4,3,4,-0.6027408940269962,0.03804281784312216,0.8279473488550837,TRUE,TRUE,1.502452810929189,-0.874354441813883,1.2412270159680865,-0.15883492923277293,294790.777371323,2111212.61575989,155.89,2555.98
Liver,Phosphoenolpyruvic acid,Insulin,3,5,5,-0.6773980748615164,0.22177770470780883,0.18466114020909835,0.8414041694924637,-0.010071029424548072,-0.49477147227093016,1667725.8128234732,2584431.245481186,2664611.6946991985,1614.1266666666666,1006.546,660.682,0.48611949010059846,1.59012937710426,1.2383566113744733,TRUE,TRUE,3.27106690738772,pearson,13,13,13,0,N/A,N/A,N/A,8,5,3,5,-0.5761957311929813,0.0392979632878162,0.8284645979623956,TRUE,FALSE,1.0675001975983338,-0.7833395778180952,0.298679490277924,-0.01566923747362904,841045.271790283,4011751.48930818,155.89,2555.98
Liver,2-Hydroxydecanedioic acid,Insulin,3,5,5,1.2445382965779297,-0.10854657741965604,-0.6381764005271111,0.8414041694924637,-0.010071029424548072,-0.49477147227093016,349839.8868061733,233264.100946504,194166.5657554684,1614.1266666666666,1006.546,660.682,0.717943081880669,2.3086749395133874,1.5987021894686413,TRUE,TRUE,3.215679623885724,pearson,13,13,13,0,N/A,N/A,N/A,8,5,3,5,0.6258477504331048,0.02213354042062348,0.7876744772888639,TRUE,FALSE,-1.8728012566334844,-0.7833395778180952,-0.23839011983087147,-0.01566923747362904,139391.096076031,422948.062095877,155.89,2555.98
Liver,Guanosine diphosphate mannose,Insulin,3,5,4,-1.369056108235083,0.23075082573617683,0.7383535490060875,0.8266378120346513,0.009329085905455205,-0.6316397164078071,260531.80700570566,407901.5290941298,465575.6369791012,1614.1266666666666,1006.546,530.0550000000001,0.8176194287135841,2.5627619502001338,1.7964898496204904,TRUE,TRUE,3.134419095485904,pearson,12,12,13,1,4M1,4M1,N/A,7,5,3,5,-0.7460342335376374,0.00533195154123776,0.7419230451409876,TRUE,FALSE,2.1823653437250887,-0.7833395778180952,0.2995704282842846,0.01524897605490673,217001.428966932,502618.307829953,155.89,2555.98
Liver,L-Dopa,Insulin,3,5,5,-1.027325315970466,0.08729146282484149,0.5291037267574236,0.8414041694924637,-0.010071029424548072,-0.49477147227093016,71185.7959490682,111735.94353272034,126696.9814482678,1614.1266666666666,1006.546,660.682,0.6558449480301822,2.051301223781791,1.4026334438985806,TRUE,TRUE,3.127722840501913,pearson,13,13,13,0,N/A,N/A,N/A,8,5,3,5,-0.7976585195195046,0.00108731714853314,0.5993076568054627,TRUE,FALSE,1.008680715541202,-0.7833395778180952,0.15029422830697955,-0.01566923747362904,47131.8561442442,161830.572151546,155.89,2555.98
Liver,"PE(P-18:1(11Z)/22:6(4Z,7Z,10Z,13Z,16Z,19Z))",Insulin,3,5,5,0.7928014157072076,-0.34087531638232105,-0.13480553304200987,0.8414041694924637,-0.010071029424548072,-0.49477147227093016,35574068.1882108,13944288.680507876,13684718.376530904,1614.1266666666666,1006.546,660.682,0.5266870749329261,1.6265976752134041,1.417826839657071,TRUE,TRUE,3.088356925068936,pearson,13,13,13,0,N/A,N/A,N/A,8,5,3,5,0.566810680114926,0.04339481285328067,0.8342054032317431,TRUE,FALSE,-1.7523055942058403,-0.7833395778180952,-0.5767555171433139,-0.01566923747362904,668028.444222608,47092293.1264032,155.89,2555.98
Liver,Citrulline,Insulin,3,5,5,-1.0349834282231833,0.07751880183080134,0.5434712551031164,0.8414041694924637,-0.010071029424548072,-0.49477147227093016,3768071.0723634036,6159043.319654294,7389893.811523954,1614.1266666666666,1006.546,660.682,0.6723438168124757,2.068062990567876,1.4009536845470136,TRUE,TRUE,3.075900958489341,pearson,13,13,13,0,N/A,N/A,N/A,8,5,3,5,-0.7625848914669234,0.00243514179009899,0.6658330984854816,TRUE,FALSE,1.1778301306836,-0.7833395778180952,0.04837350654233186,-0.01566923747362904,2559610.88328146,11622749.5606535,155.89,2555.98
Liver,5-Aminopentanoic acid,Insulin,3,5,5,-1.126567052910744,0.048886777948581844,0.6270534537978909,0.8414041694924637,-0.010071029424548072,-0.49477147227093016,152384529.52077335,327198307.4131851,407647880.5201972,1614.1266666666666,1006.546,660.682,0.7544608832524844,2.204665559034038,1.451448146801197,TRUE,TRUE,2.9221734459309734,pearson,13,13,13,0,N/A,N/A,N/A,8,5,3,5,-0.6624155642926463,0.01362475839424695,0.7718346777285694,TRUE,FALSE,1.323991913123965,-0.7833395778180952,0.10193109931561509,-0.01566923747362904,98546127.9817347,487706162.838637,155.89,2555.98
Liver,Pemoline,Insulin,3,5,5,1.2152025935204755,-0.0177414727601279,-0.7113800833521581,0.8414041694924637,-0.010071029424548072,-0.49477147227093016,683562.7045660446,369058.58471380436,249694.9905445486,1614.1266666666666,1006.546,660.682,0.8462086275851369,2.344586564080657,1.4983861601560906,TRUE,TRUE,2.770695650754008,pearson,13,13,13,0,N/A,N/A,N/A,8,5,3,5,0.6441824893644937,0.01748323791955303,0.7718346777285694,TRUE,FALSE,-2.3280645157925504,-0.7833395778180952,-0.20089630836585048,-0.01566923747362904,131299.409126259,731464.094437334,155.89,2555.98
Liver,Succinic acid,Insulin,3,5,5,-0.8117908738427654,-0.0013595219293432326,0.48843404623500575,0.8414041694924637,-0.010071029424548072,-0.49477147227093016,4842846.889900964,6752137.514349106,8465582.941185297,1614.1266666666666,1006.546,660.682,0.6890807345374298,1.8643900311986932,1.1755037177886687,TRUE,TRUE,2.7056191499102527,pearson,13,13,13,0,N/A,N/A,N/A,8,5,3,5,-0.6879781708121191,0.00934004069402672,0.7718346777285694,TRUE,FALSE,1.112786209181777,-0.7833395778180952,-0.113693067344582,-0.01566923747362904,4101228.40429485,14996051.045665,155.89,2555.98
Liver,Arginylglutamic acid,Insulin,3,5,5,0.6681783272701933,0.027228515004224317,-0.4281355113663411,0.8414041694924637,-0.010071029424548072,-0.49477147227093016,114964.0382321569,82076.9662027115,74922.11303456672,1614.1266666666666,1006.546,660.682,0.6650495589111325,1.7283718866111513,1.065751695384317,TRUE,TRUE,2.5988617892491614,pearson,13,13,13,0,N/A,N/A,N/A,8,5,3,5,0.7047610541863051,0.0071445106100254,0.7711717773115192,TRUE,FALSE,-1.3696555361837948,-0.7833395778180952,-0.2320396256426692,-0.01566923747362904,16809.4623072214,148655.261045028,155.89,2555.98
Liver,Uridine diphosphate glucose,Insulin,3,5,5,-1.0553969805611383,-0.025296046894266944,0.658534235230931,0.8414041694924637,-0.010071029424548072,-0.49477147227093016,41051573.89954903,56581315.79793164,67645666.55629137,1614.1266666666666,1006.546,660.682,0.8381875530255187,2.1732292925755203,1.336457237592032,TRUE,TRUE,2.592772088694278,pearson,13,13,13,0,N/A,N/A,N/A,8,5,3,5,-0.6830935900561179,0.01006620676975081,0.7718346777285694,TRUE,FALSE,1.0120067229749123,-0.7833395778180952,-0.06577659196262878,-0.01566923747362904,29369333.2233652,81533325.5408637,155.89,2555.98
Liver,Annoglabasin F,Resistin,3,5,5,0.9381841844955642,-0.16895399407566833,-0.3939565166216895,-0.49902736935313985,-0.1654208593878362,0.46483728099971977,12218468.32021078,8837415.818725133,8146657.62073839,19981.716666666667,24078.628,31818.62,0.6692170490034254,1.6442730648444646,1.15630802554564,TRUE,TRUE,2.4570101244328106,pearson,13,13,13,0,N/A,N/A,N/A,8,5,3,5,-0.5673903067271364,0.04313323211305994,0.8342054032317431,TRUE,FALSE,-1.2184156127571162,0.4514552437965252,-0.29387619543388876,-0.2597827710416183,5534572.91800444,14271080.4472925,7458,50393.88
Liver,Actinonin,Insulin,3,4,5,-1.0956088455438886,0.1219233131738936,0.5598266567872171,0.7605850886979424,0.16812160174315055,-0.590848334613286,1925449.4782323933,2979048.701739815,3390692.876404256,1614.1266666666666,1196.14,660.682,0.8762389529349982,2.13701637804228,1.3540301107754633,TRUE,TRUE,2.4388511500022414,pearson,12,12,13,1,2M33,2M33,N/A,8,4,3,4,-0.6234210357990163,0.03031568713285835,0.8053673965337975,TRUE,FALSE,1.1163628403999966,-0.5497272878061951,0.1354598928218109,0.24232170378753096,1332776.90224919,4587097.95651858,155.89,2555.98
Muscle,9-Hexadecenoylcarnitine,Resistin,3,5,5,1.1143234531826243,-0.05870037386913718,-0.6098936980404445,-0.49902736935313985,-0.1654208593878362,0.46483728099971977,43678545.629825704,26702909.73504096,16612362.07182378,19981.716666666667,24078.628,31818.62,0.8372809588995775,1.9753379074911803,1.2195401601925173,TRUE,TRUE,2.3592294635331603,pearson,13,13,13,0,N/A,N/A,N/A,8,5,3,5,-0.5542841183894008,0.04933150015434796,0.8541690911969478,TRUE,FALSE,-1.188729604426315,0.4514552437965252,-0.00381544848729518,-0.2597827710416183,10971883.0674223,52533326.7280925,7458,50393.88
Muscle,glutaral,Insulin,3,4,5,1.2523194479050035,-0.03933101574504899,-0.719926856146963,0.7605850886979424,0.16812160174315055,-0.590848334613286,656660.5593708666,422863.531465747,307926.71635116497,1614.1266666666666,1196.14,660.682,1.0194341873143558,2.3908424836214843,1.4210467633480703,TRUE,TRUE,2.3452641802410312,pearson,12,12,13,1,2M33,2M33,N/A,8,4,3,4,0.6255122100646373,0.02960294719722215,0.8053673965337975,TRUE,FALSE,-1.5290409734872428,-0.5497272878061951,-0.08463510615314698,0.24232170378753096,271482.457115302,709331.453473668,155.89,2555.98
Liver,"1,2-dioleoyl-sn-glycero-3-phospho-(1′-sn-glycerol)",Resistin,3,5,5,-1.108276798670429,0.029844281042605413,0.6351217981596416,-0.49902736935313985,-0.1654208593878362,0.46483728099971977,1054253.977434031,1446894.810712324,1752124.66906738,19981.716666666667,24078.628,31818.62,0.8738341926545015,1.9921028416296434,1.1860071229037341,TRUE,TRUE,2.2797263581299174,pearson,13,13,13,0,N/A,N/A,N/A,8,5,3,5,0.86080446564732,1.5801550482988147e-4,0.4151731042603,TRUE,FALSE,1.8627363915285788,0.4514552437965252,-0.10266216566029808,-0.2597827710416183,848729.623351543,2282194.99903063,7458,50393.88
Liver,"PG(18:2(9Z,12Z)/18:3(6Z,9Z,12Z))",Insulin,3,3,5,1.2066215431717904,-0.8288331339065527,-0.226673045559139,0.7811909066247962,0.09412783547752726,-0.525191245261394,613331.5141916487,260762.699491432,320770.080030083,1614.1266666666666,1112.6833333333334,660.682,0.8638014214886819,1.9393214547496134,2.148285690073464,TRUE,TRUE,2.2451010226486687,pearson,11,11,13,2,2M31;2M33,2M31;2M33,N/A,8,3,3,3,0.6598160094520948,0.02716862732776248,0.8045118274706039,TRUE,TRUE,-2.989080954475927,-0.5985808232883367,-1.0722616316370035,0.12300906062013092,139154.059894587,722851.404229665,155.89,2555.98
Liver,Testosterone isocaproate,Insulin,3,4,5,1.4243500819092474,0.0438512601697886,-0.8896910572813903,0.7605850886979424,0.16812160174315055,-0.590848334613286,17980172.177697,10328869.835663112,6988287.261994968,1614.1266666666666,1196.14,660.682,1.203136161357064,2.679768402588069,1.5022616217552336,TRUE,TRUE,2.2273193082031995,pearson,12,12,13,1,2M33,2M33,N/A,8,4,3,4,0.6417088738134454,0.02448513940347752,0.8001162917927692,TRUE,FALSE,-4.272823877379334,-0.5497272878061951,-0.15804493092392066,0.24232170378753096,6218567.70791502,19853717.4607532,155.89,2555.98
Liver,ACPC,Glucagon,3,5,3,-0.6196265073299542,0.1723287647023096,0.33241189949275407,-0.5891281182981339,-0.03751601201593849,0.6516548049913651,8446220.73497858,10179589.769667404,11079764.484106833,224.83333333333334,306.004,407.41666666666663,0.7075189220500395,1.5639435382367084,0.9651264521795976,TRUE,TRUE,2.210461783417996,pearson,11,11,13,2,4M1;4M4,4M1;4M4,N/A,6,5,3,5,0.6525481148715891,0.02952634320478259,0.8053673965337975,TRUE,FALSE,1.3323786509290896,0.8177262978081293,0.16940204679625612,-0.06529195792937142,6550734.2597319,14589967.9268376,173.25,661.43
Liver,Glycerophosphoinositol,Insulin,3,5,5,-1.087112345214893,0.6389589002933351,0.013308506835601697,0.8414041694924637,-0.010071029424548072,-0.49477147227093016,3140871.7331788037,6025545.966038186,4567741.4510684805,1614.1266666666666,1006.546,660.682,0.7914372584919764,1.7309798951083617,1.92466411587609,TRUE,TRUE,2.1871347052912475,pearson,13,13,13,0,N/A,N/A,N/A,8,5,3,5,-0.6274214225008036,0.02170191749035301,0.7876744772888639,TRUE,TRUE,1.795553573897042,-0.7833395778180952,1.419324521851891,-0.01566923747362904,1718711.12456765,7346079.35826607,155.89,2555.98
Liver,Mevalonic acid,Insulin,3,4,5,1.1099344942831455,0.06580896821360346,-0.718607871140768,0.7626512171492938,0.13170009860201243,-0.5629508091711859,16160205.964337673,7096077.74655733,4609521.082859746,1614.1266666666666,1160.3125,660.682,1.0477832130421016,2.2584923985559575,1.2199579616470657,TRUE,TRUE,2.1554958797237456,pearson,12,12,13,1,2M26,2M26,N/A,8,4,3,4,0.6144318878828955,0.033520586833975,0.8151465047771729,TRUE,FALSE,-2.00469545285438,-0.5729614552088214,-0.2938374234647542,0.18925405644351287,1812277.64417566,21765782.2476337,155.89,2555.98
Liver,1-Methylhistamine,Glucagon,3,5,4,0.5117888840142415,0.07405266249945491,-0.4764074911350081,-0.44125626296272724,0.08459530665410597,0.22519806390441302,991745.3167494166,788578.9608396048,713238.1270844805,224.83333333333334,306.004,327.7075,0.5681333611799833,1.1919284566021777,0.6842023625321163,TRUE,TRUE,2.0979730078279593,pearson,12,12,13,1,4M1,4M1,N/A,7,5,3,5,-0.757004945189236,0.00436270204605606,0.6776185814384534,TRUE,FALSE,-1.0076492277420963,0.8177262978081293,-0.14926708219290802,0.13865879408586831,146454.00628045,1197557.37881186,88.58,661.43
Muscle,"6-methyl-8-{[5-(2-naphthyl)-1,3,4-oxadiazol-2-yl]methoxy}[1,2,4]triazolo[4,3-b]pyridazine",Insulin,3,4,4,-1.0375655330498017,-0.016851818685938526,0.7950259684733129,0.6995061215255005,0.13127557694897082,-0.6559051680930958,137678.90690445426,174451.52523478025,217134.948800114,1614.1266666666666,1196.14,617.095,1.130839982777221,2.279370828864906,1.1682219131998053,TRUE,TRUE,2.0156440023167708,pearson,11,11,13,2,2M33;4M3,2M33;4M3,N/A,7,4,3,4,-0.6316391990627159,0.0371064504286191,0.8268879132604197,TRUE,FALSE,1.262774091075335,-0.5497272878061951,-0.19835665202896863,0.19677271696600793,89499.8082856058,247133.047802049,155.89,2555.98
Liver,dibutyl oxopropanedioate,Insulin,3,5,5,0.9246092751948776,0.21312657046347844,-0.7678921355804055,0.8414041694924637,-0.010071029424548072,-0.49477147227093016,108648.54950754347,63964.42772139038,33379.42096554754,1614.1266666666666,1006.546,660.682,1.094226768500705,2.156368792929016,1.1096024754400433,TRUE,TRUE,1.9706781583159803,pearson,13,13,13,0,N/A,N/A,N/A,8,5,3,5,0.7677335053395751,0.00218187931069925,0.6436831055945775,TRUE,FALSE,-1.2317750110215084,-0.7833395778180952,0.0534675168375346,-0.01566923747362904,10267.2055221919,144485.918105637,155.89,2555.98
Liver,"PG(18:2(9Z,12Z)/18:2(9Z,12Z))",Insulin,3,5,5,0.9941918842617529,0.2357586830486566,-0.8322738136057188,0.8414041694924637,-0.010071029424548072,-0.49477147227093016,32741755.339804232,19587976.15953268,11336641.332361743,1614.1266666666666,1006.546,660.682,1.1728716610120893,2.263038287596639,1.1402766923309051,TRUE,FALSE,1.9294850091644535,pearson,13,13,13,0,N/A,N/A,N/A,8,5,3,5,0.7664979811866293,0.00224069040920691,0.6440835854465157,TRUE,FALSE,-1.256525269878048,-0.7833395778180952,0.01862706059121937,-0.01566923747362904,8071105.98649748,47092293.1264032,155.89,2555.98
Liver,Ceramide (d18:1/16:0),Insulin,3,5,5,0.8042134987681376,-0.5582463755545743,0.07571827629370353,0.8414041694924637,-0.010071029424548072,-0.49477147227093016,27143621.184177864,18719125.61913664,22278114.52854536,1614.1266666666666,1006.546,660.682,0.7980261268207872,1.5218641972297964,1.6066446164320922,TRUE,TRUE,1.9070355544531707,pearson,13,13,13,0,N/A,N/A,N/A,8,5,3,5,0.5727066324673147,0.04078682268289757,0.8342054032317431,TRUE,FALSE,-1.5355173352970095,-0.7833395778180952,-0.9396604334216228,-0.01566923747362904,12347616.0303813,34600580.0581449,155.89,2555.98
Liver,"1,2-Didecanoyl-sn-glycero-3-phosphocholine",Resistin,3,5,5,0.9388017271502671,0.09441715424490249,-0.6576981905350611,-0.49902736935313985,-0.1654208593878362,0.46483728099971977,73182.5851341977,50982.94859202382,34245.17481670764,19981.716666666667,24078.628,31818.62,0.9812761157687798,1.864898670536579,0.9078979075049162,TRUE,FALSE,1.9004830960096548,pearson,13,13,13,0,N/A,N/A,N/A,8,5,3,5,-0.5876870894858235,0.03467246108504928,0.8246808705942644,TRUE,FALSE,-1.1545991161221465,0.4514552437965252,0.09385819650619882,-0.2597827710416183,14635.837167328,84794.2090657714,7458,50393.88
Liver,Linoleyl ethanolamide,Resistin,3,3,4,0.8560965744894877,-0.42330850744119725,-0.324591050286216,-0.8083254315379353,-0.25838769038783665,0.8000348414443288,18213.606524610117,9234.893719049227,8457.244537918305,19981.716666666667,26111.416666666668,37908.774999999994,1.0630161768464093,1.9952057625733932,1.3925907090065393,TRUE,TRUE,1.8769288803228363,pearson,10,10,13,3,2M22;2M26;4M2,2M22;2M26;4M2,N/A,7,3,3,3,-0.7400826946977325,0.01438888907034354,0.7718346777285694,TRUE,FALSE,-1.1036561986473177,0.7691688886287478,-0.46343431100759885,-0.3536822722177932,5491.65837372457,25703.8139899121,14530.03,50393.88
Liver,alpha-Tocopherol,Insulin,3,5,5,1.2082872608222464,0.2878527260491712,-1.0128250825425278,0.8414041694924637,-0.010071029424548072,-0.49477147227093016,5069543.72692671,3791349.972290944,2454955.545723718,1614.1266666666666,1006.546,660.682,1.3880552154213404,2.5920465635264303,1.2538778836767526,TRUE,FALSE,1.867394419709465,pearson,13,13,13,0,N/A,N/A,N/A,8,5,3,5,0.6034949564404841,0.0289751090006156,0.8053673965337975,TRUE,FALSE,-1.7786651028611289,-0.7833395778180952,0.2950611580714624,-0.01566923747362904,2245053.30731261,5849411.47195491,155.89,2555.98
Liver,"1-(4,5-dihydro-1H-imidazol-2-yl)-3,5-dimethyl-1H-pyrazole hydrobromide",Insulin,3,4,5,0.6185051581202811,0.1377602942109049,-0.48131133024088457,0.7626512171492938,0.13170009860201243,-0.5629508091711859,16779569.48033122,6563980.723940405,5811343.361296996,1614.1266666666666,1160.3125,660.682,0.9304781350851326,1.7224450761217462,0.7932306966900047,TRUE,FALSE,1.8511397647878678,pearson,12,12,13,1,2M26,2M26,N/A,8,4,3,4,0.6503029904737831,0.02204692523726271,0.7876744772888639,TRUE,FALSE,-1.16386531395008,-0.5729614552088214,-0.3768663536531626,0.18925405644351287,900772.510256069,28534251.6955886,155.89,2555.98
Liver,Dihydroxyacetone phosphate,Resistin,3,5,5,-1.0325270521353387,-0.14115965837622108,0.7606758896574184,-0.49902736935313985,-0.1654208593878362,0.46483728099971977,635143.095888946,1027877.6002680407,1609924.8587877657,19981.716666666667,24078.628,31818.62,1.1002421002769869,2.03583198094883,0.951750562988093,TRUE,FALSE,1.8503491008354505,pearson,13,13,13,0,N/A,N/A,N/A,8,5,3,5,0.6197086460216036,0.02387844134880179,0.796407168189471,TRUE,FALSE,1.3199788296853323,0.4514552437965252,-0.35873234061025555,-0.2597827710416183,565484.498318003,2451756.60579747,7458,50393.88
Liver,c19:2,Resistin,3,5,5,0.5065923641292513,-0.18637337356641742,-0.11758204491114789,-0.49902736935313985,-0.1654208593878362,0.46483728099971977,750676.4258575673,511881.59130099916,605131.3614489702,19981.716666666667,24078.628,31818.62,0.6340012385026843,1.1483156173721456,0.7690870023029467,TRUE,TRUE,1.811219833078108,pearson,13,13,13,0,N/A,N/A,N/A,8,5,3,5,-0.7938283312243214,0.0011959505410093,0.5993076568054627,TRUE,FALSE,-1.2291635358394002,0.4514552437965252,-0.582960239037257,-0.2597827710416183,205288.398510437,1059121.86159203,7458,50393.88
Liver,1-[(3-Carboxypropyl)amino]-1-deoxy-β-D-fructofuranose,Insulin,3,4,5,-1.1362059366908646,0.745776447811493,0.08510240376536035,0.7605850886979424,0.16812160174315055,-0.590848334613286,484549.79249606235,625734.0050203968,570656.4846223862,1614.1266666666666,1196.14,660.682,1.0062432890554673,1.8215285779011658,1.973035904121314,TRUE,TRUE,1.810226808678629,pearson,12,12,13,1,2M33,2M33,N/A,8,4,3,4,-0.6639554746302102,0.01854401800303138,0.7718346777285694,TRUE,TRUE,2.126926004244318,-0.5497272878061951,1.3161021223319611,0.24232170378753096,447643.593035549,710028.395335591,155.89,2555.98
Liver,Malonic acid,Insulin,3,5,5,-1.0797472651986408,-0.31427663292793917,0.962124992047134,0.8414041694924637,-0.010071029424548072,-0.49477147227093016,2193971.4800713398,2696859.567941808,3828223.719726,1614.1266666666666,1006.546,660.682,1.3653335224532086,2.4402064790815903,1.1449695643289703,TRUE,FALSE,1.7872603572327646,pearson,13,13,13,0,N/A,N/A,N/A,8,5,3,5,-0.568638789169633,0.04257366872164801,0.8342054032317431,TRUE,FALSE,1.1206923223847811,-0.7833395778180952,-0.6451734457236592,-0.01566923747362904,1875565.79493038,4357307.8733324,155.89,2555.98
Liver,4-Oxoproline,Insulin,3,4,5,0.854737029035822,0.22789357403451632,-0.6951570766491036,0.7626512171492938,0.13170009860201243,-0.5629508091711859,14281116.767927866,11722808.2132758,9222090.850647097,1614.1266666666666,1160.3125,660.682,1.1552326118135616,2.0394588672051803,0.8893998150854538,TRUE,FALSE,1.765409707403863,pearson,12,12,13,1,2M26,2M26,N/A,8,4,3,4,0.6738795697457789,0.01626695346403027,0.7718346777285694,TRUE,FALSE,-1.1619385875715171,-0.5729614552088214,0.18957221494096527,0.18925405644351287,6052613.75655858,16404113.446725,155.89,2555.98
Muscle,acrolein,Insulin,3,4,5,0.6210653486815033,-0.42573155646230665,-0.03205396403905299,0.7605850886979424,0.16812160174315055,-0.590848334613286,1876235.904659073,603229.5853091113,800329.4148836618,1614.1266666666666,1196.14,660.682,0.8549955620171739,1.5009787254625822,1.2028286428221142,TRUE,TRUE,1.75553978540117,pearson,12,12,13,1,2M33,2M33,N/A,8,4,3,4,0.6300133238650164,0.02810988358082367,0.8053673965337975,TRUE,FALSE,-1.3320810898471367,-0.5497272878061951,-0.7029527987931417,0.24232170378753096,257096.710095619,3094305.57855081,155.89,2555.98
Liver,"1,3,5-Heptatriene, (E,E)-",Resistin,3,3,5,0.048224219605904436,-0.3080881746289162,0.15591837301380454,-0.6132811603039032,0.050334383551445296,0.3377680660514743,7810658.39700479,7337260.12154438,8079888.857084418,19981.716666666667,28241.176666666666,31818.62,0.5458206647708055,0.9571272964603018,0.7532224852802658,TRUE,TRUE,1.7535563569441024,pearson,11,11,13,2,2M22;2M31,2M22;2M31,N/A,8,3,3,3,-0.7400197039997433,0.00921835967024952,0.7718346777285694,TRUE,FALSE,-0.6689555411287388,1.0141294913274848,-0.48949746032762315,0.06569249610584557,5563648.7173216,10621693.0631359,7458,50393.88
Liver,2-[(5Z)-5-tetradecenyl]cyclobutanone,Secretin,3,4,4,0.9342959530639328,-0.05865441327657321,-0.6420675515213676,0.00476313750297804,-0.3827216529444911,0.37914929981725787,401733.99547355436,248816.32716860325,182467.08040433674,39.31666666666667,32.71,45.7,0.9595927461890981,1.6202119914137363,1.0658775224404837,TRUE,TRUE,1.688437097766948,pearson,11,11,12,1,4M5,4M5,N/A,7,4,3,4,-0.626417048578583,0.03919251581655497,0.8284645979623956,TRUE,FALSE,-1.0570064128775452,-0.34464222725767063,-0.1887648619573363,-0.5987877130523064,118190.786040515,616026.491421988,11.69,60.26
Muscle,2-Naphthalenesulfonic acid,Resistin,3,4,5,-1.0374384909564334,-0.2873614832522474,0.852352281175658,-0.5238745659742142,-0.11916267770901232,0.4096548817517386,168406.44415534608,254435.8501724855,510918.2070724466,19981.716666666667,25113.355,31818.62,1.2564216951407883,2.107791828480016,0.8522952715987874,TRUE,FALSE,1.6776149573283414,pearson,12,12,13,1,2M33,2M33,N/A,8,4,3,4,0.5882096490869785,0.04424940357666559,0.8342054032317431,TRUE,FALSE,1.1240548811851008,0.5277688918387164,-0.6589157323141582,-0.17108959216664696,94206.6472568992,661689.80695177,7458,50393.88
Liver,Homocysteinesulfinic acid,Insulin,3,5,5,0.7683308319960207,-0.6026030843792711,0.1416045851816587,0.8414041694924637,-0.010071029424548072,-0.49477147227093016,257966508.42199066,168592377.24379912,207658779.775062,1614.1266666666666,1006.546,660.682,0.8881326335231631,1.4758560682152695,1.6138369860177515,TRUE,TRUE,1.6617518741098913,pearson,13,13,13,0,N/A,N/A,N/A,8,5,3,5,0.6352013136905612,0.01965925114259438,0.7760212497677969,TRUE,FALSE,-1.355242422999147,-0.7833395778180952,-0.9785207966920628,-0.01566923747362904,90279266.7052296,302203696.603436,155.89,2555.98
Muscle,ODA,Resistin,3,5,5,0.4269348565661576,-0.21084597725313586,-0.04531493668655995,-0.49902736935313985,-0.1654208593878362,0.46483728099971977,1248089.4408562868,905733.7655961325,1164098.8163624161,19981.716666666667,24078.628,31818.62,0.6516332165534793,1.0733382185625715,0.719762249272955,TRUE,TRUE,1.647150868458657,pearson,13,13,13,0,N/A,N/A,N/A,8,5,3,5,0.6037922033913962,0.02887504707011609,0.8053673965337975,TRUE,FALSE,-1.1319771689771625,0.4514552437965252,-0.640630217271445,-0.2597827710416183,197455.510045171,1930184.67346691,7458,50393.88
Muscle,Glycerophosphoinositol,Resistin,3,5,5,1.0666274004570182,0.29477434061870667,-0.9347507808929256,-0.49902736935313985,-0.1654208593878362,0.46483728099971977,414371.91710162367,245706.15893252761,124477.97542041121,19981.716666666667,24078.628,31818.62,1.3816502263427508,2.22138463328246,0.8408629195493129,TRUE,FALSE,1.6077764045698446,pearson,13,13,13,0,N/A,N/A,N/A,8,5,3,5,-0.5931157557021045,0.03263125767470364,0.8070842244826016,TRUE,FALSE,-1.9518436480020247,0.4514552437965252,0.08617192477478003,-0.2597827710416183,66879.6007315055,501624.377689058,7458,50393.88
Liver,PEG n5,Resistin,3,4,4,-0.7617497071462311,-0.2429418965942089,0.8142541769538935,-0.8696956730164606,-0.169875096374568,0.8221468511369127,2084117.6492598834,2425165.0425533075,3282679.7108662575,19981.716666666667,27397.1375,37908.774999999994,1.4497486272695677,2.3121676775771123,0.8711546267920374,TRUE,FALSE,1.594874886642804,pearson,11,11,13,2,2M22;4M2,2M22;4M2,N/A,7,4,3,4,0.693591383838616,0.01792845389405096,0.7718346777285694,TRUE,FALSE,0.7478569966302516,1.0019507238607326,-0.4045790110817737,-0.2555763230653338,1736699.96663295,4763884.64067609,14530.03,50393.88
Liver,"LysoPC(20:5(5Z,8Z,11Z,14Z,17Z)/0:0)",Insulin,3,5,5,0.7308261971941892,-0.6173644697446973,0.17886875142817396,0.8414041694924637,-0.010071029424548072,-0.49477147227093016,3029778.27692129,1891619.6020014558,2380377.252205592,1614.1266666666666,1006.546,660.682,0.9321597834034707,1.4456909654481351,1.5945620366708486,TRUE,TRUE,1.550904674485823,pearson,13,13,13,0,N/A,N/A,N/A,8,5,3,5,0.6411559513097472,0.01819531681396105,0.7718346777285694,TRUE,FALSE,-1.0824238622048667,-0.7833395778180952,-0.8468968995686981,-0.01566923747362904,1047127.4655364,4106709.30706895,155.89,2555.98
Liver,JH-III,Resistin,3,5,4,0.47494545948709815,-0.3491735511246741,0.08025784429054678,-0.39784684547160526,-7.590256769320902e-4,0.29933391619986977,776819.8544449663,718581.7681414564,752590.8680625885,19981.716666666667,24078.628,27174.805,0.5238960747443498,0.801148755247338,0.9147955401514664,TRUE,TRUE,1.5292131280775134,pearson,12,12,13,1,4M1,4M1,N/A,7,5,3,5,0.5923198311205228,0.04242609152152243,0.8342054032317431,TRUE,FALSE,-1.292772133453391,0.4514552437965252,-0.6726756417224391,-0.00124063328515839,608121.857617702,833320.706561036,7458,39946.52
Liver,4-Hydroxyproline,Resistin,3,5,4,-0.7628856999195599,0.31659146526280035,0.17642494336120457,-0.6731414594132252,-0.314180520189247,0.897581744796477,750463.796350401,956298.3826896396,906072.732845178,19981.716666666667,24078.628,37908.774999999994,1.219841973661065,1.8301573344451338,1.1375956689609472,TRUE,FALSE,1.5003232992158424,pearson,12,12,13,1,4M2,4M2,N/A,7,5,3,5,0.650169232457868,0.02208345986086625,0.7876744772888639,TRUE,FALSE,1.0248268258317803,0.4514552437965252,0.6732661636272805,-0.5344974084591988,599582.8161262,1178653.81371065,10804.59,50393.88
Muscle,Bisphenol A,GIP,3,3,5,-1.1463157314193533,0.18447097536472065,0.5771068536327817,-0.4708172355458144,-0.6656065046113032,0.681854244094271,261753.045956516,341267.6460590193,371512.249692665,293.11333333333334,233.12333333333333,648.106,1.4035004104757214,2.073363679300727,1.344966958068587,TRUE,FALSE,1.4772804224531384,pearson,11,11,12,1,2M33,2M33,N/A,8,3,3,3,0.6342194600365813,0.03610484023006415,0.8254855449604329,TRUE,FALSE,2.5024479010528364,-0.23084952860498784,0.15341246047079443,-0.960426719371618,250119.807161031,472634.341322978,49,1104.9
Liver,"Galactose-beta-1,4-xylose",Resistin,3,3,4,-0.7417440048363596,-0.04750938131414473,0.5919400396128827,-0.6589539001470611,-0.4078927311783846,0.8001349734940845,4903.460915050403,8225.60456561717,13889.084171988201,19981.716666666667,23066.373333333333,37908.774999999994,1.3668308224429768,1.9767785590707614,0.7382366985330313,TRUE,FALSE,1.4462496211035152,pearson,10,10,13,3,2M26;2M33;4M2,2M26;2M33;4M2,N/A,7,3,3,3,0.724362894683804,0.01782238598320515,0.7718346777285694,TRUE,FALSE,1.25612759397589,0.300165265160203,-0.22189989804158997,-0.5725261822011045,4024.5929690148,29813.0857111694,10804.59,50393.88
Muscle,L-(-)-Malic acid,Resistin,3,5,5,-0.6265557709145606,0.43384598528432444,-0.057912522735592116,-0.49902736935313985,-0.1654208593878362,0.46483728099971977,5715808.034948266,10613285.288113575,9041040.831868893,19981.716666666667,24078.628,31818.62,0.7994071263972786,1.11910241171189,1.111640763934514,TRUE,TRUE,1.3999154808081276,pearson,13,13,13,0,N/A,N/A,N/A,8,5,3,5,-0.5598106731736493,0.04664482330766329,0.8423081545572892,TRUE,FALSE,1.6175658728595417,0.4514552437965252,0.7219121276067768,-0.2597827710416183,1161453.72617114,13486770.1836327,7458,50393.88
Liver,Bumetanide,Insulin,3,5,5,0.9067910365200487,0.5669703855230461,-1.1110450074350728,0.8414041694924637,-0.010071029424548072,-0.49477147227093016,316370.82467108365,186822.4797832346,14521.359246043105,1614.1266666666666,1006.546,660.682,1.7466167806075463,2.4201296754360646,0.9167813748188776,TRUE,FALSE,1.3856099988883894,pearson,13,13,13,0,N/A,N/A,N/A,8,5,3,5,0.713135201303207,0.00620909135904529,0.7584310403709481,TRUE,FALSE,-1.2193563917086114,-0.7833395778180952,0.4006292121621944,-0.01566923747362904,5436.72953430576,406490.950337419,155.89,2555.98
Liver,"LysoPC(18:3(6Z,9Z,12Z)/0:0)",Insulin,3,5,5,0.6021093866173001,-0.6493034239249383,0.2880377919545474,0.8414041694924637,-0.010071029424548072,-0.49477147227093016,2297508.6256069834,1419317.9072502889,1919252.578365388,1614.1266666666666,1006.546,660.682,1.055245504269936,1.3725910943233683,1.5136195151886715,TRUE,TRUE,1.3007315252889757,pearson,13,13,13,0,N/A,N/A,N/A,8,5,3,5,0.5825730257669844,0.03667905146588889,0.8254855449604329,TRUE,FALSE,-1.08581307496749,-0.7833395778180952,-0.9889292436188596,-0.01566923747362904,789731.227303904,2848932.70120309,155.89,2555.98
Liver,verofylline,Insulin,3,5,5,0.6021093866173001,-0.6493034239249383,0.2880377919545474,0.8414041694924637,-0.010071029424548072,-0.49477147227093016,2297508.6256069834,1419317.9072502889,1919252.578365388,1614.1266666666666,1006.546,660.682,1.055245504269936,1.3725910943233683,1.5136195151886715,TRUE,TRUE,1.3007315252889757,pearson,13,13,13,0,N/A,N/A,N/A,8,5,3,5,0.5825730257669844,0.03667905146588889,0.8254855449604329,TRUE,FALSE,-1.08581307496749,-0.7833395778180952,-0.9889292436188596,-0.01566923747362904,789731.227303904,2848932.70120309,155.89,2555.98
Liver,6-Keto-decanoylcarnitine,GIP,3,3,5,0.8947940530183593,-0.16851154948927613,-0.43576950211744037,-0.4708172355458144,-0.6656065046113032,0.681854244094271,623747.9223965066,424666.9978428643,382001.1704892222,293.11333333333334,233.12333333333333,648.106,1.37370931515557,1.7604121432867026,1.081000306969056,TRUE,FALSE,1.2815026613453075,pearson,11,11,12,1,2M33,2M33,N/A,8,3,3,3,-0.6194171014425176,0.04211468265118985,0.8342054032317431,TRUE,FALSE,-1.0184138049720723,-0.23084952860498784,-0.2658528764922412,-0.960426719371618,264441.585036546,848406.386692728,49,1104.9
Muscle,Caproylcholine,Resistin,3,5,5,0.379922963147333,-0.34747024810744237,0.11951647021904771,-0.49902736935313985,-0.1654208593878362,0.46483728099971977,14758403.321684336,8650381.854762178,14577603.91264438,19981.716666666667,24078.628,31818.62,0.784411829728571,0.9984220579289349,0.8002463291204556,TRUE,TRUE,1.272828914722535,pearson,13,13,13,0,N/A,N/A,N/A,8,5,3,5,0.7385087272690967,0.00393770120582186,0.6776185814384534,TRUE,FALSE,-1.1280130482137969,0.4514552437965252,-0.9943389237469882,-0.2597827710416183,1432046.2602556,20920103.1110354,7458,50393.88
Liver,N-Acetyl-L-tyrosine,GIP,3,4,5,-1.2113724928381835,-0.3221697250817844,0.9845592757683345,-0.3520136317183587,-0.6999799477753412,0.7711921372512882,723569.320417581,1038821.6913051307,1731879.07062122,293.11333333333334,183.1375,648.106,1.9677113572433205,2.466517287963343,0.9548623562042378,TRUE,FALSE,1.2534954778219243,pearson,12,12,12,0,N/A,N/A,N/A,8,4,3,4,0.6639403903756839,0.01854764719258918,0.7718346777285694,TRUE,TRUE,1.8146055792538955,-0.4488960126990766,-0.6668015823551193,-1.169512315049918,618241.999035973,1991450.46949639,33.18,1104.9
Liver,Micronomicin,GIP,3,4,4,-1.0165971304415193,-0.1361267757389194,0.89857462357006,-0.29051903014181085,-0.6278902033429614,0.84577947594932,1220877.1024552137,5312620.163454191,19664552.2324643,293.11333333333334,183.1375,663.5225,1.8006413605705538,2.226894057270962,0.9428930766620587,TRUE,FALSE,1.2367227067167585,pearson,11,11,12,1,4M2,4M2,N/A,7,4,3,4,0.6341063948392162,0.03614833046306923,0.8254855449604329,TRUE,TRUE,1.0719422783455486,-0.4488960126990766,-0.7251911821712231,-1.079285543869127,196601.639035821,24004645.3335456,33.18,1104.9
Muscle,LysoPC(15:0/0:0),GIP,3,4,5,1.0540261822566515,0.1864993783448857,-0.781615212029909,-0.3520136317183587,-0.6999799477753412,0.7711921372512882,6794005.649209887,4492029.882490025,2986401.465064916,293.11333333333334,183.1375,648.106,1.761134056186001,2.1520154571621934,0.9347102827163244,TRUE,FALSE,1.2219486924366818,pearson,12,12,12,0,N/A,N/A,N/A,8,4,3,4,-0.6269283757251478,0.02912717791707651,0.8053673965337975,TRUE,TRUE,-1.1689712243848165,-0.4488960126990766,0.03530806876703323,-1.169512315049918,2302748.35646244,9458518.30211821,33.18,1104.9
Muscle,2-Hexenoylcarnitine,GIP,3,4,5,1.0641317144225724,0.38340395691611395,-0.9452021941864358,-0.3520136317183587,-0.6999799477753412,0.7711921372512882,160919.36426113933,124518.29008101675,78784.64789442711,293.11333333333334,183.1375,648.106,1.9823071428285606,2.3019587215527237,0.7645069240693897,TRUE,FALSE,1.1612522962854541,pearson,12,12,12,0,N/A,N/A,N/A,8,4,3,4,-0.6006575681205845,0.03889205427085011,0.8284645979623956,TRUE,TRUE,-1.3883212215558938,-0.4488960126990766,0.3616337142249018,-1.169512315049918,54199.0135701391,204321.48628751,33.18,1104.9
Muscle,PG(16:0/16:1(9Z)),Insulin,3,5,5,0.56164430594815,-0.7020049698348515,0.36501838626595773,0.8414041694924637,-0.010071029424548072,-0.49477147227093016,28781175.64226357,9437810.712367183,21077076.838054348,1614.1266666666666,1006.546,660.682,1.171952798435207,1.3505654733972305,1.5237517864001566,TRUE,TRUE,1.1524060313696145,pearson,13,13,13,0,N/A,N/A,N/A,8,5,3,5,0.5834232305141477,0.03633974951648429,0.8254855449604329,TRUE,TRUE,-1.781712498587089,-0.7833395778180952,-1.333375067577955,-0.01566923747362904,98962.1673094719,38532752.3759633,155.89,2555.98
Muscle,Isopropyl cyanide,GIP,3,4,5,-0.8816496423478609,-0.12666950447736341,0.6303253889906042,-0.3520136317183587,-0.6999799477753412,0.7711921372512882,4103642.6765523264,5083421.902970193,6342785.359576972,293.11333333333334,183.1375,648.106,1.6545055371615351,1.8835232132462951,0.8313095486575522,TRUE,FALSE,1.1384206162752784,pearson,12,12,12,0,N/A,N/A,N/A,8,4,3,4,0.6624544938162994,0.01890770152164747,0.7721153713157484,TRUE,TRUE,1.2089485219244331,-0.4488960126990766,-0.267945756210575,-1.169512315049918,3566540.93864415,8449800.67772193,33.18,1104.9
Liver,Ethyl glucuronide,Resistin,3,5,4,0.16021546454232785,-0.6973477151155189,0.7515230454876412,-0.6731414594132252,-0.314180520189247,0.897581744796477,11310418.321740057,7325481.7021448845,16969330.292985138,19981.716666666667,24078.628,37908.774999999994,1.8888076312250834,1.6783372841971282,0.9296599179234505,FALSE,FALSE,0.8885697285692118,pearson,12,12,13,1,4M2,4M2,N/A,7,5,3,5,0.6183822903211995,0.03208365239626902,0.8053673965337975,TRUE,TRUE,-1.3131950179961078,0.4514552437965252,-1.1643702711534525,-0.5344974084591988,4494365.50798737,30133777.9312323,10804.59,50393.88
Liver,c19:4,Glucagon,3,5,5,-0.6080805209742638,0.5128894489067933,-0.1480411363222411,-0.3466213775997461,0.1731868802033664,0.03478594635648152,742276.320302611,1169459.060554153,946747.4897696052,224.83333333333334,306.004,284.392,0.6752659157553296,0.5975849581427417,1.2356270870515282,FALSE,FALSE,0.8849624188040106,pearson,13,13,13,0,N/A,N/A,N/A,8,5,3,5,0.5813536288577342,0.03716970411496931,0.8268879132604197,TRUE,FALSE,1.260019788256656,0.8177262978081293,0.7779425345522418,0.2722258385029136,513982.805138072,1749165.24156093,88.58,661.43
Liver,Dihydroactinidiolide,Resistin,3,5,4,-0.10331383152772655,-0.8009990666529359,1.078734206961969,-0.6731414594132252,-0.314180520189247,0.897581744796477,1798923.6863141032,1181388.320986654,3061494.4161270726,19981.716666666667,24078.628,37908.774999999994,2.236462601247412,1.9658099983315096,0.7846130531671514,FALSE,FALSE,0.8789818337382692,pearson,12,12,13,1,4M2,4M2,N/A,7,5,3,5,0.7008600205367168,0.0111148183986618,0.7718346777285694,TRUE,TRUE,-1.0591898773767818,0.4514552437965252,-1.727630488210355,-0.5344974084591988,877797.322657531,3624326.01909698,10804.59,50393.88
Liver,Carbocysteine,GIP,3,4,5,0.5538594395876925,-0.3079481513327863,-0.08595714268638159,-0.3520136317183587,-0.6999799477753412,0.7711921372512882,874050.5898792127,575933.6174681025,750213.0291860036,293.11333333333334,183.1375,648.106,1.4878263714833961,1.2926548102256739,0.9294045840635967,FALSE,FALSE,0.8688210096295498,pearson,12,12,12,0,N/A,N/A,N/A,8,4,3,4,0.5932205911465545,0.04203373511190445,0.8342054032317431,TRUE,TRUE,-1.557823006885115,-0.4488960126990766,-0.6278777890405218,-1.169512315049918,251255.638431168,1546479.02380705,33.18,1104.9
Liver,Melilotoside,GIP,3,4,5,0.6717293003661569,0.8904470735080119,-1.1153952390261022,-0.3520136317183587,-0.6999799477753412,0.7711921372512882,802575.7968692523,1023794.9863160144,102457.63184676607,293.11333333333334,183.1375,648.106,2.487518982141403,2.1107831055664366,0.4109963763811061,FALSE,FALSE,0.8485495470468128,pearson,12,12,12,0,N/A,N/A,N/A,8,4,3,4,-0.6246043236345984,0.02991088538254515,0.8053673965337975,TRUE,TRUE,1.155642367928099,-0.4488960126990766,1.9831479426226637,-1.169512315049918,89071.6189949975,1186823.78014852,33.18,1104.9
Muscle,cuscohygrine,Secretin,3,4,5,0.7715000001973042,-0.6491244351040535,0.056399547964857216,0.09346372987700705,-0.29326928184789436,0.17853718755211143,2014291.3255787534,1352333.4151793525,1613997.67194375,39.31666666666667,32.71,40.77,0.8487434448955228,0.7201431454814022,1.4723234048717402,FALSE,FALSE,0.8484815403435007,pearson,12,12,12,0,N/A,N/A,N/A,8,4,3,4,0.6366449527884319,0.02601020255693447,0.802990002341614,TRUE,TRUE,-1.3778260523904429,-0.34464222725767063,-1.0019739069041895,-0.42963057685424855,1018742.45810007,2502362.17707701,11.69,60.26
Liver,gln-asn,Secretin,3,3,5,-0.4941610297138247,0.45093362456228964,0.025936443090935235,0.07210457130197752,-0.3277326460588129,0.15337684485410075,600718.2398206023,799207.0471664229,733024.114452904,39.31666666666667,32.166666666666664,40.77,0.6419415444610812,0.5264091219443572,1.026193795502637,FALSE,FALSE,0.8200265685971219,pearson,11,11,12,1,2M31,2M31,N/A,8,3,3,3,-0.604649165013009,0.04876772151200659,0.8529025616386114,TRUE,FALSE,1.3874224384972047,-0.33393058700811684,0.592191413217021,-0.43730480224212026,346348.087783464,948023.308838858,11.69,60.26
Liver,PC(16:0/15:0),GLP-1,3,4,5,-1.1391029312318461,0.8494053252793339,0.003937498515641825,-0.13343735229005657,0.7457467643623222,-0.5165350001158237,513772.07877584035,2936790.1094233673,1394919.588342239,148.54000000000002,228.4175,113.734,1.5192666319729995,1.2055310994773039,2.1741963566308717,FALSE,FALSE,0.7934954102899883,pearson,12,12,13,1,2M33,N/A,2M33,8,4,3,4,0.7595505914330726,0.0041582786186781,0.6776185814384534,TRUE,TRUE,2.320239787678822,0.7707687524700032,2.0497099864300035,1.277845624706336,216970.20129628,4488586.77453962,52.35,354.34
Liver,L-Methionine,GIP,3,4,5,0.3479635392201356,0.5490303576457326,-0.6480024096486636,-0.3520136317183587,-0.6999799477753412,0.7711921372512882,13327673.989664333,17629347.02793015,6835677.00633739,293.11333333333334,183.1375,648.106,1.8966377486853097,1.501179326647161,0.40188110503239616,FALSE,FALSE,0.791495016740931,pearson,12,12,12,0,N/A,N/A,N/A,8,4,3,4,-0.7088476393254273,0.00985442681301957,0.7718346777285694,TRUE,TRUE,1.224681185524427,-0.4488960126990766,1.7400348637791905,-1.169512315049918,204629.476857281,21305228.961072,33.18,1104.9
Liver,PE(22:1(13Z)/18:1(9Z)),GLP-1,3,4,5,-1.003267222445013,0.696909375364263,0.04443283317559572,-0.13343735229005657,0.7457467643623222,-0.5165350001158237,1006413.2409960602,3938042.83830797,2046632.5077618593,148.54000000000002,228.4175,113.734,1.420943662162769,1.1155443578437667,1.914044193510732,FALSE,FALSE,0.7850728973630351,pearson,12,12,13,1,2M33,N/A,2M33,8,4,3,4,0.6022702546825142,0.03823350054736944,0.8279473488550837,TRUE,TRUE,1.2285842619060026,0.7707687524700032,1.183151432404859,1.277845624706336,264973.650593185,8219237.0604065,52.35,354.34
Liver,L-Phenylalanine,GIP,3,4,5,0.39639646955271446,0.805878627183592,-0.8825407834784945,-0.3520136317183587,-0.6999799477753412,0.7711921372512882,51485569.040914565,57869840.70576495,35150590.65073692,293.11333333333334,183.1375,648.106,2.2394435492019236,1.7021373906467452,0.5373603953849844,FALSE,FALSE,0.7600715772689784,pearson,12,12,12,0,N/A,N/A,N/A,8,4,3,4,-0.5846174123173266,0.04588773799187451,0.8423081545572892,TRUE,TRUE,1.0148188162821443,-0.4488960126990766,1.6244443822519647,-1.169512315049918,23276598.7763576,61048882.9983275,33.18,1104.9
Muscle,Dracunculin,GIP,3,3,3,-0.28355448461747523,-0.7731310861768366,1.0566855707943175,-0.26605844069655477,-0.5231136869591737,0.7891721276557284,10015.239117658659,7725.778949951543,22319.890733529566,293.11333333333334,233.12333333333333,539.3766666666667,2.2517377861040098,1.705800386479991,0.5529580892125092,FALSE,FALSE,0.7575484130554083,pearson,9,9,12,3,2M33;4M3;4M4,2M33;4M3;4M4,N/A,6,3,3,3,0.69199129190571,0.03888397486431257,0.8284645979623956,TRUE,TRUE,-1.0578524414065749,-0.23084952860498784,-1.0814240386174632,-0.7979716103558167,5358.56153341551,28925.1879714591,49,654.31
Liver,ZAPA,GLP-1,3,4,5,-0.8472509162621763,0.537524596418084,0.0783308726228241,-0.13343735229005657,0.7457467643623222,-0.5165350001158237,1855128.254335989,3283725.788880598,2586199.848759458,148.54000000000002,228.4175,113.734,1.3432103814767882,1.001731229265212,1.6402950745194296,FALSE,FALSE,0.7457738884982872,pearson,12,12,13,1,2M33,N/A,2M33,8,4,3,4,0.7693750020137501,0.00343659786225554,0.6776185814384534,TRUE,TRUE,1.1700419696306854,0.7707687524700032,0.9333684053411908,1.277845624706336,926062.916501637,4820067.49808072,52.35,354.34
Muscle,S-Aminoethyl-L-cysteine,GIP,3,4,3,-0.1813290819783819,-0.7739127782275493,1.2132127862817752,-0.2526126481591891,-0.5737922540658641,1.0176689869136748,2619287.8487512735,1372498.6056662393,8980798.847730499,293.11333333333334,183.1375,728.0733333333334,2.5458627006707637,1.8863622278698007,0.6740265397673095,FALSE,FALSE,0.7409520660217839,pearson,10,10,12,2,4M1;4M2,4M1;4M2,N/A,6,4,3,4,0.8359664875865375,0.00258557499343,0.6776185814384534,TRUE,TRUE,-1.180913948507747,-0.4488960126990766,-1.3077308440426365,-1.0368876724401996,905181.730752476,12836745.8376126,33.18,1104.9
Liver,20-Hydroxyrhodopin,GLP-1,3,4,5,0.594617180514363,0.9456138715396304,-1.113261405540324,-0.13343735229005657,0.7457467643623222,-0.5165350001158237,874884.8721012906,1454307.478076875,74669.77062773082,148.54000000000002,228.4175,113.734,2.4150202192745964,1.7503179918157137,0.946659066446052,FALSE,FALSE,0.7247632868024019,pearson,12,12,13,1,2M33,N/A,2M33,8,4,3,4,0.6232032391007614,0.03039062245145411,0.8053673965337975,TRUE,TRUE,1.86867154340776,0.7707687524700032,2.6326485960088872,1.277845624706336,65384.3580610183,1791365.3984844,52.35,354.34
Muscle,2'-Deoxyguanosine 5'-monophosphate,GIP,3,4,5,-0.47421877836243453,0.539601224864529,-0.1471497128741618,-0.3520136317183587,-0.6999799477753412,0.7711921372512882,64544602.564814694,138661338.62937075,75044377.2647998,293.11333333333334,183.1375,648.106,1.623568339875649,1.1698569882879137,1.0718729197313401,FALSE,FALSE,0.720546810106875,pearson,12,12,12,0,N/A,N/A,N/A,8,4,3,4,-0.6950668426199802,0.01210112833425374,0.7718346777285694,TRUE,TRUE,1.7184742552711147,-0.4488960126990766,1.6122290143565492,-1.169512315049918,661979.824970184,175122191.619961,33.18,1104.9
Muscle,Estrane,Resistin,3,4,5,0.37247283890847355,-0.7176534670879775,0.3506390703252963,-0.44792315674788297,-0.2669377212959766,0.4823040710855108,257478.00112726534,139372.25523252765,297950.7480594284,19981.716666666667,22284.71,31818.62,1.3048418329222569,0.9304834275005357,1.1050480038763855,FALSE,FALSE,0.7131005490655313,pearson,12,12,13,1,2M26,2M26,N/A,8,4,3,4,0.698768789094671,0.01146369673463322,0.7718346777285694,TRUE,TRUE,-1.9785531718348104,0.2484074736337295,-1.385635846493351,-0.3894153523436154,29045.5937020626,479166.064978402,7458,50393.88
Liver,L-Lysinamide,GIP,3,3,4,-0.13821393936282442,-0.8425217287263227,0.73555175106685,-0.4061811595585515,-0.5933781462058049,0.7496694793232671,232098.24191441,195085.81252632133,292635.65342075477,293.11333333333334,233.12333333333333,663.5225,2.0722193011517414,1.448950372226583,0.7287607110484962,FALSE,FALSE,0.699226366350924,pearson,10,10,12,2,2M33;4M2,2M33;4M2,N/A,7,3,3,3,0.8807442574436587,7.644518799777036e-4,0.5910267448613825,TRUE,TRUE,-1.198693872726335,-0.23084952860498784,-1.248859394070603,-0.8760084739210929,165046.989524859,376973.663207633,49,1104.9
Liver,"PE(18:0/18:3(9Z,12Z,15Z))",Resistin,3,5,5,0.2383237777003109,-0.7596639538967248,0.6166696872765435,-0.49902736935313985,-0.1654208593878362,0.46483728099971977,54271087.02490117,43659425.23821482,60347158.35638496,19981.716666666667,24078.628,31818.62,1.513776606818208,1.0354615837842112,1.0522703150376462,FALSE,FALSE,0.6840253569254433,pearson,13,13,13,0,N/A,N/A,N/A,8,5,3,5,0.5722489948044662,0.04098508754332173,0.8342054032317431,TRUE,TRUE,-1.4333252369841725,0.4514552437965252,-1.418982751854846,-0.2597827710416183,30092086.6565627,81012312.9267945,7458,50393.88
Muscle,3-MeO-PCP,GIP,3,4,5,-0.23774662470797606,-0.936408098128853,0.891774453327868,-0.3520136317183587,-0.6999799477753412,0.7711921372512882,249756.81313206165,175625.5040095265,389497.8770144292,293.11333333333334,183.1375,648.106,2.3466143153940755,1.5929246891092972,0.7805180405044451,FALSE,FALSE,0.6788182781718826,pearson,12,12,12,0,N/A,N/A,N/A,8,4,3,4,0.7580409996142763,0.00427860665872482,0.6776185814384534,TRUE,TRUE,-1.0367785234249325,-0.4488960126990766,-1.9905327733819973,-1.169512315049918,121821.068231497,430294.429850026,33.18,1104.9
Muscle,Nicotinamide,GIP,3,4,5,-0.25340184505741203,-0.9897877600010399,0.943871315035271,-0.3520136317183587,-0.6999799477753412,0.7711921372512882,12556693.57303434,5746477.353200955,28170031.8578127,293.11333333333334,183.1375,648.106,2.4296881944463333,1.6416620295679056,0.8144598043105821,FALSE,FALSE,0.6756677804667856,pearson,12,12,12,0,N/A,N/A,N/A,8,4,3,4,0.8135481343957571,0.00128566864357413,0.5993076568054627,TRUE,TRUE,-1.2402360015254226,-0.4488960126990766,-1.8476130185749555,-1.169512315049918,4481680.20997562,35589524.4306363,33.18,1104.9
Muscle,L-Carnitine,GIP,3,4,5,-0.23586847512143047,-0.9565963645912448,0.9067981767458587,-0.3520136317183587,-0.6999799477753412,0.7711921372512882,633053080.629429,480415181.55438125,922943899.5215622,293.11333333333334,183.1375,648.106,2.374149641544634,1.6022728471569057,0.8003307114998653,FALSE,FALSE,0.6748828376776026,pearson,12,12,12,0,N/A,N/A,N/A,8,4,3,4,0.8017479649106298,0.00171070380605457,0.5993076568054627,TRUE,TRUE,-1.196577904120962,-0.4488960126990766,-1.8213377540216935,-1.169512315049918,400210207.799596,1180090466.07659,33.18,1104.9
Liver,D-Glucono-δ-lactone,GIP,3,4,5,-0.24348874110102015,-1.021780134953326,0.9635173526232571,-0.3520136317183587,-0.6999799477753412,0.7711921372512882,1097228.4011883242,787359.2484627903,1910089.1894490721,293.11333333333334,183.1375,648.106,2.4709822779492963,1.6487737594146246,0.8525362460651353,FALSE,FALSE,0.6672543846744889,pearson,12,12,12,0,N/A,N/A,N/A,8,4,3,4,0.7167234364171982,0.0087190837440461,0.7718346777285694,TRUE,TRUE,-1.4403641874794435,-0.4488960126990766,-2.1013463415868476,-1.169512315049918,455486.354534697,2088722.18374899,33.18,1104.9
Liver,Glycyltyrosine,GLP-1,3,4,5,0.44625333099996856,0.755864363071164,-0.8724434890569144,-0.13343735229005657,0.7457467643623222,-0.5165350001158237,552703.385380627,729355.1698562895,225321.0385556645,148.54000000000002,228.4175,113.734,2.060277096469312,1.3732170662345302,0.9321071301915969,FALSE,FALSE,0.6665205707464333,pearson,12,12,13,1,2M33,N/A,2M33,8,4,3,4,0.6458691004115338,0.02328164216149088,0.7938359097329524,TRUE,TRUE,1.0811233584923248,0.7707687524700032,1.8409864070573083,1.277845624706336,58660.3789426697,885046.78027973,52.35,354.34
Liver,5-Ethyl-3-hydroxy-4-methyl-2(5H)-furanone,GIP,3,4,5,0.07332949526521983,0.7286857519385405,-0.6269462987099702,-0.3520136317183587,-0.6999799477753412,0.7711921372512882,411636.0948432027,622760.7299178675,316311.41944452457,293.11333333333334,183.1375,648.106,2.000521322182567,1.323622826591578,0.7420056470614864,FALSE,FALSE,0.6616389497651076,pearson,12,12,12,0,N/A,N/A,N/A,8,4,3,4,-0.5860640606365027,0.04522289285498798,0.8392204792500317,TRUE,TRUE,1.357718308016957,-0.4488960126990766,1.6737031052574955,-1.169512315049918,80731.3854107549,874084.71711978,33.18,1104.9
Muscle,Metronidazole,GIP,3,4,5,0.2129939120674868,0.9976757525648533,-0.9259369492923731,-0.3520136317183587,-0.6999799477753412,0.7711921372512882,283547.25234959164,507694.7771422528,121679.84971823795,293.11333333333334,183.1375,648.106,2.421700462589884,1.5996107984146044,0.8583741305028959,FALSE,FALSE,0.6605320613036936,pearson,12,12,12,0,N/A,N/A,N/A,8,4,3,4,-0.5993574249075224,0.03942882418217795,0.8284645979623956,TRUE,TRUE,1.956188352460378,-0.4488960126990766,2.9253237617259114,-1.169512315049918,45226.9717940757,660407.091202162,33.18,1104.9
Liver,Ethyl glucuronide,GIP,3,4,3,0.3056470210255302,-0.6245438996336468,0.5270781784859953,-0.2526126481591891,-0.5737922540658641,1.0176689869136748,11310418.321740057,8033260.750684263,12581181.080236085,293.11333333333334,183.1375,728.0733333333334,1.9644292535881094,1.2894367723536,0.9840790050230389,FALSE,FALSE,0.6563925730582517,pearson,10,10,12,2,4M1;4M2,4M1;4M2,N/A,6,4,3,4,0.7562982484431708,0.01136108694213124,0.7718346777285694,TRUE,TRUE,-1.0895879638807553,-0.4488960126990766,-1.1614510209885605,-1.0368876724401996,4906916.41503145,15835951.3016365,33.18,1104.9
Liver,1-arachidoyl-2-arachidonoyl-sn-glycero-3-phosphate,GIP,3,4,5,-0.08132324416442935,-0.7806873618802277,0.6733438360028432,-0.3520136317183587,-0.6999799477753412,0.7711921372512882,352728.13955347636,191183.55321084318,762178.0838493108,293.11333333333334,183.1375,648.106,2.0684665886058875,1.3531864621458833,0.7811470580234332,FALSE,FALSE,0.654197882431308,pearson,12,12,12,0,N/A,N/A,N/A,8,4,3,4,0.7000799543632727,0.01124402066158409,0.7718346777285694,TRUE,TRUE,-1.0132674355189155,-0.4488960126990766,-1.1944351804438862,-1.169512315049918,79621.5719572658,1217727.39194177,33.18,1104.9
Muscle,Uridine 5'-monophosphate,GIP,3,4,5,0.1960071826945175,1.0029260212290083,-0.9199451265999146,-0.3520136317183587,-0.6999799477753412,0.7711921372512882,4156317.40724213,5291965.301768603,2933999.248129046,293.11333333333334,183.1375,648.106,2.4211114709807395,1.5833321685819028,0.8787482967790717,FALSE,FALSE,0.653969132590384,pearson,12,12,12,0,N/A,N/A,N/A,8,4,3,4,-0.7450077110949167,0.0054303027132114904,0.7469497983614413,TRUE,TRUE,1.6042825298603187,-0.4488960126990766,2.3387164502823357,-1.169512315049918,2330274.88505894,5871631.21683588,33.18,1104.9
Muscle,Nitrosoguvacoline,GIP,3,4,5,-0.17439942685636142,-0.980400575800221,0.8889601167540028,-0.3520136317183587,-0.6999799477753412,0.7711921372512882,329326.96928135096,200819.54718993773,682560.0184820852,293.11333333333334,183.1375,648.106,2.3788351566740404,1.5467141683045182,0.8779056949405725,FALSE,FALSE,0.65019812909905494,pearson,12,12,12,0,N/A,N/A,N/A,8,4,3,4,0.8406356174446139,6.154983967206849e-4,0.5307726751105567,TRUE,TRUE,-1.025785040386533,-0.4488960126990766,-1.712157089465557,-1.169512315049918,84913.286844612,956371.83713576,33.18,1104.9
Liver,N-Palmitoyl tyrosine,GIP,3,4,5,0.3840244359595561,-0.6400538740125716,0.2816284376343217,-0.3520136317183587,-0.6999799477753412,0.7711921372512882,15618785.001693837,7208825.413409254,19002302.778191995,293.11333333333334,183.1375,648.106,1.7360430833836933,1.1278635289429821,1.0815807607689947,FALSE,FALSE,0.6496748495116157,pearson,12,12,12,0,N/A,N/A,N/A,8,4,3,4,0.6572848994451683,0.02020028678420555,0.7795363683109683,TRUE,TRUE,-1.073608649211171,-0.4488960126990766,-1.0632117527709315,-1.169512315049918,784422.206349647,31242676.6394712,33.18,1104.9
Liver,Salvigenin,GIP,3,4,5,-0.2028787074716883,-1.0586257638267582,0.9686278355444241,-0.3520136317183587,-0.6999799477753412,0.7711921372512882,112609.20030396733,34033.97598556398,327643.7759556544,293.11333333333334,183.1375,648.106,2.504816252726937,1.6229660439381528,0.9237876279592812,FALSE,FALSE,0.647938163995569,pearson,12,12,12,0,N/A,N/A,N/A,8,4,3,4,0.6445441074793676,0.0236601714252021,0.796407168189471,TRUE,TRUE,-1.153536587951942,-0.4488960126990766,-1.976713030129169,-1.169512315049918,16404.4691622172,368302.062406996,33.18,1104.9
Muscle,Tiformin,GIP,3,4,5,-0.08844144246154212,-0.8561084915004709,0.7379516586773023,-0.3520136317183587,-0.6999799477753412,0.7711921372512882,3771987.3108775904,1030747.6527858918,4944690.721175294,293.11333333333334,183.1375,648.106,2.1691876512064105,1.3944593063465753,0.8428482990968215,FALSE,FALSE,0.6428486284121321,pearson,12,12,12,0,N/A,N/A,N/A,8,4,3,4,0.7571429267177374,0.00435143063775343,0.6776185814384534,TRUE,TRUE,-1.2269863527698113,-0.4488960126990766,-2.0268615119516245,-1.169512315049918,360067.708574422,7342480.5867925,33.18,1104.9
Liver,"[6]-Gingerdiol 3,5-diacetate",GIP,3,3,5,0.21555929064738688,-0.8426096449757416,0.37623021259701483,-0.4708172355458144,-0.6656065046113032,0.681854244094271,234853.23384690066,139250.03706119553,295156.53532525466,293.11333333333334,233.12333333333333,648.106,1.8169262692003116,1.1638155717878187,1.0759481194095057,FALSE,FALSE,0.6405408912382844,pearson,11,11,12,1,2M33,2M33,N/A,8,3,3,3,0.6513319706301145,0.02993445318465621,0.8053673965337975,TRUE,TRUE,-1.684771108657697,-0.23084952860498784,-1.3060487471700342,-0.960426719371618,66351.7813715226,418237.269039603,49,1104.9
Liver,Glutaric acid,GIP,3,4,5,0.5998438802563432,-0.8059227173127066,0.28483184569641384,-0.3520136317183587,-0.6999799477753412,0.7711921372512882,9730788.222802168,7333959.24943873,9224035.621520845,293.11333333333334,183.1375,648.106,1.8314182538368502,1.166543518847146,1.4481920742605692,FALSE,FALSE,0.6369618280276604,pearson,12,12,12,0,N/A,N/A,N/A,8,4,3,4,0.6355958129089807,0.02633456214520887,0.802990002341614,TRUE,TRUE,-1.8951810903144892,-0.4488960126990766,-1.4460300309990357,-1.169512315049918,5478913.13904699,11460389.9346011,33.18,1104.9
Liver,"dTDP-4-amino-4,6-dideoxy-5-C-methyl-L-mannose",GIP,3,4,5,-0.059323278920419144,-0.9326824171245829,0.7817399010519231,-0.3520136317183587,-0.6999799477753412,0.7711921372512882,11037287.377380706,8013859.5321202595,15030298.20401528,293.11333333333334,183.1375,648.106,2.25911292077738,1.4032029333463796,0.940125917840258,FALSE,FALSE,0.6211300552712192,pearson,12,12,12,0,N/A,N/A,N/A,8,4,3,4,0.8630879704168433,2.997050093296803e-4,0.437694107553917,TRUE,TRUE,-1.097948858724547,-0.4488960126990766,-1.67409020627075,-1.169512315049918,5644156.5333814,19646691.6713284,33.18,1104.9
Liver,Glycerol 1-myristate,GIP,3,4,5,-0.10586551673063893,-1.0360604031911163,0.8923676325912753,-0.3520136317183587,-0.6999799477753412,0.7711921372512882,5613006.917605223,3897619.348373507,8393044.516369792,293.11333333333334,183.1375,648.106,2.4255271577438857,1.502684471155486,0.9931480674640052,FALSE,FALSE,0.6195290233539229,pearson,12,12,12,0,N/A,N/A,N/A,8,4,3,4,0.7036334645306165,0.01066436823855204,0.7718346777285694,TRUE,TRUE,-2.0378847039389725,-0.4488960126990766,-1.8543593206552464,-1.169512315049918,3070028.80020236,10738976.0028912,33.18,1104.9
Liver,3-Ketosphingosine,GIP,3,4,4,0.23295648062100266,-0.6767692991535322,0.5020519386877988,-0.29051903014181085,-0.6278902033429614,0.84577947594932,836455.5400772503,738668.7355087145,874224.104769073,293.11333333333334,183.1375,663.5225,1.8871464793309458,1.1677271344355729,0.9702681603008038,FALSE,FALSE,0.6187792771918637,pearson,11,11,12,1,4M2,4M2,N/A,7,4,3,4,0.6077355097444407,0.04732142910262806,0.8447402562977896,TRUE,TRUE,-1.318066983867219,-0.4488960126990766,-1.1801017672308334,-1.079285543869127,634240.037204566,1005926.09322901,33.18,1104.9
Muscle,Isoleucylproline,GIP,3,4,5,-0.07199407782849554,-0.9808970118212791,0.8279140561541428,-0.3520136317183587,-0.6999799477753412,0.7711921372512882,445989165.6396677,301204778.98648846,591182984.4456922,293.11333333333334,183.1375,648.106,2.3315541562211215,1.4392448884935496,0.973234350262545,FALSE,FALSE,0.617289924256451,pearson,12,12,12,0,N/A,N/A,N/A,8,4,3,4,0.7320190423588147,0.00679648337563795,0.7584310403709481,TRUE,TRUE,-1.3198033257396966,-0.4488960126990766,-1.998166998971354,-1.169512315049918,255386430.22866,746095753.216951,33.18,1104.9
Liver,2-O-Methylascorbic acid,GIP,3,4,5,0.06229036899195578,0.9963205808045242,-0.8344306860387953,-0.3520136317183587,-0.6999799477753412,0.7711921372512882,4294843.31293917,4993826.560348293,3710749.032588428,293.11333333333334,183.1375,648.106,2.3486160828900964,1.4372542746438988,0.996741186913082,FALSE,FALSE,0.6119579462622436,pearson,12,12,12,0,N/A,N/A,N/A,8,4,3,4,-0.6036793697631871,0.03766461201955523,0.827402214621848,TRUE,TRUE,1.445420815865069,-0.4488960126990766,2.2253006976849017,-1.169512315049918,3119452.44521016,5351610.30272096,33.18,1104.9
Muscle,2-Isopropylmalic acid,GIP,3,3,5,-0.011146942014876907,-1.0566886945015426,0.6407013819098701,-0.4708172355458144,-0.6656065046113032,0.681854244094271,386236.4445277613,276330.9444514493,454962.0129596668,293.11333333333334,233.12333333333333,648.106,2.167206390910226,1.3242196862224809,1.0635320472538452,FALSE,FALSE,0.6110261079777958,pearson,11,11,12,1,2M33,2M33,N/A,8,3,3,3,0.6142862548933166,0.04435006648464554,0.8342054032317431,TRUE,TRUE,-1.2585086705371884,-0.23084952860498784,-1.8462704382548416,-0.960426719371618,246299.204806994,522926.114867752,49,1104.9
Liver,2-Hydroxyadipic acid,GIP,3,4,5,0.5792252602401933,-0.8472648778827866,0.33027674616209,-0.3520136317183587,-0.6999799477753412,0.7711921372512882,37374741.42869884,28061669.337526124,35967508.39345512,293.11333333333334,183.1375,648.106,1.8843968743658661,1.1504636291984165,1.4683169519120816,FALSE,FALSE,0.6105208753254637,pearson,12,12,12,0,N/A,N/A,N/A,8,4,3,4,0.6258840639417729,0.02947748277837302,0.8053673965337975,TRUE,TRUE,-2.002118599622114,-0.4488960126990766,-1.5532006390349271,-1.169512315049918,21658720.5879687,44585536.857488,33.18,1104.9
Liver,Encelin,Glucagon,3,5,5,0.6664951850445671,-0.6564311226671816,0.25653401164043804,-0.3466213775997461,0.1731868802033664,0.03478594635648152,393858.770007258,249030.1189527874,336388.3143639282,224.83333333333334,306.004,284.392,0.9233959903264796,0.5599461674717857,1.4213847616026238,FALSE,FALSE,0.606398742617248,pearson,13,13,13,0,N/A,N/A,N/A,8,5,3,5,-0.5758402437981296,0.03944782563464206,0.8284645979623956,TRUE,TRUE,-1.443607096560032,0.8177262978081293,-1.2092395248746437,0.2722258385029136,134324.725713855,482367.109224377,88.58,661.43
Liver,"PC(18:0/18:3(9Z,12Z,15Z))",GIP,3,4,5,-0.09118859095981943,-1.1112065325533358,0.9436783806185661,-0.3520136317183587,-0.6999799477753412,0.7711921372512882,25711518.769589033,18143627.088788025,37285645.98225662,293.11333333333334,183.1375,648.106,2.5272315505594447,1.5272658080080608,1.0777370543332645,FALSE,FALSE,0.6043236551355871,pearson,12,12,12,0,N/A,N/A,N/A,8,4,3,4,0.5987522481061697,0.03968046228145622,0.8286882636905457,TRUE,TRUE,-2.31253545982917,-0.4488960126990766,-2.4045909068166877,-1.169512315049918,14034706.3226678,42462588.6437578,33.18,1104.9
Liver,Dimethylglycine,GIP,3,4,5,-0.06009480218998484,0.8708751885243324,-0.6606432695054731,-0.3520136317183587,-0.6999799477753412,0.7711921372512882,762295.738614319,1111918.5511924895,590649.5637740042,293.11333333333334,183.1375,648.106,2.1236515936112483,1.273675649858188,0.9938740768934885,FALSE,FALSE,0.5997573489408002,pearson,12,12,12,0,N/A,N/A,N/A,8,4,3,4,-0.6573957380747395,0.0201719147449622,0.7795363683109683,TRUE,TRUE,1.0271077393000807,-0.4488960126990766,1.6860115190366298,-1.169512315049918,404382.771242674,1607203.11837443,33.18,1104.9
Liver,"1-hexadecanoyl-2-(5Z,8Z,11Z,14Z-icosatetraenoyl)-sn-glycero-3-phosphoethanolamine",Glucagon,3,4,2,-0.03601196481593999,-0.624049226379918,1.3021163999837482,-0.3061583731231227,0.7275592654473743,-0.9958809712100636,75188.72876709883,38921.86191667655,253540.71516639699,224.83333333333334,339.1925,148.53,2.584639291954446,1.5054251170328223,1.1892686732944018,FALSE,FALSE,0.5824507588811179,pearson,9,9,13,4,2M22;4M1;4M2;4M3,2M22;4M1;4M2;4M3,N/A,5,4,3,4,-0.6726240412676658,0.04712499336445869,0.8447136436918836,TRUE,TRUE,-0.9915132485929068,1.3277781571016114,-1.1985492472284254,1.6929670448681131,16533.7463376965,329581.277162746,88.58,459.23
Muscle,2-Ketobutyric acid,GIP,3,3,5,0.10352026122144949,-1.11119128030387,0.6046026114494615,-0.4708172355458144,-0.6656065046113032,0.681854244094271,4550468.855705187,3323555.8121705865,5179367.911990674,293.11333333333334,233.12333333333333,648.106,2.181650555950753,1.2568751177765005,1.2302304615225088,FALSE,FALSE,0.5761120241498806,pearson,11,11,12,1,2M33,2M33,N/A,8,3,3,3,0.6531883429595853,0.02931307746024679,0.8053673965337975,TRUE,TRUE,-1.3358935061192023,-0.23084952860498784,-1.8317635343146776,-0.960426719371618,2687490.68678534,6541838.79362569,49,1104.9
Liver,pro-met,GLP-1,3,4,5,0.30403277931635225,0.895309005917271,-0.8986668723236277,-0.13343735229005657,0.7457467643623222,-0.5165350001158237,52395.68699899137,84341.48573637198,21703.688508597123,148.54000000000002,228.4175,113.734,2.1935598247242463,1.2622401751745047,1.0595151188714793,FALSE,FALSE,0.5754300206210158,pearson,12,12,13,1,2M33,N/A,2M33,8,4,3,4,0.6872068688672176,0.01354117932237948,0.7718346777285694,TRUE,TRUE,1.4216361713094705,0.7707687524700032,2.275549204627938,1.277845624706336,9003.22479142422,100415.982173896,52.35,354.34
Muscle,Naphthalen-2-amine,GIP,3,4,5,0.10515836613165433,-0.9508690976115208,0.6976002584102279,-0.3520136317183587,-0.6999799477753412,0.7711921372512882,182072.50830073934,117564.70531223403,246138.9845190742,293.11333333333334,183.1375,648.106,2.209479242152856,1.2698734563622127,1.1118788429006603,FALSE,FALSE,0.5747388036670953,pearson,12,12,12,0,N/A,N/A,N/A,8,4,3,4,0.6226196221654622,0.0305920790253894,0.8053673965337975,TRUE,TRUE,-1.2279365865058354,-0.4488960126990766,-2.1364474661934687,-1.169512315049918,42476.8955167667,273131.679693162,33.18,1104.9
Muscle,Glutarimide,GIP,3,4,5,0.37304540656026197,-0.8527224097069137,0.45835068382937333,-0.3520136317183587,-0.6999799477753412,0.7711921372512882,2190437.3296509357,855577.0674517078,2178919.5414481065,293.11333333333334,183.1375,648.106,1.9705988836788704,1.126440495444236,1.2742006500181469,FALSE,FALSE,0.57162343121869,pearson,12,12,12,0,N/A,N/A,N/A,8,4,3,4,0.6111632655464672,0.03474391648707269,0.8246808705942644,TRUE,TRUE,-1.1605558042534792,-0.4488960126990766,-1.2693558391339408,-1.169512315049918,287747.396340883,3792599.06343907,33.18,1104.9
Liver,val-arg,GLP-1,3,4,5,0.2940494157867775,0.8493772921013107,-0.8559314831531106,-0.13343735229005657,0.7457467643623222,-0.5165350001158237,534011.1271261033,865724.2860815055,252240.12173827598,148.54000000000002,228.4175,113.734,2.121658142089294,1.212113804762667,1.0398816092160843,FALSE,FALSE,0.5713049528181966,pearson,12,12,13,1,2M33,N/A,2M33,8,4,3,4,0.6731281889546188,0.01643176221326703,0.7718346777285694,TRUE,TRUE,2.267622999816602,0.7707687524700032,2.7420755926366547,1.277845624706336,53060.7460334469,975772.69885929,52.35,354.34
Muscle,1-(4-Aminobutyl)urea,GIP,3,4,5,0.2694288214953963,-0.8556641719036517,0.5228740446256934,-0.3520136317183587,-0.6999799477753412,0.7711921372512882,1061946.9379895774,672692.3485132742,1175822.9152966335,293.11333333333334,183.1375,648.106,2.0161138157836,1.1514450401883114,1.177673469560174,FALSE,FALSE,0.5711210503960467,pearson,12,12,12,0,N/A,N/A,N/A,8,4,3,4,0.7701169383232351,0.00338625459382877,0.6776185814384534,TRUE,TRUE,-1.2125148664966294,-0.4488960126990766,-1.487520335623284,-1.169512315049918,391414.11809339,1520459.95162825,33.18,1104.9
Liver,Allose,GIP,3,4,5,0.47253927882082636,-0.8853397519497515,0.4247482342672994,-0.3520136317183587,-0.6999799477753412,0.7711921372512882,152137429.55940267,116891083.99002993,152297486.5408614,293.11333333333334,183.1375,648.106,1.9699436122366163,1.124222034736116,1.4017546216498489,FALSE,FALSE,0.570687418539715,pearson,12,12,12,0,N/A,N/A,N/A,8,4,3,4,0.6475375576708332,0.0228112743439442,0.7930738014113843,TRUE,TRUE,-1.77986994773129,-0.4488960126990766,-1.6655885622271152,-1.169512315049918,89492462.8978257,181053888.866318,33.18,1104.9
Muscle,Alchornine,GIP,3,4,5,0.14080316856469943,-0.9413804810703771,0.6686224837174777,-0.3520136317183587,-0.6999799477753412,0.7711921372512882,1674013.8887330366,1003615.5705995939,2197773.1920913598,293.11333333333334,183.1375,648.106,2.180930271784791,1.2410416708938679,1.136750636088567,FALSE,FALSE,0.5690423425955045,pearson,12,12,12,0,N/A,N/A,N/A,8,4,3,4,0.8108928414085614,0.00137330451077037,0.5993076568054627,TRUE,TRUE,-1.203421859853668,-0.4488960126990766,-1.9307025730508585,-1.169512315049918,355973.221966076,2730021.72624243,33.18,1104.9
Muscle,N-Acetyl-1-aspartylglutamic acid,GIP,3,4,5,-7.247075012027185e-4,1.170641013776662,-0.9360779865206146,-0.3520136317183587,-0.6999799477753412,0.7711921372512882,723579.188967246,1204809.9407585575,483156.4618234704,293.11333333333334,183.1375,648.106,2.569554873898426,1.4616692361882224,1.2219567136748666,FALSE,FALSE,0.5688414172570816,pearson,12,12,12,0,N/A,N/A,N/A,8,4,3,4,-0.6154237288769167,0.03315556039327148,0.8089018711398693,TRUE,TRUE,5.2390642423399525,-0.4488960126990766,4.622794661967083,-1.169512315049918,355823.500537096,1258306.84125338,33.18,1104.9
Muscle,Isosorbide Mononitrate,GLP-1,3,4,5,0.28608147442165055,0.7639279899522159,-0.7827912766147584,-0.13343735229005657,0.7457467643623222,-0.5165350001158237,6859184.332425553,8868352.281611465,4263309.896712952,148.54000000000002,228.4175,113.734,1.9964207328375299,1.1354526699417182,1.0006507899254997,FALSE,FALSE,0.5687441786521069,pearson,12,12,13,1,2M33,N/A,2M33,8,4,3,4,0.6280883082127416,0.02874161671552707,0.8053673965337975,TRUE,TRUE,1.2671307995718846,0.7707687524700032,1.8607887002551653,1.277845624706336,1434454.94938102,10757253.8535297,52.35,354.34
Muscle,Nitrosoheptamethyleneimine,GIP,3,4,5,0.14868931091433985,-0.9506293812873562,0.6712899184812833,-0.3520136317183587,-0.6999799477753412,0.7711921372512882,5523466.46254234,3866936.9266082426,6562582.993518428,293.11333333333334,183.1375,648.106,2.189741884041038,1.2388311404206926,1.153075081741998,FALSE,FALSE,0.5657429989577145,pearson,12,12,12,0,N/A,N/A,N/A,8,4,3,4,0.8214892362338319,0.00104903545845167,0.5993076568054627,TRUE,TRUE,-1.2445913922516345,-0.4488960126990766,-1.9724478825157232,-1.169512315049918,2236332.91364237,7823646.8775659,33.18,1104.9
Liver,Diacetyl,GIP,3,4,5,0.43676051641446056,-0.889216811535693,0.4493171393798902,-0.3520136317183587,-0.6999799477753412,0.7711921372512882,18877252.7878324,14676058.014918325,19104364.32001044,293.11333333333334,183.1375,648.106,1.9889747211855864,1.123275953729533,1.3708743309830034,FALSE,FALSE,0.5647512468433845,pearson,12,12,12,0,N/A,N/A,N/A,8,4,3,4,0.6643015761730238,0.01846089060642524,0.7718346777285694,TRUE,TRUE,-1.6740227790898063,-0.4488960126990766,-1.6712871067289417,-1.169512315049918,11247736.8521727,22716939.6946884,33.18,1104.9
Liver,Monomethyl glutaric acid,GIP,3,4,5,0.06836986225962924,-1.0696604769634825,0.8147064642149981,-0.3520136317183587,-0.6999799477753412,0.7711921372512882,269681.3167393683,176940.36645343027,352782.2771776276,293.11333333333334,183.1375,648.106,2.3906455347390887,1.3485583127417895,1.1900393313258761,FALSE,FALSE,0.5640979782010924,pearson,12,12,12,0,N/A,N/A,N/A,8,4,3,4,0.6292937526006863,0.02834484074729431,0.8053673965337975,TRUE,TRUE,-2.0832523435776875,-0.4488960126990766,-2.009397984001893,-1.169512315049918,163436.521085005,469144.795242718,33.18,1104.9
Liver,Gln-Gln,GLP-1,3,4,5,0.2787704275750522,0.7821901592062294,-0.7930143839100183,-0.13343735229005657,0.7457467643623222,-0.5165350001158237,354350.90275959263,513277.7439508195,201739.35854905858,148.54000000000002,228.4175,113.734,2.0185699407224234,1.1381943989933019,1.0131121049367786,FALSE,FALSE,0.5638617597693717,pearson,12,12,13,1,2M33,N/A,2M33,8,4,3,4,0.6463202966093433,0.02315375300564915,0.7938359097329524,TRUE,TRUE,1.4698274753389984,0.7707687524700032,1.9683755821147029,1.277845624706336,50620.2458389169,704302.939685319,52.35,354.34
Liver,Glycerophosphocholine,GIP,3,4,5,-0.1165699976543808,0.9998855710345647,-0.729966458235012,-0.3520136317183587,-0.6999799477753412,0.7711921372512882,131572.36454400027,189788.75436917675,107659.02844643503,293.11333333333334,183.1375,648.106,2.270844632934995,1.2797837384884767,1.1694244712536268,FALSE,FALSE,0.5635716860269726,pearson,12,12,12,0,N/A,N/A,N/A,8,4,3,4,-0.5806434794046018,0.04774952267270747,0.8469873796240301,TRUE,TRUE,1.6462548463299682,-0.4488960126990766,2.3965404089685016,-1.169512315049918,74218.5320275761,220094.843260714,33.18,1104.9
Liver,Bibenzyl,GIP,3,4,5,0.3183088261937984,-0.9001256131784287,0.5291151948264736,-0.3520136317183587,-0.6999799477753412,0.7711921372512882,1166748.2475492693,850362.6473586683,1234423.481348352,293.11333333333334,183.1375,648.106,2.051115937978179,1.1428169251909035,1.2671475999892754,FALSE,FALSE,0.5571683706565111,pearson,12,12,12,0,N/A,N/A,N/A,8,4,3,4,0.6402183179169169,0.02492711706307107,0.802990002341614,TRUE,TRUE,-1.3418051111776208,-0.4488960126990766,-2.016872614304016,-1.169512315049918,451620.899754781,1354368.95252578,33.18,1104.9
Liver,ser-asn,GLP-1,3,4,5,0.2677001021291968,0.8911689540168816,-0.8735552244910242,-0.13343735229005657,0.7457467643623222,-0.5165350001158237,780409.7194335606,1453057.4802182915,329844.4695726506,148.54000000000002,228.4175,113.734,2.1697019793382832,1.2038386637372396,1.0778117276444765,FALSE,FALSE,0.5548405611467373,pearson,12,12,13,1,2M33,N/A,2M33,8,4,3,4,0.6678437492882053,0.01762573697482339,0.7718346777285694,TRUE,TRUE,1.890840195799504,0.7707687524700032,2.69537071423983,1.277845624706336,76843.289058684,1808565.73999308,52.35,354.34
Muscle,6-Phosphonoglucono-D-lactone,GLP-1,3,4,5,-0.7303169051943718,0.6189701490321545,-0.05698597610910063,-0.13343735229005657,0.7457467643623222,-0.5165350001158237,28286.173990064497,101267.09728778625,50887.50199562299,148.54000000000002,228.4175,113.734,1.4318770673664836,0.7746859672360601,1.610447225362297,FALSE,FALSE,0.541028266246953,pearson,12,12,13,1,2M33,N/A,2M33,8,4,3,4,0.6459381042732462,0.02326205021430159,0.7938359097329524,TRUE,TRUE,1.0789819989672076,0.7707687524700032,1.1238829723940038,1.277845624706336,6757.51111783425,221868.444043775,52.35,354.34
Muscle,4-Hydroxy-5-methyl-3-furanone,GLP-1,3,4,5,0.24860801578221797,1.031245711360497,-0.9741613785577242,-0.13343735229005657,0.7457467643623222,-0.5165350001158237,1328772.8014147477,2363471.822226875,456658.543719458,148.54000000000002,228.4175,113.734,2.3696018334792726,1.2813776958820942,1.1770668942391942,FALSE,FALSE,0.5407565430520682,pearson,12,12,13,1,2M33,N/A,2M33,8,4,3,4,0.6057880806305388,0.03682458921048024,0.8254855449604329,TRUE,TRUE,1.3732461367577304,0.7707687524700032,2.415868958524888,1.277845624706336,407916.376812732,3352113.83541988,52.35,354.34
Liver,Homocitrulline,GIP,3,4,5,0.1831727017054717,-1.0627007479906676,0.7402569773692447,-0.3520136317183587,-0.6999799477753412,0.7711921372512882,1390634.5566751112,717368.5896232527,1630218.821375352,293.11333333333334,183.1375,648.106,2.3270160857193463,1.2537679568558635,1.293553713522568,FALSE,FALSE,0.5387878341495386,pearson,12,12,12,0,N/A,N/A,N/A,8,4,3,4,0.7491409485073083,0.00504246957010061,0.7273700474951355,TRUE,TRUE,-1.2921259066622663,-0.4488960126990766,-1.9755684326862224,-1.169512315049918,608272.463724502,2327872.11571454,33.18,1104.9
Liver,"DG(14:0/18:3(9Z,12Z,15Z)/0:0)",GIP,3,4,5,0.2942684615201744,-0.9881758811346968,0.6139796279956463,-0.3520136317183587,-0.6999799477753412,0.7711921372512882,120970.456362703,52264.8239018528,155169.58764292102,293.11333333333334,183.1375,648.106,2.1751435766859872,1.1678212317884116,1.3288130226325117,FALSE,FALSE,0.5368938603895218,pearson,12,12,12,0,N/A,N/A,N/A,8,4,3,4,0.7873168267759306,0.0023682666604323,0.6577404384459886,TRUE,TRUE,-1.3972050752710143,-0.4488960126990766,-1.5695962104195906,-1.169512315049918,20252.9012700175,247487.492664017,33.18,1104.9
Liver,3-sulfopropanediol,GIP,3,4,5,0.15773399349761147,-1.1093949147320437,0.7928755356870625,-0.3520136317183587,-0.6999799477753412,0.7711921372512882,310290.60238734866,182554.35138113674,412775.2537575802,293.11333333333334,183.1375,648.106,2.4047827698774187,1.2903472315859363,1.31403813764348,FALSE,FALSE,0.5365753812564578,pearson,12,12,12,0,N/A,N/A,N/A,8,4,3,4,0.6249963803265215,0.02977762554911712,0.8053673965337975,TRUE,TRUE,-1.917723583684616,-0.4488960126990766,-2.4645523437390007,-1.169512315049918,128810.007727909,469681.158157635,33.18,1104.9
Liver,Behenic acid,GIP,3,3,5,0.06889457345286704,1.1363152845345426,-0.7231259147924602,-0.32929539375923694,-0.9072567622505172,0.7419312936058524,1656875.5531449567,2151699.0302862497,1349423.242413228,293.11333333333334,101.58333333333333,648.106,2.4854260836592896,1.332224856968053,1.2138477325902222,FALSE,FALSE,0.5360146760054196,pearson,11,11,12,1,2M31,2M31,N/A,8,3,3,3,-0.781109978127955,0.00453386816686814,0.6822406588547028,TRUE,TRUE,1.7337867388776638,-0.8161454479980477,2.4414587901871374,-1.4562274710052876,1087080.43114634,2355000.12069695,33.18,1104.9
Muscle,Dimethyl fumarate,GIP,3,4,5,0.49602119461319605,-0.9982854107680963,0.5010156118465594,-0.3520136317183587,-0.6999799477753412,0.7711921372512882,1187779.6147176216,750633.650329694,1177949.281029516,293.11333333333334,183.1375,648.106,2.1005358507235603,1.1232168729369216,1.5342857582590113,FALSE,FALSE,0.5347287324565363,pearson,12,12,12,0,N/A,N/A,N/A,8,4,3,4,0.6037138898744835,0.03765075171731692,0.827402214621848,TRUE,TRUE,-1.8038695974941252,-0.4488960126990766,-2.1678827054695096,-1.169512315049918,453133.161862634,1445662.95633351,33.18,1104.9
Liver,L-Gulonolactone,GIP,3,4,5,0.38782391298271535,-0.9838770512430067,0.5544072932047628,-0.3520136317183587,-0.6999799477753412,0.7711921372512882,7606536.639668417,6212285.099965442,7772128.368460992,293.11333333333334,183.1375,648.106,2.128536123286308,1.1354916212869643,1.4151480814275386,FALSE,FALSE,0.5334612877200535,pearson,12,12,12,0,N/A,N/A,N/A,8,4,3,4,0.6636183649769328,0.01862524887722993,0.7718346777285694,TRUE,TRUE,-1.3648007277083047,-0.4488960126990766,-1.9583143674725043,-1.169512315049918,5338380.41075328,8672104.32354059,33.18,1104.9
Liver,N1-(2-Chlorobenzoyl)-4-[2-nitro-4-(trifluoromethyl)phenyl]piperazine-1-carboxamide,GIP,3,4,5,0.5646871746679774,-1.0582958835681906,0.5078244020537696,-0.3520136317183587,-0.6999799477753412,0.7711921372512882,3449204.0962450337,1439386.458649607,3224721.898025412,293.11333333333334,183.1375,648.106,2.1487391774708744,1.1246441990052103,1.65986582723782,FALSE,FALSE,0.5233972604943834,pearson,12,12,12,0,N/A,N/A,N/A,8,4,3,4,0.5896789999616254,0.04359134513866509,0.8342054032317431,TRUE,TRUE,-2.05982212275779,-0.4488960126990766,-2.3981818745174346,-1.169512315049918,647349.469765931,4379077.82041518,33.18,1104.9
Liver,Citronellyl propionate,GIP,3,3,5,-0.21050785302601652,1.093739827896801,-0.5299391849224676,-0.3919752378927334,-0.7696492883120454,0.6969747157228671,231246.56082143134,440151.26954201603,186032.0052022594,293.11333333333334,169.99333333333334,648.106,2.187994402616504,1.1348340747777002,1.3578290398841366,FALSE,FALSE,0.5186640666999027,pearson,11,11,12,1,2M26,2M26,N/A,8,3,3,3,-0.7070588723986035,0.01496622523448659,0.7718346777285694,TRUE,TRUE,1.4392787234467197,-0.4510528398139309,2.167780248127213,-1.1549310405074908,115794.877929983,621504.799887423,33.18,1104.9
Liver,Glutaminylhistidine,GLP-1,3,4,5,0.20504551577096825,0.857330152882875,-0.8088914317688753,-0.13343735229005657,0.7457467643623222,-0.5165350001158237,371636.94779714936,609211.7848402017,215127.66699642007,148.54000000000002,228.4175,113.734,2.0903706901153805,1.0838966469899476,1.0947328252984998,FALSE,FALSE,0.5185188694595219,pearson,12,12,13,1,2M33,N/A,2M33,8,4,3,4,0.7137331227746762,0.00913798000010051,0.7718346777285694,TRUE,TRUE,1.984845002637482,0.7707687524700032,2.368498024848761,1.277845624706336,59755.5705390243,790307.215689015,52.35,354.34
Muscle,Valylproline,GIP,3,4,5,0.1968928668333586,-1.173846002626615,0.8209410820012659,-0.3520136317183587,-0.6999799477753412,0.7711921372512882,2219001.23935998,1448275.5395926326,2643664.559912426,293.11333333333334,183.1375,648.106,2.478613083310867,1.284923100539852,1.4142155441652713,FALSE,FALSE,0.5184040660446628,pearson,12,12,12,0,N/A,N/A,N/A,8,4,3,4,0.620349617608149,0.03138479232523959,0.8053673965337975,TRUE,TRUE,-2.330780879288847,-0.4488960126990766,-2.821789545076509,-1.169512315049918,1391917.80561883,3044166.47993168,33.18,1104.9
Liver,"5-(2-Thienyl)-3,4,7,7a-tetrahydrocyclopenta[b]pyran-6(2H)-one",GIP,3,4,5,0.30758311623427703,-1.0698215727139244,0.6713073884305574,-0.3520136317183587,-0.6999799477753412,0.7711921372512882,2247833.0525270565,1555564.1263658176,2499730.264354412,293.11333333333334,183.1375,648.106,2.279446723022423,1.1806297241859574,1.420677385702595,FALSE,FALSE,0.5179457419476364,pearson,12,12,12,0,N/A,N/A,N/A,8,4,3,4,0.6737759540791374,0.01628960809866506,0.7718346777285694,TRUE,TRUE,-2.071029093903056,-0.4488960126990766,-2.4401705783433116,-1.169512315049918,1165569.56896774,2870875.54410334,33.18,1104.9
Liver,2-Hydroxyethanesulfonate,GIP,3,4,5,0.24076751630150153,-1.1418001776790014,0.7689796323623033,-0.3520136317183587,-0.6999799477753412,0.7711921372512882,85624130.72334526,42802461.2375743,111801815.06092077,293.11333333333334,183.1375,648.106,2.4115196010447613,1.2412087813901922,1.4256836905670323,FALSE,FALSE,0.5146998518496195,pearson,12,12,12,0,N/A,N/A,N/A,8,4,3,4,0.6369162953887735,0.02592678517508105,0.802990002341614,TRUE,TRUE,-2.3345239711441668,-0.4488960126990766,-2.7748726651236715,-1.169512315049918,24152243.3258532,139802096.67292,33.18,1104.9
Muscle,L-Acetylcarnitine,GIP,3,4,5,0.3659102912972117,-1.0833948398687514,0.6471696971166618,-0.3520136317183587,-0.6999799477753412,0.7711921372512882,585775762.0689213,390131880.43496525,619012352.2238082,293.11333333333334,183.1375,648.106,2.27138744392786,1.1578851639124692,1.490491838399076,FALSE,FALSE,0.5097699941099278,pearson,12,12,12,0,N/A,N/A,N/A,8,4,3,4,0.6287354844700606,0.02852810204289846,0.8053673965337975,TRUE,TRUE,-1.839087654410798,-0.4488960126990766,-2.4266032525947923,-1.169512315049918,336033458.836368,717126896.409151,33.18,1104.9
Liver,"3-Methoxyestra-1,3,5(10),16-tetraene",GIP,3,4,5,0.3831111025060414,-1.0882329106657205,0.6407196670289553,-0.3520136317183587,-0.6999799477753412,0.7711921372512882,947869.359954016,811339.1111401818,974609.5493742976,293.11333333333334,183.1375,648.106,2.27015953617332,1.1523685920582234,1.5119304753217504,FALSE,FALSE,0.5076156867815141,pearson,12,12,12,0,N/A,N/A,N/A,8,4,3,4,0.6716756889989134,0.01675382967809335,0.7718346777285694,TRUE,TRUE,-2.2733725360047723,-0.4488960126990766,-2.521772764057745,-1.169512315049918,733302.469027502,1086631.15946397,33.18,1104.9
Liver,acetyltaurine,GIP,3,4,5,0.3997083105258078,-1.0979897061336445,0.638566778591424,-0.3520136317183587,-0.6999799477753412,0.7711921372512882,1266050.4598804542,708264.9548512305,1363702.514142778,293.11333333333334,183.1375,648.106,2.2759560031780683,1.1483225013964278,1.5375889913159253,FALSE,FALSE,0.5045451229254647,pearson,12,12,12,0,N/A,N/A,N/A,8,4,3,4,0.6567159284615938,0.02034638867872138,0.7816147382241978,TRUE,TRUE,-1.874122914105253,-0.4488960126990766,-2.692169882757371,-1.169512315049918,468326.895339585,1491033.52019646,33.18,1104.9
Liver,"1-(1,2,3,4,5-Pentahydroxypent-1-yl)-1,2,3,4-tetrahydro-beta-carboline-3-carboxylate",GIP,3,4,5,-0.34109457513995556,1.137723935581491,-0.7055224033811999,-0.3520136317183587,-0.6999799477753412,0.7711921372512882,288040.1979957557,425239.1097895253,257129.3985531532,293.11333333333334,183.1375,648.106,2.3583690062967166,1.1808466629682812,1.5192053003997401,FALSE,FALSE,0.5007047920895691,pearson,12,12,12,0,N/A,N/A,N/A,8,4,3,4,-0.7347265591164024,0.00649248505323162,0.7584310403709481,TRUE,TRUE,2.0813816464464945,-0.4488960126990766,3.0663392608164353,-1.169512315049918,214875.628781435,524581.845791182,33.18,1104.9
Liver,APM,GIP,3,4,5,0.30506613260905024,-1.1917142560187692,0.7703317252495874,-0.3520136317183587,-0.6999799477753412,0.7711921372512882,530571.175589948,176561.14723438976,805293.0493418449,293.11333333333334,183.1375,648.106,2.4523400531681796,1.2157562548232461,1.5366951841178895,FALSE,FALSE,0.49575353681175244,pearson,12,12,12,0,N/A,N/A,N/A,8,4,3,4,0.7091111988694567,0.0098147422522709,0.7718346777285694,TRUE,TRUE,-4.78978704344059,-0.4488960126990766,-2.4447675861495526,-1.169512315049918,100331.5836145,1052479.4308574,33.18,1104.9
Liver,Glycylglutamine,GLP-1,3,4,5,0.16586459166420725,0.9039509032262344,-0.8226794775795054,-0.13343735229005657,0.7457467643623222,-0.5165350001158237,509508.489406477,866869.6762880435,291160.9696354164,148.54000000000002,228.4175,113.734,2.1388332625184776,1.0601807320483398,1.1479268767169193,FALSE,FALSE,0.49568180494816894,pearson,12,12,13,1,2M33,N/A,2M33,8,4,3,4,0.6753105672299184,0.01595644217832839,0.7718346777285694,TRUE,TRUE,1.7077143596094486,0.7707687524700032,2.4463948670783275,1.277845624706336,101833.259748252,1190261.55506399,52.35,354.34
Liver,asn-val,GLP-1,3,4,5,0.1660375898158744,0.875015410363901,-0.7996348821806504,-0.13343735229005657,0.7457467643623222,-0.5165350001158237,42793.0286538196,71851.6123927219,26184.991942954322,148.54000000000002,228.4175,113.734,2.097095337664364,1.038887448639897,1.12943094565487,FALSE,FALSE,0.49539352359485755,pearson,12,12,13,1,2M33,N/A,2M33,8,4,3,4,0.7457330468439344,0.00536066782537977,0.7419230451409876,TRUE,TRUE,1.2119256978865405,0.7707687524700032,1.8407428407912243,1.277845624706336,10157.6669231222,115088.548942587,52.35,354.34
Liver,N-Acetyl-L-alanine,GLP-1,3,4,5,0.14782425417877282,0.9348419539364975,-0.8365681156564718,-0.13343735229005657,0.7457467643623222,-0.5165350001158237,2293971.393280723,3286444.93475021,1539664.200779392,148.54000000000002,228.4175,113.734,2.175143417705929,1.056310629293999,1.1799837162883917,FALSE,FALSE,0.48562803753329714,pearson,12,12,13,1,2M33,N/A,2M33,8,4,3,4,0.6119198988511224,0.03445793982571539,0.8245266476332601,TRUE,TRUE,1.5553892492598351,0.7707687524700032,2.2591389693761696,1.277845624706336,1002178.5498959,3862388.54566304,52.35,354.34
Liver,N-Palmitoyl tyrosine,Glucagon,3,5,5,0.394883633986352,-0.5248907154555126,0.28796053506370267,-0.3466213775997461,0.1731868802033664,0.03478594635648152,15618785.001693837,7660208.740342693,19002302.778191995,224.83333333333334,306.004,284.392,0.824549558219724,0.3961112165171209,1.0564967954383546,FALSE,FALSE,0.4803970999297608,pearson,13,13,13,0,N/A,N/A,N/A,8,5,3,5,0.5676856232065361,0.04300039650123777,0.8342054032317431,TRUE,TRUE,-1.1056380801073922,0.8177262978081293,-1.0650687563204857,0.2722258385029136,784422.206349647,31242676.6394712,88.58,661.43
Liver,Fluoxetine,GLP-1,3,4,5,0.12309662177660737,0.8436533871758465,-0.7487806828066423,-0.13343735229005657,0.7457467643623222,-0.5165350001158237,236751.42077576733,342742.2615564495,156503.2285745207,148.54000000000002,228.4175,113.734,2.0320436806759483,0.9523307419258229,1.1367351332374829,FALSE,FALSE,0.468656629275329,pearson,12,12,13,1,2M33,N/A,2M33,8,4,3,4,0.5814624663793216,0.04736155100021395,0.8447838782623683,TRUE,TRUE,1.7520801366975591,0.7707687524700032,2.148772971093046,1.277845624706336,58726.2269192915,386811.898039637,52.35,354.34
Liver,Adenosine,GLP-1,3,4,5,0.7502261140447806,-0.7511891721714361,0.15081566931028054,-0.13343735229005657,0.7457467643623222,-0.5165350001158237,109119734.78985916,69970527.13075484,90492128.9607517,148.54000000000002,228.4175,113.734,1.5514406166497376,0.7113766154621942,1.7398886667420843,FALSE,FALSE,0.4585264868199585,pearson,12,12,13,1,2M33,N/A,2M33,8,4,3,4,-0.6596494766032159,0.01960130105128564,0.7750983613242952,TRUE,TRUE,-1.5777164604788974,0.7707687524700032,-1.196737659488282,1.277845624706336,47645631.2677416,126596662.81765,52.35,354.34
Liver,1-Octen-3-yl glucoside,Glucagon,3,4,5,-0.5391604945839684,0.7512330456442002,-0.277490139764986,-0.2556283154777509,0.024579540957604992,0.1337133565205664,23089.311346951832,31880.0088852109,24988.57509270036,224.83333333333334,267.6975,284.392,1.0344958104785895,0.46910373281987156,1.3204665582553325,FALSE,FALSE,0.45346122049817655,pearson,12,12,13,1,2M26,2M26,N/A,8,4,3,4,0.6249121536294405,0.02980621803035462,0.8053673965337975,TRUE,TRUE,1.53314058242296,0.5554877620462959,1.3303993860543093,0.03515930279436215,20239.2393740972,36721.4851902576,88.58,661.43
Liver,asn-phe,GLP-1,3,4,5,0.06879602466894502,1.0007331135898054,-0.8418641056732024,-0.13343735229005657,0.7457467643623222,-0.5165350001158237,210929.413894807,313867.12560787075,148857.67776980472,148.54000000000002,228.4175,113.734,2.233499443780954,0.9879603639642697,1.281199222868993,FALSE,FALSE,0.44233741213376454,pearson,12,12,13,1,2M33,N/A,2M33,8,4,3,4,0.6312912868284134,0.02769606778857894,0.8053673965337975,TRUE,TRUE,1.637117154182025,0.7707687524700032,2.441339635062198,1.277845624706336,93799.4120420947,399851.062285016,52.35,354.34
Muscle,Tiformin,GLP-1,3,4,5,-0.07805344321447748,-0.8649383374257021,0.738782735869247,-0.13343735229005657,0.7457467643623222,-0.5165350001158237,3771987.3108775904,1009751.5322905427,4944690.721175294,148.54000000000002,228.4175,113.734,2.040900912309161,0.9022112564304071,1.1798951426765152,FALSE,FALSE,0.44206519336091016,pearson,12,12,13,1,2M33,N/A,2M33,8,4,3,4,-0.6892464196269373,0.01315595018645833,0.7718346777285694,TRUE,TRUE,-1.235174344763184,0.7707687524700032,-2.0374154046626893,1.277845624706336,360067.708574422,7342480.5867925,52.35,354.34
Liver,thr-arg,GLP-1,3,4,5,0.024269818521447033,1.0340533637701106,-0.8418045821289709,-0.13343735229005657,0.7457467643623222,-0.5165350001158237,800760.8737001204,1232849.6070468216,581261.8216524294,148.54000000000002,228.4175,113.734,2.261017091073569,0.9470209476202816,1.338890405981305,FALSE,FALSE,0.4188473193586609,pearson,12,12,13,1,2M33,N/A,2M33,8,4,3,4,0.5942965288913721,0.04156845410207063,0.8342054032317431,TRUE,TRUE,1.803015635174868,0.7707687524700032,2.628706795882166,1.277845624706336,373940.027570502,1584283.46042188,52.35,354.34
Liver,arg-gln,GLP-1,3,4,5,-0.02787824069602683,1.066923883275343,-0.836812162202657,-0.13343735229005657,0.7457467643623222,-0.5165350001158237,394661.0441490003,798013.4703587717,254250.94959036278,148.54000000000002,228.4175,113.734,2.2841992434519094,0.8950630688022662,1.4041212204172564,FALSE,FALSE,0.39184982280689146,pearson,12,12,13,1,2M33,N/A,2M33,8,4,3,4,0.6499153521654749,0.0221529258436531,0.7876744772888639,TRUE,TRUE,2.013640428565973,0.7707687524700032,2.8560425114796395,1.277845624706336,152492.9840827,1067157.76677445,52.35,354.34
Liver,4-Pyridoxic acid,GLP-1,3,4,5,-0.028211029003369803,1.0383301118626242,-0.8137374720880767,-0.13343735229005657,0.7457467643623222,-0.5165350001158237,250348.29938428843,534420.2013641788,102891.10517924806,148.54000000000002,228.4175,113.734,2.2413187163933306,0.8739654458586715,1.3821992317077736,FALSE,FALSE,0.38993358662753375,pearson,12,12,13,1,2M33,N/A,2M33,8,4,3,4,0.6016435492100846,0.03848846990441929,0.8284645979623956,TRUE,TRUE,1.4416827750769663,0.7707687524700032,2.42872692246916,1.277845624706336,67240.3142811666,813230.766803928,52.35,354.34
Liver,7-Dehydrocholesterol,Secretin,3,4,5,-0.5312054706423203,0.6341748460532164,-0.18861659445718063,0.09346372987700705,-0.29326928184789436,0.17853718755211143,1575163.6466316413,3250836.08590998,1604171.2849236906,39.31666666666667,32.71,40.77,0.9484656552268368,0.3529938119664348,1.2278736518466393,FALSE,FALSE,0.3721735310299793,pearson,12,12,12,0,N/A,N/A,N/A,8,4,3,4,-0.7734533492254376,0.00316675625995176,0.6776185814384534,TRUE,TRUE,1.264036217274051,-0.34464222725767063,1.4572224355520798,-0.42963057685424855,73098.5678605151,3790011.40724107,11.69,60.26
Liver,Taurine,Glucagon,3,5,5,0.3154170902680216,-0.6305363061445993,0.4412860519837305,-0.3466213775997461,0.1731868802033664,0.03478594635648152,1941509661.9258132,1650094177.638772,2004160602.036278,224.83333333333334,306.004,284.392,1.0807210490563526,0.40163981661538656,1.0793648377934497,FALSE,FALSE,0.3716405976973283,pearson,13,13,13,0,N/A,N/A,N/A,8,5,3,5,-0.596914124536914,0.03125625387078539,0.8053673965337975,TRUE,TRUE,-1.2117411820850763,0.8177262978081293,-1.1824225573067126,0.2722258385029136,1361439116.34375,2298854829.99684,88.58,661.43
Liver,Tetracosanoic acid,GLP-1,3,4,5,-0.03231310853717658,0.7620391198314396,-0.5902434307428495,-0.13343735229005657,0.7457467643623222,-0.5165350001158237,956174.8321496913,1432709.2851174667,800819.7421713563,148.54000000000002,228.4175,113.734,1.8498711710607758,0.6767939510709011,1.18488825367121,FALSE,FALSE,0.3658600456391813,pearson,12,12,13,1,2M33,N/A,2M33,8,4,3,4,0.8286011123391835,8.670011514705099e-4,0.5993076568054627,TRUE,TRUE,1.0671757961318848,0.7707687524700032,1.394379340185114,1.277845624706336,531323.093173502,2086885.30140973,52.35,354.34
Liver,"1-(4,7-Dihydro-5H-thieno[2,3-c]pyran-7-yl)-N-methylmethanamine",GLP-1,3,4,5,-0.041919260068634036,0.7745159904397997,-0.5944612363106556,-0.13343735229005657,0.7457467643623222,-0.5165350001158237,659010.4809361267,964099.1846692379,531101.8285567908,148.54000000000002,228.4175,113.734,1.8621100666435992,0.6723588649516523,1.1998046629541796,FALSE,FALSE,0.36107364274312753,pearson,12,12,13,1,2M33,N/A,2M33,8,4,3,4,0.6069290618285832,0.03637568571064403,0.8254855449604329,TRUE,TRUE,1.1600441425033583,0.7707687524700032,1.7241175106176478,1.277845624706336,228974.523025396,1235134.74352529,52.35,354.34
Liver,"5,6-Dihydrouridine",GLP-1,3,4,5,0.07408848977445519,-0.967712169783048,0.7297166419617794,-0.13343735229005657,0.7457467643623222,-0.5165350001158237,157680997.12715468,114803151.63803264,196267517.8043806,148.54000000000002,228.4175,113.734,2.115329719896054,0.7593497756042341,1.363199664476291,FALSE,FALSE,0.35897466407343254,pearson,12,12,13,1,2M33,N/A,2M33,8,4,3,4,-0.643571438017755,0.02394087825519394,0.796407168189471,TRUE,TRUE,-1.7115506227930466,0.7707687524700032,-1.9010803527870543,1.277845624706336,77308935.8623596,227387858.896672,52.35,354.34
Muscle,Muscimol,GLP-1,3,4,5,-0.08547751229357353,1.0128945520752786,-0.7590291342840825,-0.13343735229005657,0.7457467643623222,-0.5165350001158237,63335.077311283196,157125.51923272188,39014.12622144512,148.54000000000002,228.4175,113.734,2.1755617213068006,0.7748777937556869,1.4069065010723767,FALSE,FALSE,0.3561736659395896,pearson,12,12,13,1,2M33,N/A,2M33,8,4,3,4,0.6492922195160327,0.0223240997726619,0.7885430256255713,TRUE,TRUE,1.37498816303573,0.7707687524700032,2.1384193725886753,1.277845624706336,24812.6728353159,242707.774323201,52.35,354.34
Liver,N-Methyl-D-aspartic acid,GLP-1,3,4,5,0.7582789748516408,-0.9201848470722779,0.2811804927468379,-0.13343735229005657,0.7457467643623222,-0.5165350001158237,5616624.8236347865,3711675.70644206,4932164.506610902,148.54000000000002,228.4175,113.734,1.7425940240494229,0.6118715301403901,1.8947837640430825,FALSE,FALSE,0.3511268383203387,pearson,12,12,13,1,2M33,N/A,2M33,8,4,3,4,-0.6351558283566984,0.02647145800223281,0.802990002341614,TRUE,TRUE,-1.663045803900153,0.7707687524700032,-1.6231498596881395,1.277845624706336,2593214.22467201,6261680.08729002,52.35,354.34
Liver,7-Dehydrocholesterol,GLP-1,3,4,5,-0.5312054706423203,0.6341748460532164,-0.18861659445718063,-0.13343735229005657,0.7457467643623222,-0.5165350001158237,1575163.6466316413,3250836.08590998,1604171.2849236906,148.54000000000002,228.4175,113.734,1.5067650803994748,0.5139367138621568,1.459820534694321,FALSE,FALSE,0.3410861590486962,pearson,12,12,13,1,2M33,2M33,2M33,8,4,3,4,0.721485900578551,0.00808176519935756,0.7718346777285694,TRUE,TRUE,1.264036217274051,0.7707687524700032,1.4572224355520798,1.277845624706336,73098.5678605151,3790011.40724107,52.35,354.34
Muscle,Valerylcarnitine,GLP-1,3,3,5,-0.7631923312350521,1.2018082992769858,-0.2631695808251702,-0.05783714213451735,0.784573263183481,-0.43604167262937843,1726622.7587696237,5127106.676350157,2169902.863802374,148.54000000000002,226.06666666666666,113.734,1.9068458277265203,0.6269461043935926,2.1379622936106104,FALSE,FALSE,0.32878699225573105,pearson,11,11,13,2,2M26;2M33,2M26,2M33,8,3,3,3,0.7414188878599978,0.00901715135793797,0.7718346777285694,TRUE,TRUE,2.3440027347956587,0.6695208026088053,2.9334608980377186,1.1848510171297986,846175.692281791,7046960.66926989,52.35,354.34
Liver,Gly-Leu,GLP-1,3,4,5,-0.16539865807988233,0.9779740993225796,-0.6831400846101365,-0.13343735229005657,0.7457467643623222,-0.5165350001158237,1619418.7402574525,2645694.02783701,1097320.9562408319,148.54000000000002,228.4175,113.734,2.0863018921039482,0.6440652082788031,1.442312716904324,FALSE,FALSE,0.3087114145447523,pearson,12,12,13,1,2M33,N/A,2M33,8,4,3,4,0.6866088786524803,0.0136556908304206,0.7718346777285694,TRUE,TRUE,1.5251573084381622,0.7707687524700032,2.419846466788753,1.277845624706336,645161.297144888,2961345.84480331,52.35,354.34
Liver,"5-(2-Thienyl)-3,4,7,7a-tetrahydrocyclopenta[b]pyran-6(2H)-one",GLP-1,3,4,5,0.2294452142610514,-0.9123967676652358,0.5922502855755623,-0.13343735229005657,0.7457467643623222,-0.5165350001158237,2247833.0525270565,1692342.5501303575,2499730.264354412,148.54000000000002,228.4175,113.734,1.9640056027823032,0.5276280200493172,1.4410995186534397,FALSE,FALSE,0.268648938323727,pearson,12,12,13,1,2M33,N/A,2M33,8,4,3,4,-0.641482200552402,0.02455198290680278,0.8001162917927692,TRUE,TRUE,-1.1893265859541813,0.7707687524700032,-1.7068460629253497,1.277845624706336,1165569.56896774,2870875.54410334,52.35,354.34
Liver,Homocitrulline,GLP-1,3,4,5,0.26970353123732527,-1.1182314193563323,0.7327630167426714,-0.13343735229005657,0.7457467643623222,-0.5165350001158237,1390634.5566751112,603422.0583745366,1630218.821375352,148.54000000000002,228.4175,113.734,2.2404320242764633,0.6009890971441256,1.6429632187158794,FALSE,FALSE,0.26824696783122093,pearson,12,12,13,1,2M33,N/A,2M33,8,4,3,4,-0.6180531928406663,0.03220163990043689,0.8053673965337975,TRUE,TRUE,-1.491516876789984,0.7707687524700032,-2.226528861777165,1.277845624706336,393725.58925547,2327872.11571454,52.35,354.34
Liver,Heptaethylene glycol,GLP-1,3,3,4,0.13036919038159467,-0.5655849330588277,0.3264118070079164,-0.1807142440051598,1.0182844242600253,-0.6281776351911488,636525.0867036156,556701.9184499846,687863.8002983353,148.54000000000002,267.13,104.2825,1.8725638834234468,0.4885245070468424,1.3863440945289933,FALSE,FALSE,0.2608853622412685,pearson,10,10,13,3,2M22;2M33;4M1,2M22;4M1,2M33,7,3,3,3,-0.7017369924857253,0.02370591008455512,0.796407168189471,TRUE,TRUE,-0.3543080132989547,1.2550142910591473,-0.6157425906202819,1.9276049599067415,233097.202033074,840265.409326271,52.35,354.34
Liver,"PC(18:2(9Z,12Z)/16:1(9Z))",GLP-1,3,3,5,-0.7497579729559899,1.3263333957657928,-0.34594525368586865,-0.07990529270035521,0.8315713958305413,-0.4509996618781116,99517.462516122,192053.70553887298,112770.05370251271,148.54000000000002,234.03,113.734,2.107487698536759,0.548430253614593,2.2673652385569323,FALSE,FALSE,0.2602293973034202,pearson,11,11,13,2,2M23;2M33,2M23,2M33,8,3,3,3,0.6041376755666571,0.0490103094192629,0.8541690911969478,TRUE,TRUE,2.8533148979044403,0.7404468573589411,3.405313955388747,1.2830568246908565,88196.3477816279,234961.420982611,52.35,354.34
Liver,nicotinamide hypoxanthine dinucleotide,GLP-1,3,4,5,0.26307550621988546,-0.992332677616348,0.6360208383611495,-0.13343735229005657,0.7457467643623222,-0.5165350001158237,189535.69422018132,155128.93773707098,202473.911780819,148.54000000000002,228.4175,113.734,2.0603131863700574,0.5346513149105623,1.5326494768918344,FALSE,FALSE,0.25950002089368385,pearson,12,12,13,1,2M33,N/A,2M33,8,4,3,4,-0.5797854473069743,0.04815838628573223,0.8495351525667997,TRUE,TRUE,-1.8725541565945112,0.7707687524700032,-1.9987649927783355,1.277845624706336,125717.870779968,236592.737142381,52.35,354.34
Muscle,PC(18:1(9Z)/15:0),GLP-1,3,3,5,-0.3785587694195417,0.5804774740938806,-0.12115122280460007,-0.17587809058579268,1.086536404782652,-0.5463949885181149,3394773.2816911633,4187459.7406853563,3448694.289300918,148.54000000000002,267.13,113.734,1.7772866295391532,0.4511556457673052,1.585383510223536,FALSE,FALSE,0.25384518077665896,pearson,11,11,13,2,2M22;2M33,2M22,2M33,8,3,3,3,0.7262808016918482,0.01137155411454149,0.7718346777285694,TRUE,TRUE,0.6691907803579955,1.2550142910591473,0.9235501614080552,1.978799296740052,2112525.6160245,4907289.55692633,52.35,354.34
Liver,"DG(14:0/18:3(9Z,12Z,15Z)/0:0)",GLP-1,3,4,5,0.30735288049242376,-1.0154714988756017,0.6279654708050251,-0.13343735229005657,0.7457467643623222,-0.5165350001158237,120970.456362703,49376.13779943292,155169.58764292102,148.54000000000002,228.4175,113.734,2.072254889304668,0.4995560437394301,1.5883416035677669,FALSE,FALSE,0.24106882136832739,pearson,12,12,13,1,2M33,N/A,2M33,8,4,3,4,-0.5843080777945011,0.04603079100670233,0.8423081545572892,TRUE,TRUE,-1.5379580862862796,0.7707687524700032,-1.6517030899106204,1.277845624706336,20252.9012700175,247487.492664017,52.35,354.34
Liver,5-Hydroxymethyl-dC,GLP-1,3,4,5,-0.30006267682899324,0.9506219342666253,-0.5804599413159042,-0.13343735229005657,0.7457467643623222,-0.5165350001158237,218495.91267482034,299497.87069954973,203357.2078597896,148.54000000000002,228.4175,113.734,1.9843303562339054,0.4747488111637333,1.5287827535020215,FALSE,FALSE,0.23924887792613686,pearson,12,12,13,1,2M33,N/A,2M33,8,4,3,4,0.6272677818243021,0.02901397601645342,0.8053673965337975,TRUE,TRUE,1.8911791114535712,0.7707687524700032,2.233777264535634,1.277845624706336,137201.973861256,335875.464703834,52.35,354.34
Liver,PC(18:1(9Z)/15:0),GLP-1,3,4,5,-0.3027262298615105,0.6588183111091953,-0.3454189109704529,-0.13343735229005657,0.7457467643623222,-0.5165350001158237,1374207.2352341292,4404174.10953552,2112303.476310985,148.54000000000002,228.4175,113.734,1.6130243802076614,0.3854691593239403,1.3028939386014462,FALSE,FALSE,0.23897292815519308,pearson,12,12,13,1,2M33,N/A,2M33,8,4,3,4,0.6555678720992354,0.02064353625583282,0.7830547388068597,TRUE,TRUE,1.7666887592317608,0.7707687524700032,1.6098792794563663,1.277845624706336,61135.1405511162,7026831.57352176,52.35,354.34
Liver,Phosphocreatinine,GLP-1,3,3,5,-0.19516699256017558,1.332931989323834,-0.6826589980582133,-0.17587809058579268,1.086536404782652,-0.5463949885181149,744353.3878687713,1174688.861805509,645115.9672873825,148.54000000000002,267.13,113.734,2.594045482184713,0.6123162802652643,1.9821142390264268,FALSE,FALSE,0.23604685595164263,pearson,11,11,13,2,2M22;2M33,2M22,2M33,8,3,3,3,0.6868139788074938,0.01956784458313627,0.7750983613242952,TRUE,TRUE,2.2424173875793407,1.2550142910591473,3.435389991580499,1.978799296740052,549002.674660773,1373280.86852517,52.35,354.34
Liver,Asparaginylglutamic acid,GLP-1,3,4,5,0.3133371662873307,-0.8369529426617108,0.4815600543569559,-0.13343735229005657,0.7457467643623222,-0.5165350001158237,627752.867661448,442592.346521967,664568.4083664335,148.54000000000002,228.4175,113.734,1.8253305936846642,0.4184050045591246,1.4478024885044996,FALSE,FALSE,0.22922149335946887,pearson,12,12,13,1,2M33,N/A,2M33,8,4,3,4,-0.5974363345238088,0.04023156831793829,0.8341783073478718,TRUE,TRUE,-1.1972640690073344,0.7707687524700032,-1.4538999247664215,1.277845624706336,239925.141648071,903717.696877614,52.35,354.34
Liver,Mandelic acid,GLP-1,3,3,5,-0.70698322765758,1.3518396990647563,-0.3869138828443084,-0.07990529270035521,0.8315713958305413,-0.4509996618781116,174397.35081694633,336003.15810676635,192419.23484148982,148.54000000000002,234.03,113.734,2.1606139258723425,0.4900565440075604,2.251564255652673,FALSE,FALSE,0.2268135635614314,pearson,11,11,13,2,2M23;2M33,2M23,2M33,8,3,3,3,0.6494118717517775,0.03058684161999915,0.8053673965337975,TRUE,TRUE,2.851972279289861,0.7404468573589411,3.577308695260302,1.2830568246908565,155168.465037419,411071.368094124,52.35,354.34
Liver,1-O-{[1-Methyl-5-(4-methylbenzoyl)-1H-pyrrol-2-yl]acetyl}-β-D-glucopyranuronic acid,GLP-1,3,4,5,-0.5777861202518686,0.9605507137000131,-0.42176889880889207,-0.13343735229005657,0.7457467643623222,-0.5165350001158237,38550.575400151196,84050.36748597883,37598.886945482176,148.54000000000002,228.4175,113.734,1.8719409082716343,0.41364862039709765,1.7718478844604362,FALSE,FALSE,0.22097311863279917,pearson,12,12,13,1,2M33,N/A,2M33,8,4,3,4,0.6532314081620829,0.02125803775590757,0.7876744772888639,TRUE,TRUE,2.142110047427555,0.7707687524700032,2.7568607847379183,1.277845624706336,13260.0867447552,107602.464573013,52.35,354.34
Muscle,Octyl hydrogen phthalate,GLP-1,3,4,5,0.3546444705327528,-0.9105149058533706,0.515625242363062,-0.13343735229005657,0.7457467643623222,-0.5165350001158237,8477647.439304397,5552490.48857084,8900318.257569486,148.54000000000002,228.4175,113.734,1.9045290691635162,0.4155461667116152,1.5406469286087414,FALSE,FALSE,0.21818840858865246,pearson,12,12,13,1,2M33,N/A,2M33,8,4,3,4,-0.6867911219609589,0.01362071684113229,0.7718346777285694,TRUE,TRUE,-1.3648982831059606,0.7707687524700032,-1.6880514735584675,1.277845624706336,3474491.42002431,11653425.6551243,52.35,354.34
Liver,NP-004713,GLP-1,3,4,5,0.44172438489978216,-0.8580427662359578,0.42139958204890254,-0.13343735229005657,0.7457467643623222,-0.5165350001158237,996769.184958181,823862.09270753,989812.5967788168,148.54000000000002,228.4175,113.734,1.7973113184751102,0.3836364234279151,1.5691906697866074,FALSE,FALSE,0.21345017943435815,pearson,12,12,13,1,2M33,N/A,2M33,8,4,3,4,-0.619697516200342,0.03161521646388588,0.8053673965337975,TRUE,TRUE,-1.3031567372955208,0.7707687524700032,-1.5415777614754844,1.277845624706336,681771.079388624,1166474.02592916,52.35,354.34
Liver,Furazolidone,GLP-1,3,3,5,0.15064689340321719,-0.6826698492918786,0.31921377353319474,-0.17587809058579268,1.086536404782652,-0.5463949885181149,647582.9008299636,140998.9197402842,653551.8017763864,148.54000000000002,267.13,113.734,1.9157859298241746,0.407059657458394,1.5126490510929258,FALSE,FALSE,0.212476587869999,pearson,11,11,13,2,2M22;2M33,2M22;2M33,2M33,8,3,3,3,-0.7499595523949585,0.0078576155318051,0.7718346777285694,TRUE,TRUE,-0.9071509918407852,1.2550142910591473,-0.94465205195684,1.978799296740052,52888.6703760256,1543123.86732205,52.35,354.34
Liver,Tepilamide fumarate,GLP-1,3,4,5,0.3805628996533764,-1.00247741904664,0.5736441954452846,-0.13343735229005657,0.7457467643623222,-0.5165350001158237,203831.52502922734,144809.1914812125,215183.1364797988,148.54000000000002,228.4175,113.734,2.019285664932699,0.4290037232406238,1.6388304470333916,FALSE,FALSE,0.21245321090065883,pearson,12,12,13,1,2M33,N/A,2M33,8,4,3,4,-0.668119848074932,0.01756182562977517,0.7718346777285694,TRUE,TRUE,-1.5328312689326515,0.7707687524700032,-2.0540199896155937,1.277845624706336,110153.374844151,248160.205131405,52.35,354.34
Muscle,S-Carboxymethyl-L-cysteine,GLP-1,3,4,2,0.3465144177365347,-0.5933642144824769,0.6669568023601518,-0.36944399203001693,0.4915550103377952,-0.4289440326305657,204937.2451701645,89344.8677604971,227661.4169185,148.54000000000002,228.4175,143.01999999999998,1.5606817592324533,0.3259195862398225,1.274633722047337,FALSE,FALSE,0.20883154705422483,pearson,9,9,13,4,2M33;4M3;4M4;4M5,4M3;4M4;4M5,2M33,5,4,3,4,-0.7108885403488496,0.03180173278034896,0.8053673965337975,TRUE,TRUE,-1.208519529282726,0.7707687524700032,-1.280387151874994,0.9356133525593532,53032.6809014231,338647.282084007,52.35,354.34
Liver,Nonadecenoic acid,GLP-1,3,4,5,-0.3959141820149203,1.0121441231109822,-0.572166789279815,-0.13343735229005657,0.7457467643623222,-0.5165350001158237,1825162.8878794566,3011870.05915675,1700859.810983292,148.54000000000002,228.4175,113.734,2.025684160982314,0.42169750928516125,1.6599978619286992,FALSE,FALSE,0.2081753500410783,pearson,12,12,13,1,2M33,2M33,2M33,8,4,3,4,0.7929610294331424,0.00209151655921454,0.6423820927965666,TRUE,TRUE,1.59140994293417,0.7707687524700032,2.2040009552976967,1.277845624706336,1198924.0188896,4057444.90687358,52.35,354.34
Liver,N1-(2-Chlorobenzoyl)-4-[2-nitro-4-(trifluoromethyl)phenyl]piperazine-1-carboxamide,GLP-1,3,4,5,0.5287835990664167,-0.9870797866626697,0.4723936698902948,-0.13343735229005657,0.7457467643623222,-0.5165350001158237,3449204.0962450337,1592350.8979149144,3224721.898025412,148.54000000000002,228.4175,113.734,1.9296160300217036,0.38722555685559223,1.7523716829394023,FALSE,FALSE,0.2006749274627641,pearson,12,12,13,1,2M33,N/A,2M33,8,4,3,4,-0.7489395432262799,0.00506086826676959,0.7273700474951355,TRUE,TRUE,-1.6546399685284083,0.7707687524700032,-1.967252952229834,1.277845624706336,647349.469765931,4379077.82041518,52.35,354.34
Liver,N-(4-Carboxy-4-oxobutanoyl)-L-cysteinylglycine,GLP-1,3,4,5,0.61636086452849,-1.0969457782891183,0.5077401039141888,-0.13343735229005657,0.7457467643623222,-0.5165350001158237,966305.3815386277,712508.702214644,939730.6847971174,148.54000000000002,228.4175,113.734,2.041659137436185,0.3981987913166799,1.9257165843645756,FALSE,FALSE,0.19503686193999958,pearson,12,12,13,1,2M33,N/A,2M33,8,4,3,4,-0.7068381939644399,0.01016093356436996,0.7718346777285694,TRUE,TRUE,-2.1650548145357207,0.7707687524700032,-2.4146095516226036,1.277845624706336,684628.312988854,1142172.97345517,52.35,354.34
Liver,lifarizine,GLP-1,3,3,5,-0.3823973121184375,1.02299776587521,-0.3843602722540618,-0.17587809058579268,1.086536404782652,-0.5463949885181149,1122619.7983759907,5532357.07983939,1361774.661938119,148.54000000000002,267.13,113.734,2.1557183449407895,0.37052209767554334,1.88913358007451,FALSE,FALSE,0.17187871437152907,pearson,11,11,13,2,2M22;2M33,2M22,2M33,8,3,3,3,0.6725492150743491,0.02336340004990911,0.7938359097329524,TRUE,TRUE,2.943097494487408,1.2550142910591473,3.82283530068453,1.978799296740052,87609.4410233947,7356767.39622595,52.35,354.34
Liver,Tepilamide fumarate,Secretin,3,4,5,0.3805628996533764,-1.00247741904664,0.5736441954452846,0.09346372987700705,-0.29326928184789436,0.17853718755211143,203831.52502922734,144809.1914812125,215183.1364797988,39.31666666666667,32.71,40.77,1.6452235982492864,0.21099260647112758,1.4360929445922557,FALSE,FALSE,0.12824555075410346,pearson,12,12,12,0,N/A,N/A,N/A,8,4,3,4,0.7088045802518003,0.0098609216232947,0.7718346777285694,TRUE,TRUE,-1.5328312689326515,-0.34464222725767063,-2.0540199896155937,-0.42963057685424855,110153.374844151,248160.205131405,11.69,60.26
Muscle,Octyl hydrogen phthalate,Secretin,3,4,5,0.3546444705327528,-0.9105149058533706,0.515625242363062,0.09346372987700705,-0.29326928184789436,0.17853718755211143,8477647.439304397,5552490.48857084,8900318.257569486,39.31666666666667,32.71,40.77,1.502157470747487,0.18207773642013414,1.3229477200613549,FALSE,FALSE,0.12121081841674737,pearson,12,12,12,0,N/A,N/A,N/A,8,4,3,4,0.7099799709978714,0.00968477251088853,0.7718346777285694,TRUE,TRUE,-1.3648982831059606,-0.34464222725767063,-1.6880514735584675,-0.42963057685424855,3474491.42002431,11653425.6551243,11.69,60.26
Liver,"1,25-Dihydroxyvitamin D3-26,23-lactone",Glucagon,3,5,N/A,-0.7657435385984039,0.45944612315904265,N/A,-0.5020594774120394,0.30123568644722376,N/A,16150.017614156397,39872.39559543974,N/A,224.83333333333334,306.004,N/A,N/A,N/A,1.4650504522223822,N/A,N/A,N/A,pearson,8,8,13,5,4M1;4M2;4M3;4M4;4M5,4M1;4M2;4M3;4M4;4M5,N/A,3,5,3,5,0.8568100864251287,0.00657402957748777,0.7584310403709481,TRUE,TRUE,1.3986375382556877,0.8177262978081293,1.3986375382556877,0.8177262978081293,7075.36755023549,68316.5026326825,173.25,459.23
