plate,assay_group,well_id,raw_sample_id,sample,sample_suffix,sampling_tissue,sampling_time,sampling_month,diet,cohort,animal,age,group,cytokine,concentration_pg_ml,mfi
Plate 1,Unknown Group 1,21,1M1_sys_sac,1M1,sys_sac,systemic blood,sacrificed sample,N/A,CD,1,1,Old,Old CD,GDF-15,211.207241239182,41521.44922
Plate 1,Unknown Group 1,21,1M1_sys_sac,1M1,sys_sac,systemic blood,sacrificed sample,N/A,CD,1,1,Old,Old CD,IFN-gamma,N/A,1301.28516
Plate 1,Unknown Group 1,21,1M1_sys_sac,1M1,sys_sac,systemic blood,sacrificed sample,N/A,CD,1,1,Old,Old CD,IL-10,N/A,3000.12158
Plate 1,Unknown Group 1,21,1M1_sys_sac,1M1,sys_sac,systemic blood,sacrificed sample,N/A,CD,1,1,Old,Old CD,IL-17A,N/A,2949.06494
Plate 1,Unknown Group 1,21,1M1_sys_sac,1M1,sys_sac,systemic blood,sacrificed sample,N/A,CD,1,1,Old,Old CD,IL-17F,N/A,2160.61011
Plate 1,Unknown Group 1,21,1M1_sys_sac,1M1,sys_sac,systemic blood,sacrificed sample,N/A,CD,1,1,Old,Old CD,IL-1a,27.047904889534404,4371.66211
Plate 1,Unknown Group 1,21,1M1_sys_sac,1M1,sys_sac,systemic blood,sacrificed sample,N/A,CD,1,1,Old,Old CD,IL-6,N/A,2994.68921
Plate 1,Unknown Group 1,21,1M1_sys_sac,1M1,sys_sac,systemic blood,sacrificed sample,N/A,CD,1,1,Old,Old CD,IL-7,0.5260265691194683,2754.07422
Plate 1,Unknown Group 1,21,1M1_sys_sac,1M1,sys_sac,systemic blood,sacrificed sample,N/A,CD,1,1,Old,Old CD,TNF-alpha,12.432597779048182,1797.13232
Plate 1,Unknown Group 1,28,1M10_sys_sac,1M10,sys_sac,systemic blood,sacrificed sample,N/A,CD,1,10,Old,Old CD,GDF-15,191.694515799697,38038.52734
Plate 1,Unknown Group 1,28,1M10_sys_sac,1M10,sys_sac,systemic blood,sacrificed sample,N/A,CD,1,10,Old,Old CD,IFN-gamma,11.89636537814015,1774.01648
Plate 1,Unknown Group 1,28,1M10_sys_sac,1M10,sys_sac,systemic blood,sacrificed sample,N/A,CD,1,10,Old,Old CD,IL-10,N/A,3077.13867
Plate 1,Unknown Group 1,28,1M10_sys_sac,1M10,sys_sac,systemic blood,sacrificed sample,N/A,CD,1,10,Old,Old CD,IL-17A,N/A,3274.44531
Plate 1,Unknown Group 1,28,1M10_sys_sac,1M10,sys_sac,systemic blood,sacrificed sample,N/A,CD,1,10,Old,Old CD,IL-17F,N/A,2097.13086
Plate 1,Unknown Group 1,28,1M10_sys_sac,1M10,sys_sac,systemic blood,sacrificed sample,N/A,CD,1,10,Old,Old CD,IL-1a,43.16497966343571,5876.31543
Plate 1,Unknown Group 1,28,1M10_sys_sac,1M10,sys_sac,systemic blood,sacrificed sample,N/A,CD,1,10,Old,Old CD,IL-6,N/A,1981.80176
Plate 1,Unknown Group 1,28,1M10_sys_sac,1M10,sys_sac,systemic blood,sacrificed sample,N/A,CD,1,10,Old,Old CD,IL-7,0.7405736828103748,2955.22656
Plate 1,Unknown Group 1,28,1M10_sys_sac,1M10,sys_sac,systemic blood,sacrificed sample,N/A,CD,1,10,Old,Old CD,TNF-alpha,10.614561375999653,1675.87781
Plate 1,Unknown Group 1,29,1M11_sys_sac,1M11,sys_sac,systemic blood,sacrificed sample,N/A,CD,1,11,Old,Old CD,GDF-15,539.328470549919,98638.07812
Plate 1,Unknown Group 1,29,1M11_sys_sac,1M11,sys_sac,systemic blood,sacrificed sample,N/A,CD,1,11,Old,Old CD,IFN-gamma,713.1829157063515,25376.40039
Plate 1,Unknown Group 1,29,1M11_sys_sac,1M11,sys_sac,systemic blood,sacrificed sample,N/A,CD,1,11,Old,Old CD,IL-10,110.0939358114998,4715.10449
Plate 1,Unknown Group 1,29,1M11_sys_sac,1M11,sys_sac,systemic blood,sacrificed sample,N/A,CD,1,11,Old,Old CD,IL-17A,23.08889328923793,3471.62329
Plate 1,Unknown Group 1,29,1M11_sys_sac,1M11,sys_sac,systemic blood,sacrificed sample,N/A,CD,1,11,Old,Old CD,IL-17F,N/A,2514.80298
Plate 1,Unknown Group 1,29,1M11_sys_sac,1M11,sys_sac,systemic blood,sacrificed sample,N/A,CD,1,11,Old,Old CD,IL-1a,59.92745438884733,7463.83984
Plate 1,Unknown Group 1,29,1M11_sys_sac,1M11,sys_sac,systemic blood,sacrificed sample,N/A,CD,1,11,Old,Old CD,IL-6,N/A,2763.97388
Plate 1,Unknown Group 1,29,1M11_sys_sac,1M11,sys_sac,systemic blood,sacrificed sample,N/A,CD,1,11,Old,Old CD,IL-7,0.2533119267556477,2492.90942
Plate 1,Unknown Group 1,29,1M11_sys_sac,1M11,sys_sac,systemic blood,sacrificed sample,N/A,CD,1,11,Old,Old CD,TNF-alpha,27.171666529570203,2836.47363
Plate 1,Unknown Group 1,22,1M2_sys_sac,1M2,sys_sac,systemic blood,sacrificed sample,N/A,CD,1,2,Old,Old CD,GDF-15,253.722187768351,49065.11719
Plate 1,Unknown Group 1,22,1M2_sys_sac,1M2,sys_sac,systemic blood,sacrificed sample,N/A,CD,1,2,Old,Old CD,IFN-gamma,N/A,1318.03247
Plate 1,Unknown Group 1,22,1M2_sys_sac,1M2,sys_sac,systemic blood,sacrificed sample,N/A,CD,1,2,Old,Old CD,IL-10,N/A,3212.24561
Plate 1,Unknown Group 1,22,1M2_sys_sac,1M2,sys_sac,systemic blood,sacrificed sample,N/A,CD,1,2,Old,Old CD,IL-17A,24.97808587839473,3499.0564
Plate 1,Unknown Group 1,22,1M2_sys_sac,1M2,sys_sac,systemic blood,sacrificed sample,N/A,CD,1,2,Old,Old CD,IL-17F,N/A,2434.84814
Plate 1,Unknown Group 1,22,1M2_sys_sac,1M2,sys_sac,systemic blood,sacrificed sample,N/A,CD,1,2,Old,Old CD,IL-1a,78.39500127547089,9231.50195
Plate 1,Unknown Group 1,22,1M2_sys_sac,1M2,sys_sac,systemic blood,sacrificed sample,N/A,CD,1,2,Old,Old CD,IL-6,75.31974870751489,4844.49316
Plate 1,Unknown Group 1,22,1M2_sys_sac,1M2,sys_sac,systemic blood,sacrificed sample,N/A,CD,1,2,Old,Old CD,IL-7,2.139731529197071,4224.03223
Plate 1,Unknown Group 1,22,1M2_sys_sac,1M2,sys_sac,systemic blood,sacrificed sample,N/A,CD,1,2,Old,Old CD,TNF-alpha,31.921629988306496,3186.75659
Plate 1,Unknown Group 1,23,1M4_sys_sac,1M4,sys_sac,systemic blood,sacrificed sample,N/A,CD,1,4,Old,Old CD,GDF-15,286.128984326697,54778.875
Plate 1,Unknown Group 1,23,1M4_sys_sac,1M4,sys_sac,systemic blood,sacrificed sample,N/A,CD,1,4,Old,Old CD,IFN-gamma,N/A,1442.78931
Plate 1,Unknown Group 1,23,1M4_sys_sac,1M4,sys_sac,systemic blood,sacrificed sample,N/A,CD,1,4,Old,Old CD,IL-10,N/A,3205.31934
Plate 1,Unknown Group 1,23,1M4_sys_sac,1M4,sys_sac,systemic blood,sacrificed sample,N/A,CD,1,4,Old,Old CD,IL-17A,20.981668398487425,3441.37402
Plate 1,Unknown Group 1,23,1M4_sys_sac,1M4,sys_sac,systemic blood,sacrificed sample,N/A,CD,1,4,Old,Old CD,IL-17F,90.07037733030789,11042.40039
Plate 1,Unknown Group 1,23,1M4_sys_sac,1M4,sys_sac,systemic blood,sacrificed sample,N/A,CD,1,4,Old,Old CD,IL-1a,41.29397737423119,5700.38037
Plate 1,Unknown Group 1,23,1M4_sys_sac,1M4,sys_sac,systemic blood,sacrificed sample,N/A,CD,1,4,Old,Old CD,IL-6,53.8796627996442,4239.29248
Plate 1,Unknown Group 1,23,1M4_sys_sac,1M4,sys_sac,systemic blood,sacrificed sample,N/A,CD,1,4,Old,Old CD,IL-7,0.7054840003333694,2922.51831
Plate 1,Unknown Group 1,23,1M4_sys_sac,1M4,sys_sac,systemic blood,sacrificed sample,N/A,CD,1,4,Old,Old CD,TNF-alpha,N/A,938.71515
Plate 1,Unknown Group 1,24,1M5_sys_sac,1M5,sys_sac,systemic blood,sacrificed sample,N/A,ID,1,5,Old,Old ID,GDF-15,218.794335908308,42872.01172
Plate 1,Unknown Group 1,24,1M5_sys_sac,1M5,sys_sac,systemic blood,sacrificed sample,N/A,ID,1,5,Old,Old ID,IFN-gamma,N/A,1381.84753
Plate 1,Unknown Group 1,24,1M5_sys_sac,1M5,sys_sac,systemic blood,sacrificed sample,N/A,ID,1,5,Old,Old ID,IL-10,N/A,3744.81079
Plate 1,Unknown Group 1,24,1M5_sys_sac,1M5,sys_sac,systemic blood,sacrificed sample,N/A,ID,1,5,Old,Old ID,IL-17A,N/A,2698.22168
Plate 1,Unknown Group 1,24,1M5_sys_sac,1M5,sys_sac,systemic blood,sacrificed sample,N/A,ID,1,5,Old,Old ID,IL-17F,N/A,1892.64062
Plate 1,Unknown Group 1,24,1M5_sys_sac,1M5,sys_sac,systemic blood,sacrificed sample,N/A,ID,1,5,Old,Old ID,IL-1a,43.32097095799724,5890.99658
Plate 1,Unknown Group 1,24,1M5_sys_sac,1M5,sys_sac,systemic blood,sacrificed sample,N/A,ID,1,5,Old,Old ID,IL-6,32.78965434321406,3650.68188
Plate 1,Unknown Group 1,24,1M5_sys_sac,1M5,sys_sac,systemic blood,sacrificed sample,N/A,ID,1,5,Old,Old ID,IL-7,0.4383487669085714,2670.9314
Plate 1,Unknown Group 1,24,1M5_sys_sac,1M5,sys_sac,systemic blood,sacrificed sample,N/A,ID,1,5,Old,Old ID,TNF-alpha,39.26422696065878,3738.94946
Plate 1,Unknown Group 1,25,1M6_sys_sac,1M6,sys_sac,systemic blood,sacrificed sample,N/A,ID,1,6,Old,Old ID,GDF-15,181.775187841193,36262.40234
Plate 1,Unknown Group 1,25,1M6_sys_sac,1M6,sys_sac,systemic blood,sacrificed sample,N/A,ID,1,6,Old,Old ID,IFN-gamma,N/A,1257.36926
Plate 1,Unknown Group 1,25,1M6_sys_sac,1M6,sys_sac,systemic blood,sacrificed sample,N/A,ID,1,6,Old,Old ID,IL-10,N/A,2818.36133
Plate 1,Unknown Group 1,25,1M6_sys_sac,1M6,sys_sac,systemic blood,sacrificed sample,N/A,ID,1,6,Old,Old ID,IL-17A,12.814446799875316,3328.30371
Plate 1,Unknown Group 1,25,1M6_sys_sac,1M6,sys_sac,systemic blood,sacrificed sample,N/A,ID,1,6,Old,Old ID,IL-17F,N/A,1297.72559
Plate 1,Unknown Group 1,25,1M6_sys_sac,1M6,sys_sac,systemic blood,sacrificed sample,N/A,ID,1,6,Old,Old ID,IL-1a,26.066312950599027,4280.94971
Plate 1,Unknown Group 1,25,1M6_sys_sac,1M6,sys_sac,systemic blood,sacrificed sample,N/A,ID,1,6,Old,Old ID,IL-6,26.648825996955747,3481.05835
Plate 1,Unknown Group 1,25,1M6_sys_sac,1M6,sys_sac,systemic blood,sacrificed sample,N/A,ID,1,6,Old,Old ID,IL-7,2.5477463523373465,4585.66553
Plate 1,Unknown Group 1,25,1M6_sys_sac,1M6,sys_sac,systemic blood,sacrificed sample,N/A,ID,1,6,Old,Old ID,TNF-alpha,9.86102633625773,1626.25085
Plate 1,Unknown Group 1,26,1M7_sys_sac,1M7,sys_sac,systemic blood,sacrificed sample,N/A,ID,1,7,Old,Old ID,GDF-15,175.72874966233,35177.78516
Plate 1,Unknown Group 1,26,1M7_sys_sac,1M7,sys_sac,systemic blood,sacrificed sample,N/A,ID,1,7,Old,Old ID,IFN-gamma,13.45540521498092,1822.49255
Plate 1,Unknown Group 1,26,1M7_sys_sac,1M7,sys_sac,systemic blood,sacrificed sample,N/A,ID,1,7,Old,Old ID,IL-10,N/A,3424.21948
Plate 1,Unknown Group 1,26,1M7_sys_sac,1M7,sys_sac,systemic blood,sacrificed sample,N/A,ID,1,7,Old,Old ID,IL-17A,N/A,3048.00439
Plate 1,Unknown Group 1,26,1M7_sys_sac,1M7,sys_sac,systemic blood,sacrificed sample,N/A,ID,1,7,Old,Old ID,IL-17F,N/A,1846.1803
Plate 1,Unknown Group 1,26,1M7_sys_sac,1M7,sys_sac,systemic blood,sacrificed sample,N/A,ID,1,7,Old,Old ID,IL-1a,N/A,1950.86621
Plate 1,Unknown Group 1,26,1M7_sys_sac,1M7,sys_sac,systemic blood,sacrificed sample,N/A,ID,1,7,Old,Old ID,IL-6,20.169297065345663,3303.2793
Plate 1,Unknown Group 1,26,1M7_sys_sac,1M7,sys_sac,systemic blood,sacrificed sample,N/A,ID,1,7,Old,Old ID,IL-7,2.1264227581169783,4212.18848
Plate 1,Unknown Group 1,26,1M7_sys_sac,1M7,sys_sac,systemic blood,sacrificed sample,N/A,ID,1,7,Old,Old ID,TNF-alpha,8.105120393216293,1512.23694
Plate 1,Unknown Group 1,27,1M9_sys_sac,1M9,sys_sac,systemic blood,sacrificed sample,N/A,ID,1,9,Old,Old ID,GDF-15,669.743133000196,120830.39062
Plate 1,Unknown Group 1,27,1M9_sys_sac,1M9,sys_sac,systemic blood,sacrificed sample,N/A,ID,1,9,Old,Old ID,IFN-gamma,43.1331438312647,2763.95239
Plate 1,Unknown Group 1,27,1M9_sys_sac,1M9,sys_sac,systemic blood,sacrificed sample,N/A,ID,1,9,Old,Old ID,IL-10,N/A,3212.45996
Plate 1,Unknown Group 1,27,1M9_sys_sac,1M9,sys_sac,systemic blood,sacrificed sample,N/A,ID,1,9,Old,Old ID,IL-17A,N/A,3237.177
Plate 1,Unknown Group 1,27,1M9_sys_sac,1M9,sys_sac,systemic blood,sacrificed sample,N/A,ID,1,9,Old,Old ID,IL-17F,N/A,1623.22021
Plate 1,Unknown Group 1,27,1M9_sys_sac,1M9,sys_sac,systemic blood,sacrificed sample,N/A,ID,1,9,Old,Old ID,IL-1a,8.102720967125885,2651.6897
Plate 1,Unknown Group 1,27,1M9_sys_sac,1M9,sys_sac,systemic blood,sacrificed sample,N/A,ID,1,9,Old,Old ID,IL-6,377.91436816350176,13671.38867
Plate 1,Unknown Group 1,27,1M9_sys_sac,1M9,sys_sac,systemic blood,sacrificed sample,N/A,ID,1,9,Old,Old ID,IL-7,N/A,2182.92554
Plate 1,Unknown Group 1,27,1M9_sys_sac,1M9,sys_sac,systemic blood,sacrificed sample,N/A,ID,1,9,Old,Old ID,TNF-alpha,20.049690354111128,2323.75781
Plate 1,Unknown Group 1,97,2M12_17mon,2M12,17mon,systemic blood,intermediary month sample,17,N/A,2,12,N/A,N/A,GDF-15,311.2180553859,59183.32422
Plate 1,Unknown Group 1,97,2M12_17mon,2M12,17mon,systemic blood,intermediary month sample,17,N/A,2,12,N/A,N/A,IFN-gamma,N/A,1245.63989
Plate 1,Unknown Group 1,97,2M12_17mon,2M12,17mon,systemic blood,intermediary month sample,17,N/A,2,12,N/A,N/A,IL-10,N/A,2460.61597
Plate 1,Unknown Group 1,97,2M12_17mon,2M12,17mon,systemic blood,intermediary month sample,17,N/A,2,12,N/A,N/A,IL-17A,N/A,2995.87573
Plate 1,Unknown Group 1,97,2M12_17mon,2M12,17mon,systemic blood,intermediary month sample,17,N/A,2,12,N/A,N/A,IL-17F,N/A,1464.96167
Plate 1,Unknown Group 1,97,2M12_17mon,2M12,17mon,systemic blood,intermediary month sample,17,N/A,2,12,N/A,N/A,IL-1a,924.2060520569383,93972.61719
Plate 1,Unknown Group 1,97,2M12_17mon,2M12,17mon,systemic blood,intermediary month sample,17,N/A,2,12,N/A,N/A,IL-6,472.0991348660892,16473.88281
Plate 1,Unknown Group 1,97,2M12_17mon,2M12,17mon,systemic blood,intermediary month sample,17,N/A,2,12,N/A,N/A,IL-7,N/A,2295.91724
Plate 1,Unknown Group 1,97,2M12_17mon,2M12,17mon,systemic blood,intermediary month sample,17,N/A,2,12,N/A,N/A,TNF-alpha,12.506340456013197,1802.0929
Plate 1,Unknown Group 1,98,2M13_17mon,2M13,17mon,systemic blood,intermediary month sample,17,N/A,2,13,N/A,N/A,GDF-15,198.34678393976,39227.51172
Plate 1,Unknown Group 1,98,2M13_17mon,2M13,17mon,systemic blood,intermediary month sample,17,N/A,2,13,N/A,N/A,IFN-gamma,18.38572080967895,1976.71265
Plate 1,Unknown Group 1,98,2M13_17mon,2M13,17mon,systemic blood,intermediary month sample,17,N/A,2,13,N/A,N/A,IL-10,N/A,2960.65869
Plate 1,Unknown Group 1,98,2M13_17mon,2M13,17mon,systemic blood,intermediary month sample,17,N/A,2,13,N/A,N/A,IL-17A,24.95506822584522,3498.72046
Plate 1,Unknown Group 1,98,2M13_17mon,2M13,17mon,systemic blood,intermediary month sample,17,N/A,2,13,N/A,N/A,IL-17F,N/A,2065.75928
Plate 1,Unknown Group 1,98,2M13_17mon,2M13,17mon,systemic blood,intermediary month sample,17,N/A,2,13,N/A,N/A,IL-1a,5522.267037377402,515009.875
Plate 1,Unknown Group 1,98,2M13_17mon,2M13,17mon,systemic blood,intermediary month sample,17,N/A,2,13,N/A,N/A,IL-6,862.4867038440451,28232.30273
Plate 1,Unknown Group 1,98,2M13_17mon,2M13,17mon,systemic blood,intermediary month sample,17,N/A,2,13,N/A,N/A,IL-7,1.5945658631133477,3735.99048
Plate 1,Unknown Group 1,98,2M13_17mon,2M13,17mon,systemic blood,intermediary month sample,17,N/A,2,13,N/A,N/A,TNF-alpha,11.049724848238736,1704.71179
Plate 1,Unknown Group 1,99,2M14_17mon,2M14,17mon,systemic blood,intermediary month sample,17,N/A,2,14,N/A,N/A,GDF-15,266.441288598699,51311.15625
Plate 1,Unknown Group 1,99,2M14_17mon,2M14,17mon,systemic blood,intermediary month sample,17,N/A,2,14,N/A,N/A,IFN-gamma,29.116997635678658,2315.93091
Plate 1,Unknown Group 1,99,2M14_17mon,2M14,17mon,systemic blood,intermediary month sample,17,N/A,2,14,N/A,N/A,IL-10,N/A,2651.41821
Plate 1,Unknown Group 1,99,2M14_17mon,2M14,17mon,systemic blood,intermediary month sample,17,N/A,2,14,N/A,N/A,IL-17A,18.36635868027657,3404.3916
Plate 1,Unknown Group 1,99,2M14_17mon,2M14,17mon,systemic blood,intermediary month sample,17,N/A,2,14,N/A,N/A,IL-17F,N/A,3902.46167
Plate 1,Unknown Group 1,99,2M14_17mon,2M14,17mon,systemic blood,intermediary month sample,17,N/A,2,14,N/A,N/A,IL-1a,1609.130783045141,162237.90625
Plate 1,Unknown Group 1,99,2M14_17mon,2M14,17mon,systemic blood,intermediary month sample,17,N/A,2,14,N/A,N/A,IL-6,59.7202687872724,4403.58398
Plate 1,Unknown Group 1,99,2M14_17mon,2M14,17mon,systemic blood,intermediary month sample,17,N/A,2,14,N/A,N/A,IL-7,2.1957613171970487,4273.85938
Plate 1,Unknown Group 1,99,2M14_17mon,2M14,17mon,systemic blood,intermediary month sample,17,N/A,2,14,N/A,N/A,TNF-alpha,12.483605768389497,1800.56323
Plate 1,Unknown Group 1,100,2M15_17mon,2M15,17mon,systemic blood,intermediary month sample,17,N/A,2,15,N/A,N/A,GDF-15,153.06970938850299,31098.9668
Plate 1,Unknown Group 1,100,2M15_17mon,2M15,17mon,systemic blood,intermediary month sample,17,N/A,2,15,N/A,N/A,IFN-gamma,N/A,1374.20654
Plate 1,Unknown Group 1,100,2M15_17mon,2M15,17mon,systemic blood,intermediary month sample,17,N/A,2,15,N/A,N/A,IL-10,N/A,3153.10498
Plate 1,Unknown Group 1,100,2M15_17mon,2M15,17mon,systemic blood,intermediary month sample,17,N/A,2,15,N/A,N/A,IL-17A,N/A,3200.92334
Plate 1,Unknown Group 1,100,2M15_17mon,2M15,17mon,systemic blood,intermediary month sample,17,N/A,2,15,N/A,N/A,IL-17F,N/A,2046.26025
Plate 1,Unknown Group 1,100,2M15_17mon,2M15,17mon,systemic blood,intermediary month sample,17,N/A,2,15,N/A,N/A,IL-1a,1271.2041295016045,128737.79688
Plate 1,Unknown Group 1,100,2M15_17mon,2M15,17mon,systemic blood,intermediary month sample,17,N/A,2,15,N/A,N/A,IL-6,N/A,2454.49023
Plate 1,Unknown Group 1,100,2M15_17mon,2M15,17mon,systemic blood,intermediary month sample,17,N/A,2,15,N/A,N/A,IL-7,1.3435330657962403,3508.94897
Plate 1,Unknown Group 1,100,2M15_17mon,2M15,17mon,systemic blood,intermediary month sample,17,N/A,2,15,N/A,N/A,TNF-alpha,14.875470525533713,1963.04614
Plate 1,Unknown Group 1,101,2M16_17mon,2M16,17mon,systemic blood,intermediary month sample,17,CD,2,16,Old,Old CD,GDF-15,175.213656388365,35085.31641
Plate 1,Unknown Group 1,101,2M16_17mon,2M16,17mon,systemic blood,intermediary month sample,17,CD,2,16,Old,Old CD,IFN-gamma,N/A,1120.52551
Plate 1,Unknown Group 1,101,2M16_17mon,2M16,17mon,systemic blood,intermediary month sample,17,CD,2,16,Old,Old CD,IL-10,N/A,2605.12915
Plate 1,Unknown Group 1,101,2M16_17mon,2M16,17mon,systemic blood,intermediary month sample,17,CD,2,16,Old,Old CD,IL-17A,N/A,2878.74536
Plate 1,Unknown Group 1,101,2M16_17mon,2M16,17mon,systemic blood,intermediary month sample,17,CD,2,16,Old,Old CD,IL-17F,N/A,1313.65796
Plate 1,Unknown Group 1,101,2M16_17mon,2M16,17mon,systemic blood,intermediary month sample,17,CD,2,16,Old,Old CD,IL-1a,651.1749334179955,66448.17969
Plate 1,Unknown Group 1,101,2M16_17mon,2M16,17mon,systemic blood,intermediary month sample,17,CD,2,16,Old,Old CD,IL-6,24.52276887603004,3422.57544
Plate 1,Unknown Group 1,101,2M16_17mon,2M16,17mon,systemic blood,intermediary month sample,17,CD,2,16,Old,Old CD,IL-7,0.35786696501770743,2593.99292
Plate 1,Unknown Group 1,101,2M16_17mon,2M16,17mon,systemic blood,intermediary month sample,17,CD,2,16,Old,Old CD,TNF-alpha,9.284710671104154,1588.56787
Plate 1,Unknown Group 1,33,2M16_pv_sac,2M16,pv_sac,portal blood,sacrificed sample,N/A,CD,2,16,Old,Old CD,GDF-15,589.457896714957,107194.85938
Plate 1,Unknown Group 1,33,2M16_pv_sac,2M16,pv_sac,portal blood,sacrificed sample,N/A,CD,2,16,Old,Old CD,IFN-gamma,N/A,1094.07886
Plate 1,Unknown Group 1,33,2M16_pv_sac,2M16,pv_sac,portal blood,sacrificed sample,N/A,CD,2,16,Old,Old CD,IL-10,N/A,2581.14136
Plate 1,Unknown Group 1,33,2M16_pv_sac,2M16,pv_sac,portal blood,sacrificed sample,N/A,CD,2,16,Old,Old CD,IL-17A,N/A,3182.48218
Plate 1,Unknown Group 1,33,2M16_pv_sac,2M16,pv_sac,portal blood,sacrificed sample,N/A,CD,2,16,Old,Old CD,IL-17F,N/A,1834.42212
Plate 1,Unknown Group 1,33,2M16_pv_sac,2M16,pv_sac,portal blood,sacrificed sample,N/A,CD,2,16,Old,Old CD,IL-1a,19.443753480309937,3672.59692
Plate 1,Unknown Group 1,33,2M16_pv_sac,2M16,pv_sac,portal blood,sacrificed sample,N/A,CD,2,16,Old,Old CD,IL-6,52.928190916086855,4212.57422
Plate 1,Unknown Group 1,33,2M16_pv_sac,2M16,pv_sac,portal blood,sacrificed sample,N/A,CD,2,16,Old,Old CD,IL-7,2.71695903611613,4734.875
Plate 1,Unknown Group 1,33,2M16_pv_sac,2M16,pv_sac,portal blood,sacrificed sample,N/A,CD,2,16,Old,Old CD,TNF-alpha,28.391255476225055,2925.83496
Plate 1,Unknown Group 1,102,2M17_17mon,2M17,17mon,systemic blood,intermediary month sample,17,CD,2,17,Old,Old CD,GDF-15,524.716686980024,96137.25
Plate 1,Unknown Group 1,102,2M17_17mon,2M17,17mon,systemic blood,intermediary month sample,17,CD,2,17,Old,Old CD,IFN-gamma,27.105818440891237,2252.05859
Plate 1,Unknown Group 1,102,2M17_17mon,2M17,17mon,systemic blood,intermediary month sample,17,CD,2,17,Old,Old CD,IL-10,51.473854322445106,3794.63794
Plate 1,Unknown Group 1,102,2M17_17mon,2M17,17mon,systemic blood,intermediary month sample,17,CD,2,17,Old,Old CD,IL-17A,N/A,3158.07983
Plate 1,Unknown Group 1,102,2M17_17mon,2M17,17mon,systemic blood,intermediary month sample,17,CD,2,17,Old,Old CD,IL-17F,N/A,2209.77246
Plate 1,Unknown Group 1,102,2M17_17mon,2M17,17mon,systemic blood,intermediary month sample,17,CD,2,17,Old,Old CD,IL-1a,308.92081648539295,31984.66797
Plate 1,Unknown Group 1,102,2M17_17mon,2M17,17mon,systemic blood,intermediary month sample,17,CD,2,17,Old,Old CD,IL-6,242.13918754637703,9667.35742
Plate 1,Unknown Group 1,102,2M17_17mon,2M17,17mon,systemic blood,intermediary month sample,17,CD,2,17,Old,Old CD,IL-7,0.628339488390307,2850.36157
Plate 1,Unknown Group 1,102,2M17_17mon,2M17,17mon,systemic blood,intermediary month sample,17,CD,2,17,Old,Old CD,TNF-alpha,152.17905456863377,13085.10059
Plate 1,Unknown Group 1,34,2M17_pv_sac,2M17,pv_sac,portal blood,sacrificed sample,N/A,CD,2,17,Old,Old CD,GDF-15,1543.81790586806,265417.6875
Plate 1,Unknown Group 1,34,2M17_pv_sac,2M17,pv_sac,portal blood,sacrificed sample,N/A,CD,2,17,Old,Old CD,IFN-gamma,N/A,1239.87878
Plate 1,Unknown Group 1,34,2M17_pv_sac,2M17,pv_sac,portal blood,sacrificed sample,N/A,CD,2,17,Old,Old CD,IL-10,N/A,3470.80859
Plate 1,Unknown Group 1,34,2M17_pv_sac,2M17,pv_sac,portal blood,sacrificed sample,N/A,CD,2,17,Old,Old CD,IL-17A,N/A,2803.75122
Plate 1,Unknown Group 1,34,2M17_pv_sac,2M17,pv_sac,portal blood,sacrificed sample,N/A,CD,2,17,Old,Old CD,IL-17F,N/A,1457.08484
Plate 1,Unknown Group 1,34,2M17_pv_sac,2M17,pv_sac,portal blood,sacrificed sample,N/A,CD,2,17,Old,Old CD,IL-1a,21.10627903787241,3824.66553
Plate 1,Unknown Group 1,34,2M17_pv_sac,2M17,pv_sac,portal blood,sacrificed sample,N/A,CD,2,17,Old,Old CD,IL-6,117.06027853601374,6035.82471
Plate 1,Unknown Group 1,34,2M17_pv_sac,2M17,pv_sac,portal blood,sacrificed sample,N/A,CD,2,17,Old,Old CD,IL-7,0.36610414828367166,2601.89844
Plate 1,Unknown Group 1,34,2M17_pv_sac,2M17,pv_sac,portal blood,sacrificed sample,N/A,CD,2,17,Old,Old CD,TNF-alpha,28.374902686251986,2924.63403
Plate 1,Unknown Group 1,103,2M18_17mon,2M18,17mon,systemic blood,intermediary month sample,17,CD,2,18,Old,Old CD,GDF-15,276.873526881452,53149.96094
Plate 1,Unknown Group 1,103,2M18_17mon,2M18,17mon,systemic blood,intermediary month sample,17,CD,2,18,Old,Old CD,IFN-gamma,N/A,1148.92358
Plate 1,Unknown Group 1,103,2M18_17mon,2M18,17mon,systemic blood,intermediary month sample,17,CD,2,18,Old,Old CD,IL-10,N/A,2871.19751
Plate 1,Unknown Group 1,103,2M18_17mon,2M18,17mon,systemic blood,intermediary month sample,17,CD,2,18,Old,Old CD,IL-17A,N/A,3258.66309
Plate 1,Unknown Group 1,103,2M18_17mon,2M18,17mon,systemic blood,intermediary month sample,17,CD,2,18,Old,Old CD,IL-17F,N/A,3050.09155
Plate 1,Unknown Group 1,103,2M18_17mon,2M18,17mon,systemic blood,intermediary month sample,17,CD,2,18,Old,Old CD,IL-1a,903.1363327493344,91852.36719
Plate 1,Unknown Group 1,103,2M18_17mon,2M18,17mon,systemic blood,intermediary month sample,17,CD,2,18,Old,Old CD,IL-6,34.946753095012234,3710.48706
Plate 1,Unknown Group 1,103,2M18_17mon,2M18,17mon,systemic blood,intermediary month sample,17,CD,2,18,Old,Old CD,IL-7,3.1828048912332076,5143.61279
Plate 1,Unknown Group 1,103,2M18_17mon,2M18,17mon,systemic blood,intermediary month sample,17,CD,2,18,Old,Old CD,TNF-alpha,15.715969340078766,2020.8356900000001
Plate 1,Unknown Group 1,104,2M20_17mon,2M20,17mon,systemic blood,intermediary month sample,17,CD,2,20,Old,Old CD,GDF-15,395.766042348624,73919.85156
Plate 1,Unknown Group 1,104,2M20_17mon,2M20,17mon,systemic blood,intermediary month sample,17,CD,2,20,Old,Old CD,IFN-gamma,N/A,1246.7406
Plate 1,Unknown Group 1,104,2M20_17mon,2M20,17mon,systemic blood,intermediary month sample,17,CD,2,20,Old,Old CD,IL-10,N/A,2740.17896
Plate 1,Unknown Group 1,104,2M20_17mon,2M20,17mon,systemic blood,intermediary month sample,17,CD,2,20,Old,Old CD,IL-17A,N/A,3092.57788
Plate 1,Unknown Group 1,104,2M20_17mon,2M20,17mon,systemic blood,intermediary month sample,17,CD,2,20,Old,Old CD,IL-17F,N/A,1621.51184
Plate 1,Unknown Group 1,104,2M20_17mon,2M20,17mon,systemic blood,intermediary month sample,17,CD,2,20,Old,Old CD,IL-1a,230.67691517808052,24177.17773
Plate 1,Unknown Group 1,104,2M20_17mon,2M20,17mon,systemic blood,intermediary month sample,17,CD,2,20,Old,Old CD,IL-6,71.93061487947473,4748.46338
Plate 1,Unknown Group 1,104,2M20_17mon,2M20,17mon,systemic blood,intermediary month sample,17,CD,2,20,Old,Old CD,IL-7,N/A,1988.37781
Plate 1,Unknown Group 1,104,2M20_17mon,2M20,17mon,systemic blood,intermediary month sample,17,CD,2,20,Old,Old CD,TNF-alpha,9.139598757657188,1579.11853
Plate 1,Unknown Group 1,35,2M20_pv_sac,2M20,pv_sac,portal blood,sacrificed sample,N/A,CD,2,20,Old,Old CD,GDF-15,539.243926392015,98623.61719
Plate 1,Unknown Group 1,35,2M20_pv_sac,2M20,pv_sac,portal blood,sacrificed sample,N/A,CD,2,20,Old,Old CD,IFN-gamma,N/A,1408.22278
Plate 1,Unknown Group 1,35,2M20_pv_sac,2M20,pv_sac,portal blood,sacrificed sample,N/A,CD,2,20,Old,Old CD,IL-10,N/A,2942.61768
Plate 1,Unknown Group 1,35,2M20_pv_sac,2M20,pv_sac,portal blood,sacrificed sample,N/A,CD,2,20,Old,Old CD,IL-17A,N/A,2814.14404
Plate 1,Unknown Group 1,35,2M20_pv_sac,2M20,pv_sac,portal blood,sacrificed sample,N/A,CD,2,20,Old,Old CD,IL-17F,35.71469545194262,6386.30762
Plate 1,Unknown Group 1,35,2M20_pv_sac,2M20,pv_sac,portal blood,sacrificed sample,N/A,CD,2,20,Old,Old CD,IL-1a,59.824930164906405,7454.07568
Plate 1,Unknown Group 1,35,2M20_pv_sac,2M20,pv_sac,portal blood,sacrificed sample,N/A,CD,2,20,Old,Old CD,IL-6,288.18154446548255,11019.49902
Plate 1,Unknown Group 1,35,2M20_pv_sac,2M20,pv_sac,portal blood,sacrificed sample,N/A,CD,2,20,Old,Old CD,IL-7,2.2304181976181656,4304.65186
Plate 1,Unknown Group 1,35,2M20_pv_sac,2M20,pv_sac,portal blood,sacrificed sample,N/A,CD,2,20,Old,Old CD,TNF-alpha,31.838757318822196,3180.59521
Plate 1,Unknown Group 1,105,2M22_17mon,2M22,17mon,systemic blood,intermediary month sample,17,ID,2,22,Old,Old ID,GDF-15,191.468722163895,37998.14062
Plate 1,Unknown Group 1,105,2M22_17mon,2M22,17mon,systemic blood,intermediary month sample,17,ID,2,22,Old,Old ID,IFN-gamma,17.049451133259964,1934.79102
Plate 1,Unknown Group 1,105,2M22_17mon,2M22,17mon,systemic blood,intermediary month sample,17,ID,2,22,Old,Old ID,IL-10,N/A,2564.12256
Plate 1,Unknown Group 1,105,2M22_17mon,2M22,17mon,systemic blood,intermediary month sample,17,ID,2,22,Old,Old ID,IL-17A,N/A,3005.07495
Plate 1,Unknown Group 1,105,2M22_17mon,2M22,17mon,systemic blood,intermediary month sample,17,ID,2,22,Old,Old ID,IL-17F,N/A,1948.60767
Plate 1,Unknown Group 1,105,2M22_17mon,2M22,17mon,systemic blood,intermediary month sample,17,ID,2,22,Old,Old ID,IL-1a,4065.405650692545,391516.5625
Plate 1,Unknown Group 1,105,2M22_17mon,2M22,17mon,systemic blood,intermediary month sample,17,ID,2,22,Old,Old ID,IL-6,N/A,2679.4375
Plate 1,Unknown Group 1,105,2M22_17mon,2M22,17mon,systemic blood,intermediary month sample,17,ID,2,22,Old,Old ID,IL-7,0.33143821925885814,2568.57568
Plate 1,Unknown Group 1,105,2M22_17mon,2M22,17mon,systemic blood,intermediary month sample,17,ID,2,22,Old,Old ID,TNF-alpha,13.91449207724817,1897.40112
Plate 1,Unknown Group 1,36,2M22_pv_sac,2M22,pv_sac,portal blood,sacrificed sample,N/A,ID,2,22,Old,Old ID,GDF-15,764.31830067194,136795.28125
Plate 1,Unknown Group 1,36,2M22_pv_sac,2M22,pv_sac,portal blood,sacrificed sample,N/A,ID,2,22,Old,Old ID,IFN-gamma,N/A,725.81201
Plate 1,Unknown Group 1,36,2M22_pv_sac,2M22,pv_sac,portal blood,sacrificed sample,N/A,ID,2,22,Old,Old ID,IL-10,75.32128132346041,4161.20361
Plate 1,Unknown Group 1,36,2M22_pv_sac,2M22,pv_sac,portal blood,sacrificed sample,N/A,ID,2,22,Old,Old ID,IL-17A,11.689201474353736,3313.35791
Plate 1,Unknown Group 1,36,2M22_pv_sac,2M22,pv_sac,portal blood,sacrificed sample,N/A,ID,2,22,Old,Old ID,IL-17F,24.621261975161335,5404.66309
Plate 1,Unknown Group 1,36,2M22_pv_sac,2M22,pv_sac,portal blood,sacrificed sample,N/A,ID,2,22,Old,Old ID,IL-1a,N/A,0
Plate 1,Unknown Group 1,36,2M22_pv_sac,2M22,pv_sac,portal blood,sacrificed sample,N/A,ID,2,22,Old,Old ID,IL-6,340.229030188115,12555.25195
Plate 1,Unknown Group 1,36,2M22_pv_sac,2M22,pv_sac,portal blood,sacrificed sample,N/A,ID,2,22,Old,Old ID,IL-7,N/A,1479.40015
Plate 1,Unknown Group 1,36,2M22_pv_sac,2M22,pv_sac,portal blood,sacrificed sample,N/A,ID,2,22,Old,Old ID,TNF-alpha,32.90917467846382,3260.30713
Plate 1,Unknown Group 1,106,2M23_17mon,2M23,17mon,systemic blood,intermediary month sample,17,ID,2,23,Old,Old ID,GDF-15,193.568576356387,38373.65625
Plate 1,Unknown Group 1,106,2M23_17mon,2M23,17mon,systemic blood,intermediary month sample,17,ID,2,23,Old,Old ID,IFN-gamma,10.295786116201938,1724.42529
Plate 1,Unknown Group 1,106,2M23_17mon,2M23,17mon,systemic blood,intermediary month sample,17,ID,2,23,Old,Old ID,IL-10,N/A,2877.41602
Plate 1,Unknown Group 1,106,2M23_17mon,2M23,17mon,systemic blood,intermediary month sample,17,ID,2,23,Old,Old ID,IL-17A,N/A,2934.15479
Plate 1,Unknown Group 1,106,2M23_17mon,2M23,17mon,systemic blood,intermediary month sample,17,ID,2,23,Old,Old ID,IL-17F,N/A,1806.33154
Plate 1,Unknown Group 1,106,2M23_17mon,2M23,17mon,systemic blood,intermediary month sample,17,ID,2,23,Old,Old ID,IL-1a,842.624809564592,85758.61719
Plate 1,Unknown Group 1,106,2M23_17mon,2M23,17mon,systemic blood,intermediary month sample,17,ID,2,23,Old,Old ID,IL-6,N/A,2517.15454
Plate 1,Unknown Group 1,106,2M23_17mon,2M23,17mon,systemic blood,intermediary month sample,17,ID,2,23,Old,Old ID,IL-7,2.855130355888623,4856.40869
Plate 1,Unknown Group 1,106,2M23_17mon,2M23,17mon,systemic blood,intermediary month sample,17,ID,2,23,Old,Old ID,TNF-alpha,10.627316548084249,1676.72119
Plate 1,Unknown Group 1,37,2M23_pv_sac,2M23,pv_sac,portal blood,sacrificed sample,N/A,ID,2,23,Old,Old ID,GDF-15,619.657615577571,112333.46094
Plate 1,Unknown Group 1,37,2M23_pv_sac,2M23,pv_sac,portal blood,sacrificed sample,N/A,ID,2,23,Old,Old ID,IFN-gamma,11.486764464416169,1761.30774
Plate 1,Unknown Group 1,37,2M23_pv_sac,2M23,pv_sac,portal blood,sacrificed sample,N/A,ID,2,23,Old,Old ID,IL-10,1101.7441425819327,23233.7168
Plate 1,Unknown Group 1,37,2M23_pv_sac,2M23,pv_sac,portal blood,sacrificed sample,N/A,ID,2,23,Old,Old ID,IL-17A,23.83649544835546,3482.44507
Plate 1,Unknown Group 1,37,2M23_pv_sac,2M23,pv_sac,portal blood,sacrificed sample,N/A,ID,2,23,Old,Old ID,IL-17F,N/A,2221.70923
Plate 1,Unknown Group 1,37,2M23_pv_sac,2M23,pv_sac,portal blood,sacrificed sample,N/A,ID,2,23,Old,Old ID,IL-1a,76.27940130533675,9028.18359
Plate 1,Unknown Group 1,37,2M23_pv_sac,2M23,pv_sac,portal blood,sacrificed sample,N/A,ID,2,23,Old,Old ID,IL-6,72.30569357651648,4759.08496
Plate 1,Unknown Group 1,37,2M23_pv_sac,2M23,pv_sac,portal blood,sacrificed sample,N/A,ID,2,23,Old,Old ID,IL-7,3.4675308683376382,5392.10449
Plate 1,Unknown Group 1,37,2M23_pv_sac,2M23,pv_sac,portal blood,sacrificed sample,N/A,ID,2,23,Old,Old ID,TNF-alpha,171.61157708184535,14788.66895
Plate 1,Unknown Group 1,107,2M24_17mon,2M24,17mon,systemic blood,intermediary month sample,17,ID,2,24,Old,Old ID,GDF-15,896.745083190919,158993.03125
Plate 1,Unknown Group 1,107,2M24_17mon,2M24,17mon,systemic blood,intermediary month sample,17,ID,2,24,Old,Old ID,IFN-gamma,20.714527147130315,2049.96289
Plate 1,Unknown Group 1,107,2M24_17mon,2M24,17mon,systemic blood,intermediary month sample,17,ID,2,24,Old,Old ID,IL-10,N/A,2652.10425
Plate 1,Unknown Group 1,107,2M24_17mon,2M24,17mon,systemic blood,intermediary month sample,17,ID,2,24,Old,Old ID,IL-17A,N/A,2570.46973
Plate 1,Unknown Group 1,107,2M24_17mon,2M24,17mon,systemic blood,intermediary month sample,17,ID,2,24,Old,Old ID,IL-17F,N/A,1694.40479
Plate 1,Unknown Group 1,107,2M24_17mon,2M24,17mon,systemic blood,intermediary month sample,17,ID,2,24,Old,Old ID,IL-1a,525.5303729982721,53769.29297
Plate 1,Unknown Group 1,107,2M24_17mon,2M24,17mon,systemic blood,intermediary month sample,17,ID,2,24,Old,Old ID,IL-6,120.46085293183832,6133.47705
Plate 1,Unknown Group 1,107,2M24_17mon,2M24,17mon,systemic blood,intermediary month sample,17,ID,2,24,Old,Old ID,IL-7,0.4251884325306029,2658.39429
Plate 1,Unknown Group 1,107,2M24_17mon,2M24,17mon,systemic blood,intermediary month sample,17,ID,2,24,Old,Old ID,TNF-alpha,29.028961128743152,2972.72412
Plate 1,Unknown Group 1,108,2M25_17mon,2M25,17mon,systemic blood,intermediary month sample,17,ID,2,25,Old,Old ID,GDF-15,168.436464613232,33867.625
Plate 1,Unknown Group 1,108,2M25_17mon,2M25,17mon,systemic blood,intermediary month sample,17,ID,2,25,Old,Old ID,IFN-gamma,N/A,1268.66992
Plate 1,Unknown Group 1,108,2M25_17mon,2M25,17mon,systemic blood,intermediary month sample,17,ID,2,25,Old,Old ID,IL-10,N/A,2520.02075
Plate 1,Unknown Group 1,108,2M25_17mon,2M25,17mon,systemic blood,intermediary month sample,17,ID,2,25,Old,Old ID,IL-17A,N/A,2737.0769
Plate 1,Unknown Group 1,108,2M25_17mon,2M25,17mon,systemic blood,intermediary month sample,17,ID,2,25,Old,Old ID,IL-17F,N/A,1908.12268
Plate 1,Unknown Group 1,108,2M25_17mon,2M25,17mon,systemic blood,intermediary month sample,17,ID,2,25,Old,Old ID,IL-1a,1267.181032191755,128336.66406
Plate 1,Unknown Group 1,108,2M25_17mon,2M25,17mon,systemic blood,intermediary month sample,17,ID,2,25,Old,Old ID,IL-6,N/A,2500
Plate 1,Unknown Group 1,108,2M25_17mon,2M25,17mon,systemic blood,intermediary month sample,17,ID,2,25,Old,Old ID,IL-7,1.8264431673573909,3944.33325
Plate 1,Unknown Group 1,108,2M25_17mon,2M25,17mon,systemic blood,intermediary month sample,17,ID,2,25,Old,Old ID,TNF-alpha,14.133788601061738,1912.33984
Plate 1,Unknown Group 1,109,2M26_17mon,2M26,17mon,systemic blood,intermediary month sample,17,ID,2,26,Old,Old ID,GDF-15,321.607588511301,61002.70703
Plate 1,Unknown Group 1,109,2M26_17mon,2M26,17mon,systemic blood,intermediary month sample,17,ID,2,26,Old,Old ID,IFN-gamma,34.27765719638944,2480.34375
Plate 1,Unknown Group 1,109,2M26_17mon,2M26,17mon,systemic blood,intermediary month sample,17,ID,2,26,Old,Old ID,IL-10,N/A,3672.50391
Plate 1,Unknown Group 1,109,2M26_17mon,2M26,17mon,systemic blood,intermediary month sample,17,ID,2,26,Old,Old ID,IL-17A,N/A,3137.52295
Plate 1,Unknown Group 1,109,2M26_17mon,2M26,17mon,systemic blood,intermediary month sample,17,ID,2,26,Old,Old ID,IL-17F,N/A,1726.36951
Plate 1,Unknown Group 1,109,2M26_17mon,2M26,17mon,systemic blood,intermediary month sample,17,ID,2,26,Old,Old ID,IL-1a,2324.6807466056553,231728.65625
Plate 1,Unknown Group 1,109,2M26_17mon,2M26,17mon,systemic blood,intermediary month sample,17,ID,2,26,Old,Old ID,IL-6,N/A,2697.62134
Plate 1,Unknown Group 1,109,2M26_17mon,2M26,17mon,systemic blood,intermediary month sample,17,ID,2,26,Old,Old ID,IL-7,0.30730151815969253,2545.28833
Plate 1,Unknown Group 1,109,2M26_17mon,2M26,17mon,systemic blood,intermediary month sample,17,ID,2,26,Old,Old ID,TNF-alpha,10.302276225700751,1655.26355
Plate 1,Unknown Group 1,38,2M26_pv_sac,2M26,pv_sac,portal blood,sacrificed sample,N/A,ID,2,26,Old,Old ID,GDF-15,2125.05514624343,358836.4375
Plate 1,Unknown Group 1,38,2M26_pv_sac,2M26,pv_sac,portal blood,sacrificed sample,N/A,ID,2,26,Old,Old ID,IFN-gamma,165.9685216422923,6794.41602
Plate 1,Unknown Group 1,38,2M26_pv_sac,2M26,pv_sac,portal blood,sacrificed sample,N/A,ID,2,26,Old,Old ID,IL-10,61.49995364748473,3947.14941
Plate 1,Unknown Group 1,38,2M26_pv_sac,2M26,pv_sac,portal blood,sacrificed sample,N/A,ID,2,26,Old,Old ID,IL-17A,N/A,3231.573
Plate 1,Unknown Group 1,38,2M26_pv_sac,2M26,pv_sac,portal blood,sacrificed sample,N/A,ID,2,26,Old,Old ID,IL-17F,N/A,811.51361
Plate 1,Unknown Group 1,38,2M26_pv_sac,2M26,pv_sac,portal blood,sacrificed sample,N/A,ID,2,26,Old,Old ID,IL-1a,103.78413706157434,11685.00586
Plate 1,Unknown Group 1,38,2M26_pv_sac,2M26,pv_sac,portal blood,sacrificed sample,N/A,ID,2,26,Old,Old ID,IL-6,1233.3319921426564,39544.95312
Plate 1,Unknown Group 1,38,2M26_pv_sac,2M26,pv_sac,portal blood,sacrificed sample,N/A,ID,2,26,Old,Old ID,IL-7,3.1668832463990064,5129.68896
Plate 1,Unknown Group 1,38,2M26_pv_sac,2M26,pv_sac,portal blood,sacrificed sample,N/A,ID,2,26,Old,Old ID,TNF-alpha,63.35290775844945,5619.88232
Plate 1,Unknown Group 1,110,2M27_17mon,2M27,17mon,systemic blood,intermediary month sample,17,ID,2,27,Old,Old ID,GDF-15,189.510271507811,37647.75781
Plate 1,Unknown Group 1,110,2M27_17mon,2M27,17mon,systemic blood,intermediary month sample,17,ID,2,27,Old,Old ID,IFN-gamma,N/A,1519.77075
Plate 1,Unknown Group 1,110,2M27_17mon,2M27,17mon,systemic blood,intermediary month sample,17,ID,2,27,Old,Old ID,IL-10,N/A,2837.28833
Plate 1,Unknown Group 1,110,2M27_17mon,2M27,17mon,systemic blood,intermediary month sample,17,ID,2,27,Old,Old ID,IL-17A,N/A,2154.77759
Plate 1,Unknown Group 1,110,2M27_17mon,2M27,17mon,systemic blood,intermediary month sample,17,ID,2,27,Old,Old ID,IL-17F,N/A,756.71887
Plate 1,Unknown Group 1,110,2M27_17mon,2M27,17mon,systemic blood,intermediary month sample,17,ID,2,27,Old,Old ID,IL-1a,736.0613916595829,75014.26562
Plate 1,Unknown Group 1,110,2M27_17mon,2M27,17mon,systemic blood,intermediary month sample,17,ID,2,27,Old,Old ID,IL-6,41.900262614583575,3903.94849
Plate 1,Unknown Group 1,110,2M27_17mon,2M27,17mon,systemic blood,intermediary month sample,17,ID,2,27,Old,Old ID,IL-7,1.659032064570272,3794.03735
Plate 1,Unknown Group 1,110,2M27_17mon,2M27,17mon,systemic blood,intermediary month sample,17,ID,2,27,Old,Old ID,TNF-alpha,15.740223258568603,2022.5083
Plate 1,Unknown Group 1,111,2M30_17mon,2M30,17mon,systemic blood,intermediary month sample,17,ID,2,30,Old,Old ID,GDF-15,188.28385641775,37428.26562
Plate 1,Unknown Group 1,111,2M30_17mon,2M30,17mon,systemic blood,intermediary month sample,17,ID,2,30,Old,Old ID,IFN-gamma,N/A,1264.72437
Plate 1,Unknown Group 1,111,2M30_17mon,2M30,17mon,systemic blood,intermediary month sample,17,ID,2,30,Old,Old ID,IL-10,N/A,2620.62549
Plate 1,Unknown Group 1,111,2M30_17mon,2M30,17mon,systemic blood,intermediary month sample,17,ID,2,30,Old,Old ID,IL-17A,N/A,2738.63501
Plate 1,Unknown Group 1,111,2M30_17mon,2M30,17mon,systemic blood,intermediary month sample,17,ID,2,30,Old,Old ID,IL-17F,N/A,1824.16504
Plate 1,Unknown Group 1,111,2M30_17mon,2M30,17mon,systemic blood,intermediary month sample,17,ID,2,30,Old,Old ID,IL-1a,203.3311856965559,21462.85938
Plate 1,Unknown Group 1,111,2M30_17mon,2M30,17mon,systemic blood,intermediary month sample,17,ID,2,30,Old,Old ID,IL-6,N/A,2530.23511
Plate 1,Unknown Group 1,111,2M30_17mon,2M30,17mon,systemic blood,intermediary month sample,17,ID,2,30,Old,Old ID,IL-7,1.866958828832899,3980.61523
Plate 1,Unknown Group 1,111,2M30_17mon,2M30,17mon,systemic blood,intermediary month sample,17,ID,2,30,Old,Old ID,TNF-alpha,18.199096367053663,2193.44702
Plate 1,Unknown Group 1,112,2M31_17mon,2M31,17mon,systemic blood,intermediary month sample,17,ID,2,31,Old,Old ID,GDF-15,207.269271107964,40819.66406
Plate 1,Unknown Group 1,112,2M31_17mon,2M31,17mon,systemic blood,intermediary month sample,17,ID,2,31,Old,Old ID,IFN-gamma,N/A,1364.10681
Plate 1,Unknown Group 1,112,2M31_17mon,2M31,17mon,systemic blood,intermediary month sample,17,ID,2,31,Old,Old ID,IL-10,N/A,2535.00977
Plate 1,Unknown Group 1,112,2M31_17mon,2M31,17mon,systemic blood,intermediary month sample,17,ID,2,31,Old,Old ID,IL-17A,N/A,2627.54468
Plate 1,Unknown Group 1,112,2M31_17mon,2M31,17mon,systemic blood,intermediary month sample,17,ID,2,31,Old,Old ID,IL-17F,N/A,1631.38293
Plate 1,Unknown Group 1,112,2M31_17mon,2M31,17mon,systemic blood,intermediary month sample,17,ID,2,31,Old,Old ID,IL-1a,3423.235479571222,334137.0625
Plate 1,Unknown Group 1,112,2M31_17mon,2M31,17mon,systemic blood,intermediary month sample,17,ID,2,31,Old,Old ID,IL-6,N/A,2093.1709
Plate 1,Unknown Group 1,112,2M31_17mon,2M31,17mon,systemic blood,intermediary month sample,17,ID,2,31,Old,Old ID,IL-7,1.516778392141388,3665.81372
Plate 1,Unknown Group 1,112,2M31_17mon,2M31,17mon,systemic blood,intermediary month sample,17,ID,2,31,Old,Old ID,TNF-alpha,16.593739509658402,2081.54175
Plate 1,Unknown Group 1,39,2M31_pv_sac,2M31,pv_sac,portal blood,sacrificed sample,N/A,ID,2,31,Old,Old ID,GDF-15,562.349681402717,102571.97656
Plate 1,Unknown Group 1,39,2M31_pv_sac,2M31,pv_sac,portal blood,sacrificed sample,N/A,ID,2,31,Old,Old ID,IFN-gamma,15.23798177396128,1878.10217
Plate 1,Unknown Group 1,39,2M31_pv_sac,2M31,pv_sac,portal blood,sacrificed sample,N/A,ID,2,31,Old,Old ID,IL-10,N/A,3033.81592
Plate 1,Unknown Group 1,39,2M31_pv_sac,2M31,pv_sac,portal blood,sacrificed sample,N/A,ID,2,31,Old,Old ID,IL-17A,34.287789395062916,3637.98047
Plate 1,Unknown Group 1,39,2M31_pv_sac,2M31,pv_sac,portal blood,sacrificed sample,N/A,ID,2,31,Old,Old ID,IL-17F,N/A,3293.00073
Plate 1,Unknown Group 1,39,2M31_pv_sac,2M31,pv_sac,portal blood,sacrificed sample,N/A,ID,2,31,Old,Old ID,IL-1a,172.42545557283944,18407.25
Plate 1,Unknown Group 1,39,2M31_pv_sac,2M31,pv_sac,portal blood,sacrificed sample,N/A,ID,2,31,Old,Old ID,IL-6,2630.567917196553,82863.64844
Plate 1,Unknown Group 1,39,2M31_pv_sac,2M31,pv_sac,portal blood,sacrificed sample,N/A,ID,2,31,Old,Old ID,IL-7,0.6412964916171616,2862.50586
Plate 1,Unknown Group 1,39,2M31_pv_sac,2M31,pv_sac,portal blood,sacrificed sample,N/A,ID,2,31,Old,Old ID,TNF-alpha,24.992408060414455,2677.86475
Plate 1,Unknown Group 1,93,2M32_17mon,2M32,17mon,systemic blood,intermediary month sample,17,ID,2,32,Old,Old ID,GDF-15,189.346468460147,37618.44531
Plate 1,Unknown Group 1,93,2M32_17mon,2M32,17mon,systemic blood,intermediary month sample,17,ID,2,32,Old,Old ID,IFN-gamma,10.59247405517266,1733.60303
Plate 1,Unknown Group 1,93,2M32_17mon,2M32,17mon,systemic blood,intermediary month sample,17,ID,2,32,Old,Old ID,IL-10,N/A,2496.68335
Plate 1,Unknown Group 1,93,2M32_17mon,2M32,17mon,systemic blood,intermediary month sample,17,ID,2,32,Old,Old ID,IL-17A,N/A,3072.69995
Plate 1,Unknown Group 1,93,2M32_17mon,2M32,17mon,systemic blood,intermediary month sample,17,ID,2,32,Old,Old ID,IL-17F,N/A,1268.6842
Plate 1,Unknown Group 1,93,2M32_17mon,2M32,17mon,systemic blood,intermediary month sample,17,ID,2,32,Old,Old ID,IL-1a,481.42598851988726,49322.39062
Plate 1,Unknown Group 1,93,2M32_17mon,2M32,17mon,systemic blood,intermediary month sample,17,ID,2,32,Old,Old ID,IL-6,134.72570618905212,6543.93018
Plate 1,Unknown Group 1,93,2M32_17mon,2M32,17mon,systemic blood,intermediary month sample,17,ID,2,32,Old,Old ID,IL-7,0.4577370512056241,2689.3728
Plate 1,Unknown Group 1,93,2M32_17mon,2M32,17mon,systemic blood,intermediary month sample,17,ID,2,32,Old,Old ID,TNF-alpha,19.486199515720052,2283.9375
Plate 1,Unknown Group 1,94,2M33_17mon,2M33,17mon,systemic blood,intermediary month sample,17,ID,2,33,Old,Old ID,GDF-15,343.343934548006,64801.01953
Plate 1,Unknown Group 1,94,2M33_17mon,2M33,17mon,systemic blood,intermediary month sample,17,ID,2,33,Old,Old ID,IFN-gamma,N/A,1413.4978
Plate 1,Unknown Group 1,94,2M33_17mon,2M33,17mon,systemic blood,intermediary month sample,17,ID,2,33,Old,Old ID,IL-10,N/A,2070.03369
Plate 1,Unknown Group 1,94,2M33_17mon,2M33,17mon,systemic blood,intermediary month sample,17,ID,2,33,Old,Old ID,IL-17A,82.98746939419995,4431.00977
Plate 1,Unknown Group 1,94,2M33_17mon,2M33,17mon,systemic blood,intermediary month sample,17,ID,2,33,Old,Old ID,IL-17F,N/A,1454.3186
Plate 1,Unknown Group 1,94,2M33_17mon,2M33,17mon,systemic blood,intermediary month sample,17,ID,2,33,Old,Old ID,IL-1a,334.60839216616614,34557.91016
Plate 1,Unknown Group 1,94,2M33_17mon,2M33,17mon,systemic blood,intermediary month sample,17,ID,2,33,Old,Old ID,IL-6,366.3818414861896,13329.48242
Plate 1,Unknown Group 1,94,2M33_17mon,2M33,17mon,systemic blood,intermediary month sample,17,ID,2,33,Old,Old ID,IL-7,N/A,2187.8645
Plate 1,Unknown Group 1,94,2M33_17mon,2M33,17mon,systemic blood,intermediary month sample,17,ID,2,33,Old,Old ID,TNF-alpha,18.585096157431177,2220.51538
Plate 1,Unknown Group 1,40,2M33_pv_sac,2M33,pv_sac,portal blood,sacrificed sample,N/A,ID,2,33,Old,Old ID,GDF-15,1033.20839873835,181698.59375
Plate 1,Unknown Group 1,40,2M33_pv_sac,2M33,pv_sac,portal blood,sacrificed sample,N/A,ID,2,33,Old,Old ID,IFN-gamma,121.5231506049999,5321.9209
Plate 1,Unknown Group 1,40,2M33_pv_sac,2M33,pv_sac,portal blood,sacrificed sample,N/A,ID,2,33,Old,Old ID,IL-10,51.44777336431313,3794.24463
Plate 1,Unknown Group 1,40,2M33_pv_sac,2M33,pv_sac,portal blood,sacrificed sample,N/A,ID,2,33,Old,Old ID,IL-17A,33.709039064338164,3629.1814
Plate 1,Unknown Group 1,40,2M33_pv_sac,2M33,pv_sac,portal blood,sacrificed sample,N/A,ID,2,33,Old,Old ID,IL-17F,748.6666386884577,62971.27344
Plate 1,Unknown Group 1,40,2M33_pv_sac,2M33,pv_sac,portal blood,sacrificed sample,N/A,ID,2,33,Old,Old ID,IL-1a,153.58413978044086,16552.02148
Plate 1,Unknown Group 1,40,2M33_pv_sac,2M33,pv_sac,portal blood,sacrificed sample,N/A,ID,2,33,Old,Old ID,IL-6,76.94481393803467,4890.58203
Plate 1,Unknown Group 1,40,2M33_pv_sac,2M33,pv_sac,portal blood,sacrificed sample,N/A,ID,2,33,Old,Old ID,IL-7,1.1201484472425474,3305.38086
Plate 1,Unknown Group 1,40,2M33_pv_sac,2M33,pv_sac,portal blood,sacrificed sample,N/A,ID,2,33,Old,Old ID,TNF-alpha,47.490653984771825,4370.61865
Plate 1,Unknown Group 1,95,2M34_17mon,2M34,17mon,systemic blood,intermediary month sample,17,N/A,2,34,N/A,N/A,GDF-15,396.102922220355,73978.27344
Plate 1,Unknown Group 1,95,2M34_17mon,2M34,17mon,systemic blood,intermediary month sample,17,N/A,2,34,N/A,N/A,IFN-gamma,116.21853963986015,5147.00098
Plate 1,Unknown Group 1,95,2M34_17mon,2M34,17mon,systemic blood,intermediary month sample,17,N/A,2,34,N/A,N/A,IL-10,N/A,2592.89941
Plate 1,Unknown Group 1,95,2M34_17mon,2M34,17mon,systemic blood,intermediary month sample,17,N/A,2,34,N/A,N/A,IL-17A,20.20598443566684,3430.33789
Plate 1,Unknown Group 1,95,2M34_17mon,2M34,17mon,systemic blood,intermediary month sample,17,N/A,2,34,N/A,N/A,IL-17F,N/A,965.63361
Plate 1,Unknown Group 1,95,2M34_17mon,2M34,17mon,systemic blood,intermediary month sample,17,N/A,2,34,N/A,N/A,IL-1a,1834.0923204087424,184307.75
Plate 1,Unknown Group 1,95,2M34_17mon,2M34,17mon,systemic blood,intermediary month sample,17,N/A,2,34,N/A,N/A,IL-6,N/A,2588.41772
Plate 1,Unknown Group 1,95,2M34_17mon,2M34,17mon,systemic blood,intermediary month sample,17,N/A,2,34,N/A,N/A,IL-7,N/A,2213.54639
Plate 1,Unknown Group 1,95,2M34_17mon,2M34,17mon,systemic blood,intermediary month sample,17,N/A,2,34,N/A,N/A,TNF-alpha,8.148621869087108,1515.03174
Plate 1,Unknown Group 1,96,2M35_17mon,2M35,17mon,systemic blood,intermediary month sample,17,N/A,2,35,N/A,N/A,GDF-15,193.619199348251,38382.70703
Plate 1,Unknown Group 1,96,2M35_17mon,2M35,17mon,systemic blood,intermediary month sample,17,N/A,2,35,N/A,N/A,IFN-gamma,345.4645995553639,12823.10742
Plate 1,Unknown Group 1,96,2M35_17mon,2M35,17mon,systemic blood,intermediary month sample,17,N/A,2,35,N/A,N/A,IL-10,N/A,3760.67871
Plate 1,Unknown Group 1,96,2M35_17mon,2M35,17mon,systemic blood,intermediary month sample,17,N/A,2,35,N/A,N/A,IL-17A,N/A,3109.23193
Plate 1,Unknown Group 1,96,2M35_17mon,2M35,17mon,systemic blood,intermediary month sample,17,N/A,2,35,N/A,N/A,IL-17F,N/A,2380.87549
Plate 1,Unknown Group 1,96,2M35_17mon,2M35,17mon,systemic blood,intermediary month sample,17,N/A,2,35,N/A,N/A,IL-1a,2487.1773447222795,247211.375
Plate 1,Unknown Group 1,96,2M35_17mon,2M35,17mon,systemic blood,intermediary month sample,17,N/A,2,35,N/A,N/A,IL-6,195.31051948324733,8299.51953
Plate 1,Unknown Group 1,96,2M35_17mon,2M35,17mon,systemic blood,intermediary month sample,17,N/A,2,35,N/A,N/A,IL-7,4.722818287271812,6477.65625
Plate 1,Unknown Group 1,96,2M35_17mon,2M35,17mon,systemic blood,intermediary month sample,17,N/A,2,35,N/A,N/A,TNF-alpha,172.34624450087438,14853.44238
Plate 1,Unknown Group 1,113,3M1_6mon,3M1,6mon,systemic blood,intermediary month sample,6,N/A,3,1,N/A,N/A,GDF-15,132.188338319216,27318.10352
Plate 1,Unknown Group 1,113,3M1_6mon,3M1,6mon,systemic blood,intermediary month sample,6,N/A,3,1,N/A,N/A,IFN-gamma,3.828376815517784,1526.63257
Plate 1,Unknown Group 1,113,3M1_6mon,3M1,6mon,systemic blood,intermediary month sample,6,N/A,3,1,N/A,N/A,IL-10,601.3589165056953,13506.8623
Plate 1,Unknown Group 1,113,3M1_6mon,3M1,6mon,systemic blood,intermediary month sample,6,N/A,3,1,N/A,N/A,IL-17A,N/A,2814.00098
Plate 1,Unknown Group 1,113,3M1_6mon,3M1,6mon,systemic blood,intermediary month sample,6,N/A,3,1,N/A,N/A,IL-17F,N/A,1279.52026
Plate 1,Unknown Group 1,113,3M1_6mon,3M1,6mon,systemic blood,intermediary month sample,6,N/A,3,1,N/A,N/A,IL-1a,332.6171180916032,34358.29297
Plate 1,Unknown Group 1,113,3M1_6mon,3M1,6mon,systemic blood,intermediary month sample,6,N/A,3,1,N/A,N/A,IL-6,99.60605324267758,5535.90332
Plate 1,Unknown Group 1,113,3M1_6mon,3M1,6mon,systemic blood,intermediary month sample,6,N/A,3,1,N/A,N/A,IL-7,N/A,2122.46265
Plate 1,Unknown Group 1,113,3M1_6mon,3M1,6mon,systemic blood,intermediary month sample,6,N/A,3,1,N/A,N/A,TNF-alpha,13.178313617647104,1847.43823
Plate 1,Unknown Group 1,153,3M1_10mon,3M1,10mon,systemic blood,intermediary month sample,10,N/A,3,1,N/A,N/A,GDF-15,124.402586384201,25902.30469
Plate 1,Unknown Group 1,153,3M1_10mon,3M1,10mon,systemic blood,intermediary month sample,10,N/A,3,1,N/A,N/A,IFN-gamma,N/A,1414.21265
Plate 1,Unknown Group 1,153,3M1_10mon,3M1,10mon,systemic blood,intermediary month sample,10,N/A,3,1,N/A,N/A,IL-10,N/A,2358.80322
Plate 1,Unknown Group 1,153,3M1_10mon,3M1,10mon,systemic blood,intermediary month sample,10,N/A,3,1,N/A,N/A,IL-17A,N/A,2531.13574
Plate 1,Unknown Group 1,153,3M1_10mon,3M1,10mon,systemic blood,intermediary month sample,10,N/A,3,1,N/A,N/A,IL-17F,N/A,1684.74097
Plate 1,Unknown Group 1,153,3M1_10mon,3M1,10mon,systemic blood,intermediary month sample,10,N/A,3,1,N/A,N/A,IL-1a,454.23310535506147,46582.51172
Plate 1,Unknown Group 1,153,3M1_10mon,3M1,10mon,systemic blood,intermediary month sample,10,N/A,3,1,N/A,N/A,IL-6,N/A,1883.34143
Plate 1,Unknown Group 1,153,3M1_10mon,3M1,10mon,systemic blood,intermediary month sample,10,N/A,3,1,N/A,N/A,IL-7,N/A,1891.33972
Plate 1,Unknown Group 1,153,3M1_10mon,3M1,10mon,systemic blood,intermediary month sample,10,N/A,3,1,N/A,N/A,TNF-alpha,12.804448958002876,1822.1781
Plate 1,Unknown Group 1,60,3M1_20mon,3M1,20mon,systemic blood,intermediary month sample,20,N/A,3,1,N/A,N/A,GDF-15,242.346874929233,47052.34375
Plate 1,Unknown Group 1,60,3M1_20mon,3M1,20mon,systemic blood,intermediary month sample,20,N/A,3,1,N/A,N/A,IFN-gamma,N/A,1505.23218
Plate 1,Unknown Group 1,60,3M1_20mon,3M1,20mon,systemic blood,intermediary month sample,20,N/A,3,1,N/A,N/A,IL-10,N/A,3231.09424
Plate 1,Unknown Group 1,60,3M1_20mon,3M1,20mon,systemic blood,intermediary month sample,20,N/A,3,1,N/A,N/A,IL-17A,N/A,2508.53442
Plate 1,Unknown Group 1,60,3M1_20mon,3M1,20mon,systemic blood,intermediary month sample,20,N/A,3,1,N/A,N/A,IL-17F,N/A,2209.82959
Plate 1,Unknown Group 1,60,3M1_20mon,3M1,20mon,systemic blood,intermediary month sample,20,N/A,3,1,N/A,N/A,IL-1a,1703.8796944590915,171557
Plate 1,Unknown Group 1,60,3M1_20mon,3M1,20mon,systemic blood,intermediary month sample,20,N/A,3,1,N/A,N/A,IL-6,N/A,1547.01794
Plate 1,Unknown Group 1,60,3M1_20mon,3M1,20mon,systemic blood,intermediary month sample,20,N/A,3,1,N/A,N/A,IL-7,0.32431086913946655,2561.70679
Plate 1,Unknown Group 1,60,3M1_20mon,3M1,20mon,systemic blood,intermediary month sample,20,N/A,3,1,N/A,N/A,TNF-alpha,18.21358455505632,2194.46191
Plate 1,Unknown Group 1,41,3M1_pv_sac,3M1,pv_sac,portal blood,sacrificed sample,N/A,N/A,3,1,N/A,N/A,GDF-15,310.782507890389,59106.99609
Plate 1,Unknown Group 1,41,3M1_pv_sac,3M1,pv_sac,portal blood,sacrificed sample,N/A,N/A,3,1,N/A,N/A,IFN-gamma,95.23161132987552,4457.04883
Plate 1,Unknown Group 1,41,3M1_pv_sac,3M1,pv_sac,portal blood,sacrificed sample,N/A,N/A,3,1,N/A,N/A,IL-10,N/A,2908.87329
Plate 1,Unknown Group 1,41,3M1_pv_sac,3M1,pv_sac,portal blood,sacrificed sample,N/A,N/A,3,1,N/A,N/A,IL-17A,N/A,2833.26416
Plate 1,Unknown Group 1,41,3M1_pv_sac,3M1,pv_sac,portal blood,sacrificed sample,N/A,N/A,3,1,N/A,N/A,IL-17F,N/A,1898.20166
Plate 1,Unknown Group 1,41,3M1_pv_sac,3M1,pv_sac,portal blood,sacrificed sample,N/A,N/A,3,1,N/A,N/A,IL-1a,57.0814297998189,7193.01807
Plate 1,Unknown Group 1,41,3M1_pv_sac,3M1,pv_sac,portal blood,sacrificed sample,N/A,N/A,3,1,N/A,N/A,IL-6,25.113116104298395,3438.80078
Plate 1,Unknown Group 1,41,3M1_pv_sac,3M1,pv_sac,portal blood,sacrificed sample,N/A,N/A,3,1,N/A,N/A,IL-7,1.602315418856457,3742.97363
Plate 1,Unknown Group 1,41,3M1_pv_sac,3M1,pv_sac,portal blood,sacrificed sample,N/A,N/A,3,1,N/A,N/A,TNF-alpha,20.60102035843785,2362.83447
Plate 1,Unknown Group 1,122,3M10_6mon,3M10,6mon,systemic blood,intermediary month sample,6,N/A,3,10,N/A,N/A,GDF-15,105.433560913192,22437.22852
Plate 1,Unknown Group 1,122,3M10_6mon,3M10,6mon,systemic blood,intermediary month sample,6,N/A,3,10,N/A,N/A,IFN-gamma,N/A,1090.94812
Plate 1,Unknown Group 1,122,3M10_6mon,3M10,6mon,systemic blood,intermediary month sample,6,N/A,3,10,N/A,N/A,IL-10,N/A,2431.56738
Plate 1,Unknown Group 1,122,3M10_6mon,3M10,6mon,systemic blood,intermediary month sample,6,N/A,3,10,N/A,N/A,IL-17A,N/A,2671.22461
Plate 1,Unknown Group 1,122,3M10_6mon,3M10,6mon,systemic blood,intermediary month sample,6,N/A,3,10,N/A,N/A,IL-17F,N/A,1234.23206
Plate 1,Unknown Group 1,122,3M10_6mon,3M10,6mon,systemic blood,intermediary month sample,6,N/A,3,10,N/A,N/A,IL-1a,333.71171942812094,34468.01953
Plate 1,Unknown Group 1,122,3M10_6mon,3M10,6mon,systemic blood,intermediary month sample,6,N/A,3,10,N/A,N/A,IL-6,N/A,2812.09961
Plate 1,Unknown Group 1,122,3M10_6mon,3M10,6mon,systemic blood,intermediary month sample,6,N/A,3,10,N/A,N/A,IL-7,0.2491314147176737,2488.83521
Plate 1,Unknown Group 1,122,3M10_6mon,3M10,6mon,systemic blood,intermediary month sample,6,N/A,3,10,N/A,N/A,TNF-alpha,4.120357194001288,1264.39563
Plate 1,Unknown Group 1,162,3M10_10mon,3M10,10mon,systemic blood,intermediary month sample,10,N/A,3,10,N/A,N/A,GDF-15,105.29832825492,22412.43945
Plate 1,Unknown Group 1,162,3M10_10mon,3M10,10mon,systemic blood,intermediary month sample,10,N/A,3,10,N/A,N/A,IFN-gamma,N/A,1126.45813
Plate 1,Unknown Group 1,162,3M10_10mon,3M10,10mon,systemic blood,intermediary month sample,10,N/A,3,10,N/A,N/A,IL-10,N/A,2709.85815
Plate 1,Unknown Group 1,162,3M10_10mon,3M10,10mon,systemic blood,intermediary month sample,10,N/A,3,10,N/A,N/A,IL-17A,N/A,2591.9917
Plate 1,Unknown Group 1,162,3M10_10mon,3M10,10mon,systemic blood,intermediary month sample,10,N/A,3,10,N/A,N/A,IL-17F,N/A,1259.40649
Plate 1,Unknown Group 1,162,3M10_10mon,3M10,10mon,systemic blood,intermediary month sample,10,N/A,3,10,N/A,N/A,IL-1a,1411.6398153859554,142707.54688
Plate 1,Unknown Group 1,162,3M10_10mon,3M10,10mon,systemic blood,intermediary month sample,10,N/A,3,10,N/A,N/A,IL-6,N/A,2369.94653
Plate 1,Unknown Group 1,162,3M10_10mon,3M10,10mon,systemic blood,intermediary month sample,10,N/A,3,10,N/A,N/A,IL-7,1.5704938892650302,3714.28979
Plate 1,Unknown Group 1,162,3M10_10mon,3M10,10mon,systemic blood,intermediary month sample,10,N/A,3,10,N/A,N/A,TNF-alpha,6.0589705786151065,1382.75525
Plate 1,Unknown Group 1,123,3M11_6mon,3M11,6mon,systemic blood,intermediary month sample,6,N/A,3,11,N/A,N/A,GDF-15,93.4975413643108,20244.10352
Plate 1,Unknown Group 1,123,3M11_6mon,3M11,6mon,systemic blood,intermediary month sample,6,N/A,3,11,N/A,N/A,IFN-gamma,N/A,1129.69604
Plate 1,Unknown Group 1,123,3M11_6mon,3M11,6mon,systemic blood,intermediary month sample,6,N/A,3,11,N/A,N/A,IL-10,N/A,2847.5813
Plate 1,Unknown Group 1,123,3M11_6mon,3M11,6mon,systemic blood,intermediary month sample,6,N/A,3,11,N/A,N/A,IL-17A,N/A,2808.25415
Plate 1,Unknown Group 1,123,3M11_6mon,3M11,6mon,systemic blood,intermediary month sample,6,N/A,3,11,N/A,N/A,IL-17F,N/A,1790.11328
Plate 1,Unknown Group 1,123,3M11_6mon,3M11,6mon,systemic blood,intermediary month sample,6,N/A,3,11,N/A,N/A,IL-1a,356.46700383386235,36750.57031
Plate 1,Unknown Group 1,123,3M11_6mon,3M11,6mon,systemic blood,intermediary month sample,6,N/A,3,11,N/A,N/A,IL-6,N/A,2451.40942
Plate 1,Unknown Group 1,123,3M11_6mon,3M11,6mon,systemic blood,intermediary month sample,6,N/A,3,11,N/A,N/A,IL-7,N/A,2339.12549
Plate 1,Unknown Group 1,123,3M11_6mon,3M11,6mon,systemic blood,intermediary month sample,6,N/A,3,11,N/A,N/A,TNF-alpha,5.28523806349783,1334.93677
Plate 1,Unknown Group 1,163,3M11_10mon,3M11,10mon,systemic blood,intermediary month sample,10,N/A,3,11,N/A,N/A,GDF-15,136.303078104538,28064.95898
Plate 1,Unknown Group 1,163,3M11_10mon,3M11,10mon,systemic blood,intermediary month sample,10,N/A,3,11,N/A,N/A,IFN-gamma,N/A,1182.0105
Plate 1,Unknown Group 1,163,3M11_10mon,3M11,10mon,systemic blood,intermediary month sample,10,N/A,3,11,N/A,N/A,IL-10,N/A,2246.46899
Plate 1,Unknown Group 1,163,3M11_10mon,3M11,10mon,systemic blood,intermediary month sample,10,N/A,3,11,N/A,N/A,IL-17A,N/A,2842.31323
Plate 1,Unknown Group 1,163,3M11_10mon,3M11,10mon,systemic blood,intermediary month sample,10,N/A,3,11,N/A,N/A,IL-17F,N/A,1268.83435
Plate 1,Unknown Group 1,163,3M11_10mon,3M11,10mon,systemic blood,intermediary month sample,10,N/A,3,11,N/A,N/A,IL-1a,603.6666493066584,61653.21094
Plate 1,Unknown Group 1,163,3M11_10mon,3M11,10mon,systemic blood,intermediary month sample,10,N/A,3,11,N/A,N/A,IL-6,N/A,2319.41895
Plate 1,Unknown Group 1,163,3M11_10mon,3M11,10mon,systemic blood,intermediary month sample,10,N/A,3,11,N/A,N/A,IL-7,N/A,1896.15735
Plate 1,Unknown Group 1,163,3M11_10mon,3M11,10mon,systemic blood,intermediary month sample,10,N/A,3,11,N/A,N/A,TNF-alpha,7.0983188883965145,1448.02148
Plate 1,Unknown Group 1,65,3M11_20mon,3M11,20mon,systemic blood,intermediary month sample,20,N/A,3,11,N/A,N/A,GDF-15,330.252934854742,62514.72266
Plate 1,Unknown Group 1,65,3M11_20mon,3M11,20mon,systemic blood,intermediary month sample,20,N/A,3,11,N/A,N/A,IFN-gamma,N/A,1454.526
Plate 1,Unknown Group 1,65,3M11_20mon,3M11,20mon,systemic blood,intermediary month sample,20,N/A,3,11,N/A,N/A,IL-10,N/A,2767.99805
Plate 1,Unknown Group 1,65,3M11_20mon,3M11,20mon,systemic blood,intermediary month sample,20,N/A,3,11,N/A,N/A,IL-17A,N/A,3051.16357
Plate 1,Unknown Group 1,65,3M11_20mon,3M11,20mon,systemic blood,intermediary month sample,20,N/A,3,11,N/A,N/A,IL-17F,N/A,2013.71655
Plate 1,Unknown Group 1,65,3M11_20mon,3M11,20mon,systemic blood,intermediary month sample,20,N/A,3,11,N/A,N/A,IL-1a,724.8832746847257,73886.50781
Plate 1,Unknown Group 1,65,3M11_20mon,3M11,20mon,systemic blood,intermediary month sample,20,N/A,3,11,N/A,N/A,IL-6,35.61475388891887,3729.02856
Plate 1,Unknown Group 1,65,3M11_20mon,3M11,20mon,systemic blood,intermediary month sample,20,N/A,3,11,N/A,N/A,IL-7,1.5879834077282533,3730.05786
Plate 1,Unknown Group 1,65,3M11_20mon,3M11,20mon,systemic blood,intermediary month sample,20,N/A,3,11,N/A,N/A,TNF-alpha,160.32179580989362,13796.5957
Plate 1,Unknown Group 1,45,3M11_pv_sac,3M11,pv_sac,portal blood,sacrificed sample,N/A,N/A,3,11,N/A,N/A,GDF-15,577.97025907187,105237.03906
Plate 1,Unknown Group 1,45,3M11_pv_sac,3M11,pv_sac,portal blood,sacrificed sample,N/A,N/A,3,11,N/A,N/A,IFN-gamma,3315.7166693943864,115689.48438
Plate 1,Unknown Group 1,45,3M11_pv_sac,3M11,pv_sac,portal blood,sacrificed sample,N/A,N/A,3,11,N/A,N/A,IL-10,1295.4097057291856,27107.51562
Plate 1,Unknown Group 1,45,3M11_pv_sac,3M11,pv_sac,portal blood,sacrificed sample,N/A,N/A,3,11,N/A,N/A,IL-17A,488.0502189621995,12499.71484
Plate 1,Unknown Group 1,45,3M11_pv_sac,3M11,pv_sac,portal blood,sacrificed sample,N/A,N/A,3,11,N/A,N/A,IL-17F,N/A,1582.09912
Plate 1,Unknown Group 1,45,3M11_pv_sac,3M11,pv_sac,portal blood,sacrificed sample,N/A,N/A,3,11,N/A,N/A,IL-1a,380.74115095147,39188.30078
Plate 1,Unknown Group 1,45,3M11_pv_sac,3M11,pv_sac,portal blood,sacrificed sample,N/A,N/A,3,11,N/A,N/A,IL-6,342.43964523461443,12620.63281
Plate 1,Unknown Group 1,45,3M11_pv_sac,3M11,pv_sac,portal blood,sacrificed sample,N/A,N/A,3,11,N/A,N/A,IL-7,11.407097453023908,12085.71582
Plate 1,Unknown Group 1,45,3M11_pv_sac,3M11,pv_sac,portal blood,sacrificed sample,N/A,N/A,3,11,N/A,N/A,TNF-alpha,416.5063046819929,37344.50781
Plate 1,Unknown Group 1,124,3M12_6mon,3M12,6mon,systemic blood,intermediary month sample,6,N/A,3,12,N/A,N/A,GDF-15,182.460233345587,36385.19141
Plate 1,Unknown Group 1,124,3M12_6mon,3M12,6mon,systemic blood,intermediary month sample,6,N/A,3,12,N/A,N/A,IFN-gamma,871.4905589566739,30825.24414
Plate 1,Unknown Group 1,124,3M12_6mon,3M12,6mon,systemic blood,intermediary month sample,6,N/A,3,12,N/A,N/A,IL-10,N/A,3573.40747
Plate 1,Unknown Group 1,124,3M12_6mon,3M12,6mon,systemic blood,intermediary month sample,6,N/A,3,12,N/A,N/A,IL-17A,N/A,3121.95508
Plate 1,Unknown Group 1,124,3M12_6mon,3M12,6mon,systemic blood,intermediary month sample,6,N/A,3,12,N/A,N/A,IL-17F,N/A,1860.89746
Plate 1,Unknown Group 1,124,3M12_6mon,3M12,6mon,systemic blood,intermediary month sample,6,N/A,3,12,N/A,N/A,IL-1a,289.3661509043061,30028.70508
Plate 1,Unknown Group 1,124,3M12_6mon,3M12,6mon,systemic blood,intermediary month sample,6,N/A,3,12,N/A,N/A,IL-6,N/A,3134.19214
Plate 1,Unknown Group 1,124,3M12_6mon,3M12,6mon,systemic blood,intermediary month sample,6,N/A,3,12,N/A,N/A,IL-7,0.6761256909359561,2895.09961
Plate 1,Unknown Group 1,124,3M12_6mon,3M12,6mon,systemic blood,intermediary month sample,6,N/A,3,12,N/A,N/A,TNF-alpha,3.944948521793017,1253.94556
Plate 1,Unknown Group 1,164,3M12_10mon,3M12,10mon,systemic blood,intermediary month sample,10,N/A,3,12,N/A,N/A,GDF-15,119.33082531732,24978.09766
Plate 1,Unknown Group 1,164,3M12_10mon,3M12,10mon,systemic blood,intermediary month sample,10,N/A,3,12,N/A,N/A,IFN-gamma,N/A,1385.75024
Plate 1,Unknown Group 1,164,3M12_10mon,3M12,10mon,systemic blood,intermediary month sample,10,N/A,3,12,N/A,N/A,IL-10,N/A,2517.19751
Plate 1,Unknown Group 1,164,3M12_10mon,3M12,10mon,systemic blood,intermediary month sample,10,N/A,3,12,N/A,N/A,IL-17A,N/A,2268.38403
Plate 1,Unknown Group 1,164,3M12_10mon,3M12,10mon,systemic blood,intermediary month sample,10,N/A,3,12,N/A,N/A,IL-17F,N/A,1369.73206
Plate 1,Unknown Group 1,164,3M12_10mon,3M12,10mon,systemic blood,intermediary month sample,10,N/A,3,12,N/A,N/A,IL-1a,569.1792968151315,58172.85547
Plate 1,Unknown Group 1,164,3M12_10mon,3M12,10mon,systemic blood,intermediary month sample,10,N/A,3,12,N/A,N/A,IL-6,N/A,1938.54358
Plate 1,Unknown Group 1,164,3M12_10mon,3M12,10mon,systemic blood,intermediary month sample,10,N/A,3,12,N/A,N/A,IL-7,N/A,2026.86841
Plate 1,Unknown Group 1,164,3M12_10mon,3M12,10mon,systemic blood,intermediary month sample,10,N/A,3,12,N/A,N/A,TNF-alpha,N/A,876.50818
Plate 1,Unknown Group 1,66,3M12_20mon,3M12,20mon,systemic blood,intermediary month sample,20,N/A,3,12,N/A,N/A,GDF-15,488.099288122562,89856.07812
Plate 1,Unknown Group 1,66,3M12_20mon,3M12,20mon,systemic blood,intermediary month sample,20,N/A,3,12,N/A,N/A,IFN-gamma,N/A,1358.79602
Plate 1,Unknown Group 1,66,3M12_20mon,3M12,20mon,systemic blood,intermediary month sample,20,N/A,3,12,N/A,N/A,IL-10,N/A,2876.22949
Plate 1,Unknown Group 1,66,3M12_20mon,3M12,20mon,systemic blood,intermediary month sample,20,N/A,3,12,N/A,N/A,IL-17A,17.973049635943696,3398.8877
Plate 1,Unknown Group 1,66,3M12_20mon,3M12,20mon,systemic blood,intermediary month sample,20,N/A,3,12,N/A,N/A,IL-17F,N/A,1438.45056
Plate 1,Unknown Group 1,66,3M12_20mon,3M12,20mon,systemic blood,intermediary month sample,20,N/A,3,12,N/A,N/A,IL-1a,717.3382322030324,73125.23438
Plate 1,Unknown Group 1,66,3M12_20mon,3M12,20mon,systemic blood,intermediary month sample,20,N/A,3,12,N/A,N/A,IL-6,65.96926061021486,4579.86182
Plate 1,Unknown Group 1,66,3M12_20mon,3M12,20mon,systemic blood,intermediary month sample,20,N/A,3,12,N/A,N/A,IL-7,0.7945944040221935,3005.45386
Plate 1,Unknown Group 1,66,3M12_20mon,3M12,20mon,systemic blood,intermediary month sample,20,N/A,3,12,N/A,N/A,TNF-alpha,18.966386691765138,2247.3125
Plate 1,Unknown Group 1,125,3M13_6mon,3M13,6mon,systemic blood,intermediary month sample,6,N/A,3,13,N/A,N/A,GDF-15,142.175403647687,29129.23828
Plate 1,Unknown Group 1,125,3M13_6mon,3M13,6mon,systemic blood,intermediary month sample,6,N/A,3,13,N/A,N/A,IFN-gamma,1303.6853096036568,45773.07422
Plate 1,Unknown Group 1,125,3M13_6mon,3M13,6mon,systemic blood,intermediary month sample,6,N/A,3,13,N/A,N/A,IL-10,849.608140293431,18272.45898
Plate 1,Unknown Group 1,125,3M13_6mon,3M13,6mon,systemic blood,intermediary month sample,6,N/A,3,13,N/A,N/A,IL-17A,130.55758377436786,5271.68652
Plate 1,Unknown Group 1,125,3M13_6mon,3M13,6mon,systemic blood,intermediary month sample,6,N/A,3,13,N/A,N/A,IL-17F,N/A,1055.1521
Plate 1,Unknown Group 1,125,3M13_6mon,3M13,6mon,systemic blood,intermediary month sample,6,N/A,3,13,N/A,N/A,IL-1a,487.2138816699236,49905.76953
Plate 1,Unknown Group 1,125,3M13_6mon,3M13,6mon,systemic blood,intermediary month sample,6,N/A,3,13,N/A,N/A,IL-6,192.32891745707607,8212.71777
Plate 1,Unknown Group 1,125,3M13_6mon,3M13,6mon,systemic blood,intermediary month sample,6,N/A,3,13,N/A,N/A,IL-7,2.0752292739221985,4166.6001
Plate 1,Unknown Group 1,125,3M13_6mon,3M13,6mon,systemic blood,intermediary month sample,6,N/A,3,13,N/A,N/A,TNF-alpha,6.31640697048726,1398.81628
Plate 1,Unknown Group 1,165,3M13_10mon,3M13,10mon,systemic blood,intermediary month sample,10,N/A,3,13,N/A,N/A,GDF-15,135.853659820424,27983.43164
Plate 1,Unknown Group 1,165,3M13_10mon,3M13,10mon,systemic blood,intermediary month sample,10,N/A,3,13,N/A,N/A,IFN-gamma,340.21131325762656,12645.35645
Plate 1,Unknown Group 1,165,3M13_10mon,3M13,10mon,systemic blood,intermediary month sample,10,N/A,3,13,N/A,N/A,IL-10,N/A,3127.15161
Plate 1,Unknown Group 1,165,3M13_10mon,3M13,10mon,systemic blood,intermediary month sample,10,N/A,3,13,N/A,N/A,IL-17A,N/A,3226.5625
Plate 1,Unknown Group 1,165,3M13_10mon,3M13,10mon,systemic blood,intermediary month sample,10,N/A,3,13,N/A,N/A,IL-17F,N/A,1481.35864
Plate 1,Unknown Group 1,165,3M13_10mon,3M13,10mon,systemic blood,intermediary month sample,10,N/A,3,13,N/A,N/A,IL-1a,739.6915837362541,75380.49219
Plate 1,Unknown Group 1,165,3M13_10mon,3M13,10mon,systemic blood,intermediary month sample,10,N/A,3,13,N/A,N/A,IL-6,N/A,2509.19214
Plate 1,Unknown Group 1,165,3M13_10mon,3M13,10mon,systemic blood,intermediary month sample,10,N/A,3,13,N/A,N/A,IL-7,1.282890071146414,3453.83984
Plate 1,Unknown Group 1,165,3M13_10mon,3M13,10mon,systemic blood,intermediary month sample,10,N/A,3,13,N/A,N/A,TNF-alpha,7.858322053683475,1496.41187
Plate 1,Unknown Group 1,67,3M13_20mon,3M13,20mon,systemic blood,intermediary month sample,20,N/A,3,13,N/A,N/A,GDF-15,283.79924259024,54369.06641
Plate 1,Unknown Group 1,67,3M13_20mon,3M13,20mon,systemic blood,intermediary month sample,20,N/A,3,13,N/A,N/A,IFN-gamma,21.116925422268285,2062.64282
Plate 1,Unknown Group 1,67,3M13_20mon,3M13,20mon,systemic blood,intermediary month sample,20,N/A,3,13,N/A,N/A,IL-10,N/A,3747.03369
Plate 1,Unknown Group 1,67,3M13_20mon,3M13,20mon,systemic blood,intermediary month sample,20,N/A,3,13,N/A,N/A,IL-17A,N/A,3189.43701
Plate 1,Unknown Group 1,67,3M13_20mon,3M13,20mon,systemic blood,intermediary month sample,20,N/A,3,13,N/A,N/A,IL-17F,N/A,1222.26672
Plate 1,Unknown Group 1,67,3M13_20mon,3M13,20mon,systemic blood,intermediary month sample,20,N/A,3,13,N/A,N/A,IL-1a,2100.4774791085574,210181.10938
Plate 1,Unknown Group 1,67,3M13_20mon,3M13,20mon,systemic blood,intermediary month sample,20,N/A,3,13,N/A,N/A,IL-6,36.51060371606799,3753.90967
Plate 1,Unknown Group 1,67,3M13_20mon,3M13,20mon,systemic blood,intermediary month sample,20,N/A,3,13,N/A,N/A,IL-7,1.8890286676139003,4000.3645
Plate 1,Unknown Group 1,67,3M13_20mon,3M13,20mon,systemic blood,intermediary month sample,20,N/A,3,13,N/A,N/A,TNF-alpha,10.254762230450892,1652.13293
Plate 1,Unknown Group 1,46,3M13_pv_sac,3M13,pv_sac,portal blood,sacrificed sample,N/A,N/A,3,13,N/A,N/A,GDF-15,767.578474300855,137343.875
Plate 1,Unknown Group 1,46,3M13_pv_sac,3M13,pv_sac,portal blood,sacrificed sample,N/A,N/A,3,13,N/A,N/A,IFN-gamma,43.340539127512,2770.61426
Plate 1,Unknown Group 1,46,3M13_pv_sac,3M13,pv_sac,portal blood,sacrificed sample,N/A,N/A,3,13,N/A,N/A,IL-10,305.4728666910301,8060.12695
Plate 1,Unknown Group 1,46,3M13_pv_sac,3M13,pv_sac,portal blood,sacrificed sample,N/A,N/A,3,13,N/A,N/A,IL-17A,84.41130097068803,4455.39795
Plate 1,Unknown Group 1,46,3M13_pv_sac,3M13,pv_sac,portal blood,sacrificed sample,N/A,N/A,3,13,N/A,N/A,IL-17F,N/A,1242.33044
Plate 1,Unknown Group 1,46,3M13_pv_sac,3M13,pv_sac,portal blood,sacrificed sample,N/A,N/A,3,13,N/A,N/A,IL-1a,186.17869410159733,19765.25977
Plate 1,Unknown Group 1,46,3M13_pv_sac,3M13,pv_sac,portal blood,sacrificed sample,N/A,N/A,3,13,N/A,N/A,IL-6,58.42095010429481,4366.99463
Plate 1,Unknown Group 1,46,3M13_pv_sac,3M13,pv_sac,portal blood,sacrificed sample,N/A,N/A,3,13,N/A,N/A,IL-7,6.173090305217852,7715.57666
Plate 1,Unknown Group 1,46,3M13_pv_sac,3M13,pv_sac,portal blood,sacrificed sample,N/A,N/A,3,13,N/A,N/A,TNF-alpha,635.3682831046731,58387.28125
Plate 1,Unknown Group 1,126,3M14_6mon,3M14,6mon,systemic blood,intermediary month sample,6,N/A,3,14,N/A,N/A,GDF-15,184.354654478012,36724.65234
Plate 1,Unknown Group 1,126,3M14_6mon,3M14,6mon,systemic blood,intermediary month sample,6,N/A,3,14,N/A,N/A,IFN-gamma,N/A,1275.92493
Plate 1,Unknown Group 1,126,3M14_6mon,3M14,6mon,systemic blood,intermediary month sample,6,N/A,3,14,N/A,N/A,IL-10,N/A,2742.33765
Plate 1,Unknown Group 1,126,3M14_6mon,3M14,6mon,systemic blood,intermediary month sample,6,N/A,3,14,N/A,N/A,IL-17A,N/A,2797.48975
Plate 1,Unknown Group 1,126,3M14_6mon,3M14,6mon,systemic blood,intermediary month sample,6,N/A,3,14,N/A,N/A,IL-17F,N/A,1104.24292
Plate 1,Unknown Group 1,126,3M14_6mon,3M14,6mon,systemic blood,intermediary month sample,6,N/A,3,14,N/A,N/A,IL-1a,231.90472768357196,24299.25391
Plate 1,Unknown Group 1,126,3M14_6mon,3M14,6mon,systemic blood,intermediary month sample,6,N/A,3,14,N/A,N/A,IL-6,N/A,1900.34595
Plate 1,Unknown Group 1,126,3M14_6mon,3M14,6mon,systemic blood,intermediary month sample,6,N/A,3,14,N/A,N/A,IL-7,N/A,1974.46826
Plate 1,Unknown Group 1,126,3M14_6mon,3M14,6mon,systemic blood,intermediary month sample,6,N/A,3,14,N/A,N/A,TNF-alpha,3.56955119029293,1231.75171
Plate 1,Unknown Group 1,166,3M14_10mon,3M14,10mon,systemic blood,intermediary month sample,10,N/A,3,14,N/A,N/A,GDF-15,101.240716265721,21668.04297
Plate 1,Unknown Group 1,166,3M14_10mon,3M14,10mon,systemic blood,intermediary month sample,10,N/A,3,14,N/A,N/A,IFN-gamma,N/A,1298.31885
Plate 1,Unknown Group 1,166,3M14_10mon,3M14,10mon,systemic blood,intermediary month sample,10,N/A,3,14,N/A,N/A,IL-10,N/A,2382.74829
Plate 1,Unknown Group 1,166,3M14_10mon,3M14,10mon,systemic blood,intermediary month sample,10,N/A,3,14,N/A,N/A,IL-17A,N/A,2527.46167
Plate 1,Unknown Group 1,166,3M14_10mon,3M14,10mon,systemic blood,intermediary month sample,10,N/A,3,14,N/A,N/A,IL-17F,N/A,2006.34717
Plate 1,Unknown Group 1,166,3M14_10mon,3M14,10mon,systemic blood,intermediary month sample,10,N/A,3,14,N/A,N/A,IL-1a,521.3087572029726,53343.50781
Plate 1,Unknown Group 1,166,3M14_10mon,3M14,10mon,systemic blood,intermediary month sample,10,N/A,3,14,N/A,N/A,IL-6,N/A,2320.26245
Plate 1,Unknown Group 1,166,3M14_10mon,3M14,10mon,systemic blood,intermediary month sample,10,N/A,3,14,N/A,N/A,IL-7,N/A,2432.32495
Plate 1,Unknown Group 1,166,3M14_10mon,3M14,10mon,systemic blood,intermediary month sample,10,N/A,3,14,N/A,N/A,TNF-alpha,N/A,1016.20398
Plate 1,Unknown Group 1,68,3M14_20mon,3M14,20mon,systemic blood,intermediary month sample,20,N/A,3,14,N/A,N/A,GDF-15,284.998599213361,54580.05469
Plate 1,Unknown Group 1,68,3M14_20mon,3M14,20mon,systemic blood,intermediary month sample,20,N/A,3,14,N/A,N/A,IFN-gamma,29.028848640957364,2313.12891
Plate 1,Unknown Group 1,68,3M14_20mon,3M14,20mon,systemic blood,intermediary month sample,20,N/A,3,14,N/A,N/A,IL-10,N/A,3060.35571
Plate 1,Unknown Group 1,68,3M14_20mon,3M14,20mon,systemic blood,intermediary month sample,20,N/A,3,14,N/A,N/A,IL-17A,N/A,3220.36548
Plate 1,Unknown Group 1,68,3M14_20mon,3M14,20mon,systemic blood,intermediary month sample,20,N/A,3,14,N/A,N/A,IL-17F,N/A,1798.81201
Plate 1,Unknown Group 1,68,3M14_20mon,3M14,20mon,systemic blood,intermediary month sample,20,N/A,3,14,N/A,N/A,IL-1a,3851.3329319600825,372592.15625
Plate 1,Unknown Group 1,68,3M14_20mon,3M14,20mon,systemic blood,intermediary month sample,20,N/A,3,14,N/A,N/A,IL-6,39.58990541775494,3839.56152
Plate 1,Unknown Group 1,68,3M14_20mon,3M14,20mon,systemic blood,intermediary month sample,20,N/A,3,14,N/A,N/A,IL-7,2.2394804740944485,4312.7002
Plate 1,Unknown Group 1,68,3M14_20mon,3M14,20mon,systemic blood,intermediary month sample,20,N/A,3,14,N/A,N/A,TNF-alpha,2.704539103145085,1181.61023
Plate 1,Unknown Group 1,30,3M14_pv_sac,3M14,pv_sac,portal blood,sacrificed sample,N/A,N/A,3,14,N/A,N/A,GDF-15,613.201562975982,111235.92969
Plate 1,Unknown Group 1,30,3M14_pv_sac,3M14,pv_sac,portal blood,sacrificed sample,N/A,N/A,3,14,N/A,N/A,IFN-gamma,14.94601781043691,1868.98157
Plate 1,Unknown Group 1,30,3M14_pv_sac,3M14,pv_sac,portal blood,sacrificed sample,N/A,N/A,3,14,N/A,N/A,IL-10,N/A,3441.3313
Plate 1,Unknown Group 1,30,3M14_pv_sac,3M14,pv_sac,portal blood,sacrificed sample,N/A,N/A,3,14,N/A,N/A,IL-17A,19.102973349203868,3414.74146
Plate 1,Unknown Group 1,30,3M14_pv_sac,3M14,pv_sac,portal blood,sacrificed sample,N/A,N/A,3,14,N/A,N/A,IL-17F,N/A,2203.18213
Plate 1,Unknown Group 1,30,3M14_pv_sac,3M14,pv_sac,portal blood,sacrificed sample,N/A,N/A,3,14,N/A,N/A,IL-1a,46.87650174324491,6226.14111
Plate 1,Unknown Group 1,30,3M14_pv_sac,3M14,pv_sac,portal blood,sacrificed sample,N/A,N/A,3,14,N/A,N/A,IL-6,38.46723117474145,3808.31152
Plate 1,Unknown Group 1,30,3M14_pv_sac,3M14,pv_sac,portal blood,sacrificed sample,N/A,N/A,3,14,N/A,N/A,IL-7,3.109617468521406,5079.58301
Plate 1,Unknown Group 1,30,3M14_pv_sac,3M14,pv_sac,portal blood,sacrificed sample,N/A,N/A,3,14,N/A,N/A,TNF-alpha,18.79379482357206,2235.17554
Plate 1,Unknown Group 1,127,3M15_6mon,3M15,6mon,systemic blood,intermediary month sample,6,N/A,3,15,N/A,N/A,GDF-15,120.05368577208,25109.91797
Plate 1,Unknown Group 1,127,3M15_6mon,3M15,6mon,systemic blood,intermediary month sample,6,N/A,3,15,N/A,N/A,IFN-gamma,N/A,1174.01929
Plate 1,Unknown Group 1,127,3M15_6mon,3M15,6mon,systemic blood,intermediary month sample,6,N/A,3,15,N/A,N/A,IL-10,N/A,2398.41602
Plate 1,Unknown Group 1,127,3M15_6mon,3M15,6mon,systemic blood,intermediary month sample,6,N/A,3,15,N/A,N/A,IL-17A,N/A,2806.16699
Plate 1,Unknown Group 1,127,3M15_6mon,3M15,6mon,systemic blood,intermediary month sample,6,N/A,3,15,N/A,N/A,IL-17F,N/A,1208.6073
Plate 1,Unknown Group 1,127,3M15_6mon,3M15,6mon,systemic blood,intermediary month sample,6,N/A,3,15,N/A,N/A,IL-1a,299.47261239907294,31039.26953
Plate 1,Unknown Group 1,127,3M15_6mon,3M15,6mon,systemic blood,intermediary month sample,6,N/A,3,15,N/A,N/A,IL-6,N/A,2370.18237
Plate 1,Unknown Group 1,127,3M15_6mon,3M15,6mon,systemic blood,intermediary month sample,6,N/A,3,15,N/A,N/A,IL-7,N/A,1933.62585
Plate 1,Unknown Group 1,127,3M15_6mon,3M15,6mon,systemic blood,intermediary month sample,6,N/A,3,15,N/A,N/A,TNF-alpha,7.969003899537805,1503.50244
Plate 1,Unknown Group 1,167,3M15_10mon,3M15,10mon,systemic blood,intermediary month sample,10,N/A,3,15,N/A,N/A,GDF-15,139.443592785499,28634.36328
Plate 1,Unknown Group 1,167,3M15_10mon,3M15,10mon,systemic blood,intermediary month sample,10,N/A,3,15,N/A,N/A,IFN-gamma,1149.2936554914618,40424.13281
Plate 1,Unknown Group 1,167,3M15_10mon,3M15,10mon,systemic blood,intermediary month sample,10,N/A,3,15,N/A,N/A,IL-10,340.57415163200164,8687.91504
Plate 1,Unknown Group 1,167,3M15_10mon,3M15,10mon,systemic blood,intermediary month sample,10,N/A,3,15,N/A,N/A,IL-17A,71.79152044341096,4241.23682
Plate 1,Unknown Group 1,167,3M15_10mon,3M15,10mon,systemic blood,intermediary month sample,10,N/A,3,15,N/A,N/A,IL-17F,N/A,1699.85852
Plate 1,Unknown Group 1,167,3M15_10mon,3M15,10mon,systemic blood,intermediary month sample,10,N/A,3,15,N/A,N/A,IL-1a,888.1245572683198,90341.21875
Plate 1,Unknown Group 1,167,3M15_10mon,3M15,10mon,systemic blood,intermediary month sample,10,N/A,3,15,N/A,N/A,IL-6,112.30944900289876,5899.53125
Plate 1,Unknown Group 1,167,3M15_10mon,3M15,10mon,systemic blood,intermediary month sample,10,N/A,3,15,N/A,N/A,IL-7,2.0907227702810567,4180.40234
Plate 1,Unknown Group 1,167,3M15_10mon,3M15,10mon,systemic blood,intermediary month sample,10,N/A,3,15,N/A,N/A,TNF-alpha,4.857293413631435,1308.80469
Plate 1,Unknown Group 1,69,3M15_20mon,3M15,20mon,systemic blood,intermediary month sample,20,N/A,3,15,N/A,N/A,GDF-15,367.559911301134,69020.41406
Plate 1,Unknown Group 1,69,3M15_20mon,3M15,20mon,systemic blood,intermediary month sample,20,N/A,3,15,N/A,N/A,IFN-gamma,3735.531252285667,130240.71875
Plate 1,Unknown Group 1,69,3M15_20mon,3M15,20mon,systemic blood,intermediary month sample,20,N/A,3,15,N/A,N/A,IL-10,795.350920004471,17219.43555
Plate 1,Unknown Group 1,69,3M15_20mon,3M15,20mon,systemic blood,intermediary month sample,20,N/A,3,15,N/A,N/A,IL-17A,61.02726429767988,4062.44287
Plate 1,Unknown Group 1,69,3M15_20mon,3M15,20mon,systemic blood,intermediary month sample,20,N/A,3,15,N/A,N/A,IL-17F,N/A,1615.73645
Plate 1,Unknown Group 1,69,3M15_20mon,3M15,20mon,systemic blood,intermediary month sample,20,N/A,3,15,N/A,N/A,IL-1a,1855.2785736167607,186376.04688
Plate 1,Unknown Group 1,69,3M15_20mon,3M15,20mon,systemic blood,intermediary month sample,20,N/A,3,15,N/A,N/A,IL-6,138.88813057402774,6663.93408
Plate 1,Unknown Group 1,69,3M15_20mon,3M15,20mon,systemic blood,intermediary month sample,20,N/A,3,15,N/A,N/A,IL-7,4.072760751415865,5917.37891
Plate 1,Unknown Group 1,69,3M15_20mon,3M15,20mon,systemic blood,intermediary month sample,20,N/A,3,15,N/A,N/A,TNF-alpha,34.00132521555425,3341.92017
Plate 1,Unknown Group 1,47,3M15_pv_sac,3M15,pv_sac,portal blood,sacrificed sample,N/A,N/A,3,15,N/A,N/A,GDF-15,798.494646651188,142540.6875
Plate 1,Unknown Group 1,47,3M15_pv_sac,3M15,pv_sac,portal blood,sacrificed sample,N/A,N/A,3,15,N/A,N/A,IFN-gamma,22.604131965880097,2109.56079
Plate 1,Unknown Group 1,47,3M15_pv_sac,3M15,pv_sac,portal blood,sacrificed sample,N/A,N/A,3,15,N/A,N/A,IL-10,N/A,3640.93945
Plate 1,Unknown Group 1,47,3M15_pv_sac,3M15,pv_sac,portal blood,sacrificed sample,N/A,N/A,3,15,N/A,N/A,IL-17A,57.44911431144891,4003.89551
Plate 1,Unknown Group 1,47,3M15_pv_sac,3M15,pv_sac,portal blood,sacrificed sample,N/A,N/A,3,15,N/A,N/A,IL-17F,N/A,1645.39966
Plate 1,Unknown Group 1,47,3M15_pv_sac,3M15,pv_sac,portal blood,sacrificed sample,N/A,N/A,3,15,N/A,N/A,IL-1a,170.69694725342865,18236.79102
Plate 1,Unknown Group 1,47,3M15_pv_sac,3M15,pv_sac,portal blood,sacrificed sample,N/A,N/A,3,15,N/A,N/A,IL-6,126.17476566168574,6297.73291
Plate 1,Unknown Group 1,47,3M15_pv_sac,3M15,pv_sac,portal blood,sacrificed sample,N/A,N/A,3,15,N/A,N/A,IL-7,4.651645281200351,6416.49268
Plate 1,Unknown Group 1,47,3M15_pv_sac,3M15,pv_sac,portal blood,sacrificed sample,N/A,N/A,3,15,N/A,N/A,TNF-alpha,155.43675975978618,13369.33105
Plate 1,Unknown Group 1,128,3M16_6mon,3M16,6mon,systemic blood,intermediary month sample,6,N/A,3,16,N/A,N/A,GDF-15,110.843961993029,23427.95117
Plate 1,Unknown Group 1,128,3M16_6mon,3M16,6mon,systemic blood,intermediary month sample,6,N/A,3,16,N/A,N/A,IFN-gamma,N/A,1306.43872
Plate 1,Unknown Group 1,128,3M16_6mon,3M16,6mon,systemic blood,intermediary month sample,6,N/A,3,16,N/A,N/A,IL-10,N/A,2371.29028
Plate 1,Unknown Group 1,128,3M16_6mon,3M16,6mon,systemic blood,intermediary month sample,6,N/A,3,16,N/A,N/A,IL-17A,N/A,2618.93872
Plate 1,Unknown Group 1,128,3M16_6mon,3M16,6mon,systemic blood,intermediary month sample,6,N/A,3,16,N/A,N/A,IL-17F,41.57131489833916,6898.56592
Plate 1,Unknown Group 1,128,3M16_6mon,3M16,6mon,systemic blood,intermediary month sample,6,N/A,3,16,N/A,N/A,IL-1a,222.3047279375788,23345.21484
Plate 1,Unknown Group 1,128,3M16_6mon,3M16,6mon,systemic blood,intermediary month sample,6,N/A,3,16,N/A,N/A,IL-6,N/A,2591.78442
Plate 1,Unknown Group 1,128,3M16_6mon,3M16,6mon,systemic blood,intermediary month sample,6,N/A,3,16,N/A,N/A,IL-7,1.2891138477655684,3459.50073
Plate 1,Unknown Group 1,128,3M16_6mon,3M16,6mon,systemic blood,intermediary month sample,6,N/A,3,16,N/A,N/A,TNF-alpha,5.23207314122708,1331.67749
Plate 1,Unknown Group 1,168,3M16_10mon,3M16,10mon,systemic blood,intermediary month sample,10,N/A,3,16,N/A,N/A,GDF-15,108.433166420893,22986.74805
Plate 1,Unknown Group 1,168,3M16_10mon,3M16,10mon,systemic blood,intermediary month sample,10,N/A,3,16,N/A,N/A,IFN-gamma,8.230289290224242,1660.73877
Plate 1,Unknown Group 1,168,3M16_10mon,3M16,10mon,systemic blood,intermediary month sample,10,N/A,3,16,N/A,N/A,IL-10,N/A,2431.89624
Plate 1,Unknown Group 1,168,3M16_10mon,3M16,10mon,systemic blood,intermediary month sample,10,N/A,3,16,N/A,N/A,IL-17A,N/A,2517.22607
Plate 1,Unknown Group 1,168,3M16_10mon,3M16,10mon,systemic blood,intermediary month sample,10,N/A,3,16,N/A,N/A,IL-17F,N/A,2270.59985
Plate 1,Unknown Group 1,168,3M16_10mon,3M16,10mon,systemic blood,intermediary month sample,10,N/A,3,16,N/A,N/A,IL-1a,686.3433647093395,69997.54688
Plate 1,Unknown Group 1,168,3M16_10mon,3M16,10mon,systemic blood,intermediary month sample,10,N/A,3,16,N/A,N/A,IL-6,N/A,2256.6333
Plate 1,Unknown Group 1,168,3M16_10mon,3M16,10mon,systemic blood,intermediary month sample,10,N/A,3,16,N/A,N/A,IL-7,0.5292349950464691,2757.10498
Plate 1,Unknown Group 1,168,3M16_10mon,3M16,10mon,systemic blood,intermediary month sample,10,N/A,3,16,N/A,N/A,TNF-alpha,15.380881262004277,1997.75562
Plate 1,Unknown Group 1,70,3M16_20mon,3M16,20mon,systemic blood,intermediary month sample,20,N/A,3,16,N/A,N/A,GDF-15,319.628608687765,60656.35156
Plate 1,Unknown Group 1,70,3M16_20mon,3M16,20mon,systemic blood,intermediary month sample,20,N/A,3,16,N/A,N/A,IFN-gamma,N/A,1212.28845
Plate 1,Unknown Group 1,70,3M16_20mon,3M16,20mon,systemic blood,intermediary month sample,20,N/A,3,16,N/A,N/A,IL-10,N/A,2650.31738
Plate 1,Unknown Group 1,70,3M16_20mon,3M16,20mon,systemic blood,intermediary month sample,20,N/A,3,16,N/A,N/A,IL-17A,N/A,2757.29077
Plate 1,Unknown Group 1,70,3M16_20mon,3M16,20mon,systemic blood,intermediary month sample,20,N/A,3,16,N/A,N/A,IL-17F,N/A,1623.42749
Plate 1,Unknown Group 1,70,3M16_20mon,3M16,20mon,systemic blood,intermediary month sample,20,N/A,3,16,N/A,N/A,IL-1a,495.5360937978279,50744.70312
Plate 1,Unknown Group 1,70,3M16_20mon,3M16,20mon,systemic blood,intermediary month sample,20,N/A,3,16,N/A,N/A,IL-6,67.6283682416386,4626.74414
Plate 1,Unknown Group 1,70,3M16_20mon,3M16,20mon,systemic blood,intermediary month sample,20,N/A,3,16,N/A,N/A,IL-7,0.3859463919625639,2620.91138
Plate 1,Unknown Group 1,70,3M16_20mon,3M16,20mon,systemic blood,intermediary month sample,20,N/A,3,16,N/A,N/A,TNF-alpha,13.317665180562434,1856.87329
Plate 1,Unknown Group 1,48,3M16_pv_sac,3M16,pv_sac,portal blood,sacrificed sample,N/A,N/A,3,16,N/A,N/A,GDF-15,458.715585148429,84800.47656
Plate 1,Unknown Group 1,48,3M16_pv_sac,3M16,pv_sac,portal blood,sacrificed sample,N/A,N/A,3,16,N/A,N/A,IFN-gamma,N/A,1246.23315
Plate 1,Unknown Group 1,48,3M16_pv_sac,3M16,pv_sac,portal blood,sacrificed sample,N/A,N/A,3,16,N/A,N/A,IL-10,N/A,2962.70288
Plate 1,Unknown Group 1,48,3M16_pv_sac,3M16,pv_sac,portal blood,sacrificed sample,N/A,N/A,3,16,N/A,N/A,IL-17A,N/A,2686.07056
Plate 1,Unknown Group 1,48,3M16_pv_sac,3M16,pv_sac,portal blood,sacrificed sample,N/A,N/A,3,16,N/A,N/A,IL-17F,N/A,977.77765
Plate 1,Unknown Group 1,48,3M16_pv_sac,3M16,pv_sac,portal blood,sacrificed sample,N/A,N/A,3,16,N/A,N/A,IL-1a,111.9931686294603,12482.90234
Plate 1,Unknown Group 1,48,3M16_pv_sac,3M16,pv_sac,portal blood,sacrificed sample,N/A,N/A,3,16,N/A,N/A,IL-6,N/A,2649.27368
Plate 1,Unknown Group 1,48,3M16_pv_sac,3M16,pv_sac,portal blood,sacrificed sample,N/A,N/A,3,16,N/A,N/A,IL-7,0.8500222406523075,3056.83911
Plate 1,Unknown Group 1,48,3M16_pv_sac,3M16,pv_sac,portal blood,sacrificed sample,N/A,N/A,3,16,N/A,N/A,TNF-alpha,22.38828285053307,2490.26465
Plate 1,Unknown Group 1,129,3M17_6mon,3M17,6mon,systemic blood,intermediary month sample,6,N/A,3,17,N/A,N/A,GDF-15,131.461613304515,27186.09961
Plate 1,Unknown Group 1,129,3M17_6mon,3M17,6mon,systemic blood,intermediary month sample,6,N/A,3,17,N/A,N/A,IFN-gamma,N/A,1301.59253
Plate 1,Unknown Group 1,129,3M17_6mon,3M17,6mon,systemic blood,intermediary month sample,6,N/A,3,17,N/A,N/A,IL-10,N/A,2689.58716
Plate 1,Unknown Group 1,129,3M17_6mon,3M17,6mon,systemic blood,intermediary month sample,6,N/A,3,17,N/A,N/A,IL-17A,N/A,2884.34204
Plate 1,Unknown Group 1,129,3M17_6mon,3M17,6mon,systemic blood,intermediary month sample,6,N/A,3,17,N/A,N/A,IL-17F,N/A,1913.24048
Plate 1,Unknown Group 1,129,3M17_6mon,3M17,6mon,systemic blood,intermediary month sample,6,N/A,3,17,N/A,N/A,IL-1a,156.06695093339735,16796.12305
Plate 1,Unknown Group 1,129,3M17_6mon,3M17,6mon,systemic blood,intermediary month sample,6,N/A,3,17,N/A,N/A,IL-6,N/A,1201.00928
Plate 1,Unknown Group 1,129,3M17_6mon,3M17,6mon,systemic blood,intermediary month sample,6,N/A,3,17,N/A,N/A,IL-7,N/A,2261.75073
Plate 1,Unknown Group 1,129,3M17_6mon,3M17,6mon,systemic blood,intermediary month sample,6,N/A,3,17,N/A,N/A,TNF-alpha,7.408939899475099,1467.73499
Plate 1,Unknown Group 1,169,3M17_10mon,3M17,10mon,systemic blood,intermediary month sample,10,N/A,3,17,N/A,N/A,GDF-15,122.90526944662,25629.61719
Plate 1,Unknown Group 1,169,3M17_10mon,3M17,10mon,systemic blood,intermediary month sample,10,N/A,3,17,N/A,N/A,IFN-gamma,6984.850989879707,241581.375
Plate 1,Unknown Group 1,169,3M17_10mon,3M17,10mon,systemic blood,intermediary month sample,10,N/A,3,17,N/A,N/A,IL-10,193.45689297798685,6104.65723
Plate 1,Unknown Group 1,169,3M17_10mon,3M17,10mon,systemic blood,intermediary month sample,10,N/A,3,17,N/A,N/A,IL-17A,92.5803254527498,4596.35156
Plate 1,Unknown Group 1,169,3M17_10mon,3M17,10mon,systemic blood,intermediary month sample,10,N/A,3,17,N/A,N/A,IL-17F,N/A,1704.22583
Plate 1,Unknown Group 1,169,3M17_10mon,3M17,10mon,systemic blood,intermediary month sample,10,N/A,3,17,N/A,N/A,IL-1a,499.1022166863242,51104.23047
Plate 1,Unknown Group 1,169,3M17_10mon,3M17,10mon,systemic blood,intermediary month sample,10,N/A,3,17,N/A,N/A,IL-6,46.011356952941064,4018.76294
Plate 1,Unknown Group 1,169,3M17_10mon,3M17,10mon,systemic blood,intermediary month sample,10,N/A,3,17,N/A,N/A,IL-7,0.607521300095361,2830.8269
Plate 1,Unknown Group 1,169,3M17_10mon,3M17,10mon,systemic blood,intermediary month sample,10,N/A,3,17,N/A,N/A,TNF-alpha,21.51507556713213,2427.86475
Plate 1,Unknown Group 1,71,3M17_20mon,3M17,20mon,systemic blood,intermediary month sample,20,N/A,3,17,N/A,N/A,GDF-15,230.258820270655,44909.08203
Plate 1,Unknown Group 1,71,3M17_20mon,3M17,20mon,systemic blood,intermediary month sample,20,N/A,3,17,N/A,N/A,IFN-gamma,4140.436914845598,144246.48438
Plate 1,Unknown Group 1,71,3M17_20mon,3M17,20mon,systemic blood,intermediary month sample,20,N/A,3,17,N/A,N/A,IL-10,N/A,3541.60718
Plate 1,Unknown Group 1,71,3M17_20mon,3M17,20mon,systemic blood,intermediary month sample,20,N/A,3,17,N/A,N/A,IL-17A,32.99592000379268,3618.36694
Plate 1,Unknown Group 1,71,3M17_20mon,3M17,20mon,systemic blood,intermediary month sample,20,N/A,3,17,N/A,N/A,IL-17F,N/A,1779.00562
Plate 1,Unknown Group 1,71,3M17_20mon,3M17,20mon,systemic blood,intermediary month sample,20,N/A,3,17,N/A,N/A,IL-1a,1181.2891689711676,119760.82031
Plate 1,Unknown Group 1,71,3M17_20mon,3M17,20mon,systemic blood,intermediary month sample,20,N/A,3,17,N/A,N/A,IL-6,N/A,3233.646
Plate 1,Unknown Group 1,71,3M17_20mon,3M17,20mon,systemic blood,intermediary month sample,20,N/A,3,17,N/A,N/A,IL-7,1.2680741307120933,3440.35913
Plate 1,Unknown Group 1,71,3M17_20mon,3M17,20mon,systemic blood,intermediary month sample,20,N/A,3,17,N/A,N/A,TNF-alpha,10.173127803115792,1646.75781
Plate 1,Unknown Group 1,31,3M17_pv_sac,3M17,pv_sac,portal blood,sacrificed sample,N/A,N/A,3,17,N/A,N/A,GDF-15,470.44424371089,86820.13281
Plate 1,Unknown Group 1,31,3M17_pv_sac,3M17,pv_sac,portal blood,sacrificed sample,N/A,N/A,3,17,N/A,N/A,IFN-gamma,102.356622659175,4690.88818
Plate 1,Unknown Group 1,31,3M17_pv_sac,3M17,pv_sac,portal blood,sacrificed sample,N/A,N/A,3,17,N/A,N/A,IL-10,N/A,2904.52026
Plate 1,Unknown Group 1,31,3M17_pv_sac,3M17,pv_sac,portal blood,sacrificed sample,N/A,N/A,3,17,N/A,N/A,IL-17A,37.405075956310135,3685.70581
Plate 1,Unknown Group 1,31,3M17_pv_sac,3M17,pv_sac,portal blood,sacrificed sample,N/A,N/A,3,17,N/A,N/A,IL-17F,N/A,1462.40283
Plate 1,Unknown Group 1,31,3M17_pv_sac,3M17,pv_sac,portal blood,sacrificed sample,N/A,N/A,3,17,N/A,N/A,IL-1a,53.56497332506194,6859.07471
Plate 1,Unknown Group 1,31,3M17_pv_sac,3M17,pv_sac,portal blood,sacrificed sample,N/A,N/A,3,17,N/A,N/A,IL-6,232.4981806929833,9385.09277
Plate 1,Unknown Group 1,31,3M17_pv_sac,3M17,pv_sac,portal blood,sacrificed sample,N/A,N/A,3,17,N/A,N/A,IL-7,3.560052622145747,5472.65283
Plate 1,Unknown Group 1,31,3M17_pv_sac,3M17,pv_sac,portal blood,sacrificed sample,N/A,N/A,3,17,N/A,N/A,TNF-alpha,69.54764838366492,6117.13721
Plate 1,Unknown Group 1,130,3M18_6mon,3M18,6mon,systemic blood,intermediary month sample,6,N/A,3,18,N/A,N/A,GDF-15,128.84810705033,26711.12891
Plate 1,Unknown Group 1,130,3M18_6mon,3M18,6mon,systemic blood,intermediary month sample,6,N/A,3,18,N/A,N/A,IFN-gamma,N/A,1341.17676
Plate 1,Unknown Group 1,130,3M18_6mon,3M18,6mon,systemic blood,intermediary month sample,6,N/A,3,18,N/A,N/A,IL-10,N/A,2589.01123
Plate 1,Unknown Group 1,130,3M18_6mon,3M18,6mon,systemic blood,intermediary month sample,6,N/A,3,18,N/A,N/A,IL-17A,N/A,2454.91919
Plate 1,Unknown Group 1,130,3M18_6mon,3M18,6mon,systemic blood,intermediary month sample,6,N/A,3,18,N/A,N/A,IL-17F,N/A,2021.75781
Plate 1,Unknown Group 1,130,3M18_6mon,3M18,6mon,systemic blood,intermediary month sample,6,N/A,3,18,N/A,N/A,IL-1a,769.6605921022835,78403.39062
Plate 1,Unknown Group 1,130,3M18_6mon,3M18,6mon,systemic blood,intermediary month sample,6,N/A,3,18,N/A,N/A,IL-6,N/A,2374.34229
Plate 1,Unknown Group 1,130,3M18_6mon,3M18,6mon,systemic blood,intermediary month sample,6,N/A,3,18,N/A,N/A,IL-7,0.2621958216784385,2501.55811
Plate 1,Unknown Group 1,130,3M18_6mon,3M18,6mon,systemic blood,intermediary month sample,6,N/A,3,18,N/A,N/A,TNF-alpha,4.929789167890528,1313.21472
Plate 1,Unknown Group 1,170,3M18_10mon,3M18,10mon,systemic blood,intermediary month sample,10,N/A,3,18,N/A,N/A,GDF-15,101.447755935761,21706.05469
Plate 1,Unknown Group 1,170,3M18_10mon,3M18,10mon,systemic blood,intermediary month sample,10,N/A,3,18,N/A,N/A,IFN-gamma,65.8297606988419,3497.2981
Plate 1,Unknown Group 1,170,3M18_10mon,3M18,10mon,systemic blood,intermediary month sample,10,N/A,3,18,N/A,N/A,IL-10,N/A,2599.28955
Plate 1,Unknown Group 1,170,3M18_10mon,3M18,10mon,systemic blood,intermediary month sample,10,N/A,3,18,N/A,N/A,IL-17A,51.82595787184001,3912.8689
Plate 1,Unknown Group 1,170,3M18_10mon,3M18,10mon,systemic blood,intermediary month sample,10,N/A,3,18,N/A,N/A,IL-17F,N/A,1258.82739
Plate 1,Unknown Group 1,170,3M18_10mon,3M18,10mon,systemic blood,intermediary month sample,10,N/A,3,18,N/A,N/A,IL-1a,974.554841688062,99035.59375
Plate 1,Unknown Group 1,170,3M18_10mon,3M18,10mon,systemic blood,intermediary month sample,10,N/A,3,18,N/A,N/A,IL-6,32.12913703483274,3632.39087
Plate 1,Unknown Group 1,170,3M18_10mon,3M18,10mon,systemic blood,intermediary month sample,10,N/A,3,18,N/A,N/A,IL-7,1.3947504649525448,3555.40942
Plate 1,Unknown Group 1,170,3M18_10mon,3M18,10mon,systemic blood,intermediary month sample,10,N/A,3,18,N/A,N/A,TNF-alpha,N/A,740.48633
Plate 1,Unknown Group 1,72,3M18_20mon,3M18,20mon,systemic blood,intermediary month sample,20,N/A,3,18,N/A,N/A,GDF-15,346.475045046052,65347.29297
Plate 1,Unknown Group 1,72,3M18_20mon,3M18,20mon,systemic blood,intermediary month sample,20,N/A,3,18,N/A,N/A,IFN-gamma,147.71247317696154,6188.20752
Plate 1,Unknown Group 1,72,3M18_20mon,3M18,20mon,systemic blood,intermediary month sample,20,N/A,3,18,N/A,N/A,IL-10,N/A,3550.3916
Plate 1,Unknown Group 1,72,3M18_20mon,3M18,20mon,systemic blood,intermediary month sample,20,N/A,3,18,N/A,N/A,IL-17A,30.421236142566883,3579.58325
Plate 1,Unknown Group 1,72,3M18_20mon,3M18,20mon,systemic blood,intermediary month sample,20,N/A,3,18,N/A,N/A,IL-17F,N/A,1243.30969
Plate 1,Unknown Group 1,72,3M18_20mon,3M18,20mon,systemic blood,intermediary month sample,20,N/A,3,18,N/A,N/A,IL-1a,755.1113073683832,76935.95312
Plate 1,Unknown Group 1,72,3M18_20mon,3M18,20mon,systemic blood,intermediary month sample,20,N/A,3,18,N/A,N/A,IL-6,85.04304271776033,5120.65381
Plate 1,Unknown Group 1,72,3M18_20mon,3M18,20mon,systemic blood,intermediary month sample,20,N/A,3,18,N/A,N/A,IL-7,1.95658494212906,4060.75586
Plate 1,Unknown Group 1,72,3M18_20mon,3M18,20mon,systemic blood,intermediary month sample,20,N/A,3,18,N/A,N/A,TNF-alpha,1.9321339758468477,1138.28052
Plate 1,Unknown Group 1,32,3M18_pv_sac,3M18,pv_sac,portal blood,sacrificed sample,N/A,N/A,3,18,N/A,N/A,GDF-15,207.913028465133,40934.42578
Plate 1,Unknown Group 1,32,3M18_pv_sac,3M18,pv_sac,portal blood,sacrificed sample,N/A,N/A,3,18,N/A,N/A,IFN-gamma,7.436283489008922,1636.36499
Plate 1,Unknown Group 1,32,3M18_pv_sac,3M18,pv_sac,portal blood,sacrificed sample,N/A,N/A,3,18,N/A,N/A,IL-10,N/A,3258.22705
Plate 1,Unknown Group 1,32,3M18_pv_sac,3M18,pv_sac,portal blood,sacrificed sample,N/A,N/A,3,18,N/A,N/A,IL-17A,N/A,2996.12598
Plate 1,Unknown Group 1,32,3M18_pv_sac,3M18,pv_sac,portal blood,sacrificed sample,N/A,N/A,3,18,N/A,N/A,IL-17F,N/A,1411.59656
Plate 1,Unknown Group 1,32,3M18_pv_sac,3M18,pv_sac,portal blood,sacrificed sample,N/A,N/A,3,18,N/A,N/A,IL-1a,26.648737145416565,4334.7583
Plate 1,Unknown Group 1,32,3M18_pv_sac,3M18,pv_sac,portal blood,sacrificed sample,N/A,N/A,3,18,N/A,N/A,IL-6,51.22207732702836,4164.69873
Plate 1,Unknown Group 1,32,3M18_pv_sac,3M18,pv_sac,portal blood,sacrificed sample,N/A,N/A,3,18,N/A,N/A,IL-7,1.204574918038762,3382.50513
Plate 1,Unknown Group 1,32,3M18_pv_sac,3M18,pv_sac,portal blood,sacrificed sample,N/A,N/A,3,18,N/A,N/A,TNF-alpha,15.839475239104294,2029.35583
Plate 1,Unknown Group 1,131,3M19_6mon,3M19,6mon,systemic blood,intermediary month sample,6,N/A,3,19,N/A,N/A,GDF-15,88.5733849077117,19336.10938
Plate 1,Unknown Group 1,131,3M19_6mon,3M19,6mon,systemic blood,intermediary month sample,6,N/A,3,19,N/A,N/A,IFN-gamma,6029.888795746501,209131.4375
Plate 1,Unknown Group 1,131,3M19_6mon,3M19,6mon,systemic blood,intermediary month sample,6,N/A,3,19,N/A,N/A,IL-10,343.3826186711147,8738.40625
Plate 1,Unknown Group 1,131,3M19_6mon,3M19,6mon,systemic blood,intermediary month sample,6,N/A,3,19,N/A,N/A,IL-17A,210.22110165375815,6769.19873
Plate 1,Unknown Group 1,131,3M19_6mon,3M19,6mon,systemic blood,intermediary month sample,6,N/A,3,19,N/A,N/A,IL-17F,N/A,2235.86182
Plate 1,Unknown Group 1,131,3M19_6mon,3M19,6mon,systemic blood,intermediary month sample,6,N/A,3,19,N/A,N/A,IL-1a,749.0016690762567,76319.67188
Plate 1,Unknown Group 1,131,3M19_6mon,3M19,6mon,systemic blood,intermediary month sample,6,N/A,3,19,N/A,N/A,IL-6,163.50308414281105,7375.55713
Plate 1,Unknown Group 1,131,3M19_6mon,3M19,6mon,systemic blood,intermediary month sample,6,N/A,3,19,N/A,N/A,IL-7,4.370946346211227,6174.84863
Plate 1,Unknown Group 1,131,3M19_6mon,3M19,6mon,systemic blood,intermediary month sample,6,N/A,3,19,N/A,N/A,TNF-alpha,72.25546903962415,6335.95166
Plate 1,Unknown Group 1,171,3M19_10mon,3M19,10mon,systemic blood,intermediary month sample,10,N/A,3,19,N/A,N/A,GDF-15,151.790827295218,30868.04688
Plate 1,Unknown Group 1,171,3M19_10mon,3M19,10mon,systemic blood,intermediary month sample,10,N/A,3,19,N/A,N/A,IFN-gamma,36.99265604786957,2567.11035
Plate 1,Unknown Group 1,171,3M19_10mon,3M19,10mon,systemic blood,intermediary month sample,10,N/A,3,19,N/A,N/A,IL-10,N/A,2423.20459
Plate 1,Unknown Group 1,171,3M19_10mon,3M19,10mon,systemic blood,intermediary month sample,10,N/A,3,19,N/A,N/A,IL-17A,N/A,1973.46753
Plate 1,Unknown Group 1,171,3M19_10mon,3M19,10mon,systemic blood,intermediary month sample,10,N/A,3,19,N/A,N/A,IL-17F,N/A,1398.67334
Plate 1,Unknown Group 1,171,3M19_10mon,3M19,10mon,systemic blood,intermediary month sample,10,N/A,3,19,N/A,N/A,IL-1a,417.8883485375604,42923.52734
Plate 1,Unknown Group 1,171,3M19_10mon,3M19,10mon,systemic blood,intermediary month sample,10,N/A,3,19,N/A,N/A,IL-6,N/A,2040.80664
Plate 1,Unknown Group 1,171,3M19_10mon,3M19,10mon,systemic blood,intermediary month sample,10,N/A,3,19,N/A,N/A,IL-7,N/A,1956.69885
Plate 1,Unknown Group 1,171,3M19_10mon,3M19,10mon,systemic blood,intermediary month sample,10,N/A,3,19,N/A,N/A,TNF-alpha,11.991814542769408,1767.54773
Plate 1,Unknown Group 1,73,3M19_20mon,3M19,20mon,systemic blood,intermediary month sample,20,N/A,3,19,N/A,N/A,GDF-15,497.666869899423,91499.24219
Plate 1,Unknown Group 1,73,3M19_20mon,3M19,20mon,systemic blood,intermediary month sample,20,N/A,3,19,N/A,N/A,IFN-gamma,N/A,1061.44214
Plate 1,Unknown Group 1,73,3M19_20mon,3M19,20mon,systemic blood,intermediary month sample,20,N/A,3,19,N/A,N/A,IL-10,N/A,2768.09814
Plate 1,Unknown Group 1,73,3M19_20mon,3M19,20mon,systemic blood,intermediary month sample,20,N/A,3,19,N/A,N/A,IL-17A,N/A,3072.00659
Plate 1,Unknown Group 1,73,3M19_20mon,3M19,20mon,systemic blood,intermediary month sample,20,N/A,3,19,N/A,N/A,IL-17F,N/A,1596.86646
Plate 1,Unknown Group 1,73,3M19_20mon,3M19,20mon,systemic blood,intermediary month sample,20,N/A,3,19,N/A,N/A,IL-1a,1369.1152746249634,138484.3125
Plate 1,Unknown Group 1,73,3M19_20mon,3M19,20mon,systemic blood,intermediary month sample,20,N/A,3,19,N/A,N/A,IL-6,N/A,2895.29956
Plate 1,Unknown Group 1,73,3M19_20mon,3M19,20mon,systemic blood,intermediary month sample,20,N/A,3,19,N/A,N/A,IL-7,N/A,2329.94043
Plate 1,Unknown Group 1,73,3M19_20mon,3M19,20mon,systemic blood,intermediary month sample,20,N/A,3,19,N/A,N/A,TNF-alpha,25.519022038507067,2716.0625
Plate 1,Unknown Group 1,114,3M2_6mon,3M2,6mon,systemic blood,intermediary month sample,6,N/A,3,2,N/A,N/A,GDF-15,129.085548180683,26754.29688
Plate 1,Unknown Group 1,114,3M2_6mon,3M2,6mon,systemic blood,intermediary month sample,6,N/A,3,2,N/A,N/A,IFN-gamma,N/A,1057.90393
Plate 1,Unknown Group 1,114,3M2_6mon,3M2,6mon,systemic blood,intermediary month sample,6,N/A,3,2,N/A,N/A,IL-10,N/A,2798.48315
Plate 1,Unknown Group 1,114,3M2_6mon,3M2,6mon,systemic blood,intermediary month sample,6,N/A,3,2,N/A,N/A,IL-17A,N/A,2754.48877
Plate 1,Unknown Group 1,114,3M2_6mon,3M2,6mon,systemic blood,intermediary month sample,6,N/A,3,2,N/A,N/A,IL-17F,N/A,1942.89661
Plate 1,Unknown Group 1,114,3M2_6mon,3M2,6mon,systemic blood,intermediary month sample,6,N/A,3,2,N/A,N/A,IL-1a,449.71699063538006,46127.65234
Plate 1,Unknown Group 1,114,3M2_6mon,3M2,6mon,systemic blood,intermediary month sample,6,N/A,3,2,N/A,N/A,IL-6,N/A,1927.922
Plate 1,Unknown Group 1,114,3M2_6mon,3M2,6mon,systemic blood,intermediary month sample,6,N/A,3,2,N/A,N/A,IL-7,N/A,2231.2229
Plate 1,Unknown Group 1,114,3M2_6mon,3M2,6mon,systemic blood,intermediary month sample,6,N/A,3,2,N/A,N/A,TNF-alpha,5.950584705599009,1376.01501
Plate 1,Unknown Group 1,154,3M2_10mon,3M2,10mon,systemic blood,intermediary month sample,10,N/A,3,2,N/A,N/A,GDF-15,106.767861770194,22681.74609
Plate 1,Unknown Group 1,154,3M2_10mon,3M2,10mon,systemic blood,intermediary month sample,10,N/A,3,2,N/A,N/A,IFN-gamma,7.106385984594847,1626.25806
Plate 1,Unknown Group 1,154,3M2_10mon,3M2,10mon,systemic blood,intermediary month sample,10,N/A,3,2,N/A,N/A,IL-10,348.80928071924967,8836.07324
Plate 1,Unknown Group 1,154,3M2_10mon,3M2,10mon,systemic blood,intermediary month sample,10,N/A,3,2,N/A,N/A,IL-17A,N/A,2384.64941
Plate 1,Unknown Group 1,154,3M2_10mon,3M2,10mon,systemic blood,intermediary month sample,10,N/A,3,2,N/A,N/A,IL-17F,N/A,1098.61047
Plate 1,Unknown Group 1,154,3M2_10mon,3M2,10mon,systemic blood,intermediary month sample,10,N/A,3,2,N/A,N/A,IL-1a,312.6687686491987,32359.85938
Plate 1,Unknown Group 1,154,3M2_10mon,3M2,10mon,systemic blood,intermediary month sample,10,N/A,3,2,N/A,N/A,IL-6,21.73973240960108,3346.2373
Plate 1,Unknown Group 1,154,3M2_10mon,3M2,10mon,systemic blood,intermediary month sample,10,N/A,3,2,N/A,N/A,IL-7,N/A,2214.61865
Plate 1,Unknown Group 1,154,3M2_10mon,3M2,10mon,systemic blood,intermediary month sample,10,N/A,3,2,N/A,N/A,TNF-alpha,13.264688625830386,1853.28516
Plate 1,Unknown Group 1,132,3M20_6mon,3M20,6mon,systemic blood,intermediary month sample,6,N/A,3,20,N/A,N/A,GDF-15,136.428777992793,28087.75977
Plate 1,Unknown Group 1,132,3M20_6mon,3M20,6mon,systemic blood,intermediary month sample,6,N/A,3,20,N/A,N/A,IFN-gamma,141.44986306215228,5980.67285
Plate 1,Unknown Group 1,132,3M20_6mon,3M20,6mon,systemic blood,intermediary month sample,6,N/A,3,20,N/A,N/A,IL-10,N/A,3025.48901
Plate 1,Unknown Group 1,132,3M20_6mon,3M20,6mon,systemic blood,intermediary month sample,6,N/A,3,20,N/A,N/A,IL-17A,10.980206122583056,3304.03711
Plate 1,Unknown Group 1,132,3M20_6mon,3M20,6mon,systemic blood,intermediary month sample,6,N/A,3,20,N/A,N/A,IL-17F,N/A,1995.92578
Plate 1,Unknown Group 1,132,3M20_6mon,3M20,6mon,systemic blood,intermediary month sample,6,N/A,3,20,N/A,N/A,IL-1a,321.2554939265952,33219.78125
Plate 1,Unknown Group 1,132,3M20_6mon,3M20,6mon,systemic blood,intermediary month sample,6,N/A,3,20,N/A,N/A,IL-6,N/A,2806.48169
Plate 1,Unknown Group 1,132,3M20_6mon,3M20,6mon,systemic blood,intermediary month sample,6,N/A,3,20,N/A,N/A,IL-7,1.2576617553043477,3430.8811
Plate 1,Unknown Group 1,132,3M20_6mon,3M20,6mon,systemic blood,intermediary month sample,6,N/A,3,20,N/A,N/A,TNF-alpha,38.1319974086212,3653.03369
Plate 1,Unknown Group 1,172,3M20_10mon,3M20,10mon,systemic blood,intermediary month sample,10,N/A,3,20,N/A,N/A,GDF-15,85.3992024129117,18749.72852
Plate 1,Unknown Group 1,172,3M20_10mon,3M20,10mon,systemic blood,intermediary month sample,10,N/A,3,20,N/A,N/A,IFN-gamma,N/A,1461.09485
Plate 1,Unknown Group 1,172,3M20_10mon,3M20,10mon,systemic blood,intermediary month sample,10,N/A,3,20,N/A,N/A,IL-10,N/A,2311.59937
Plate 1,Unknown Group 1,172,3M20_10mon,3M20,10mon,systemic blood,intermediary month sample,10,N/A,3,20,N/A,N/A,IL-17A,N/A,2428.51538
Plate 1,Unknown Group 1,172,3M20_10mon,3M20,10mon,systemic blood,intermediary month sample,10,N/A,3,20,N/A,N/A,IL-17F,N/A,1929.52307
Plate 1,Unknown Group 1,172,3M20_10mon,3M20,10mon,systemic blood,intermediary month sample,10,N/A,3,20,N/A,N/A,IL-1a,239.0929519191359,25014.27344
Plate 1,Unknown Group 1,172,3M20_10mon,3M20,10mon,systemic blood,intermediary month sample,10,N/A,3,20,N/A,N/A,IL-6,N/A,1167.98657
Plate 1,Unknown Group 1,172,3M20_10mon,3M20,10mon,systemic blood,intermediary month sample,10,N/A,3,20,N/A,N/A,IL-7,N/A,2317.18896
Plate 1,Unknown Group 1,172,3M20_10mon,3M20,10mon,systemic blood,intermediary month sample,10,N/A,3,20,N/A,N/A,TNF-alpha,N/A,963.46063
Plate 1,Unknown Group 1,133,3M21_6mon,3M21,6mon,systemic blood,intermediary month sample,6,N/A,3,21,N/A,N/A,GDF-15,273.683018978569,52587.91406
Plate 1,Unknown Group 1,133,3M21_6mon,3M21,6mon,systemic blood,intermediary month sample,6,N/A,3,21,N/A,N/A,IFN-gamma,17.074764058543966,1935.58435
Plate 1,Unknown Group 1,133,3M21_6mon,3M21,6mon,systemic blood,intermediary month sample,6,N/A,3,21,N/A,N/A,IL-10,N/A,2728.46387
Plate 1,Unknown Group 1,133,3M21_6mon,3M21,6mon,systemic blood,intermediary month sample,6,N/A,3,21,N/A,N/A,IL-17A,N/A,2799.83423
Plate 1,Unknown Group 1,133,3M21_6mon,3M21,6mon,systemic blood,intermediary month sample,6,N/A,3,21,N/A,N/A,IL-17F,N/A,1729.48596
Plate 1,Unknown Group 1,133,3M21_6mon,3M21,6mon,systemic blood,intermediary month sample,6,N/A,3,21,N/A,N/A,IL-1a,253.38297915897,26437.28516
Plate 1,Unknown Group 1,133,3M21_6mon,3M21,6mon,systemic blood,intermediary month sample,6,N/A,3,21,N/A,N/A,IL-6,314.89276136611227,11806.77441
Plate 1,Unknown Group 1,133,3M21_6mon,3M21,6mon,systemic blood,intermediary month sample,6,N/A,3,21,N/A,N/A,IL-7,0.651179474713981,2871.76196
Plate 1,Unknown Group 1,133,3M21_6mon,3M21,6mon,systemic blood,intermediary month sample,6,N/A,3,21,N/A,N/A,TNF-alpha,8.109905879360438,1512.54431
Plate 1,Unknown Group 1,173,3M21_10mon,3M21,10mon,systemic blood,intermediary month sample,10,N/A,3,21,N/A,N/A,GDF-15,366.521407561557,68839.71875
Plate 1,Unknown Group 1,173,3M21_10mon,3M21,10mon,systemic blood,intermediary month sample,10,N/A,3,21,N/A,N/A,IFN-gamma,4.813997076551066,1556.41016
Plate 1,Unknown Group 1,173,3M21_10mon,3M21,10mon,systemic blood,intermediary month sample,10,N/A,3,21,N/A,N/A,IL-10,N/A,2355.78687
Plate 1,Unknown Group 1,173,3M21_10mon,3M21,10mon,systemic blood,intermediary month sample,10,N/A,3,21,N/A,N/A,IL-17A,N/A,2394.04175
Plate 1,Unknown Group 1,173,3M21_10mon,3M21,10mon,systemic blood,intermediary month sample,10,N/A,3,21,N/A,N/A,IL-17F,N/A,2602.81323
Plate 1,Unknown Group 1,173,3M21_10mon,3M21,10mon,systemic blood,intermediary month sample,10,N/A,3,21,N/A,N/A,IL-1a,458.82133473538,47044.6875
Plate 1,Unknown Group 1,173,3M21_10mon,3M21,10mon,systemic blood,intermediary month sample,10,N/A,3,21,N/A,N/A,IL-6,N/A,2198.51465
Plate 1,Unknown Group 1,173,3M21_10mon,3M21,10mon,systemic blood,intermediary month sample,10,N/A,3,21,N/A,N/A,IL-7,N/A,2053.25073
Plate 1,Unknown Group 1,173,3M21_10mon,3M21,10mon,systemic blood,intermediary month sample,10,N/A,3,21,N/A,N/A,TNF-alpha,19.531576290581377,2287.13965
Plate 1,Unknown Group 1,74,3M21_20mon,3M21,20mon,systemic blood,intermediary month sample,20,N/A,3,21,N/A,N/A,GDF-15,512.236535812639,93998.75781
Plate 1,Unknown Group 1,74,3M21_20mon,3M21,20mon,systemic blood,intermediary month sample,20,N/A,3,21,N/A,N/A,IFN-gamma,77.2950273243473,3870.4541
Plate 1,Unknown Group 1,74,3M21_20mon,3M21,20mon,systemic blood,intermediary month sample,20,N/A,3,21,N/A,N/A,IL-10,N/A,2870.52539
Plate 1,Unknown Group 1,74,3M21_20mon,3M21,20mon,systemic blood,intermediary month sample,20,N/A,3,21,N/A,N/A,IL-17A,N/A,2981.29419
Plate 1,Unknown Group 1,74,3M21_20mon,3M21,20mon,systemic blood,intermediary month sample,20,N/A,3,21,N/A,N/A,IL-17F,N/A,2395.67139
Plate 1,Unknown Group 1,74,3M21_20mon,3M21,20mon,systemic blood,intermediary month sample,20,N/A,3,21,N/A,N/A,IL-1a,830.1800359015315,84504.63281
Plate 1,Unknown Group 1,74,3M21_20mon,3M21,20mon,systemic blood,intermediary month sample,20,N/A,3,21,N/A,N/A,IL-6,N/A,2569.51904
Plate 1,Unknown Group 1,74,3M21_20mon,3M21,20mon,systemic blood,intermediary month sample,20,N/A,3,21,N/A,N/A,IL-7,0.7662684912005019,2979.13574
Plate 1,Unknown Group 1,74,3M21_20mon,3M21,20mon,systemic blood,intermediary month sample,20,N/A,3,21,N/A,N/A,TNF-alpha,8.618666167327252,1545.33105
Plate 1,Unknown Group 1,49,3M21_pv_sac,3M21,pv_sac,portal blood,sacrificed sample,N/A,N/A,3,21,N/A,N/A,GDF-15,758.242284368335,135772.5625
Plate 1,Unknown Group 1,49,3M21_pv_sac,3M21,pv_sac,portal blood,sacrificed sample,N/A,N/A,3,21,N/A,N/A,IFN-gamma,94.61312112176383,4436.771
Plate 1,Unknown Group 1,49,3M21_pv_sac,3M21,pv_sac,portal blood,sacrificed sample,N/A,N/A,3,21,N/A,N/A,IL-10,N/A,2995.7041
Plate 1,Unknown Group 1,49,3M21_pv_sac,3M21,pv_sac,portal blood,sacrificed sample,N/A,N/A,3,21,N/A,N/A,IL-17A,135.5573200704088,5362.7417
Plate 1,Unknown Group 1,49,3M21_pv_sac,3M21,pv_sac,portal blood,sacrificed sample,N/A,N/A,3,21,N/A,N/A,IL-17F,N/A,1560.04114
Plate 1,Unknown Group 1,49,3M21_pv_sac,3M21,pv_sac,portal blood,sacrificed sample,N/A,N/A,3,21,N/A,N/A,IL-1a,23.63383911131262,4056.72461
Plate 1,Unknown Group 1,49,3M21_pv_sac,3M21,pv_sac,portal blood,sacrificed sample,N/A,N/A,3,21,N/A,N/A,IL-6,63.8273202145236,4519.38477
Plate 1,Unknown Group 1,49,3M21_pv_sac,3M21,pv_sac,portal blood,sacrificed sample,N/A,N/A,3,21,N/A,N/A,IL-7,2.2180905083908153,4293.70117
Plate 1,Unknown Group 1,49,3M21_pv_sac,3M21,pv_sac,portal blood,sacrificed sample,N/A,N/A,3,21,N/A,N/A,TNF-alpha,17.5973969730557,2151.37524
Plate 1,Unknown Group 1,134,3M22_6mon,3M22,6mon,systemic blood,intermediary month sample,6,N/A,3,22,N/A,N/A,GDF-15,246.350475938429,47761.19531
Plate 1,Unknown Group 1,134,3M22_6mon,3M22,6mon,systemic blood,intermediary month sample,6,N/A,3,22,N/A,N/A,IFN-gamma,N/A,1243.86719
Plate 1,Unknown Group 1,134,3M22_6mon,3M22,6mon,systemic blood,intermediary month sample,6,N/A,3,22,N/A,N/A,IL-10,N/A,2451.37378
Plate 1,Unknown Group 1,134,3M22_6mon,3M22,6mon,systemic blood,intermediary month sample,6,N/A,3,22,N/A,N/A,IL-17A,N/A,2686.42773
Plate 1,Unknown Group 1,134,3M22_6mon,3M22,6mon,systemic blood,intermediary month sample,6,N/A,3,22,N/A,N/A,IL-17F,N/A,2026.93994
Plate 1,Unknown Group 1,134,3M22_6mon,3M22,6mon,systemic blood,intermediary month sample,6,N/A,3,22,N/A,N/A,IL-1a,190.0034963754161,20143.44141
Plate 1,Unknown Group 1,134,3M22_6mon,3M22,6mon,systemic blood,intermediary month sample,6,N/A,3,22,N/A,N/A,IL-6,N/A,2424.00488
Plate 1,Unknown Group 1,134,3M22_6mon,3M22,6mon,systemic blood,intermediary month sample,6,N/A,3,22,N/A,N/A,IL-7,N/A,2258.62012
Plate 1,Unknown Group 1,134,3M22_6mon,3M22,6mon,systemic blood,intermediary month sample,6,N/A,3,22,N/A,N/A,TNF-alpha,6.429925977388688,1405.92114
Plate 1,Unknown Group 1,174,3M22_10mon,3M22,10mon,systemic blood,intermediary month sample,10,N/A,3,22,N/A,N/A,GDF-15,379.391556849938,71077.51562
Plate 1,Unknown Group 1,174,3M22_10mon,3M22,10mon,systemic blood,intermediary month sample,10,N/A,3,22,N/A,N/A,IFN-gamma,N/A,1384.27063
Plate 1,Unknown Group 1,174,3M22_10mon,3M22,10mon,systemic blood,intermediary month sample,10,N/A,3,22,N/A,N/A,IL-10,476.6795020501192,11173.26172
Plate 1,Unknown Group 1,174,3M22_10mon,3M22,10mon,systemic blood,intermediary month sample,10,N/A,3,22,N/A,N/A,IL-17A,617.4752406962597,15344.80762
Plate 1,Unknown Group 1,174,3M22_10mon,3M22,10mon,systemic blood,intermediary month sample,10,N/A,3,22,N/A,N/A,IL-17F,210.8264267885084,20976.50586
Plate 1,Unknown Group 1,174,3M22_10mon,3M22,10mon,systemic blood,intermediary month sample,10,N/A,3,22,N/A,N/A,IL-1a,704.9078205284294,71870.95312
Plate 1,Unknown Group 1,174,3M22_10mon,3M22,10mon,systemic blood,intermediary month sample,10,N/A,3,22,N/A,N/A,IL-6,161.04946463334744,7304.47998
Plate 1,Unknown Group 1,174,3M22_10mon,3M22,10mon,systemic blood,intermediary month sample,10,N/A,3,22,N/A,N/A,IL-7,42.29452864073068,36418.72266
Plate 1,Unknown Group 1,174,3M22_10mon,3M22,10mon,systemic blood,intermediary month sample,10,N/A,3,22,N/A,N/A,TNF-alpha,9.606669915382335,1609.58948
Plate 1,Unknown Group 1,75,3M22_20mon,3M22,20mon,systemic blood,intermediary month sample,20,N/A,3,22,N/A,N/A,GDF-15,576.954021846198,105063.75781
Plate 1,Unknown Group 1,75,3M22_20mon,3M22,20mon,systemic blood,intermediary month sample,20,N/A,3,22,N/A,N/A,IFN-gamma,503.3165635647184,18188.87305
Plate 1,Unknown Group 1,75,3M22_20mon,3M22,20mon,systemic blood,intermediary month sample,20,N/A,3,22,N/A,N/A,IL-10,68.22769586213842,4050.83496
Plate 1,Unknown Group 1,75,3M22_20mon,3M22,20mon,systemic blood,intermediary month sample,20,N/A,3,22,N/A,N/A,IL-17A,24.328578449185517,3489.59277
Plate 1,Unknown Group 1,75,3M22_20mon,3M22,20mon,systemic blood,intermediary month sample,20,N/A,3,22,N/A,N/A,IL-17F,N/A,2808.39722
Plate 1,Unknown Group 1,75,3M22_20mon,3M22,20mon,systemic blood,intermediary month sample,20,N/A,3,22,N/A,N/A,IL-1a,367.9687281745463,37905.29297
Plate 1,Unknown Group 1,75,3M22_20mon,3M22,20mon,systemic blood,intermediary month sample,20,N/A,3,22,N/A,N/A,IL-6,55.76394081682474,4292.24365
Plate 1,Unknown Group 1,75,3M22_20mon,3M22,20mon,systemic blood,intermediary month sample,20,N/A,3,22,N/A,N/A,IL-7,1.3140067264301294,3482.13062
Plate 1,Unknown Group 1,75,3M22_20mon,3M22,20mon,systemic blood,intermediary month sample,20,N/A,3,22,N/A,N/A,TNF-alpha,46.72264654893962,4311.12744
Plate 1,Unknown Group 1,135,3M23_6mon,3M23,6mon,systemic blood,intermediary month sample,6,N/A,3,23,N/A,N/A,GDF-15,186.120291930273,37040.90625
Plate 1,Unknown Group 1,135,3M23_6mon,3M23,6mon,systemic blood,intermediary month sample,6,N/A,3,23,N/A,N/A,IFN-gamma,33.82622090367644,2465.93384
Plate 1,Unknown Group 1,135,3M23_6mon,3M23,6mon,systemic blood,intermediary month sample,6,N/A,3,23,N/A,N/A,IL-10,343.9223137810922,8748.11328
Plate 1,Unknown Group 1,135,3M23_6mon,3M23,6mon,systemic blood,intermediary month sample,6,N/A,3,23,N/A,N/A,IL-17A,196.3431910861516,6501.87988
Plate 1,Unknown Group 1,135,3M23_6mon,3M23,6mon,systemic blood,intermediary month sample,6,N/A,3,23,N/A,N/A,IL-17F,N/A,2231.07275
Plate 1,Unknown Group 1,135,3M23_6mon,3M23,6mon,systemic blood,intermediary month sample,6,N/A,3,23,N/A,N/A,IL-1a,496.9077210052943,50882.98438
Plate 1,Unknown Group 1,135,3M23_6mon,3M23,6mon,systemic blood,intermediary month sample,6,N/A,3,23,N/A,N/A,IL-6,80.2887149955355,4985.50439
Plate 1,Unknown Group 1,135,3M23_6mon,3M23,6mon,systemic blood,intermediary month sample,6,N/A,3,23,N/A,N/A,IL-7,5.636033371458659,7258.91309
Plate 1,Unknown Group 1,135,3M23_6mon,3M23,6mon,systemic blood,intermediary month sample,6,N/A,3,23,N/A,N/A,TNF-alpha,122.24866041739854,10502.51562
Plate 1,Unknown Group 1,175,3M23_10mon,3M23,10mon,systemic blood,intermediary month sample,10,N/A,3,23,N/A,N/A,GDF-15,286.708242267607,54880.74609
Plate 1,Unknown Group 1,175,3M23_10mon,3M23,10mon,systemic blood,intermediary month sample,10,N/A,3,23,N/A,N/A,IFN-gamma,2008.4041322539235,70253.96094
Plate 1,Unknown Group 1,175,3M23_10mon,3M23,10mon,systemic blood,intermediary month sample,10,N/A,3,23,N/A,N/A,IL-10,N/A,3232.55957
Plate 1,Unknown Group 1,175,3M23_10mon,3M23,10mon,systemic blood,intermediary month sample,10,N/A,3,23,N/A,N/A,IL-17A,254.5581956998041,7638.35205
Plate 1,Unknown Group 1,175,3M23_10mon,3M23,10mon,systemic blood,intermediary month sample,10,N/A,3,23,N/A,N/A,IL-17F,N/A,1232.42371
Plate 1,Unknown Group 1,175,3M23_10mon,3M23,10mon,systemic blood,intermediary month sample,10,N/A,3,23,N/A,N/A,IL-1a,486.5363200411199,49837.47266
Plate 1,Unknown Group 1,175,3M23_10mon,3M23,10mon,systemic blood,intermediary month sample,10,N/A,3,23,N/A,N/A,IL-6,1931.691898341031,61088.13281
Plate 1,Unknown Group 1,175,3M23_10mon,3M23,10mon,systemic blood,intermediary month sample,10,N/A,3,23,N/A,N/A,IL-7,1.4913903282663448,3642.87646
Plate 1,Unknown Group 1,175,3M23_10mon,3M23,10mon,systemic blood,intermediary month sample,10,N/A,3,23,N/A,N/A,TNF-alpha,14.122676632548576,1911.58228
Plate 1,Unknown Group 1,76,3M23_20mon,3M23,20mon,systemic blood,intermediary month sample,20,N/A,3,23,N/A,N/A,GDF-15,1150.63788209203,201114.85938
Plate 1,Unknown Group 1,76,3M23_20mon,3M23,20mon,systemic blood,intermediary month sample,20,N/A,3,23,N/A,N/A,IFN-gamma,3177.0213550438316,110876.39062
Plate 1,Unknown Group 1,76,3M23_20mon,3M23,20mon,systemic blood,intermediary month sample,20,N/A,3,23,N/A,N/A,IL-10,70.03207336201471,4078.81128
Plate 1,Unknown Group 1,76,3M23_20mon,3M23,20mon,systemic blood,intermediary month sample,20,N/A,3,23,N/A,N/A,IL-17A,121.95928045151769,5116.17969
Plate 1,Unknown Group 1,76,3M23_20mon,3M23,20mon,systemic blood,intermediary month sample,20,N/A,3,23,N/A,N/A,IL-17F,N/A,2008.00549
Plate 1,Unknown Group 1,76,3M23_20mon,3M23,20mon,systemic blood,intermediary month sample,20,N/A,3,23,N/A,N/A,IL-1a,160.32393447742405,17214.92578
Plate 1,Unknown Group 1,76,3M23_20mon,3M23,20mon,systemic blood,intermediary month sample,20,N/A,3,23,N/A,N/A,IL-6,124.18245488181692,6240.43652
Plate 1,Unknown Group 1,76,3M23_20mon,3M23,20mon,systemic blood,intermediary month sample,20,N/A,3,23,N/A,N/A,IL-7,N/A,2057.33911
Plate 1,Unknown Group 1,76,3M23_20mon,3M23,20mon,systemic blood,intermediary month sample,20,N/A,3,23,N/A,N/A,TNF-alpha,17.97189788977933,2177.54321
Plate 1,Unknown Group 1,136,3M24_6mon,3M24,6mon,systemic blood,intermediary month sample,6,N/A,3,24,N/A,N/A,GDF-15,223.37372774965,43686.22656
Plate 1,Unknown Group 1,136,3M24_6mon,3M24,6mon,systemic blood,intermediary month sample,6,N/A,3,24,N/A,N/A,IFN-gamma,51.21113493859312,3024.0166
Plate 1,Unknown Group 1,136,3M24_6mon,3M24,6mon,systemic blood,intermediary month sample,6,N/A,3,24,N/A,N/A,IL-10,N/A,2584.75806
Plate 1,Unknown Group 1,136,3M24_6mon,3M24,6mon,systemic blood,intermediary month sample,6,N/A,3,24,N/A,N/A,IL-17A,N/A,2916.54272
Plate 1,Unknown Group 1,136,3M24_6mon,3M24,6mon,systemic blood,intermediary month sample,6,N/A,3,24,N/A,N/A,IL-17F,N/A,2015.2533
Plate 1,Unknown Group 1,136,3M24_6mon,3M24,6mon,systemic blood,intermediary month sample,6,N/A,3,24,N/A,N/A,IL-1a,287.45469659299835,29837.66016
Plate 1,Unknown Group 1,136,3M24_6mon,3M24,6mon,systemic blood,intermediary month sample,6,N/A,3,24,N/A,N/A,IL-6,N/A,2395.89282
Plate 1,Unknown Group 1,136,3M24_6mon,3M24,6mon,systemic blood,intermediary month sample,6,N/A,3,24,N/A,N/A,IL-7,0.35348362247168025,2589.78296
Plate 1,Unknown Group 1,136,3M24_6mon,3M24,6mon,systemic blood,intermediary month sample,6,N/A,3,24,N/A,N/A,TNF-alpha,8.576645494300092,1542.61499
Plate 1,Unknown Group 1,176,3M24_10mon,3M24,10mon,systemic blood,intermediary month sample,10,N/A,3,24,N/A,N/A,GDF-15,377.546554408773,70756.92188
Plate 1,Unknown Group 1,176,3M24_10mon,3M24,10mon,systemic blood,intermediary month sample,10,N/A,3,24,N/A,N/A,IFN-gamma,N/A,1235.00403
Plate 1,Unknown Group 1,176,3M24_10mon,3M24,10mon,systemic blood,intermediary month sample,10,N/A,3,24,N/A,N/A,IL-10,N/A,2364.50708
Plate 1,Unknown Group 1,176,3M24_10mon,3M24,10mon,systemic blood,intermediary month sample,10,N/A,3,24,N/A,N/A,IL-17A,N/A,2681.61743
Plate 1,Unknown Group 1,176,3M24_10mon,3M24,10mon,systemic blood,intermediary month sample,10,N/A,3,24,N/A,N/A,IL-17F,N/A,1659.15198
Plate 1,Unknown Group 1,176,3M24_10mon,3M24,10mon,systemic blood,intermediary month sample,10,N/A,3,24,N/A,N/A,IL-1a,886.828049033201,90210.6875
Plate 1,Unknown Group 1,176,3M24_10mon,3M24,10mon,systemic blood,intermediary month sample,10,N/A,3,24,N/A,N/A,IL-6,N/A,2208.41431
Plate 1,Unknown Group 1,176,3M24_10mon,3M24,10mon,systemic blood,intermediary month sample,10,N/A,3,24,N/A,N/A,IL-7,1.6676452301862206,3801.7854
Plate 1,Unknown Group 1,176,3M24_10mon,3M24,10mon,systemic blood,intermediary month sample,10,N/A,3,24,N/A,N/A,TNF-alpha,28.465211093779025,2931.26709
Plate 1,Unknown Group 1,77,3M24_20mon,3M24,20mon,systemic blood,intermediary month sample,20,N/A,3,24,N/A,N/A,GDF-15,2942.9662426101,487667.9375
Plate 1,Unknown Group 1,77,3M24_20mon,3M24,20mon,systemic blood,intermediary month sample,20,N/A,3,24,N/A,N/A,IFN-gamma,7.8498544910792925,1649.05225
Plate 1,Unknown Group 1,77,3M24_20mon,3M24,20mon,systemic blood,intermediary month sample,20,N/A,3,24,N/A,N/A,IL-10,127.69413555786056,5002.18018
Plate 1,Unknown Group 1,77,3M24_20mon,3M24,20mon,systemic blood,intermediary month sample,20,N/A,3,24,N/A,N/A,IL-17A,N/A,3014.45288
Plate 1,Unknown Group 1,77,3M24_20mon,3M24,20mon,systemic blood,intermediary month sample,20,N/A,3,24,N/A,N/A,IL-17F,N/A,2439.97314
Plate 1,Unknown Group 1,77,3M24_20mon,3M24,20mon,systemic blood,intermediary month sample,20,N/A,3,24,N/A,N/A,IL-1a,570.6725122127824,58323.53125
Plate 1,Unknown Group 1,77,3M24_20mon,3M24,20mon,systemic blood,intermediary month sample,20,N/A,3,24,N/A,N/A,IL-6,532.1848453477241,18270.12891
Plate 1,Unknown Group 1,77,3M24_20mon,3M24,20mon,systemic blood,intermediary month sample,20,N/A,3,24,N/A,N/A,IL-7,0.7364442624019384,2951.38086
Plate 1,Unknown Group 1,77,3M24_20mon,3M24,20mon,systemic blood,intermediary month sample,20,N/A,3,24,N/A,N/A,TNF-alpha,1751.8819253562235,167595.01562
Plate 1,Unknown Group 1,137,3M25_6mon,3M25,6mon,systemic blood,intermediary month sample,6,N/A,3,25,N/A,N/A,GDF-15,177.364418790738,35471.34375
Plate 1,Unknown Group 1,137,3M25_6mon,3M25,6mon,systemic blood,intermediary month sample,6,N/A,3,25,N/A,N/A,IFN-gamma,16.343182023460493,1912.6687
Plate 1,Unknown Group 1,137,3M25_6mon,3M25,6mon,systemic blood,intermediary month sample,6,N/A,3,25,N/A,N/A,IL-10,139.49858191437298,5196.83496
Plate 1,Unknown Group 1,137,3M25_6mon,3M25,6mon,systemic blood,intermediary month sample,6,N/A,3,25,N/A,N/A,IL-17A,110.76243835414016,4915.85645
Plate 1,Unknown Group 1,137,3M25_6mon,3M25,6mon,systemic blood,intermediary month sample,6,N/A,3,25,N/A,N/A,IL-17F,N/A,3627.38745
Plate 1,Unknown Group 1,137,3M25_6mon,3M25,6mon,systemic blood,intermediary month sample,6,N/A,3,25,N/A,N/A,IL-1a,515.9212381743713,52800.16797
Plate 1,Unknown Group 1,137,3M25_6mon,3M25,6mon,systemic blood,intermediary month sample,6,N/A,3,25,N/A,N/A,IL-6,29.368236069937353,3556.05273
Plate 1,Unknown Group 1,137,3M25_6mon,3M25,6mon,systemic blood,intermediary month sample,6,N/A,3,25,N/A,N/A,IL-7,2.99128997750016,4975.91943
Plate 1,Unknown Group 1,137,3M25_6mon,3M25,6mon,systemic blood,intermediary month sample,6,N/A,3,25,N/A,N/A,TNF-alpha,2.014815866466237,1142.84082
Plate 1,Unknown Group 1,177,3M25_10mon,3M25,10mon,systemic blood,intermediary month sample,10,N/A,3,25,N/A,N/A,GDF-15,264.073691702743,50893.41797
Plate 1,Unknown Group 1,177,3M25_10mon,3M25,10mon,systemic blood,intermediary month sample,10,N/A,3,25,N/A,N/A,IFN-gamma,N/A,1219.47913
Plate 1,Unknown Group 1,177,3M25_10mon,3M25,10mon,systemic blood,intermediary month sample,10,N/A,3,25,N/A,N/A,IL-10,N/A,2340.78369
Plate 1,Unknown Group 1,177,3M25_10mon,3M25,10mon,systemic blood,intermediary month sample,10,N/A,3,25,N/A,N/A,IL-17A,N/A,2446.6062
Plate 1,Unknown Group 1,177,3M25_10mon,3M25,10mon,systemic blood,intermediary month sample,10,N/A,3,25,N/A,N/A,IL-17F,N/A,1366.80859
Plate 1,Unknown Group 1,177,3M25_10mon,3M25,10mon,systemic blood,intermediary month sample,10,N/A,3,25,N/A,N/A,IL-1a,146.01049985892703,15808.1543
Plate 1,Unknown Group 1,177,3M25_10mon,3M25,10mon,systemic blood,intermediary month sample,10,N/A,3,25,N/A,N/A,IL-6,N/A,1407.52234
Plate 1,Unknown Group 1,177,3M25_10mon,3M25,10mon,systemic blood,intermediary month sample,10,N/A,3,25,N/A,N/A,IL-7,2.0663093750583075,4158.65186
Plate 1,Unknown Group 1,177,3M25_10mon,3M25,10mon,systemic blood,intermediary month sample,10,N/A,3,25,N/A,N/A,TNF-alpha,N/A,888.43781
Plate 1,Unknown Group 1,78,3M25_20mon,3M25,20mon,systemic blood,intermediary month sample,20,N/A,3,25,N/A,N/A,GDF-15,569.689682935122,103824.6875
Plate 1,Unknown Group 1,78,3M25_20mon,3M25,20mon,systemic blood,intermediary month sample,20,N/A,3,25,N/A,N/A,IFN-gamma,N/A,1324.30811
Plate 1,Unknown Group 1,78,3M25_20mon,3M25,20mon,systemic blood,intermediary month sample,20,N/A,3,25,N/A,N/A,IL-10,N/A,3218.22119
Plate 1,Unknown Group 1,78,3M25_20mon,3M25,20mon,systemic blood,intermediary month sample,20,N/A,3,25,N/A,N/A,IL-17A,11.693510322369962,3313.41479
Plate 1,Unknown Group 1,78,3M25_20mon,3M25,20mon,systemic blood,intermediary month sample,20,N/A,3,25,N/A,N/A,IL-17F,N/A,1605.85828
Plate 1,Unknown Group 1,78,3M25_20mon,3M25,20mon,systemic blood,intermediary month sample,20,N/A,3,25,N/A,N/A,IL-1a,682.4816003782577,69607.82031
Plate 1,Unknown Group 1,78,3M25_20mon,3M25,20mon,systemic blood,intermediary month sample,20,N/A,3,25,N/A,N/A,IL-6,35.53931307218828,3726.93408
Plate 1,Unknown Group 1,78,3M25_20mon,3M25,20mon,systemic blood,intermediary month sample,20,N/A,3,25,N/A,N/A,IL-7,1.0966832485181528,3283.90186
Plate 1,Unknown Group 1,78,3M25_20mon,3M25,20mon,systemic blood,intermediary month sample,20,N/A,3,25,N/A,N/A,TNF-alpha,34.483278684923455,3378.02368
Plate 1,Unknown Group 1,138,3M26_6mon,3M26,6mon,systemic blood,intermediary month sample,6,N/A,3,26,N/A,N/A,GDF-15,390.992922308328,73091.85938
Plate 1,Unknown Group 1,138,3M26_6mon,3M26,6mon,systemic blood,intermediary month sample,6,N/A,3,26,N/A,N/A,IFN-gamma,N/A,1269.66345
Plate 1,Unknown Group 1,138,3M26_6mon,3M26,6mon,systemic blood,intermediary month sample,6,N/A,3,26,N/A,N/A,IL-10,N/A,2585.50146
Plate 1,Unknown Group 1,138,3M26_6mon,3M26,6mon,systemic blood,intermediary month sample,6,N/A,3,26,N/A,N/A,IL-17A,9.67004359778881,3287.02539
Plate 1,Unknown Group 1,138,3M26_6mon,3M26,6mon,systemic blood,intermediary month sample,6,N/A,3,26,N/A,N/A,IL-17F,N/A,3129.53174
Plate 1,Unknown Group 1,138,3M26_6mon,3M26,6mon,systemic blood,intermediary month sample,6,N/A,3,26,N/A,N/A,IL-1a,357.7430905970279,36878.65234
Plate 1,Unknown Group 1,138,3M26_6mon,3M26,6mon,systemic blood,intermediary month sample,6,N/A,3,26,N/A,N/A,IL-6,N/A,2605.08618
Plate 1,Unknown Group 1,138,3M26_6mon,3M26,6mon,systemic blood,intermediary month sample,6,N/A,3,26,N/A,N/A,IL-7,2.1858543637936374,4265.05322
Plate 1,Unknown Group 1,138,3M26_6mon,3M26,6mon,systemic blood,intermediary month sample,6,N/A,3,26,N/A,N/A,TNF-alpha,6.03083238060584,1381.00415
Plate 1,Unknown Group 1,178,3M26_10mon,3M26,10mon,systemic blood,intermediary month sample,10,N/A,3,26,N/A,N/A,GDF-15,665.620760981535,120132.1875
Plate 1,Unknown Group 1,178,3M26_10mon,3M26,10mon,systemic blood,intermediary month sample,10,N/A,3,26,N/A,N/A,IFN-gamma,N/A,869.5177
Plate 1,Unknown Group 1,178,3M26_10mon,3M26,10mon,systemic blood,intermediary month sample,10,N/A,3,26,N/A,N/A,IL-10,N/A,2411.96826
Plate 1,Unknown Group 1,178,3M26_10mon,3M26,10mon,systemic blood,intermediary month sample,10,N/A,3,26,N/A,N/A,IL-17A,N/A,2750.61475
Plate 1,Unknown Group 1,178,3M26_10mon,3M26,10mon,systemic blood,intermediary month sample,10,N/A,3,26,N/A,N/A,IL-17F,N/A,1738.33484
Plate 1,Unknown Group 1,178,3M26_10mon,3M26,10mon,systemic blood,intermediary month sample,10,N/A,3,26,N/A,N/A,IL-1a,1245.642898705825,126188.29688
Plate 1,Unknown Group 1,178,3M26_10mon,3M26,10mon,systemic blood,intermediary month sample,10,N/A,3,26,N/A,N/A,IL-6,N/A,1389.3241
Plate 1,Unknown Group 1,178,3M26_10mon,3M26,10mon,systemic blood,intermediary month sample,10,N/A,3,26,N/A,N/A,IL-7,1.675648649235968,3808.9834
Plate 1,Unknown Group 1,178,3M26_10mon,3M26,10mon,systemic blood,intermediary month sample,10,N/A,3,26,N/A,N/A,TNF-alpha,11.234705202919338,1717.00586
Plate 1,Unknown Group 1,79,3M26_20mon,3M26,20mon,systemic blood,intermediary month sample,20,N/A,3,26,N/A,N/A,GDF-15,603.046195508923,109508.42969
Plate 1,Unknown Group 1,79,3M26_20mon,3M26,20mon,systemic blood,intermediary month sample,20,N/A,3,26,N/A,N/A,IFN-gamma,6.64888682642428,1612.2627
Plate 1,Unknown Group 1,79,3M26_20mon,3M26,20mon,systemic blood,intermediary month sample,20,N/A,3,26,N/A,N/A,IL-10,293.7776060834652,7852.37012
Plate 1,Unknown Group 1,79,3M26_20mon,3M26,20mon,systemic blood,intermediary month sample,20,N/A,3,26,N/A,N/A,IL-17A,449.0767023306424,11661.31055
Plate 1,Unknown Group 1,79,3M26_20mon,3M26,20mon,systemic blood,intermediary month sample,20,N/A,3,26,N/A,N/A,IL-17F,N/A,1960.64441
Plate 1,Unknown Group 1,79,3M26_20mon,3M26,20mon,systemic blood,intermediary month sample,20,N/A,3,26,N/A,N/A,IL-1a,1321.5015064526667,133748.5
Plate 1,Unknown Group 1,79,3M26_20mon,3M26,20mon,systemic blood,intermediary month sample,20,N/A,3,26,N/A,N/A,IL-6,55.38000042695125,4281.4502
Plate 1,Unknown Group 1,79,3M26_20mon,3M26,20mon,systemic blood,intermediary month sample,20,N/A,3,26,N/A,N/A,IL-7,35.52053752572797,31225.16016
Plate 1,Unknown Group 1,79,3M26_20mon,3M26,20mon,systemic blood,intermediary month sample,20,N/A,3,26,N/A,N/A,TNF-alpha,331.812567256079,29374.98633
Plate 1,Unknown Group 1,50,3M26_pv_sac,3M26,pv_sac,portal blood,sacrificed sample,N/A,N/A,3,26,N/A,N/A,GDF-15,1001.33402208933,176409.39062
Plate 1,Unknown Group 1,50,3M26_pv_sac,3M26,pv_sac,portal blood,sacrificed sample,N/A,N/A,3,26,N/A,N/A,IFN-gamma,N/A,1244.42468
Plate 1,Unknown Group 1,50,3M26_pv_sac,3M26,pv_sac,portal blood,sacrificed sample,N/A,N/A,3,26,N/A,N/A,IL-10,N/A,3698.16455
Plate 1,Unknown Group 1,50,3M26_pv_sac,3M26,pv_sac,portal blood,sacrificed sample,N/A,N/A,3,26,N/A,N/A,IL-17A,50.345187079923264,3889.10962
Plate 1,Unknown Group 1,50,3M26_pv_sac,3M26,pv_sac,portal blood,sacrificed sample,N/A,N/A,3,26,N/A,N/A,IL-17F,N/A,1306.56018
Plate 1,Unknown Group 1,50,3M26_pv_sac,3M26,pv_sac,portal blood,sacrificed sample,N/A,N/A,3,26,N/A,N/A,IL-1a,4.7676108920874745,2360.00415
Plate 1,Unknown Group 1,50,3M26_pv_sac,3M26,pv_sac,portal blood,sacrificed sample,N/A,N/A,3,26,N/A,N/A,IL-6,27.784459156670007,3512.35132
Plate 1,Unknown Group 1,50,3M26_pv_sac,3M26,pv_sac,portal blood,sacrificed sample,N/A,N/A,3,26,N/A,N/A,IL-7,0.48543582540338087,2715.66211
Plate 1,Unknown Group 1,50,3M26_pv_sac,3M26,pv_sac,portal blood,sacrificed sample,N/A,N/A,3,26,N/A,N/A,TNF-alpha,18.717306427013177,2229.80054
Plate 1,Unknown Group 1,139,3M27_6mon,3M27,6mon,systemic blood,intermediary month sample,6,N/A,3,27,N/A,N/A,GDF-15,365.928015117198,68736.46094
Plate 1,Unknown Group 1,139,3M27_6mon,3M27,6mon,systemic blood,intermediary month sample,6,N/A,3,27,N/A,N/A,IFN-gamma,N/A,1113.96387
Plate 1,Unknown Group 1,139,3M27_6mon,3M27,6mon,systemic blood,intermediary month sample,6,N/A,3,27,N/A,N/A,IL-10,N/A,2537.43994
Plate 1,Unknown Group 1,139,3M27_6mon,3M27,6mon,systemic blood,intermediary month sample,6,N/A,3,27,N/A,N/A,IL-17A,N/A,2778.69116
Plate 1,Unknown Group 1,139,3M27_6mon,3M27,6mon,systemic blood,intermediary month sample,6,N/A,3,27,N/A,N/A,IL-17F,N/A,1582.71387
Plate 1,Unknown Group 1,139,3M27_6mon,3M27,6mon,systemic blood,intermediary month sample,6,N/A,3,27,N/A,N/A,IL-1a,347.479191422572,35848.6875
Plate 1,Unknown Group 1,139,3M27_6mon,3M27,6mon,systemic blood,intermediary month sample,6,N/A,3,27,N/A,N/A,IL-6,N/A,2178.98706
Plate 1,Unknown Group 1,139,3M27_6mon,3M27,6mon,systemic blood,intermediary month sample,6,N/A,3,27,N/A,N/A,IL-7,N/A,2484.5896
Plate 1,Unknown Group 1,139,3M27_6mon,3M27,6mon,systemic blood,intermediary month sample,6,N/A,3,27,N/A,N/A,TNF-alpha,9.223600143972492,1584.58655
Plate 1,Unknown Group 1,179,3M27_10mon,3M27,10mon,systemic blood,intermediary month sample,10,N/A,3,27,N/A,N/A,GDF-15,296.132530685064,56536.92578
Plate 1,Unknown Group 1,179,3M27_10mon,3M27,10mon,systemic blood,intermediary month sample,10,N/A,3,27,N/A,N/A,IFN-gamma,87.11286217026968,4191.14551
Plate 1,Unknown Group 1,179,3M27_10mon,3M27,10mon,systemic blood,intermediary month sample,10,N/A,3,27,N/A,N/A,IL-10,440.35037357674133,10502.78809
Plate 1,Unknown Group 1,179,3M27_10mon,3M27,10mon,systemic blood,intermediary month sample,10,N/A,3,27,N/A,N/A,IL-17A,140.64341075877675,5455.82666
Plate 1,Unknown Group 1,179,3M27_10mon,3M27,10mon,systemic blood,intermediary month sample,10,N/A,3,27,N/A,N/A,IL-17F,N/A,1251.32947
Plate 1,Unknown Group 1,179,3M27_10mon,3M27,10mon,systemic blood,intermediary month sample,10,N/A,3,27,N/A,N/A,IL-1a,408.7921653480568,42008.41797
Plate 1,Unknown Group 1,179,3M27_10mon,3M27,10mon,systemic blood,intermediary month sample,10,N/A,3,27,N/A,N/A,IL-6,104.20038635757794,5667.27197
Plate 1,Unknown Group 1,179,3M27_10mon,3M27,10mon,systemic blood,intermediary month sample,10,N/A,3,27,N/A,N/A,IL-7,4.477180983208855,6266.38281
Plate 1,Unknown Group 1,179,3M27_10mon,3M27,10mon,systemic blood,intermediary month sample,10,N/A,3,27,N/A,N/A,TNF-alpha,121.548965876223,10442.81836
Plate 1,Unknown Group 1,80,3M27_20mon,3M27,20mon,systemic blood,intermediary month sample,20,N/A,3,27,N/A,N/A,GDF-15,494.907257469058,91025.44531
Plate 1,Unknown Group 1,80,3M27_20mon,3M27,20mon,systemic blood,intermediary month sample,20,N/A,3,27,N/A,N/A,IFN-gamma,8209.387250324433,282816.125
Plate 1,Unknown Group 1,80,3M27_20mon,3M27,20mon,systemic blood,intermediary month sample,20,N/A,3,27,N/A,N/A,IL-10,6784.490045651125,143980.8125
Plate 1,Unknown Group 1,80,3M27_20mon,3M27,20mon,systemic blood,intermediary month sample,20,N/A,3,27,N/A,N/A,IL-17A,3293.4773949403875,84160.00781
Plate 1,Unknown Group 1,80,3M27_20mon,3M27,20mon,systemic blood,intermediary month sample,20,N/A,3,27,N/A,N/A,IL-17F,N/A,1471.41614
Plate 1,Unknown Group 1,80,3M27_20mon,3M27,20mon,systemic blood,intermediary month sample,20,N/A,3,27,N/A,N/A,IL-1a,1794.9454757407366,180481.375
Plate 1,Unknown Group 1,80,3M27_20mon,3M27,20mon,systemic blood,intermediary month sample,20,N/A,3,27,N/A,N/A,IL-6,2860.735937686964,90071.44531
Plate 1,Unknown Group 1,80,3M27_20mon,3M27,20mon,systemic blood,intermediary month sample,20,N/A,3,27,N/A,N/A,IL-7,113.93810065023372,88406.25
Plate 1,Unknown Group 1,80,3M27_20mon,3M27,20mon,systemic blood,intermediary month sample,20,N/A,3,27,N/A,N/A,TNF-alpha,17.563802797653707,2149.03076
Plate 1,Unknown Group 1,51,3M27_pv_sac,3M27,pv_sac,portal blood,sacrificed sample,N/A,N/A,3,27,N/A,N/A,GDF-15,742.855133705296,133180.82812
Plate 1,Unknown Group 1,51,3M27_pv_sac,3M27,pv_sac,portal blood,sacrificed sample,N/A,N/A,3,27,N/A,N/A,IFN-gamma,1953.3919800138904,68340.85156
Plate 1,Unknown Group 1,51,3M27_pv_sac,3M27,pv_sac,portal blood,sacrificed sample,N/A,N/A,3,27,N/A,N/A,IL-10,67.61491013615623,4041.34961
Plate 1,Unknown Group 1,51,3M27_pv_sac,3M27,pv_sac,portal blood,sacrificed sample,N/A,N/A,3,27,N/A,N/A,IL-17A,45.93053270381143,3818.83301
Plate 1,Unknown Group 1,51,3M27_pv_sac,3M27,pv_sac,portal blood,sacrificed sample,N/A,N/A,3,27,N/A,N/A,IL-17F,N/A,1167.80786
Plate 1,Unknown Group 1,51,3M27_pv_sac,3M27,pv_sac,portal blood,sacrificed sample,N/A,N/A,3,27,N/A,N/A,IL-1a,29.647047421931653,4612.44873
Plate 1,Unknown Group 1,51,3M27_pv_sac,3M27,pv_sac,portal blood,sacrificed sample,N/A,N/A,3,27,N/A,N/A,IL-6,181.12087308309088,7886.76514
Plate 1,Unknown Group 1,51,3M27_pv_sac,3M27,pv_sac,portal blood,sacrificed sample,N/A,N/A,3,27,N/A,N/A,IL-7,1.1575797635905782,3339.60425
Plate 1,Unknown Group 1,51,3M27_pv_sac,3M27,pv_sac,portal blood,sacrificed sample,N/A,N/A,3,27,N/A,N/A,TNF-alpha,8.679448781177003,1549.26233
Plate 1,Unknown Group 1,140,3M28_6mon,3M28,6mon,systemic blood,intermediary month sample,6,N/A,3,28,N/A,N/A,GDF-15,257.031710629592,49649.98828
Plate 1,Unknown Group 1,140,3M28_6mon,3M28,6mon,systemic blood,intermediary month sample,6,N/A,3,28,N/A,N/A,IFN-gamma,N/A,1339.30408
Plate 1,Unknown Group 1,140,3M28_6mon,3M28,6mon,systemic blood,intermediary month sample,6,N/A,3,28,N/A,N/A,IL-10,N/A,2412.43286
Plate 1,Unknown Group 1,140,3M28_6mon,3M28,6mon,systemic blood,intermediary month sample,6,N/A,3,28,N/A,N/A,IL-17A,N/A,2762.07959
Plate 1,Unknown Group 1,140,3M28_6mon,3M28,6mon,systemic blood,intermediary month sample,6,N/A,3,28,N/A,N/A,IL-17F,N/A,1523.03003
Plate 1,Unknown Group 1,140,3M28_6mon,3M28,6mon,systemic blood,intermediary month sample,6,N/A,3,28,N/A,N/A,IL-1a,413.9004259998606,42522.29297
Plate 1,Unknown Group 1,140,3M28_6mon,3M28,6mon,systemic blood,intermediary month sample,6,N/A,3,28,N/A,N/A,IL-6,N/A,2743.13818
Plate 1,Unknown Group 1,140,3M28_6mon,3M28,6mon,systemic blood,intermediary month sample,6,N/A,3,28,N/A,N/A,IL-7,1.282064789789773,3453.08911
Plate 1,Unknown Group 1,140,3M28_6mon,3M28,6mon,systemic blood,intermediary month sample,6,N/A,3,28,N/A,N/A,TNF-alpha,5.9521939705621145,1376.11499
Plate 1,Unknown Group 1,180,3M28_10mon,3M28,10mon,systemic blood,intermediary month sample,10,N/A,3,28,N/A,N/A,GDF-15,742.121548330403,133057.20312
Plate 1,Unknown Group 1,180,3M28_10mon,3M28,10mon,systemic blood,intermediary month sample,10,N/A,3,28,N/A,N/A,IFN-gamma,17.230285905385323,1940.45923
Plate 1,Unknown Group 1,180,3M28_10mon,3M28,10mon,systemic blood,intermediary month sample,10,N/A,3,28,N/A,N/A,IL-10,133.89128916642622,5104.17139
Plate 1,Unknown Group 1,180,3M28_10mon,3M28,10mon,systemic blood,intermediary month sample,10,N/A,3,28,N/A,N/A,IL-17A,371.4237741171845,10020.1709
Plate 1,Unknown Group 1,180,3M28_10mon,3M28,10mon,systemic blood,intermediary month sample,10,N/A,3,28,N/A,N/A,IL-17F,77.49329682183001,9980.83008
Plate 1,Unknown Group 1,180,3M28_10mon,3M28,10mon,systemic blood,intermediary month sample,10,N/A,3,28,N/A,N/A,IL-1a,565.390109663844,57790.50781
Plate 1,Unknown Group 1,180,3M28_10mon,3M28,10mon,systemic blood,intermediary month sample,10,N/A,3,28,N/A,N/A,IL-6,65.6825594537167,4571.76367
Plate 1,Unknown Group 1,180,3M28_10mon,3M28,10mon,systemic blood,intermediary month sample,10,N/A,3,28,N/A,N/A,IL-7,39.50540230746934,34287.97656
Plate 1,Unknown Group 1,180,3M28_10mon,3M28,10mon,systemic blood,intermediary month sample,10,N/A,3,28,N/A,N/A,TNF-alpha,444.84648972387816,40038.03906
Plate 1,Unknown Group 1,81,3M28_20mon,3M28,20mon,systemic blood,intermediary month sample,20,N/A,3,28,N/A,N/A,GDF-15,778.96948319916,139259.78125
Plate 1,Unknown Group 1,81,3M28_20mon,3M28,20mon,systemic blood,intermediary month sample,20,N/A,3,28,N/A,N/A,IFN-gamma,67.98174737900138,3567.21753
Plate 1,Unknown Group 1,81,3M28_20mon,3M28,20mon,systemic blood,intermediary month sample,20,N/A,3,28,N/A,N/A,IL-10,N/A,3143.55566
Plate 1,Unknown Group 1,81,3M28_20mon,3M28,20mon,systemic blood,intermediary month sample,20,N/A,3,28,N/A,N/A,IL-17A,28.873950813768896,3556.48169
Plate 1,Unknown Group 1,81,3M28_20mon,3M28,20mon,systemic blood,intermediary month sample,20,N/A,3,28,N/A,N/A,IL-17F,12.770518628981309,4332.0708
Plate 1,Unknown Group 1,81,3M28_20mon,3M28,20mon,systemic blood,intermediary month sample,20,N/A,3,28,N/A,N/A,IL-1a,392.6236258227116,40382.53516
Plate 1,Unknown Group 1,81,3M28_20mon,3M28,20mon,systemic blood,intermediary month sample,20,N/A,3,28,N/A,N/A,IL-6,31.114765286276867,3604.32153
Plate 1,Unknown Group 1,81,3M28_20mon,3M28,20mon,systemic blood,intermediary month sample,20,N/A,3,28,N/A,N/A,IL-7,2.3569662300923975,4416.91455
Plate 1,Unknown Group 1,81,3M28_20mon,3M28,20mon,systemic blood,intermediary month sample,20,N/A,3,28,N/A,N/A,TNF-alpha,13.037536184326909,1837.91748
Plate 1,Unknown Group 1,52,3M28_pv_sac,3M28,pv_sac,portal blood,sacrificed sample,N/A,N/A,3,28,N/A,N/A,GDF-15,1244.53259149815,216565.34375
Plate 1,Unknown Group 1,52,3M28_pv_sac,3M28,pv_sac,portal blood,sacrificed sample,N/A,N/A,3,28,N/A,N/A,IFN-gamma,5.9129523946219456,1589.8044400000001
Plate 1,Unknown Group 1,52,3M28_pv_sac,3M28,pv_sac,portal blood,sacrificed sample,N/A,N/A,3,28,N/A,N/A,IL-10,147.85303853236928,5335.53711
Plate 1,Unknown Group 1,52,3M28_pv_sac,3M28,pv_sac,portal blood,sacrificed sample,N/A,N/A,3,28,N/A,N/A,IL-17A,96.32741967687544,4661.56836
Plate 1,Unknown Group 1,52,3M28_pv_sac,3M28,pv_sac,portal blood,sacrificed sample,N/A,N/A,3,28,N/A,N/A,IL-17F,N/A,3647.48682
Plate 1,Unknown Group 1,52,3M28_pv_sac,3M28,pv_sac,portal blood,sacrificed sample,N/A,N/A,3,28,N/A,N/A,IL-1a,23.619777859066648,4055.43091
Plate 1,Unknown Group 1,52,3M28_pv_sac,3M28,pv_sac,portal blood,sacrificed sample,N/A,N/A,3,28,N/A,N/A,IL-6,52.86352380810282,4210.75879
Plate 1,Unknown Group 1,52,3M28_pv_sac,3M28,pv_sac,portal blood,sacrificed sample,N/A,N/A,3,28,N/A,N/A,IL-7,3.273055423799237,5222.48096
Plate 1,Unknown Group 1,52,3M28_pv_sac,3M28,pv_sac,portal blood,sacrificed sample,N/A,N/A,3,28,N/A,N/A,TNF-alpha,40.52711145538062,3835.08691
Plate 1,Unknown Group 1,141,3M29_6mon,3M29,6mon,systemic blood,intermediary month sample,6,N/A,3,29,N/A,N/A,GDF-15,289.720901995895,55410.42578
Plate 1,Unknown Group 1,141,3M29_6mon,3M29,6mon,systemic blood,intermediary month sample,6,N/A,3,29,N/A,N/A,IFN-gamma,120.78737838884857,5297.64697
Plate 1,Unknown Group 1,141,3M29_6mon,3M29,6mon,systemic blood,intermediary month sample,6,N/A,3,29,N/A,N/A,IL-10,65.89295431032625,4014.73877
Plate 1,Unknown Group 1,141,3M29_6mon,3M29,6mon,systemic blood,intermediary month sample,6,N/A,3,29,N/A,N/A,IL-17A,N/A,3087.23828
Plate 1,Unknown Group 1,141,3M29_6mon,3M29,6mon,systemic blood,intermediary month sample,6,N/A,3,29,N/A,N/A,IL-17F,N/A,955.10498
Plate 1,Unknown Group 1,141,3M29_6mon,3M29,6mon,systemic blood,intermediary month sample,6,N/A,3,29,N/A,N/A,IL-1a,515.5743340870912,52765.18359
Plate 1,Unknown Group 1,141,3M29_6mon,3M29,6mon,systemic blood,intermediary month sample,6,N/A,3,29,N/A,N/A,IL-6,N/A,3190.02319
Plate 1,Unknown Group 1,141,3M29_6mon,3M29,6mon,systemic blood,intermediary month sample,6,N/A,3,29,N/A,N/A,IL-7,1.6101937069543852,3750.07129
Plate 1,Unknown Group 1,141,3M29_6mon,3M29,6mon,systemic blood,intermediary month sample,6,N/A,3,29,N/A,N/A,TNF-alpha,11.897984006217568,1761.26489
Plate 1,Unknown Group 1,181,3M29_10mon,3M29,10mon,systemic blood,intermediary month sample,10,N/A,3,29,N/A,N/A,GDF-15,741.364541541845,132929.625
Plate 1,Unknown Group 1,181,3M29_10mon,3M29,10mon,systemic blood,intermediary month sample,10,N/A,3,29,N/A,N/A,IFN-gamma,N/A,1284.39502
Plate 1,Unknown Group 1,181,3M29_10mon,3M29,10mon,systemic blood,intermediary month sample,10,N/A,3,29,N/A,N/A,IL-10,N/A,2474.13208
Plate 1,Unknown Group 1,181,3M29_10mon,3M29,10mon,systemic blood,intermediary month sample,10,N/A,3,29,N/A,N/A,IL-17A,N/A,2936.18481
Plate 1,Unknown Group 1,181,3M29_10mon,3M29,10mon,systemic blood,intermediary month sample,10,N/A,3,29,N/A,N/A,IL-17F,N/A,1850.22583
Plate 1,Unknown Group 1,181,3M29_10mon,3M29,10mon,systemic blood,intermediary month sample,10,N/A,3,29,N/A,N/A,IL-1a,427.59408565205325,43900.26172
Plate 1,Unknown Group 1,181,3M29_10mon,3M29,10mon,systemic blood,intermediary month sample,10,N/A,3,29,N/A,N/A,IL-6,78.79956136002126,4943.21826
Plate 1,Unknown Group 1,181,3M29_10mon,3M29,10mon,systemic blood,intermediary month sample,10,N/A,3,29,N/A,N/A,IL-7,0.6055498977546786,2828.97559
Plate 1,Unknown Group 1,181,3M29_10mon,3M29,10mon,systemic blood,intermediary month sample,10,N/A,3,29,N/A,N/A,TNF-alpha,17.384244112640797,2136.50781
Plate 1,Unknown Group 1,115,3M3_6mon,3M3,6mon,systemic blood,intermediary month sample,6,N/A,3,3,N/A,N/A,GDF-15,79.8591019028636,17724.15234
Plate 1,Unknown Group 1,115,3M3_6mon,3M3,6mon,systemic blood,intermediary month sample,6,N/A,3,3,N/A,N/A,IFN-gamma,38.583086336478,2618.0166
Plate 1,Unknown Group 1,115,3M3_6mon,3M3,6mon,systemic blood,intermediary month sample,6,N/A,3,3,N/A,N/A,IL-10,N/A,2954.48315
Plate 1,Unknown Group 1,115,3M3_6mon,3M3,6mon,systemic blood,intermediary month sample,6,N/A,3,3,N/A,N/A,IL-17A,N/A,2659.99536
Plate 1,Unknown Group 1,115,3M3_6mon,3M3,6mon,systemic blood,intermediary month sample,6,N/A,3,3,N/A,N/A,IL-17F,N/A,1397.42969
Plate 1,Unknown Group 1,115,3M3_6mon,3M3,6mon,systemic blood,intermediary month sample,6,N/A,3,3,N/A,N/A,IL-1a,498.6410769309588,51057.73828
Plate 1,Unknown Group 1,115,3M3_6mon,3M3,6mon,systemic blood,intermediary month sample,6,N/A,3,3,N/A,N/A,IL-6,102.03929929440646,5605.45801
Plate 1,Unknown Group 1,115,3M3_6mon,3M3,6mon,systemic blood,intermediary month sample,6,N/A,3,3,N/A,N/A,IL-7,0.47259461863821206,2703.48242
Plate 1,Unknown Group 1,115,3M3_6mon,3M3,6mon,systemic blood,intermediary month sample,6,N/A,3,3,N/A,N/A,TNF-alpha,37.92249675908576,3637.16553
Plate 1,Unknown Group 1,155,3M3_10mon,3M3,10mon,systemic blood,intermediary month sample,10,N/A,3,3,N/A,N/A,GDF-15,155.802800343251,31592.19922
Plate 1,Unknown Group 1,155,3M3_10mon,3M3,10mon,systemic blood,intermediary month sample,10,N/A,3,3,N/A,N/A,IFN-gamma,N/A,1042.38623
Plate 1,Unknown Group 1,155,3M3_10mon,3M3,10mon,systemic blood,intermediary month sample,10,N/A,3,3,N/A,N/A,IL-10,N/A,2430.78833
Plate 1,Unknown Group 1,155,3M3_10mon,3M3,10mon,systemic blood,intermediary month sample,10,N/A,3,3,N/A,N/A,IL-17A,N/A,2506.54736
Plate 1,Unknown Group 1,155,3M3_10mon,3M3,10mon,systemic blood,intermediary month sample,10,N/A,3,3,N/A,N/A,IL-17F,N/A,1145.12805
Plate 1,Unknown Group 1,155,3M3_10mon,3M3,10mon,systemic blood,intermediary month sample,10,N/A,3,3,N/A,N/A,IL-1a,1871.0155648525376,187911.20312
Plate 1,Unknown Group 1,155,3M3_10mon,3M3,10mon,systemic blood,intermediary month sample,10,N/A,3,3,N/A,N/A,IL-6,N/A,1848.53894
Plate 1,Unknown Group 1,155,3M3_10mon,3M3,10mon,systemic blood,intermediary month sample,10,N/A,3,3,N/A,N/A,IL-7,N/A,2422.72559
Plate 1,Unknown Group 1,155,3M3_10mon,3M3,10mon,systemic blood,intermediary month sample,10,N/A,3,3,N/A,N/A,TNF-alpha,N/A,990.57928
Plate 1,Unknown Group 1,142,3M30_6mon,3M30,6mon,systemic blood,intermediary month sample,6,N/A,3,30,N/A,N/A,GDF-15,354.816483189495,66801.55469
Plate 1,Unknown Group 1,142,3M30_6mon,3M30,6mon,systemic blood,intermediary month sample,6,N/A,3,30,N/A,N/A,IFN-gamma,N/A,1340.09033
Plate 1,Unknown Group 1,142,3M30_6mon,3M30,6mon,systemic blood,intermediary month sample,6,N/A,3,30,N/A,N/A,IL-10,N/A,2232.56665
Plate 1,Unknown Group 1,142,3M30_6mon,3M30,6mon,systemic blood,intermediary month sample,6,N/A,3,30,N/A,N/A,IL-17A,N/A,2354.80054
Plate 1,Unknown Group 1,142,3M30_6mon,3M30,6mon,systemic blood,intermediary month sample,6,N/A,3,30,N/A,N/A,IL-17F,N/A,1394.32751
Plate 1,Unknown Group 1,142,3M30_6mon,3M30,6mon,systemic blood,intermediary month sample,6,N/A,3,30,N/A,N/A,IL-1a,374.5425326079946,38565.55078
Plate 1,Unknown Group 1,142,3M30_6mon,3M30,6mon,systemic blood,intermediary month sample,6,N/A,3,30,N/A,N/A,IL-6,N/A,2256.94751
Plate 1,Unknown Group 1,142,3M30_6mon,3M30,6mon,systemic blood,intermediary month sample,6,N/A,3,30,N/A,N/A,IL-7,0.5374259623140752,2764.83887
Plate 1,Unknown Group 1,142,3M30_6mon,3M30,6mon,systemic blood,intermediary month sample,6,N/A,3,30,N/A,N/A,TNF-alpha,N/A,997.56976
Plate 1,Unknown Group 1,182,3M30_10mon,3M30,10mon,systemic blood,intermediary month sample,10,N/A,3,30,N/A,N/A,GDF-15,274.622286328154,52753.40625
Plate 1,Unknown Group 1,182,3M30_10mon,3M30,10mon,systemic blood,intermediary month sample,10,N/A,3,30,N/A,N/A,IFN-gamma,N/A,1293.14392
Plate 1,Unknown Group 1,182,3M30_10mon,3M30,10mon,systemic blood,intermediary month sample,10,N/A,3,30,N/A,N/A,IL-10,N/A,2537.87598
Plate 1,Unknown Group 1,182,3M30_10mon,3M30,10mon,systemic blood,intermediary month sample,10,N/A,3,30,N/A,N/A,IL-17A,N/A,2822.57129
Plate 1,Unknown Group 1,182,3M30_10mon,3M30,10mon,systemic blood,intermediary month sample,10,N/A,3,30,N/A,N/A,IL-17F,N/A,1450.36597
Plate 1,Unknown Group 1,182,3M30_10mon,3M30,10mon,systemic blood,intermediary month sample,10,N/A,3,30,N/A,N/A,IL-1a,722.4492062034616,73640.92188
Plate 1,Unknown Group 1,182,3M30_10mon,3M30,10mon,systemic blood,intermediary month sample,10,N/A,3,30,N/A,N/A,IL-6,N/A,2422.84717
Plate 1,Unknown Group 1,182,3M30_10mon,3M30,10mon,systemic blood,intermediary month sample,10,N/A,3,30,N/A,N/A,IL-7,0.30404750565086736,2542.14307
Plate 1,Unknown Group 1,182,3M30_10mon,3M30,10mon,systemic blood,intermediary month sample,10,N/A,3,30,N/A,N/A,TNF-alpha,30.817690840412588,3104.82178
Plate 1,Unknown Group 1,82,3M30_20mon,3M30,20mon,systemic blood,intermediary month sample,20,N/A,3,30,N/A,N/A,GDF-15,3375.877194583,554812.1875
Plate 1,Unknown Group 1,82,3M30_20mon,3M30,20mon,systemic blood,intermediary month sample,20,N/A,3,30,N/A,N/A,IFN-gamma,7.549578485835909,1639.83875
Plate 1,Unknown Group 1,82,3M30_20mon,3M30,20mon,systemic blood,intermediary month sample,20,N/A,3,30,N/A,N/A,IL-10,N/A,3129.97485
Plate 1,Unknown Group 1,82,3M30_20mon,3M30,20mon,systemic blood,intermediary month sample,20,N/A,3,30,N/A,N/A,IL-17A,165.03609058780407,5908.23682
Plate 1,Unknown Group 1,82,3M30_20mon,3M30,20mon,systemic blood,intermediary month sample,20,N/A,3,30,N/A,N/A,IL-17F,38.97912032667773,6672.27539
Plate 1,Unknown Group 1,82,3M30_20mon,3M30,20mon,systemic blood,intermediary month sample,20,N/A,3,30,N/A,N/A,IL-1a,104.7536540719274,11779.13477
Plate 1,Unknown Group 1,82,3M30_20mon,3M30,20mon,systemic blood,intermediary month sample,20,N/A,3,30,N/A,N/A,IL-6,2167.5854399073023,68417.67188
Plate 1,Unknown Group 1,82,3M30_20mon,3M30,20mon,systemic blood,intermediary month sample,20,N/A,3,30,N/A,N/A,IL-7,3.995056412935453,5850.14746
Plate 1,Unknown Group 1,82,3M30_20mon,3M30,20mon,systemic blood,intermediary month sample,20,N/A,3,30,N/A,N/A,TNF-alpha,29.69463704383872,3021.78638
Plate 1,Unknown Group 1,143,3M31_6mon,3M31,6mon,systemic blood,intermediary month sample,6,N/A,3,31,N/A,N/A,GDF-15,363.463261375513,68307.48438
Plate 1,Unknown Group 1,143,3M31_6mon,3M31,6mon,systemic blood,intermediary month sample,6,N/A,3,31,N/A,N/A,IFN-gamma,N/A,1302.20728
Plate 1,Unknown Group 1,143,3M31_6mon,3M31,6mon,systemic blood,intermediary month sample,6,N/A,3,31,N/A,N/A,IL-10,N/A,2497.54126
Plate 1,Unknown Group 1,143,3M31_6mon,3M31,6mon,systemic blood,intermediary month sample,6,N/A,3,31,N/A,N/A,IL-17A,N/A,3180.2522
Plate 1,Unknown Group 1,143,3M31_6mon,3M31,6mon,systemic blood,intermediary month sample,6,N/A,3,31,N/A,N/A,IL-17F,N/A,1877.57324
Plate 1,Unknown Group 1,143,3M31_6mon,3M31,6mon,systemic blood,intermediary month sample,6,N/A,3,31,N/A,N/A,IL-1a,318.7307447940978,32966.89062
Plate 1,Unknown Group 1,143,3M31_6mon,3M31,6mon,systemic blood,intermediary month sample,6,N/A,3,31,N/A,N/A,IL-6,N/A,2136.53638
Plate 1,Unknown Group 1,143,3M31_6mon,3M31,6mon,systemic blood,intermediary month sample,6,N/A,3,31,N/A,N/A,IL-7,0.6737246314497226,2892.85498
Plate 1,Unknown Group 1,143,3M31_6mon,3M31,6mon,systemic blood,intermediary month sample,6,N/A,3,31,N/A,N/A,TNF-alpha,13.357118967141412,1859.54651
Plate 1,Unknown Group 1,183,3M31_10mon,3M31,10mon,systemic blood,intermediary month sample,10,N/A,3,31,N/A,N/A,GDF-15,117.34216915262,24615.2793
Plate 1,Unknown Group 1,183,3M31_10mon,3M31,10mon,systemic blood,intermediary month sample,10,N/A,3,31,N/A,N/A,IFN-gamma,N/A,1099.03943
Plate 1,Unknown Group 1,183,3M31_10mon,3M31,10mon,systemic blood,intermediary month sample,10,N/A,3,31,N/A,N/A,IL-10,N/A,2747.16943
Plate 1,Unknown Group 1,183,3M31_10mon,3M31,10mon,systemic blood,intermediary month sample,10,N/A,3,31,N/A,N/A,IL-17A,N/A,2404.14844
Plate 1,Unknown Group 1,183,3M31_10mon,3M31,10mon,systemic blood,intermediary month sample,10,N/A,3,31,N/A,N/A,IL-17F,N/A,1269.09875
Plate 1,Unknown Group 1,183,3M31_10mon,3M31,10mon,systemic blood,intermediary month sample,10,N/A,3,31,N/A,N/A,IL-1a,7007.431127252485,631831.25
Plate 1,Unknown Group 1,183,3M31_10mon,3M31,10mon,systemic blood,intermediary month sample,10,N/A,3,31,N/A,N/A,IL-6,48.58996405546077,4090.92676
Plate 1,Unknown Group 1,183,3M31_10mon,3M31,10mon,systemic blood,intermediary month sample,10,N/A,3,31,N/A,N/A,IL-7,2.9020295137142553,4897.60107
Plate 1,Unknown Group 1,183,3M31_10mon,3M31,10mon,systemic blood,intermediary month sample,10,N/A,3,31,N/A,N/A,TNF-alpha,N/A,670.13092
Plate 1,Unknown Group 1,83,3M31_20mon,3M31,20mon,systemic blood,intermediary month sample,20,N/A,3,31,N/A,N/A,GDF-15,331.462466937286,62726.125
Plate 1,Unknown Group 1,83,3M31_20mon,3M31,20mon,systemic blood,intermediary month sample,20,N/A,3,31,N/A,N/A,IFN-gamma,N/A,1415.17041
Plate 1,Unknown Group 1,83,3M31_20mon,3M31,20mon,systemic blood,intermediary month sample,20,N/A,3,31,N/A,N/A,IL-10,N/A,2715.36206
Plate 1,Unknown Group 1,83,3M31_20mon,3M31,20mon,systemic blood,intermediary month sample,20,N/A,3,31,N/A,N/A,IL-17A,N/A,2567.37476
Plate 1,Unknown Group 1,83,3M31_20mon,3M31,20mon,systemic blood,intermediary month sample,20,N/A,3,31,N/A,N/A,IL-17F,N/A,1640.53931
Plate 1,Unknown Group 1,83,3M31_20mon,3M31,20mon,systemic blood,intermediary month sample,20,N/A,3,31,N/A,N/A,IL-1a,756.9717515417997,77123.60938
Plate 1,Unknown Group 1,83,3M31_20mon,3M31,20mon,systemic blood,intermediary month sample,20,N/A,3,31,N/A,N/A,IL-6,112.97700873200986,5918.67285
Plate 1,Unknown Group 1,83,3M31_20mon,3M31,20mon,systemic blood,intermediary month sample,20,N/A,3,31,N/A,N/A,IL-7,0.5794153611706532,2804.40869
Plate 1,Unknown Group 1,83,3M31_20mon,3M31,20mon,systemic blood,intermediary month sample,20,N/A,3,31,N/A,N/A,TNF-alpha,N/A,901.98993
Plate 1,Unknown Group 1,53,3M31_pv_sac,3M31,pv_sac,portal blood,sacrificed sample,N/A,N/A,3,31,N/A,N/A,GDF-15,352.219459034389,66348.94531
Plate 1,Unknown Group 1,53,3M31_pv_sac,3M31,pv_sac,portal blood,sacrificed sample,N/A,N/A,3,31,N/A,N/A,IFN-gamma,N/A,1339.6615
Plate 1,Unknown Group 1,53,3M31_pv_sac,3M31,pv_sac,portal blood,sacrificed sample,N/A,N/A,3,31,N/A,N/A,IL-10,N/A,2605.90112
Plate 1,Unknown Group 1,53,3M31_pv_sac,3M31,pv_sac,portal blood,sacrificed sample,N/A,N/A,3,31,N/A,N/A,IL-17A,11.093680440812298,3305.52368
Plate 1,Unknown Group 1,53,3M31_pv_sac,3M31,pv_sac,portal blood,sacrificed sample,N/A,N/A,3,31,N/A,N/A,IL-17F,N/A,1668.09387
Plate 1,Unknown Group 1,53,3M31_pv_sac,3M31,pv_sac,portal blood,sacrificed sample,N/A,N/A,3,31,N/A,N/A,IL-1a,49.76300316542014,6498.91357
Plate 1,Unknown Group 1,53,3M31_pv_sac,3M31,pv_sac,portal blood,sacrificed sample,N/A,N/A,3,31,N/A,N/A,IL-6,113.54876221709404,5935.06982
Plate 1,Unknown Group 1,53,3M31_pv_sac,3M31,pv_sac,portal blood,sacrificed sample,N/A,N/A,3,31,N/A,N/A,IL-7,2.5805954131713733,4614.66455
Plate 1,Unknown Group 1,53,3M31_pv_sac,3M31,pv_sac,portal blood,sacrificed sample,N/A,N/A,3,31,N/A,N/A,TNF-alpha,3.1617698974506245,1207.92822
Plate 1,Unknown Group 1,144,3M32_6mon,3M32,6mon,systemic blood,intermediary month sample,6,N/A,3,32,N/A,N/A,GDF-15,240.861912088215,46789.30078
Plate 1,Unknown Group 1,144,3M32_6mon,3M32,6mon,systemic blood,intermediary month sample,6,N/A,3,32,N/A,N/A,IFN-gamma,N/A,1419.38757
Plate 1,Unknown Group 1,144,3M32_6mon,3M32,6mon,systemic blood,intermediary month sample,6,N/A,3,32,N/A,N/A,IL-10,N/A,2647.7583
Plate 1,Unknown Group 1,144,3M32_6mon,3M32,6mon,systemic blood,intermediary month sample,6,N/A,3,32,N/A,N/A,IL-17A,N/A,2621.92651
Plate 1,Unknown Group 1,144,3M32_6mon,3M32,6mon,systemic blood,intermediary month sample,6,N/A,3,32,N/A,N/A,IL-17F,N/A,580.46948
Plate 1,Unknown Group 1,144,3M32_6mon,3M32,6mon,systemic blood,intermediary month sample,6,N/A,3,32,N/A,N/A,IL-1a,253.7259692702087,26471.46484
Plate 1,Unknown Group 1,144,3M32_6mon,3M32,6mon,systemic blood,intermediary month sample,6,N/A,3,32,N/A,N/A,IL-6,N/A,2226.22656
Plate 1,Unknown Group 1,144,3M32_6mon,3M32,6mon,systemic blood,intermediary month sample,6,N/A,3,32,N/A,N/A,IL-7,N/A,2375.15723
Plate 1,Unknown Group 1,144,3M32_6mon,3M32,6mon,systemic blood,intermediary month sample,6,N/A,3,32,N/A,N/A,TNF-alpha,N/A,1092.24902
Plate 1,Unknown Group 1,184,3M32_10mon,3M32,10mon,systemic blood,intermediary month sample,10,N/A,3,32,N/A,N/A,GDF-15,131.355144094478,27166.75781
Plate 1,Unknown Group 1,184,3M32_10mon,3M32,10mon,systemic blood,intermediary month sample,10,N/A,3,32,N/A,N/A,IFN-gamma,158.9531415993202,6561.25635
Plate 1,Unknown Group 1,184,3M32_10mon,3M32,10mon,systemic blood,intermediary month sample,10,N/A,3,32,N/A,N/A,IL-10,N/A,2623.21313
Plate 1,Unknown Group 1,184,3M32_10mon,3M32,10mon,systemic blood,intermediary month sample,10,N/A,3,32,N/A,N/A,IL-17A,N/A,2320.39111
Plate 1,Unknown Group 1,184,3M32_10mon,3M32,10mon,systemic blood,intermediary month sample,10,N/A,3,32,N/A,N/A,IL-17F,N/A,1702.21008
Plate 1,Unknown Group 1,184,3M32_10mon,3M32,10mon,systemic blood,intermediary month sample,10,N/A,3,32,N/A,N/A,IL-1a,2563.253438636645,254420.5625
Plate 1,Unknown Group 1,184,3M32_10mon,3M32,10mon,systemic blood,intermediary month sample,10,N/A,3,32,N/A,N/A,IL-6,N/A,2013.20911
Plate 1,Unknown Group 1,184,3M32_10mon,3M32,10mon,systemic blood,intermediary month sample,10,N/A,3,32,N/A,N/A,IL-7,1.012303171878153,3206.49878
Plate 1,Unknown Group 1,184,3M32_10mon,3M32,10mon,systemic blood,intermediary month sample,10,N/A,3,32,N/A,N/A,TNF-alpha,2.211256597973203,1153.75537
Plate 1,Unknown Group 1,84,3M32_20mon,3M32,20mon,systemic blood,intermediary month sample,20,N/A,3,32,N/A,N/A,GDF-15,260.596425355091,50279.60156
Plate 1,Unknown Group 1,84,3M32_20mon,3M32,20mon,systemic blood,intermediary month sample,20,N/A,3,32,N/A,N/A,IFN-gamma,216.8940443885887,8493.70996
Plate 1,Unknown Group 1,84,3M32_20mon,3M32,20mon,systemic blood,intermediary month sample,20,N/A,3,32,N/A,N/A,IL-10,N/A,3170.0166
Plate 1,Unknown Group 1,84,3M32_20mon,3M32,20mon,systemic blood,intermediary month sample,20,N/A,3,32,N/A,N/A,IL-17A,353.14667383709593,9640.13867
Plate 1,Unknown Group 1,84,3M32_20mon,3M32,20mon,systemic blood,intermediary month sample,20,N/A,3,32,N/A,N/A,IL-17F,N/A,3815.32324
Plate 1,Unknown Group 1,84,3M32_20mon,3M32,20mon,systemic blood,intermediary month sample,20,N/A,3,32,N/A,N/A,IL-1a,370.18070973615573,38127.4375
Plate 1,Unknown Group 1,84,3M32_20mon,3M32,20mon,systemic blood,intermediary month sample,20,N/A,3,32,N/A,N/A,IL-6,108.85242911077032,5800.45605
Plate 1,Unknown Group 1,84,3M32_20mon,3M32,20mon,systemic blood,intermediary month sample,20,N/A,3,32,N/A,N/A,IL-7,15.44636440594245,15385.64941
Plate 1,Unknown Group 1,84,3M32_20mon,3M32,20mon,systemic blood,intermediary month sample,20,N/A,3,32,N/A,N/A,TNF-alpha,82.79333113555334,7195.23389
Plate 1,Unknown Group 1,145,3M33_6mon,3M33,6mon,systemic blood,intermediary month sample,6,N/A,3,33,N/A,N/A,GDF-15,239.704072246225,46584.15625
Plate 1,Unknown Group 1,145,3M33_6mon,3M33,6mon,systemic blood,intermediary month sample,6,N/A,3,33,N/A,N/A,IFN-gamma,N/A,1177.27869
Plate 1,Unknown Group 1,145,3M33_6mon,3M33,6mon,systemic blood,intermediary month sample,6,N/A,3,33,N/A,N/A,IL-10,N/A,2530.13501
Plate 1,Unknown Group 1,145,3M33_6mon,3M33,6mon,systemic blood,intermediary month sample,6,N/A,3,33,N/A,N/A,IL-17A,N/A,2529.77051
Plate 1,Unknown Group 1,145,3M33_6mon,3M33,6mon,systemic blood,intermediary month sample,6,N/A,3,33,N/A,N/A,IL-17F,N/A,1262.07971
Plate 1,Unknown Group 1,145,3M33_6mon,3M33,6mon,systemic blood,intermediary month sample,6,N/A,3,33,N/A,N/A,IL-1a,447.4502401419573,45899.36719
Plate 1,Unknown Group 1,145,3M33_6mon,3M33,6mon,systemic blood,intermediary month sample,6,N/A,3,33,N/A,N/A,IL-6,N/A,2474.53247
Plate 1,Unknown Group 1,145,3M33_6mon,3M33,6mon,systemic blood,intermediary month sample,6,N/A,3,33,N/A,N/A,IL-7,0.4494965171522,2681.53882
Plate 1,Unknown Group 1,145,3M33_6mon,3M33,6mon,systemic blood,intermediary month sample,6,N/A,3,33,N/A,N/A,TNF-alpha,N/A,718.45697
Plate 1,Unknown Group 1,185,3M33_10mon,3M33,10mon,systemic blood,intermediary month sample,10,N/A,3,33,N/A,N/A,GDF-15,203.44124049714,40136.9375
Plate 1,Unknown Group 1,185,3M33_10mon,3M33,10mon,systemic blood,intermediary month sample,10,N/A,3,33,N/A,N/A,IFN-gamma,16.152269966570277,1906.69312
Plate 1,Unknown Group 1,185,3M33_10mon,3M33,10mon,systemic blood,intermediary month sample,10,N/A,3,33,N/A,N/A,IL-10,N/A,2444.69067
Plate 1,Unknown Group 1,185,3M33_10mon,3M33,10mon,systemic blood,intermediary month sample,10,N/A,3,33,N/A,N/A,IL-17A,N/A,2683.42578
Plate 1,Unknown Group 1,185,3M33_10mon,3M33,10mon,systemic blood,intermediary month sample,10,N/A,3,33,N/A,N/A,IL-17F,N/A,940.48779
Plate 1,Unknown Group 1,185,3M33_10mon,3M33,10mon,systemic blood,intermediary month sample,10,N/A,3,33,N/A,N/A,IL-1a,3854.764273934112,372897.09375
Plate 1,Unknown Group 1,185,3M33_10mon,3M33,10mon,systemic blood,intermediary month sample,10,N/A,3,33,N/A,N/A,IL-6,30.372069745679,3583.78613
Plate 1,Unknown Group 1,185,3M33_10mon,3M33,10mon,systemic blood,intermediary month sample,10,N/A,3,33,N/A,N/A,IL-7,N/A,1807.43933
Plate 1,Unknown Group 1,185,3M33_10mon,3M33,10mon,systemic blood,intermediary month sample,10,N/A,3,33,N/A,N/A,TNF-alpha,N/A,1085.15125
Plate 1,Unknown Group 1,85,3M33_20mon,3M33,20mon,systemic blood,intermediary month sample,20,N/A,3,33,N/A,N/A,GDF-15,319.360148843415,60609.35938
Plate 1,Unknown Group 1,85,3M33_20mon,3M33,20mon,systemic blood,intermediary month sample,20,N/A,3,33,N/A,N/A,IFN-gamma,14.101760939532134,1842.63501
Plate 1,Unknown Group 1,85,3M33_20mon,3M33,20mon,systemic blood,intermediary month sample,20,N/A,3,33,N/A,N/A,IL-10,N/A,2793.68701
Plate 1,Unknown Group 1,85,3M33_20mon,3M33,20mon,systemic blood,intermediary month sample,20,N/A,3,33,N/A,N/A,IL-17A,N/A,3112.67017
Plate 1,Unknown Group 1,85,3M33_20mon,3M33,20mon,systemic blood,intermediary month sample,20,N/A,3,33,N/A,N/A,IL-17F,N/A,1684.39783
Plate 1,Unknown Group 1,85,3M33_20mon,3M33,20mon,systemic blood,intermediary month sample,20,N/A,3,33,N/A,N/A,IL-1a,1192.8498452273438,120916.375
Plate 1,Unknown Group 1,85,3M33_20mon,3M33,20mon,systemic blood,intermediary month sample,20,N/A,3,33,N/A,N/A,IL-6,59.03225928897804,4384.20654
Plate 1,Unknown Group 1,85,3M33_20mon,3M33,20mon,systemic blood,intermediary month sample,20,N/A,3,33,N/A,N/A,IL-7,0.9013696298433532,3104.31445
Plate 1,Unknown Group 1,85,3M33_20mon,3M33,20mon,systemic blood,intermediary month sample,20,N/A,3,33,N/A,N/A,TNF-alpha,6.506094484974815,1410.69592
Plate 1,Unknown Group 1,54,3M33_pv_sac,3M33,pv_sac,portal blood,sacrificed sample,N/A,N/A,3,33,N/A,N/A,GDF-15,628.516935718404,113838.6875
Plate 1,Unknown Group 1,54,3M33_pv_sac,3M33,pv_sac,portal blood,sacrificed sample,N/A,N/A,3,33,N/A,N/A,IFN-gamma,11.588163734217032,1764.45276
Plate 1,Unknown Group 1,54,3M33_pv_sac,3M33,pv_sac,portal blood,sacrificed sample,N/A,N/A,3,33,N/A,N/A,IL-10,N/A,2980.1936
Plate 1,Unknown Group 1,54,3M33_pv_sac,3M33,pv_sac,portal blood,sacrificed sample,N/A,N/A,3,33,N/A,N/A,IL-17A,29.015137883508043,3558.58301
Plate 1,Unknown Group 1,54,3M33_pv_sac,3M33,pv_sac,portal blood,sacrificed sample,N/A,N/A,3,33,N/A,N/A,IL-17F,N/A,1881.52588
Plate 1,Unknown Group 1,54,3M33_pv_sac,3M33,pv_sac,portal blood,sacrificed sample,N/A,N/A,3,33,N/A,N/A,IL-1a,32.448663499400304,4872.88428
Plate 1,Unknown Group 1,54,3M33_pv_sac,3M33,pv_sac,portal blood,sacrificed sample,N/A,N/A,3,33,N/A,N/A,IL-6,51.8947290437215,4183.56885
Plate 1,Unknown Group 1,54,3M33_pv_sac,3M33,pv_sac,portal blood,sacrificed sample,N/A,N/A,3,33,N/A,N/A,IL-7,2.77822651371847,4788.79785
Plate 1,Unknown Group 1,54,3M33_pv_sac,3M33,pv_sac,portal blood,sacrificed sample,N/A,N/A,3,33,N/A,N/A,TNF-alpha,26.65740657905894,2798.91919
Plate 1,Unknown Group 1,146,3M34_6mon,3M34,6mon,systemic blood,intermediary month sample,6,N/A,3,34,N/A,N/A,GDF-15,178.662934388469,35704.3125
Plate 1,Unknown Group 1,146,3M34_6mon,3M34,6mon,systemic blood,intermediary month sample,6,N/A,3,34,N/A,N/A,IFN-gamma,N/A,1370.49695
Plate 1,Unknown Group 1,146,3M34_6mon,3M34,6mon,systemic blood,intermediary month sample,6,N/A,3,34,N/A,N/A,IL-10,N/A,2620.76855
Plate 1,Unknown Group 1,146,3M34_6mon,3M34,6mon,systemic blood,intermediary month sample,6,N/A,3,34,N/A,N/A,IL-17A,N/A,2562.74292
Plate 1,Unknown Group 1,146,3M34_6mon,3M34,6mon,systemic blood,intermediary month sample,6,N/A,3,34,N/A,N/A,IL-17F,N/A,2901.14648
Plate 1,Unknown Group 1,146,3M34_6mon,3M34,6mon,systemic blood,intermediary month sample,6,N/A,3,34,N/A,N/A,IL-1a,166.96621457396353,17869.05273
Plate 1,Unknown Group 1,146,3M34_6mon,3M34,6mon,systemic blood,intermediary month sample,6,N/A,3,34,N/A,N/A,IL-6,N/A,2310.41992
Plate 1,Unknown Group 1,146,3M34_6mon,3M34,6mon,systemic blood,intermediary month sample,6,N/A,3,34,N/A,N/A,IL-7,0.9109153114941064,3113.12744
Plate 1,Unknown Group 1,146,3M34_6mon,3M34,6mon,systemic blood,intermediary month sample,6,N/A,3,34,N/A,N/A,TNF-alpha,4.118081962099565,1264.25977
Plate 1,Unknown Group 1,186,3M34_10mon,3M34,10mon,systemic blood,intermediary month sample,10,N/A,3,34,N/A,N/A,GDF-15,159.559525379114,32269.58398
Plate 1,Unknown Group 1,186,3M34_10mon,3M34,10mon,systemic blood,intermediary month sample,10,N/A,3,34,N/A,N/A,IFN-gamma,N/A,1084.30066
Plate 1,Unknown Group 1,186,3M34_10mon,3M34,10mon,systemic blood,intermediary month sample,10,N/A,3,34,N/A,N/A,IL-10,N/A,2516.92578
Plate 1,Unknown Group 1,186,3M34_10mon,3M34,10mon,systemic blood,intermediary month sample,10,N/A,3,34,N/A,N/A,IL-17A,N/A,1641.82581
Plate 1,Unknown Group 1,186,3M34_10mon,3M34,10mon,systemic blood,intermediary month sample,10,N/A,3,34,N/A,N/A,IL-17F,N/A,1459.28638
Plate 1,Unknown Group 1,186,3M34_10mon,3M34,10mon,systemic blood,intermediary month sample,10,N/A,3,34,N/A,N/A,IL-1a,1709.180220961037,172077.32812
Plate 1,Unknown Group 1,186,3M34_10mon,3M34,10mon,systemic blood,intermediary month sample,10,N/A,3,34,N/A,N/A,IL-6,N/A,2588.68921
Plate 1,Unknown Group 1,186,3M34_10mon,3M34,10mon,systemic blood,intermediary month sample,10,N/A,3,34,N/A,N/A,IL-7,N/A,2339.76172
Plate 1,Unknown Group 1,186,3M34_10mon,3M34,10mon,systemic blood,intermediary month sample,10,N/A,3,34,N/A,N/A,TNF-alpha,N/A,1091.8916
Plate 1,Unknown Group 1,86,3M34_20mon,3M34,20mon,systemic blood,intermediary month sample,20,N/A,3,34,N/A,N/A,GDF-15,426.768609527034,79287.41406
Plate 1,Unknown Group 1,86,3M34_20mon,3M34,20mon,systemic blood,intermediary month sample,20,N/A,3,34,N/A,N/A,IFN-gamma,N/A,1267.21179
Plate 1,Unknown Group 1,86,3M34_20mon,3M34,20mon,systemic blood,intermediary month sample,20,N/A,3,34,N/A,N/A,IL-10,N/A,3288.85522
Plate 1,Unknown Group 1,86,3M34_20mon,3M34,20mon,systemic blood,intermediary month sample,20,N/A,3,34,N/A,N/A,IL-17A,N/A,2852.99219
Plate 1,Unknown Group 1,86,3M34_20mon,3M34,20mon,systemic blood,intermediary month sample,20,N/A,3,34,N/A,N/A,IL-17F,N/A,1816.10962
Plate 1,Unknown Group 1,86,3M34_20mon,3M34,20mon,systemic blood,intermediary month sample,20,N/A,3,34,N/A,N/A,IL-1a,872.5356726835594,88771.54688
Plate 1,Unknown Group 1,86,3M34_20mon,3M34,20mon,systemic blood,intermediary month sample,20,N/A,3,34,N/A,N/A,IL-6,60.18735089301147,4416.74268
Plate 1,Unknown Group 1,86,3M34_20mon,3M34,20mon,systemic blood,intermediary month sample,20,N/A,3,34,N/A,N/A,IL-7,0.6985147246445051,2916.01392
Plate 1,Unknown Group 1,86,3M34_20mon,3M34,20mon,systemic blood,intermediary month sample,20,N/A,3,34,N/A,N/A,TNF-alpha,7.498215339561199,1473.41748
Plate 1,Unknown Group 1,55,3M34_pv_sac,3M34,pv_sac,portal blood,sacrificed sample,N/A,N/A,3,34,N/A,N/A,GDF-15,627.426156498309,113653.41406
Plate 1,Unknown Group 1,55,3M34_pv_sac,3M34,pv_sac,portal blood,sacrificed sample,N/A,N/A,3,34,N/A,N/A,IFN-gamma,N/A,1240.3219
Plate 1,Unknown Group 1,55,3M34_pv_sac,3M34,pv_sac,portal blood,sacrificed sample,N/A,N/A,3,34,N/A,N/A,IL-10,N/A,2790.2063
Plate 1,Unknown Group 1,55,3M34_pv_sac,3M34,pv_sac,portal blood,sacrificed sample,N/A,N/A,3,34,N/A,N/A,IL-17A,N/A,3166.68579
Plate 1,Unknown Group 1,55,3M34_pv_sac,3M34,pv_sac,portal blood,sacrificed sample,N/A,N/A,3,34,N/A,N/A,IL-17F,N/A,2116.06519
Plate 1,Unknown Group 1,55,3M34_pv_sac,3M34,pv_sac,portal blood,sacrificed sample,N/A,N/A,3,34,N/A,N/A,IL-1a,24.573477965104946,4143.24121
Plate 1,Unknown Group 1,55,3M34_pv_sac,3M34,pv_sac,portal blood,sacrificed sample,N/A,N/A,3,34,N/A,N/A,IL-6,100.31560679396635,5556.18115
Plate 1,Unknown Group 1,55,3M34_pv_sac,3M34,pv_sac,portal blood,sacrificed sample,N/A,N/A,3,34,N/A,N/A,IL-7,0.6980170307565606,2915.54932
Plate 1,Unknown Group 1,55,3M34_pv_sac,3M34,pv_sac,portal blood,sacrificed sample,N/A,N/A,3,34,N/A,N/A,TNF-alpha,12.344130844352131,1791.18542
Plate 1,Unknown Group 1,147,3M35_6mon,3M35,6mon,systemic blood,intermediary month sample,6,N/A,3,35,N/A,N/A,GDF-15,273.29452434038,52519.45703
Plate 1,Unknown Group 1,147,3M35_6mon,3M35,6mon,systemic blood,intermediary month sample,6,N/A,3,35,N/A,N/A,IFN-gamma,N/A,1394.64209
Plate 1,Unknown Group 1,147,3M35_6mon,3M35,6mon,systemic blood,intermediary month sample,6,N/A,3,35,N/A,N/A,IL-10,N/A,2392.34033
Plate 1,Unknown Group 1,147,3M35_6mon,3M35,6mon,systemic blood,intermediary month sample,6,N/A,3,35,N/A,N/A,IL-17A,N/A,2665.6709
Plate 1,Unknown Group 1,147,3M35_6mon,3M35,6mon,systemic blood,intermediary month sample,6,N/A,3,35,N/A,N/A,IL-17F,N/A,1927.33594
Plate 1,Unknown Group 1,147,3M35_6mon,3M35,6mon,systemic blood,intermediary month sample,6,N/A,3,35,N/A,N/A,IL-1a,238.78076898548693,24983.20898
Plate 1,Unknown Group 1,147,3M35_6mon,3M35,6mon,systemic blood,intermediary month sample,6,N/A,3,35,N/A,N/A,IL-6,N/A,2085.17993
Plate 1,Unknown Group 1,147,3M35_6mon,3M35,6mon,systemic blood,intermediary month sample,6,N/A,3,35,N/A,N/A,IL-7,0.33710924794674807,2574.03662
Plate 1,Unknown Group 1,147,3M35_6mon,3M35,6mon,systemic blood,intermediary month sample,6,N/A,3,35,N/A,N/A,TNF-alpha,4.512449708483634,1287.92603
Plate 1,Unknown Group 1,187,3M35_10mon,3M35,10mon,systemic blood,intermediary month sample,10,N/A,3,35,N/A,N/A,GDF-15,274.448283419159,52722.75
Plate 1,Unknown Group 1,187,3M35_10mon,3M35,10mon,systemic blood,intermediary month sample,10,N/A,3,35,N/A,N/A,IFN-gamma,N/A,1001.56537
Plate 1,Unknown Group 1,187,3M35_10mon,3M35,10mon,systemic blood,intermediary month sample,10,N/A,3,35,N/A,N/A,IL-10,N/A,2471.40894
Plate 1,Unknown Group 1,187,3M35_10mon,3M35,10mon,systemic blood,intermediary month sample,10,N/A,3,35,N/A,N/A,IL-17A,N/A,2528.90552
Plate 1,Unknown Group 1,187,3M35_10mon,3M35,10mon,systemic blood,intermediary month sample,10,N/A,3,35,N/A,N/A,IL-17F,N/A,1733.03833
Plate 1,Unknown Group 1,187,3M35_10mon,3M35,10mon,systemic blood,intermediary month sample,10,N/A,3,35,N/A,N/A,IL-1a,705.9686571273131,71978
Plate 1,Unknown Group 1,187,3M35_10mon,3M35,10mon,systemic blood,intermediary month sample,10,N/A,3,35,N/A,N/A,IL-6,N/A,2403.90552
Plate 1,Unknown Group 1,187,3M35_10mon,3M35,10mon,systemic blood,intermediary month sample,10,N/A,3,35,N/A,N/A,IL-7,1.1983692201149057,3376.84424
Plate 1,Unknown Group 1,187,3M35_10mon,3M35,10mon,systemic blood,intermediary month sample,10,N/A,3,35,N/A,N/A,TNF-alpha,1.9628929375984523,1139.97461
Plate 1,Unknown Group 1,87,3M35_20mon,3M35,20mon,systemic blood,intermediary month sample,20,N/A,3,35,N/A,N/A,GDF-15,716.43232921059,128724.30469
Plate 1,Unknown Group 1,87,3M35_20mon,3M35,20mon,systemic blood,intermediary month sample,20,N/A,3,35,N/A,N/A,IFN-gamma,16.487695747138815,1917.19324
Plate 1,Unknown Group 1,87,3M35_20mon,3M35,20mon,systemic blood,intermediary month sample,20,N/A,3,35,N/A,N/A,IL-10,155.15363986367194,5457.34229
Plate 1,Unknown Group 1,87,3M35_20mon,3M35,20mon,systemic blood,intermediary month sample,20,N/A,3,35,N/A,N/A,IL-17A,11.332168949157133,3308.65454
Plate 1,Unknown Group 1,87,3M35_20mon,3M35,20mon,systemic blood,intermediary month sample,20,N/A,3,35,N/A,N/A,IL-17F,N/A,2100.98364
Plate 1,Unknown Group 1,87,3M35_20mon,3M35,20mon,systemic blood,intermediary month sample,20,N/A,3,35,N/A,N/A,IL-1a,2216.925276166578,221399.15625
Plate 1,Unknown Group 1,87,3M35_20mon,3M35,20mon,systemic blood,intermediary month sample,20,N/A,3,35,N/A,N/A,IL-6,768.3064192635793,25378.74609
Plate 1,Unknown Group 1,87,3M35_20mon,3M35,20mon,systemic blood,intermediary month sample,20,N/A,3,35,N/A,N/A,IL-7,0.9763157512790288,3173.40454
Plate 1,Unknown Group 1,87,3M35_20mon,3M35,20mon,systemic blood,intermediary month sample,20,N/A,3,35,N/A,N/A,TNF-alpha,16.47621238378655,2073.39331
Plate 1,Unknown Group 1,148,3M36_6mon,3M36,6mon,systemic blood,intermediary month sample,6,N/A,3,36,N/A,N/A,GDF-15,171.456657806689,34410.52344
Plate 1,Unknown Group 1,148,3M36_6mon,3M36,6mon,systemic blood,intermediary month sample,6,N/A,3,36,N/A,N/A,IFN-gamma,N/A,1219.46472
Plate 1,Unknown Group 1,148,3M36_6mon,3M36,6mon,systemic blood,intermediary month sample,6,N/A,3,36,N/A,N/A,IL-10,N/A,2574.80835
Plate 1,Unknown Group 1,148,3M36_6mon,3M36,6mon,systemic blood,intermediary month sample,6,N/A,3,36,N/A,N/A,IL-17A,N/A,2874.35669
Plate 1,Unknown Group 1,148,3M36_6mon,3M36,6mon,systemic blood,intermediary month sample,6,N/A,3,36,N/A,N/A,IL-17F,N/A,1867.65918
Plate 1,Unknown Group 1,148,3M36_6mon,3M36,6mon,systemic blood,intermediary month sample,6,N/A,3,36,N/A,N/A,IL-1a,308.9840190787941,31990.99414
Plate 1,Unknown Group 1,148,3M36_6mon,3M36,6mon,systemic blood,intermediary month sample,6,N/A,3,36,N/A,N/A,IL-6,N/A,2247.5127
Plate 1,Unknown Group 1,148,3M36_6mon,3M36,6mon,systemic blood,intermediary month sample,6,N/A,3,36,N/A,N/A,IL-7,N/A,1976.81982
Plate 1,Unknown Group 1,148,3M36_6mon,3M36,6mon,systemic blood,intermediary month sample,6,N/A,3,36,N/A,N/A,TNF-alpha,3.332114980112998,1217.84216
Plate 1,Unknown Group 1,188,3M36_10mon,3M36,10mon,systemic blood,intermediary month sample,10,N/A,3,36,N/A,N/A,GDF-15,309.92880837607,58957.375
Plate 1,Unknown Group 1,188,3M36_10mon,3M36,10mon,systemic blood,intermediary month sample,10,N/A,3,36,N/A,N/A,IFN-gamma,N/A,1141.99744
Plate 1,Unknown Group 1,188,3M36_10mon,3M36,10mon,systemic blood,intermediary month sample,10,N/A,3,36,N/A,N/A,IL-10,N/A,2229.62891
Plate 1,Unknown Group 1,188,3M36_10mon,3M36,10mon,systemic blood,intermediary month sample,10,N/A,3,36,N/A,N/A,IL-17A,N/A,2663.54077
Plate 1,Unknown Group 1,188,3M36_10mon,3M36,10mon,systemic blood,intermediary month sample,10,N/A,3,36,N/A,N/A,IL-17F,N/A,1843.3783
Plate 1,Unknown Group 1,188,3M36_10mon,3M36,10mon,systemic blood,intermediary month sample,10,N/A,3,36,N/A,N/A,IL-1a,688.0736521681695,70172.16406
Plate 1,Unknown Group 1,188,3M36_10mon,3M36,10mon,systemic blood,intermediary month sample,10,N/A,3,36,N/A,N/A,IL-6,91.02698287037231,5291.05664
Plate 1,Unknown Group 1,188,3M36_10mon,3M36,10mon,systemic blood,intermediary month sample,10,N/A,3,36,N/A,N/A,IL-7,N/A,1957.14209
Plate 1,Unknown Group 1,188,3M36_10mon,3M36,10mon,systemic blood,intermediary month sample,10,N/A,3,36,N/A,N/A,TNF-alpha,3.139839552115427,1206.65601
Plate 1,Unknown Group 1,88,3M36_20mon,3M36,20mon,systemic blood,intermediary month sample,20,N/A,3,36,N/A,N/A,GDF-15,347.476527006176,65521.97266
Plate 1,Unknown Group 1,88,3M36_20mon,3M36,20mon,systemic blood,intermediary month sample,20,N/A,3,36,N/A,N/A,IFN-gamma,9.999794695136872,1715.27612
Plate 1,Unknown Group 1,88,3M36_20mon,3M36,20mon,systemic blood,intermediary month sample,20,N/A,3,36,N/A,N/A,IL-10,N/A,3088.33203
Plate 1,Unknown Group 1,88,3M36_20mon,3M36,20mon,systemic blood,intermediary month sample,20,N/A,3,36,N/A,N/A,IL-17A,N/A,2597.04517
Plate 1,Unknown Group 1,88,3M36_20mon,3M36,20mon,systemic blood,intermediary month sample,20,N/A,3,36,N/A,N/A,IL-17F,N/A,2052.32153
Plate 1,Unknown Group 1,88,3M36_20mon,3M36,20mon,systemic blood,intermediary month sample,20,N/A,3,36,N/A,N/A,IL-1a,1112.8811234342509,112915.26562
Plate 1,Unknown Group 1,88,3M36_20mon,3M36,20mon,systemic blood,intermediary month sample,20,N/A,3,36,N/A,N/A,IL-6,38.485727637401446,3808.82617
Plate 1,Unknown Group 1,88,3M36_20mon,3M36,20mon,systemic blood,intermediary month sample,20,N/A,3,36,N/A,N/A,IL-7,0.5433792142267011,2770.45679
Plate 1,Unknown Group 1,88,3M36_20mon,3M36,20mon,systemic blood,intermediary month sample,20,N/A,3,36,N/A,N/A,TNF-alpha,19.454997267812697,2281.73608
Plate 1,Unknown Group 1,149,3M37_6mon,3M37,6mon,systemic blood,intermediary month sample,6,N/A,3,37,N/A,N/A,GDF-15,195.494822006397,38717.97656
Plate 1,Unknown Group 1,149,3M37_6mon,3M37,6mon,systemic blood,intermediary month sample,6,N/A,3,37,N/A,N/A,IFN-gamma,N/A,1194.3761
Plate 1,Unknown Group 1,149,3M37_6mon,3M37,6mon,systemic blood,intermediary month sample,6,N/A,3,37,N/A,N/A,IL-10,N/A,2557.75391
Plate 1,Unknown Group 1,149,3M37_6mon,3M37,6mon,systemic blood,intermediary month sample,6,N/A,3,37,N/A,N/A,IL-17A,N/A,2705.04785
Plate 1,Unknown Group 1,149,3M37_6mon,3M37,6mon,systemic blood,intermediary month sample,6,N/A,3,37,N/A,N/A,IL-17F,N/A,1667.84363
Plate 1,Unknown Group 1,149,3M37_6mon,3M37,6mon,systemic blood,intermediary month sample,6,N/A,3,37,N/A,N/A,IL-1a,341.7404261407666,35273.05078
Plate 1,Unknown Group 1,149,3M37_6mon,3M37,6mon,systemic blood,intermediary month sample,6,N/A,3,37,N/A,N/A,IL-6,N/A,2177.34302
Plate 1,Unknown Group 1,149,3M37_6mon,3M37,6mon,systemic blood,intermediary month sample,6,N/A,3,37,N/A,N/A,IL-7,0.829911325847137,3038.21191
Plate 1,Unknown Group 1,149,3M37_6mon,3M37,6mon,systemic blood,intermediary month sample,6,N/A,3,37,N/A,N/A,TNF-alpha,9.47456930293871,1600.95496
Plate 1,Unknown Group 1,189,3M37_10mon,3M37,10mon,systemic blood,intermediary month sample,10,N/A,3,37,N/A,N/A,GDF-15,284.122614399848,54425.95703
Plate 1,Unknown Group 1,189,3M37_10mon,3M37,10mon,systemic blood,intermediary month sample,10,N/A,3,37,N/A,N/A,IFN-gamma,10.173717283482535,1720.65125
Plate 1,Unknown Group 1,189,3M37_10mon,3M37,10mon,systemic blood,intermediary month sample,10,N/A,3,37,N/A,N/A,IL-10,N/A,2730.60107
Plate 1,Unknown Group 1,189,3M37_10mon,3M37,10mon,systemic blood,intermediary month sample,10,N/A,3,37,N/A,N/A,IL-17A,31.93778761425624,3602.37744
Plate 1,Unknown Group 1,189,3M37_10mon,3M37,10mon,systemic blood,intermediary month sample,10,N/A,3,37,N/A,N/A,IL-17F,92.68835310185521,11262.47949
Plate 1,Unknown Group 1,189,3M37_10mon,3M37,10mon,systemic blood,intermediary month sample,10,N/A,3,37,N/A,N/A,IL-1a,3227.1823206309828,316253.28125
Plate 1,Unknown Group 1,189,3M37_10mon,3M37,10mon,systemic blood,intermediary month sample,10,N/A,3,37,N/A,N/A,IL-6,N/A,2617.98096
Plate 1,Unknown Group 1,189,3M37_10mon,3M37,10mon,systemic blood,intermediary month sample,10,N/A,3,37,N/A,N/A,IL-7,3.7895515718222135,5672.05371
Plate 1,Unknown Group 1,189,3M37_10mon,3M37,10mon,systemic blood,intermediary month sample,10,N/A,3,37,N/A,N/A,TNF-alpha,8.932258180470935,1565.64502
Plate 1,Unknown Group 1,89,3M37_20mon,3M37,20mon,systemic blood,intermediary month sample,20,N/A,3,37,N/A,N/A,GDF-15,241.482211465283,46899.1875
Plate 1,Unknown Group 1,89,3M37_20mon,3M37,20mon,systemic blood,intermediary month sample,20,N/A,3,37,N/A,N/A,IFN-gamma,N/A,1016.19684
Plate 1,Unknown Group 1,89,3M37_20mon,3M37,20mon,systemic blood,intermediary month sample,20,N/A,3,37,N/A,N/A,IL-10,N/A,2946.96362
Plate 1,Unknown Group 1,89,3M37_20mon,3M37,20mon,systemic blood,intermediary month sample,20,N/A,3,37,N/A,N/A,IL-17A,N/A,2985.36133
Plate 1,Unknown Group 1,89,3M37_20mon,3M37,20mon,systemic blood,intermediary month sample,20,N/A,3,37,N/A,N/A,IL-17F,N/A,2006.64746
Plate 1,Unknown Group 1,89,3M37_20mon,3M37,20mon,systemic blood,intermediary month sample,20,N/A,3,37,N/A,N/A,IL-1a,1892.800819072497,190034.73438
Plate 1,Unknown Group 1,89,3M37_20mon,3M37,20mon,systemic blood,intermediary month sample,20,N/A,3,37,N/A,N/A,IL-6,66.85448616784657,4604.87207
Plate 1,Unknown Group 1,89,3M37_20mon,3M37,20mon,systemic blood,intermediary month sample,20,N/A,3,37,N/A,N/A,IL-7,0.40656528765872113,2640.625
Plate 1,Unknown Group 1,89,3M37_20mon,3M37,20mon,systemic blood,intermediary month sample,20,N/A,3,37,N/A,N/A,TNF-alpha,10.092508901720764,1641.4541
Plate 1,Unknown Group 1,56,3M37_pv_sac,3M37,pv_sac,portal blood,sacrificed sample,N/A,N/A,3,37,N/A,N/A,GDF-15,481.71346222367,88758.55469
Plate 1,Unknown Group 1,56,3M37_pv_sac,3M37,pv_sac,portal blood,sacrificed sample,N/A,N/A,3,37,N/A,N/A,IFN-gamma,8.568679431926054,1671.14587
Plate 1,Unknown Group 1,56,3M37_pv_sac,3M37,pv_sac,portal blood,sacrificed sample,N/A,N/A,3,37,N/A,N/A,IL-10,N/A,2942.63208
Plate 1,Unknown Group 1,56,3M37_pv_sac,3M37,pv_sac,portal blood,sacrificed sample,N/A,N/A,3,37,N/A,N/A,IL-17A,52.395550706472555,3922.03223
Plate 1,Unknown Group 1,56,3M37_pv_sac,3M37,pv_sac,portal blood,sacrificed sample,N/A,N/A,3,37,N/A,N/A,IL-17F,N/A,2665.64209
Plate 1,Unknown Group 1,56,3M37_pv_sac,3M37,pv_sac,portal blood,sacrificed sample,N/A,N/A,3,37,N/A,N/A,IL-1a,40.43976476891216,5620.15381
Plate 1,Unknown Group 1,56,3M37_pv_sac,3M37,pv_sac,portal blood,sacrificed sample,N/A,N/A,3,37,N/A,N/A,IL-6,25.351226425188457,3445.34814
Plate 1,Unknown Group 1,56,3M37_pv_sac,3M37,pv_sac,portal blood,sacrificed sample,N/A,N/A,3,37,N/A,N/A,IL-7,2.206385631451789,4283.30127
Plate 1,Unknown Group 1,56,3M37_pv_sac,3M37,pv_sac,portal blood,sacrificed sample,N/A,N/A,3,37,N/A,N/A,TNF-alpha,N/A,964.71869
Plate 1,Unknown Group 1,150,3M38_6mon,3M38,6mon,systemic blood,intermediary month sample,6,N/A,3,38,N/A,N/A,GDF-15,242.019236660883,46994.3125
Plate 1,Unknown Group 1,150,3M38_6mon,3M38,6mon,systemic blood,intermediary month sample,6,N/A,3,38,N/A,N/A,IFN-gamma,N/A,978.14215
Plate 1,Unknown Group 1,150,3M38_6mon,3M38,6mon,systemic blood,intermediary month sample,6,N/A,3,38,N/A,N/A,IL-10,N/A,2491.91577
Plate 1,Unknown Group 1,150,3M38_6mon,3M38,6mon,systemic blood,intermediary month sample,6,N/A,3,38,N/A,N/A,IL-17A,N/A,2833.25
Plate 1,Unknown Group 1,150,3M38_6mon,3M38,6mon,systemic blood,intermediary month sample,6,N/A,3,38,N/A,N/A,IL-17F,N/A,1915.95667
Plate 1,Unknown Group 1,150,3M38_6mon,3M38,6mon,systemic blood,intermediary month sample,6,N/A,3,38,N/A,N/A,IL-1a,72.7922147522418,8693.48242
Plate 1,Unknown Group 1,150,3M38_6mon,3M38,6mon,systemic blood,intermediary month sample,6,N/A,3,38,N/A,N/A,IL-6,N/A,2169.35913
Plate 1,Unknown Group 1,150,3M38_6mon,3M38,6mon,systemic blood,intermediary month sample,6,N/A,3,38,N/A,N/A,IL-7,N/A,2200.58032
Plate 1,Unknown Group 1,150,3M38_6mon,3M38,6mon,systemic blood,intermediary month sample,6,N/A,3,38,N/A,N/A,TNF-alpha,10.939868838354574,1697.42102
Plate 1,Unknown Group 1,190,3M38_10mon,3M38,10mon,systemic blood,intermediary month sample,10,N/A,3,38,N/A,N/A,GDF-15,176.122466478328,35248.45703
Plate 1,Unknown Group 1,190,3M38_10mon,3M38,10mon,systemic blood,intermediary month sample,10,N/A,3,38,N/A,N/A,IFN-gamma,N/A,1280.18506
Plate 1,Unknown Group 1,190,3M38_10mon,3M38,10mon,systemic blood,intermediary month sample,10,N/A,3,38,N/A,N/A,IL-10,N/A,2242.11597
Plate 1,Unknown Group 1,190,3M38_10mon,3M38,10mon,systemic blood,intermediary month sample,10,N/A,3,38,N/A,N/A,IL-17A,N/A,2627.46582
Plate 1,Unknown Group 1,190,3M38_10mon,3M38,10mon,systemic blood,intermediary month sample,10,N/A,3,38,N/A,N/A,IL-17F,N/A,1673.13306
Plate 1,Unknown Group 1,190,3M38_10mon,3M38,10mon,systemic blood,intermediary month sample,10,N/A,3,38,N/A,N/A,IL-1a,874.4310065893902,88962.41406
Plate 1,Unknown Group 1,190,3M38_10mon,3M38,10mon,systemic blood,intermediary month sample,10,N/A,3,38,N/A,N/A,IL-6,N/A,2015.65356
Plate 1,Unknown Group 1,190,3M38_10mon,3M38,10mon,systemic blood,intermediary month sample,10,N/A,3,38,N/A,N/A,IL-7,0.40414069091362,2638.30908
Plate 1,Unknown Group 1,190,3M38_10mon,3M38,10mon,systemic blood,intermediary month sample,10,N/A,3,38,N/A,N/A,TNF-alpha,3.995663959571576,1256.96191
Plate 1,Unknown Group 1,90,3M38_20mon,3M38,20mon,systemic blood,intermediary month sample,20,N/A,3,38,N/A,N/A,GDF-15,519.129266532431,95180.125
Plate 1,Unknown Group 1,90,3M38_20mon,3M38,20mon,systemic blood,intermediary month sample,20,N/A,3,38,N/A,N/A,IFN-gamma,12.685027364163435,1798.51892
Plate 1,Unknown Group 1,90,3M38_20mon,3M38,20mon,systemic blood,intermediary month sample,20,N/A,3,38,N/A,N/A,IL-10,N/A,2815.25903
Plate 1,Unknown Group 1,90,3M38_20mon,3M38,20mon,systemic blood,intermediary month sample,20,N/A,3,38,N/A,N/A,IL-17A,N/A,2733.94604
Plate 1,Unknown Group 1,90,3M38_20mon,3M38,20mon,systemic blood,intermediary month sample,20,N/A,3,38,N/A,N/A,IL-17F,N/A,1565.58789
Plate 1,Unknown Group 1,90,3M38_20mon,3M38,20mon,systemic blood,intermediary month sample,20,N/A,3,38,N/A,N/A,IL-1a,446.80995864226946,45834.88672
Plate 1,Unknown Group 1,90,3M38_20mon,3M38,20mon,systemic blood,intermediary month sample,20,N/A,3,38,N/A,N/A,IL-6,68.95604132987131,4664.28418
Plate 1,Unknown Group 1,90,3M38_20mon,3M38,20mon,systemic blood,intermediary month sample,20,N/A,3,38,N/A,N/A,IL-7,1.0498563122812608,3240.97949
Plate 1,Unknown Group 1,90,3M38_20mon,3M38,20mon,systemic blood,intermediary month sample,20,N/A,3,38,N/A,N/A,TNF-alpha,13.456227078318468,1866.26538
Plate 1,Unknown Group 1,57,3M38_pv_sac,3M38,pv_sac,portal blood,sacrificed sample,N/A,N/A,3,38,N/A,N/A,GDF-15,481.693376508882,88755.10156
Plate 1,Unknown Group 1,57,3M38_pv_sac,3M38,pv_sac,portal blood,sacrificed sample,N/A,N/A,3,38,N/A,N/A,IFN-gamma,N/A,1278.86267
Plate 1,Unknown Group 1,57,3M38_pv_sac,3M38,pv_sac,portal blood,sacrificed sample,N/A,N/A,3,38,N/A,N/A,IL-10,N/A,2985.03271
Plate 1,Unknown Group 1,57,3M38_pv_sac,3M38,pv_sac,portal blood,sacrificed sample,N/A,N/A,3,38,N/A,N/A,IL-17A,38.02508406243232,3695.26245
Plate 1,Unknown Group 1,57,3M38_pv_sac,3M38,pv_sac,portal blood,sacrificed sample,N/A,N/A,3,38,N/A,N/A,IL-17F,N/A,1701.98132
Plate 1,Unknown Group 1,57,3M38_pv_sac,3M38,pv_sac,portal blood,sacrificed sample,N/A,N/A,3,38,N/A,N/A,IL-1a,55.95278483982748,7085.75195
Plate 1,Unknown Group 1,57,3M38_pv_sac,3M38,pv_sac,portal blood,sacrificed sample,N/A,N/A,3,38,N/A,N/A,IL-6,232.9881697531195,9399.43066
Plate 1,Unknown Group 1,57,3M38_pv_sac,3M38,pv_sac,portal blood,sacrificed sample,N/A,N/A,3,38,N/A,N/A,IL-7,5.185582530377255,6874.34229
Plate 1,Unknown Group 1,57,3M38_pv_sac,3M38,pv_sac,portal blood,sacrificed sample,N/A,N/A,3,38,N/A,N/A,TNF-alpha,11.918698869994564,1762.65149
Plate 1,Unknown Group 1,151,3M39_6mon,3M39,6mon,systemic blood,intermediary month sample,6,N/A,3,39,N/A,N/A,GDF-15,300.564121153636,57314.92969
Plate 1,Unknown Group 1,151,3M39_6mon,3M39,6mon,systemic blood,intermediary month sample,6,N/A,3,39,N/A,N/A,IFN-gamma,N/A,1261.79382
Plate 1,Unknown Group 1,151,3M39_6mon,3M39,6mon,systemic blood,intermediary month sample,6,N/A,3,39,N/A,N/A,IL-10,N/A,2808.49731
Plate 1,Unknown Group 1,151,3M39_6mon,3M39,6mon,systemic blood,intermediary month sample,6,N/A,3,39,N/A,N/A,IL-17A,N/A,2936.63501
Plate 1,Unknown Group 1,151,3M39_6mon,3M39,6mon,systemic blood,intermediary month sample,6,N/A,3,39,N/A,N/A,IL-17F,N/A,843.62134
Plate 1,Unknown Group 1,151,3M39_6mon,3M39,6mon,systemic blood,intermediary month sample,6,N/A,3,39,N/A,N/A,IL-1a,504.4360947286371,51642.01953
Plate 1,Unknown Group 1,151,3M39_6mon,3M39,6mon,systemic blood,intermediary month sample,6,N/A,3,39,N/A,N/A,IL-6,N/A,2307.24634
Plate 1,Unknown Group 1,151,3M39_6mon,3M39,6mon,systemic blood,intermediary month sample,6,N/A,3,39,N/A,N/A,IL-7,1.7182672791563047,3847.28833
Plate 1,Unknown Group 1,151,3M39_6mon,3M39,6mon,systemic blood,intermediary month sample,6,N/A,3,39,N/A,N/A,TNF-alpha,16.094554529119396,2046.9751
Plate 1,Unknown Group 1,191,3M39_10mon,3M39,10mon,systemic blood,intermediary month sample,10,N/A,3,39,N/A,N/A,GDF-15,172.423646077035,34584.26172
Plate 1,Unknown Group 1,191,3M39_10mon,3M39,10mon,systemic blood,intermediary month sample,10,N/A,3,39,N/A,N/A,IFN-gamma,N/A,1075.20874
Plate 1,Unknown Group 1,191,3M39_10mon,3M39,10mon,systemic blood,intermediary month sample,10,N/A,3,39,N/A,N/A,IL-10,N/A,2510.52148
Plate 1,Unknown Group 1,191,3M39_10mon,3M39,10mon,systemic blood,intermediary month sample,10,N/A,3,39,N/A,N/A,IL-17A,N/A,2679.72314
Plate 1,Unknown Group 1,191,3M39_10mon,3M39,10mon,systemic blood,intermediary month sample,10,N/A,3,39,N/A,N/A,IL-17F,N/A,1725.14014
Plate 1,Unknown Group 1,191,3M39_10mon,3M39,10mon,systemic blood,intermediary month sample,10,N/A,3,39,N/A,N/A,IL-1a,377.9516586714378,38908.03125
Plate 1,Unknown Group 1,191,3M39_10mon,3M39,10mon,systemic blood,intermediary month sample,10,N/A,3,39,N/A,N/A,IL-6,N/A,2349.84009
Plate 1,Unknown Group 1,191,3M39_10mon,3M39,10mon,systemic blood,intermediary month sample,10,N/A,3,39,N/A,N/A,IL-7,0.3229985892498094,2560.44141
Plate 1,Unknown Group 1,191,3M39_10mon,3M39,10mon,systemic blood,intermediary month sample,10,N/A,3,39,N/A,N/A,TNF-alpha,6.906127434706084,1435.87024
Plate 1,Unknown Group 1,91,3M39_20mon,3M39,20mon,systemic blood,intermediary month sample,20,N/A,3,39,N/A,N/A,GDF-15,1532.791046968,263627.6875
Plate 1,Unknown Group 1,91,3M39_20mon,3M39,20mon,systemic blood,intermediary month sample,20,N/A,3,39,N/A,N/A,IFN-gamma,N/A,1401.31799
Plate 1,Unknown Group 1,91,3M39_20mon,3M39,20mon,systemic blood,intermediary month sample,20,N/A,3,39,N/A,N/A,IL-10,N/A,3557.5896
Plate 1,Unknown Group 1,91,3M39_20mon,3M39,20mon,systemic blood,intermediary month sample,20,N/A,3,39,N/A,N/A,IL-17A,N/A,2713.96826
Plate 1,Unknown Group 1,91,3M39_20mon,3M39,20mon,systemic blood,intermediary month sample,20,N/A,3,39,N/A,N/A,IL-17F,N/A,2402.11865
Plate 1,Unknown Group 1,91,3M39_20mon,3M39,20mon,systemic blood,intermediary month sample,20,N/A,3,39,N/A,N/A,IL-1a,1046.8221988388425,106292.79688
Plate 1,Unknown Group 1,91,3M39_20mon,3M39,20mon,systemic blood,intermediary month sample,20,N/A,3,39,N/A,N/A,IL-6,622.4633925499305,20979.42188
Plate 1,Unknown Group 1,91,3M39_20mon,3M39,20mon,systemic blood,intermediary month sample,20,N/A,3,39,N/A,N/A,IL-7,1.7480770072254186,3874.0564
Plate 1,Unknown Group 1,91,3M39_20mon,3M39,20mon,systemic blood,intermediary month sample,20,N/A,3,39,N/A,N/A,TNF-alpha,3.90126571150274,1251.35083
Plate 1,Unknown Group 1,58,3M39_pv_sac,3M39,pv_sac,portal blood,sacrificed sample,N/A,N/A,3,39,N/A,N/A,GDF-15,622.18143680237,112762.36719
Plate 1,Unknown Group 1,58,3M39_pv_sac,3M39,pv_sac,portal blood,sacrificed sample,N/A,N/A,3,39,N/A,N/A,IFN-gamma,11.32009478184937,1756.13989
Plate 1,Unknown Group 1,58,3M39_pv_sac,3M39,pv_sac,portal blood,sacrificed sample,N/A,N/A,3,39,N/A,N/A,IL-10,N/A,2673.54761
Plate 1,Unknown Group 1,58,3M39_pv_sac,3M39,pv_sac,portal blood,sacrificed sample,N/A,N/A,3,39,N/A,N/A,IL-17A,8.940073256730999,3277.67627
Plate 1,Unknown Group 1,58,3M39_pv_sac,3M39,pv_sac,portal blood,sacrificed sample,N/A,N/A,3,39,N/A,N/A,IL-17F,N/A,1742.95227
Plate 1,Unknown Group 1,58,3M39_pv_sac,3M39,pv_sac,portal blood,sacrificed sample,N/A,N/A,3,39,N/A,N/A,IL-1a,27.0315948487794,4370.15381
Plate 1,Unknown Group 1,58,3M39_pv_sac,3M39,pv_sac,portal blood,sacrificed sample,N/A,N/A,3,39,N/A,N/A,IL-6,119.9164287483753,6117.83789
Plate 1,Unknown Group 1,58,3M39_pv_sac,3M39,pv_sac,portal blood,sacrificed sample,N/A,N/A,3,39,N/A,N/A,IL-7,3.1657393522348856,5128.68848
Plate 1,Unknown Group 1,58,3M39_pv_sac,3M39,pv_sac,portal blood,sacrificed sample,N/A,N/A,3,39,N/A,N/A,TNF-alpha,28.50850807046151,2934.448
Plate 1,Unknown Group 1,116,3M4_6mon,3M4,6mon,systemic blood,intermediary month sample,6,N/A,3,4,N/A,N/A,GDF-15,154.978253431539,31443.43359
Plate 1,Unknown Group 1,116,3M4_6mon,3M4,6mon,systemic blood,intermediary month sample,6,N/A,3,4,N/A,N/A,IFN-gamma,78.50394792980775,3909.88818
Plate 1,Unknown Group 1,116,3M4_6mon,3M4,6mon,systemic blood,intermediary month sample,6,N/A,3,4,N/A,N/A,IL-10,N/A,2515.9895
Plate 1,Unknown Group 1,116,3M4_6mon,3M4,6mon,systemic blood,intermediary month sample,6,N/A,3,4,N/A,N/A,IL-17A,N/A,2718.24976
Plate 1,Unknown Group 1,116,3M4_6mon,3M4,6mon,systemic blood,intermediary month sample,6,N/A,3,4,N/A,N/A,IL-17F,N/A,1577.99634
Plate 1,Unknown Group 1,116,3M4_6mon,3M4,6mon,systemic blood,intermediary month sample,6,N/A,3,4,N/A,N/A,IL-1a,683.2102096472844,69681.35156
Plate 1,Unknown Group 1,116,3M4_6mon,3M4,6mon,systemic blood,intermediary month sample,6,N/A,3,4,N/A,N/A,IL-6,N/A,2517.29053
Plate 1,Unknown Group 1,116,3M4_6mon,3M4,6mon,systemic blood,intermediary month sample,6,N/A,3,4,N/A,N/A,IL-7,N/A,2363.72095
Plate 1,Unknown Group 1,116,3M4_6mon,3M4,6mon,systemic blood,intermediary month sample,6,N/A,3,4,N/A,N/A,TNF-alpha,4.103594901510551,1263.3949
Plate 1,Unknown Group 1,156,3M4_10mon,3M4,10mon,systemic blood,intermediary month sample,10,N/A,3,4,N/A,N/A,GDF-15,132.234461710283,27326.48047
Plate 1,Unknown Group 1,156,3M4_10mon,3M4,10mon,systemic blood,intermediary month sample,10,N/A,3,4,N/A,N/A,IFN-gamma,N/A,980.0863
Plate 1,Unknown Group 1,156,3M4_10mon,3M4,10mon,systemic blood,intermediary month sample,10,N/A,3,4,N/A,N/A,IL-10,N/A,2429.40161
Plate 1,Unknown Group 1,156,3M4_10mon,3M4,10mon,systemic blood,intermediary month sample,10,N/A,3,4,N/A,N/A,IL-17A,N/A,2564.42285
Plate 1,Unknown Group 1,156,3M4_10mon,3M4,10mon,systemic blood,intermediary month sample,10,N/A,3,4,N/A,N/A,IL-17F,N/A,1728.48523
Plate 1,Unknown Group 1,156,3M4_10mon,3M4,10mon,systemic blood,intermediary month sample,10,N/A,3,4,N/A,N/A,IL-1a,629.1820819595657,64228.4375
Plate 1,Unknown Group 1,156,3M4_10mon,3M4,10mon,systemic blood,intermediary month sample,10,N/A,3,4,N/A,N/A,IL-6,19.514004034416015,3285.38159
Plate 1,Unknown Group 1,156,3M4_10mon,3M4,10mon,systemic blood,intermediary month sample,10,N/A,3,4,N/A,N/A,IL-7,1.3711724397580134,3534.03052
Plate 1,Unknown Group 1,156,3M4_10mon,3M4,10mon,systemic blood,intermediary month sample,10,N/A,3,4,N/A,N/A,TNF-alpha,6.12839967533288,1387.07971
Plate 1,Unknown Group 1,61,3M4_20mon,3M4,20mon,systemic blood,intermediary month sample,20,N/A,3,4,N/A,N/A,GDF-15,296.772300317789,56649.27344
Plate 1,Unknown Group 1,61,3M4_20mon,3M4,20mon,systemic blood,intermediary month sample,20,N/A,3,4,N/A,N/A,IFN-gamma,N/A,1104.42871
Plate 1,Unknown Group 1,61,3M4_20mon,3M4,20mon,systemic blood,intermediary month sample,20,N/A,3,4,N/A,N/A,IL-10,N/A,3154.04858
Plate 1,Unknown Group 1,61,3M4_20mon,3M4,20mon,systemic blood,intermediary month sample,20,N/A,3,4,N/A,N/A,IL-17A,N/A,2953.96826
Plate 1,Unknown Group 1,61,3M4_20mon,3M4,20mon,systemic blood,intermediary month sample,20,N/A,3,4,N/A,N/A,IL-17F,N/A,2511.30078
Plate 1,Unknown Group 1,61,3M4_20mon,3M4,20mon,systemic blood,intermediary month sample,20,N/A,3,4,N/A,N/A,IL-1a,1116.1161894919617,113239.28906
Plate 1,Unknown Group 1,61,3M4_20mon,3M4,20mon,systemic blood,intermediary month sample,20,N/A,3,4,N/A,N/A,IL-6,N/A,2877.17993
Plate 1,Unknown Group 1,61,3M4_20mon,3M4,20mon,systemic blood,intermediary month sample,20,N/A,3,4,N/A,N/A,IL-7,N/A,2079.9834
Plate 1,Unknown Group 1,61,3M4_20mon,3M4,20mon,systemic blood,intermediary month sample,20,N/A,3,4,N/A,N/A,TNF-alpha,11.58142267217004,1740.10754
Plate 1,Unknown Group 1,42,3M4_pv_sac,3M4,pv_sac,portal blood,sacrificed sample,N/A,N/A,3,4,N/A,N/A,GDF-15,317.097059273717,60213.15234
Plate 1,Unknown Group 1,42,3M4_pv_sac,3M4,pv_sac,portal blood,sacrificed sample,N/A,N/A,3,4,N/A,N/A,IFN-gamma,N/A,1254.04553
Plate 1,Unknown Group 1,42,3M4_pv_sac,3M4,pv_sac,portal blood,sacrificed sample,N/A,N/A,3,4,N/A,N/A,IL-10,N/A,3385.93604
Plate 1,Unknown Group 1,42,3M4_pv_sac,3M4,pv_sac,portal blood,sacrificed sample,N/A,N/A,3,4,N/A,N/A,IL-17A,N/A,3211.95972
Plate 1,Unknown Group 1,42,3M4_pv_sac,3M4,pv_sac,portal blood,sacrificed sample,N/A,N/A,3,4,N/A,N/A,IL-17F,N/A,1826.59534
Plate 1,Unknown Group 1,42,3M4_pv_sac,3M4,pv_sac,portal blood,sacrificed sample,N/A,N/A,3,4,N/A,N/A,IL-1a,157.01510250558255,16889.37305
Plate 1,Unknown Group 1,42,3M4_pv_sac,3M4,pv_sac,portal blood,sacrificed sample,N/A,N/A,3,4,N/A,N/A,IL-6,57.29738930159988,4335.37305
Plate 1,Unknown Group 1,42,3M4_pv_sac,3M4,pv_sac,portal blood,sacrificed sample,N/A,N/A,3,4,N/A,N/A,IL-7,N/A,2137.22266
Plate 1,Unknown Group 1,42,3M4_pv_sac,3M4,pv_sac,portal blood,sacrificed sample,N/A,N/A,3,4,N/A,N/A,TNF-alpha,17.225327826410794,2125.43604
Plate 1,Unknown Group 1,152,3M40_6mon,3M40,6mon,systemic blood,intermediary month sample,6,N/A,3,40,N/A,N/A,GDF-15,249.948417067649,48397.80859
Plate 1,Unknown Group 1,152,3M40_6mon,3M40,6mon,systemic blood,intermediary month sample,6,N/A,3,40,N/A,N/A,IFN-gamma,N/A,1134.47791
Plate 1,Unknown Group 1,152,3M40_6mon,3M40,6mon,systemic blood,intermediary month sample,6,N/A,3,40,N/A,N/A,IL-10,N/A,2590.4978
Plate 1,Unknown Group 1,152,3M40_6mon,3M40,6mon,systemic blood,intermediary month sample,6,N/A,3,40,N/A,N/A,IL-17A,N/A,2811.87085
Plate 1,Unknown Group 1,152,3M40_6mon,3M40,6mon,systemic blood,intermediary month sample,6,N/A,3,40,N/A,N/A,IL-17F,N/A,1628.09497
Plate 1,Unknown Group 1,152,3M40_6mon,3M40,6mon,systemic blood,intermediary month sample,6,N/A,3,40,N/A,N/A,IL-1a,518.2914180980349,53039.19922
Plate 1,Unknown Group 1,152,3M40_6mon,3M40,6mon,systemic blood,intermediary month sample,6,N/A,3,40,N/A,N/A,IL-6,N/A,2390.91089
Plate 1,Unknown Group 1,152,3M40_6mon,3M40,6mon,systemic blood,intermediary month sample,6,N/A,3,40,N/A,N/A,IL-7,0.5747671198118575,2800.03442
Plate 1,Unknown Group 1,152,3M40_6mon,3M40,6mon,systemic blood,intermediary month sample,6,N/A,3,40,N/A,N/A,TNF-alpha,9.765412839871248,1619.9823
Plate 1,Unknown Group 1,192,3M40_10mon,3M40,10mon,systemic blood,intermediary month sample,10,N/A,3,40,N/A,N/A,GDF-15,173.962479565549,34860.66016
Plate 1,Unknown Group 1,192,3M40_10mon,3M40,10mon,systemic blood,intermediary month sample,10,N/A,3,40,N/A,N/A,IFN-gamma,N/A,1248.62048
Plate 1,Unknown Group 1,192,3M40_10mon,3M40,10mon,systemic blood,intermediary month sample,10,N/A,3,40,N/A,N/A,IL-10,N/A,2594.90796
Plate 1,Unknown Group 1,192,3M40_10mon,3M40,10mon,systemic blood,intermediary month sample,10,N/A,3,40,N/A,N/A,IL-17A,N/A,2817.57495
Plate 1,Unknown Group 1,192,3M40_10mon,3M40,10mon,systemic blood,intermediary month sample,10,N/A,3,40,N/A,N/A,IL-17F,N/A,2028.59106
Plate 1,Unknown Group 1,192,3M40_10mon,3M40,10mon,systemic blood,intermediary month sample,10,N/A,3,40,N/A,N/A,IL-1a,217.9177760739193,22909.5957
Plate 1,Unknown Group 1,192,3M40_10mon,3M40,10mon,systemic blood,intermediary month sample,10,N/A,3,40,N/A,N/A,IL-6,N/A,2368.81714
Plate 1,Unknown Group 1,192,3M40_10mon,3M40,10mon,systemic blood,intermediary month sample,10,N/A,3,40,N/A,N/A,IL-7,N/A,1666.27124
Plate 1,Unknown Group 1,192,3M40_10mon,3M40,10mon,systemic blood,intermediary month sample,10,N/A,3,40,N/A,N/A,TNF-alpha,6.045994790230939,1381.94763
Plate 1,Unknown Group 1,92,3M40_20mon,3M40,20mon,systemic blood,intermediary month sample,20,N/A,3,40,N/A,N/A,GDF-15,1060.45999563462,186214.125
Plate 1,Unknown Group 1,92,3M40_20mon,3M40,20mon,systemic blood,intermediary month sample,20,N/A,3,40,N/A,N/A,IFN-gamma,32.72629571789199,2430.84546
Plate 1,Unknown Group 1,92,3M40_20mon,3M40,20mon,systemic blood,intermediary month sample,20,N/A,3,40,N/A,N/A,IL-10,N/A,3391.40405
Plate 1,Unknown Group 1,92,3M40_20mon,3M40,20mon,systemic blood,intermediary month sample,20,N/A,3,40,N/A,N/A,IL-17A,80.66281491210117,4391.31104
Plate 1,Unknown Group 1,92,3M40_20mon,3M40,20mon,systemic blood,intermediary month sample,20,N/A,3,40,N/A,N/A,IL-17F,32.824254248625,6132.09766
Plate 1,Unknown Group 1,92,3M40_20mon,3M40,20mon,systemic blood,intermediary month sample,20,N/A,3,40,N/A,N/A,IL-1a,1234.9254109904518,125118.72656
Plate 1,Unknown Group 1,92,3M40_20mon,3M40,20mon,systemic blood,intermediary month sample,20,N/A,3,40,N/A,N/A,IL-6,835.0912016190337,27401.31836
Plate 1,Unknown Group 1,92,3M40_20mon,3M40,20mon,systemic blood,intermediary month sample,20,N/A,3,40,N/A,N/A,IL-7,4.41360549903025,6211.6167
Plate 1,Unknown Group 1,92,3M40_20mon,3M40,20mon,systemic blood,intermediary month sample,20,N/A,3,40,N/A,N/A,TNF-alpha,N/A,1099.21094
Plate 1,Unknown Group 1,59,3M40_pv_sac,3M40,pv_sac,portal blood,sacrificed sample,N/A,N/A,3,40,N/A,N/A,GDF-15,761.243427869926,136277.76562
Plate 1,Unknown Group 1,59,3M40_pv_sac,3M40,pv_sac,portal blood,sacrificed sample,N/A,N/A,3,40,N/A,N/A,IFN-gamma,N/A,1268.59851
Plate 1,Unknown Group 1,59,3M40_pv_sac,3M40,pv_sac,portal blood,sacrificed sample,N/A,N/A,3,40,N/A,N/A,IL-10,N/A,2526.98999
Plate 1,Unknown Group 1,59,3M40_pv_sac,3M40,pv_sac,portal blood,sacrificed sample,N/A,N/A,3,40,N/A,N/A,IL-17A,N/A,2978.37085
Plate 1,Unknown Group 1,59,3M40_pv_sac,3M40,pv_sac,portal blood,sacrificed sample,N/A,N/A,3,40,N/A,N/A,IL-17F,N/A,1833.21423
Plate 1,Unknown Group 1,59,3M40_pv_sac,3M40,pv_sac,portal blood,sacrificed sample,N/A,N/A,3,40,N/A,N/A,IL-1a,44.691538001965895,6020.0708
Plate 1,Unknown Group 1,59,3M40_pv_sac,3M40,pv_sac,portal blood,sacrificed sample,N/A,N/A,3,40,N/A,N/A,IL-6,N/A,2849.3252
Plate 1,Unknown Group 1,59,3M40_pv_sac,3M40,pv_sac,portal blood,sacrificed sample,N/A,N/A,3,40,N/A,N/A,IL-7,0.6059380210347549,2829.34009
Plate 1,Unknown Group 1,59,3M40_pv_sac,3M40,pv_sac,portal blood,sacrificed sample,N/A,N/A,3,40,N/A,N/A,TNF-alpha,17.529585846663835,2146.64331
Plate 1,Unknown Group 1,117,3M5_6mon,3M5,6mon,systemic blood,intermediary month sample,6,N/A,3,5,N/A,N/A,GDF-15,81.5719786543765,18041.53516
Plate 1,Unknown Group 1,117,3M5_6mon,3M5,6mon,systemic blood,intermediary month sample,6,N/A,3,5,N/A,N/A,IFN-gamma,N/A,1319.026
Plate 1,Unknown Group 1,117,3M5_6mon,3M5,6mon,systemic blood,intermediary month sample,6,N/A,3,5,N/A,N/A,IL-10,N/A,2404.46289
Plate 1,Unknown Group 1,117,3M5_6mon,3M5,6mon,systemic blood,intermediary month sample,6,N/A,3,5,N/A,N/A,IL-17A,N/A,2646.67212
Plate 1,Unknown Group 1,117,3M5_6mon,3M5,6mon,systemic blood,intermediary month sample,6,N/A,3,5,N/A,N/A,IL-17F,N/A,1628.39514
Plate 1,Unknown Group 1,117,3M5_6mon,3M5,6mon,systemic blood,intermediary month sample,6,N/A,3,5,N/A,N/A,IL-1a,515.2614759563696,52733.63281
Plate 1,Unknown Group 1,117,3M5_6mon,3M5,6mon,systemic blood,intermediary month sample,6,N/A,3,5,N/A,N/A,IL-6,N/A,2645.22827
Plate 1,Unknown Group 1,117,3M5_6mon,3M5,6mon,systemic blood,intermediary month sample,6,N/A,3,5,N/A,N/A,IL-7,0.40079695615217015,2635.11426
Plate 1,Unknown Group 1,117,3M5_6mon,3M5,6mon,systemic blood,intermediary month sample,6,N/A,3,5,N/A,N/A,TNF-alpha,2.0819338101188065,1146.55762
Plate 1,Unknown Group 1,157,3M5_10mon,3M5,10mon,systemic blood,intermediary month sample,10,N/A,3,5,N/A,N/A,GDF-15,85.6240011731957,18791.28516
Plate 1,Unknown Group 1,157,3M5_10mon,3M5,10mon,systemic blood,intermediary month sample,10,N/A,3,5,N/A,N/A,IFN-gamma,N/A,1399.59546
Plate 1,Unknown Group 1,157,3M5_10mon,3M5,10mon,systemic blood,intermediary month sample,10,N/A,3,5,N/A,N/A,IL-10,N/A,3301.23511
Plate 1,Unknown Group 1,157,3M5_10mon,3M5,10mon,systemic blood,intermediary month sample,10,N/A,3,5,N/A,N/A,IL-17A,N/A,2517.51196
Plate 1,Unknown Group 1,157,3M5_10mon,3M5,10mon,systemic blood,intermediary month sample,10,N/A,3,5,N/A,N/A,IL-17F,N/A,1559.72656
Plate 1,Unknown Group 1,157,3M5_10mon,3M5,10mon,systemic blood,intermediary month sample,10,N/A,3,5,N/A,N/A,IL-1a,853.854990829486,86890.00781
Plate 1,Unknown Group 1,157,3M5_10mon,3M5,10mon,systemic blood,intermediary month sample,10,N/A,3,5,N/A,N/A,IL-6,N/A,2577.73193
Plate 1,Unknown Group 1,157,3M5_10mon,3M5,10mon,systemic blood,intermediary month sample,10,N/A,3,5,N/A,N/A,IL-7,N/A,2205.32642
Plate 1,Unknown Group 1,157,3M5_10mon,3M5,10mon,systemic blood,intermediary month sample,10,N/A,3,5,N/A,N/A,TNF-alpha,5.044822257557841,1320.22668
Plate 1,Unknown Group 1,118,3M6_6mon,3M6,6mon,systemic blood,intermediary month sample,6,N/A,3,6,N/A,N/A,GDF-15,107.0258731969,22729.01367
Plate 1,Unknown Group 1,118,3M6_6mon,3M6,6mon,systemic blood,intermediary month sample,6,N/A,3,6,N/A,N/A,IFN-gamma,N/A,1341.72717
Plate 1,Unknown Group 1,118,3M6_6mon,3M6,6mon,systemic blood,intermediary month sample,6,N/A,3,6,N/A,N/A,IL-10,N/A,2564.4585
Plate 1,Unknown Group 1,118,3M6_6mon,3M6,6mon,systemic blood,intermediary month sample,6,N/A,3,6,N/A,N/A,IL-17A,N/A,2822.30664
Plate 1,Unknown Group 1,118,3M6_6mon,3M6,6mon,systemic blood,intermediary month sample,6,N/A,3,6,N/A,N/A,IL-17F,N/A,1642.78357
Plate 1,Unknown Group 1,118,3M6_6mon,3M6,6mon,systemic blood,intermediary month sample,6,N/A,3,6,N/A,N/A,IL-1a,410.367119374437,42166.84375
Plate 1,Unknown Group 1,118,3M6_6mon,3M6,6mon,systemic blood,intermediary month sample,6,N/A,3,6,N/A,N/A,IL-6,N/A,2885.25
Plate 1,Unknown Group 1,118,3M6_6mon,3M6,6mon,systemic blood,intermediary month sample,6,N/A,3,6,N/A,N/A,IL-7,N/A,2195.61987
Plate 1,Unknown Group 1,118,3M6_6mon,3M6,6mon,systemic blood,intermediary month sample,6,N/A,3,6,N/A,N/A,TNF-alpha,6.125189431825817,1386.87964
Plate 1,Unknown Group 1,158,3M6_10mon,3M6,10mon,systemic blood,intermediary month sample,10,N/A,3,6,N/A,N/A,GDF-15,114.286860640465,24057.36719
Plate 1,Unknown Group 1,158,3M6_10mon,3M6,10mon,systemic blood,intermediary month sample,10,N/A,3,6,N/A,N/A,IFN-gamma,N/A,1210.63013
Plate 1,Unknown Group 1,158,3M6_10mon,3M6,10mon,systemic blood,intermediary month sample,10,N/A,3,6,N/A,N/A,IL-10,N/A,2352.77051
Plate 1,Unknown Group 1,158,3M6_10mon,3M6,10mon,systemic blood,intermediary month sample,10,N/A,3,6,N/A,N/A,IL-17A,N/A,2278.89844
Plate 1,Unknown Group 1,158,3M6_10mon,3M6,10mon,systemic blood,intermediary month sample,10,N/A,3,6,N/A,N/A,IL-17F,N/A,1494.26746
Plate 1,Unknown Group 1,158,3M6_10mon,3M6,10mon,systemic blood,intermediary month sample,10,N/A,3,6,N/A,N/A,IL-1a,1831.57783621277,184062.15625
Plate 1,Unknown Group 1,158,3M6_10mon,3M6,10mon,systemic blood,intermediary month sample,10,N/A,3,6,N/A,N/A,IL-6,N/A,2528.87695
Plate 1,Unknown Group 1,158,3M6_10mon,3M6,10mon,systemic blood,intermediary month sample,10,N/A,3,6,N/A,N/A,IL-7,N/A,2393.7915
Plate 1,Unknown Group 1,158,3M6_10mon,3M6,10mon,systemic blood,intermediary month sample,10,N/A,3,6,N/A,N/A,TNF-alpha,N/A,919.18744
Plate 1,Unknown Group 1,62,3M6_20mon,3M6,20mon,systemic blood,intermediary month sample,20,N/A,3,6,N/A,N/A,GDF-15,168.058461594622,33799.64844
Plate 1,Unknown Group 1,62,3M6_20mon,3M6,20mon,systemic blood,intermediary month sample,20,N/A,3,6,N/A,N/A,IFN-gamma,N/A,1168.45837
Plate 1,Unknown Group 1,62,3M6_20mon,3M6,20mon,systemic blood,intermediary month sample,20,N/A,3,6,N/A,N/A,IL-10,N/A,3240.76514
Plate 1,Unknown Group 1,62,3M6_20mon,3M6,20mon,systemic blood,intermediary month sample,20,N/A,3,6,N/A,N/A,IL-17A,N/A,2853.7998
Plate 1,Unknown Group 1,62,3M6_20mon,3M6,20mon,systemic blood,intermediary month sample,20,N/A,3,6,N/A,N/A,IL-17F,N/A,1884.14917
Plate 1,Unknown Group 1,62,3M6_20mon,3M6,20mon,systemic blood,intermediary month sample,20,N/A,3,6,N/A,N/A,IL-1a,1280.454127411012,129659.89844
Plate 1,Unknown Group 1,62,3M6_20mon,3M6,20mon,systemic blood,intermediary month sample,20,N/A,3,6,N/A,N/A,IL-6,33.094360847199745,3659.12329
Plate 1,Unknown Group 1,62,3M6_20mon,3M6,20mon,systemic blood,intermediary month sample,20,N/A,3,6,N/A,N/A,IL-7,1.2761172441030746,3447.67822
Plate 1,Unknown Group 1,62,3M6_20mon,3M6,20mon,systemic blood,intermediary month sample,20,N/A,3,6,N/A,N/A,TNF-alpha,11.981676686534517,1766.86865
Plate 1,Unknown Group 1,43,3M6_pv_sac,3M6,pv_sac,portal blood,sacrificed sample,N/A,N/A,3,6,N/A,N/A,GDF-15,424.864178835336,78958.20312
Plate 1,Unknown Group 1,43,3M6_pv_sac,3M6,pv_sac,portal blood,sacrificed sample,N/A,N/A,3,6,N/A,N/A,IFN-gamma,N/A,1331.49878
Plate 1,Unknown Group 1,43,3M6_pv_sac,3M6,pv_sac,portal blood,sacrificed sample,N/A,N/A,3,6,N/A,N/A,IL-10,N/A,3294.3877
Plate 1,Unknown Group 1,43,3M6_pv_sac,3M6,pv_sac,portal blood,sacrificed sample,N/A,N/A,3,6,N/A,N/A,IL-17A,N/A,3113.24902
Plate 1,Unknown Group 1,43,3M6_pv_sac,3M6,pv_sac,portal blood,sacrificed sample,N/A,N/A,3,6,N/A,N/A,IL-17F,N/A,2077.25293
Plate 1,Unknown Group 1,43,3M6_pv_sac,3M6,pv_sac,portal blood,sacrificed sample,N/A,N/A,3,6,N/A,N/A,IL-1a,140.10810315306682,15229.25
Plate 1,Unknown Group 1,43,3M6_pv_sac,3M6,pv_sac,portal blood,sacrificed sample,N/A,N/A,3,6,N/A,N/A,IL-6,117.49104464839564,6048.19043
Plate 1,Unknown Group 1,43,3M6_pv_sac,3M6,pv_sac,portal blood,sacrificed sample,N/A,N/A,3,6,N/A,N/A,IL-7,1.92551676414546,4032.99414
Plate 1,Unknown Group 1,43,3M6_pv_sac,3M6,pv_sac,portal blood,sacrificed sample,N/A,N/A,3,6,N/A,N/A,TNF-alpha,27.04491252996803,2827.21021
Plate 1,Unknown Group 1,119,3M7_6mon,3M7,6mon,systemic blood,intermediary month sample,6,N/A,3,7,N/A,N/A,GDF-15,80.985388224599,17932.875
Plate 1,Unknown Group 1,119,3M7_6mon,3M7,6mon,systemic blood,intermediary month sample,6,N/A,3,7,N/A,N/A,IFN-gamma,N/A,1519.31323
Plate 1,Unknown Group 1,119,3M7_6mon,3M7,6mon,systemic blood,intermediary month sample,6,N/A,3,7,N/A,N/A,IL-10,N/A,2505.13208
Plate 1,Unknown Group 1,119,3M7_6mon,3M7,6mon,systemic blood,intermediary month sample,6,N/A,3,7,N/A,N/A,IL-17A,N/A,2346.87354
Plate 1,Unknown Group 1,119,3M7_6mon,3M7,6mon,systemic blood,intermediary month sample,6,N/A,3,7,N/A,N/A,IL-17F,N/A,1568.24683
Plate 1,Unknown Group 1,119,3M7_6mon,3M7,6mon,systemic blood,intermediary month sample,6,N/A,3,7,N/A,N/A,IL-1a,298.02660151584064,30894.63477
Plate 1,Unknown Group 1,119,3M7_6mon,3M7,6mon,systemic blood,intermediary month sample,6,N/A,3,7,N/A,N/A,IL-6,N/A,2888.25195
Plate 1,Unknown Group 1,119,3M7_6mon,3M7,6mon,systemic blood,intermediary month sample,6,N/A,3,7,N/A,N/A,IL-7,N/A,2122.5625
Plate 1,Unknown Group 1,119,3M7_6mon,3M7,6mon,systemic blood,intermediary month sample,6,N/A,3,7,N/A,N/A,TNF-alpha,N/A,934.3764
Plate 1,Unknown Group 1,159,3M7_10mon,3M7,10mon,systemic blood,intermediary month sample,10,N/A,3,7,N/A,N/A,GDF-15,133.706076879963,27593.69336
Plate 1,Unknown Group 1,159,3M7_10mon,3M7,10mon,systemic blood,intermediary month sample,10,N/A,3,7,N/A,N/A,IFN-gamma,N/A,1334.86536
Plate 1,Unknown Group 1,159,3M7_10mon,3M7,10mon,systemic blood,intermediary month sample,10,N/A,3,7,N/A,N/A,IL-10,N/A,2141.41113
Plate 1,Unknown Group 1,159,3M7_10mon,3M7,10mon,systemic blood,intermediary month sample,10,N/A,3,7,N/A,N/A,IL-17A,N/A,2432.31079
Plate 1,Unknown Group 1,159,3M7_10mon,3M7,10mon,systemic blood,intermediary month sample,10,N/A,3,7,N/A,N/A,IL-17F,N/A,1511.29346
Plate 1,Unknown Group 1,159,3M7_10mon,3M7,10mon,systemic blood,intermediary month sample,10,N/A,3,7,N/A,N/A,IL-1a,374.05162328797,38516.23828
Plate 1,Unknown Group 1,159,3M7_10mon,3M7,10mon,systemic blood,intermediary month sample,10,N/A,3,7,N/A,N/A,IL-6,N/A,2096.2876
Plate 1,Unknown Group 1,159,3M7_10mon,3M7,10mon,systemic blood,intermediary month sample,10,N/A,3,7,N/A,N/A,IL-7,N/A,1509.39221
Plate 1,Unknown Group 1,159,3M7_10mon,3M7,10mon,systemic blood,intermediary month sample,10,N/A,3,7,N/A,N/A,TNF-alpha,4.903013256620868,1311.58508
Plate 1,Unknown Group 1,63,3M7_20mon,3M7,20mon,systemic blood,intermediary month sample,20,N/A,3,7,N/A,N/A,GDF-15,256.108300385818,49486.83203
Plate 1,Unknown Group 1,63,3M7_20mon,3M7,20mon,systemic blood,intermediary month sample,20,N/A,3,7,N/A,N/A,IFN-gamma,N/A,1267.11169
Plate 1,Unknown Group 1,63,3M7_20mon,3M7,20mon,systemic blood,intermediary month sample,20,N/A,3,7,N/A,N/A,IL-10,N/A,2939.22974
Plate 1,Unknown Group 1,63,3M7_20mon,3M7,20mon,systemic blood,intermediary month sample,20,N/A,3,7,N/A,N/A,IL-17A,N/A,3045.88159
Plate 1,Unknown Group 1,63,3M7_20mon,3M7,20mon,systemic blood,intermediary month sample,20,N/A,3,7,N/A,N/A,IL-17F,N/A,2509.40649
Plate 1,Unknown Group 1,63,3M7_20mon,3M7,20mon,systemic blood,intermediary month sample,20,N/A,3,7,N/A,N/A,IL-1a,710.9332069697637,72478.95312
Plate 1,Unknown Group 1,63,3M7_20mon,3M7,20mon,systemic blood,intermediary month sample,20,N/A,3,7,N/A,N/A,IL-6,38.07977587347818,3797.53247
Plate 1,Unknown Group 1,63,3M7_20mon,3M7,20mon,systemic blood,intermediary month sample,20,N/A,3,7,N/A,N/A,IL-7,N/A,2043.67273
Plate 1,Unknown Group 1,63,3M7_20mon,3M7,20mon,systemic blood,intermediary month sample,20,N/A,3,7,N/A,N/A,TNF-alpha,14.02764826927554,1905.10632
Plate 1,Unknown Group 1,44,3M7_pv_sac,3M7,pv_sac,portal blood,sacrificed sample,N/A,N/A,3,7,N/A,N/A,GDF-15,885.483959850522,157111.98438
Plate 1,Unknown Group 1,44,3M7_pv_sac,3M7,pv_sac,portal blood,sacrificed sample,N/A,N/A,3,7,N/A,N/A,IFN-gamma,17.344503462025724,1944.04016
Plate 1,Unknown Group 1,44,3M7_pv_sac,3M7,pv_sac,portal blood,sacrificed sample,N/A,N/A,3,7,N/A,N/A,IL-10,N/A,2910.22412
Plate 1,Unknown Group 1,44,3M7_pv_sac,3M7,pv_sac,portal blood,sacrificed sample,N/A,N/A,3,7,N/A,N/A,IL-17A,76.64842336095482,4323.11426
Plate 1,Unknown Group 1,44,3M7_pv_sac,3M7,pv_sac,portal blood,sacrificed sample,N/A,N/A,3,7,N/A,N/A,IL-17F,N/A,1826.98132
Plate 1,Unknown Group 1,44,3M7_pv_sac,3M7,pv_sac,portal blood,sacrificed sample,N/A,N/A,3,7,N/A,N/A,IL-1a,91.6633354267104,10510.79297
Plate 1,Unknown Group 1,44,3M7_pv_sac,3M7,pv_sac,portal blood,sacrificed sample,N/A,N/A,3,7,N/A,N/A,IL-6,N/A,3238.54224
Plate 1,Unknown Group 1,44,3M7_pv_sac,3M7,pv_sac,portal blood,sacrificed sample,N/A,N/A,3,7,N/A,N/A,IL-7,N/A,2439.3584
Plate 1,Unknown Group 1,44,3M7_pv_sac,3M7,pv_sac,portal blood,sacrificed sample,N/A,N/A,3,7,N/A,N/A,TNF-alpha,23.540321118743087,2572.98584
Plate 1,Unknown Group 1,120,3M8_6mon,3M8,6mon,systemic blood,intermediary month sample,6,N/A,3,8,N/A,N/A,GDF-15,99.9491975459878,21430.85352
Plate 1,Unknown Group 1,120,3M8_6mon,3M8,6mon,systemic blood,intermediary month sample,6,N/A,3,8,N/A,N/A,IFN-gamma,N/A,1220.1438
Plate 1,Unknown Group 1,120,3M8_6mon,3M8,6mon,systemic blood,intermediary month sample,6,N/A,3,8,N/A,N/A,IL-10,N/A,2543.20825
Plate 1,Unknown Group 1,120,3M8_6mon,3M8,6mon,systemic blood,intermediary month sample,6,N/A,3,8,N/A,N/A,IL-17A,N/A,2774.18799
Plate 1,Unknown Group 1,120,3M8_6mon,3M8,6mon,systemic blood,intermediary month sample,6,N/A,3,8,N/A,N/A,IL-17F,N/A,1841.70569
Plate 1,Unknown Group 1,120,3M8_6mon,3M8,6mon,systemic blood,intermediary month sample,6,N/A,3,8,N/A,N/A,IL-1a,534.7420552998053,54698.44922
Plate 1,Unknown Group 1,120,3M8_6mon,3M8,6mon,systemic blood,intermediary month sample,6,N/A,3,8,N/A,N/A,IL-6,N/A,2491.88013
Plate 1,Unknown Group 1,120,3M8_6mon,3M8,6mon,systemic blood,intermediary month sample,6,N/A,3,8,N/A,N/A,IL-7,0.37800416107422974,2613.30615
Plate 1,Unknown Group 1,120,3M8_6mon,3M8,6mon,systemic blood,intermediary month sample,6,N/A,3,8,N/A,N/A,TNF-alpha,4.313666535206664,1275.96777
Plate 1,Unknown Group 1,160,3M8_10mon,3M8,10mon,systemic blood,intermediary month sample,10,N/A,3,8,N/A,N/A,GDF-15,201.891807007451,39860.44531
Plate 1,Unknown Group 1,160,3M8_10mon,3M8,10mon,systemic blood,intermediary month sample,10,N/A,3,8,N/A,N/A,IFN-gamma,N/A,1215.53357
Plate 1,Unknown Group 1,160,3M8_10mon,3M8,10mon,systemic blood,intermediary month sample,10,N/A,3,8,N/A,N/A,IL-10,N/A,2666.93579
Plate 1,Unknown Group 1,160,3M8_10mon,3M8,10mon,systemic blood,intermediary month sample,10,N/A,3,8,N/A,N/A,IL-17A,N/A,2708.91479
Plate 1,Unknown Group 1,160,3M8_10mon,3M8,10mon,systemic blood,intermediary month sample,10,N/A,3,8,N/A,N/A,IL-17F,N/A,1436.65662
Plate 1,Unknown Group 1,160,3M8_10mon,3M8,10mon,systemic blood,intermediary month sample,10,N/A,3,8,N/A,N/A,IL-1a,371.721680604078,38282.20703
Plate 1,Unknown Group 1,160,3M8_10mon,3M8,10mon,systemic blood,intermediary month sample,10,N/A,3,8,N/A,N/A,IL-6,N/A,3135.49292
Plate 1,Unknown Group 1,160,3M8_10mon,3M8,10mon,systemic blood,intermediary month sample,10,N/A,3,8,N/A,N/A,IL-7,2.1369280240160022,4221.5376
Plate 1,Unknown Group 1,160,3M8_10mon,3M8,10mon,systemic blood,intermediary month sample,10,N/A,3,8,N/A,N/A,TNF-alpha,9.989627086826557,1634.69238
Plate 1,Unknown Group 1,121,3M9_6mon,3M9,6mon,systemic blood,intermediary month sample,6,N/A,3,9,N/A,N/A,GDF-15,110.968959344991,23450.81641
Plate 1,Unknown Group 1,121,3M9_6mon,3M9,6mon,systemic blood,intermediary month sample,6,N/A,3,9,N/A,N/A,IFN-gamma,N/A,1287.21118
Plate 1,Unknown Group 1,121,3M9_6mon,3M9,6mon,systemic blood,intermediary month sample,6,N/A,3,9,N/A,N/A,IL-10,N/A,2501.42261
Plate 1,Unknown Group 1,121,3M9_6mon,3M9,6mon,systemic blood,intermediary month sample,6,N/A,3,9,N/A,N/A,IL-17A,N/A,2689.95874
Plate 1,Unknown Group 1,121,3M9_6mon,3M9,6mon,systemic blood,intermediary month sample,6,N/A,3,9,N/A,N/A,IL-17F,N/A,1805.56665
Plate 1,Unknown Group 1,121,3M9_6mon,3M9,6mon,systemic blood,intermediary month sample,6,N/A,3,9,N/A,N/A,IL-1a,250.97048087091045,26196.90625
Plate 1,Unknown Group 1,121,3M9_6mon,3M9,6mon,systemic blood,intermediary month sample,6,N/A,3,9,N/A,N/A,IL-6,N/A,2681.1814
Plate 1,Unknown Group 1,121,3M9_6mon,3M9,6mon,systemic blood,intermediary month sample,6,N/A,3,9,N/A,N/A,IL-7,0.6671205864164848,2886.67944
Plate 1,Unknown Group 1,121,3M9_6mon,3M9,6mon,systemic blood,intermediary month sample,6,N/A,3,9,N/A,N/A,TNF-alpha,2.5361138579215035,1172.03223
Plate 1,Unknown Group 1,161,3M9_10mon,3M9,10mon,systemic blood,intermediary month sample,10,N/A,3,9,N/A,N/A,GDF-15,144.610507104051,29570.03516
Plate 1,Unknown Group 1,161,3M9_10mon,3M9,10mon,systemic blood,intermediary month sample,10,N/A,3,9,N/A,N/A,IFN-gamma,N/A,963.58929
Plate 1,Unknown Group 1,161,3M9_10mon,3M9,10mon,systemic blood,intermediary month sample,10,N/A,3,9,N/A,N/A,IL-10,N/A,2593.19238
Plate 1,Unknown Group 1,161,3M9_10mon,3M9,10mon,systemic blood,intermediary month sample,10,N/A,3,9,N/A,N/A,IL-17A,N/A,2358.41724
Plate 1,Unknown Group 1,161,3M9_10mon,3M9,10mon,systemic blood,intermediary month sample,10,N/A,3,9,N/A,N/A,IL-17F,N/A,1352.88489
Plate 1,Unknown Group 1,161,3M9_10mon,3M9,10mon,systemic blood,intermediary month sample,10,N/A,3,9,N/A,N/A,IL-1a,350.73846052686,36175.69141
Plate 1,Unknown Group 1,161,3M9_10mon,3M9,10mon,systemic blood,intermediary month sample,10,N/A,3,9,N/A,N/A,IL-6,N/A,2446.74927
Plate 1,Unknown Group 1,161,3M9_10mon,3M9,10mon,systemic blood,intermediary month sample,10,N/A,3,9,N/A,N/A,IL-7,1.1693013830694667,3350.31152
Plate 1,Unknown Group 1,161,3M9_10mon,3M9,10mon,systemic blood,intermediary month sample,10,N/A,3,9,N/A,N/A,TNF-alpha,7.3321506836913075,1462.85315
Plate 1,Unknown Group 1,64,3M9_20mon,3M9,20mon,systemic blood,intermediary month sample,20,N/A,3,9,N/A,N/A,GDF-15,160.818901600238,32496.51758
Plate 1,Unknown Group 1,64,3M9_20mon,3M9,20mon,systemic blood,intermediary month sample,20,N/A,3,9,N/A,N/A,IFN-gamma,51.544735283077074,3034.78101
Plate 1,Unknown Group 1,64,3M9_20mon,3M9,20mon,systemic blood,intermediary month sample,20,N/A,3,9,N/A,N/A,IL-10,N/A,3112.92041
Plate 1,Unknown Group 1,64,3M9_20mon,3M9,20mon,systemic blood,intermediary month sample,20,N/A,3,9,N/A,N/A,IL-17A,N/A,1803.15076
Plate 1,Unknown Group 1,64,3M9_20mon,3M9,20mon,systemic blood,intermediary month sample,20,N/A,3,9,N/A,N/A,IL-17F,N/A,1385.99329
Plate 1,Unknown Group 1,64,3M9_20mon,3M9,20mon,systemic blood,intermediary month sample,20,N/A,3,9,N/A,N/A,IL-1a,2260.7356352215584,225604.8125
Plate 1,Unknown Group 1,64,3M9_20mon,3M9,20mon,systemic blood,intermediary month sample,20,N/A,3,9,N/A,N/A,IL-6,N/A,3214.69727
Plate 1,Unknown Group 1,64,3M9_20mon,3M9,20mon,systemic blood,intermediary month sample,20,N/A,3,9,N/A,N/A,IL-7,3.305956030002149,5251.20801
Plate 1,Unknown Group 1,64,3M9_20mon,3M9,20mon,systemic blood,intermediary month sample,20,N/A,3,9,N/A,N/A,TNF-alpha,14.10464020561473,1910.35278
Plate 1,Unknown Group 1,193,4M1_sys_sac,4M1,sys_sac,systemic blood,sacrificed sample,N/A,CD,4,1,Young,Young CD,GDF-15,183.3181615674,36538.94141
Plate 1,Unknown Group 1,193,4M1_sys_sac,4M1,sys_sac,systemic blood,sacrificed sample,N/A,CD,4,1,Young,Young CD,IFN-gamma,N/A,1108.97473
Plate 1,Unknown Group 1,193,4M1_sys_sac,4M1,sys_sac,systemic blood,sacrificed sample,N/A,CD,4,1,Young,Young CD,IL-10,N/A,2467.39185
Plate 1,Unknown Group 1,193,4M1_sys_sac,4M1,sys_sac,systemic blood,sacrificed sample,N/A,CD,4,1,Young,Young CD,IL-17A,N/A,2731.38721
Plate 1,Unknown Group 1,193,4M1_sys_sac,4M1,sys_sac,systemic blood,sacrificed sample,N/A,CD,4,1,Young,Young CD,IL-17F,N/A,1758.09131
Plate 1,Unknown Group 1,193,4M1_sys_sac,4M1,sys_sac,systemic blood,sacrificed sample,N/A,CD,4,1,Young,Young CD,IL-1a,213.45017772852773,22466.20508
Plate 1,Unknown Group 1,193,4M1_sys_sac,4M1,sys_sac,systemic blood,sacrificed sample,N/A,CD,4,1,Young,Young CD,IL-6,N/A,2144.98535
Plate 1,Unknown Group 1,193,4M1_sys_sac,4M1,sys_sac,systemic blood,sacrificed sample,N/A,CD,4,1,Young,Young CD,IL-7,N/A,1924.44104
Plate 1,Unknown Group 1,193,4M1_sys_sac,4M1,sys_sac,systemic blood,sacrificed sample,N/A,CD,4,1,Young,Young CD,TNF-alpha,6.647457926669421,1419.57349
Plate 1,Unknown Group 1,194,4M2_sys_sac,4M2,sys_sac,systemic blood,sacrificed sample,N/A,CD,4,2,Young,Young CD,GDF-15,151.632510758982,30839.45508
Plate 1,Unknown Group 1,194,4M2_sys_sac,4M2,sys_sac,systemic blood,sacrificed sample,N/A,CD,4,2,Young,Young CD,IFN-gamma,N/A,1067.5177
Plate 1,Unknown Group 1,194,4M2_sys_sac,4M2,sys_sac,systemic blood,sacrificed sample,N/A,CD,4,2,Young,Young CD,IL-10,N/A,2005.2179
Plate 1,Unknown Group 1,194,4M2_sys_sac,4M2,sys_sac,systemic blood,sacrificed sample,N/A,CD,4,2,Young,Young CD,IL-17A,N/A,2236.69092
Plate 1,Unknown Group 1,194,4M2_sys_sac,4M2,sys_sac,systemic blood,sacrificed sample,N/A,CD,4,2,Young,Young CD,IL-17F,N/A,1693.43262
Plate 1,Unknown Group 1,194,4M2_sys_sac,4M2,sys_sac,systemic blood,sacrificed sample,N/A,CD,4,2,Young,Young CD,IL-1a,100.80322509837372,11395.77832
Plate 1,Unknown Group 1,194,4M2_sys_sac,4M2,sys_sac,systemic blood,sacrificed sample,N/A,CD,4,2,Young,Young CD,IL-6,N/A,2287.71167
Plate 1,Unknown Group 1,194,4M2_sys_sac,4M2,sys_sac,systemic blood,sacrificed sample,N/A,CD,4,2,Young,Young CD,IL-7,N/A,2083.27856
Plate 1,Unknown Group 1,194,4M2_sys_sac,4M2,sys_sac,systemic blood,sacrificed sample,N/A,CD,4,2,Young,Young CD,TNF-alpha,6.37467894707577,1402.46167
Plate 1,Unknown Group 1,195,4M3_sys_sac,4M3,sys_sac,systemic blood,sacrificed sample,N/A,CD,4,3,Young,Young CD,GDF-15,92.8383732140298,20122.66992
Plate 1,Unknown Group 1,195,4M3_sys_sac,4M3,sys_sac,systemic blood,sacrificed sample,N/A,CD,4,3,Young,Young CD,IFN-gamma,N/A,1415.70642
Plate 1,Unknown Group 1,195,4M3_sys_sac,4M3,sys_sac,systemic blood,sacrificed sample,N/A,CD,4,3,Young,Young CD,IL-10,N/A,2567.74658
Plate 1,Unknown Group 1,195,4M3_sys_sac,4M3,sys_sac,systemic blood,sacrificed sample,N/A,CD,4,3,Young,Young CD,IL-17A,N/A,2611.39062
Plate 1,Unknown Group 1,195,4M3_sys_sac,4M3,sys_sac,systemic blood,sacrificed sample,N/A,CD,4,3,Young,Young CD,IL-17F,N/A,2222.64551
Plate 1,Unknown Group 1,195,4M3_sys_sac,4M3,sys_sac,systemic blood,sacrificed sample,N/A,CD,4,3,Young,Young CD,IL-1a,325.5216403276355,33647.1875
Plate 1,Unknown Group 1,195,4M3_sys_sac,4M3,sys_sac,systemic blood,sacrificed sample,N/A,CD,4,3,Young,Young CD,IL-6,N/A,2564.83008
Plate 1,Unknown Group 1,195,4M3_sys_sac,4M3,sys_sac,systemic blood,sacrificed sample,N/A,CD,4,3,Young,Young CD,IL-7,N/A,2226.35522
Plate 1,Unknown Group 1,195,4M3_sys_sac,4M3,sys_sac,systemic blood,sacrificed sample,N/A,CD,4,3,Young,Young CD,TNF-alpha,3.47434991240654,1226.16223
Plate 1,Unknown Group 1,196,4M4_sys_sac,4M4,sys_sac,systemic blood,sacrificed sample,N/A,CD,4,4,Young,Young CD,GDF-15,103.646945439987,22109.625
Plate 1,Unknown Group 1,196,4M4_sys_sac,4M4,sys_sac,systemic blood,sacrificed sample,N/A,CD,4,4,Young,Young CD,IFN-gamma,19.226926341851673,2003.14502
Plate 1,Unknown Group 1,196,4M4_sys_sac,4M4,sys_sac,systemic blood,sacrificed sample,N/A,CD,4,4,Young,Young CD,IL-10,N/A,2840.76221
Plate 1,Unknown Group 1,196,4M4_sys_sac,4M4,sys_sac,systemic blood,sacrificed sample,N/A,CD,4,4,Young,Young CD,IL-17A,N/A,2657.40088
Plate 1,Unknown Group 1,196,4M4_sys_sac,4M4,sys_sac,systemic blood,sacrificed sample,N/A,CD,4,4,Young,Young CD,IL-17F,N/A,1517.92651
Plate 1,Unknown Group 1,196,4M4_sys_sac,4M4,sys_sac,systemic blood,sacrificed sample,N/A,CD,4,4,Young,Young CD,IL-1a,220.51294579727656,23167.26562
Plate 1,Unknown Group 1,196,4M4_sys_sac,4M4,sys_sac,systemic blood,sacrificed sample,N/A,CD,4,4,Young,Young CD,IL-6,N/A,2228.34229
Plate 1,Unknown Group 1,196,4M4_sys_sac,4M4,sys_sac,systemic blood,sacrificed sample,N/A,CD,4,4,Young,Young CD,IL-7,0.5371986078865121,2764.62427
Plate 1,Unknown Group 1,196,4M4_sys_sac,4M4,sys_sac,systemic blood,sacrificed sample,N/A,CD,4,4,Young,Young CD,TNF-alpha,N/A,1043.72998
Plate 1,Unknown Group 1,197,4M5_sys_sac,4M5,sys_sac,systemic blood,sacrificed sample,N/A,CD,4,5,Young,Young CD,GDF-15,295.576581256263,56439.28906
Plate 1,Unknown Group 1,197,4M5_sys_sac,4M5,sys_sac,systemic blood,sacrificed sample,N/A,CD,4,5,Young,Young CD,IFN-gamma,N/A,1218.16394
Plate 1,Unknown Group 1,197,4M5_sys_sac,4M5,sys_sac,systemic blood,sacrificed sample,N/A,CD,4,5,Young,Young CD,IL-10,N/A,2635.65015
Plate 1,Unknown Group 1,197,4M5_sys_sac,4M5,sys_sac,systemic blood,sacrificed sample,N/A,CD,4,5,Young,Young CD,IL-17A,N/A,2648.04419
Plate 1,Unknown Group 1,197,4M5_sys_sac,4M5,sys_sac,systemic blood,sacrificed sample,N/A,CD,4,5,Young,Young CD,IL-17F,N/A,1843.07812
Plate 1,Unknown Group 1,197,4M5_sys_sac,4M5,sys_sac,systemic blood,sacrificed sample,N/A,CD,4,5,Young,Young CD,IL-1a,285.94474097584464,29686.76367
Plate 1,Unknown Group 1,197,4M5_sys_sac,4M5,sys_sac,systemic blood,sacrificed sample,N/A,CD,4,5,Young,Young CD,IL-6,N/A,2273.15869
Plate 1,Unknown Group 1,197,4M5_sys_sac,4M5,sys_sac,systemic blood,sacrificed sample,N/A,CD,4,5,Young,Young CD,IL-7,0.2805613740498236,2519.39893
Plate 1,Unknown Group 1,197,4M5_sys_sac,4M5,sys_sac,systemic blood,sacrificed sample,N/A,CD,4,5,Young,Young CD,TNF-alpha,3.544379124776282,1230.27222
Plate 1,Unknown Group 1,208,5M1_pv_sac,5M1,pv_sac,portal blood,sacrificed sample,N/A,N/A,5,1,N/A,N/A,GDF-15,166.546518999303,33527.69141
Plate 1,Unknown Group 1,208,5M1_pv_sac,5M1,pv_sac,portal blood,sacrificed sample,N/A,N/A,5,1,N/A,N/A,IFN-gamma,N/A,1264.09546
Plate 1,Unknown Group 1,208,5M1_pv_sac,5M1,pv_sac,portal blood,sacrificed sample,N/A,N/A,5,1,N/A,N/A,IL-10,N/A,3747.54834
Plate 1,Unknown Group 1,208,5M1_pv_sac,5M1,pv_sac,portal blood,sacrificed sample,N/A,N/A,5,1,N/A,N/A,IL-17A,N/A,2785.19556
Plate 1,Unknown Group 1,208,5M1_pv_sac,5M1,pv_sac,portal blood,sacrificed sample,N/A,N/A,5,1,N/A,N/A,IL-17F,N/A,1787.03967
Plate 1,Unknown Group 1,208,5M1_pv_sac,5M1,pv_sac,portal blood,sacrificed sample,N/A,N/A,5,1,N/A,N/A,IL-1a,200.629769873954,21195.22656
Plate 1,Unknown Group 1,208,5M1_pv_sac,5M1,pv_sac,portal blood,sacrificed sample,N/A,N/A,5,1,N/A,N/A,IL-6,N/A,2461.88818
Plate 1,Unknown Group 1,208,5M1_pv_sac,5M1,pv_sac,portal blood,sacrificed sample,N/A,N/A,5,1,N/A,N/A,IL-7,0.8474434837042949,3054.45166
Plate 1,Unknown Group 1,208,5M1_pv_sac,5M1,pv_sac,portal blood,sacrificed sample,N/A,N/A,5,1,N/A,N/A,TNF-alpha,5.10521713545977,1323.91504
Plate 1,Unknown Group 1,198,5M1_sys_sac,5M1,sys_sac,systemic blood,sacrificed sample,N/A,N/A,5,1,N/A,N/A,GDF-15,101.31671318637,21681.99609
Plate 1,Unknown Group 1,198,5M1_sys_sac,5M1,sys_sac,systemic blood,sacrificed sample,N/A,N/A,5,1,N/A,N/A,IFN-gamma,N/A,1150.32446
Plate 1,Unknown Group 1,198,5M1_sys_sac,5M1,sys_sac,systemic blood,sacrificed sample,N/A,N/A,5,1,N/A,N/A,IL-10,N/A,2789.77002
Plate 1,Unknown Group 1,198,5M1_sys_sac,5M1,sys_sac,systemic blood,sacrificed sample,N/A,N/A,5,1,N/A,N/A,IL-17A,N/A,2771.54346
Plate 1,Unknown Group 1,198,5M1_sys_sac,5M1,sys_sac,systemic blood,sacrificed sample,N/A,N/A,5,1,N/A,N/A,IL-17F,N/A,1881.66174
Plate 1,Unknown Group 1,198,5M1_sys_sac,5M1,sys_sac,systemic blood,sacrificed sample,N/A,N/A,5,1,N/A,N/A,IL-1a,278.7338306909029,28966.39062
Plate 1,Unknown Group 1,198,5M1_sys_sac,5M1,sys_sac,systemic blood,sacrificed sample,N/A,N/A,5,1,N/A,N/A,IL-6,N/A,2221.98804
Plate 1,Unknown Group 1,198,5M1_sys_sac,5M1,sys_sac,systemic blood,sacrificed sample,N/A,N/A,5,1,N/A,N/A,IL-7,N/A,1900.97498
Plate 1,Unknown Group 1,198,5M1_sys_sac,5M1,sys_sac,systemic blood,sacrificed sample,N/A,N/A,5,1,N/A,N/A,TNF-alpha,1.4424465720633453,1111.73376
Plate 1,Unknown Group 1,217,5M10_pv_sac,5M10,pv_sac,portal blood,sacrificed sample,N/A,N/A,5,10,N/A,N/A,GDF-15,197.829529144582,39135.12109
Plate 1,Unknown Group 1,217,5M10_pv_sac,5M10,pv_sac,portal blood,sacrificed sample,N/A,N/A,5,10,N/A,N/A,IFN-gamma,N/A,1275.83203
Plate 1,Unknown Group 1,217,5M10_pv_sac,5M10,pv_sac,portal blood,sacrificed sample,N/A,N/A,5,10,N/A,N/A,IL-10,N/A,2651.96851
Plate 1,Unknown Group 1,217,5M10_pv_sac,5M10,pv_sac,portal blood,sacrificed sample,N/A,N/A,5,10,N/A,N/A,IL-17A,N/A,2686.6709
Plate 1,Unknown Group 1,217,5M10_pv_sac,5M10,pv_sac,portal blood,sacrificed sample,N/A,N/A,5,10,N/A,N/A,IL-17F,N/A,1750.32166
Plate 1,Unknown Group 1,217,5M10_pv_sac,5M10,pv_sac,portal blood,sacrificed sample,N/A,N/A,5,10,N/A,N/A,IL-1a,184.21171474632536,19570.85742
Plate 1,Unknown Group 1,217,5M10_pv_sac,5M10,pv_sac,portal blood,sacrificed sample,N/A,N/A,5,10,N/A,N/A,IL-6,N/A,2331.8418
Plate 1,Unknown Group 1,217,5M10_pv_sac,5M10,pv_sac,portal blood,sacrificed sample,N/A,N/A,5,10,N/A,N/A,IL-7,2.1863283841908325,4265.47461
Plate 1,Unknown Group 1,217,5M10_pv_sac,5M10,pv_sac,portal blood,sacrificed sample,N/A,N/A,5,10,N/A,N/A,TNF-alpha,3.2266092658114984,1211.69519
Plate 1,Unknown Group 1,207,5M10_sys_sac,5M10,sys_sac,systemic blood,sacrificed sample,N/A,N/A,5,10,N/A,N/A,GDF-15,194.040438097096,38458.01562
Plate 1,Unknown Group 1,207,5M10_sys_sac,5M10,sys_sac,systemic blood,sacrificed sample,N/A,N/A,5,10,N/A,N/A,IFN-gamma,N/A,1205.26929
Plate 1,Unknown Group 1,207,5M10_sys_sac,5M10,sys_sac,systemic blood,sacrificed sample,N/A,N/A,5,10,N/A,N/A,IL-10,N/A,2446.44897
Plate 1,Unknown Group 1,207,5M10_sys_sac,5M10,sys_sac,systemic blood,sacrificed sample,N/A,N/A,5,10,N/A,N/A,IL-17A,N/A,2591.427
Plate 1,Unknown Group 1,207,5M10_sys_sac,5M10,sys_sac,systemic blood,sacrificed sample,N/A,N/A,5,10,N/A,N/A,IL-17F,N/A,1763.92383
Plate 1,Unknown Group 1,207,5M10_sys_sac,5M10,sys_sac,systemic blood,sacrificed sample,N/A,N/A,5,10,N/A,N/A,IL-1a,488.6178835592811,50047.29297
Plate 1,Unknown Group 1,207,5M10_sys_sac,5M10,sys_sac,systemic blood,sacrificed sample,N/A,N/A,5,10,N/A,N/A,IL-6,N/A,2326.53809
Plate 1,Unknown Group 1,207,5M10_sys_sac,5M10,sys_sac,systemic blood,sacrificed sample,N/A,N/A,5,10,N/A,N/A,IL-7,N/A,2466.10522
Plate 1,Unknown Group 1,207,5M10_sys_sac,5M10,sys_sac,systemic blood,sacrificed sample,N/A,N/A,5,10,N/A,N/A,TNF-alpha,N/A,919.216
Plate 1,Unknown Group 1,209,5M2_pv_sac,5M2,pv_sac,portal blood,sacrificed sample,N/A,N/A,5,2,N/A,N/A,GDF-15,152.55988193359,31006.91992
Plate 1,Unknown Group 1,209,5M2_pv_sac,5M2,pv_sac,portal blood,sacrificed sample,N/A,N/A,5,2,N/A,N/A,IFN-gamma,N/A,1260.45007
Plate 1,Unknown Group 1,209,5M2_pv_sac,5M2,pv_sac,portal blood,sacrificed sample,N/A,N/A,5,2,N/A,N/A,IL-10,N/A,3355.50098
Plate 1,Unknown Group 1,209,5M2_pv_sac,5M2,pv_sac,portal blood,sacrificed sample,N/A,N/A,5,2,N/A,N/A,IL-17A,17.77649331900334,3396.14307
Plate 1,Unknown Group 1,209,5M2_pv_sac,5M2,pv_sac,portal blood,sacrificed sample,N/A,N/A,5,2,N/A,N/A,IL-17F,N/A,2141.48267
Plate 1,Unknown Group 1,209,5M2_pv_sac,5M2,pv_sac,portal blood,sacrificed sample,N/A,N/A,5,2,N/A,N/A,IL-1a,383.00612484632353,39415.89453
Plate 1,Unknown Group 1,209,5M2_pv_sac,5M2,pv_sac,portal blood,sacrificed sample,N/A,N/A,5,2,N/A,N/A,IL-6,N/A,2382.48364
Plate 1,Unknown Group 1,209,5M2_pv_sac,5M2,pv_sac,portal blood,sacrificed sample,N/A,N/A,5,2,N/A,N/A,IL-7,2.25963893382733,4330.59814
Plate 1,Unknown Group 1,209,5M2_pv_sac,5M2,pv_sac,portal blood,sacrificed sample,N/A,N/A,5,2,N/A,N/A,TNF-alpha,2.857897401691799,1190.3877
Plate 1,Unknown Group 1,199,5M2_sys_sac,5M2,sys_sac,systemic blood,sacrificed sample,N/A,N/A,5,2,N/A,N/A,GDF-15,130.0394777703,26927.69336
Plate 1,Unknown Group 1,199,5M2_sys_sac,5M2,sys_sac,systemic blood,sacrificed sample,N/A,N/A,5,2,N/A,N/A,IFN-gamma,N/A,1200.7019
Plate 1,Unknown Group 1,199,5M2_sys_sac,5M2,sys_sac,systemic blood,sacrificed sample,N/A,N/A,5,2,N/A,N/A,IL-10,N/A,2535.56714
Plate 1,Unknown Group 1,199,5M2_sys_sac,5M2,sys_sac,systemic blood,sacrificed sample,N/A,N/A,5,2,N/A,N/A,IL-17A,N/A,2676.20654
Plate 1,Unknown Group 1,199,5M2_sys_sac,5M2,sys_sac,systemic blood,sacrificed sample,N/A,N/A,5,2,N/A,N/A,IL-17F,N/A,1862.21985
Plate 1,Unknown Group 1,199,5M2_sys_sac,5M2,sys_sac,systemic blood,sacrificed sample,N/A,N/A,5,2,N/A,N/A,IL-1a,130.66177982779266,14304.35156
Plate 1,Unknown Group 1,199,5M2_sys_sac,5M2,sys_sac,systemic blood,sacrificed sample,N/A,N/A,5,2,N/A,N/A,IL-6,N/A,2174.07642
Plate 1,Unknown Group 1,199,5M2_sys_sac,5M2,sys_sac,systemic blood,sacrificed sample,N/A,N/A,5,2,N/A,N/A,IL-7,N/A,2312.80737
Plate 1,Unknown Group 1,199,5M2_sys_sac,5M2,sys_sac,systemic blood,sacrificed sample,N/A,N/A,5,2,N/A,N/A,TNF-alpha,2.619717976779035,1176.77832
Plate 1,Unknown Group 1,210,5M3_pv_sac,5M3,pv_sac,portal blood,sacrificed sample,N/A,N/A,5,3,N/A,N/A,GDF-15,146.147157203528,29848.03906
Plate 1,Unknown Group 1,210,5M3_pv_sac,5M3,pv_sac,portal blood,sacrificed sample,N/A,N/A,5,3,N/A,N/A,IFN-gamma,N/A,1067.00305
Plate 1,Unknown Group 1,210,5M3_pv_sac,5M3,pv_sac,portal blood,sacrificed sample,N/A,N/A,5,3,N/A,N/A,IL-10,N/A,3548.70483
Plate 1,Unknown Group 1,210,5M3_pv_sac,5M3,pv_sac,portal blood,sacrificed sample,N/A,N/A,5,3,N/A,N/A,IL-17A,N/A,2958.94336
Plate 1,Unknown Group 1,210,5M3_pv_sac,5M3,pv_sac,portal blood,sacrificed sample,N/A,N/A,5,3,N/A,N/A,IL-17F,N/A,1769.13452
Plate 1,Unknown Group 1,210,5M3_pv_sac,5M3,pv_sac,portal blood,sacrificed sample,N/A,N/A,5,3,N/A,N/A,IL-1a,86.36829651188457,9999.44238
Plate 1,Unknown Group 1,210,5M3_pv_sac,5M3,pv_sac,portal blood,sacrificed sample,N/A,N/A,5,3,N/A,N/A,IL-6,N/A,2060.29834
Plate 1,Unknown Group 1,210,5M3_pv_sac,5M3,pv_sac,portal blood,sacrificed sample,N/A,N/A,5,3,N/A,N/A,IL-7,1.9305386893545549,4037.48291
Plate 1,Unknown Group 1,210,5M3_pv_sac,5M3,pv_sac,portal blood,sacrificed sample,N/A,N/A,5,3,N/A,N/A,TNF-alpha,2.8047999781317725,1187.34277
Plate 1,Unknown Group 1,200,5M3_sys_sac,5M3,sys_sac,systemic blood,sacrificed sample,N/A,N/A,5,3,N/A,N/A,GDF-15,116.982583447173,24549.64844
Plate 1,Unknown Group 1,200,5M3_sys_sac,5M3,sys_sac,systemic blood,sacrificed sample,N/A,N/A,5,3,N/A,N/A,IFN-gamma,N/A,1264.65295
Plate 1,Unknown Group 1,200,5M3_sys_sac,5M3,sys_sac,systemic blood,sacrificed sample,N/A,N/A,5,3,N/A,N/A,IL-10,N/A,2462.78174
Plate 1,Unknown Group 1,200,5M3_sys_sac,5M3,sys_sac,systemic blood,sacrificed sample,N/A,N/A,5,3,N/A,N/A,IL-17A,N/A,2822.07788
Plate 1,Unknown Group 1,200,5M3_sys_sac,5M3,sys_sac,systemic blood,sacrificed sample,N/A,N/A,5,3,N/A,N/A,IL-17F,N/A,1752.6947
Plate 1,Unknown Group 1,200,5M3_sys_sac,5M3,sys_sac,systemic blood,sacrificed sample,N/A,N/A,5,3,N/A,N/A,IL-1a,373.83801376517664,38494.78125
Plate 1,Unknown Group 1,200,5M3_sys_sac,5M3,sys_sac,systemic blood,sacrificed sample,N/A,N/A,5,3,N/A,N/A,IL-6,N/A,2135.02832
Plate 1,Unknown Group 1,200,5M3_sys_sac,5M3,sys_sac,systemic blood,sacrificed sample,N/A,N/A,5,3,N/A,N/A,IL-7,N/A,2338.49634
Plate 1,Unknown Group 1,200,5M3_sys_sac,5M3,sys_sac,systemic blood,sacrificed sample,N/A,N/A,5,3,N/A,N/A,TNF-alpha,1.7091008822388216,1126.08643
Plate 1,Unknown Group 1,211,5M4_pv_sac,5M4,pv_sac,portal blood,sacrificed sample,N/A,N/A,5,4,N/A,N/A,GDF-15,134.026748743817,27651.9043
Plate 1,Unknown Group 1,211,5M4_pv_sac,5M4,pv_sac,portal blood,sacrificed sample,N/A,N/A,5,4,N/A,N/A,IFN-gamma,N/A,1138.45923
Plate 1,Unknown Group 1,211,5M4_pv_sac,5M4,pv_sac,portal blood,sacrificed sample,N/A,N/A,5,4,N/A,N/A,IL-10,N/A,3527.76904
Plate 1,Unknown Group 1,211,5M4_pv_sac,5M4,pv_sac,portal blood,sacrificed sample,N/A,N/A,5,4,N/A,N/A,IL-17A,N/A,2609.10327
Plate 1,Unknown Group 1,211,5M4_pv_sac,5M4,pv_sac,portal blood,sacrificed sample,N/A,N/A,5,4,N/A,N/A,IL-17F,N/A,1837.37427
Plate 1,Unknown Group 1,211,5M4_pv_sac,5M4,pv_sac,portal blood,sacrificed sample,N/A,N/A,5,4,N/A,N/A,IL-1a,276.4742635150387,28740.74414
Plate 1,Unknown Group 1,211,5M4_pv_sac,5M4,pv_sac,portal blood,sacrificed sample,N/A,N/A,5,4,N/A,N/A,IL-6,N/A,1622.41248
Plate 1,Unknown Group 1,211,5M4_pv_sac,5M4,pv_sac,portal blood,sacrificed sample,N/A,N/A,5,4,N/A,N/A,IL-7,1.61711350658338,3756.3042
Plate 1,Unknown Group 1,211,5M4_pv_sac,5M4,pv_sac,portal blood,sacrificed sample,N/A,N/A,5,4,N/A,N/A,TNF-alpha,5.936430070749461,1375.13574
Plate 1,Unknown Group 1,201,5M4_sys_sac,5M4,sys_sac,systemic blood,sacrificed sample,N/A,N/A,5,4,N/A,N/A,GDF-15,107.290040980397,22777.4043
Plate 1,Unknown Group 1,201,5M4_sys_sac,5M4,sys_sac,systemic blood,sacrificed sample,N/A,N/A,5,4,N/A,N/A,IFN-gamma,N/A,1157.45081
Plate 1,Unknown Group 1,201,5M4_sys_sac,5M4,sys_sac,systemic blood,sacrificed sample,N/A,N/A,5,4,N/A,N/A,IL-10,N/A,2572.03516
Plate 1,Unknown Group 1,201,5M4_sys_sac,5M4,sys_sac,systemic blood,sacrificed sample,N/A,N/A,5,4,N/A,N/A,IL-17A,N/A,2728.57837
Plate 1,Unknown Group 1,201,5M4_sys_sac,5M4,sys_sac,systemic blood,sacrificed sample,N/A,N/A,5,4,N/A,N/A,IL-17F,N/A,1755.46094
Plate 1,Unknown Group 1,201,5M4_sys_sac,5M4,sys_sac,systemic blood,sacrificed sample,N/A,N/A,5,4,N/A,N/A,IL-1a,439.76418840640673,45125.40625
Plate 1,Unknown Group 1,201,5M4_sys_sac,5M4,sys_sac,systemic blood,sacrificed sample,N/A,N/A,5,4,N/A,N/A,IL-6,N/A,1562.71448
Plate 1,Unknown Group 1,201,5M4_sys_sac,5M4,sys_sac,systemic blood,sacrificed sample,N/A,N/A,5,4,N/A,N/A,IL-7,N/A,2263.95239
Plate 1,Unknown Group 1,201,5M4_sys_sac,5M4,sys_sac,systemic blood,sacrificed sample,N/A,N/A,5,4,N/A,N/A,TNF-alpha,3.3069994493489774,1216.37695
Plate 1,Unknown Group 1,212,5M5_pv_sac,5M5,pv_sac,portal blood,sacrificed sample,N/A,N/A,5,5,N/A,N/A,GDF-15,86.247723731593,18906.56445
Plate 1,Unknown Group 1,212,5M5_pv_sac,5M5,pv_sac,portal blood,sacrificed sample,N/A,N/A,5,5,N/A,N/A,IFN-gamma,N/A,1193.79712
Plate 1,Unknown Group 1,212,5M5_pv_sac,5M5,pv_sac,portal blood,sacrificed sample,N/A,N/A,5,5,N/A,N/A,IL-10,N/A,2913.83374
Plate 1,Unknown Group 1,212,5M5_pv_sac,5M5,pv_sac,portal blood,sacrificed sample,N/A,N/A,5,5,N/A,N/A,IL-17A,N/A,2740.23608
Plate 1,Unknown Group 1,212,5M5_pv_sac,5M5,pv_sac,portal blood,sacrificed sample,N/A,N/A,5,5,N/A,N/A,IL-17F,N/A,1518.23389
Plate 1,Unknown Group 1,212,5M5_pv_sac,5M5,pv_sac,portal blood,sacrificed sample,N/A,N/A,5,5,N/A,N/A,IL-1a,254.5794178108669,26556.51758
Plate 1,Unknown Group 1,212,5M5_pv_sac,5M5,pv_sac,portal blood,sacrificed sample,N/A,N/A,5,5,N/A,N/A,IL-6,N/A,2211.89526
Plate 1,Unknown Group 1,212,5M5_pv_sac,5M5,pv_sac,portal blood,sacrificed sample,N/A,N/A,5,5,N/A,N/A,IL-7,0.4728657743994319,2703.73975
Plate 1,Unknown Group 1,212,5M5_pv_sac,5M5,pv_sac,portal blood,sacrificed sample,N/A,N/A,5,5,N/A,N/A,TNF-alpha,3.566025681284121,1231.54443
Plate 1,Unknown Group 1,202,5M5_sys_sac,5M5,sys_sac,systemic blood,sacrificed sample,N/A,N/A,5,5,N/A,N/A,GDF-15,80.2658326924669,17799.54102
Plate 1,Unknown Group 1,202,5M5_sys_sac,5M5,sys_sac,systemic blood,sacrificed sample,N/A,N/A,5,5,N/A,N/A,IFN-gamma,N/A,1149.78845
Plate 1,Unknown Group 1,202,5M5_sys_sac,5M5,sys_sac,systemic blood,sacrificed sample,N/A,N/A,5,5,N/A,N/A,IL-10,N/A,2224.63257
Plate 1,Unknown Group 1,202,5M5_sys_sac,5M5,sys_sac,systemic blood,sacrificed sample,N/A,N/A,5,5,N/A,N/A,IL-17A,N/A,2457.24927
Plate 1,Unknown Group 1,202,5M5_sys_sac,5M5,sys_sac,systemic blood,sacrificed sample,N/A,N/A,5,5,N/A,N/A,IL-17F,N/A,1185.85608
Plate 1,Unknown Group 1,202,5M5_sys_sac,5M5,sys_sac,systemic blood,sacrificed sample,N/A,N/A,5,5,N/A,N/A,IL-1a,376.17850959596336,38729.89453
Plate 1,Unknown Group 1,202,5M5_sys_sac,5M5,sys_sac,systemic blood,sacrificed sample,N/A,N/A,5,5,N/A,N/A,IL-6,N/A,2102.09863
Plate 1,Unknown Group 1,202,5M5_sys_sac,5M5,sys_sac,systemic blood,sacrificed sample,N/A,N/A,5,5,N/A,N/A,IL-7,N/A,2068.77563
Plate 1,Unknown Group 1,202,5M5_sys_sac,5M5,sys_sac,systemic blood,sacrificed sample,N/A,N/A,5,5,N/A,N/A,TNF-alpha,1.546610440155028,1117.30896
Plate 1,Unknown Group 1,213,5M6_pv_sac,5M6,pv_sac,portal blood,sacrificed sample,N/A,N/A,5,6,N/A,N/A,GDF-15,255.265972775488,49337.98047
Plate 1,Unknown Group 1,213,5M6_pv_sac,5M6,pv_sac,portal blood,sacrificed sample,N/A,N/A,5,6,N/A,N/A,IFN-gamma,N/A,1121.8407
Plate 1,Unknown Group 1,213,5M6_pv_sac,5M6,pv_sac,portal blood,sacrificed sample,N/A,N/A,5,6,N/A,N/A,IL-10,N/A,3758.62036
Plate 1,Unknown Group 1,213,5M6_pv_sac,5M6,pv_sac,portal blood,sacrificed sample,N/A,N/A,5,6,N/A,N/A,IL-17A,15.356410154569769,3362.69165
Plate 1,Unknown Group 1,213,5M6_pv_sac,5M6,pv_sac,portal blood,sacrificed sample,N/A,N/A,5,6,N/A,N/A,IL-17F,N/A,2180.92407
Plate 1,Unknown Group 1,213,5M6_pv_sac,5M6,pv_sac,portal blood,sacrificed sample,N/A,N/A,5,6,N/A,N/A,IL-1a,142.89688691051273,15502.68066
Plate 1,Unknown Group 1,213,5M6_pv_sac,5M6,pv_sac,portal blood,sacrificed sample,N/A,N/A,5,6,N/A,N/A,IL-6,N/A,2170.5813
Plate 1,Unknown Group 1,213,5M6_pv_sac,5M6,pv_sac,portal blood,sacrificed sample,N/A,N/A,5,6,N/A,N/A,IL-7,1.4607581725427197,3615.17896
Plate 1,Unknown Group 1,213,5M6_pv_sac,5M6,pv_sac,portal blood,sacrificed sample,N/A,N/A,5,6,N/A,N/A,TNF-alpha,6.290109805296289,1397.17236
Plate 1,Unknown Group 1,203,5M6_sys_sac,5M6,sys_sac,systemic blood,sacrificed sample,N/A,N/A,5,6,N/A,N/A,GDF-15,181.527731302346,36218.04297
Plate 1,Unknown Group 1,203,5M6_sys_sac,5M6,sys_sac,systemic blood,sacrificed sample,N/A,N/A,5,6,N/A,N/A,IFN-gamma,N/A,1082.4137
Plate 1,Unknown Group 1,203,5M6_sys_sac,5M6,sys_sac,systemic blood,sacrificed sample,N/A,N/A,5,6,N/A,N/A,IL-10,N/A,2283.34424
Plate 1,Unknown Group 1,203,5M6_sys_sac,5M6,sys_sac,systemic blood,sacrificed sample,N/A,N/A,5,6,N/A,N/A,IL-17A,N/A,2576.09497
Plate 1,Unknown Group 1,203,5M6_sys_sac,5M6,sys_sac,systemic blood,sacrificed sample,N/A,N/A,5,6,N/A,N/A,IL-17F,N/A,1869.92505
Plate 1,Unknown Group 1,203,5M6_sys_sac,5M6,sys_sac,systemic blood,sacrificed sample,N/A,N/A,5,6,N/A,N/A,IL-1a,285.9970243027394,29691.98828
Plate 1,Unknown Group 1,203,5M6_sys_sac,5M6,sys_sac,systemic blood,sacrificed sample,N/A,N/A,5,6,N/A,N/A,IL-6,N/A,2089.96167
Plate 1,Unknown Group 1,203,5M6_sys_sac,5M6,sys_sac,systemic blood,sacrificed sample,N/A,N/A,5,6,N/A,N/A,IL-7,N/A,2243.33838
Plate 1,Unknown Group 1,203,5M6_sys_sac,5M6,sys_sac,systemic blood,sacrificed sample,N/A,N/A,5,6,N/A,N/A,TNF-alpha,3.292288542791091,1215.51929
Plate 1,Unknown Group 1,214,5M7_pv_sac,5M7,pv_sac,portal blood,sacrificed sample,N/A,N/A,5,7,N/A,N/A,GDF-15,318.038097746164,60377.91797
Plate 1,Unknown Group 1,214,5M7_pv_sac,5M7,pv_sac,portal blood,sacrificed sample,N/A,N/A,5,7,N/A,N/A,IFN-gamma,N/A,1228.84265
Plate 1,Unknown Group 1,214,5M7_pv_sac,5M7,pv_sac,portal blood,sacrificed sample,N/A,N/A,5,7,N/A,N/A,IL-10,N/A,2274.15234
Plate 1,Unknown Group 1,214,5M7_pv_sac,5M7,pv_sac,portal blood,sacrificed sample,N/A,N/A,5,7,N/A,N/A,IL-17A,N/A,2743.03101
Plate 1,Unknown Group 1,214,5M7_pv_sac,5M7,pv_sac,portal blood,sacrificed sample,N/A,N/A,5,7,N/A,N/A,IL-17F,N/A,1825.78052
Plate 1,Unknown Group 1,214,5M7_pv_sac,5M7,pv_sac,portal blood,sacrificed sample,N/A,N/A,5,7,N/A,N/A,IL-1a,27.19257759940919,4385.04248
Plate 1,Unknown Group 1,214,5M7_pv_sac,5M7,pv_sac,portal blood,sacrificed sample,N/A,N/A,5,7,N/A,N/A,IL-6,N/A,1772.07227
Plate 1,Unknown Group 1,214,5M7_pv_sac,5M7,pv_sac,portal blood,sacrificed sample,N/A,N/A,5,7,N/A,N/A,IL-7,N/A,2377.47314
Plate 1,Unknown Group 1,214,5M7_pv_sac,5M7,pv_sac,portal blood,sacrificed sample,N/A,N/A,5,7,N/A,N/A,TNF-alpha,5.687170469265396,1359.68945
Plate 1,Unknown Group 1,204,5M7_sys_sac,5M7,sys_sac,systemic blood,sacrificed sample,N/A,N/A,5,7,N/A,N/A,GDF-15,186.619112966619,37130.23047
Plate 1,Unknown Group 1,204,5M7_sys_sac,5M7,sys_sac,systemic blood,sacrificed sample,N/A,N/A,5,7,N/A,N/A,IFN-gamma,N/A,1120.12524
Plate 1,Unknown Group 1,204,5M7_sys_sac,5M7,sys_sac,systemic blood,sacrificed sample,N/A,N/A,5,7,N/A,N/A,IL-10,N/A,2412.32568
Plate 1,Unknown Group 1,204,5M7_sys_sac,5M7,sys_sac,systemic blood,sacrificed sample,N/A,N/A,5,7,N/A,N/A,IL-17A,N/A,2628.66675
Plate 1,Unknown Group 1,204,5M7_sys_sac,5M7,sys_sac,systemic blood,sacrificed sample,N/A,N/A,5,7,N/A,N/A,IL-17F,N/A,2011.0719
Plate 1,Unknown Group 1,204,5M7_sys_sac,5M7,sys_sac,systemic blood,sacrificed sample,N/A,N/A,5,7,N/A,N/A,IL-1a,153.91717813307127,16584.75781
Plate 1,Unknown Group 1,204,5M7_sys_sac,5M7,sys_sac,systemic blood,sacrificed sample,N/A,N/A,5,7,N/A,N/A,IL-6,N/A,1652.21155
Plate 1,Unknown Group 1,204,5M7_sys_sac,5M7,sys_sac,systemic blood,sacrificed sample,N/A,N/A,5,7,N/A,N/A,IL-7,N/A,2042.9294400000001
Plate 1,Unknown Group 1,204,5M7_sys_sac,5M7,sys_sac,systemic blood,sacrificed sample,N/A,N/A,5,7,N/A,N/A,TNF-alpha,1.6304573071233044,1121.82642
Plate 1,Unknown Group 1,215,5M8_pv_sac,5M8,pv_sac,portal blood,sacrificed sample,N/A,N/A,5,8,N/A,N/A,GDF-15,332.137571475318,62844.10547
Plate 1,Unknown Group 1,215,5M8_pv_sac,5M8,pv_sac,portal blood,sacrificed sample,N/A,N/A,5,8,N/A,N/A,IFN-gamma,N/A,1118.5813
Plate 1,Unknown Group 1,215,5M8_pv_sac,5M8,pv_sac,portal blood,sacrificed sample,N/A,N/A,5,8,N/A,N/A,IL-10,N/A,2248.28442
Plate 1,Unknown Group 1,215,5M8_pv_sac,5M8,pv_sac,portal blood,sacrificed sample,N/A,N/A,5,8,N/A,N/A,IL-17A,N/A,2764.95312
Plate 1,Unknown Group 1,215,5M8_pv_sac,5M8,pv_sac,portal blood,sacrificed sample,N/A,N/A,5,8,N/A,N/A,IL-17F,N/A,1392.026
Plate 1,Unknown Group 1,215,5M8_pv_sac,5M8,pv_sac,portal blood,sacrificed sample,N/A,N/A,5,8,N/A,N/A,IL-1a,50.020622971995905,6523.28711
Plate 1,Unknown Group 1,215,5M8_pv_sac,5M8,pv_sac,portal blood,sacrificed sample,N/A,N/A,5,8,N/A,N/A,IL-6,N/A,1901.14648
Plate 1,Unknown Group 1,215,5M8_pv_sac,5M8,pv_sac,portal blood,sacrificed sample,N/A,N/A,5,8,N/A,N/A,IL-7,1.6642522267583255,3798.7334
Plate 1,Unknown Group 1,215,5M8_pv_sac,5M8,pv_sac,portal blood,sacrificed sample,N/A,N/A,5,8,N/A,N/A,TNF-alpha,7.504834836385767,1473.83911
Plate 1,Unknown Group 1,205,5M8_sys_sac,5M8,sys_sac,systemic blood,sacrificed sample,N/A,N/A,5,8,N/A,N/A,GDF-15,192.465844115523,38176.47656
Plate 1,Unknown Group 1,205,5M8_sys_sac,5M8,sys_sac,systemic blood,sacrificed sample,N/A,N/A,5,8,N/A,N/A,IFN-gamma,N/A,1132.84827
Plate 1,Unknown Group 1,205,5M8_sys_sac,5M8,sys_sac,systemic blood,sacrificed sample,N/A,N/A,5,8,N/A,N/A,IL-10,N/A,2214.74731
Plate 1,Unknown Group 1,205,5M8_sys_sac,5M8,sys_sac,systemic blood,sacrificed sample,N/A,N/A,5,8,N/A,N/A,IL-17A,N/A,2433.26147
Plate 1,Unknown Group 1,205,5M8_sys_sac,5M8,sys_sac,systemic blood,sacrificed sample,N/A,N/A,5,8,N/A,N/A,IL-17F,N/A,1405.04199
Plate 1,Unknown Group 1,205,5M8_sys_sac,5M8,sys_sac,systemic blood,sacrificed sample,N/A,N/A,5,8,N/A,N/A,IL-1a,291.36835399228,30228.84961
Plate 1,Unknown Group 1,205,5M8_sys_sac,5M8,sys_sac,systemic blood,sacrificed sample,N/A,N/A,5,8,N/A,N/A,IL-6,N/A,1883.45581
Plate 1,Unknown Group 1,205,5M8_sys_sac,5M8,sys_sac,systemic blood,sacrificed sample,N/A,N/A,5,8,N/A,N/A,IL-7,N/A,2142.37622
Plate 1,Unknown Group 1,205,5M8_sys_sac,5M8,sys_sac,systemic blood,sacrificed sample,N/A,N/A,5,8,N/A,N/A,TNF-alpha,1.5828887254559547,1119.26038
Plate 1,Unknown Group 1,216,5M9_pv_sac,5M9,pv_sac,portal blood,sacrificed sample,N/A,N/A,5,9,N/A,N/A,GDF-15,336.715345499307,63643.83984
Plate 1,Unknown Group 1,216,5M9_pv_sac,5M9,pv_sac,portal blood,sacrificed sample,N/A,N/A,5,9,N/A,N/A,IFN-gamma,N/A,1139.98169
Plate 1,Unknown Group 1,216,5M9_pv_sac,5M9,pv_sac,portal blood,sacrificed sample,N/A,N/A,5,9,N/A,N/A,IL-10,N/A,2268.91284
Plate 1,Unknown Group 1,216,5M9_pv_sac,5M9,pv_sac,portal blood,sacrificed sample,N/A,N/A,5,9,N/A,N/A,IL-17A,N/A,2626.87988
Plate 1,Unknown Group 1,216,5M9_pv_sac,5M9,pv_sac,portal blood,sacrificed sample,N/A,N/A,5,9,N/A,N/A,IL-17F,N/A,1528.66968
Plate 1,Unknown Group 1,216,5M9_pv_sac,5M9,pv_sac,portal blood,sacrificed sample,N/A,N/A,5,9,N/A,N/A,IL-1a,11.332221457776926,2938.77954
Plate 1,Unknown Group 1,216,5M9_pv_sac,5M9,pv_sac,portal blood,sacrificed sample,N/A,N/A,5,9,N/A,N/A,IL-6,N/A,2151.85425
Plate 1,Unknown Group 1,216,5M9_pv_sac,5M9,pv_sac,portal blood,sacrificed sample,N/A,N/A,5,9,N/A,N/A,IL-7,0.36234949234576547,2598.2959
Plate 1,Unknown Group 1,216,5M9_pv_sac,5M9,pv_sac,portal blood,sacrificed sample,N/A,N/A,5,9,N/A,N/A,TNF-alpha,6.464829694384012,1408.1084
Plate 1,Unknown Group 1,206,5M9_sys_sac,5M9,sys_sac,systemic blood,sacrificed sample,N/A,N/A,5,9,N/A,N/A,GDF-15,239.782419685775,46598.03906
Plate 1,Unknown Group 1,206,5M9_sys_sac,5M9,sys_sac,systemic blood,sacrificed sample,N/A,N/A,5,9,N/A,N/A,IFN-gamma,N/A,1169.34473
Plate 1,Unknown Group 1,206,5M9_sys_sac,5M9,sys_sac,systemic blood,sacrificed sample,N/A,N/A,5,9,N/A,N/A,IL-10,N/A,2313.48633
Plate 1,Unknown Group 1,206,5M9_sys_sac,5M9,sys_sac,systemic blood,sacrificed sample,N/A,N/A,5,9,N/A,N/A,IL-17A,N/A,2615.34326
Plate 1,Unknown Group 1,206,5M9_sys_sac,5M9,sys_sac,systemic blood,sacrificed sample,N/A,N/A,5,9,N/A,N/A,IL-17F,N/A,1571.16309
Plate 1,Unknown Group 1,206,5M9_sys_sac,5M9,sys_sac,systemic blood,sacrificed sample,N/A,N/A,5,9,N/A,N/A,IL-1a,369.408842201882,38049.91797
Plate 1,Unknown Group 1,206,5M9_sys_sac,5M9,sys_sac,systemic blood,sacrificed sample,N/A,N/A,5,9,N/A,N/A,IL-6,N/A,2123.69922
Plate 1,Unknown Group 1,206,5M9_sys_sac,5M9,sys_sac,systemic blood,sacrificed sample,N/A,N/A,5,9,N/A,N/A,IL-7,N/A,2188.52197
Plate 1,Unknown Group 1,206,5M9_sys_sac,5M9,sys_sac,systemic blood,sacrificed sample,N/A,N/A,5,9,N/A,N/A,TNF-alpha,3.810244907936041,1245.95435
