label,metaGroupId,groupId,goodPeakCount,medMz,medRt,maxQuality,adductName,isotopeLabel,compound,compoundId,formula,expectedRtDiff,ppmDiff,parent,1M_01_pos,1M_02_pos,1M_04_pos,1M_05_pos,1M_06_pos,1M_07_pos,1M_09_pos,1M_10_pos,1M_11_pos,1M_CD_DDA_pos,1M_ID_DDA_pos,2M_16_pos,2M_17_pos,2M_20_pos,2M_22_pos,2M_23_pos,2M_26_pos,2M_31_pos,2M_33_pos,2M_CD_DDA_pos,2M_ID_DDA_pos,4M_01_pos_20250210171958,4M_02_pos,4M_03_pos,4M_04_pos,4M_05_pos,4M_DDA_pos
,1,2,25,124.100105,12.036,0.854497,,C13N15-label-5-1,valine,C00183,C5H11NO2,11.035972,0.307389,0.000000,791653.69,766183.00,736201.94,870599.19,615565.75,803641.31,851549.44,528234.75,525550.44,619102.69,808364.19,562853.69,741442.69,778909.94,790061.31,689843.44,433016.91,837880.69,761725.56,812199.69,688212.31,740628.69,740879.31,788239.81,878538.19,767285.31,773215.56
,1,2,25,124.100105,12.036,0.854497,,C13N15-label-5-1,valine,C00183,C5H11NO2,11.035972,0.307389,0.000000,791653.69,766183.00,736201.94,870599.19,615565.75,803641.31,851549.44,528234.75,525550.44,619102.69,808364.19,562853.69,741442.69,778909.94,790061.31,689843.44,433016.91,837880.69,761725.56,812199.69,688212.31,740628.69,740879.31,788239.81,878538.19,767285.31,773215.56
