label,metaGroupId,groupId,goodPeakCount,medMz,medRt,maxQuality,adductName,isotopeLabel,compound,compoundId,formula,expectedRtDiff,ppmDiff,parent,1M1_neg,1M2_neg,1M4_neg,1M5_neg,1M6_neg,1M7_neg,1M9_neg,1M10_neg,1M11_neg,1M_CD_DDA_neg,1M_ID_DDA_neg,2M16_neg,2M17_neg,2M20_neg,2M22_neg,2M23_neg,2M26_neg,2M31_neg,2M33_neg,2M_CD_DDA_neg,Blank2,2M_ID_DDA_neg,4M1_neg,4M2_neg,4M3_neg,4M4_neg,4M5_neg,4M_CD_DDA_neg,Blank1_20250605181816,Blank1_prerun,Blank3,Blank4,Blank5,STD1,STD2,STD3,STD4,STD5,STD6
,1,2,36,122.085396,12.320,0.857786,,C13N15-label-5-1,valine,C00183,C5H11NO2,11.319973,0.937383,0.000000,841154.00,793966.00,840442.19,860130.19,919775.31,850518.06,860950.44,845709.19,832840.19,766291.81,643680.50,873842.31,907295.31,933682.81,928251.81,917119.50,952100.25,881763.94,883712.94,615202.69,825983.31,814569.25,834524.56,880200.25,854158.44,849806.81,879577.00,801496.31,754842.44,764663.19,846807.19,894126.50,854571.50,1697.16,574.73,733.31,597.90,2067.84,5402.25
,1,2,36,122.085396,12.320,0.857786,,C13N15-label-5-1,valine,C00183,C5H11NO2,11.319973,0.937383,0.000000,841154.00,793966.00,840442.19,860130.19,919775.31,850518.06,860950.44,845709.19,832840.19,766291.81,643680.50,873842.31,907295.31,933682.81,928251.81,917119.50,952100.25,881763.94,883712.94,615202.69,825983.31,814569.25,834524.56,880200.25,854158.44,849806.81,879577.00,801496.31,754842.44,764663.19,846807.19,894126.50,854571.50,1697.16,574.73,733.31,597.90,2067.84,5402.25
