tissue,name,PC1,pc1_variance_explained,variance_explained,abs_variance_explained,rank
Liver,N-(3-aminopropoxy)guanidine,-0.05654427365324827,0.20931212974484736,6.692242288922805e-4,0.011835402343236856,1
Liver,Melilotoside,0.055364155763831926,0.20931212974484736,6.415813932718746e-4,0.011588389354453128,2
Liver,4-Nitroaniline,-0.05523581296708176,0.20931212974484736,6.386102684356324e-4,0.011561525650327939,3
Liver,Glycine,-0.05479042179927302,0.20931212974484736,6.283529875498407e-4,0.011468299876424348,4
Liver,Acetyl hexamethyl tetralin,-0.05470501096923834,0.20931212974484736,6.263954804608325e-4,0.011450422353686514,5
Liver,"N,4-Dinitroso-N-methylaniline",-0.05382340994660751,0.20931212974484736,6.06368753997185e-4,0.01126589256605442,6
Liver,N-Acetyl-L-phenylalanine,-0.0538206079843495,0.20931212974484736,6.063056224289472e-4,0.01126530608136673,7
Liver,Oxidized glutathione,0.053516935414061106,0.20931212974484736,5.994829956662556e-4,0.011201743728934574,8
Liver,dCMP,-0.053180340989333975,0.20931212974484736,5.919658208800963e-4,0.011131290433034697,9
Liver,γ-Glutamyl-3-(sulfinosulfanyl)alanylglycine,0.05299912382082243,0.20931212974484736,5.879383327514154e-4,0.011093359481547216,10
Liver,Barbital,0.052711963228919315,0.20931212974484736,5.815844415321384e-4,0.011033253286477184,11
Liver,Biguanide,-0.052554775739357,0.20931212974484736,5.78121034425135e-4,0.01100035203826765,12
Liver,3-Nitrotyrosine,0.05254834916559408,0.20931212974484736,5.779796539223199e-4,0.01099900687842637,13
Liver,Chamazulene,-0.0524919422421509,0.20931212974484736,5.767394796214227e-4,0.010987200225148123,14
Liver,"PS(18:0/22:6(4Z,7Z,10Z,13Z,16Z,19Z))",0.05204441614075119,0.20931212974484736,5.669472828093193e-4,0.010893527583747741,15
Liver,LysoPC(16:0/0:0),0.05197425545302875,0.20931212974484736,5.654197183789059e-4,0.010878842100776194,16
Liver,Eicosapentaenoic acid,-0.05187339953647045,0.20931212974484736,5.632274563019539e-4,0.010857731734084008,17
Liver,Hippuric acid,0.05183884579607382,0.20931212974484736,5.624773557251969e-4,0.010850499217090939,18
Liver,"PE(18:0/18:3(9Z,12Z,15Z))",0.05183497041609475,0.20931212974484736,5.623932592539081e-4,0.01084968805305395,19
Liver,Linoleic acid,-0.05164952154973028,0.20931212974484736,5.583763330667017e-4,0.010810871355876434,20
Liver,LysoPE(0:0/20:0),0.05152155173888724,0.20931212974484736,5.556128304942535e-4,0.010784085722225834,21
Liver,Benzylideneacetone,-0.05131442070219324,0.20931212974484736,5.511543729574255e-4,0.010740730683799153,22
Liver,Arachidonic acid,-0.05104271847219759,0.20931212974484736,5.453332638616302e-4,0.010683860111382339,23
Liver,N'-Formylkynurenine,0.051021526811351005,0.20931212974484736,5.448805403808543e-4,0.01067942443971771,24
Liver,delgocitinib,-0.050691435869482264,0.20931212974484736,5.378529844929257e-4,0.010610332401665682,25
Liver,Thiorphan,0.05066846166709119,0.20931212974484736,5.373655671227282e-4,0.010605523622434016,26
Liver,Oximonam,0.05059564034109414,0.20931212974484736,5.358220605073914e-4,0.010590281235598731,27
Liver,nicotinamide hypoxanthine dinucleotide,0.05048516604378701,0.20931212974484736,5.334847073164319e-4,0.010567157625147308,28
Liver,hesperetin 3'-O-sulfate,-0.04998934985085456,0.20931212974484736,5.230574275635152e-4,0.010463377281842637,29
Liver,"2,3,6-trihydroxypyridine",-0.04993245320825619,0.20931212974484736,5.218674430794357e-4,0.01045146812440504,30
Liver,Maltopentaose,0.0498816849513584,0.20931212974484736,5.20806776926451e-4,0.01044084171243033,31
Liver,Momordicilin,-0.04979613081295467,0.20931212974484736,5.190217945549696e-4,0.01042293419351256,32
Liver,Docosahexaenoic acid,-0.049714571945724886,0.20931212974484736,5.173230214555467e-4,0.010405862933313116,33
Liver,Retinal,-0.04965677560321287,0.20931212974484736,5.161208790089329e-4,0.010393765457770463,34
Liver,gamma-Linolenic acid,-0.04960616460295744,0.20931212974484736,5.150693374238983e-4,0.010383171961518483,35
Liver,"PE(20:3(5Z,8Z,11Z)/20:4(5Z,8Z,11Z,14Z))",0.049540188629811056,0.20931212974484736,5.137001687747987e-4,0.010369362390067223,36
Liver,Arabinonic acid,-0.049479257983340755,0.20931212974484736,5.124373219473998e-4,0.010356608866687794,37
Liver,"5,7-Dihydro-4H-purin-8-ol",-0.04942572059662791,0.20931212974484736,5.113289903408044e-4,0.010345402842253956,38
Liver,SM(d18:1/20:0),0.04939323723505032,0.20931212974484736,5.106571042780471e-4,0.010338603680660878,39
Liver,Hexyl cinnamaldehyde,-0.049332681591415524,0.20931212974484736,5.094057502223567e-4,0.01032592864992361,40
Liver,"PC(20:5(5Z,8Z,11Z,14Z,17Z)/16:1(9Z))",0.0492683933301564,0.20931212974484736,5.080789433077361e-4,0.01031247233704187,41
Liver,Oleoyl glycine,0.04926079118937715,0.20931212974484736,5.0792216167144e-4,0.010310881116764745,42
Liver,"(1R,5R)-3,3,5-Trimethylcyclohexyl 5-oxo-L-prolinate",0.04922776698116593,0.20931212974484736,5.072413725772163e-4,0.010303968749410917,43
Liver,trans-4-Hydroxycyclohexylacetic acid,-0.04916380101748694,0.20931212974484736,5.059240224264942e-4,0.010290579897322086,44
Liver,ionene,-0.048952422029419275,0.20931212974484736,5.01582949987145e-4,0.010246335711146332,45
Liver,Trp-Phe,-0.04882447172761255,0.20931212974484736,4.989643332012642e-4,0.010219554160973669,46
Liver,Myristicin,-0.048697522104121656,0.20931212974484736,4.96372969412894e-4,0.010192982064910485,47
Liver,"N-Butyl-1H-pyrazolo[3,4-d]pyrimidin-4-amine",-0.04851128822789487,0.20931212974484736,4.925836718768316e-4,0.010154001055646818,48
Liver,2-hydroxyflutamide,-0.04824414340002473,0.20931212974484736,4.8717343199303014e-4,0.010098084402774998,49
Liver,"PC(18:2(9Z,12Z)/20:4(5Z,8Z,11Z,14Z))",0.04820904373608029,0.20931212974484736,4.864648111246891e-4,0.010090737617361458,50
Liver,Epristeride,-0.04819537054022709,0.20931212974484736,4.861889049934164e-4,0.010087875651617007,51
Liver,D-Glycero-D-galacto-heptitol,-0.0481643134716486,0.20931212974484736,4.8556250719180677e-4,0.010081375030449213,52
Liver,Palmitic acid alkyne,-0.048104379755136935,0.20931212974484736,4.843548305052755e-4,0.010068830176602631,53
Liver,17alpha-Estradiol,-0.048014436427149525,0.20931212974484736,4.825452756089661e-4,0.010050003947065247,54
Liver,O-{Hydroxy[2-hydroxy-3-(stearoyloxy)propoxy]phosphoryl}serine,0.04785904611382348,0.20931212974484736,4.7942698316641306e-4,0.010017478869641253,55
Liver,Xylitol,-0.04773699199587353,0.20931212974484736,4.769847522376531e-4,0.00999193146226902,56
Liver,Bibenzyl,-0.04765615965629148,0.20931212974484736,4.7537077746121864e-4,0.009975012273118844,57
Liver,Glycidyl Stearate,0.04750616268647788,0.20931212974484736,4.723830435642207e-4,0.009943616087911885,58
Liver,Galactitol,-0.04744180794646111,0.20931212974484736,4.711040727808936e-4,0.0099301458602198,59
Liver,Scoparone,0.04742535226059977,0.20931212974484736,4.7077731473877467e-4,0.009926701485565749,60
Liver,"PC(18:3(9Z,12Z,15Z)/19:1(9Z))",-0.047378824047589634,0.20931212974484736,4.6985402451087225e-4,0.009916962566207376,61
Liver,Ethinylestradiol,-0.047182856695661315,0.20931212974484736,4.659752609805419e-4,0.009875944222414801,62
Liver,PE(18:0/18:1(9Z)),-0.04717381002223581,0.20931212974484736,4.6579658922683056e-4,0.009874050643933003,63
Liver,LysoPC(18:0/0:0),0.047169656836821186,0.20931212974484736,4.657145753110096e-4,0.009873181331848642,64
Liver,Isopropanol,-0.04713341259825067,0.20931212974484736,4.649991583935236e-4,0.009865594973082467,65
Liver,Tetralin,-0.04711315604938492,0.20931212974484736,4.6459955846677966e-4,0.009861355031698098,66
Liver,LysoPC(15:0/0:0),0.047084861900220355,0.20931212974484736,4.6404168873299994e-4,0.009855432723077144,67
Liver,Thiamine,-0.047076252991758764,0.20931212974484736,4.63872015209489e-4,0.00985363077411227,68
Liver,2-Methylbutyrylglycine,-0.04704976104256603,0.20931212974484736,4.6335007833797013e-4,0.009848085687805645,69
Liver,Isopentenyl pyrophosphate,-0.046986287085993686,0.20931212974484736,4.6210072771810725e-4,0.009834799818772156,70
Liver,Dibutyl sebacate,-0.046963989995880355,0.20931212974484736,4.616622569441618e-4,0.009830132767353422,71
Liver,Vitamin A2 aldehyde,-0.046916070143811626,0.20931212974484736,4.6072062057410856e-4,0.009820102561059859,72
Liver,PG(18:0/16:0),-0.046902298552978956,0.20931212974484736,4.6045018340274774e-4,0.009817220000052699,73
Liver,β-Ionone,-0.04686324392375588,0.20931212974484736,4.596836868848105e-4,0.009809045392433621,74
Liver,"2-(3,4-Dihydroxybenzoyloxy)-4,6-dihydroxybenzoate",0.04684245662095035,0.20931212974484736,4.592759701374733e-4,0.009804694357811745,75
Liver,Dimethylenetriurea,-0.046766379599041265,0.20931212974484736,4.5778535768112034e-4,0.009788770514331309,76
Liver,3-keto Fusidic acid,-0.04675453084460996,0.20931212974484736,4.575534175910569e-4,0.009786290426306469,77
Liver,Glyoxylic acid,-0.046701480702854056,0.20931212974484736,4.5651567847309504e-4,0.009775186388152274,78
Liver,2-Thiouracil,0.04667508136781385,0.20931212974484736,4.559997075068455e-4,0.00976966068711116,79
Liver,LysoPC(24:0/0:0),0.04660813896031274,0.20931212974484736,4.546926362806175e-4,0.009755648829226856,80
Liver,Jasmonic acid,-0.04648409489490444,0.20931212974484736,4.5227559626879413e-4,0.009729684901714036,81
Liver,"PG(18:1(11Z)/20:4(5Z,8Z,11Z,14Z))",0.046406675192494654,0.20931212974484736,4.507703122267344e-4,0.009713480018918431,82
Liver,"PG(16:0/18:2(9Z,12Z))",0.04632920937883908,0.20931212974484736,4.4926664303265244e-4,0.009697265484479765,83
Liver,3-Oxododecanoic acid,0.046308487665502655,0.20931212974484736,4.488648449980298e-4,0.009692928178529356,84
Liver,Ceramide (d18:1/16:0),0.04629512269948068,0.20931212974484736,4.486057910743284e-4,0.00969013072902733,85
Liver,Dihydroactinidiolide,-0.04621238288959547,0.20931212974484736,4.4700370485067806e-4,0.009672812283205571,86
Liver,2-Propionylthiazole,-0.04620260887886643,0.20931212974484736,4.4681464050446286e-4,0.009670766464203727,87
Liver,Pantothenic acid,-0.046131422090053144,0.20931212974484736,4.4543883958610934e-4,0.00965586620582752,88
Liver,Cer(d18:0/16:0),-0.046058330174473784,0.20931212974484736,4.4402842630599394e-4,0.009640567181310475,89
Liver,LysoPC(20:0/0:0),0.04602537555015872,0.20931212974484736,4.433932510811987e-4,0.009633669378710148,90
Liver,5-Hexyltetrahydro-2-oxo-3-furancarboxylic acid,-0.04588479937021449,0.20931212974484736,4.406888585566267e-4,0.009604245079094626,91
Liver,"2,6-Dimethylnaphthalene",-0.045827987978827193,0.20931212974484736,4.3959827306634626e-4,0.009592353765769583,92
Liver,4-Acetyl-2(3H)-benzoxazolone,0.04576376543830751,0.20931212974484736,4.383670457246882e-4,0.009578911209035784,93
Liver,"1,2-DIPHENYLCYCLOBUTANE",-0.04575452786541002,0.20931212974484736,4.381900918047243e-4,0.009576977672978935,94
Liver,cis-2-Decenoic acid,-0.04574921051885873,0.20931212974484736,4.380882495044497e-4,0.009575864687847695,95
Liver,"1,2-Didecanoyl-sn-glycero-3-phosphocholine",0.04574052054409813,0.20931212974484736,4.3792183726589683e-4,0.009574045770723124,96
Liver,spermidine,0.045620306222080256,0.20931212974484736,4.356229872940361e-4,0.00954888345495573,97
Liver,Cholesterol sulfate,0.04555082899322937,0.20931212974484736,4.3429713773940587e-4,0.009534341028216181,98
Liver,4-oxo-Retinoic acid,-0.04554458269521185,0.20931212974484736,4.3417803723505213e-4,0.009533033602275112,99
Liver,N-Palmitoyl Glutamic acid,0.04546190469019778,0.20931212974484736,4.3260312362010145e-4,0.009515728092962562,100
Liver,N-(4-Carboxy-4-oxobutanoyl)-L-cysteinylglycine,0.04537952658259722,0.20931212974484736,4.3103676869867794e-4,0.00949848535581634,101
Liver,Dihydrocarvone,-0.045359625091569836,0.20931212974484736,4.3065878355863106e-4,0.009494319732344299,102
Liver,p-Isopropyl-α-methylstyrene,-0.04522856851860848,0.20931212974484736,4.281737926537673e-4,0.009466888001940697,103
Liver,5'-Methylthioadenosine,0.04521576005176575,0.20931212974484736,4.2793131435069694e-4,0.009464207034467079,104
Liver,Behenic acid,0.04516530650189363,0.20931212974484736,4.2697684148420027e-4,0.009453646494490158,105
Liver,"LysoPE(0:0/20:5(5Z,8Z,11Z,14Z,17Z))",-0.04511668163912988,0.20931212974484736,4.260579718502208e-4,0.009443468720906525,106
Liver,Carnosol,-0.04505959540217618,0.20931212974484736,4.249804697785041e-4,0.009431519879070628,107
Liver,ε-(γ-Glutamyl)-lysine,0.045053637977527705,0.20931212974484736,4.2486810206918146e-4,0.009430272917829661,108
Liver,Bumetanide,0.04503149020950918,0.20931212974484736,4.2445048574785583e-4,0.00942563712133661,109
Liver,Dimethylguanidino valeric acid,0.04498700209766032,0.20931212974484736,4.23612242419767e-4,0.009416325219897197,110
Liver,PE(16:1(9Z)/16:1(9Z)),0.04495044764407544,0.20931212974484736,4.229241048621299e-4,0.009408673929365688,111
Liver,ALLYL α-IONONE,-0.04482258645142017,0.20931212974484736,4.205215182584304e-4,0.009381911030819296,112
Liver,12-Hydroxydodecanoic acid,0.044773062105360556,0.20931212974484736,4.1959276561291545e-4,0.009371544984471337,113
Liver,Actinonin,0.0447588529500396,0.20931212974484736,4.1932648439649094e-4,0.009368570835909232,114
Liver,Cer(d18:1/24:1(15Z)),0.04473453498184282,0.20931212974484736,4.188709589607869e-4,0.009363480790194898,115
Liver,Adenosine diphosphate ribose,0.04472002582510728,0.20931212974484736,4.185992906035112e-4,0.00936044384769778,116
Liver,"PC(18:0/18:3(9Z,12Z,15Z))",0.04459286411513578,0.20931212974484736,4.1622209511015055e-4,0.009333827359361647,117
Liver,3-Methyl-1-phenyl-2-butene,-0.04449918962099394,0.20931212974484736,4.144752486928385e-4,0.009314220151490048,118
Liver,alpha-Tocopherol,0.04448150718775025,0.20931212974484736,4.141459179860453e-4,0.009310519003728741,119
Liver,Glabric acid,-0.04436819247528792,0.20931212974484736,4.1203856803312465e-4,0.009286800859931825,120
Liver,Pregnenolone,-0.044349106013241935,0.20931212974484736,4.1168413993979185e-4,0.009282805831911687,121
Liver,Cortexolone,0.04431616628759698,0.20931212974484736,4.110728208941583e-4,0.00927591114778373,122
Liver,"PC(22:6(4Z,7Z,10Z,13Z,16Z,19Z)/18:3(9Z,12Z,15Z))",0.04420693739029494,0.20931212974484736,4.0904892309484423e-4,0.009253048214659759,123
Liver,N-CAFFEOYLTYRAMINE,0.04408038449757664,0.20931212974484736,4.067102753253891e-4,0.00922655915915952,124
Liver,Tyrosol 4-sulfate,0.04401993013882933,0.20931212974484736,4.0559546886978037e-4,0.009213905328577762,125
Liver,Furmecyclox,-0.0439852907442226,0.20931212974484736,4.0495739181573026e-4,0.009206654883119555,126
Liver,"Methyl 2E,4Z-hexadecadienoate",-0.04389165199882679,0.20931212974484736,4.032350278843155e-4,0.009187055157894123,127
Liver,"5α-ergosta-7,22-diene-3β,5-diol",0.04388930908744812,0.20931212974484736,4.031919801211469e-4,0.009186564758123648,128
Liver,Palmitoyl Serinol,0.04384531605283085,0.20931212974484736,4.023840954983058e-4,0.00917735648235397,129
Liver,6-Hydroxydopamine,-0.04369392940785378,0.20931212974484736,3.9961023408092685e-4,0.009145669421278892,130
Liver,"13-hydroxy-6-(1-hydroxyethyl)-12,14-dimethyl-3-methylidene-15-nonyl-9-(propan-2-yl)-1-oxa-4,7,10-triazacyclopentadecane-2,5,8,11-tetrone",0.043670487713060875,0.20931212974484736,3.991815691181738e-4,0.00914076279021696,131
Liver,pg (39:7),0.04359790691653,0.20931212974484736,3.9785578408019044e-4,0.009125570749116506,132
Liver,"PE(20:4(5Z,8Z,11Z,14Z)/20:4(5Z,8Z,11Z,14Z))",0.04350832901409207,0.20931212974484736,3.96222564670199e-4,0.009106821007579147,133
Liver,"LysoPE(0:0/18:3(6Z,9Z,12Z))",-0.043479890483033856,0.20931212974484736,3.9570476472726283e-4,0.009100868478076536,134
Liver,trans-trans-Muconic acid,-0.04343992505676343,0.20931212974484736,3.949776588716697e-4,0.009092503229587713,135
Liver,2-Octenoic acid,0.043307209197785135,0.20931212974484736,3.925679068379493e-4,0.009064724190494049,136
Liver,Carbocysteine,-0.043175453734750645,0.20931212974484736,3.901828865262955e-4,0.009037146173920782,137
Liver,Glucosylceramide (d18:1/16:0),0.043133359062033166,0.20931212974484736,3.8942242599834245e-4,0.009028335248323374,138
Liver,Acetylglycine,-0.04312685747231235,0.20931212974484736,3.8930503778281296e-4,0.009026974386732181,139
Liver,10-Hydroxydecanoic acid,0.043123089520754256,0.20931212974484736,3.8923701435010266e-4,0.009026185708766782,140
Liver,N-Acetyl-L-tyrosine,-0.043106874225777095,0.20931212974484736,3.8894434485818054e-4,0.009022791650840672,141
Liver,Biflorin,-0.043056581595879946,0.20931212974484736,3.880373144392579e-4,0.00901226479336643,142
Liver,n6-(delta2-isopentenyl)-adenine,-0.043047599216968366,0.20931212974484736,3.878754281727648e-4,0.009010384672506273,143
Liver,c20:7,-0.04302220948310327,0.20931212974484736,3.8741802056572593e-4,0.009005070293237315,144
Liver,Valerophenone,-0.04301066007516236,0.20931212974484736,3.872100420249184e-4,0.009002652862063911,145
Liver,L-Glutathione oxidized,0.04295425568899942,0.20931212974484736,3.8619512972494816e-4,0.008990846739869194,146
Liver,13-OxoODE,-0.04266955768280318,0.20931212974484736,3.8109274280981185e-4,0.008931255993858148,147
Liver,"15-Keto-13,14-dihydroprostaglandin A2",-0.042537828006386384,0.20931212974484736,3.7874335201787374e-4,0.00890368337473675,148
Liver,"(2R)-1-[(Hydroxy{[(1s,3R)-2,3,4,5,6-pentahydroxycyclohexyl]oxy}phosphoryl)oxy]-3-(stearoyloxy)-2-propanyl (5Z,8Z,11Z,14Z)-5,8,11,14-icosatetraenoate",0.04252326901946388,0.20931212974484736,3.7848413916490107e-4,0.008900636002177071,149
Liver,6-Keto-decanoylcarnitine,0.04249386496797183,0.20931212974484736,3.779608906171609e-4,0.008894481377536144,150
Liver,Cibaric acid,-0.04246002027475276,0.20931212974484736,3.7735906838938445e-4,0.0088873972727179,151
Liver,N-Acetylasparagine,-0.04241229461323586,0.20931212974484736,3.765112313197289e-4,0.008877407712862315,152
Liver,"(6Z,9Z,12Z,15Z)-6,9,12,15-Octadecatetraenal",-0.042400664889061704,0.20931212974484736,3.7630477602313154e-4,0.008874973470527077,153
Liver,SM(d18:1/16:0),0.04230625107121017,0.20931212974484736,3.746308015676007e-4,0.008855211513235232,154
Liver,2-Hydroxybenzaldehyde,0.041992856436254236,0.20931212974484736,3.691010078497201e-4,0.008789614214741996,155
Liver,arg-leu,-0.04190420173658904,0.20931212974484736,3.6754417175424725e-4,0.008771057710743184,156
Liver,ubiquinol,0.04187562191518388,0.20931212974484736,3.6704299219587596e-4,0.008765075607457143,157
Liver,Urocanic acid,-0.04184755806187262,0.20931212974484736,3.6655119345367475e-4,0.008759201502551715,158
Liver,Pubescenol,-0.04183468479727957,0.20931212974484736,3.663257091039456e-4,0.008756506972122975,159
Liver,N-Hydroxy Sulfamethoxazole,0.04183255416510757,0.20931212974484736,3.662883962631992e-4,0.00875606100496535,160
Liver,Propoxyphene,0.04182740573392099,0.20931212974484736,3.661982418561994e-4,0.008754983375868844,161
Liver,beta-Damascenone,-0.04174129955605589,0.20931212974484736,3.646920774421158e-4,0.00873696030839571,162
Liver,all-trans-Retinoic acid,-0.04167269207706877,0.20931212974484736,3.6349422102987725e-4,0.008722599930852492,163
Liver,DL-Glutamic acid,-0.04166034130007959,0.20931212974484736,3.632787911856801e-4,0.008720014763416882,164
Liver,L-Pyroglutamic acid,-0.04166034130007959,0.20931212974484736,3.632787911856801e-4,0.008720014763416882,165
Liver,15beta-Hydroxydesogestrel,-0.0416499780934877,0.20931212974484736,3.63098079036021e-4,0.008717845618574149,166
Liver,asn-phe,-0.041603598075657264,0.20931212974484736,3.6228986161814555e-4,0.008708137718264456,167
Liver,Prostaglandin D2,0.041596660556074326,0.20931212974484736,3.621690459402635e-4,0.008706685611265403,168
Liver,"(E,E)-2,4-Dodecadienal",-0.041500346207136406,0.20931212974484736,3.6049383010245485e-4,0.00868652584976422,169
Liver,"Octadeca-2,4,6,8-tetraenoic acid",-0.04149963475493537,0.20931212974484736,3.604814701125309e-4,0.008686376934188809,170
Liver,Acetyllycopsamine,0.04149535064832681,0.20931212974484736,3.6040704722449914e-4,0.008685480218710517,171
Liver,Flavidulol C,0.04147738138650249,0.20931212974484736,3.600949714739676e-4,0.008681719034248126,172
Liver,glu-thr,-0.04147656401243215,0.20931212974484736,3.6008077918976006e-4,0.008681547947940666,173
Liver,Uridine diphosphate-N-acetylgalactosamine,0.041460621000970053,0.20931212974484736,3.598040123557509e-4,0.008678210882256987,174
Liver,"1,6,7-Trimethylnaphthalene",-0.04145020640275373,0.20931212974484736,3.5962327489940114e-4,0.00867603098052389,175
Liver,Trehalose 6-phosphate,0.041293148703318024,0.20931212974484736,3.569031630949543e-4,0.008643156898962178,176
Liver,"ethyl (E)-2-cyano-3-(2,5-dichloroanilino)prop-2-enoate",-0.041286857154523744,0.20931212974484736,3.567944136935462e-4,0.008641840001484654,177
Liver,ADP-glucose,0.04127658634045515,0.20931212974484736,3.566169183100719e-4,0.008639690195517743,178
Liver,Uridine 5'-monophosphate,0.041216475040520895,0.20931212974484736,3.5557898861453946e-4,0.008627108171306772,179
Liver,14(S)-HDHA,-0.041187969554652155,0.20931212974484736,3.5508731887364333e-4,0.008621141627350176,180
Liver,"PE(18:0/18:2(9Z,12Z))",0.041156153756579696,0.20931212974484736,3.545389537464619e-4,0.008614482194896097,181
Liver,11(R)-HETE,-0.041147089606992295,0.20931212974484736,3.5438280503283183e-4,0.008612584958441631,182
Liver,"DG(18:2(9Z,12Z)/18:2(9Z,12Z)/0:0)",-0.0411340700668084,0.20931212974484736,3.5415857672109436e-4,0.008609859810757443,183
Liver,"PG(16:0/22:6(4Z,7Z,10Z,13Z,16Z,19Z))",0.04112269180389449,0.20931212974484736,3.5396267332250396e-4,0.008607478202314134,184
Liver,Glycogen,0.04109722284643325,0.20931212974484736,3.535243621041749e-4,0.008602147240585542,185
Liver,Phenylalanylphenylalanine,-0.04108322301653189,0.20931212974484736,3.5328354593204607e-4,0.008599216906372822,186
Liver,Ethyl glucuronide,0.04107066203027851,0.20931212974484736,3.530675496662724e-4,0.008596587739588431,187
Liver,17-(4-Hydroxyphenyl)heptadecanoic acid,0.041016990991945806,0.20931212974484736,3.521453770264777e-4,0.008585353740249397,188
Liver,SM(d18:1/22:0),0.04097739045529964,0.20931212974484736,3.5146573603946134e-4,0.008577064867584949,189
Liver,"PI(18:1(9Z)/18:3(6Z,9Z,12Z))",0.04096885662990329,0.20931212974484736,3.51319360934877e-4,0.008575278634416367,190
Liver,4-Pyridoxic acid,-0.04095699048886706,0.20931212974484736,3.511158794757329e-4,0.00857279490716422,191
Liver,N-{4-[(4-{2-[3-Chloro-4-(2-chloroethoxy)-5-cyanophenyl]-2-propanyl}phenoxy)methyl]-2-pyrimidinyl}methanesulfonamide,0.04085844458391266,0.20931212974484736,3.4942828450342233e-4,0.008552168053920584,192
Liver,Tetracosanoic acid,0.04069725875110171,0.20931212974484736,3.4667674595499875e-4,0.008518429903970226,193
Liver,Phosphoric acid,-0.040526676461432626,0.20931212974484736,3.437766500310072e-4,0.008482724961622837,194
Liver,Melibiose,0.04041959704466909,0.20931212974484736,3.4196239952128754e-4,0.008460311940848226,195
Liver,leu-gln,-0.040390337257700644,0.20931212974484736,3.4146748487060404e-4,0.00845418751252198,196
Liver,"(2R)-1-[(Hydroxy{[(1s,3R)-2,3,4,5,6-pentahydroxycyclohexyl]oxy}phosphoryl)oxy]-3-(palmitoyloxy)-2-propanyl (9Z)-9-hexadecenoate",-0.04037723116721114,0.20931212974484736,3.412459181309578e-4,0.008451444248808993,197
Liver,[4]-Gingerol,-0.040348662541360755,0.20931212974484736,3.4076319666720244e-4,0.008445464488888365,198
Liver,"SM(d18:1/22:2(13Z,16Z))",0.04018353507490387,0.20931212974484736,3.37979747689623e-4,0.008410901307204902,199
Liver,Integerressine,0.040172995699960176,0.20931212974484736,3.378024796547025e-4,0.00840869528818926,200
Liver,Monocrotophos,0.040161992239131944,0.20931212974484736,3.376174554989691e-4,0.008406392130368739,201
Liver,"PE(20:4(8Z,11Z,14Z,17Z)/22:6(4Z,7Z,10Z,13Z,16Z,19Z))",0.04014043097143636,0.20931212974484736,3.3725504786356804e-4,0.008401879095507377,202
Liver,ethylestrenol,-0.04013302303163199,0.20931212974484736,3.3713057812094336e-4,0.008400328523849903,203
Liver,LysoPC(14:0/0:0),0.040099701755186505,0.20931212974484736,3.3657099118381104e-4,0.00839335397651128,204
Liver,6-(α-D-glucosaminyl)-1D-myo-inositol,0.040088240907904124,0.20931212974484736,3.3637862878094937e-4,0.008390955082157925,205
Liver,"LysoPC(18:3(6Z,9Z,12Z)/0:0)",-0.039978484422698204,0.20931212974484736,3.345392267819225e-4,0.008367981718486166,206
Liver,verofylline,-0.039978484422698204,0.20931212974484736,3.345392267819225e-4,0.008367981718486166,207
Liver,Cytidine,0.039973006143378224,0.20931212974484736,3.344475487813061e-4,0.008366835048174363,208
Liver,PC(16:0/0:0),0.03996066179376512,0.20931212974484736,3.342410144029298e-4,0.00836425122606653,209
Liver,Diethyl tartrate,-0.03993923961357651,0.20931212974484736,3.338827494645031e-4,0.008359767303907474,210
Liver,L-Menthyl acetoacetate,0.03991927834729208,0.20931212974484736,3.3354908978291324e-4,0.008355589168749076,211
Liver,7-Ketocholesterol,0.03991774541089866,0.20931212974484736,3.33523473101324e-4,0.008355268306567805,212
Liver,p-cymene,-0.039913237629832926,0.20931212974484736,3.334481499140224e-4,0.008354324773312513,213
Liver,"PS(16:0/22:6(4Z,7Z,10Z,13Z,16Z,19Z))",0.039760743086196405,0.20931212974484736,3.309050394935156e-4,0.008322405815609484,214
Liver,5-Phenylvaleric acid,-0.0397592572788275,0.20931212974484736,3.308803089718223e-4,0.00832209481810471,215
Liver,"(2S)-3-Hydroxy-2-({[(3S,4S,5R)-2,3,4-trihydroxy-5-(hydroxymethyl)tetrahydro-2-furanyl]methyl}amino)butanoic acid (non-preferred name)",0.03972809299690872,0.20931212974484736,3.3036180804023985e-4,0.008315571755884321,216
Liver,ETHYLENE GLYCOL DIOLEATE,0.03967606596124567,0.20931212974484736,3.294971055123123e-4,0.008304681866245375,217
Liver,L-Azaserine,-0.03955274192568639,0.20931212974484736,3.274519551387831e-4,0.008278868649713734,218
Liver,"(6Z,9Z,12Z,15Z,23R,29S)-26,29,30-Trihydroxy-26-oxido-20-oxo-21,25,27-trioxa-26λ~5~-phosphatriaconta-6,9,12,15-tetraen-23-yl (4Z,7Z,10Z,13Z,16Z,19Z)-4,7,10,13,16,19-docosahexaenoate",0.03951572390431916,0.20931212974484736,3.268393072931481e-4,0.008271120328822417,219
Liver,Testosterone isocaproate,0.039514232815219284,0.20931212974484736,3.268146418037895e-4,0.008270808225787284,220
Liver,Heptyl 4-hydroxybenzoate,-0.03949588352033522,0.20931212974484736,3.265111852803477e-4,0.008266967495795785,221
Liver,Uralenol,-0.039487246701370354,0.20931212974484736,3.2636840029061175e-4,0.008265159704824028,222
Liver,"DL-2,6-Diaminopimelic acid",-0.039447681209392654,0.20931212974484736,3.257146977337217e-4,0.008256878167433772,223
Liver,"LysoPE(0:0/18:2(9Z,12Z))",-0.03937272187773684,0.20931212974484736,3.244780136999524e-4,0.008241188270080644,224
Liver,Nonadecenoic acid,0.03935176217257007,0.20931212974484736,3.241326398999757e-4,0.008236801149553363,225
Liver,ACPC,-0.03924622957284924,0.20931212974484736,3.2239646895890054e-4,0.008214711896348285,226
Liver,dTDP-D-glucose,0.03922237313410812,0.20931212974484736,3.220046405423813e-4,0.008209718454347254,227
Liver,(5α)-Androst-3-en-17-one,-0.03916853032623843,0.20931212974484736,3.2112117876148067e-4,0.008198448501560608,228
Liver,Psilocin,-0.0390900162589428,0.20931212974484736,3.198350819827306e-4,0.00818201455492003,229
Liver,Dihomo-gamma-linolenic acid,-0.03905989150305488,0.20931212974484736,3.193423095514036e-4,0.008175709078107085,230
Liver,2-Hydroxymyristic acid,0.03900152790368357,0.20931212974484736,3.183886949149259e-4,0.0081634928688231,231
Liver,Floribundoside,0.0389054342638887,0.20931212974484736,3.168217082141291e-4,0.008143379304422702,232
Liver,trihexyphenidyl,-0.03874790305434626,0.20931212974484736,3.1426122973792305e-4,0.008110406111452091,233
Liver,Lys-phe,-0.03872071107866974,0.20931212974484736,3.1382030857263443e-4,0.00810471450111127,234
Liver,DG(18:2n6/0:0/18:3n3),0.038712343413243186,0.20931212974484736,3.1368468814956836e-4,0.008102963047239845,235
Liver,Yuccaol C,0.03864193804155952,0.20931212974484736,3.1254474144212915e-4,0.008088226348947259,236
Liver,13-L-Hydroperoxylinoleic acid,-0.03857806243614037,0.20931212974484736,3.1151231474546554e-4,0.008074856409938236,237
Liver,Traumatic acid,-0.03851231920198505,0.20931212974484736,3.104514850772089e-4,0.008061095553580871,238
Liver,Isobutyrylglycine,-0.0384722851518555,0.20931212974484736,3.098063839400453e-4,0.008052715941285944,239
Liver,Citrulline,-0.03846413334925769,0.20931212974484736,3.0967510954777177e-4,0.008051009670122936,240
Liver,pe (39:7),0.03842036186633839,0.20931212974484736,3.089707013133045e-4,0.008041847767811007,241
Liver,ACETYL PROLINE,0.03833177271008739,0.20931212974484736,3.075475029860806e-4,0.008023304982843812,242
Liver,Pentacosanoic acid,-0.03818887177001445,0.20931212974484736,3.05258701632744e-4,0.007993394082734603,243
Liver,"bis-β-D-fructofuranose 1,2′:2,3′-dianhydride",0.03817604557319516,0.20931212974484736,3.050536863754412e-4,0.007990709404161831,244
Liver,"PE(20:5(5Z,8Z,11Z,14Z,17Z)/18:2(9Z,12Z))",0.03817005993364042,0.20931212974484736,3.0495803486209127e-4,0.007989456537198745,245
Liver,PHENETHYL OCTANOATE,-0.03807370135025865,0.20931212974484736,3.0342027289248687e-4,0.007969287516891908,246
Liver,Dihydronepetalactone,-0.03802723329763764,0.20931212974484736,3.026800903125906e-4,0.007959561189832709,247
Liver,Sedoheptulose,-0.03801586416362826,0.20931212974484736,3.024991307320461e-4,0.007957181492179851,248
Liver,"dTDP-5,5-di-C-methyl-β-L-lyxose",0.037932090642497356,0.20931212974484736,3.011673974614125e-4,0.007939646678055717,249
Liver,13-HODE,-0.037896329060802036,0.20931212974484736,3.005997965021354e-4,0.007932161345228025,250
Liver,Benzyl alcohol,-0.037754880447083514,0.20931212974484736,2.9835999790644606e-4,0.007902554434641145,251
Liver,Maltotriose,0.03771964843045319,0.20931212974484736,2.978034118660187e-4,0.007895179946205045,252
Liver,NADPH,-0.037640077620926055,0.20931212974484736,2.9654828540927786e-4,0.0078785248105974,253
Liver,4-Hydroxy-5-methyl-3-furanone,0.03762831592574078,0.20931212974484736,2.9636298475032533e-4,0.00787606294512876,254
Liver,"PE(22:1(13Z)/22:5(7Z,10Z,13Z,16Z,19Z))",0.037539953318754586,0.20931212974484736,2.9497272013979654e-4,0.007857567579670674,255
Liver,"PS(18:1(9Z)/22:6(4Z,7Z,10Z,13Z,16Z,19Z))",0.03753717867188807,0.20931212974484736,2.949291178006938e-4,0.007856986812425753,256
Liver,7-ACA,0.037531875528964025,0.20931212974484736,2.9484579023920953e-4,0.00785587680028598,257
Liver,Butyric acid,0.03751449956261356,0.20931212974484736,2.9457284653373796e-4,0.00785223979976279,258
Liver,oxiracetam,-0.03745950760262641,0.20931212974484736,2.9370985940407185e-4,0.007840729315499036,259
Liver,(1E)-N-Hydroxy-4-(methylsulfanyl)-1-butanimine,0.03744194780402445,0.20931212974484736,2.934345606893948e-4,0.007837053836655767,260
Liver,Methyl 2-[(methylsulfonyl)amino]benzoate,0.037397509176604504,0.20931212974484736,2.9273843820619747e-4,0.007827752292907561,261
Liver,1-Palmitoyl-2-linoleoyl-sn-glycero-3-PC,0.03739666608537133,0.20931212974484736,2.927252393363099e-4,0.007827575823685977,262
Liver,Methylmalonic acid,-0.037190608928419945,0.20931212974484736,2.895082705954523e-4,0.007784445561315315,263
Liver,p-Coumaraldehyde,0.03716610670362335,0.20931212974484736,2.89126923787757e-4,0.0077793169484596525,264
Liver,2-Monolinolein,0.03716456724309988,0.20931212974484736,2.8910297238113054e-4,0.007778994720698827,265
Liver,D-Malic acid,-0.037137403160296144,0.20931212974484736,2.886805083164668e-4,0.007773308948674611,266
Liver,9-Decenoylcarnitine,0.037131505356206226,0.20931212974484736,2.8858882469058004e-4,0.007772074466739732,267
Liver,Sepiapterin,-0.03710029604899304,0.20931212974484736,2.881039064455274e-4,0.0077655419801790785,268
Liver,Cer(d18:1/22:1(13Z)),0.037081220450899344,0.20931212974484736,2.87807717894112e-4,0.007761549226115931,269
Liver,"2,6-dihydroxypyridine",-0.03701068095232829,0.20931212974484736,2.867137678126836e-4,0.00774678445343889,270
Liver,LysoPE(22:0/0:0),0.03694332659539609,0.20931212974484736,2.856711580097511e-4,0.007732686369541817,271
Liver,Rosmarinic acid,0.03689334869852,0.20931212974484736,2.848987540236282e-4,0.007722225389506513,272
Liver,N-[(2S)-2-Hydroxypropanoyl]methionine,-0.036859470154626844,0.20931212974484736,2.843757587592034e-4,0.007715134199331584,273
Liver,LysoPC(20:1(11Z)/0:0),0.03674103836838258,0.20931212974484736,2.82551260340871e-4,0.007690344989923309,274
Liver,3-Methylbutyl glucosinolate,-0.03669157961789938,0.20931212974484736,2.8179106264553203e-4,0.007679992673525152,275
Liver,N-acetyl-L-2-aminoadipate(2-),0.03669012528773497,0.20931212974484736,2.8176872459822805e-4,0.0076796882645810876,276
Liver,Meprobamate,-0.036677230438038895,0.20931212974484736,2.8157070255028317e-4,0.007676989216128462,277
Liver,Baicalin,0.03665135200694774,0.20931212974484736,2.81173505852358e-4,0.007671572546602317,278
Liver,g-Butyrobetaine,-0.03664418920255516,0.20931212974484736,2.8106361664420777e-4,0.007670073284759961,279
Liver,SM(d18:1/14:0),0.03661412681830681,0.20931212974484736,2.8060264442880694e-4,0.00766378086308773,280
Liver,Falcarinone,-0.03652396936492766,0.20931212974484736,2.7922245186274577e-4,0.007644909814508569,281
Liver,2-Methoxyacetaminophen sulfate,0.036411720269079136,0.20931212974484736,2.7750882073713194e-4,0.007621414717194581,282
Liver,Hydrocinnamic acid,-0.03638633366686144,0.20931212974484736,2.7712199198700075e-4,0.00761610099341741,283
Liver,20-HETE ethanolamide,-0.036380825595142594,0.20931212974484736,2.770380982763114e-4,0.00761494808719515,284
Liver,"5-hydroxy-4-methoxy-5,6-dihydro-2H-pyran-2-one",0.03637962479146656,0.20931212974484736,2.7701981046281295e-4,0.007614696744420314,285
Liver,Octanal,-0.03636868358717496,0.20931212974484736,2.768532076141593e-4,0.007612406617648066,286
Liver,Adicillin,0.03624832400363728,0.20931212974484736,2.7502378761909966e-4,0.007587213896882592,287
Liver,Cytidine monophosphate,0.03622648177178126,0.20931212974484736,2.7469244410822393e-4,0.007582642052814428,288
Liver,"5-Ethyl-3,8-dimethyl-1,7-dihydroazulene",-0.03616607226463261,0.20931212974484736,2.737770806141791e-4,0.0075699976102163065,289
Liver,Triethanolamine,0.036114111404591615,0.20931212974484736,2.7299095856981166e-4,0.007559121571937752,290
Liver,Montecristin,0.036077990091084415,0.20931212974484736,2.7244514086938626e-4,0.007551560942878378,291
Liver,D-Maltose,0.03599359068682909,0.20931212974484736,2.711719373644367e-4,0.007533895123824501,292
Liver,"PC(18:1(9Z)/18:3(6Z,9Z,12Z))",0.035991692932278455,0.20931212974484736,2.71143343150758e-4,0.007533497900777774,293
Liver,"1,2-Benzisothiazol-3(2H)-one",0.03599032893974176,0.20931212974484736,2.711227922703543e-4,0.007533212400594962,294
Liver,BLAH,-0.03598375210603879,0.20931212974484736,2.710237119536807e-4,0.007531835789525616,295
Liver,Propylthiouracil,0.03596490350640218,0.20931212974484736,2.7073985720128905e-4,0.007527890548992968,296
Liver,"PG(18:2(9Z,12Z)/18:2(9Z,12Z))",0.035945108888538004,0.20931212974484736,2.704419157819299e-4,0.007523747295370333,297
Liver,O-ureido-D-serine,-0.03588740951114247,0.20931212974484736,2.695743815584233e-4,0.007511670115802722,298
Liver,"PI(20:4(8Z,11Z,14Z,17Z)/18:1(9Z))",0.03573175801312826,0.20931212974484736,2.672410472325517e-4,0.007479090369255392,299
Liver,4-Oxo-2-phenyl-4H-chromen-3-yl benzene-1-sulfonate,0.035661975836407525,0.20931212974484736,2.6619825207717564e-4,0.0074644841132277436,300
Liver,4-Vinylcyclohexene,-0.035621140753873966,0.20931212974484736,2.6558897545631385e-4,0.007455936835134337,301
Liver,10Z-Heptadecenoic acid,-0.035538687574024765,0.20931212974484736,2.643608670688283e-4,0.007438678384455866,302
Liver,16-Hydroxyhexadecanoic acid,0.0355105107403307,0.20931212974484736,2.639418364413508e-4,0.007432780631385896,303
Liver,Cer(d18:1/18:0),0.035470389349658765,0.20931212974484736,2.6334574638554474e-4,0.007424382737656028,304
Liver,sphingosylphosphorylcholine,0.035356590568554155,0.20931212974484736,2.616586855996564e-4,0.007400563272420654,305
Liver,"(S,E)-Zearalenone",0.035265022385992405,0.20931212974484736,2.6030512836820307e-4,0.007381396941111789,306
Liver,"PE(20:4(5Z,8Z,11Z,14Z)/22:4(7Z,10Z,13Z,16Z))",0.035260451524491754,0.20931212974484736,2.6023765405511597e-4,0.007380440204356319,307
Liver,Isosorbide Mononitrate,0.03523573773998249,0.20931212974484736,2.5987298467933717e-4,0.0073752673094866295,308
Liver,Limocitrol,0.03521867816547918,0.20931212974484736,2.596214077509582e-4,0.007371696533614801,309
Liver,N-Nitrosoproline,0.0351815127648856,0.20931212974484736,2.5907375275744374e-4,0.007363917364463738,310
Liver,Eicosadienoic acid,-0.035152652543528944,0.20931212974484736,2.586488785257261e-4,0.0073578765700666685,311
Liver,met-arg,-0.03510233078229329,0.20931212974484736,2.579088859466529e-4,0.007347343615049922,312
Liver,"PE(22:2(13Z,16Z)/20:4(8Z,11Z,14Z,17Z))",0.035002905396309764,0.20931212974484736,2.564499301325648e-4,0.007326532675759007,313
Liver,Citric acid,0.03499771665558,0.20931212974484736,2.5637390481087624e-4,0.007325446609386166,314
Liver,5-guanidino-3-methyl-2-oxopentanoic acid,0.03486356448219958,0.20931212974484736,2.54412222593327e-4,0.0072973669322660105,315
Liver,Glycerophosphoinositol,0.034854470097318103,0.20931212974484736,2.542795097780736e-4,0.00729546336719775,316
Liver,Dephospho-CoA,0.03484764365165164,0.20931212974484736,2.541799153635186e-4,0.007294034509316714,317
Liver,"PC(20:5(5Z,8Z,11Z,14Z,17Z)/15:0)",0.0348438825051354,0.20931212974484736,2.5412505045952654e-4,0.007293247255729118,318
Liver,DROMOSTANOLONE TETRAHYDROPYRANYL ETHER,0.03480355408008838,0.20931212974484736,2.535371405303748e-4,0.007284806027193271,319
Liver,"PG(18:2(9Z,12Z)/22:6(4Z,7Z,10Z,13Z,16Z,19Z))",0.03478405237655941,0.20931212974484736,2.532530878804022e-4,0.00728072408409397,320
Liver,Cincassiol B,0.03467916440470915,0.20931212974484736,2.51728069859437e-4,0.007258769759321373,321
Liver,3-Furoic acid,0.03467527862829468,0.20931212974484736,2.5167166110723723e-4,0.007257956419184348,322
Liver,"LysoPE(0:0/22:5(4Z,7Z,10Z,13Z,16Z))",-0.0346354782675408,0.20931212974484736,2.510942541043949e-4,0.007249625720910341,323
Liver,Juglone glucoside,-0.03456897509897621,0.20931212974484736,2.5013093366047515e-4,0.007235705801063306,324
Liver,Tetrahydrodeoxycorticosterone,-0.034482152552253544,0.20931212974484736,2.488760666777043e-4,0.007217532788898914,325
Liver,Asparagoside A,0.03446906436272167,0.20931212974484736,2.486871736588326e-4,0.007214793272073494,326
Liver,"5-({[3-chloro-5-(trifluoromethyl)-2-pyridyl]methyl}thio)-4-pentyl-4h-1,2,4-triazol-3-ol",0.0344666962034409,0.20931212974484736,2.4865300327340004e-4,0.00721429758761086,327
Liver,"(2R)-2-Hydroxy-3-[(hydroxy{[(1S,2R,3R,4S,5S,6R)-2,3,4,5,6-pentahydroxycyclohexyl]oxy}phosphoryl)oxy]propyl palmitate",0.03441620203210962,0.20931212974484736,2.479249769915976e-4,0.007203728545069808,328
Liver,PC(14:0/16:0),0.03441530602213379,0.20931212974484736,2.479120679343613e-4,0.007203540999313494,329
Liver,Furan,0.0344150042216155,0.20931212974484736,2.4790771988861206e-4,0.007203477828804254,330
Liver,"LysoPE(0:0/22:6(4Z,7Z,10Z,13Z,16Z,19Z))",-0.03435375393717455,0.20931212974484736,2.470260750114854e-4,0.00719065740132044,331
Liver,Isoleucyl-Tyrosine,-0.034327535456066656,0.20931212974484736,2.466491626640155e-4,0.007185169555201072,332
Liver,"3-(1-cyano-1,2-dihydroisoquinolin-2-yl)-3-oxopropyl propionate",0.0343262104967811,0.20931212974484736,2.4663012291722557e-4,0.007184892225151187,333
Liver,D-Ribose,-0.034274772911944376,0.20931212974484736,2.458915297137714e-4,0.007174125714720081,334
Liver,"PE(20:3(8Z,11Z,14Z)/18:0)",-0.034243138666596,0.20931212974484736,2.454378430717136e-4,0.007167504283453341,335
Liver,9-Decenoic acid,-0.03421284935820466,0.20931212974484736,2.4500383760821937e-4,0.007161164363805451,336
Liver,"(1aR,2R,3S,11cS)-6,11-Dimethyl-1a,2,3,11c-tetrahydrotetrapheno[1,2-b]oxirene-2,3-diol",0.0341676619529267,0.20931212974484736,2.443570761302524e-4,0.0071517060917690774,337
Liver,Diacetyl,-0.03415727284580796,0.20931212974484736,2.442084990407147e-4,0.0071495315256319076,338
Liver,Cimaterol,-0.03415119016342967,0.20931212974484736,2.4412153012621146e-4,0.007148258346428746,339
Liver,"1-Octadecanoyl-2-(4Z,7Z,10Z,13Z,16Z,19Z-docosahexaenoyl)-sn-glycero-3-phosphoserine",0.03414308031094795,0.20931212974484736,2.4400560125122737e-4,0.00714656085593388,340
Liver,"LysoPC(18:2(9Z,12Z)/0:0)",-0.034122231568392204,0.20931212974484736,2.4370769861805603e-4,0.007142196961227035,341
Liver,CPA(18:0/0:0),0.03408727386486128,0.20931212974484736,2.4320860479820787e-4,0.007134879889849989,342
Liver,1-Isomangostin hydrate,0.034058214626163846,0.20931212974484736,2.4279411319401406e-4,0.0071287974387094655,343
Liver,Alpha-Lactose,0.033985709212811806,0.20931212974484736,2.417614607452056e-4,0.007113621176222719,344
Liver,"PE(16:0/20:4(5Z,8Z,11Z,14Z))",0.03397462213396395,0.20931212974484736,2.4160374791679784e-4,0.0071113005161364245,345
Liver,"PG(18:3(9Z,12Z,15Z)/18:3(6Z,9Z,12Z))",0.03396414909535982,0.20931212974484736,2.4145481702543992e-4,0.007109108382121296,346
Liver,"DG(16:0/18:2(9Z,12Z)/0:0)",0.03392845450839495,0.20931212974484736,2.4094757033598843e-4,0.007101637072103315,347
Liver,LysoPE(0:0/16:1(9Z)),-0.03384997076016561,0.20931212974484736,2.3983413344368332e-4,0.007085209471611074,348
Liver,"PG(18:2(9Z,12Z)/18:3(6Z,9Z,12Z))",0.03380142424177177,0.20931212974484736,2.391467022391937e-4,0.007075048096454362,349
Liver,Nervonic acid,0.033707864711684625,0.20931212974484736,2.3782465807849432e-4,0.007055464951953894,350
Liver,PE(16:1(9Z)/16:0),0.033673135542190764,0.20931212974484736,2.3733484965668964e-4,0.007048195715522864,351
Liver,Methionylserine,-0.03363608199981473,0.20931212974484736,2.3681281579767896e-4,0.007040439959653546,352
Liver,Arachidic acid,0.033579287455563274,0.20931212974484736,2.360137738014481e-4,0.007028552172638386,353
Liver,2-Hydroxydecanedioic acid,0.0335087669200396,0.20931212974484736,2.3502350021487335e-4,0.007013791369157179,354
Liver,Vanillic acid 4-O-sulfate,-0.033412286230393086,0.20931212974484736,2.3367205774508045e-4,0.006993596790528015,355
Liver,"LysoPC(22:6(4Z,7Z,10Z,13Z,16Z,19Z)/0:0)",-0.033386906179288744,0.20931212974484736,2.3331719688496612e-4,0.0069882844379783315,356
Liver,Tiglylcarnitine,0.033369127150174295,0.20931212974484736,2.3306877322228284e-4,0.0069845630715295905,357
Liver,"3-[(17Z)-13,14-Dihydroxy-17-triaconten-1-yl]-5-methyl-2(5H)-furanone",0.03336264297781527,0.20931212974484736,2.3297820380108826e-4,0.006983205855603491,358
Liver,L-Proline,-0.033286608584537074,0.20931212974484736,2.3191748624169957e-4,0.006967290934812574,359
Liver,"PG(18:2(9Z,12Z)/22:5(7Z,10Z,13Z,16Z,19Z))",0.03324754696392615,0.20931212974484736,2.3137349826191992e-4,0.006959114863811217,360
Liver,"(8E,15Z)-1,8,15-Heptadecatriene-11,13-diyne",-0.033238076164037254,0.20931212974484736,2.3124170026783333e-4,0.006957132510516085,361
Liver,Furaltadone,0.03321471367031015,0.20931212974484736,2.309167425824021e-4,0.006952242457197913,362
Liver,Isopropyl cyanide,-0.03319499938604298,0.20931212974484736,2.3064270696399917e-4,0.006948116018371557,363
Liver,Glucose 6-phosphate,0.033163108723803215,0.20931212974484736,2.3019975979514715e-4,0.006941440915939178,364
Liver,Uridine 5'-diphosphate,0.033154313621417776,0.20931212974484736,2.3007767461912489e-4,0.006939599994327558,365
Liver,"1-[(9Z)-octadecenoyl]-2-[(4Z,7Z,10Z,13Z,16Z,19Z)-docosahexaenoyl]-sn-glycero-3-phosphocholine",0.033141280725600845,0.20931212974484736,2.2989682400464967e-4,0.006936872051147373,366
Liver,"PC(18:1(9Z)/22:5(7Z,10Z,13Z,16Z,19Z))",0.033096611233352086,0.20931212974484736,2.2927750855380265e-4,0.0069275221845901645,367
Liver,"PE(16:0/18:2(9Z,12Z))",0.03300455640628633,0.20931212974484736,2.2800385857048316e-4,0.006908253992683737,368
Liver,D-Sucrose,0.03300442035904934,0.20931212974484736,2.2800197887662104e-4,0.006908225516346817,369
Liver,"PE(P-18:1(11Z)/18:3(6Z,9Z,12Z))",0.032954681066878384,0.20931212974484736,2.273152762195601e-4,0.0068978144791705135,370
Liver,L-Glutathione (reduced),0.0329161369155458,0.20931212974484736,2.2678384637416245e-4,0.006889746720765882,371
Liver,Glutathione,0.03290656602584988,0.20931212974484736,2.2665198353576295e-4,0.006887743417460077,372
Liver,SM(d18:1/18:0),0.03283427910578736,0.20931212974484736,2.2565728975945884e-4,0.006872612888269095,373
Liver,"2,6-Di-iso-propylnaphthalene",-0.03271099002225028,0.20931212974484736,2.2396583505630016e-4,0.006846806987619658,374
Liver,cortisol 21-acetate,0.03266204703347299,0.20931212974484736,2.232961300508455e-4,0.006836562626402605,375
Liver,"PG(16:0/18:3(6Z,9Z,12Z))",0.03263148195041281,0.20931212974484736,2.228784053862797e-4,0.00683016498377145,376
Liver,"PC(18:3(9Z,12Z,15Z)/20:5(5Z,8Z,11Z,14Z,17Z))",0.03261674602687606,0.20931212974484736,2.2267715325998484e-4,0.006827080576232217,377
Liver,Salbutamol,0.03259093737706985,0.20931212974484736,2.2232489721636732e-4,0.00682167851277544,378
Liver,Lyso-PAF C-18,0.03258776081894891,0.20931212974484736,2.2228156041187948e-4,0.006821013620629888,379
Liver,2-Hydroxyglutarate,0.03256504002307875,0.20931212974484736,2.219717107498319e-4,0.0068162578824568065,380
Liver,"(13Z,16Z)-hexacosa-13,16-dienoic acid",0.03254146847173407,0.20931212974484736,2.216504875021159e-4,0.006811324070843462,381
Liver,"2',4-Dihydroxy-4',6'-dimethoxy-3'-prenylchalcone",0.03249019178934661,0.20931212974484736,2.209525136440754e-4,0.006800591239246693,382
Liver,1-(4-Amino-4-carboxybutanoyl)-2-piperidinecarboxylic acid,0.032489274637582,0.20931212974484736,2.2094003947163094e-4,0.006800399268257542,383
Liver,Uridine diphosphate glucose,0.032479064146379945,0.20931212974484736,2.2080119045948706e-4,0.006798262088598299,384
Liver,SM(d16:1/24:1(15Z)),0.03246329119480244,0.20931212974484736,2.2058678521594561e-4,0.00679496061851125,385
Liver,"PE(18:2(9Z,12Z)/18:4(6Z,9Z,12Z,15Z))",0.032457324057424686,0.20931212974484736,2.2050569974189156e-4,0.0067937116242782316,386
Liver,Pyroglutamic acid,-0.032456031455402504,0.20931212974484736,2.2048813696084717e-4,0.006793441066996056,387
Liver,"1,2,3-Propanetricarboxylic acid",0.032393942403008906,0.20931212974484736,2.1964534723297927e-4,0.006780445075205713,388
Liver,Guanosine diphosphate,0.03237380069598607,0.20931212974484736,2.193722926720958e-4,0.006776229171612066,389
Liver,Isolinderanolide,-0.032347085340233214,0.20931212974484736,2.1901038331433972e-4,0.006770637323602544,390
Liver,trans-Aconitic acid,0.032267449374759255,0.20931212974484736,2.1793333826793543e-4,0.006753968550064903,391
Liver,Stearic acid,0.032107621257846324,0.20931212974484736,2.1577973700183988e-4,0.006720514586520749,392
Liver,Methylpyrazine,0.03209459370187081,0.20931212974484736,2.1560466876579122e-4,0.006717787761034144,393
Liver,"PE(20:4(8Z,11Z,14Z,17Z)/22:0)",0.032018551242051344,0.20931212974484736,2.1458420489211974e-4,0.006701871151818295,394
Liver,5-methyl-2-nitro-N'-(pyridin-3-ylmethylene)benzohydrazide,-0.03187938077569926,0.20931212974484736,2.1272285386982835e-4,0.006672741085108557,395
Liver,2-Methoxyestradiol-3-methylether,0.031834325459855976,0.20931212974484736,2.1212199385531641e-4,0.006663310460993072,396
Liver,4-Phenyltoluene,-0.0318322448270686,0.20931212974484736,2.1209426695700023e-4,0.006662874959313128,397
Liver,"PE(P-18:1(11Z)/22:6(4Z,7Z,10Z,13Z,16Z,19Z))",0.03179756388111395,0.20931212974484736,2.116323690982014e-4,0.006655615816653795,398
Liver,Lys-Pro,-0.031727042684039225,0.20931212974484736,2.1069468606817806e-4,0.006640854874701929,399
Liver,Taurodeoxycholic acid,0.031721356485759376,0.20931212974484736,2.106191704007054e-4,0.006639664684429822,400
Liver,2-Thenoic Acid,-0.03171887839070956,0.20931212974484736,2.1058626424570796e-4,0.006639145989077235,401
Liver,c24:3,0.031706822629427076,0.20931212974484736,2.10426214749094e-4,0.006636622572007502,402
Liver,LysoPE(0:0/18:1(11Z)),-0.0316910344118376,0.20931212974484736,2.1021670604141895e-4,0.006633317906558974,403
Liver,"5-{5-[(2s)-1-(cyclopropylmethyl)-2-pyrrolidinyl]-1,2,4-oxadiazol-3-yl}-n-(2-methoxyethyl)-2-pyridinamine",0.031667799074804256,0.20931212974484736,2.0990856429062085e-4,0.0066284544686791855,404
Liver,Adrenic acid,-0.031652316719948455,0.20931212974484736,2.0970336629497232e-4,0.006625213824010852,405
Liver,D-Threitol,0.031643359331118136,0.20931212974484736,2.0958469385648092e-4,0.006623338933877826,406
Liver,L-Isoleucine,-0.031621873003699716,0.20931212974484736,2.093001680301201e-4,0.006618841584925481,407
Liver,Valylvaline,-0.03161747652077897,0.20931212974484736,2.0924197282796072e-4,0.0066179213477219525,408
Liver,Panthenol,-0.03150136141373,0.20931212974484736,2.077079136329331e-4,0.0065936170473699825,409
Liver,ZINGEROL,-0.03147212143415765,0.20931212974484736,2.0732249813431943e-4,0.006587496764971998,410
Liver,"Cytidine 2',3'-cyclic phosphate",0.03147022862040988,0.20931212974484736,2.0729756107535087e-4,0.006587100576095241,411
Liver,Pyruvaldehyde,-0.0314541516088345,0.20931212974484736,2.0708581339189998e-4,0.006583735462562467,412
Liver,Thalassemine,-0.031445317659938236,0.20931212974484736,2.0696950896109104e-4,0.006581886409904932,413
Liver,"1,1,6-Trimethyl-1,2-dihydronaphthalene",-0.03140155839258921,0.20931212974484736,2.0639387271319316e-4,0.006572727064460032,414
Liver,(11E)-15-Oxo-11-icosenoic acid,-0.03136854171457822,0.20931212974484736,2.05960081658278e-4,0.006565816273268453,415
Liver,UDP-D-Xylose,0.03135842365680985,0.20931212974484736,2.058272364699279e-4,0.0065636984410480746,416
Liver,Citicoline,0.03130575107867423,0.20931212974484736,2.0513636334761314e-4,0.006552673431539355,417
Liver,"N1-(2,4-difluorophenyl)-2-[(5-nitro-2-pyridyl)thio]acetamide",0.031297387517592846,0.20931212974484736,2.0502677061983747e-4,0.00655092283675716,418
Liver,(S)-Succinyldihydrolipoamide,0.031294389497477745,0.20931212974484736,2.049874929042868e-4,0.00655029531478185,419
Liver,CDP-ethanolamine,0.03121786109999396,0.20931212974484736,2.039861515538178e-4,0.006534276992918559,420
Liver,SM(d18:1/16:1(9Z)),0.031170367546501328,0.20931212974484736,2.0336595161833497e-4,0.006524336016087866,421
Liver,Tricosanoic acid,0.031111944508377044,0.20931212974484736,2.0260432298964436e-4,0.006512107365551907,422
Liver,hodgkinsine,-0.03105089468211422,0.20931212974484736,2.018099770664226e-4,0.006499328896396282,423
Liver,Guanosine diphosphate mannose,0.031050416312700346,0.20931212974484736,2.0180375895401155e-4,0.0064992287678754595,424
Liver,L-Lysine,-0.03104794881350464,0.20931212974484736,2.0177168654490453e-4,0.006498712290363663,425
Liver,Lysyltyrosine,0.031040365336124427,0.20931212974484736,2.0167313290695387e-4,0.006497124976562339,426
Liver,ser-arg,-0.031019830528913203,0.20931212974484736,2.0140638675169653e-4,0.006492826792331058,427
Liver,Mandelic acid,0.03097265772134434,0.20931212974484736,2.0079428279078421e-4,0.006482952951512775,428
Liver,Diethylpyrocarbonate,0.03095739410660114,0.20931212974484736,2.0059642496339164e-4,0.006479758091803271,429
Liver,dg (39:5),0.030933638142599574,0.20931212974484736,2.0028867728788283e-4,0.006474785680383961,430
Liver,Threonylserine,-0.030883929340224298,0.20931212974484736,1.996454868072196e-4,0.006464381025091726,431
Liver,Ammeline,-0.030833824104900022,0.20931212974484736,1.9899821362758896e-4,0.006453893391574635,432
Liver,phenylurea,0.030786628977303252,0.20931212974484736,1.983894952010323e-4,0.006444014878903776,433
Liver,alpha-D-Glucose,-0.030713571198554775,0.20931212974484736,1.9744904156521455e-4,0.006428722999639504,434
Liver,Testosterone cypionate,0.030692586457630736,0.20931212974484736,1.971793235645286e-4,0.0064243306388245495,435
Liver,3-Methylphenylacetic acid,0.030606615043859076,0.20931212974484736,1.9607625303294613e-4,0.006406335779110828,436
Liver,LysoPC(P-16:0/0:0),0.030565683854293903,0.20931212974484736,1.9555216581820703e-4,0.0063977683846499515,437
Liver,Malonic acid,-0.03053991361096853,0.20931212974484736,1.9522256072750766e-4,0.006392374360135475,438
Liver,(Â±)-2-Hydroxy-4-(methylthio)butanoic acid,0.030411702172168053,0.20931212974484736,1.9358685040838711e-4,0.0063655381508224956,439
Liver,L-α-PALMITIN,-0.030395891848113286,0.20931212974484736,1.9338562028748052e-4,0.006362228858222636,440
Liver,Methionyl-Glycine,-0.03032001340339538,0.20931212974484736,1.924213133486968e-4,0.006346346579357005,441
Liver,Glycerol 3-phosphate,-0.030318801576091067,0.20931212974484736,1.9240593230394199e-4,0.006346092929203056,442
Liver,Dihydrobiopterin,-0.030317877091972215,0.20931212974484736,1.9239419875857535e-4,0.006345899423463224,443
Liver,Elaidic acid,-0.030305053775200295,0.20931212974484736,1.9223148222030924e-4,0.0063432153477193005,444
Liver,"PE(15:0/22:6(4Z,7Z,10Z,13Z,16Z,19Z))",0.030287028333545303,0.20931212974484736,1.9200287171297292e-4,0.006339442404136903,445
Liver,"1,3,5-Heptatriene, (E,E)-",-0.030250658684504404,0.20931212974484736,1.915420219901727e-4,0.00633182979543808,446
Liver,DINP,-0.030238938384813698,0.20931212974484736,1.9139362885683617e-4,0.00632937659454857,447
Liver,"4,7-Dioxoheptanoic acid",0.03022933655806978,0.20931212974484736,1.9127210099946832e-4,0.006327366815743359,448
Liver,Nitroglycerin,-0.030219697431618165,0.20931212974484736,1.9115013986955033e-4,0.006325349229656892,449
Liver,alpha-Ketoisovaleric acid,0.030191709799350194,0.20931212974484736,1.9079624072891168e-4,0.0063194910787403675,450
Liver,"PC(18:2(9Z,12Z)/17:0)",0.030177244876434254,0.20931212974484736,1.9061346262148088e-4,0.006316463394918237,451
Liver,"3,6,9,12-tetraoxatridecan-1-ol",0.030119672348561978,0.20931212974484736,1.898868468769054e-4,0.006304412766494496,452
Liver,asn-val,-0.029964358443849107,0.20931212974484736,1.879335700623353e-4,0.006271903682320057,453
Liver,Eglumetad,0.029929630472410464,0.20931212974484736,1.8749820151557075e-4,0.006264634696656516,454
Liver,Macrocarpal C,-0.029903003787777667,0.20931212974484736,1.8716473700893942e-4,0.006259061408587981,455
Liver,1-Methylguanosine,0.02988706975087875,0.20931212974484736,1.8696532592106125e-4,0.006255726221389236,456
Liver,N-Acetyl-D-lactosamine,0.029811335422350406,0.20931212974484736,1.860189800205723e-4,0.006239874107790172,457
Liver,20-Hydroxyrhodopin,-0.02976631277539558,0.20931212974484736,1.854575330063726e-4,0.006230450321669308,458
Liver,Arg-Gly,-0.029757309619064417,0.20931212974484736,1.8534536253602999e-4,0.0062285658518432055,459
Liver,Cuminaldehyde,-0.02974327650655485,0.20931212974484736,1.8517059142475635e-4,0.006225628551176879,460
Liver,isopentenyl phosphate,0.029728988596722388,0.20931212974484736,1.8499273171586946e-4,0.006222637918340245,461
Liver,4-[(2-Amino-2-carboxyethyl)amino]-2-{2-[(2-aminoethyl)amino]-2-oxoethyl}-2-hydroxy-4-oxobutanoic acid,0.02968467445457735,0.20931212974484736,1.844416410286788e-4,0.006213362430870051,462
Liver,"PE(16:0/18:3(6Z,9Z,12Z))",0.029678608819647928,0.20931212974484736,1.8436627275329574e-4,0.0062120928199047186,463
Liver,2-Methylnaphthalene,-0.02963323166350216,0.20931212974484736,1.8380292953327284e-4,0.006202594830710083,464
Liver,DG(18:2n6/0:0/20:4n6),-0.029550117255058697,0.20931212974484736,1.8277332546215097e-4,0.006185197976866299,465
Liver,Cer(d18:1/18:1(9Z)),0.02938491671538466,0.20931212974484736,1.807354417576403e-4,0.006150619500072127,466
Liver,Thiophene,0.029375168867118377,0.20931212974484736,1.8061555103533243e-4,0.006148579157191083,467
Liver,Threonylglutamine,-0.029275974351545126,0.20931212974484736,1.793977999109778e-4,0.006127816541877437,468
Liver,ZAPA,-0.029266533925840967,0.20931212974484736,1.792821201716329e-4,0.006125840546267602,469
Liver,Timonacic,0.029235362699389523,0.20931212974484736,1.7890042362304597e-4,0.006119316030472291,470
Liver,(+)-Nootkatone,-0.029226773517766143,0.20931212974484736,1.7879531923125445e-4,0.006117518210573936,471
Liver,(S)-beta-Aminoisobutyric acid,-0.029145321302271276,0.20931212974484736,1.7780013708175742e-4,0.006100469273876269,472
Liver,L-Aspartic acid,-0.028977177473968063,0.20931212974484736,1.7575454231060877e-4,0.006065274731070672,473
Liver,Shikimate-3-phosphate,0.028960382525692503,0.20931212974484736,1.7555086940057062e-4,0.00606175934467816,474
Liver,Dihydronaringenin-O-sulphate,0.028854257322975037,0.20931212974484736,1.7426661591215148e-4,0.006039546052477763,475
Liver,(17Z)-tricos-17-enoic acid,0.02877561311370415,0.20931212974484736,1.7331795984187716e-4,0.006023084865543174,476
Liver,Furazolidone,0.0287654861003315,0.20931212974484736,1.7319598958621973e-4,0.00602096515880619,477
Liver,thr-arg,-0.02871723169884289,0.20931212974484736,1.7261540082660386e-4,0.006010864927261046,478
Liver,"3,4-Dihydrocadalene",-0.0287162760201039,0.20931212974484736,1.7260391210614537e-4,0.006010664892108836,479
Liver,"PE(22:2(13Z,16Z)/18:1(11Z))",-0.028679648695999736,0.20931212974484736,1.721638837689389e-4,0.006002998348893739,480
Liver,Glycerylphosphorylethanolamine,0.028662351041522233,0.20931212974484736,1.7195627081444424e-4,0.005999377739995463,481
Liver,"(3s,6R,7S)-6,7-Dihydroxy-8-methyl-8-azabicyclo[3.2.1]oct-3-yl (2E)-2-methyl-2-butenoate",0.02866070150137535,0.20931212974484736,1.7193647895510206e-4,0.005999032471234219,482
Liver,"2,2,4,4-Tetramethyl-6-(1-oxobutyl)-1,3,5-cyclohexanetrione",-0.028648901701737332,0.20931212974484736,1.717949333363682e-4,0.005996562630041423,483
Liver,Propionylcarnitine,0.02861815490596915,0.20931212974484736,1.7142638103982995e-4,0.005990126952736355,484
Liver,nabilone,0.028489369128350598,0.20931212974484736,1.6988696632875216e-4,0.005963170527342169,485
Liver,Cer(d18:1/14:0),0.028458892015791677,0.20931212974484736,1.6952368031050304e-4,0.005956791298003988,486
Liver,phe-gln,-0.028444051521419208,0.20931212974484736,1.6934692295399168e-4,0.00595368500252042,487
Liver,Palmitic amide,-0.028411541562515654,0.20931212974484736,1.6896003606592995e-4,0.0059468802737844,488
Liver,Lithocholyltaurine,-0.02840199722197169,0.20931212974484736,1.6884653703208607e-4,0.005944882527538132,489
Liver,Taurocholic acid,0.028393592628343657,0.20931212974484736,1.6874662317368692e-4,0.00594312334414621,490
Liver,2-pyridone,0.02837770610012643,0.20931212974484736,1.6855784480684406e-4,0.00593979810109081,491
Liver,Benzoxazolone,-0.02836103635332054,0.20931212974484736,1.6835987310974805e-4,0.005936308920884562,492
Liver,Palmitoleic acid,-0.028351873231324598,0.20931212974484736,1.6825110043848624e-4,0.0059343909683044795,493
Liver,Ferulic acid 4-O-sulfate,-0.028346596823938433,0.20931212974484736,1.6818848173716022e-4,0.005933286552237079,494
Liver,1-Stearoyl lysophosphatidic acid,-0.028283920100285062,0.20931212974484736,1.67445546069823e-4,0.0059201675537237635,495
Liver,Hexahydropyridine,-0.028276817835830238,0.20931212974484736,1.6736146343681219e-4,0.005918680963624713,496
Liver,"Bufa-20,22-dienolide",0.028274909297747227,0.20931212974484736,1.6733887214319477e-4,0.005918281483453859,497
Liver,4-Methoxychalcone,-0.028266814552767368,0.20931212974484736,1.6724307189969518e-4,0.0059165871551423825,498
Liver,Glycylprolylhydroxyproline,-0.02823911124635101,0.20931212974484736,1.6691541448734637e-4,0.005910788517075401,499
Liver,"DG(16:0/18:4(6Z,9Z,12Z,15Z)/0:0)",-0.028231479035501477,0.20931212974484736,1.6682520191141378e-4,0.0059091910027678236,500
Liver,Spermidine,0.02820057287704656,0.20931212974484736,1.664601410574551e-4,0.005902721968919393,501
Liver,"3-Methoxyestra-1,3,5(10),16-tetraene",-0.028167849155125817,0.20931212974484736,1.6607404713309704e-4,0.005895872496990984,502
Liver,Cholic acid,0.028167002928815493,0.20931212974484736,1.660640687981267e-4,0.005895695371559724,503
Liver,Thiamine pyrophosphate,-0.028153013715554183,0.20931212974484736,1.658991574803573e-4,0.0058927672595385444,504
Liver,Hexanoylglycine,-0.028141155385106066,0.20931212974484736,1.6575943015099427e-4,0.005890285167137231,505
Liver,L-Phenylalanine,-0.028133430240765908,0.20931212974484736,1.6566843603605156e-4,0.005888668200722806,506
Liver,PE(22:1(13Z)/18:1(9Z)),0.028114692740227733,0.20931212974484736,1.654478316771087e-4,0.005884746214579065,507
Liver,"2,6-di-tert-butylhydroquinone",-0.028104814918015485,0.20931212974484736,1.6533159514623666e-4,0.005882678666574579,508
Liver,Tauroursodeoxycholic acid,0.02809444386221536,0.20931212974484736,1.652095984821873e-4,0.005880507878797352,509
Liver,Ascorbic acid,0.028092513601128518,0.20931212974484736,1.6518689743100643e-4,0.005880103851738302,510
Liver,De-O-methylsterigmatocystin,0.02808890716644819,0.20931212974484736,1.6514448773248796e-4,0.005879348981214576,511
Liver,Carnosic acid,-0.028070914969506283,0.20931212974484736,1.6493299068131244e-4,0.005875582996153877,512
Liver,7-Dehydrocholesterol,0.0280031629082404,0.20931212974484736,1.641377857772757e-4,0.005861401667915712,513
Liver,"PG(18:0/20:3(5Z,8Z,11Z))",-0.02799741167107233,0.20931212974484736,1.6407037207837724e-4,0.005860197864215396,514
Liver,"LysoPC(22:4(7Z,10Z,13Z,16Z)/0:0)",0.02796836209502431,0.20931212974484736,1.6373007618522524e-4,0.0058541174355845995,515
Liver,Paracetamol,-0.027952368436315142,0.20931212974484736,1.635428722140487e-4,0.005850769768817771,516
Liver,Chenodeoxycholic acid,0.027891461982846987,0.20931212974484736,1.6283094940414868e-4,0.005838021309327146,517
Liver,N-(4-Amino-1-carboxybutyl)glutamic acid,0.027890624223712874,0.20931212974484736,1.628211678396983e-4,0.005837845956178572,518
Liver,Leucylasparagine,-0.027848013359946685,0.20931212974484736,1.6232403656728797e-4,0.005828926985533403,519
Liver,Xanthine,-0.027842231388093573,0.20931212974484736,1.6225663818131492e-4,0.005827716748690703,520
Liver,Daminozide,-0.02781644051078324,0.20931212974484736,1.6195617355399902e-4,0.00582231840523289,521
Liver,Ertiprotafib,0.02780550471433867,0.20931212974484736,1.618288552081505e-4,0.005820029410388621,522
Liver,Docosatrienoic acid,0.027797276623645468,0.20931212974484736,1.6173309391923917e-4,0.005818307171201893,523
Liver,N-Methylethanolaminium phosphate,-0.027748395034389986,0.20931212974484736,1.6116477784907673e-4,0.005808075661649515,524
Liver,2-Hydroxyadipic acid,-0.027745847968280005,0.20931212974484736,1.6113519210163478e-4,0.0058075425298174345,525
Liver,Inosinic acid,0.027723221326195036,0.20931212974484736,1.6087248888967421e-4,0.005802806499173654,526
Liver,(R)-Lipoic acid,-0.02771472079178313,0.20931212974484736,1.6077385010171357e-4,0.00580102723421193,527
Liver,1-Piperideine,-0.02766402574438846,0.20931212974484736,1.6018622133018743e-4,0.005790416145874235,528
Liver,4-Hydroxy-5-methyl-3(2H)-thiophenone,0.027654232040322805,0.20931212974484736,1.6007282216240414e-4,0.005788366204818162,529
Liver,Norbuprenorphine,-0.027649917378381843,0.20931212974484736,1.6002287637229457e-4,0.0057874630937381705,530
Liver,3-Methylglutaconic acid,0.027601930174957236,0.20931212974484736,1.5946791003275862e-4,0.005777418789988866,531
Liver,"PG(18:0/20:4(5Z,8Z,11Z,14Z))",0.027577690353397733,0.20931212974484736,1.5918794581697905e-4,0.005772345101313612,532
Liver,3-Amino-4-hydroxybenzoic acid,-0.02756394687112396,0.20931212974484736,1.590293211073899e-4,0.005769468423768778,533
Liver,ODA,0.02754998578843839,0.20931212974484736,1.5886826585336804e-4,0.005766546199818317,534
Liver,"1,4,3-Oxathiazinane 4,4-dioxide",0.02752733206552759,0.20931212974484736,1.5860710579097703e-4,0.005761804500829208,535
Liver,Acipimox,-0.027512756881479482,0.20931212974484736,1.5843919153430897e-4,0.0057587537380146755,536
Liver,Pemoline,-0.027481785060564087,0.20931212974484736,1.5808267413880265e-4,0.005752270960216798,537
Liver,ethyl 1-{[1-benzyl-3-(tert-butyl)-1h-pyrazol-5-yl]carbonyl}-4-piperidinecarboxylate,-0.027471515078842684,0.20931212974484736,1.579645447802454e-4,0.0057501213284702505,538
Liver,5-Ethyl-3-hydroxy-4-methyl-2(5H)-furanone,0.027455910073497597,0.20931212974484736,1.5778513440300678e-4,0.00574685501156679,539
Liver,1-Phenylethanol,-0.027333406012613116,0.20931212974484736,1.5638024944894286e-4,0.005721213425680668,540
Liver,Styrene,-0.027300443516012983,0.20931212974484736,1.5600330591586677e-4,0.0057143139753155865,541
Liver,doripenem,0.02727701275789729,0.20931212974484736,1.5573563941120966e-4,0.005709409633432854,542
Liver,S-methylglutathione,0.027249735040378933,0.20931212974484736,1.5542431582854198e-4,0.005703700076284509,543
Liver,"(2R)-3-[(Hydroxy{[(1s,3R)-2,3,4,5,6-pentahydroxycyclohexyl]oxy}phosphoryl)oxy]-1,2-propanediyl dihexadecanoate",0.027185104175819055,0.20931212974484736,1.5468792002218192e-4,0.00569017205237623,544
Liver,Methylimidazole acetaldehyde,0.027148779296316965,0.20931212974484736,1.5427480658058472e-4,0.005682568814484923,545
Liver,2-Hydroxybutyric acid,-0.027109548938442515,0.20931212974484736,1.5382927029986668e-4,0.005674357424727569,546
Liver,2-Methylpropanal,0.027053919415988028,0.20931212974484736,1.5319859445879732e-4,0.005662713490905931,547
Liver,NADP,0.02699457069625968,0.20931212974484736,1.525271821209968e-4,0.005650291083981961,548
Liver,"1,25-Dihydroxyvitamin D3-26,23-lactone",-0.026943859259017298,0.20931212974484736,1.5195465163509434e-4,0.005639676565050335,549
Liver,"LysoPC(20:5(5Z,8Z,11Z,14Z,17Z)/0:0)",-0.026943368249998358,0.20931212974484736,1.519491134214427e-4,0.0056395737909068575,550
Liver,2-Hydroxypyridine,-0.02690157399728381,0.20931212974484736,1.5147807549496732e-4,0.005630825746860081,551
Liver,2-O-Methylascorbic acid,0.02689964251818544,0.20931212974484736,1.5145632463135634e-4,0.005630421464856443,552
Liver,1-arachidoyl-2-arachidonoyl-sn-glycero-3-phosphate,-0.026867151597926357,0.20931212974484736,1.5109067044409878e-4,0.005623620721139645,553
Liver,1-oleoyl-2-linoleyl-sn-glycero-3-phosphoethanolamine,-0.026744061631646422,0.20931212974484736,1.4970941919156567e-4,0.005597856498147371,554
Liver,1-Methylinosine,0.026643639908781245,0.20931212974484736,1.4858723721663958e-4,0.0055768370134618135,555
Liver,"PE(18:3(6Z,9Z,12Z)/18:2(9Z,12Z))",0.02663120682444949,0.20931212974484736,1.484485950026549e-4,0.005574234618101036,556
Liver,Propionic acid,-0.026626460416385785,0.20931212974484736,1.4839568453383942e-4,0.005573241137320584,557
Liver,Isoleucylproline,0.026610019299599958,0.20931212974484736,1.4821248049623993e-4,0.005569799812150758,558
Liver,L-Gulonolactone,-0.026607010149389203,0.20931212974484736,1.4817896166300092e-4,0.0055691699605114236,559
Liver,"PE(20:1(11Z)/20:4(5Z,8Z,11Z,14Z))",-0.02655541548735219,0.20931212974484736,1.4760483996992707e-4,0.00555837057191699,560
Liver,N-[4-(cyanomethyl)phenyl]-N'-(2-fluorophenyl)urea,-0.026513489247212786,0.20931212974484736,1.4713912474203676e-4,0.005549594901301218,561
Liver,Glutaminylhistidine,-0.026477898423777867,0.20931212974484736,1.4674436057458148e-4,0.005542145310248683,562
Liver,Mono-trans-p-coumaroylmesotartaric acid,-0.026404483670290833,0.20931212974484736,1.45931738246133e-4,0.005526778711841618,563
Liver,Uridine,-0.02638280441069996,0.20931212974484736,1.4569220368001226e-4,0.005522240979845361,564
Liver,2-Nonenoic acid,-0.02637876102492976,0.20931212974484736,1.4564755000085464e-4,0.005521394650158421,565
Liver,Arg-pro,-0.026359093259863853,0.20931212974484736,1.454304439815474e-4,0.005517277948365155,566
Liver,LysoPC(22:0/0:0),0.026269350693363464,0.20931212974484736,1.4444186035819355e-4,0.005498493740642189,567
Liver,Betamethasone,0.026265350383469933,0.20931212974484736,1.4439787234988614e-4,0.005497656427258735,568
Liver,Creatine riboside,0.0262593452432245,0.20931212974484736,1.4433185150230555e-4,0.005496399478564547,569
Liver,D-Alanyl-D-alanine,-0.02622906734660447,0.20931212974484736,1.4399920455902604e-4,0.005490061947538814,570
Liver,"2,3-dinor prostaglandin e1",-0.02619419953446932,0.20931212974484736,1.4361660613605156e-4,0.005482763691521263,571
Liver,N-Acetyl-b-glucosaminylamine,-0.026145464990302215,0.20931212974484736,1.430827032854738e-4,0.005472562960289502,572
Liver,3-Oxooctadecanoic acid,-0.026124942901779327,0.20931212974484736,1.428581745955214e-4,0.005468267438233964,573
Liver,"7-[(Hexadecylsulfanyl)methyl]-4-hydroxy-N,N,N-trimethyl-9-oxo-3,5-dioxa-8-aza-4-phosphatetracosan-1-aminium 4-oxide",0.026116828899281023,0.20931212974484736,1.427694493047013e-4,0.005466569079090288,574
Liver,LysoPE(0:0/22:1(13Z)),0.02611182389365615,0.20931212974484736,1.4271473413000795e-4,0.005465521470703561,575
Liver,Uridine diphosphate glucuronic acid,-0.026104459462333855,0.20931212974484736,1.426342445669966e-4,0.005463980005899132,576
Liver,"2-[(2R,4aS,6R,7R,8aR)-6,7-Dihydroxy-4a-methyl-8-methylenedecahydro-2-naphthalenyl]-2-propanyl β-D-glucopyranoside",-0.026060196896026306,0.20931212974484736,1.4215095509141306e-4,0.005454715313877327,577
Liver,S-(hydroxymethyl)mycothiol,0.026046483283715255,0.20931212974484736,1.4200138675315082e-4,0.0054518448884780055,578
Liver,Thiophenol,0.026042559160882578,0.20931212974484736,1.4195860255827972e-4,0.005451023521970517,579
Liver,Corchorifatty acid F,-0.02595762170360385,0.20931212974484736,1.4103412045872888e-4,0.0054332450818923945,580
Liver,10Z-Nonadecenoic acid,-0.025955106686010667,0.20931212974484736,1.4100679236875568e-4,0.00543271865820362,581
Liver,D-Ribose 5-phosphate,-0.025862957008112655,0.20931212974484736,1.4000732320699273e-4,0.005413430612867485,582
Liver,10Z-Pentadecenoic acid,-0.02586240781148743,0.20931212974484736,1.4000137719447786e-4,0.005413315659352211,583
Liver,"4,6-Diamino-3-({3-amino-6-[1-(methylamino)ethyl]tetrahydro-2H-pyran-2-yl}oxy)-2-hydroxycyclohexyl 3-deoxy-4-C-methyl-3-(methylamino)pentopyranoside",0.02581478394017215,0.20931212974484736,1.3948624582462034e-4,0.005403347405420515,584
Liver,"PE(18:4(6Z,9Z,12Z,15Z)/P-18:1(9Z))",-0.025813729938562048,0.20931212974484736,1.3947485578341877e-4,0.005403126790098751,585
Liver,ALA-PRO,0.025803583622480645,0.20931212974484736,1.3936523366714693e-4,0.005401003043070687,586
Liver,Glutaric acid,-0.025682322847564346,0.20931212974484736,1.3805845180078785e-4,0.005375621692018446,587
Liver,Amfepramone,-0.02554042140672859,0.20931212974484736,1.3653704958682003e-4,0.005345919999223251,588
Liver,Acetoin,-0.025528949227570447,0.20931212974484736,1.364144184305843e-4,0.005343518732970847,589
Liver,Benzyl cinnamate,-0.025526596455430775,0.20931212974484736,1.3638927542523378e-4,0.005343026269223487,590
Liver,Coproporphyrin III,0.025516974416002074,0.20931212974484736,1.3628647318525113e-4,0.005341012259658177,591
Liver,Mollicellin A,-0.02551638257464887,0.20931212974484736,1.3628015119472172e-4,0.005340888380084067,592
Liver,L-beta-aspartyl-L-glutamic acid,0.025513500813696566,0.20931212974484736,1.3624937060579528e-4,0.0053402851925617245,593
Liver,6-Phosphogluconic acid,0.025505347615626648,0.20931212974484736,1.3616230371389388e-4,0.005338578629309479,594
Liver,Deoxycytidine,0.025415669167677717,0.20931212974484736,1.3520647615747314e-4,0.005319807842377075,595
Liver,amidinoproclavaminic acid,0.025415669167677717,0.20931212974484736,1.3520647615747314e-4,0.005319807842377075,596
Liver,N-Decanoylglycine,-0.02537989660458185,0.20931212974484736,1.3482613768584005e-4,0.005312320211009047,597
Liver,Anserine,0.025328013614426822,0.20931212974484736,1.3427546300716405e-4,0.005301460471842168,598
Liver,Glycerophosphocholine,0.02530103910019886,0.20931212974484736,1.3398960666592723e-4,0.00529581437882028,599
Liver,Citramalic acid,0.025297580631054372,0.20931212974484736,1.339529783482633e-4,0.00529509047927799,600
Liver,Capryloylglycine,-0.025273579562720267,0.20931212974484736,1.3369892326592697e-4,0.005290066764548827,601
Liver,dipipanone,0.025218659154462784,0.20931212974484736,1.3311848935106178e-4,0.0052785712569299965,602
Liver,oleoyl ethyl amide,-0.025200024424781767,0.20931212974484736,1.329218325384085e-4,0.0052746707819732435,603
Liver,Methylmalonylcarnitine,0.025186381730258528,0.20931212974484736,1.327779500518556e-4,0.005271815200527126,604
Liver,AMPA,-0.025186052527301793,0.20931212974484736,1.32774479080237e-4,0.005271746294355134,605
Liver,1-oleoyl-2-arachidonoyl-sn-glycerol-3-phosphoethanolamine,-0.025165613671254604,0.20931212974484736,1.3255906959246176e-4,0.005267468193866348,606
Liver,Pterin,-0.025163144241141883,0.20931212974484736,1.325330555797135e-4,0.005266951312190199,607
Liver,5-Sulfosalicylic acid,0.025157247485726612,0.20931212974484736,1.324709470105129e-4,0.005265717049755644,608
Liver,Cinnamic acid,-0.025154041241968284,0.20931212974484736,1.324371828173936e-4,0.005265045944046107,609
Liver,Ala-Tyr,-0.025143463375858727,0.20931212974484736,1.3232582033547617e-4,0.00526283186836256,610
Liver,Guanosine monophosphate,0.02512566806275635,0.20931212974484736,1.3213857913720614e-4,0.005259107093477625,611
Liver,Phenol,-0.025104539457211777,0.20931212974484736,1.3191643737931318e-4,0.005254684620052552,612
Liver,Methyl isocyanate,-0.02508869693623892,0.20931212974484736,1.3174999501101872e-4,0.005251368588247195,613
Liver,Encelin,-0.02507404040591275,0.20931212974484736,1.315961062882346e-4,0.005248300798669955,614
Liver,"4-(1h-pyrazol-1-yl)-n,n-bis(2-pyridinylmethyl)benzenesulfonamide",0.02504853988190662,0.20931212974484736,1.31328573558025e-4,0.0052429632296806215,615
Liver,thioinosine,0.025034602258232293,0.20931212974484736,1.3118246532157818e-4,0.005240045915985767,616
Liver,Sorbitol-6-phosphate,0.025020642122904203,0.20931212974484736,1.3103620261322664e-4,0.005237123890328718,617
Liver,Isoprene,-0.02501436852877112,0.20931212974484736,1.3097049967190477e-4,0.005235810750979567,618
Liver,SM(d18:1/24:1(15Z)),0.0250010364199988,0.20931212974484736,1.3083092807922861e-4,0.0052330201788984435,619
Liver,Glucosamine 6-phosphate,0.024949206052726172,0.20931212974484736,1.302890316569722e-4,0.005222171454339152,620
Liver,Gly-Leu,-0.024925590545976543,0.20931212974484736,1.300424999382504e-4,0.005217228442326383,621
Liver,Asparaginylhydroxyproline,0.024920563140733765,0.20931212974484736,1.2999004698532592e-4,0.005216176145427927,622
Liver,Acrylic acid,-0.02490567441208088,0.20931212974484736,1.298347689219635e-4,0.005213059753924398,623
Liver,Sedoheptulose 7-phosphate,0.02485887765820727,0.20931212974484736,1.2934731875370231e-4,0.005203264625705968,624
Liver,2-Ketobutyric acid,-0.024837223198805068,0.20931212974484736,1.291220691382352e-4,0.005198732084690019,625
Liver,LysoPC(18:1(9Z)/0:0),-0.024787827887923414,0.20931212974484736,1.286089938631902e-4,0.005188393046969972,626
Liver,"(2Z,4E,6E,8E,10E,12E,14Z)-15-(6-Hydroxy-4,4,7a-trimethyl-2,4,5,6,7,7a-hexahydro-1-benzofuran-2-yl)-2,6,11-trimethyl-2,4,6,8,10,12,14-hexadecaheptaenal",-0.024771494269911074,0.20931212974484736,1.2843955924470737e-4,0.0051849742225973695,627
Liver,Buterizine,-0.024771494269911074,0.20931212974484736,1.2843955924470737e-4,0.0051849742225973695,628
Liver,"2,4-Dimethylbenzaldehyde",-0.024703114428800316,0.20931212974484736,1.277314425199134e-4,0.005170661492422863,629
Liver,Tridecanoic acid,0.024648489193892252,0.20931212974484736,1.2716716989247942e-4,0.005159227768166443,630
Liver,Uric acid,-0.024644278145809793,0.20931212974484736,1.271237220917957e-4,0.005158346344723846,631
Liver,dehydrocarnitine,-0.024574555526825158,0.20931212974484736,1.264054327754785e-4,0.005143752554852783,632
Liver,"PE(22:4(7Z,10Z,13Z,16Z)/20:3(5Z,8Z,11Z))",0.024547442360223826,0.20931212974484736,1.2612665980585584e-4,0.005138077440207332,633
Liver,pro-met,-0.0245339648311013,0.20931212974484736,1.2598820064943628e-4,0.005135256429882998,634
Liver,"PE(20:4(6E,8Z,11Z,14Z)+=O(5)/P-18:1(9Z))",0.024499593096404298,0.20931212974484736,1.256354325909479e-4,0.005128062008890543,635
Liver,phosphonoacetaldehyde,0.024493697787391248,0.20931212974484736,1.2557497684516057e-4,0.005126828049205518,636
Liver,Homo-L-arginine,-0.024444067094466934,0.20931212974484736,1.2506659636681572e-4,0.005116439743168817,637
Liver,Misonidazole,-0.024368723801478833,0.20931212974484736,1.242968057132699e-4,0.005100669478051488,638
Liver,pro-gln,-0.02433443347433073,0.20931212974484736,1.2394724457787289e-4,0.00509349209664647,639
Liver,Naproxen,0.024291315524810578,0.20931212974484736,1.2350839185189458e-4,0.005084466986802177,640
Liver,Fructose 6-phosphate,-0.02427331400105043,0.20931212974484736,1.233254033739658e-4,0.005080699049525288,641
Liver,Bethanechol,-0.024226583318529886,0.20931212974484736,1.228510113921976e-4,0.005070917750842482,642
Liver,fencamfamin,0.024213681340839118,0.20931212974484736,1.2272019649912377e-4,0.005068217210414107,643
Liver,Methacholine,0.02410515847186187,0.20931212974484736,1.216226266681303e-4,0.005045502057582458,644
Liver,"1,2-dioleoyl-sn-glycero-3-phospho-(1′-sn-glycerol)",0.02408222506064903,0.20931212974484736,1.2139131560711082e-4,0.005040701816439184,645
Liver,Pteroside B,0.0240468601948859,0.20931212974484736,1.2103504990211226e-4,0.005033299521068163,646
Liver,Nelarabine,0.02404253398255037,0.20931212974484736,1.2099150357466884e-4,0.005032393992350484,647
Liver,"6-Hydroxy-5-methyl-4,11-dioxoundecanoic acid",-0.023928277463906515,0.20931212974484736,1.1984426841474142e-4,0.005008478717095908,648
Liver,"3-[(4Z,7Z,10Z,13Z,16Z,19Z)-4,7,10,13,16,19-Docosahexaenoyloxy]-2-[(1Z,11Z)-1,11-octadecadien-1-yloxy]propyl 2-(trimethylammonio)ethyl phosphate",0.023839582871286104,0.20931212974484736,1.189574650579893e-4,0.004989913863017678,649
Liver,Salvigenin,-0.023806618248698425,0.20931212974484736,1.1862871125595693e-4,0.004983013967657615,650
Liver,mannosyl-glycerate,-0.02374117445087014,0.20931212974484736,1.1797739299957562e-4,0.004969315786955586,651
Liver,(2R)-1-(Octanoyloxy)-3-(phosphonooxy)-2-propanyl palmitate,0.023722631329327185,0.20931212974484736,1.1779317171775243e-4,0.004965434486693313,652
Liver,Quinaldic acid,0.023711715799416618,0.20931212974484736,1.1768479595972317e-4,0.004963149733880438,653
Liver,Nicorandil,0.023575443590516224,0.20931212974484736,1.1633600415534782e-4,0.004934626307610462,654
Liver,L-Pipecolic acid,0.02355912354284488,0.20931212974484736,1.1617499323120756e-4,0.004931210323674836,655
Liver,6-Phosphonoglucono-D-lactone,0.023541902101564583,0.20931212974484736,1.1600521021052875e-4,0.004927605667123181,656
Liver,"N-(2,2,4,4-Tetramethyl-3-thietanyl)alaninamide",0.023502080570075294,0.20931212974484736,1.1561309251967295e-4,0.004919270537557456,657
Liver,"(4E)-5-[(2R,3aS,5R,5′R,6S,6″S,7aS)-2-{(S)-Hydroxy[(2R,3R,5S,6S)-2-hydroxy-3,5-dimethyl-6-{3-[(1′R,2R,2′S,3R,5S,6′S,8′R,10′R)-3,5,10′-trimethyl-8′H-spiro[piperidine-2,4′-[3,7,12]trioxatricyclo[6.3.1.0
~2,6~]dodecan]-8′-yl]-1-propen-2-yl}tetrahydro-2H-pyran-2-yl]methyl}-6-methyl-2,3,3′,3a,4′,5″,6,6″,7,7a-decahydrodispiro[furo[3,2-b]pyran-5,2′-furan-5′,2″-pyran]-6″-yl]-4-pentenoic acid",0.02348910545237735,0.20931212974484736,1.1548547152971443e-4,0.004916554688038409,658
Liver,Orotic acid,-0.02348668981348877,0.20931212974484736,1.1546171950971134e-4,0.0049160490655179466,659
Liver,L-γ-Glutamyl-L-leucine,-0.023413278236051275,0.20931212974484736,1.147410577138177e-4,0.0049006831318965756,660
Liver,Melatonin,0.02332769609192447,0.20931212974484736,1.1390376883913229e-4,0.004882769751041263,661
Liver,Molsidomine,-0.023252252900635043,0.20931212974484736,1.1316821671107172e-4,0.004866978575997725,662
Liver,L-(-)-Malic acid,-0.02322933774854348,0.20931212974484736,1.1294527151315846e-4,0.0048621821567100135,663
Liver,Guanidoacetic acid,-0.023178578304480262,0.20931212974484736,1.1245220748387275e-4,0.004851557589368477,664
Liver,3-Hydroxyhexanoylcarnitine,-0.02308747786435687,0.20931212974484736,1.1156998656262702e-4,0.0048324891622255565,665
Liver,Nicotinamide,-0.023061900099981335,0.20931212974484736,1.1132291496095607e-4,0.004827135425890002,666
Liver,"(2E,4E)-2,4-Hexadienoic acid",0.023040403894377406,0.20931212974484736,1.1111548149015403e-4,0.004822636009313611,667
Liver,"1,3-Dimethyluracil",0.023016065930899887,0.20931212974484736,1.1088085919524121e-4,0.004817541778344478,668
Liver,Vorinostat,-0.022922979589243737,0.20931212974484736,1.0998577821902645e-4,0.004798057677922273,669
Liver,Eugenol,0.022876003773838645,0.20931212974484736,1.0953545477024123e-4,0.004788225069953332,670
Liver,Succinic semialdehyde,0.022781015144742126,0.20931212974484736,1.0862768948962543e-4,0.004768342797695596,671
Liver,Allose,-0.022744760212333456,0.20931212974484736,1.0828221272203731e-4,0.004760754200579382,672
Liver,Prostaglandin E3,-0.022726044083073254,0.20931212974484736,1.0810408026072648e-4,0.0047568366877033495,673
Liver,Homocysteinesulfinic acid,-0.022682803333349603,0.20931212974484736,1.0769309325530569e-4,0.0047477858742869285,674
Liver,Furfural,0.022681932280285755,0.20931212974484736,1.0768482226725322e-4,0.004747603552315014,675
Liver,Melleolide B,0.02263656345273038,0.20931212974484736,1.0725446668706424e-4,0.004738107306395371,676
Liver,Adenosine,0.022619610213063253,0.20931212974484736,1.0709387430848447e-4,0.00473455878769457,677
Liver,(E)-3-O-Methyl entacapone,-0.022577984749505543,0.20931212974484736,1.067000805707034e-4,0.004725846073265689,678
Liver,gamma-Glutamylglutamic acid,0.0225680710498602,0.20931212974484736,1.066063999051201e-4,0.004723771015679272,679
Liver,Guanine,-0.022503840357707996,0.20931212974484736,1.0600044127562489e-4,0.004710326752709908,680
Liver,3-Methylhistidine,-0.022497129626581572,0.20931212974484736,1.059372312290589e-4,0.0047089221152856915,681
Liver,L-Homocysteic acid,-0.022496699971749447,0.20931212974484736,1.0593318484541673e-4,0.004708832183317724,682
Liver,N-Acetylhistidine,-0.022481790276250187,0.20931212974484736,1.0579281686727725e-4,0.004705711403198927,683
Liver,Valerylcarnitine,0.02245433819938868,0.20931212974484736,1.0553461150609955e-4,0.004699965350525126,684
Liver,geranyl quinone,-0.022393884110717053,0.20931212974484736,1.0496711223436964e-4,0.004687311576473484,685
Liver,lysops(22:0),0.022327006430579326,0.20931212974484736,1.0434109536021118e-4,0.004673313266811461,686
Liver,N-(tert-Butoxycarbonyl)-L-leucine,-0.022320424530002648,0.20931212974484736,1.0427958586133721e-4,0.004671935595183988,687
Liver,Dihydroceramide,0.022300812184465106,0.20931212974484736,1.0409641114156865e-4,0.004667830493370233,688
Liver,LysoPC(P-18:1(9Z)/0:0),0.022290148144957413,0.20931212974484736,1.0399687908731496e-4,0.0046655983805491946,689
Liver,L-Asparagine,-0.022281238982094487,0.20931212974484736,1.0391376254943427e-4,0.0046637335846961125,690
Liver,5-Hydroxyindole,0.02220982001618564,0.20931212974484736,1.0324867212147451e-4,0.004648784728837557,691
Liver,N-DEMETHYLTAPENTADOL,-0.022094607679334948,0.20931212974484736,1.0218025580185329e-4,0.004624669389238458,692
Liver,oxazolidinone,-0.022074351579921846,0.20931212974484736,1.0199298615881957e-4,0.004620429541929978,693
Liver,N-Acetylglucosamine 6-sulfate,0.02206825048616713,0.20931212974484736,1.0193661460247244e-4,0.004619152509002405,694
Liver,Eremopetasinorol,-0.02202458151967021,0.20931212974484736,1.0153358652391233e-4,0.004610012064621178,695
Liver,Phenylisocyanate,-0.021916708132296354,0.20931212974484736,0.00010054142698512241,0.004587432856167166,696
Liver,Gln-Gln,-0.021914271077271372,0.20931212974484736,1.0051906857568902e-4,0.0045869227509895815,697
Liver,PC(16:0/15:0),0.021883625875374922,0.20931212974484736,1.0023813079907938e-4,0.004580508338514175,698
Liver,N-Acetyl-D-Glucosamine 6-Phosphate,0.02171223946650248,0.20931212974484736,9.86742052374035e-5,0.004544635084263763,699
Liver,streptidine,0.02167980783034125,0.20931212974484736,9.837964549113221e-5,0.0045378467494277454,700
Liver,Ormetoprim,-0.021675684158678734,0.20931212974484736,9.834222387031659e-5,0.004536983614929696,701
Liver,"4-Imino-1-(β-D-ribofuranosyl)-1,4-dihydro-3-pyridinecarboxylic acid",-0.021629116780245084,0.20931212974484736,9.792012690212245e-5,0.004527236497773114,702
Liver,Creatine,0.02139803389203831,0.20931212974484736,9.583897025258705e-5,0.004478868046294964,703
Liver,N-Glycolylglucosamine,-0.02137338063876058,0.20931212974484736,9.5618260132234e-5,0.004473707821346263,704
Liver,Dedimethylchlorpromazine,0.02133829041880738,0.20931212974484736,9.530455108027101e-5,0.0044663630126746436,705
Liver,Adenylthiomethylpentose,0.02124861842201173,0.20931212974484736,9.450521879361063e-5,0.004447593576046873,706
Liver,beta-Alanine,-0.021236041425606596,0.20931212974484736,9.439337716594395e-5,0.004444961058143521,707
Liver,"PE(18:0/20:4(8Z,11Z,14Z,17Z))",0.02120126089074479,0.20931212974484736,9.408443412173005e-5,0.004437681070317932,708
Liver,"(5Z,8Z)-Tetradecadienoylcarnitine",0.02111408152382313,0.20931212974484736,9.331227649195207e-5,0.004419433371357751,709
Liver,Adenosine diphosphate (ADP),-0.021110537889934857,0.20931212974484736,9.328095741263247e-5,0.004418691645801561,710
Liver,"6,7-Dihydroxycoumarin",0.021105328602254652,0.20931212974484736,9.323492662076216e-5,0.004417601278702764,711
Liver,Morphine 3-Sulfate,0.021041337087892888,0.20931212974484736,9.267040574457254e-5,0.004404207078546105,712
Liver,L-Glutamic acid,-0.021028790615530823,0.20931212974484736,9.255992416845001e-5,0.004401580949695216,713
Liver,acetyltaurine,-0.02091963697042346,0.20931212974484736,9.160152081184902e-5,0.00437873376776838,714
Liver,Saccharopine,0.0209193194572193,0.20931212974484736,9.159874022137322e-5,0.004378667308403396,715
Liver,(−)-trans-Methyl dihydrojasmonate,-0.020886320044671263,0.20931212974484736,9.130998125632597e-5,0.0043717601310826375,716
Liver,5-Hydroxymethyl-dC,-0.020737919389204055,0.20931212974484736,9.001704674798609e-5,0.004340698073831265,717
Liver,NP-004713,-0.020671098599021467,0.20931212974484736,8.943788357993825e-5,0.004326711671926914,718
Liver,Caprylic acid,-0.020659169313308433,0.20931212974484736,8.933468420723435e-5,0.004324214727727984,719
Liver,Mecarbam,0.020620021632171207,0.20931212974484736,8.89964390279821e-5,0.004316020643214579,720
Liver,2-Methoxyestrone 3-glucuronide,0.02061683487172672,0.20931212974484736,8.896893290591255e-5,0.004315353615598956,721
Liver,Cysteic acid,-0.02056793695087661,0.20931212974484736,8.854740973353791e-5,0.004305118687645725,722
Liver,(±)18-HEPE,-0.020565412321307864,0.20931212974484736,8.852567340777046e-5,0.004304590252053874,723
Liver,Pyruvic acid,-0.020537946570445564,0.20931212974484736,8.828937369917792e-5,0.004298841337245844,724
Liver,Capsi-amide,0.020499038096679995,0.20931212974484736,8.795516785960655e-5,0.004290697321736852,725
Liver,"(2R,3R,4R)-2-Amino-4-hydroxy-3-methylpentanoic acid",-0.020489490225468705,0.20931212974484736,8.787325289001728e-5,0.004288698836479088,726
Liver,Sulfoglycolithocholate(2-),0.02046998198960139,0.20931212974484736,8.770600265126777e-5,0.004284615526082135,727
Liver,d-mannosamine,0.020415369475236714,0.20931212974484736,8.723863967635811e-5,0.004273184464389744,728
Liver,4-Aminophenol,-0.020389597289991696,0.20931212974484736,8.701852009942791e-5,0.0042677900334079305,729
Liver,Dodecanedioic acid,0.020318459115116653,0.20931212974484736,8.64123737652953e-5,0.004252899950518673,730
Liver,Acetylphosphate,-0.020297234684127335,0.20931212974484736,8.62319372924763e-5,0.004248457419665677,731
Liver,"2-[(5-methyl-2-furyl)methylene][1,3]thiazolo[3,2-a]benzimidazol-3(2h)-one",0.020264710094790073,0.20931212974484736,8.595580004730198e-5,0.004241649628602418,732
Liver,N2-gamma-Glutamylglutamine,0.020259693863804,0.20931212974484736,8.591325112553567e-5,0.00424059967061143,733
Liver,HO-dPEG6-OH,-0.02024787111259015,0.20931212974484736,8.581300927284429e-5,0.004238125025375417,734
Liver,"PC(18:2(9Z,12Z)/14:0)",0.02019475710324241,0.20931212974484736,8.53633921384432e-5,0.0042270076189595525,735
Liver,S-Allyl-L-cysteine,0.020180047264378203,0.20931212974484736,8.523908022736243e-5,0.004223928671258682,736
Liver,"N,N-Bis(2-hydroxyethyl)dodecanamide",0.020144905961838606,0.20931212974484736,8.494246999855932e-5,0.0042165731703821116,737
Liver,"5-(2-Thienyl)-3,4,7,7a-tetrahydrocyclopenta[b]pyran-6(2H)-one",-0.020102439288336642,0.20931212974484736,8.458471980364921e-5,0.004207684380508237,738
Liver,2-Piperidinone,0.02005945486479483,0.20931212974484736,8.422337676635444e-5,0.004198687219270845,739
Liver,Cetrimonium,-0.020018479313817703,0.20931212974484736,8.387964115615605e-5,0.004190110539428354,740
Liver,"(2S,3R,5S)-3-(2-Aminoethyl)-7-oxo-4-oxa-1-azabicyclo[3.2.0]heptane-2-carboxylic acid",-0.02000675664529805,0.20931212974484736,8.378143136620044e-5,0.004187656842714213,741
Liver,Abscisic acid,0.02000670675799713,0.20931212974484736,8.378101354492721e-5,0.00418764640069701,742
Liver,Sulfuric acid,-0.01998990278537624,0.20931212974484736,8.364033445819846e-5,0.004184129125399557,743
Liver,Aprobarbital,0.01998203627777764,0.20931212974484736,8.357451844372252e-5,0.00418248256994044,744
Liver,Dihydroxyacetone phosphate,0.019976252757262305,0.20931212974484736,8.352614649753033e-5,0.004181272008943952,745
Liver,Epiguanine,0.019954117037121386,0.20931212974484736,8.334113812435692e-5,0.004176638734217821,746
Liver,Monomethyl glutaric acid,0.01991421057766891,0.20931212974484736,8.300812173067287e-5,0.004168285828199247,747
Liver,N1-(2-Chlorobenzoyl)-4-[2-nitro-4-(trifluoromethyl)phenyl]piperazine-1-carboxamide,0.019877215342453392,0.20931212974484736,8.269999477586153e-5,0.0041605422767258754,748
Liver,"DG(18:2(9Z,12Z)/18:1(11Z)/0:0)",-0.019863139470044724,0.20931212974484736,8.258290972243619e-5,0.004157596025894,749
Liver,Galactaric acid,0.01979077273504163,0.20931212974484736,8.198226257869673e-5,0.004142448790467821,750
Liver,Creatinine,-0.019753178363884367,0.20931212974484736,8.16710928925628e-5,0.004134579832574477,751
Liver,5'-Deoxyadenosine,-0.019740657659202566,0.20931212974484736,8.156758999988234e-5,0.004131959097211623,752
Liver,dIMP,-0.019656022888336313,0.20931212974484736,8.086967448912697e-5,0.00411424401307114,753
Liver,4-Guanidinobutanoic acid,-0.01964654513225201,0.20931212974484736,8.079170568873334e-5,0.004112260203759932,754
Liver,N-Acetyl-L-methionine,-0.019632445943010963,0.20931212974484736,8.067578822764995e-5,0.004109309072432213,755
Liver,Goshuyic acid,-0.019556179996256477,0.20931212974484736,8.005020499669782e-5,0.004093345684690024,756
Liver,N-Acetylneuraminic acid,0.019463926923046077,0.20931212974484736,7.929673893643708e-5,0.0040740359974608484,757
Liver,N-Methyl-L-isoleucine,0.019442910013215665,0.20931212974484736,7.912558409739335e-5,0.00406963690330359,758
Liver,LINALYL PROPIONATE,-0.019368062477478996,0.20931212974484736,7.851755210898518e-5,0.004053970406192394,759
Liver,"PC(18:2(9Z,12Z)/16:1(9Z))",-0.01931072018388825,0.20931212974484736,7.805331243380544e-5,0.00404196796859646,760
Liver,Glycyltyrosine,-0.019251363452915036,0.20931212974484736,7.757421387617499e-5,0.0040295438848217645,761
Liver,"PS(18:0/18:2(9Z,12Z))",0.019241131962081517,0.20931212974484736,7.749177930503975e-5,0.004027402309684936,762
Liver,5-Hydroxymethyl-4-methyluracil,0.01922951551016,0.20931212974484736,7.739823929942967e-5,0.0040249708453931644,763
Liver,2-Pyrocatechuic acid,0.01919657636614509,0.20931212974484736,7.713330821174857e-5,0.0040180762830074315,764
Liver,Ferulic acid,-0.019187021454523605,0.20931212974484736,7.705654259363407e-5,0.004016076324106415,765
Liver,Nicotinamide ribotide,-0.019185862215566007,0.20931212974484736,7.704723169065186e-5,0.004015833681331317,766
Liver,N-ethylmaleimide,0.019182014298518825,0.20931212974484736,7.701632960006261e-5,0.00401502826561909,767
Liver,18-Hydroxycortisol,0.019107686500550933,0.20931212974484736,7.642062955084081e-5,0.003999470555927185,768
Liver,Glycolic acid,-0.019105000252880113,0.20931212974484736,7.639914392429102e-5,0.003998908291706184,769
Liver,"(2R)-2,3-Dihydroxypropanoic acid",0.019076487407669714,0.20931212974484736,7.617127358509246e-5,0.00399294020735011,770
Liver,Dehydroglycine,-0.01904437129759823,0.20931212974484736,7.591501406452675e-5,0.003986217915951928,771
Liver,Mangostanol,0.01901611509292778,0.20931212974484736,7.568991040348529e-5,0.00398030354957385,772
Liver,L-Methionine,-0.018987174643697705,0.20931212974484736,7.545970216718273e-5,0.00397424596250973,773
Liver,Maltol,0.018972664097108922,0.20931212974484736,7.534440927671106e-5,0.00397120872909947,774
Liver,Fluorobenzene,-0.018935663806542324,0.20931212974484736,7.505082407576274e-5,0.0039634641194797975,775
Liver,Ser-Ser,-0.018935663806542324,0.20931212974484736,7.505082407576274e-5,0.0039634641194797975,776
Liver,S-Adenosylmethionine,0.018874688870959496,0.20931212974484736,7.45682583475418e-5,0.003950701325851901,777
Liver,"2,6-diamino-4-hydroxy-5-(N-methylformamido)pyrimidine",0.01887131554259312,0.20931212974484736,7.454160670367743e-5,0.0039499952473072055,778
Liver,trimethadione,0.018864944798967713,0.20931212974484736,7.449128638481354e-5,0.003948661773390914,779
Liver,"PI(18:0/20:4(8Z,11Z,14Z,17Z))",0.01881911984345567,0.20931212974484736,7.412983142471604e-5,0.003939070054357225,780
Liver,Glycerophospho-N-palmitoyl ethanolamine,0.01881882536642104,0.20931212974484736,7.41275115115293e-5,0.0039390084167419456,781
Liver,Tetracosapentenoic acid,-0.018752095122963153,0.20931212974484736,7.360274158156298e-5,0.003925040967365383,782
Liver,Cyclodopa glucoside,0.01861079308780694,0.20931212974484736,7.249768820952185e-5,0.0038954647374495545,783
Liver,myo-Inositol,0.018591447511562578,0.20931212974484736,7.234704652469163e-5,0.003891415473684706,784
Liver,Glutaconic acid,-0.01858701879915214,0.20931212974484736,7.231258271002881e-5,0.0038904884904580497,785
Liver,Alanylserine,-0.018537931040295694,0.20931212974484736,7.193113634851891e-5,0.0038802138271074055,786
Liver,Deoxyinosine,-0.01853249231480565,0.20931212974484736,7.188893570421963e-5,0.003879075435891987,787
Liver,(Â±)-Metalaxyl,0.01852797150135632,0.20931212974484736,7.185386682928639e-5,0.0038781291748007283,788
Liver,"2-[(2S,3R,4S,5R)-5-{[(Cyclohexylcarbamoyl)amino]methyl}-3,4-dihydroxytetrahydro-2-furanyl]-N-isopropylacetamide",0.018494709348250198,0.20931212974484736,7.159610855336588e-5,0.003871167002694187,789
Liver,7-Sulfocholic acid,0.01846679217751109,0.20931212974484736,7.138012762428252e-5,0.0038653236002303333,790
Liver,Deoxyribose 5-phosphate,0.018465904314947223,0.20931212974484736,7.137326403703952e-5,0.0038651377598261697,791
Liver,Artemether,-0.018440180808900423,0.20931212974484736,7.117455274954371e-5,0.0038597535179910095,792
Liver,Ethosuximide,0.018421854527960625,0.20931212974484736,7.103315319290291e-5,0.003855917605097198,793
Liver,PEG n5,-0.018416027922689728,0.20931212974484736,7.098822647922526e-5,0.0038546980259387643,794
Liver,Fosfosal,0.018415838612161423,0.20931212974484736,7.098676701688718e-5,0.0038546584009489016,795
Liver,"1,2-Diarachidonoyl-sn-glycero-3-PC",-0.018412493469026625,0.20931212974484736,7.096098059091244e-5,0.0038539582219150556,796
Liver,Argininosuccinic acid,-0.018407555809438605,0.20931212974484736,7.092292662651056e-5,0.0038529247098707323,797
Liver,DL-Phenylalanine,0.01838689043922381,0.20931212974484736,7.076377178375244e-5,0.0038485991972191077,798
Liver,Glycylleucine,0.018362232112766413,0.20931212974484736,7.057409902163054e-5,0.0038434379103923664,799
Liver,D-Alanine,0.018289898529513286,0.20931212974484736,7.00191749013788e-5,0.003828297614029578,800
Liver,1-Methyladenosine,-0.018276428091941063,0.20931212974484736,6.99160751935921e-5,0.003825478088052741,801
Liver,Pinocembrin 7-rhamnosylglucoside,-0.018263901355958855,0.20931212974484736,6.982026653063661e-5,0.0038228560902655536,802
Liver,Modafinil,0.01825755656968424,0.20931212974484736,6.97717645470685e-5,0.0038215280495376377,803
Liver,"5-hydroxy-2-oxo-4-ureido-2,5-dihydro-1H-imidazole-5-carboxylic acid",0.018212401207072345,0.20931212974484736,6.942706636630184e-5,0.0038120764844199414,804
Liver,Etaconazole,0.018156785754626485,0.20931212974484736,6.900369306828228e-5,0.003800435495621775,805
Liver,2-Hydroxy-3-methylpentanoic acid,0.018106463314846392,0.20931212974484736,6.86217287466909e-5,0.003789902398577447,806
Liver,Ciclopirox,0.01806803695243585,0.20931212974484736,6.833077348777404e-5,0.0037818592948229493,807
Liver,DL-Malic acid,-0.018039672809549528,0.20931212974484736,6.811640348970319e-5,0.003775922335667026,808
Liver,(R)-2-Benzylsuccinate,-0.018038675994560195,0.20931212974484736,6.8108875905718635e-05,0.003775713690198647,809
Liver,Dehydroascorbic acid,0.018035957327235407,0.20931212974484736,6.80883476339018e-5,0.003775144640150828,810
Liver,Glycodiazine,0.018015821880032302,0.20931212974484736,6.793640404545174e-5,0.0037709300468133813,811
Liver,7-Hydroxy-2-methyl-4-oxo-4H-1-benzopyran-5-carboxylic acid 7-glucoside,-0.017989820633306806,0.20931212974484736,6.774044778895788e-5,0.0037654876704852464,812
Liver,beta-Glycerophosphoric acid,0.017952436507836837,0.20931212974484736,6.74592013908468e-5,0.0037576627195644785,813
Liver,"PC(18:0/18:2(9Z,12Z))",0.017894112109603587,0.20931212974484736,6.70215865815701e-5,0.00374545471555419,814
Liver,Hexadecanedioic acid,0.01786577512624463,0.20931212974484736,6.680948488009952e-5,0.0037395234412167825,815
Liver,5-Aminopentanoic acid,-0.017770284113049657,0.20931212974484736,6.60972117352514e-5,0.0037195360138734495,816
Liver,ophthalmic acid,0.01776172049425861,0.20931212974484736,6.603352170827033e-5,0.003717743544585973,817
Liver,N-Acetylserine,-0.017728355639402456,0.20931212974484736,6.578567076985212e-5,0.0037107598757574033,818
Liver,"6-Acetyl-1,2,3,4-tetrahydropyridine",0.017706471143107493,0.20931212974484736,6.562335479445199e-5,0.0037061791852295114,819
Liver,5b-Cyprinol sulfate,0.017573560196994346,0.20931212974484736,6.464186879617199e-5,0.003678359312032166,820
Liver,Heptanoylcarnitine,0.017547243331773366,0.20931212974484736,6.444840798852338e-5,0.0036728508729245548,821
Liver,Allantoin,0.017541363399019502,0.20931212974484736,6.440522299290362e-5,0.0036716201316770868,822
Liver,Leu-pro,-0.017486761272311722,0.20931212974484736,6.400489049915784e-5,0.003660191244247283,823
Liver,Perillic acid,0.017454397291542335,0.20931212974484736,6.376819302030436e-5,0.0036534170705054218,824
Liver,5-Methoxytryptophan,0.017434571515480644,0.20931212974484736,6.362341163542278e-5,0.0036492672950941044,825
Liver,L-Lysinamide,-0.01730961302421744,0.20931212974484736,6.271466609491792e-5,0.0036231119671581,826
Liver,Hydrogen [1-hydroxy-2-(trimethylammonio)ethyl]phosphonate,0.017303997341360424,0.20931212974484736,6.267398020023702e-5,0.0036219365366193267,827
Liver,N-a-Acetyl-L-arginine,0.017236772300313553,0.20931212974484736,6.218795646021292e-5,0.0036078655201056214,828
Liver,Glutamylalanine,0.01723289775803778,0.20931212974484736,6.216000194745701e-5,0.0036070545314100927,829
Liver,Asymmetric dimethylarginine,-0.017204318646657557,0.20931212974484736,6.195400007999036e-5,0.0036010725767408832,830
Liver,Adenosine triphosphate,-0.01720110047726422,0.20931212974484736,6.193082452465604e-5,0.0036003989748512846,831
Liver,D-Glucono-δ-lactone,0.01717624173957122,0.20931212974484736,6.175195112310628e-5,0.003595195739521994,832
Liver,Indoleacetaldehyde,-0.01715787500193527,0.20931212974484736,6.16199576980476e-5,0.0035913513585509485,833
Liver,LysoPC(P-18:0/0:0),0.017138762160270427,0.20931212974484736,6.148275230016096e-5,0.003587350808956604,834
Liver,"(4Z,7Z,9E,11E,13R)-13-{[(2S)-2-Amino-2-carboxyethyl]sulfanyl}-14-hydroxy-4,7,9,11-octadecatetraenedioic acid",-0.0171353120469566,0.20931212974484736,6.145800125808755e-5,0.0035866286583910263,835
Liver,o-succinyl-homoserine,-0.017098622193787334,0.20931212974484736,6.119509726493448e-5,0.003578949027084141,836
Liver,1-Methylhistamine,-0.01707754568447037,0.20931212974484736,6.104432674038215e-5,0.00357453745803142,837
Liver,5-Thymidylic acid,0.017049241920207726,0.20931212974484736,6.084214868985197e-5,0.00356861313685381,838
Liver,5-amino-6-(D-ribitylamino)uracil,-0.01704252901833307,0.20931212974484736,6.079424662246264e-5,0.0035672080450656575,839
Liver,APM,0.017016730296419452,0.20931212974484736,6.0610327118459725e-5,0.003561808059637223,840
Liver,Fluoxetine,-0.016940707154027772,0.20931212974484736,6.006997715913943e-5,0.003545895493793325,841
Liver,Stearoylcarnitine,0.016901228623892976,0.20931212974484736,5.979032989925487e-5,0.003537632158571615,842
Liver,β-D-Glucopyranuronic acid,0.016889478736056816,0.20931212974484736,5.9707225234721454e-5,0.003535172764524365,843
Liver,"9,10-Dihydroxystearic acid",0.01686484194016966,0.20931212974484736,5.9533161621612246e-5,0.003530015984307135,844
Liver,Desogestrel,0.01685668507519455,0.20931212974484736,5.947558782059097e-5,0.0035283086535271542,845
Liver,Ribothymidine,0.01685113550445045,0.20931212974484736,5.943643306997101e-5,0.0035271470610555365,846
Liver,6-Deoxohomodolichosterone,0.016802673966183217,0.20931212974484736,5.909506269929164e-5,0.0035170034732701105,847
Liver,N2-Acetylornithine,0.01679856001820908,0.20931212974484736,5.9066128703181217e-5,0.0035161423740579846,848
Liver,"Adenosine 3',5'-diphosphate",-0.016794495933763736,0.20931212974484736,5.9037552361284056e-5,0.0035152917118872664,849
Liver,N-Nonanoylglycine,-0.01673434789067915,0.20931212974484736,5.861543377332121e-5,0.003502701996889247,850
Liver,2-Methylthiazolidine,-0.01673431656934053,0.20931212974484736,5.861521435489589e-5,0.003502695440953154,851
Liver,vinyl sulfide,-0.01673431656934053,0.20931212974484736,5.861521435489589e-5,0.003502695440953154,852
Liver,2-Keto-6-acetamidocaproate,-0.016727373982803155,0.20931212974484736,5.856658891121176e-5,0.0035012422733790784,853
Liver,Aminothiazole,0.01672306390241676,0.20931212974484736,5.8536411528258834e-5,0.00350034012127403,854
Liver,Tetrahydrocortisol,0.01667196332329704,0.20931212974484736,5.817921928394739e-5,0.003489644150227287,855
Liver,Guanidinosuccinic acid,-0.016661815547522146,0.20931212974484736,5.8108416585615145e-5,0.0034875200976676704,856
Liver,lifarizine,0.01665582003458675,0.20931212974484736,5.806660516586961e-5,0.0034862651640862495,857
Liver,cis-5-Tetradecenoylcarnitine,0.0166177473759253,0.20931212974484736,5.780144580233265e-5,0.003478296094816773,858
Liver,Betulin,0.01659710530115441,0.20931212974484736,5.765793649310808e-5,0.0034739754581841263,859
Liver,Deoxyuridine,-0.016540882074221334,0.20931212974484736,5.726796191838592e-5,0.0034622072548136356,860
Liver,asn-asn,-0.016490700713965675,0.20931212974484736,5.6921012462617905e-5,0.0034517036874250305,861
Liver,3-sulfopropanediol,0.016457200622134495,0.20931212974484736,5.6689982583437824e-5,0.0034446917118571983,862
Liver,Glycerol 1-myristate,0.01640276529666897,0.20931212974484736,5.631557698918908e-5,0.003433297737950655,863
Liver,Indoxyl sulfate,0.01637643977958309,0.20931212974484736,5.61349553728482e-5,0.003427787487902775,864
Liver,Mammea E/BB,-0.01636506308749424,0.20931212974484736,5.6056988698341805e-5,0.003425406208252207,865
Liver,Glycylglutamine,-0.01634031820623765,0.20931212974484736,5.588759432231615e-5,0.003420226804456107,866
Liver,Lanthanum,-0.01632947776301587,0.20931212974484736,5.5813465370716236e-5,0.003417957768197978,867
Liver,S-acetylcysteamine,-0.016275286278970288,0.20931212974484736,5.544363165346649e-5,0.003406614833258363,868
Liver,Thymine,-0.01620141423882873,0.20931212974484736,5.494146671073213e-5,0.0033911525192077364,869
Liver,Furfuranol,0.016191878199195847,0.20931212974484736,5.48768094151022e-5,0.003389156510442847,870
Liver,(Methylthio)pyrazine,-0.016186452352008274,0.20931212974484736,5.484003748657228e-5,0.0033880208148123455,871
Liver,4-Oxoproline,-0.0161766178284222,0.20931212974484736,5.4773418589565556e-5,0.0033859623297355186,872
Liver,"dTDP-4-amino-4,6-dideoxy-5-C-methyl-L-mannose",-0.016160232981510793,0.20931212974484736,5.4662517833330435e-5,0.0033825327825329488,873
Liver,"2,2,5,5-tetramethyl-2,5-dihydro-1H-pyrrole-3-carboxamide",-0.01606403380623838,0.20931212974484736,5.4013661138640294e-5,0.003362397128276982,874
Liver,Arginylglutamic acid,-0.016057409704066692,0.20931212974484736,5.396912459875163e-5,0.0033610106233437787,875
Liver,gln-ser,-0.01605555615652253,0.20931212974484736,5.395666573189884e-5,0.0033606226533597267,876
Liver,arg-gln,-0.016007057757216513,0.20931212974484736,5.3631188415138264e-5,0.0033504713501117684,877
Liver,Janthitrem E,-0.015993087220180703,0.20931212974484736,5.3537613499654316e-5,0.0033475471472511234,878
Liver,6-Keto-prostaglandin F1a,-0.015989647149952848,0.20931212974484736,5.351458438211627e-5,0.0033468270988252593,879
Liver,Ureidosuccinic acid,-0.015982496212036852,0.20931212974484736,5.34667291798846e-5,0.0033453303207803893,880
Liver,"PC(18:2(9Z,12Z)/16:0)",0.015961834686651088,0.20931212974484736,5.3328579280253155e-5,0.0033410056128981174,881
Liver,S-3-oxodecanoyl cysteamine,-0.015926445969212333,0.20931212974484736,5.309237360747637e-5,0.003333598325082073,882
Liver,1-stearoyl-2-oleoyl-sn-glycero-3-phosphoserine,0.015845813362491117,0.20931212974484736,5.255614102940754e-5,0.0033167209424423767,883
Liver,Bosentan,0.01582050931868399,0.20931212974484736,5.238842214679368e-5,0.00331142449914195,884
Liver,12S-HHT,0.015788804507206985,0.20931212974484736,5.21786563673835e-5,0.003304788297528539,885
Liver,D-Ornithine,-0.015690963060373153,0.20931212974484736,5.15339695646483e-5,0.0032843088959144326,886
Liver,Docosadienoate (22:2n6),-0.015658125130424996,0.20931212974484736,5.131849546121821e-5,0.0032774355188605717,887
Liver,Trepibutone,-0.015607593101684872,0.20931212974484736,5.098779900513026e-5,0.0032668585523046487,888
Liver,Hexaethylene glycol,-0.015567519524208236,0.20931212974484736,5.072630571912168e-5,0.0032584706664565187,889
Liver,oxandrolone,-0.015564951803347356,0.20931212974484736,5.0709573412946755e-5,0.0032579332113345377,890
Liver,"PG(16:1(9Z)/22:6(4Z,7Z,10Z,13Z,16Z,19Z))",0.015538027562449886,0.20931212974484736,5.053429038917685e-5,0.003252297641130525,891
Liver,Micronomicin,0.015522238227757881,0.20931212974484736,5.0431639339389914e-5,0.0032489927418588873,892
Liver,3-Hydroxymelatonin,-0.015443912595500596,0.20931212974484736,4.9923964627941e-5,0.0032325982369575033,893
Liver,N-Acetylglutamine,0.015429949866245782,0.20931212974484736,4.983373364703061e-5,0.0032296756683601272,894
Liver,"N~4~-Carboxy-1-(β-D-ribofuranosyl)-1H-imidazole-4,5-diamine",-0.015424050905144928,0.20931212974484736,4.979563746834804e-5,0.0032284409442488254,895
Liver,L-Acetylcarnitine,0.015422850575857159,0.20931212974484736,4.978788738548452e-5,0.0032281897007692077,896
Liver,1-Nitrosonaphthalene,-0.015383287254034234,0.20931212974484736,4.953277919656828e-5,0.0032199086176186702,897
Liver,Glutarimide,0.015355489852851992,0.20931212974484736,4.9353930747883435e-5,0.0032140902843758434,898
Liver,Acetyl-CoA,0.015350548580538163,0.20931212974484736,4.932217246781175e-5,0.0032130560161441864,899
Liver,Tetraglycol,-0.015161139877457649,0.20931212974484736,4.811252013205727e-5,0.0031734104771101944,900
Liver,2-Methylhippuric acid,-0.015154890395724655,0.20931212974484736,4.807286396534042e-5,0.0031721023847788602,901
Liver,NAD,-0.015053764704982455,0.20931212974484736,4.74334423864878e-5,0.0031509355510776914,902
Liver,Hypotaurine,0.015015428396653646,0.20931212974484736,4.7192159533155754e-5,0.0031429112967348333,903
Liver,"DG(14:0/18:3(9Z,12Z,15Z)/0:0)",-0.015006566720596883,0.20931212974484736,4.713647304671771e-5,0.0031410564404462833,904
Liver,Tegaserod,0.014930533068626949,0.20931212974484736,4.666003112004687e-5,0.003125141674820178,905
Liver,"(2E,4Z)-N-Isobutyl-2,4-octadecadienamide",-0.014927084375419848,0.20931212974484736,4.663847829976716e-5,0.0031244198215001633,906
Liver,Taurochenodeoxycholate-3-sulfate,0.014879202207517556,0.20931212974484736,4.633975020112564e-5,0.003114397502959734,907
Liver,Aminoadipic acid,0.01483406600577077,0.20931212974484736,4.6059032479825735e-5,0.003104949948443521,908
Liver,DL-Glutamine,-0.01482247197029875,0.20931212974484736,4.598706281622717e-5,0.0031025231761865352,909
Liver,Isoliquiritigenin,0.014820978739182807,0.20931212974484736,4.597779771464939e-5,0.003102210624801456,910
Liver,D-1-Amino-2-pyrrolidinecarboxylic acid,0.014780306570841954,0.20931212974484736,4.5725796698543895e-5,0.003093697446624691,911
Liver,Pyrrole 2-carboxylate,0.014667063691641662,0.20931212974484736,4.5027802494304415e-5,0.0030699943384008394,912
Liver,Phytosphingosine,-0.01463239270483829,0.20931212974484736,4.481517463728338e-5,0.00306273728031267,913
Liver,Calonectrin,0.014620713311311017,0.20931212974484736,4.4743661361246335e-5,0.0030602926415793487,914
Liver,Mepivacaine,0.01461250925286126,0.20931212974484736,4.469346180991916e-5,0.003058575432632679,915
Liver,4-Hydroxycinnamic acid,0.01457467952805325,0.20931212974484736,4.446235122017076e-5,0.003050657212365453,916
Liver,Uracil,-0.014573436143456044,0.20931212974484736,4.445476526338999e-5,0.0030503969568873197,917
Liver,5-Hydroxy-N-formylkynurenine,-0.014561585203791255,0.20931212974484736,4.438249451960465e-5,0.0030479164114666046,918
Liver,3-Methylsulfolene,-0.014546031444378344,0.20931212974484736,4.428773203912693e-5,0.0030446608209583493,919
Liver,Succinic acid,0.014428424945982595,0.20931212974484736,4.357448329966136e-5,0.0030200443543073013,920
Liver,Inositol cyclic phosphate,-0.014414859495199914,0.20931212974484736,4.349258529148428e-5,0.0030172049409130297,921
Liver,Gly-Ser,-0.01441153974692858,0.20931212974484736,4.347255487648274e-5,0.00301651007733214,922
Liver,"(2E,5Z,7E)-Decatrienoylcarnitine",0.014343192756378688,0.20931212974484736,4.306119386706324e-5,0.003002204223178491,923
Liver,L-Glutamine,-0.014332904145932603,0.20931212974484736,4.299943900444067e-5,0.0030000506922139058,924
Liver,Pirimicarb,0.014313599012568684,0.20931212974484736,4.288368425517272e-5,0.0029960098936344954,925
Liver,"(8Z,10E)-Dodeca-8,10-dienoylcarnitine",-0.014310979898154127,0.20931212974484736,4.286799190560662e-5,0.002995461681218339,926
Liver,N-Palmitoyl tyrosine,-0.014280625957905756,0.20931212974484736,4.268633662800796e-5,0.0029891082333388047,927
Liver,SM(d18:1/23:0),0.014278573055146574,0.20931212974484736,4.2674064813055596e-5,0.002988678535890121,928
Liver,m-Coumaric acid,-0.014242402027344373,0.20931212974484736,4.2458131516341124e-5,0.0029811075010257827,929
Liver,L-Tyrosine,-0.01422492700407658,0.20931212974484736,4.235400558944534e-5,0.00297744976668826,930
Liver,Itaconic acid,-0.014220249544683166,0.20931212974484736,4.2326156368148e-5,0.0029764707177008295,931
Liver,2-Hydroxy-3-methylbutyric acid,0.01418427891442434,0.20931212974484736,4.211229613890752e-5,0.00296894162847309,932
Liver,Linoleyl ethanolamide,-0.01413116179651641,0.20931212974484736,4.179748345297335e-5,0.002957823571397873,933
Liver,Naphthalen-2-amine,-0.014059123100672158,0.20931212974484736,4.137241418845497e-5,0.0029427449985466713,934
Liver,Leucyl-leucyl-norleucine,0.014044941561116417,0.20931212974484736,4.128899097528799e-5,0.0029397766302991985,935
Liver,"3-Acetyl-2,7-naphthyridine",-0.013917680095421832,0.20931212974484736,4.05441403202621e-5,0.002913139261880214,936
Liver,"(2S)-1-Hydroxy-3-[(9Z)-9-tetradecenoyloxy]-2-propanyl (4Z,7Z,10Z,13Z,16Z,19Z)-4,7,10,13,16,19-docosahexaenoate",-0.013885899876878743,0.20931212974484736,4.035919131702835e-5,0.0029064872766532035,937
Liver,cetrimonium,-0.01387457903267899,0.20931212974484736,4.029341036353256e-5,0.0029041176866432435,938
Liver,"1,2,3-Trihydroxybenzene",-0.013853028376675292,0.20931212974484736,4.016833629200882e-5,0.0028996068729377107,939
Liver,PE(16:0/16:0),-0.013851541535343407,0.20931212974484736,4.015971424404474e-5,0.0028992956590119415,940
Liver,Sebacic acid,0.013805115982909302,0.20931212974484736,3.9890962575880114e-5,0.002889578227757378,941
Liver,L-2-Amino-4-methylenepentanedioic acid,0.013743894377579885,0.20931212974484736,3.953793785986889e-5,0.002876763803159479,942
Liver,Heptadecanoic acid,0.013737382919709098,0.20931212974484736,3.950048288189443e-5,0.0028754008760448007,943
Liver,2-Fluoro-6-(4-methoxyphenoxy)benzonitrile,-0.013681528123232829,0.20931212974484736,3.9179926023707936e-5,0.002863709789637888,944
Liver,1-[(3-Carboxypropyl)amino]-1-deoxy-β-D-fructofuranose,-0.01364095838323856,0.20931212974484736,3.8947910608169034e-5,0.002855218050956493,945
Liver,"12-(7,8-Difluoro-6,11-dihydrodibenzo[b,e]thiepin-11-yl)-7-hydroxy-3,4,12,12a-tetrahydro-1H-[1,4]oxazino[3,4-c]pyrido[2,1-f][1,2,4]triazine-6,8-dione",0.013602079207596594,0.20931212974484736,3.872620995415523e-5,0.0028470801679001487,946
Liver,Oxaceprol,-0.013583419474084221,0.20931212974484736,3.862003131919342e-5,0.002843174459338203,947
Liver,Inosine,-0.01356821150091413,0.20931212974484736,3.8533601887624165e-5,0.0028399912460848687,948
Liver,"2-{2-[2-(1-Benzo[b]thiophen-3-ylethylidene)hydrazono]-4-oxo-1,3-thiazolan-5-yl}acetic acid",0.0135307940549573,0.20931212974484736,3.8321364500329416e-5,0.0028321593207820315,949
Liver,ser-asn,-0.013328109512102752,0.20931212974484736,3.718189342248866e-5,0.0027897349874507855,950
Liver,L-Carnitine,-0.013266504052902398,0.20931212974484736,3.683896200080934e-5,0.0027768402175816502,951
Liver,"1,1′-MONOGLYCERIDE CITRATE",0.013239397302533977,0.20931212974484736,3.668857356913915e-5,0.002771166445931574,952
Liver,3-Hydroxyhexadecadienoylcarnitine,0.013165033430452198,0.20931212974484736,3.627758172797039e-5,0.0027556011854900633,953
Liver,1-Stearoyl-2-arachidonoylplasmenylcholine,0.013156086155091831,0.20931212974484736,3.622828823900858e-5,0.0027537284122289714,954
Liver,Proline betaine,-0.013064371078870042,0.20931212974484736,3.5724932078031137e-5,0.0027345313342952778,955
Liver,D-Glucuronic acid,-0.013010401384361058,0.20931212974484736,3.543037810584224e-5,0.0027232348225959234,956
Liver,3-Ketosphingosine,-0.013010097284727145,0.20931212974484736,3.542872185577349e-5,0.0027231711708538943,957
Liver,Phosphocreatinine,0.012966163580277416,0.20931212974484736,3.518984786907526e-5,0.0027139753136079412,958
Liver,Acetanilide,-0.012931612635205215,0.20931212974484736,3.500255691518148e-5,0.0027067433817101814,959
Liver,2-Amino-4-[(3-aminopropyl)amino]butanoic acid,0.012880790009147809,0.20931212974484736,3.472796994226738e-5,0.00269610558961088,960
Liver,Quinone,0.012829268428690243,0.20931212974484736,3.445071031360283e-5,0.0026853214978774863,961
Liver,N1-Methyl-4-pyridone-3-carboxamide,-0.01281116150854297,0.20931212974484736,3.4353533134930674e-5,0.0026815314998583405,962
Liver,"N6,N6,N6-Trimethyl-L-lysine",0.012783223644322416,0.20931212974484736,3.420386398223291e-5,0.002675683765997814,963
Liver,Dodecanoic acid,0.012763563705765112,0.20931212974484736,3.4098737327254046e-5,0.0026715687023877318,964
Liver,"H-(2S,4R)-γ-HYDROXY-GLU-OH",0.012746136763177892,0.20931212974484736,3.400568634620923e-5,0.0026679210319198597,965
Liver,Phentermine,-0.012704647538242183,0.20931212974484736,3.3784666695246726e-5,0.0026592368338871036,966
Liver,"1-hexadecanoyl-2-(5Z,8Z,11Z,14Z-icosatetraenoyl)-sn-glycero-3-phosphoethanolamine",0.012657055430514673,0.20931212974484736,3.3532023417302735e-5,0.0026492752284596123,967
Liver,Hydroxyprolyl-Valine,0.012651210690636556,0.20931212974484736,3.350106191845933e-5,0.002648051853507919,968
Liver,Glycyl-Lysine,0.01264919842877434,0.20931212974484736,3.349040561849757e-5,0.002647630662691934,969
Liver,LysoPC(14:1(9Z)/0:0),-0.012623886957745774,0.20931212974484736,3.3356508864992e-5,0.00264233266478397,970
Liver,N1-[2-(4-Pyridyl)ethyl]ethanimidamide,-0.012618794528542454,0.20931212974484736,3.332960250899489e-5,0.002641266757581848,971
Liver,Medrogestone,0.012600131648500521,0.20931212974484736,3.3231088123745776e-5,0.0026373603904130986,972
Liver,dibutyl oxopropanedioate,-0.012521620076919239,0.20931212974484736,3.281825171955556e-5,0.0026209269661558055,973
Liver,Homocitrulline,0.012509832402308638,0.20931212974484736,3.275649153481338e-5,0.0026184596628783213,974
Liver,Xanthosine,-0.012481374005121925,0.20931212974484736,3.260762672239139e-5,0.0026125029751540457,975
Liver,"2,4-Pentadiynylbenzene",-0.01246430071458688,0.20931212974484736,3.2518479691664594e-5,0.0026089293283504027,976
Liver,"LysoPC(20:2(11Z,14Z)/0:0)",0.012437935481865527,0.20931212974484736,3.238105513207166e-5,0.002603410765338278,977
Liver,"N''-cyano-N,N'-diisopropylguanidine",0.012415417065073193,0.20931212974484736,3.226391189248587e-5,0.002598697387560992,978
Liver,Azelaic acid,-0.012350330476201979,0.20931212974484736,3.192651789700676e-5,0.002585073975026531,979
Liver,D-Xylose,-0.012341697790257697,0.20931212974484736,3.188190123209212e-5,0.002583267049146115,980
Liver,Palmitoleic Acid,-0.012277468920455333,0.20931212974484736,3.155092407147984e-5,0.0025698231676166776,981
Liver,"(7Z,10Z)-Hexadecadienoylcarnitine",-0.012255806551480173,0.20931212974484736,3.1439685377603624e-5,0.0025652889710311684,982
Liver,Azlocillin,-0.012219543237176014,0.20931212974484736,3.125390886843252e-5,0.002557698619482558,983
Liver,(−)-Inosine,0.012214070659329182,0.20931212974484736,3.122592072753645e-5,0.002556553142558243,984
Liver,c19:4,-0.012080879174027045,0.20931212974484736,3.054861169818417e-5,0.0025286745491057733,985
Liver,(+)-castanospermine,0.012056062930501257,0.20931212974484736,3.042323619539389e-5,0.0025234802083211236,986
Liver,Flazalone,-0.012009047206646823,0.20931212974484736,3.018641237805932e-5,0.0025136392470296565,987
Liver,Thymidine,-0.011954674435074584,0.20931212974484736,2.9913684122893934e-5,0.002502258366411741,988
Liver,gemeprost,0.01192568964216301,0.20931212974484736,2.976880508870443e-5,0.0024961914976772063,989
Liver,Behenoylglycine,0.011908089748238131,0.20931212974484736,2.96810045132976e-5,0.0024925076263965064,990
Liver,Alanylproline,-0.011816544518490908,0.20931212974484736,2.9226404293079356e-5,0.002473346099390134,991
Liver,"PC(22:5(4Z,7Z,10Z,13Z,16Z)/16:0)",0.011776207771729372,0.20931212974484736,2.9027211384507685e-5,0.002464903129018498,992
Liver,"5-methyl-1-(1,3,5-trimethyl-1h-pyrazol-4-yl)-1h-1,2,3-triazole",0.011695382710640545,0.20931212974484736,2.8630126863907284e-5,0.0024479854633452387,993
Liver,Lumichrome,-0.011654791410051442,0.20931212974484736,2.8431737910248062e-5,0.00243948921176982,994
Liver,CMP-Neu5Ac,0.011642769511948627,0.20931212974484736,2.8373113579846413e-5,0.002436972882674344,995
Liver,Ascorbic acid 2-sulfate,-0.011634214956843037,0.20931212974484736,2.8331434459763193e-5,0.0024351823105261735,996
Liver,1-tetradecyl-2-[(9Z)-hexadecenoyl]-sn-glycero-3-phosphocholine,-0.011555080634765775,0.20931212974484736,2.79473322201933e-5,0.002418618537036267,997
Liver,Benzyl formate,0.011523016772291514,0.20931212974484736,2.779244690786955e-5,0.002411907181693934,998
Liver,NADH,0.011508633662254221,0.20931212974484736,2.7723108756288513e-5,0.0024088966222996734,999
Liver,Deoxynivalenol,-0.011506841517888052,0.20931212974484736,2.771447524753265e-5,0.0024085215047455802,1000
Liver,.alpha.-Aminoadipic acid,0.011502128491112923,0.20931212974484736,2.769177704422306e-5,0.0024075350110737337,1001
Liver,3-Sulfino-L-alanine,-0.011496102926210082,0.20931212974484736,2.7662771126878884e-5,0.002406273787251004,1002
Liver,"PC(18:2(9Z,12Z)/20:2(11Z,14Z))",0.011473250323309363,0.20931212974484736,2.7552901199690065e-5,0.0024014904602676413,1003
Liver,L-Dopa,-0.011408380014143868,0.20931212974484736,2.724221116076529e-5,0.002387912317699005,1004
Liver,7-Methylhypoxanthine,-0.011365504347696752,0.20931212974484736,2.7037829279942878e-5,0.0023789379206407293,1005
Liver,Aldosterone,0.011242983078965844,0.20931212974484736,2.6458030376338434e-5,0.0023532927329436223,1006
Liver,"4-[4-(methoxymethyl)-6-piperidinopyrimidin-2-yl]-2-methyl-1,3-thiazole",0.011228603344098902,0.20931212974484736,2.63903942060975e-5,0.0023502828800134566,1007
Liver,Betaine,0.011215756890712142,0.20931212974484736,2.6330043150236307e-5,0.0023475939614954057,1008
Liver,"3-(2,4-Cyclopentadien-1-ylidene)-5α-androstan-17β-ol",0.011161630493572442,0.20931212974484736,2.6076522758882432e-5,0.0023362646500346795,1009
Liver,Phenmetrazine,0.011098754716751643,0.20931212974484736,2.578356133631687e-5,0.0023231039872789565,1010
Liver,Dimethyl fumarate,-0.011028971218733362,0.20931212974484736,2.5460351986269918e-5,0.0023084974546877047,1011
Liver,Phenol sulphate,-0.01097726150296571,0.20931212974484736,2.522216817040079e-5,0.0022976739839518767,1012
Liver,guaiazulene,-0.010934373744546961,0.20931212974484736,2.5025468997224993e-5,0.002288697055897266,1013
Liver,Cucurbic acid,-0.010903226010294009,0.20931212974484736,2.4883096612584207e-5,0.0022821774573040543,1014
Liver,12-Aminododecanoic acid,-0.01088263232616404,0.20931212974484736,2.4789188498453513e-5,0.0022778669494195177,1015
Liver,pC-HSL,-0.010674601795305239,0.20931212974484736,2.3850515095642274e-5,0.0022343236359535106,1016
Liver,N-[(4-Amino-2-methyl-5-pyrimidinyl)methyl]formamide,0.01063693691398222,0.20931212974484736,2.368250096571881e-5,0.0022264399194272025,1017
Liver,Dihydrothymine,-0.010604978215984147,0.20931212974484736,2.354040650642443e-5,0.0022197505762853536,1018
Liver,gln-asn,-0.010550178773417596,0.20931212974484736,2.3297752877900306e-5,0.0022082803882529185,1019
Liver,PG(18:1(9Z)/18:1(9Z)),0.01053328895080457,0.20931212974484736,2.3223217659482066e-5,0.0022047451435107733,1020
Liver,N-Acetyl-L-glutamic acid,-0.010531348194060751,0.20931212974484736,2.321466069985255e-5,0.002204338919583408,1021
Liver,Dimethylglycine,0.010527542004226944,0.20931212974484736,2.3197883467402373e-5,0.0022035422378830806,1022
Liver,Delamanid,-0.010502055235632165,0.20931212974484736,2.308569708919571e-5,0.002198207548068193,1023
Liver,1-Stearoylglycerophosphoglycerol,0.01040710478710701,0.20931212974484736,2.2670142575771984e-5,0.0021783332674671645,1024
Liver,Butenylcarnitine,0.010357504432528895,0.20931212974484736,2.2454565319552145e-5,0.00216795131161432,1025
Liver,"DG(16:0/18:3(6Z,9Z,12Z)/0:0)",-0.01030527156352062,0.20931212974484736,2.2228659746349855e-5,0.0021570183385595143,1026
Liver,Sphingosine 1-phosphate,0.010268835710221268,0.20931212974484736,2.2071752015652623e-5,0.002149391872506356,1027
Liver,Valpromide,0.010222159672567713,0.20931212974484736,2.1871557842098796e-05,0.00213962201165704,1028
Liver,2-Amino-4-[(4-aminobutyl)amino]butanoic acid,0.010215152075201881,0.20931212974484736,2.1841580901522797e-5,0.002138155236528003,1029
Liver,8-Acetylegelolide,-0.010205876279732072,0.20931212974484736,2.1801932729504845e-5,0.0021362137000231394,1030
Liver,Lactapiperanol C,-0.010131485610508388,0.20931212974484736,2.1485262323401477e-5,0.0021206428306147856,1031
Liver,1-Aminocyclopropanecarboxylic acid,-0.010114509550528648,0.20931212974484736,2.1413322324578845e-5,0.00211708953534575,1032
Liver,Butyryl-L-homoserine lactone,-0.010080004907283512,0.20931212974484736,2.1267472687135796e-5,0.0021098672949820246,1033
Liver,Protoporphyrin IX,-0.01007603553525471,0.20931212974484736,2.12507262885894e-5,0.002109036457268926,1034
Liver,"6-methyl-8-{[5-(2-naphthyl)-1,3,4-oxadiazol-2-yl]methoxy}[1,2,4]triazolo[4,3-b]pyridazine",-0.010042226990558666,0.20931212974484736,2.1108358629395043e-5,0.0021019599187750235,1035
Liver,3-Methylpentanoylcarnitine,-0.010005300500149606,0.20931212974484736,2.0953408034672735e-5,0.0020942307564235005,1036
Liver,1-Hydroxyepiacorone,-0.009992573494933087,0.20931212974484736,2.0900135366829592e-5,0.002091566839856357,1037
Liver,Octyl hydrogen phthalate,0.009951228846447271,0.20931212974484736,2.072754296923233e-5,0.002082912903428239,1038
Liver,(Â±)-2-Methylbutanal,0.009930620275630108,0.20931212974484736,2.064178015070233e-5,0.002078599279579501,1039
Liver,9-Hexadecenoylcarnitine,-0.009896790881298656,0.20931212974484736,2.0501384183975847e-5,0.0020715183770040066,1040
Liver,3-hydroxydodec-2-enedioic acid,0.009846209710248306,0.20931212974484736,2.029236004889009e-5,0.0020609311243664696,1041
Liver,gamma-Glutamyltyrosine,0.009839095957807348,0.20931212974484736,2.0263048733596367e-5,0.0020594421296925747,1042
Liver,Cyprodenate,-0.009727464580295126,0.20931212974484736,1.9805860366501788e-5,0.0020360763283191405,1043
Liver,N-Carbamoylsarcosine,-0.009582471113920363,0.20931212974484736,1.9219825228150994e-5,0.0020057274370731512,1044
Liver,PC(16:0/16:1(9Z)),-0.009572237116785965,0.20931212974484736,1.9178793932706773e-5,0.002003585337337148,1045
Liver,L-Lactic acid,0.009569312368272149,0.20931212974484736,1.9167075756719577e-5,0.0020029731519967528,1046
Liver,D-Tryptophan,-0.009561931430309922,0.20931212974484736,1.913751951852732e-5,0.0020014282321523646,1047
Liver,Brigatinib,-0.009540203589620053,0.20931212974484736,1.9050644907026408e-5,0.001996880331542811,1048
Liver,"2,5-Dihydro-2,4,5-trimethyloxazole",-0.009476424330482871,0.20931212974484736,1.879677724936734e-5,0.001983530558979259,1049
Liver,Curcumene,-0.009437827787939359,0.20931212974484736,1.8643974216989995e-5,0.001975451834458689,1050
Liver,"5,6,7,8-Tetrahydro-4a(4H)-pteridinol",-0.009432998110520185,0.20931212974484736,1.8624897509124417e-5,0.001974440924392101,1051
Liver,moroxydine,-0.009432998110520185,0.20931212974484736,1.8624897509124417e-5,0.001974440924392101,1052
Liver,(±)-Tetrahydropalmatine,-0.0094004330792316591,0.20931212974484736,1.8496524019755743e-5,0.0019676246683378923,1053
Liver,"(12Z)-9,10,11-trihydroxyoctadec-12-enoic acid",-0.009372835813008849,0.20931212974484736,1.8388081310181743e-5,0.0019618482257696603,1054
Liver,Geranyl acetoacetate,-0.009349253262569376,0.20931212974484736,1.8295666946858147e-5,0.0019569121119123586,1055
Liver,6-Hydroxy-1H-indole-3-acetamide,-0.009337299384475792,0.20931212974484736,1.824891147890578e-5,0.0019544100202298804,1056
Liver,glycodehydrocholate,-0.009297871981224252,0.20931212974484736,1.8095122234851424e-5,0.0019461573864849916,1057
Liver,4-Aminopyridine,0.009296855047916339,0.20931212974484736,1.8091164226774747e-5,0.001945944530008504,1058
Liver,1-Methylpyrrole,0.009277177271751086,0.20931212974484736,1.8014661553761852e-5,0.0019418257327707125,1059
Liver,2-fluoro-6-(4-methoxyphenoxy)benzonitrile,-0.009249237808697668,0.20931212974484736,1.790631780902223e-5,0.001935977664255074,1060
Liver,N-Acetyl-D-glucosamine,-0.009249237808697668,0.20931212974484736,1.790631780902223e-5,0.001935977664255074,1061
Liver,2-[(5Z)-5-tetradecenyl]cyclobutanone,-0.009242963266545891,0.20931212974484736,1.7882031302696962e-5,0.0019346643264741119,1062
Liver,Histamine,-0.009208759548720729,0.20931212974484736,1.774993075034895e-5,0.0019275050734509354,1063
Liver,Glycylglycylglycine,-0.009190717356445116,0.20931212974484736,1.7680446051485543e-5,0.0019237286237604606,1064
Liver,indeloxazine,-0.009173702393156142,0.20931212974484736,1.761504230540337e-5,0.001920167185556915,1065
Liver,5-Hydroxyisourate,-0.009123103620157754,0.20931212974484736,1.7421261986735476e-5,0.0019095762486181465,1066
Liver,c26:6,0.009110060280166367,0.20931212974484736,1.7371483092239392e-5,0.0019068461193455632,1067
Liver,"5,6,7,8-Tetrahydro-2,4-dimethylquinoline",-0.009098122876459783,0.20931212974484736,1.7325987335688377e-5,0.0019043474759521141,1068
Liver,Mexiletine,-0.009098122876459783,0.20931212974484736,1.7325987335688377e-5,0.0019043474759521141,1069
Liver,2-Hydroxyethanesulfonate,-0.009073692985223238,0.20931212974484736,1.723306625383876e-5,0.0018992340033879577,1070
Liver,Equol,0.008984558738265232,0.20931212974484736,1.6896155635326667e-5,0.0018805771243239743,1071
Liver,Nitrosoheptamethyleneimine,-0.00893856990721485,0.20931212974484736,1.672362723744653e-5,0.001870951104152343,1072
Liver,6-Oxopiperidine-2-carboxylic acid,0.008937642004021754,0.20931212974484736,1.6720155294657842e-5,0.0018707568827587991,1073
Liver,Caproylcholine,-0.008935337811140606,0.20931212974484736,1.6711535236576522e-5,0.001870274587239503,1074
Liver,Terpestacin,0.008912952301248715,0.20931212974484736,1.6627906024651885e-5,0.001865589028488607,1075
Liver,N-Acetylhistamine,0.008850338111288604,0.20931212974484736,1.6395101948921393e-5,0.0018524831190358077,1076
Liver,Suberic acid,0.008826782738874403,0.20931212974484736,1.630794622740254e-5,0.0018475526938688581,1077
Liver,his-asn,0.008825536641573317,0.20931212974484736,1.630334209156284e-5,0.0018472918705888985,1078
Liver,didecyldimethylammonium,0.00880829682460589,0.20931212974484736,1.6239710354022005e-5,0.0018436833677830352,1079
Liver,Taurine,-0.008778685126042688,0.20931212974484736,1.6130704697660834e-5,0.0018374852800914089,1080
Liver,"LYSINOALANINE, (S,R)-",-0.008754948467843509,0.20931212974484736,1.6043591110093635e-5,0.001832516909610713,1081
Liver,Piperenol A,-0.008734246284621676,0.20931212974484736,1.596780661552813e-5,0.0018281836915501834,1082
Liver,p-Xylene,0.008731126138998001,0.20931212974484736,1.59564002545574e-5,0.0018275306072245779,1083
Liver,12-oxo-PDA,-0.00872249031910059,0.20931212974484736,1.5924851414146758e-5,0.001825723025369758,1084
Liver,asn-lys,-0.008703864340913161,0.20931212974484736,1.5856912275695618e-5,0.001821824382206766,1085
Liver,2'-Deoxyguanosine 5'-monophosphate,0.008694257859198178,0.20931212974484736,1.5821928946727805e-5,0.0018198136290596479,1086
Liver,Pomalidomide,-0.008666687767234177,0.20931212974484736,1.5721743188743616e-5,0.0018140428743934015,1087
Liver,Butabarbital,-0.008663740680841199,0.20931212974484736,1.5711052724543263e-5,0.0018134260134639454,1088
Liver,5-Methylcytidine,-0.008621658134257748,0.20931212974484736,1.5558796234543996e-5,0.0018046176260134764,1089
Liver,"6-HYDROXYMETHYL-7,8-DIHYDROPTERIN",0.008592810782178313,0.20931212974484736,1.5454853537708087e-5,0.0017985795253122304,1090
Liver,N-Ethyl-N-methylcathinone,-0.008570497477808633,0.20931212974484736,1.5374693246011966e-5,0.0017939090800529677,1091
Liver,"propane-1,3-dithiol",0.008553751771098059,0.20931212974484736,1.531467139040586e-5,0.0017904040005172948,1092
Liver,"N,N-Dimethylhistamine",0.008498949473117733,0.20931212974484736,1.511906350873911e-5,0.0017789332148121211,1093
Liver,1-tetradecyl-2-hexadecanoyl-sn-glycero-3-phosphocholine,0.008443958878002818,0.20931212974484736,1.4924047269104468e-5,0.0017674230162326816,1094
Liver,Formiminoglutamic Acid,0.008392239055681509,0.20931212974484736,1.4741785557764901e-5,0.0017565974300725834,1095
Liver,N-cyclopropylammeline,0.008326627794297183,0.20931212974484736,1.4512181466232389e-5,0.0017428641972169843,1096
Liver,Phosphorylcholine,0.008289428755588286,0.20931212974484736,1.438280536028694e-5,0.001735077987200364,1097
Liver,Asparaginylglutamic acid,0.008284354998549317,0.20931212974484736,1.4365204020309856e-5,0.0017340159883087293,1098
Liver,Secoisolariciresinol,0.008262779409156611,0.20931212974484736,1.4290476622445918e-5,0.0017294999557424418,1099
Liver,"1-(1,2,3,4,5-Pentahydroxypent-1-yl)-1,2,3,4-tetrahydro-beta-carboline-3-carboxylate",0.008249794373015963,0.20931212974484736,1.4245596675946534e-5,0.001726782030173029,1100
Liver,Lomefloxacin,-0.008201599725773577,0.20931212974484736,1.40796395486412e-5,0.0017166943059164234,1101
Liver,DL-TYROSINE,-0.008182151948224152,0.20931212974484736,1.4012946935884813e-5,0.0017126236501787493,1102
Liver,3-Methyl-2-oxovaleric acid,-0.00816640476493548,0.20931212974484736,1.3959060842757386e-5,0.0017093275737071149,1103
Liver,MG(18:1(9Z)/0:0/0:0),-0.00812888340758414,0.20931212974484736,1.383108294186464e-5,0.0017014738984889885,1104
Liver,sphingosine d20:1,0.008095593357263965,0.20931212974484736,1.3718030603914183e-5,0.0016945058871571594,1105
Liver,NP-008993,0.00809374071916833,0.20931212974484736,1.3711752710009837e-5,0.0016941181075317156,1106
Liver,D-PANTOTHENIC ACID,-0.008061039982046362,0.20931212974484736,1.3601178713691719e-5,0.00168727344660049,1107
Liver,3-Oxocholic acid,0.008054883404869604,0.20931212974484736,1.3580410988957418e-5,0.0016859848003196844,1108
Liver,Allantoic acid,-0.008049837598121891,0.20931212974484736,1.3563402011114944e-5,0.0016849286517630398,1109
Liver,Guvacine,0.008043887614621386,0.20931212974484736,1.3543358825891486e-5,0.0016836832480446025,1110
Liver,N-Glycolylneuraminic acid,0.00804314682205777,0.20931212974484736,1.3540864420697188e-5,0.0016835281911754126,1111
Liver,Cinnamoylglycine,-0.007986663333997512,0.20931212974484736,1.3351349117884834e-5,0.0016717055119941024,1112
Liver,2-Butylfuran,0.007972712585253608,0.20931212974484736,1.3304746767777944e-5,0.0016687854510629805,1113
Liver,Caftaric acid,0.007970311283598626,0.20931212974484736,1.3296733460193042e-5,0.0016682828294994165,1114
Liver,"1,2-Dioleoyl-sn-glycerol",0.00794055441464286,0.20931212974484736,1.3197633052989084e-5,0.001662054355883747,1115
Liver,Intepirdine,-0.007925485545217313,0.20931212974484736,1.3147590021533279e-5,0.0016589002587314387,1116
Liver,Vanylglycol,0.007841063554030093,0.20931212974484736,1.286898647823099e-5,0.0016412297119587408,1117
Liver,S-Adenosylhomocysteine,-0.0077744333572626065,0.20931212974484736,1.2651204819532372e-5,0.00162728320356802,1118
Liver,Cervonyl carnitine,-0.0077718567397342935,0.20931212974484736,1.26428204362951e-5,0.001626743886265631,1119
Liver,1-Pentanesulfenothioic acid,-0.007704411763756283,0.20931212974484736,1.2424341155835493e-5,0.0016126268347030834,1120
Liver,4-Hydroxyproline,-0.007691140216308835,0.20931212974484736,1.2381573915708644e-5,0.0016098489388418483,1121
Liver,D-(+)-Galactosamine,-0.007602929394521446,0.20931212974484736,1.2099190408896933e-5,0.0015913853438669868,1122
Liver,L-Ergothioneine,-0.007534941192875041,0.20931212974484736,1.1883767077044847e-5,0.0015771545885828555,1123
Liver,"2,5-Dimethylpyrazine",0.007519246240081539,0.20931212974484736,1.183431190359305e-5,0.0015738694445874028,1124
Liver,Valine-C13N15,-0.007440743530132771,0.20931212974484736,1.1588495793309106e-5,0.001557437875177284,1125
Liver,Morphine D3,-0.007440541210956907,0.20931212974484736,1.158786560278216e-5,0.0015573955273196958,1126
Liver,Tepilamide fumarate,0.00743506844952299,0.20931212974484736,1.157082536355586e-5,0.0015562500119683774,1127
Liver,Guanosine,0.0074194666608212055,0.20931212974484736,1.1522315745729847e-5,0.0015529843683473776,1128
Liver,11Z-Eicosenoic acid,-0.007389929082797853,0.20931212974484736,1.1430755570074742e-5,0.0015468017949838051,1129
Liver,"1-(4,5-dihydro-1H-imidazol-2-yl)-3,5-dimethyl-1H-pyrazole hydrobromide",0.007372836131859505,0.20931212974484736,1.1377937910198459e-5,0.0015432240330192752,1130
Liver,Tetracosahexaenoic acid,0.007356271467115616,0.20931212974484736,1.1326869365496477e-5,0.0015397568477632225,1131
Liver,Palmitic acid,0.007326359664868416,0.20931212974484736,1.1234942835711754e-5,0.0015334959447303542,1132
Liver,"LysoPE(0:0/20:2(11Z,14Z))",-0.00730562603991314,0.20931212974484736,1.1171442955903728e-5,0.0015291561455336345,1133
Liver,Nonoxynol-9,0.007285809059885192,0.20931212974484736,1.1110918641843498e-5,0.0015250082112388738,1134
Liver,Shikimic acid,-0.007280580838497263,0.20931212974484736,1.1094978202150279e-5,0.0015239138810853887,1135
Liver,Cyclo(L-His-L-Pro),0.00724459327990316,0.20931212974484736,1.0985565403029096e-5,0.0015163812485517395,1136
Liver,"LysoPE(20:4(5Z,8Z,11Z,14Z)/0:0)",0.007101136066919441,0.20931212974484736,1.0554801385313508e-5,0.0014863539137748571,1137
Liver,N-Methyl-D-aspartic acid,0.0070649589883598415,0.20931212974484736,1.0447531444442727e-5,0.0014787816124136007,1138
Liver,Mevalonic acid,0.007063520981980851,0.20931212974484736,1.044327888248783e-5,0.0014784806202358274,1139
Liver,D-Tartaric acid,0.007057230583467122,0.20931212974484736,1.0424686700191023e-5,0.001477163963525975,1140
Liver,"7,8-dihydroxanthopterin",-0.007046593038319424,0.20931212974484736,1.0393283588695338e-5,0.0014749373962958535,1141
Liver,"1,5-Naphthalenediamine",0.0070270354151490385,0.20931212974484736,1.0335671111122263e-5,0.001470843748537313,1142
Liver,"PE(20:0/22:5(7Z,10Z,13Z,16Z,19Z))",0.006996233995270407,0.20931212974484736,1.0245261539539718e-5,0.0014643966377433514,1143
Liver,2-Dodecylbenzenesulfonic acid,0.006931477467718263,0.20931212974484736,1.0056480788231322e-5,0.0014508423110465311,1144
Liver,"Erythrose, 4-phosphate",0.006897466872973796,0.20931212974484736,9.958034884115923e-6,0.001443723481026678,1145
Liver,Oxoadipic acid,-0.0068510695294535994,0.20931212974484736,9.824515604565614e-6,0.0014340119542399622,1146
Liver,"4-(1H-1,2,4-triazol-1-yl)aniline",0.006839027259529724,0.20931212974484736,9.79000844017483e-6,0.0014314913610752335,1147
Liver,Guanidinoethyl sulfonate,0.006793568001133204,0.20931212974484736,9.660291921586082e-6,0.0014219761868836365,1148
Liver,val-arg,-0.00673796984196428,0.20931212974484736,9.502820421140368e-6,0.001410338817778096,1149
Liver,18-Oxocortisol,0.006703444295302186,0.20931212974484736,9.40568448667289e-6,0.001403112202075648,1150
Liver,L-Serine,-0.006700586526461869,0.20931212974484736,9.397666655431018e-6,0.0014025140363933628,1151
Liver,riboprine,0.006691806279639755,0.20931212974484736,9.373053953053386e-6,0.0014006762242313407,1152
Liver,N-acetyl-9-O-acetylneuraminic acid,-0.006671859967023918,0.20931212974484736,9.317260577327588e-6,0.0013965012190571633,1153
Liver,Trimethylaminoacetone,-0.0066668367394452244,0.20931212974484736,9.303235971987404e-6,0.001395449796594474,1154
Liver,(±)-Tartaric acid,-0.006644653999592026,0.20931212974484736,9.241429169401218e-6,0.0013908066800722252,1155
Liver,N-Acetyl-L-alanine,-0.00658461543099122,0.20931212974484736,9.075179577580825e-6,0.0013782398794115584,1156
Liver,Bellendine,-0.006562438342982151,0.20931212974484736,9.014151827942453e-6,0.001373597945888841,1157
Liver,DL-Lysine,-0.006540591855216388,0.20931212974484736,8.954235144699227e-6,0.0013690252110071445,1158
Liver,5-Hydroxy-L-tryptophan,0.006504803248647401,0.20931212974484736,8.85651222745436e-6,0.0013615342215455896,1159
Liver,Decanoylcarnitine,0.006474565932224386,0.20931212974484736,8.77436531839648e-6,0.0013552051844473193,1160
Liver,Citrusin E,-0.006442982223663713,0.20931212974484736,8.688969302489578e-6,0.0013485943311432444,1161
Liver,3-Indoleacetonitrile,-0.006415220850184973,0.20931212974484736,8.614252956265898e-6,0.001342783538935767,1162
Liver,"N~6~,N~6~-Dimethyllysine",-0.006401652750279207,0.20931212974484736,8.577853446817733e-6,0.0013399435710479003,1163
Liver,heptaminol,-0.006313022448098646,0.20931212974484736,8.34197845555338e-6,0.0013213921737385576,1164
Liver,Artabsinolide A,-0.006287014173787126,0.20931212974484736,8.273385780371558e-6,0.0013159483264514253,1165
Liver,H-Met(O)-OH,0.00627642255879284,0.20931212974484736,8.245533225437109e-6,0.001313731372959534,1166
Liver,Indole,-0.006261240822131507,0.20931212974484736,8.20569202127413e-6,0.0013105536513257248,1167
Liver,"2-(2-pyridin-3-yl-1,3-thiazol-4-yl)-n'-[4-(trifluoromethyl)benzoyl]acetohydrazide",0.0062134784220978494,0.20931212974484736,8.080979138391857e-6,0.0013005564016529546,1168
Liver,Gluconic acid,-0.006198620165054463,0.20931212974484736,8.042377345140388e-6,0.001297446388226907,1169
Liver,Palmitoylcarnitine,0.006181629708970035,0.20931212974484736,7.998349356682462e-6,0.001293890079678539,1170
Liver,"1-α,24R,25-Trihydroxyvitamin D2",0.006148064675297285,0.20931212974484736,7.911726241945382e-6,0.0012868645109955382,1171
Liver,LysoPE(20:1(11Z)/0:0),0.006148064675297285,0.20931212974484736,7.911726241945382e-6,0.0012868645109955382,1172
Liver,"2-oxa-4-azatetracyclo[6.3.1.1~6,10~.0~1,5~]tridecan-3-one",-0.006126250257253049,0.20931212974484736,7.85568144624634e-6,0.0012822984886955548,1173
Liver,sulfadimidine,-0.006097569932191243,0.20931212974484736,7.782300143286546e-6,0.0012762953487750936,1174
Liver,Glycyl-L-asparaginyl-D-leucine,-0.006057142964895197,0.20931212974484736,7.679448729756637e-6,0.001267833494151233,1175
Liver,Tripropylamine,-0.005986224629158849,0.20931212974484736,7.50067616355501e-6,0.0012529894262602978,1176
Liver,piroximone,0.005969659498670965,0.20931212974484736,7.459221732854187e-6,0.0012495221435183776,1177
Liver,pyrazinamide,-0.005964513632435666,0.20931212974484736,7.446367527809499e-6,0.001248445051297285,1178
Liver,Benzimidazole,0.0059163436734009115,0.20931212974484736,7.3265781101971764e-6,0.0012383624945819984,1179
Liver,Annoglabasin F,0.005913711392522857,0.20931212974484736,7.320060124671367e-6,0.0012378115262653264,1180
Liver,4-Trimethylammoniobutanoic acid,-0.005891089568980056,0.20931212974484736,7.26416413165214e-6,0.0012330765042008706,1181
Liver,irgafos 168,0.005881098656416109,0.20931212974484736,7.239545905763933e-6,0.0012309852850140163,1182
Liver,Tetracosatetraenoic acid (24:4n-6),0.0058314819051980705,0.20931212974484736,7.117906213690891e-6,0.0012205998971455481,1183
Liver,Cyclocalopin F,-0.0058262533656408474,0.20931212974484736,7.105148026096055e-6,0.0012195055003953706,1184
Liver,"PG(18:1(9Z)/18:2(9Z,12Z))",0.005693903207307543,0.20931212974484736,6.786010963367375e-6,0.001191803006882559,1185
Liver,15-Keto-prostaglandin E2,-0.0056917863377293956,0.20931212974484736,6.780966118266837e-6,0.0011913599204027648,1186
Liver,Netilmicin,0.005684003886479796,0.20931212974484736,6.762435394577352e-6,0.0011897309589570756,1187
Liver,1-oleoyl-2-arachidonoyl-sn-glycero-3-phospho-L-serine,-0.005679117910416058,0.20931212974484736,6.750814397460525e-6,0.0011887082649012922,1188
Liver,2-Hexenoylcarnitine,-0.0056749288906952165,0.20931212974484736,6.740859025717966e-6,0.00118783145226198,1189
Liver,Citronellyl propionate,-0.0056455597945794245,0.20931212974484736,6.6712684944174494e-6,0.0011816841442053023,1190
Liver,Acetyl-L-methionine,0.0056295703643518425,0.20931212974484736,6.633533095200216e-6,0.0011783373625109605,1191
Liver,Canrenone,0.005595626297993878,0.20931212974484736,6.553779141310667e-6,0.0011712324576893746,1192
Liver,2S-Amino-tridecanoic acid,-0.005582541077621439,0.20931212974484736,6.523163310727385e-6,0.0011684935623450386,1193
Liver,3-hydroxy-3-methyloxindole,-0.005576158834941049,0.20931212974484736,6.508256617672176e-6,0.0011671576815370577,1194
Liver,Demethylated antipyrine,-0.005574328000155949,0.20931212974484736,6.503983573511119e-6,0.0011667744656089776,1195
Liver,"PC(16:0/18:4(6Z,9Z,12Z,15Z))",-0.0055068975779747715,0.20931212974484736,6.347583097233106e-6,0.0011526604603326412,1196
Liver,N-Undecanoylglycine,0.005503030391078536,0.20931212974484736,6.338671120668142e-6,0.0011518510112072686,1197
Liver,Tiotidine,-0.005394410109875482,0.20931212974484736,6.090911900193364e-6,0.001129115468815173,1198
Liver,5′-Deoxy-5-fluorocytidine,-0.005370852125372858,0.20931212974484736,6.037828694521131e-6,0.0011241844969064327,1199
Liver,Kynurenic acid,0.005345188043814228,0.20931212974484736,5.980264231694935e-6,0.0011188126933374507,1200
Liver,Thiodiacetic acid,-0.005330740247632958,0.20931212974484736,5.947979167744043e-6,0.0011157885943486295,1201
Liver,"6,7-Dihydroxy-3-isocyano-2H-chromen-2-one",-0.005321419369928722,0.20931212974484736,5.927197094459165e-6,0.0011138376215852647,1202
Liver,1-O-{[1-Methyl-5-(4-methylbenzoyl)-1H-pyrrol-2-yl]acetyl}-β-D-glucopyranuronic acid,0.005288409960374968,0.20931212974484736,5.853890920921641e-6,0.0011069283517699483,1203
Liver,Bethanidine,0.005256118688137753,0.20931212974484736,5.782620926668237e-6,0.0011001693968058063,1204
Liver,5-Methoxytryptamine,-0.005234456511863471,0.20931212974484736,5.735055019549844e-6,0.001095635240554928,1205
Liver,nicotine imine,-0.00520989734671404,0.20931212974484736,5.6813654930709615e-6,0.0010904947093927453,1206
Liver,desciclovir,0.005208708404268314,0.20931212974484736,5.678772718057596e-6,0.0010902458493172863,1207
Liver,IMINOCTADINE,0.005087717874605952,0.20931212974484736,5.418017931719699e-6,0.0010649210638747002,1208
Liver,Eplerenone,-0.0050859001854043,0.20931212974484736,5.414147232248894e-6,0.0010645405994766882,1209
Liver,3-Methoxy-4-hydroxyphenylethyleneglycol sulfate,-0.005084234338441257,0.20931212974484736,5.410601089650354e-6,0.0010641919175010245,1210
Liver,"4-nitrobenzene-1,2-diamine",0.0050202391472153034,0.20931212974484736,5.275251972778998e-6,0.0010507969477320915,1211
Liver,3β-hydroxy-5α-cholest-8-ene-4α-carboxylic acid,-0.005020131080299683,0.20931212974484736,5.275024862453273e-6,0.001050774328015828,1212
Liver,5-Dodecenoylcarnitine,-0.005006269975902918,0.20931212974484736,5.245935292321647e-6,0.0010478730307339256,1213
Liver,N~2~-(1-Carboxyethyl)-N~5~-(diaminomethylene)ornithine,-0.0049725304942959065,0.20931212974484736,5.175464177638892e-6,0.0010408109479822748,1214
Liver,Carbamazepine-O-quinone,-0.004968632346560984,0.20931212974484736,5.167352888574311e-6,0.001039995018377818,1215
Liver,"2-(3-thienylcarbonyl)-3-(3,4,5-trimethoxyphenyl)acrylonitrile",-0.004931579533502709,0.20931212974484736,5.090570773495384e-6,0.001032239415163553,1216
Liver,6-Aminonicotinamide,-0.004923142154097049,0.20931212974484736,5.073166883127868e-6,0.0010304733693106889,1217
Liver,2-[2-oxo-2-(pyridin-3-ylamino)ethoxy]acetic acid,0.004870911949021458,0.20931212974484736,4.966094214621323e-6,0.0010195409538493068,1218
Liver,Deisopropylhydroxyatrazine,0.004853022936107628,0.20931212974484736,4.929684035436557e-6,0.00101579656645728,1219
Liver,3β-Fluoroandrost-5-en-17β-ol,-0.004841293684771434,0.20931212974484736,4.905883765154484e-6,0.0010133414918797885,1220
Liver,Pseudouridine,-0.004773942886477467,0.20931212974484736,4.77033451534703e-6,9.992441528488627e-4,1221
Liver,c19:3,-0.004707910601816027,0.20931212974484736,4.6392824225073776e-6,9.854227947144586e-4,1222
Liver,"5,6-Dihydrouridine",-0.004691881062189455,0.20931212974484736,4.6077444569777e-6,9.820676176363916e-4,1223
Liver,irganox 330,-0.004667813060830325,0.20931212974484736,4.560592895428717e-6,9.770298930132102e-4,1224
Liver,Anhydrovitamin A,-0.004665264011784601,0.20931212974484736,4.5556132612330355e-6,9.764963461286255e-4,1225
Liver,Mimosine,-0.004653625695655677,0.20931212974484736,4.532912066295251e-6,9.740603053930366e-4,1226
Liver,Diethanolamine,-0.004516416935572929,0.20931212974484736,4.269553413991616e-6,9.453408476004668e-4,1227
Liver,Toluene,-0.004480326263838765,0.20931212974484736,4.201590078283258e-6,9.377866322358668e-4,1228
Liver,Oleamide,0.004425707597481408,0.20931212974484736,4.099773187598716e-6,9.263542828567852e-4,1229
Liver,Pyrrolidine,0.004356146974604885,0.20931212974484736,3.9719104202283314e-6,9.11794400736122e-4,1230
Liver,PG(16:0/16:1(9Z)),-0.004345287462061553,0.20931212974484736,3.952131818737667e-6,9.095213730376863e-4,1231
Liver,L-Fucose,-0.004288315035873668,0.20931212974484736,3.849175937468163e-6,8.975963531755689e-4,1232
Liver,"1-(1Z-octadecenyl)-2-(4Z,7Z,10Z,13Z,16Z,19Z-docosahexaenoyl)-sn-glycero-3-phosphocholine",-0.004247646984493854,0.20931212974484736,3.776515127572232e-6,8.890840367286873e-4,1233
Liver,Tris(hydroxymethyl)aminomethane,-0.004223012473235092,0.20931212974484736,3.7328378491267602e-6,8.839277347118923e-4,1234
Liver,"PC(14:0/20:5(5Z,8Z,11Z,14Z,17Z))",0.004188621520621784,0.20931212974484736,3.672287176781148e-6,8.767292911764468e-4,1235
Liver,"1,28-Octacosanediyl (2E,2′E)bis[3-(3-hydroxy-4-methoxyphenyl)acrylate]",0.004180685802223269,0.20931212974484736,3.6583854048106393e-6,8.750682490573981e-4,1236
Liver,N-methyl-L-glutamic Acid,-0.0041389181527860695,0.20931212974484736,3.5856514697486355e-6,8.663257733992618e-4,1237
Liver,p-Synephrine,0.004133369381453698,0.20931212974484736,3.5760438269993207e-6,8.651643482542159e-4,1238
Liver,S-(Formylmethyl)glutathione,0.004125956088239299,0.20931212974484736,3.5632278961640055e-6,8.63612656063087e-4,1239
Liver,"Adenosine 2',3'-cyclic phosphate",0.004107149490730158,0.20931212974484736,3.5308186961227908e-6,8.596762070851946e-4,1240
Liver,Indoleacetic acid,-0.0040844969925439185,0.20931212974484736,3.4919784742000787e-6,8.549347644457915e-4,1241
Liver,Edaravone,0.004050424099354487,0.20931212974484736,3.4339612758135932e-6,8.478028946057428e-4,1242
Liver,Ophthalmic acid,0.004017344416503419,0.20931212974484736,3.378100217091092e-6,8.408789157369019e-4,1243
Liver,1-oleoyl-2-arachidonoyl-sn-glycero-3-phosphate,-0.004015699386307764,0.20931212974484736,3.375334241101187e-6,8.405345909631546e-4,1244
Liver,Riboflavin,0.004006315199575096,0.20931212974484736,3.359577206633299e-6,8.385703668522165e-4,1245
Liver,L-Valine,0.0039459097813602665,0.20931212974484736,3.2590325603532005e-6,8.259267801175423e-4,1246
Liver,N-Methylpyrrolidone,-0.0038926266380082592,0.20931212974484736,3.171610866985542e-6,8.147739719030337e-4,1247
Liver,Adenosine 5'-monophosphate,-0.003880551435316839,0.20931212974484736,3.151964265179185e-6,8.122464855105919e-4,1248
Liver,Oxalic acid,-0.0038738568535502107,0.20931212974484736,3.1410983449860537e-6,8.108452283432678e-4,1249
Liver,4-Hydroxypropofol,0.003840349028065049,0.20931212974484736,3.086994034466794e-6,8.038316340278499e-4,1250
Liver,"5-Methyl-3-[(12Z)-2,8,16,17-tetrahydroxy-12-dotriaconten-1-yl]-2(5H)-furanone",0.0038028117885185336,0.20931212974484736,3.0269417233380373e-6,7.959746344736264e-4,1251
Liver,Adenine,-0.0037248613874150374,0.20931212974484736,2.9041204752619645e-6,7.796586700041884e-4,1252
Liver,Glyceric acid,0.003703869750464991,0.20931212974484736,2.871480084913966e-6,7.752648657673437e-4,1253
Liver,L-Arginine,0.0037025087011964804,0.20931212974484736,2.8693701252983813e-6,7.74979981646264e-4,1254
Liver,2-Arachidonoyl glycerol,-0.003691435011966689,0.20931212974484736,2.8522320175796386e-6,7.726621241694438e-4,1255
Liver,"3,4-Dihydroxyhydrocinnamic acid",0.003690006002160114,0.20931212974484736,2.850024161504241e-6,7.723630150834034e-4,1256
Liver,"4-(1,1,3,3-Tetramethylbutyl)-phenol",-0.0036707624828017215,0.20931212974484736,2.820375707249822e-6,7.68335113062712e-4,1257
Liver,PG(16:0/18:1(11Z)),0.0036671987629334473,0.20931212974484736,2.8149021033188258e-6,7.675891832672695e-4,1258
Liver,D-Glucuronic acid 1-phosphate,0.0036458255718367816,0.20931212974484736,2.7821860592876437e-6,7.631155151193828e-4,1259
Liver,Myristoylcarnitine,-0.0036439739577953712,0.20931212974484736,2.779360786102929e-6,7.627279498409097e-4,1260
Liver,Calcitriol,-0.00360576375617406,0.20931212974484736,2.7213784084043442e-6,7.547300911615731e-4,1261
Liver,Malondialdehyde,-0.0035463207142064335,0.20931212974484736,2.6323911026655914e-6,7.422879414488168e-4,1262
Liver,2-Aminoisobutyric acid,0.003530328506915974,0.20931212974484736,2.6087029891303248e-6,7.389405784815297e-4,1263
Liver,L-Cystathionine,-0.0034827031344206536,0.20931212974484736,2.5387931052973844e-6,7.289720103346425e-4,1264
Liver,L-(−)-methionine,-0.003470619502312062,0.20931212974484736,2.5212064086525314e-6,7.264427595629399e-4,1265
Liver,Butylphthalide,-0.0034606716833846746,0.20931212974484736,2.506774079926318e-6,7.243605603969324e-4,1266
Liver,FAD,0.0034410922386530797,0.20931212974484736,2.478489165589735e-6,7.202623451209407e-4,1267
Liver,Nitrosoguvacoline,0.003347135225485794,0.20931212974484736,2.3449895591049697e-6,7.005960025904314e-4,1268
Liver,Maleamic Acid,0.0033187426275723513,0.20931212974484736,2.305374812702293e-6,6.946530874521797e-4,1269
Liver,3-Hydroxybutyrylcarnitine,-0.0032475374346619865,0.20931212974484736,2.2075102485754568e-6,6.797489768752185e-4,1270
Liver,2-Phenylbutyric acid,0.00321091714468732,0.20931212974484736,2.1580057364076892e-6,6.720839059887472e-4,1271
Liver,O-Phosphoethanolamine,-0.003167593873763049,0.20931212974484736,2.100164849272781e-6,6.63015819884075e-4,1272
Liver,Erucic acid,-0.0030545643047021837,0.20931212974484736,1.9529581699872956e-6,6.39357360059803e-4,1273
Liver,Mesylate,0.003032098509479954,0.20931212974484736,1.9243364692716396e-6,6.346549966154264e-4,1274
Liver,piminodine,-0.0029627200610140964,0.20931212974484736,1.8372812078590575e-6,6.201332458086446e-4,1275
Liver,Pregabalin,-0.002932970667960811,0.20931212974484736,1.8005692792670663e-6,6.139063369900449e-4,1276
Liver,L-(+)-Alanine,-0.0028883396926699533,0.20931212974484736,1.7461877359982567e-6,6.045645324993258e-4,1277
Liver,Myristic acid,-0.0028823405461038264,0.20931212974484736,1.7389415266131803e-6,6.033088383549184e-4,1278
Liver,3-Hydroxy-1-phenyl-1-eicosanone,0.0028165419766609445,0.20931212974484736,1.6604540163856593e-6,5.895363996506644e-4,1279
Liver,(9Z)-9-Octadecenamide,0.0027935250070503883,0.20931212974484736,1.6334262231619023e-6,5.847186687212066e-4,1280
Liver,Galactosylhydroxylysine,-0.002791393635647127,0.20931212974484736,1.6309346687144053e-6,5.842725468335127e-4,1281
Liver,Hydroxymethyl uracil,-0.0027630257823219946,0.20931212974484736,1.5979539937115937e-6,5.783348110377397e-4,1282
Liver,L-Arabitol,0.0027512471390349147,0.20931212974484736,1.5843590340514101e-06,5.758693981258162e-4,1283
Liver,JH-III,0.002686135382404495,0.20931212974484736,1.5102546851728286e-6,5.622407176740748e-4,1284
Liver,Phenelzine,0.0026860313047805573,0.20931212974484736,1.5101376540841764e-6,5.622189329649496e-4,1285
Liver,"1-Phenyl-1,3-eicosanedione",0.0026819722152397582,0.20931212974484736,1.5055769087734676e-6,5.6136931628834e-4,1286
Liver,P-DMEA,-0.0026685324219017843,0.20931212974484736,1.4905253412198613e-6,5.585562045214381e-4,1287
Liver,Methylglutaric acid,-0.002661462970949492,0.20931212974484736,1.482638430656871e-6,5.57076482686487e-4,1288
Liver,N6-Galacturonyl-L-lysine,0.0026140474353857253,0.20931212974484736,1.4302808535438242e-6,5.471518359546425e-4,1289
Liver,(E)-p-coumaric acid,-0.0025971422523178513,0.20931212974484736,1.4118412679502596e-6,5.436133760829792e-4,1290
Liver,Niacinamide,0.0025841147990741864,0.20931212974484736,1.3977129955825569e-6,5.408865720993963e-4,1291
Liver,Melonal,-0.002549191834955382,0.20931212974484736,1.3601895507660167e-6,5.335767721026864e-4,1292
Liver,PC(18:1(9Z)/15:0),0.0025144590436426404,0.20931212974484736,1.3233768366190444e-6,5.263067775810331e-4,1293
Liver,2-amino-3-(3-carboxy-5-methyl-4-isoxazolyl)propionic acid,-0.002485189561637042,0.20931212974484736,1.2927467013483034e-6,5.201803199659129e-4,1294
Liver,Indole-3-propionic acid,-0.002379296002189852,0.20931212974484736,1.1849263203270543e-6,4.980155135117589e-4,1295
Liver,3-Nitrosothiazolidine,-0.002370742778264516,0.20931212974484736,1.1764223566976742e-6,4.962252199957623e-4,1296
Liver,LysoPC(16:1(9Z)/0:0),0.0023676939138062413,0.20931212974484736,1.1733984555010774e-6,4.955870556826974e-4,1297
Liver,Flavin mononucleotide,0.0023448585748219552,0.20931212974484736,1.1508738050521648e-6,4.90807342246451e-4,1298
Liver,noxytiolin,-0.0022862433480540707,0.20931212974484736,1.09405538078517e-6,4.7853846429618785e-4,1299
Liver,Isobutyryl-L-carnitine,-0.0022685688763265286,0.20931212974484736,1.0772049380476676e-6,4.7483898297678097e-4,1300
Liver,Galactonic acid,0.002257334637041047,0.20931212974484736,1.0665624454269634e-6,4.724875204258735e-4,1301
Liver,"1-(beta-D-Ribofuranosyl)-1,4-dihydronicotinamide",-0.0020780749339735184,0.20931212974484736,9.038925447867833e-7,4.349662901993802e-4,1302
Liver,N-Heptanoylglycine,0.002031331332001478,0.20931212974484736,8.636861020424628e-7,4.25182287318667e-4,1303
Liver,"1-(4,7-Dihydro-5H-thieno[2,3-c]pyran-7-yl)-N-methylmethanamine",-0.0020117565225988053,0.20931212974484736,8.471205803619925e-7,4.210850422732441e-4,1304
Liver,Glutarylglycine,-0.0019362440247166792,0.20931212974484736,7.847197401462648e-7,4.05279360519183e-4,1305
Liver,Muramic acid,-0.00191943872622086,0.20931212974484736,7.711571724159265e-7,4.0176180770002523e-4,1306
Liver,10-Hydroxy-2-decenoic acid,0.001901768422813188,0.20931212974484736,7.570240218769582e-7,3.9806319886052775e-4,1307
Liver,Biphenyl,-0.001898240943235733,0.20931212974484736,7.542183067622333e-7,3.9732485459753917e-4,1308
Liver,Gamma glutamyl ornithine,0.0018866640714319653,0.20931212974484736,7.450468017906443e-7,3.9490167490450947e-4,1309
Liver,"(10Z,12Z)-octadeca-10,12-dienoylcarnitine",-0.0018783063673023137,0.20931212974484736,7.384604797796044e-7,3.931523060533548e-4,1310
Liver,LysoPC(22:1(13Z)/0:0),0.0018608679405839991,0.20931212974484736,7.248122159751863e-7,3.8950223181754494e-4,1311
Liver,Vitamin A,-0.0018491213670076506,0.20931212974484736,7.156904640311504e-7,3.8704353148507486e-4,1312
Liver,2-methylquinolin-4-ol,-0.001837165550275467,0.20931212974484736,7.06465540372566e-7,3.8454103402202247e-4,1313
Liver,Ulodesine,-0.0018141413526871354,0.20931212974484736,6.888690020985117e-7,3.797217901891426e-4,1314
Liver,4-Methoxyaniline,0.0017959798992557376,0.20931212974484736,6.751454420557352e-7,3.7592037769215486e-4,1315
Liver,1-(1Z-hexadecenyl)-2-oleoyl-sn-glycero-3-phosphoethanolamine,-0.0017757256248219363,0.20931212974484736,6.600033203596717e-7,3.7168091237397926e-4,1316
Liver,Heptaethylene glycol,-0.001759118169190643,0.20931212974484736,6.477157017096752e-7,3.6820477046615026e-4,1317
Liver,5-Indolol,-0.0017492393159835315,0.20931212974484736,6.404612470895774e-7,3.66137006661933e-4,1318
Liver,C12-Carnitine,0.001745324230564623,0.20931212974484736,6.375975400914712e-7,3.653175317947683e-4,1319
Liver,"PG(18:0/22:5(4Z,7Z,10Z,13Z,16Z))",-0.0017368729981913898,0.20931212974484736,6.314377231580722e-7,3.635485863477582e-4,1320
Liver,Orotidylic acid,-0.0017259266669006075,0.20931212974484736,6.235037568584829e-7,3.612573864323919e-4,1321
Liver,"[6]-Gingerdiol 3,5-diacetate",0.0017045712786409807,0.20931212974484736,6.081696307032368e-7,3.5678744463424133e-4,1322
Liver,Heptadecanoyl carnitine,-0.0016994191819675415,0.20931212974484736,6.044987798921178e-7,3.557090483068724e-4,1323
Liver,Phosphatidylserine,-0.001657558963886569,0.20931212974484736,5.750854362314342e-7,3.469471969087603e-4,1324
Liver,Norspermidine,-0.0016413058135372532,0.20931212974484736,5.638627592392143e-7,3.435452153940818e-4,1325
Liver,dribendazole,0.00162890490520689,0.20931212974484736,5.553744023406719e-7,3.4094955486068285e-4,1326
Liver,"5-Ethyl-2-isopropyl-4-methyl-1,3-thiazole",-0.0015952528300601301,0.20931212974484736,5.326641203247373e-7,3.339057673413809e-4,1327
Liver,"(10E,12Z)-10,12-Hexadecadienal",0.0015131962964404296,0.20931212974484736,4.792751767470578e-7,3.167303395299617e-4,1328
Liver,1-Octen-3-yl glucoside,-0.0014841007693511567,0.20931212974484736,4.6102149751941136e-7,3.106402927888571e-4,1329
Liver,Aspartylglycosamine,-0.0014580103340870276,0.20931212974484736,4.4495449765039274e-7,3.0517924821775217e-4,1330
Liver,"2-Cyclohexen-1-one, 3-(15-hydroxypentadecyl)-2,4,4-trimethyl-",-0.001389963045432085,0.20931212974484736,4.0439046275657154e-7,2.9093612530602374e-4,1331
Liver,Fasciculol C,-0.001386055068524859,0.20931212974484736,4.0211971611241094e-7,2.901181383365786e-4,1332
Liver,Docosanamide,-0.0012907801947254587,0.20931212974484736,3.48737767404063e-7,2.7017595159045454e-4,1333
Liver,5-Phosphoribosylamine,0.0012823784335951,0.20931212974484736,3.442126350446422e-7,2.684173610746517e-4,1334
Liver,"5-(3',4',5'-Trihydroxyphenyl)-gamma-valerolactone-3'-O-glucuronide",0.0012729101351695417,0.20931212974484736,3.391484882452398e-7,2.664355313661383e-4,1335
Liver,"Galactose-beta-1,4-xylose",0.0012577756106869683,0.20931212974484736,3.3113168184552167e-7,2.6326769181401533e-4,1336
Liver,L-Allothreonine,0.0012219856615396268,0.20931212974484736,3.1255511943070844e-7,2.5577642133452547e-4,1337
Liver,"1,4-Naphthoquinone",0.0012131558688236591,0.20931212974484736,3.0805453293698307e-7,2.5392823861594075e-4,1338
Liver,Methyl beta-D-glucopyranoside,0.0011675527419917195,0.20931212974484736,2.8532998455443555e-7,2.4438295101572306e-4,1339
Liver,Porphobilinogen,-0.001089676844613551,0.20931212974484736,2.4853630726225e-7,2.2808258107970744e-4,1340
Liver,"3-amino-5,7-dimethyladamantan-1-ol",-0.0010553042678121338,0.20931212974484736,2.3310403203850157e-7,2.208879838245845e-4,1341
Liver,Benzyl butyl phthalate,0.0010128369095166794,0.20931212974484736,2.1472046324549375e-7,2.1199905061512544e-4,1342
Liver,Hypoxanthin,9.998834742675346e-4,0.20931212974484736,2.0926335208847417e-7,2.0928773949561495e-4,1343
Liver,Maleic acid,-9.744890924285412e-4,0.20931212974484736,1.9876886662854253e-7,2.0397238734934137e-4,1344
Liver,Thiamine monophosphate,9.605871433150446e-4,0.20931212974484736,1.9313809166859988e-7,2.010625407727909e-4,1345
Liver,Tetradecenoic acid,-9.480011369951513e-4,0.20931212974484736,1.8811009947360198e-7,1.9842813698499193e-4,1346
Liver,Glucosaminate,8.385074335536317e-4,0.20931212974484736,1.4716625244440944e-7,1.7550977672399674e-4,1347
Liver,"2',4'-Dihydroxyacetophenone",-8.330998940120597e-4,0.20931212974484736,1.4527422092654516e-7,1.7437791310587084e-4,1348
Liver,3-Tropanol,-8.094807171351637e-4,0.20931212974484736,1.3715366339973878e-7,1.6943413289094745e-4,1349
Liver,PS(18:1(9Z)/18:0),7.173892727586659e-4,0.20931212974484736,1.0772193680373348e-7,1.5015827653722358e-4,1350
Liver,DEET,6.818498145174982e-4,0.20931212974484736,9.73132215392959e-8,1.427194368427867e-4,1351
Liver,N-Acetyl-L-aspartic acid,6.7101557092127e-4,0.20931212974484736,9.424527648237244e-8,1.404516982414857e-4,1352
Liver,"PE(P-18:1(9Z)/22:4(7Z,10Z,13Z,16Z))",-6.435982232625343e-4,0.20931212974484736,8.670099262292876e-8,1.3471291481108083e-4,1353
Liver,gamma-Glutamylphenylalanine,-5.800073541627436e-4,0.20931212974484736,7.0414386063428e-8,1.2140257456747783e-4,1354
Liver,Phosphoenolpyruvic acid,5.794896006236172e-4,0.20931212974484736,7.02887289481815e-8,1.2129420247152035e-4,1355
Liver,methaniazide,-5.646344143486654e-4,0.20931212974484736,6.673122328521338e-8,1.1818483179455375e-4,1356
Liver,2-Phosphoglyceric acid,-5.20575246885001e-4,0.20931212974484736,5.6723291542923596e-8,1.0896271361794927e-4,1357
Liver,"1-hexadecyl-2-[(9Z,12Z)-octadecadienoyl]-sn-glycero-3-phosphocholine",4.836085339898788e-4,0.20931212974484736,4.8953337792076086e-8,1.0122513221220494e-4,1358
Liver,Sedecamycin,-4.125540905375159e-4,0.20931212974484736,3.56251081789246e-8,8.635257532535603e-5,1359
Liver,Ethylmalonic acid,-3.781672886077364e-4,0.20931212974484736,2.9933831948446956e-8,7.915500057831966e-5,1360
Liver,Octadecanamide,3.712645524378693e-4,0.20931212974484736,2.8851033032922396e-8,7.771017416953799e-5,1361
Liver,Terbutaline,-3.4798338612520267e-4,0.20931212974484736,2.5346115888474575e-8,7.283714366568974e-5,1362
Liver,Glutarylcarnitine,3.464923003050127e-4,0.20931212974484736,2.5129368395655e-8,7.252504131703343e-5,1363
Liver,pentahomomethionine,-3.437471367000864e-4,0.20931212974484736,2.4732759548054725e-8,7.195044527638827e-5,1364
Liver,Pentadecanoic acid,3.319278204470699e-4,0.20931212974484736,2.3061189530339423e-8,6.94765190193415e-5,1365
Liver,"4,7-dimethylpyrazolo[5,1-c][1,2,4]triazine-3-carbonitrile",-2.9152010911387996e-4,0.20931212974484736,1.7788176595839894e-8,6.1018694902076505e-5,1366
Liver,"(15R,21S)-18,21,22-Trihydroxy-3-methyl-18-oxido-12-oxo-13,17,19-trioxa-18λ~5~-phosphadocosan-15-yl 22-methyltricosanoate",-2.8653631033582046e-4,0.20931212974484736,1.718516574871748e-8,5.99755253656211e-5,1367
Liver,Isobutyric acid,2.374742194049665e-4,0.20931212974484736,1.1803949266692356e-8,4.97062346231487e-5,1368
Liver,AICAR,2.063879490672702e-4,0.20931212974484736,8.915856447812511e-9,4.319950117294141e-5,1369
Liver,c19:2,1.7556076341291132e-4,0.20931212974484736,6.4513308972922075e-9,3.674699728958775e-5,1370
Muscle,L-Isoleucine,-0.07205617980954951,0.15304136755357553,7.946050206455211e-4,0.011027576298739794,1
Muscle,Hexacosanoic acid,0.07032417969748728,0.15304136755357553,7.568645911019249e-4,0.010762508632986844,2
Muscle,16-Hydroxyhexadecanoic acid,-0.06989941606173222,0.15304136755357553,7.477491588664231e-4,0.010697502225283862,3
Muscle,Naphthalen-2-amine,-0.06980590794400035,0.15304136755357553,7.457498904296101e-4,0.010683191615068815,4
Muscle,PS(16:0/18:1(9Z)),0.06933338998762717,0.15304136755357553,7.356880607294078e-4,0.010610876820831843,5
Muscle,PE(16:1(9Z)/16:0),0.06887998571485032,0.15304136755357553,7.260974884981021e-4,0.01054148721087144,6
Muscle,"PG(18:2(9Z,12Z)/18:3(6Z,9Z,12Z))",0.06839299495732665,0.15304136755357553,7.15866570104015e-4,0.010466957479354066,7
Muscle,2-Amino-6-purinethiol,0.0683420413162034,0.15304136755357553,7.148003082511581e-4,0.01045915946443473,8
Muscle,Benzoic acid,0.06825458941265591,0.15304136755357553,7.129721318770086e-4,0.010445775705520658,9
Muscle,Homoanserine,0.06779966374731103,0.15304136755357553,7.03499701988805e-4,0.010376153259561057,10
Muscle,Tetracosanoic acid,0.0669069286630103,0.15304136755357553,6.850953601653699e-4,0.010239527861396617,11
Muscle,Glyceric acid,-0.06640928567883354,0.15304136755357553,6.749420022335454e-4,0.010163367898544764,12
Muscle,Phentermine,-0.06633438052320917,0.15304136755357553,6.73420283607131e-4,0.010151904311091196,13
Muscle,2-(3-Aminopropoxy)guanidine,-0.06629100025190794,0.15304136755357553,6.725397868812346e-4,0.010145265335046411,14
Muscle,"PG(18:0/22:6(4Z,7Z,10Z,13Z,16Z,19Z))",0.0660923159131727,0.15304136755357553,6.685144175918317e-4,0.010114858412134893,15
Muscle,"PG(16:1(9Z)/22:6(4Z,7Z,10Z,13Z,16Z,19Z))",0.06599090870469623,0.15304136755357553,0.00066646455226936855,0.010099338914269862,16
Muscle,Cholesterol sulfate,0.06591719100052974,0.15304136755357553,6.649763837853395e-4,0.010088057056011313,17
Muscle,DEET,-0.06574197486731911,0.15304136755357553,6.614459015635076e-4,0.010061241739367309,18
Muscle,"2,3,6-trihydroxypyridine",-0.06572971505574812,0.15304136755357553,6.611992267102916e-4,0.010059365481038536,19
Muscle,PC(16:0/15:0),0.06569245338576786,0.15304136755357553,6.604497816843006e-4,0.010053662904107426,20
Muscle,Amitrole,-0.06564673477554941,0.15304136755357553,6.595308225788776e-4,0.010046666065476946,21
Muscle,n6-(delta2-isopentenyl)-adenine,-0.06536732236527006,0.15304136755357553,6.539284443553804e-4,0.010003904408096353,22
Muscle,Phenmetrazine,-0.06518422908069607,0.15304136755357553,6.502702793509471e-4,0.009975883561435275,23
Muscle,"PG(18:0/20:4(5Z,8Z,11Z,14Z))",0.06505403283857518,0.15304136755357553,6.476752284615058e-4,0.009955958150490756,24
Muscle,"1,2-Dipalmitoylphosphatidylglycerol",0.06499103735898609,0.15304136755357553,6.464214750786107e-4,0.00994631723614475,25
Muscle,Ascorbic acid,0.06457933957525919,0.15304136755357553,6.3825766131044e-4,0.009883310444304407,26
Muscle,S-Carboxymethyl-L-cysteine,-0.06455232227052973,0.15304136755357553,6.377237322006341e-4,0.009879175679041001,27
Muscle,PG(16:0/18:1(11Z)),0.06451405175229888,0.15304136755357553,6.369677940041438e-4,0.009873318706593966,28
Muscle,Behenic acid,0.06447875548423669,0.15304136755357553,6.362710020596784e-4,0.009867916917460192,29
Muscle,cis-2-Methylaconitate,0.06423986000404552,0.15304136755357553,6.315649347903215e-4,0.009831356026469368,30
Muscle,"6,7-Dihydroxycoumarin",-0.06401331817140382,0.15304136755357553,6.271183622340715e-4,0.009796685754593788,31
Muscle,7-Methylhypoxanthine,0.06389000518275868,0.15304136755357553,6.247045721969328e-4,0.009777813766174417,32
Muscle,Pregnenolone,0.06381939265670651,0.15304136755357553,6.233244630223139e-4,0.00976700712862098,33
Muscle,Rosterolone,0.06379852700443979,0.15304136755357553,6.229169397039025e-4,0.009763813820663185,34
Muscle,18-Oxocortisol,0.06362213024386763,0.15304136755357553,6.19477091453521e-4,0.009736817819193201,35
Muscle,"DG(18:2(9Z,12Z)/22:5(7Z,10Z,13Z,16Z,19Z)/0:0)",0.06344774495041502,0.15304136755357553,6.160858298114063e-4,0.009710129655401982,36
Muscle,"(2E,5E,12Z,15Z)-1-Hydroxy-2,5,12,15-heneicosatetraen-4-one",0.06337055726802493,0.15304136755357553,6.145877368148178e-4,0.00969831674693071,37
Muscle,4-Guanidinobutanoic acid,-0.06331315905323864,0.15304136755357553,6.134749088826183e-4,0.009689532445644683,38
Muscle,Carbamoyl phosphate,0.06299908158001695,0.15304136755357553,6.074034778617064e-4,0.009641465599625063,39
Muscle,linatine,-0.06298458331005796,0.15304136755357553,6.071239408888488e-4,0.00963924676456338,40
Muscle,Lithocholic acid,0.06291448706593282,0.15304136755357553,6.057733428662913e-4,0.009628519139502098,41
Muscle,Dodecanoic acid,-0.0628296856644185,0.15304136755357553,6.041414195941904e-4,0.009615541017043887,42
Muscle,Pantothenic acid,-0.06258958934692757,0.15304136755357553,5.995329298760999e-4,0.009578796348270498,43
Muscle,O-propenoyl-D-carnitine,0.06255205014847294,0.15304136755357553,5.988139848665336e-4,0.009573051298002136,44
Muscle,"PG(18:2(9Z,12Z)/22:5(7Z,10Z,13Z,16Z,19Z))",0.06242979523974471,0.15304136755357553,5.964755672376424e-4,0.00955434123958023,45
Muscle,Azelaic acid,-0.06239878564245243,0.15304136755357553,5.958831618530104e-4,0.009549595488403334,46
Muscle,Taurocholic acid,0.0622414677489444,0.15304136755357553,5.928823049693355e-4,0.009525519342840218,47
Muscle,Dihydronepetalactone,0.06216181535124649,0.15304136755357553,5.913658150310243e-4,0.009513329230967609,48
Muscle,Trihydroxycoprostanoic acid,0.06212990996170012,0.15304136755357553,5.907589178700847e-4,0.009508446386519102,49
Muscle,"PG(16:0/22:6(4Z,7Z,10Z,13Z,16Z,19Z))",0.06205292910191801,0.15304136755357553,5.892958880452524e-4,0.009496665130462597,50
Muscle,Oxalic acid,0.062047775328266316,0.15304136755357553,5.891980047851862e-4,0.00949587638989488,51
Muscle,tenocyclidine,-0.06200460919318056,0.15304136755357553,5.883784893834877e-4,0.009489270185549355,52
Muscle,Phosphoric acid,0.061923228280699294,0.15304136755357553,5.868350120209926e-4,0.009476815539410464,53
Muscle,LysoPC(20:1(11Z)/0:0),0.06181527422886611,0.15304136755357553,5.847906743050111e-4,0.009460294103684963,54
Muscle,Isoleucylproline,-0.061792406217018814,0.15304136755357553,5.843580781020929e-4,0.009456794351878623,55
Muscle,Aziridine,0.06173918603749882,0.15304136755357553,5.833519269883693e-4,0.009448649462823436,56
Muscle,Prostaglandin D2,0.061732485684359226,0.15304136755357553,5.832253152829342e-4,0.00944762403161586,57
Muscle,Lumazine,0.06162288448236502,0.15304136755357553,5.811562117809422e-4,0.00943085051377715,58
Muscle,Artemether,-0.06160468772332872,0.15304136755357553,5.808130406276988e-4,0.009428065656889193,59
Muscle,N-Methylethanolaminium phosphate,0.060537933434739115,0.15304136755357553,5.608723373583034e-4,0.009264808121719799,60
Muscle,2-Ketobutyric acid,0.06036181894742034,0.15304136755357553,5.5761375027228e-4,0.009237855319734535,61
Muscle,15-Keto-prostaglandin E2,0.059729557686007934,0.15304136755357553,5.459934531030466e-4,0.009141093191636833,62
Muscle,LysoPE(22:0/0:0),0.05950605748773663,0.15304136755357553,5.41915025595768e-4,0.009106888415644897,63
Muscle,PC(18:1(9Z)/15:0),0.05938628074935083,0.15304136755357553,5.397356344161674e-4,0.009088557619801227,64
Muscle,2-Methylglutaric acid,0.059142588611053225,0.15304136755357553,5.353151028283094e-4,0.009051262641694107,65
Muscle,L-Carnitine,-0.05911119517584269,0.15304136755357553,5.347469532032575e-4,0.009046458147437283,66
Muscle,Arachidic acid,0.05910630197700899,0.15304136755357553,5.346584246306749e-4,0.00904570928559606,67
Muscle,Trimethylamine N-oxide,-0.059039536481593664,0.15304136755357553,5.334512243090055e-4,0.009035491402872308,68
Muscle,Metronidazole,0.058927773236052146,0.15304136755357553,5.314334642637609e-4,0.009018387002932407,69
Muscle,Secoisolariciresinol,-0.05882276876771899,0.15304136755357553,5.295412098235164e-4,0.009002316975499466,70
Muscle,DROMOSTANOLONE TETRAHYDROPYRANYL ETHER,0.05880670850990122,0.15304136755357553,5.292520902345966e-4,0.00899985909167977,71
Muscle,Hexahydropyridine,-0.058654686055466976,0.15304136755357553,5.265192658097538e-4,0.008976593367354303,72
Muscle,O-ureido-D-serine,-0.05861168282693311,0.15304136755357553,5.257475038336726e-4,0.008970012094450261,73
Muscle,LysoPC(15:0/0:0),0.05853310972186715,0.15304136755357553,5.24338845264709e-4,0.008957987158998036,74
Muscle,Cer(d18:1/18:0),0.058456586198794784,0.15304136755357553,5.229687479778503e-4,0.008946275894377024,75
Muscle,Methylmalonic acid,0.05830588546221828,0.15304136755357553,5.202758029224752e-4,0.008923212447560024,76
Muscle,LysoPC(20:0/0:0),0.058202180585871954,0.15304136755357553,5.184266875497092e-4,0.008907341311462008,77
Muscle,2-Oxo-3-(phosphonooxy)propyl formate,0.058069840993598916,0.15304136755357553,5.160717800458752e-4,0.00888708787927906,78
Muscle,PC(14:0/14:0),0.058061861700022144,0.15304136755357553,5.159299644234226e-4,0.008885866717277958,79
Muscle,SM(d18:1/22:0),0.05805507673100608,0.15304136755357553,5.158093908080899e-4,0.008884828336340932,80
Muscle,Annoglabasin F,0.05784328684062415,0.15304136755357553,5.12052821833321e-4,0.00885241572188286,81
Muscle,Pentacosanoic acid,0.05777201350063283,0.15304136755357553,5.107917167954993e-4,0.008841507952460477,82
Muscle,"PE(20:4(5Z,8Z,11Z,14Z)/20:4(5Z,8Z,11Z,14Z))",0.05773926011213087,0.15304136755357553,5.102127022860796e-4,0.008836495329092123,83
Muscle,Oxoadipic acid,0.057508891546743886,0.15304136755357553,5.061495226378343e-4,0.008801239408803944,84
Muscle,3-Amino-2-piperidone,-0.057202247754704776,0.15304136755357553,5.007662223272481e-4,0.008754310223518464,85
Muscle,L-Tyrosine,-0.057018420147407836,0.15304136755357553,4.975528261874641e-4,0.008726176995103639,86
Muscle,pentobarbital,-0.05659281741903947,0.15304136755357553,4.901527782714105e-4,0.008661042171519612,87
Muscle,Salbutamol,0.05652945802401466,0.15304136755357553,4.890558758581128e-4,0.008651345563057647,88
Muscle,Monuron,0.056371846763874654,0.15304136755357553,4.86332578653863e-4,0.008627224520263979,89
Muscle,Linamarin,-0.05634125758871979,0.15304136755357553,4.8580492249040747e-4,0.008622543111065941,90
Muscle,Nitrosoheptamethyleneimine,-0.055505589504001945,0.15304136755357553,4.715006294006452e-4,0.008494651324559847,91
Muscle,3-Oxooctadecanoic acid,-0.055279672413908014,0.15304136755357553,4.6767026659010443e-4,0.008460076664138146,92
Muscle,PE(16:0/20:0),0.05513227205919532,0.15304136755357553,4.651795550967897e-4,0.008437518312275034,93
Muscle,"16-Heptadecyne-1,2,4-triol",0.05507679919963476,0.15304136755357553,4.642439195047712e-4,0.008429028669985779,94
Muscle,N-Acetyl-L-alanine,-0.054997503227710166,0.15304136755357553,4.629081057645786e-4,0.008416893106000948,95
Muscle,17-(4-Hydroxyphenyl)heptadecanoic acid,0.05499135914170031,0.15304136755357553,4.6280468331150036e-4,0.008415952806675633,96
Muscle,acrolein,0.054869633815571785,0.15304136755357553,4.607580817337143e-4,0.008397323796299018,97
Muscle,LysoPE(20:1(11Z)/0:0),0.05464616313418156,0.15304136755357553,4.570126131476004e-4,0.00836312353761093,98
Muscle,Diphenylamine,0.054618259052717354,0.15304136755357553,4.5654600175041096e-4,0.00835885305882332,99
Muscle,Indoxyl sulfate,0.05453328580230483,0.15304136755357553,4.551265489501983e-4,0.008345848636374715,100
Muscle,Glutarimide,-0.05446668334498039,0.15304136755357553,4.540155197691797e-4,0.008335655705223355,101
Muscle,Glycerol,-0.05441451747573833,0.15304136755357553,4.531462627861421e-4,0.008327672169254929,102
Muscle,N-Acetylserine,-0.05421963145166544,0.15304136755357553,4.4990618154565186e-4,0.008297846545613734,103
Muscle,Aminomalonic acid,0.05416904821109518,0.15304136755357553,4.490671091910605e-4,0.00829010521730157,104
Muscle,Mammea E/BB,0.0539930846835255,0.15304136755357553,4.4615433551995463e-4,0.008263175518402754,105
Muscle,didecyldimethylammonium,-0.05378650337412044,0.15304136755357553,4.4274683145160027e-4,0.008231560032300397,106
Muscle,Nitrosoguvacoline,-0.053603431117516774,0.15304136755357553,4.39738020161113e-4,0.008203542403788653,107
Muscle,"PG(18:1(11Z)/20:4(5Z,8Z,11Z,14Z))",0.05355567879277912,0.15304136755357553,4.389548926972444e-4,0.00819623432270694,108
Muscle,Uracil,0.0533355603901705,0.15304136755357553,4.353540238615578e-4,0.008162547101348007,109
Muscle,"(2R)-1-[(Hydroxy{[(1s,3R)-2,3,4,5,6-pentahydroxycyclohexyl]oxy}phosphoryl)oxy]-3-(stearoyloxy)-2-propanyl (4Z,7Z,10Z,13Z,16Z,19Z)-4,7,10,13,16,19-docosahexaenoate",0.05333025461115077,0.15304136755357553,4.352674108275541e-4,0.008161735097670892,110
Muscle,N-Formyl-L-methionine,0.053329506944837714,0.15304136755357553,4.352552064043277e-4,0.008161620673795868,111
Muscle,13-L-Hydroperoxylinoleic acid,-0.053303785973773034,0.15304136755357553,4.3483545803326996e-4,0.008157684301209323,112
Muscle,Dihydrothymine,-0.05318335935848242,0.15304136755357553,4.328728729083573e-4,0.008139254047315398,113
Muscle,Indole-3-carbidol,-0.05276651050600928,0.15304136755357553,4.261137884110532e-4,0.00807545892886977,114
Muscle,3-MeO-PCP,-0.052591279977054844,0.15304136755357553,4.2328835377991966e-4,0.008048641409081448,115
Muscle,SM(d18:1/23:0),0.05250387074609493,0.15304136755357553,4.218824719614729e-4,0.008035264180838535,116
Muscle,Docosadienoate (22:2n6),0.05248389633580909,0.15304136755357553,4.2156153369446236e-4,0.008032207269772315,117
Muscle,N3-Metyladenine,0.052463978831646205,0.15304136755357553,4.212416313635742e-4,0.008029159067696972,118
Muscle,Cer(d18:1/14:0),0.0524586077597821,0.15304136755357553,4.2115538539785294e-4,0.008028337071513663,119
Muscle,cGMP,0.0524232145996797,0.15304136755357553,4.2058728067041144e-4,0.008022920453889547,120
Muscle,Tiformin,-0.05233850170788711,0.15304136755357553,4.1922908935266206e-4,0.008009955877080192,121
Muscle,LysoPE(0:0/16:1(9Z)),0.05225897063019933,0.15304136755357553,4.17955976522473e-4,0.007997784332187844,122
Muscle,2-Dodecylbenzenesulfonic acid,0.05223038432168302,0.15304136755357553,4.1749884732363013e-4,0.007993409444439199,123
Muscle,"Pyrido[3,4-c]psoralen",0.052168959526056755,0.15304136755357553,4.1651743766659094e-4,0.007984008909714858,124
Muscle,LysoPC(16:0/0:0),0.051786359501610674,0.15304136755357553,4.104304762791611e-4,0.007925455278747598,125
Muscle,"6,7-Dihydropteridine",0.05172622689874998,0.15304136755357553,4.0947787315648786e-4,0.007916252502971241,126
Muscle,"3-[(19Z)-15,16-Dihydroxy-19-dotriaconten-1-yl]-5-methyl-2(5H)-furanone",0.05159166814932712,0.15304136755357553,4.073502420583885e-4,0.007895659447943267,127
Muscle,Docosatrienoic acid,0.05150816911308625,0.15304136755357553,4.0603274916765306e-4,0.007882880641247559,128
Muscle,4-Trimethylammoniobutanoic acid,-0.051494031070804185,0.15304136755357553,4.0580988275858956e-4,0.007880716935922181,129
Muscle,"PE(18:0/20:4(8Z,11Z,14Z,17Z))",0.05149233014532452,0.15304136755357553,4.0578307417689217e-4,0.007880456623960667,130
Muscle,LysoPC(P-18:1(9Z)/0:0),0.05133094705122499,0.15304136755357553,4.032435151174741e-4,0.007855758334539649,131
Muscle,4-Ethylguaiacol,0.051275009384910614,0.15304136755357553,4.0236512841063083e-4,0.00784719755758914,132
Muscle,"PG(18:2(9Z,12Z)/18:2(9Z,12Z))",0.05115797342564015,0.15304136755357553,4.005304160943965e-4,0.007829286214329444,133
Muscle,Istamycin C1,0.0509643205573552,0.15304136755357553,3.97503827900991e-4,0.007799649314536442,134
Muscle,"PI(18:0/20:4(8Z,11Z,14Z,17Z))",0.050892165417634666,0.15304136755357553,3.9637905511796323e-4,0.007788606593277593,135
Muscle,"PS(18:0/22:6(4Z,7Z,10Z,13Z,16Z,19Z))",0.05071921336514253,0.15304136755357553,3.9368952196175097e-4,0.007762137774642999,136
Muscle,LysoPC(16:1(9Z)/0:0),0.05068360964163145,0.15304136755357553,3.931369939464674e-4,0.0077566889321068625,137
Muscle,Octanal,-0.05025633757131076,0.15304136755357553,3.865365003184547e-4,0.0076912986301475375,138
Muscle,D-Threitol,0.05020225809377714,0.15304136755357553,3.857050650787441e-4,0.007683022232949209,139
Muscle,PG(18:0/16:0),-0.049643201335134925,0.15304136755357553,3.771624062979722e-4,0.007597463422066536,140
Muscle,L-Pipecolic acid,0.04950112625525605,0.15304136755357553,3.7500667504308935e-4,0.007575720057546589,141
Muscle,Hypotaurine,0.04936964463172993,0.15304136755357553,3.7301718478798695e-4,0.007555597930073987,142
Muscle,Isoleucyl-Tyrosine,-0.04927239278962636,0.15304136755357553,3.715490406073321e-4,0.007540714375161353,143
Muscle,"LysoPC(18:2(9Z,12Z)/0:0)",0.049041763725485056,0.15304136755357553,3.6807896504314157e-4,0.007505418587787566,144
Muscle,Nicotinamide 1-oxide,-0.049032841830189376,0.15304136755357553,3.679450521076864e-4,0.007504053168730346,145
Muscle,Canrenone,0.04888859926172155,0.15304136755357553,3.657834284679622e-4,0.007481978088792589,146
Muscle,"PE(22:2(13Z,16Z)/20:4(8Z,11Z,14Z,17Z))",0.04851792251655775,0.15304136755357553,3.6025766597239377e-4,0.007425249212792413,147
Muscle,L-Pyroglutamic acid,0.04810047725477485,0.15304136755357553,3.540850648418789e-4,0.007361362819050398,148
Muscle,Cortexolone,0.04788412207093268,0.15304136755357553,3.5090689062972e-4,0.007328251525837886,149
Muscle,1-(4-Aminobutyl)urea,-0.04763108561788532,0.15304136755357553,3.472080599314304e-4,0.0072895264810226125,150
Muscle,Paxilline,-0.04756254937667753,0.15304136755357553,3.4620958530945774e-4,0.007279037600941191,151
Muscle,13-HODE,-0.047326939418891247,0.15304136755357553,3.427880534660783e-4,0.007242979530792337,152
Muscle,"2,5-Diethyl-3,6-dimethylpyrazine",-0.04732376435229669,0.15304136755357553,3.427420611241891e-4,0.007242493614258633,153
Muscle,Pyrrolidine,-0.04721703716300344,0.15304136755357553,3.4119786239756493e-4,0.0072261599392540446,154
Muscle,Dithionous acid,0.04717350879117366,0.15304136755357553,3.405690664145008e-4,0.007219498297701834,155
Muscle,"PE(16:0/18:3(6Z,9Z,12Z))",0.04706706513983642,0.15304136755357553,3.39033860892334e-4,0.0072032080157337875,156
Muscle,Nicotinamide,-0.04691993709422197,0.15304136755357553,3.3691758589204137e-4,0.007180691338427468,157
Muscle,Valylproline,-0.04674977175601564,0.15304136755357553,3.344782078546487e-4,0.0071546490023581535,158
Muscle,"(1R,5R)-3,3,5-Trimethylcyclohexyl 5-oxo-L-prolinate",0.046722497634413704,0.15304136755357553,3.340880481648916e-4,0.007150474933489371,159
Muscle,Allose,0.046721982188993,0.15304136755357553,3.3408067684643155e-4,0.007150396049017287,160
Muscle,Ethosuximide,-0.04665661271138227,0.15304136755357553,3.331464955091303e-4,0.007140391814767479,161
Muscle,Taurine,0.04654902601832252,0.15304136755357553,3.3161184466211997e-4,0.0071239266001310465,162
Muscle,LysoPC(18:0/0:0),0.046523579186463764,0.15304136755357553,3.312493810379834e-4,0.007120032182183478,163
Muscle,alpha-Tocopherol,-0.0465115795113627,0.15304136755357553,3.3107852692895636e-4,0.007118195735495812,164
Muscle,dIMP,-0.04646689701841815,0.15304136755357553,3.304427150184412e-4,0.007111357465669875,165
Muscle,N-Acetyl-L-phenylalanine,-0.046458120148931276,0.15304136755357553,3.303178958950425e-4,0.007110014241560765,166
Muscle,Shikimate-3-phosphate,0.046365618766667026,0.15304136755357553,3.290038331038537e-4,0.007095857703518448,167
Muscle,N-Acetyl-L-methionine,-0.046280465098928164,0.15304136755357553,3.2779646621091145e-4,0.00708282566975549,168
Muscle,4-Hydroxyproline,-0.04607656931101919,0.15304136755357553,3.249145120339177e-4,0.0070516211795354855,169
Muscle,"2-Cyclohexen-1-one, 3-(15-hydroxypentadecyl)-2,4,4-trimethyl-",0.04595925188467753,0.15304136755357553,3.2326206230355023e-4,0.007033666760170293,170
Muscle,Montecristin,0.04594938568029403,0.15304136755357553,3.2312328601325884e-4,0.007032156822758879,171
Muscle,"PS(16:0/22:6(4Z,7Z,10Z,13Z,16Z,19Z))",0.0459188178718195,0.15304136755357553,3.226935137678803e-4,0.007027478683546821,172
Muscle,OLOPATADINE N-OXIDE,-0.045871644881456265,0.15304136755357553,3.220308399610276e-4,0.00702025926459004,173
Muscle,(2R)-1-(Phosphonooxy)-3-(tetradecanoyloxy)-2-propanyl docosanoate,0.045831180348966036,0.15304136755357553,3.214629475294519e-4,0.007014066517200319,174
Muscle,N-Acetyl-b-glucosaminylamine,-0.04565786004953309,0.15304136755357553,3.1903618466283057e-4,0.006987541341550305,175
Muscle,DEHYDROCOSTUS LACTONE,0.04555474014730246,0.15304136755357553,3.175967029010531e-4,0.006971759730690939,176
Muscle,LysoPC(14:0/0:0),0.0455210888677013,0.15304136755357553,3.171276589343976e-4,0.00696660969284085,177
Muscle,3-Hydroxybutyrylcarnitine,-0.04535261473340615,0.15304136755357553,3.1478461571529854e-4,0.006940826180930915,178
Muscle,L-Acetylcarnitine,-0.04522794906461659,0.15304136755357553,3.130564287365511e-4,0.00692174717649238,179
Muscle,Dioleoylphosphatidylserine,0.04521291640765294,0.15304136755357553,3.1284835881917127e-4,0.006919446558112699,180
Muscle,glu-thr,-0.04520707155355259,0.15304136755357553,3.127674777362447e-4,0.00691855205364803,181
Muscle,"PC(18:2(9Z,12Z)/16:0)",0.045051358436045894,0.15304136755357553,3.106165698474239e-4,0.0068947215051987755,182
Muscle,2-Isopropylmalic acid,0.044809926167154235,0.15304136755357553,3.072962740456578e-4,0.006857772380596033,183
Muscle,Enterodiol,-0.044531364976108455,0.15304136755357553,3.0348753101069404e-4,0.006815140994971034,184
Muscle,6-Keto-decanoylcarnitine,0.044427646038676626,0.15304136755357553,3.020754590063687e-4,0.006799267706945263,185
Muscle,Meprobamate,-0.04428737291047511,0.15304136755357553,3.001709612310997e-4,0.006777800115574286,186
Muscle,Betaine,-0.044175253888948995,0.15304136755357553,2.9865304443027534e-4,0.00676064126719116,187
Muscle,"3-(1-cyano-1,2-dihydroisoquinolin-2-yl)-3-oxopropyl propionate",0.044111402795399046,0.15304136755357553,2.9779031969811974e-4,0.006750869408514485,188
Muscle,Bilirubin,0.04402641161843122,0.15304136755357553,2.966438965192916e-4,0.00673786224256134,189
Muscle,Guvacine,-0.044022726351150086,0.15304136755357553,2.965942369512417e-4,0.006737298244216835,190
Muscle,taurohyocholic acid,0.043908433219472395,0.15304136755357553,2.9505618228761857e-4,0.006719806667042901,191
Muscle,"N,N,N,N′,N′,N′-Hexamethyl-1,10-decanediaminium",-0.043787388669749384,0.15304136755357553,2.934316326720529e-4,0.006701281843618384,192
Muscle,Mollicellin F,0.043571314669666544,0.15304136755357553,2.905428323161012e-4,0.006668213583152935,193
Muscle,trans-Aconitic acid,0.04352684007657932,0.15304136755357553,2.899500028588498e-4,0.006661407130605478,194
Muscle,2-Hydroxyethanesulfonate,-0.043474431492793314,0.15304136755357553,2.892521933839254e-4,0.0066533864492713205,195
Muscle,Diethanolamine,-0.043456386480910776,0.15304136755357553,2.890121223425586e-4,0.006650624815975297,196
Muscle,glutaral,0.043258159072507935,0.15304136755357553,2.8638146372313145e-4,0.006620287822306725,197
Muscle,Bis(2-ethylhexyl) phthalate,0.04309559987274093,0.15304136755357553,2.8423313053554125e-4,0.006595409540065968,198
Muscle,"PE(20:5(5Z,8Z,11Z,14Z,17Z)/18:2(9Z,12Z))",0.04308387928430694,0.15304136755357553,2.8407854739762403e-4,0.006593615805183497,199
Muscle,Isobutyrylglycine,-0.04302763597929523,0.15304136755357553,2.833373380250924e-4,0.006585008252868772,200
Muscle,myo-Inositol,-0.04287026026263848,0.15304136755357553,2.812684876324533e-4,0.006560923257971899,201
Muscle,Glutarylcarnitine,-0.042825235200461415,0.15304136755357553,2.8067798593125993e-4,0.006554032560882136,202
Muscle,SM(d18:1/24:0),-0.04273565348009213,0.15304136755357553,2.7950497104625705e-4,0.006540322851889019,203
Muscle,Dracunculin,0.04259645535368539,0.15304136755357553,2.776871350197579e-4,0.006519019780262836,204
Muscle,PE(22:1(13Z)/18:1(9Z)),0.04256451738965436,0.15304136755357553,2.772708826885675e-4,0.00651413195057065,205
Muscle,"LysoPC(20:5(5Z,8Z,11Z,14Z,17Z)/0:0)",0.04243760535842944,0.15304136755357553,2.7561990423937414e-4,0.0064947091597529864,206
Muscle,"PE(20:4(6E,8Z,11Z,14Z)+=O(5)/P-18:1(9Z))",0.04225510058583885,0.15304136755357553,2.732543709035376e-4,0.006466778379770668,207
Muscle,Lauramine,-0.04223025004405853,0.15304136755357553,2.729330595215253e-4,0.006462975218872161,208
Muscle,Ng-nitro-L-arginine methyl ester,0.042146481926442346,0.15304136755357553,2.718513508911574e-4,0.006450155231594791,209
Muscle,Cabergoline,0.04214240610306948,0.15304136755357553,2.717987740466289e-4,0.006449531462011901,210
Muscle,Dimethyl trisulfide,0.042123648617767816,0.15304136755357553,2.715568739099992e-4,0.006446660790809468,211
Muscle,PE(16:1(9Z)/22:0),0.041881093817000926,0.15304136755357553,2.6843854071951687e-4,0.0064095398723934185,212
Muscle,"3,4-Dihydroxyhydrocinnamic acid",-0.04186023228208101,0.15304136755357553,2.681711816439399e-4,0.006406347194560008,213
Muscle,Xanthylic acid,0.041857112520942846,0.15304136755357553,2.681312105874474e-4,0.006405869742048983,214
Muscle,Suberic acid,0.04179106771782263,0.15304136755357553,2.6728572932918534e-4,0.006395762155059658,215
Muscle,2-Nonenoic acid,-0.04176783676358218,0.15304136755357553,2.6698865260621344e-4,0.006392206858053125,216
Muscle,Furmecyclox,0.04174789397966768,0.15304136755357553,2.667337566727905e-4,0.0063891547871300245,217
Muscle,3-Methylpentanoylcarnitine,-0.04151100172604805,0.15304136755357553,2.637152624865498e-4,0.006352900472673228,218
Muscle,L-Homocysteic acid,-0.04148370330765675,0.15304136755357553,2.633685282633324e-4,0.0063487226853905735,219
Muscle,"4-nitrobenzene-1,2-diamine",0.04142290407340805,0.15304136755357553,2.6259709903246473e-4,0.006339417887434942,220
Muscle,Homocysteinesulfinic acid,-0.041292763557748406,0.15304136755357553,2.609496608001169e-4,0.006319501004944263,221
Muscle,1-[(9Z)-octadecenyl]-2-hexadecanoyl-sn-glycero-3-phosphocholine,0.0411142704591488,0.15304136755357553,2.586985620334225e-4,0.006292184177035704,222
Muscle,5-Aminopentanoic acid,-0.04089810665884563,0.15304136755357553,2.5598542827721433e-4,0.006259102173421728,223
Muscle,"LysoPE(0:0/18:2(9Z,12Z))",0.04085347562345749,0.15304136755357553,2.5542703270360157e-4,0.006252271778730596,224
Muscle,1-(1Z-hexadecenyl)-2-linoleoyl-sn-glycero-3-phosphoethanolamine,0.04070372353640772,0.15304136755357553,2.53557883266162e-4,0.0062293535145344974,225
Muscle,2-Naphthalenesulfonic acid,0.04069674807204048,0.15304136755357553,2.5347098544576844e-4,0.006228285979928414,226
Muscle,11(R)-HETE,-0.040560362811671385,0.15304136755357553,2.5177493934889697e-4,0.006207413393167376,227
Muscle,irganox 330,0.04045698636456382,0.15304136755357553,2.5049317416989396e-4,0.006191592520329204,228
Muscle,"PE(16:0/20:4(5Z,8Z,11Z,14Z))",0.04038252113467301,0.15304136755357553,2.4957190607422777e-4,0.006180196259711525,229
Muscle,L-Glutamic acid,-0.04037035081221171,0.15304136755357553,2.4942149877950787e-4,0.006178333696918478,230
Muscle,"PE(18:4(6Z,9Z,12Z,15Z)/P-18:1(9Z))",0.04022175111487427,0.15304136755357553,2.475886811842747e-4,0.00615559179601991,231
Muscle,"PC(14:0/20:5(5Z,8Z,11Z,14Z,17Z))",0.04019186261586401,0.15304136755357553,2.472208551009465e-4,0.006151017619257256,232
Muscle,2-Indolecarboxylic acid,0.04014658934403829,0.15304136755357553,2.4666421539975213e-4,0.006144088935823422,233
Muscle,"3,4-Diaminopyridine",-0.040145896706946196,0.15304136755357553,2.4665570422538507e-4,0.0061439829336956304,234
Muscle,cuscohygrine,0.04013241405776944,0.15304136755357553,2.464900577126387e-4,0.0061419195306273745,235
Muscle,Thiodiacetic acid,-0.04001106129330246,0.15304136755357553,2.450016336469839e-4,0.00612334753759694,236
Muscle,Pentadecanoic acid,0.03978316208249928,0.15304136755357553,2.4221857017464366e-4,0.006088469530711242,237
Muscle,Allantoin,-0.03977914997103221,0.15304136755357553,2.421697174013143e-4,0.006087855511685544,238
Muscle,Carbocysteine,-0.03971890734950611,0.15304136755357553,2.4143677606398977e-4,0.006078635898502177,239
Muscle,Hexazinone,0.03971205810726433,0.15304136755357553,2.4135351514394785e-4,0.006077587681102789,240
Muscle,SM(d18:1/16:0),0.039642358831727204,0.15304136755357553,2.405070517004571e-4,0.006066920808657094,241
Muscle,"LysoPC(20:2(11Z,14Z)/0:0)",0.03960720542603762,0.15304136755357553,2.400806949662065e-4,0.006061540883376195,242
Muscle,Amrinone,0.039595794709712286,0.15304136755357553,2.3994238184584386e-4,0.006059794571745,243
Muscle,"(4R,5S,6R)-4-Amino-5,6-dihydroxy-2-oxo-7-(phosphonooxy)heptanoic acid",0.03958676450442708,0.15304136755357553,2.3983295194760404e-4,0.006058412576778862,244
Muscle,Jasmonic acid,-0.039533582362582274,0.15304136755357553,2.3918898608663266e-4,0.006050273509061505,245
Muscle,Tirapazamine,-0.03947479411034009,0.15304136755357553,2.3847814499619761e-4,0.006041276474542277,246
Muscle,Dimethyl fumarate,-0.039364914710105066,0.15304136755357553,2.3715236906713189e-4,0.0060244603808643415,247
Muscle,N-Methyl-L-isoleucine,-0.03933097256782527,0.15304136755357553,2.3674357919853804e-4,0.006019265828992143,248
Muscle,Propionylcarnitine,0.03922331569415478,0.15304136755357553,2.3544932226648085e-4,0.006002789873819069,249
Muscle,"1,2-dioleoyl-sn-glycero-3-phospho-(1′-sn-glycerol)",0.039091891140275024,0.15304136755357553,2.3387413769784167e-4,0.005982676480363193,250
Muscle,Phenyl phosphate,0.03907983682527863,0.15304136755357553,2.3372992580211705e-4,0.005980831671511223,251
Muscle,Cer(d18:1/24:1(15Z)),0.038948101798130255,0.15304136755357553,2.3215681165474043e-4,0.005960670762801728,252
Muscle,NAD,0.03876543408675953,0.15304136755357553,2.2998427408851618e-4,0.005932715046445671,253
Muscle,13-OxoODE,-0.03828754531897886,0.15304136755357553,2.2434886955384112e-4,0.005859578295886025,254
Muscle,PC(14:1(9Z)/16:1(9Z)),0.03826759666461392,0.15304136755357553,2.2411514905217343e-4,0.00585652532654116,255
Muscle,"4-(1,2-Dihydroxypropan-2-yl)-1-methylcyclohexane-1,2-diol",-0.038264040293602704,0.15304136755357553,2.2407349503401064e-4,0.0058559810546580755,256
Muscle,Perillic acid,-0.037801549382413736,0.15304136755357553,2.1868955422466152e-4,0.005785200813128616,257
Muscle,LysoPC(18:1(9Z)/0:0),0.03779900369827499,0.15304136755357553,2.1866010062854838e-4,0.005784811218146664,258
Muscle,Dihydrouracil,-0.03776341793873472,0.15304136755357553,2.1824858062992556e-4,0.0057793651248411885,259
Muscle,Pemoline,-0.03773551930844288,0.15304136755357553,2.179262270052808e-4,0.005775095480308453,260
Muscle,Bethanidine,-0.037682687092801405,0.15304136755357553,2.1731643200139666e-4,0.005767009965775796,261
Muscle,L-Serine,-0.03766119018396663,0.15304136755357553,2.1706855694946097e-4,0.005763720049449548,262
Muscle,"PE(20:3(5Z,8Z,11Z)/20:4(5Z,8Z,11Z,14Z))",0.037638493941111205,0.15304136755357553,2.168070062040585e-4,0.005760246585404626,263
Muscle,Valeric acid,0.037592683474237436,0.15304136755357553,2.1627956820572945e-4,0.005753235688905996,264
Muscle,Methionine sulfoxide,0.037415243545852475,0.15304136755357553,2.142426792449537e-4,0.0057260800396073536,265
Muscle,"PE(20:4(5Z,8Z,11Z,14Z)/22:4(7Z,10Z,13Z,16Z))",-0.037375045054828596,0.15304136755357553,2.137825669932101e-4,0.005719928007567468,266
Muscle,Guanosine diphosphate mannose,0.037254547779660224,0.15304136755357553,2.124063176134863e-4,0.005701486939789222,267
Muscle,Hippuric acid,0.03723672081016272,0.15304136755357553,2.1220308578262964e-4,0.0056987586759979884,268
Muscle,Cer(d18:1/22:1(13Z)),0.037180925405653605,0.15304136755357553,2.1156763312881393e-4,0.005690219670988708,269
Muscle,S-3-oxodecanoyl cysteamine,-0.03696580681048793,0.15304136755357553,2.0912657114905277e-4,0.005657297626998349,270
Muscle,"1-(1Z-hexadecenyl)-2-(8Z,11Z,14Z-icosatrienoyl)-sn-glycero-3-phosphoethanolamine",0.036962735217496594,0.15304136755357553,2.0909181876146765e-4,0.005656827546206387,271
Muscle,pentalenic acid,-0.03694250092546632,0.15304136755357553,2.0886295761960073e-4,0.005653730862482595,272
Muscle,Asymmetric dimethylarginine,-0.03666097993551902,0.15304136755357553,2.0569179895191475e-4,0.005610646505186024,273
Muscle,"PC(18:2(9Z,12Z)/18:1(11Z))",0.036559623177819814,0.15304136755357553,2.0455601729859417e-4,0.005595134728376941,274
Muscle,2-(Methylsulfonyl)-3-(pyrazin-2-ylamino)acrylonitrile,-0.0365265968912636,0.15304136755357553,2.0418661118054262e-4,0.0055900803403171615,275
Muscle,L-Fucose,-0.03652472495373936,0.15304136755357553,2.041656831545174e-4,0.0055897938564384774,276
Muscle,Methylphosphonic acid,0.03650970953716183,0.15304136755357553,2.0399785149296886e-4,0.005587495876551066,277
Muscle,Glutamylproline,-0.03650680000858062,0.15304136755357553,2.0396533883061815e-4,0.005587050598318061,278
Muscle,L-Lactic acid,-0.03636571362439417,0.15304136755357553,2.0239187164096148e-4,0.005565458545138977,279
Muscle,Trimethylaminoacetone,-0.036263677083317375,0.15304136755357553,2.0125770474547776e-4,0.005549842733352148,280
Muscle,5'-Methylthioadenosine,-0.03623662305552662,0.15304136755357553,2.0095752556049487e-4,0.005545702347941219,281
Muscle,"4-(1,1,3,3-Tetramethylbutyl)-phenol",-0.03622681076804547,0.15304136755357553,2.0084870824402284e-4,0.0055442006620462754,282
Muscle,"2,4-Diamino-6-hydroxypyrimidine",-0.036191184093600226,0.15304136755357553,2.0045385962920692e-4,0.005538748307067788,283
Muscle,S-Aminoethyl-L-cysteine,-0.03615639651512412,0.15304136755357553,2.0006868555335516e-4,0.005533424368483928,284
Muscle,6-(Methylthio)hexyl isothiocyanate,-0.03614115678519782,0.15304136755357553,1.9990006531122947e-4,0.00553109205937486,285
Muscle,SM(d18:1/24:1(15Z)),0.03608351883328401,0.15304136755357553,1.992629720987855e-4,0.0055222710683909835,286
Muscle,methyl 3-methyl-5-(methylthio)-4-(1H-pyrazol-3-yl)thiophene-2-carboxylate,0.03593877491051564,0.15304136755357553,1.9766754808429684e-4,0.005500119260505443,287
Muscle,"2,4-Diaminobutanoic acid",-0.03578437692563348,0.15304136755357553,1.9597278173645344e-4,0.0054764899817515604,288
Muscle,Tiglylcarnitine,0.03572006507742719,0.15304136755357553,1.9526900833284532e-4,0.005466647608552172,289
Muscle,N-Methylpyrrolidone,-0.035712345967027825,0.15304136755357553,1.951846221389543e-4,0.005465466265340356,290
Muscle,"PC(18:2(9Z,12Z)/20:4(5Z,8Z,11Z,14Z))",0.03561721401282432,0.15304136755357553,1.9414612620399674e-4,0.005450907140971007,291
Muscle,Ricinin,0.03560073885193741,0.15304136755357553,1.9396655859990267e-4,0.005448385759818209,292
Muscle,Oxyphenonium,0.03542647101251137,0.15304136755357553,1.9207224952657751e-4,0.005421715571351841,293
Muscle,"N-[2-(1,5-dimethyl-4-nitro-1H-pyrazol-3-yl)vinyl]-N,N-dimethylamine",-0.03540604673751543,0.15304136755357553,1.918508441483803e-4,0.005418589812375172,294
Muscle,5-Methoxytryptophol,-0.03530948430566689,0.15304136755357553,1.90805806733555e-4,0.005403811765750773,295
Muscle,"4,6-Diamino-3-hydroxy-2-(pentofuranosyl-3-uloseoxy)cyclohexyl 2,6-diamino-2,6-dideoxyhexopyranoside",0.03529019395591409,0.15304136755357553,1.9059738084502116e-4,0.005400859544244018,296
Muscle,Piracetam,-0.035148969399459315,0.15304136755357553,1.890749651722783e-4,0.005379246344992032,297
Muscle,N-a-Acetyl-L-arginine,-0.03513331584967811,0.15304136755357553,1.889065940716653e-4,0.005376850704326449,298
Muscle,PC(14:0/16:0),0.035097370836898775,0.15304136755357553,1.8852024987327823e-4,0.0053713496304139685,299
Muscle,3-Methylcyclopentene,0.03503394364120432,0.15304136755357553,1.8783948627179752e-4,0.0053616426456448004,300
Muscle,oxiracetam,-0.03494243986476543,0.15304136755357553,1.868595465781698e-4,0.005347638782562276,301
Muscle,"PC(18:3(9Z,12Z,15Z)/19:1(9Z))",-0.03484339568117925,0.15304136755357553,1.8580174284110602e-4,0.00533248092525802,302
Muscle,Citicoline,0.0347721139484807,0.15304136755357553,1.8504230349749806e-4,0.0053215718714042445,303
Muscle,L-Phenylalanine,-0.034654795325755855,0.15304136755357553,1.8379577094136158e-4,0.005303617268942933,304
Muscle,"2,2,2-Trifluoroethanol",-0.03441381208911043,0.15304136755357553,1.81248492789712e-4,0.005266736864849231,305
Muscle,Epinephrine,-0.03435097439814378,0.15304136755357553,1.8058719791805994e-4,0.005257120098689785,306
Muscle,Dihydronaringenin-O-sulphate,-0.03434075274559448,0.15304136755357553,1.8047974099803823e-4,0.005255555763004982,307
Muscle,"1-O-[(2E,4E,6E,8E,10E,12E,14E,16E,18E)-2,6,10,15,19,23-Hexamethyl-2,4,6,8,10,12,14,16,18,22-tetracosadecaenoyl]-6-O-(12-methyltetradecanoyl)-β-D-glucopyranose",0.03427986987687118,0.15304136755357553,1.79840361656929e-4,0.005246238165514984,308
Muscle,phenylurea,-0.034279210949938355,0.15304136755357553,1.7983344794813072e-4,0.005246137322436067,309
Muscle,"PC(18:1(9Z)/18:3(6Z,9Z,12Z))",0.03427422538462537,0.15304136755357553,1.7978114183158197e-4,0.00524537432470254,310
Muscle,1-Piperideine,-0.03421336255117418,0.15304136755357553,0.00017914321205251995,0.005236059793437984,311
Muscle,L-Glutamine,-0.03420976616972814,0.15304136755357553,1.7910555229536782e-4,0.005235509398303238,312
Muscle,Aflatoxin B1,-0.034200251422851026,0.15304136755357553,1.790059370568701e-4,0.005234053248429239,313
Muscle,"2,4-Dimethylbenzaldehyde",-0.03414725119035097,0.15304136755357553,1.784515548756744e-4,0.0052259420203667716,314
Muscle,Oxidized glutathione,0.03413057550418835,0.15304136755357553,1.7827730509511832e-4,0.00522338995055155,315
Muscle,Uridine 5'-monophosphate,0.03412895663715884,0.15304136755357553,1.782603935486521e-4,0.0052231421969274675,316
Muscle,Diethyl tartrate,-0.03404171077159251,0.15304136755357553,1.7735016335132333e-4,0.005209789970347801,317
Muscle,Hexamethylenetetramine,-0.03393813533721414,0.15304136755357553,1.7627259264091423e-4,0.0051939386442255795,318
Muscle,Inosinic acid,0.0339276014402986,0.15304136755357553,1.7616318479431325e-4,0.0051923265222359564,319
Muscle,Indole-3-carboxaldehyde,0.03390066432285641,0.15304136755357553,1.758835632237439e-4,0.005188204028944653,320
Muscle,Leu-Leu-Tyr,0.03386533507674491,0.15304136755357553,1.75517163569158e-4,0.005182797192805112,321
Muscle,"PS(18:1(9Z)/22:6(4Z,7Z,10Z,13Z,16Z,19Z))",0.03381861377137242,0.15304136755357553,1.7503320353949844e-4,0.0051756469003370175,322
Muscle,PC(o-16:1(9Z)/20:0),0.033799308203875146,0.15304136755357553,1.7483342297761859e-4,0.005172692349885837,323
Muscle,Eglumetad,-0.03374783606507056,0.15304136755357553,1.7430132936526772e-4,0.005164814983372276,324
Muscle,DG(18:2n6/0:0/18:3n3),-0.03365642443648945,0.15304136755357553,1.7335835989417168e-4,0.005150825222723924,325
Muscle,"2,3-dinor prostaglandin e1",0.03361901007492461,0.15304136755357553,1.729731444522699e-4,0.005145099277663896,326
Muscle,Dodecanoylcarnitine,-0.03351874647654307,0.15304136755357553,1.71942950609653e-4,0.005129754799451743,327
Muscle,Dodecamethylcyclohexasiloxane,-0.03334885153219028,0.15304136755357553,1.7020432922799935e-4,0.0051037538448275525,328
Muscle,"6-methyl-8-{[5-(2-naphthyl)-1,3,4-oxadiazol-2-yl]methoxy}[1,2,4]triazolo[4,3-b]pyridazine",0.033341513544526635,0.15304136755357553,1.7012943490317124e-4,0.005102630829160418,329
Muscle,LysoPE(0:0/18:1(11Z)),0.0333313527843784,0.15304136755357553,1.70025757487362e-4,0.005101075812531947,330
Muscle,Glycidyl Stearate,0.03321338153103166,0.15304136755357553,1.6882432678318329e-4,0.005083021330587754,331
Muscle,Muscimol,0.033201371627612525,0.15304136755357553,1.6870225566701486e-4,0.0050811833185443024,332
Muscle,Rasagiline,-0.03314340514346092,0.15304136755357553,1.681136932387355e-4,0.005072312048537468,333
Muscle,Leucyl-leucyl-norleucine,0.03313582670371744,0.15304136755357553,1.68036821605882e-4,0.005071152233755203,334
Muscle,1-stearoyl-2-arachidonoyl-sn-glycero-3-phosphoserine,0.03311223657773417,0.15304136755357553,1.677976485323423e-4,0.0050675419686139625,335
Muscle,L-Asparagine,0.03287063624040706,0.15304136755357553,1.653579419695419e-4,0.005030567122588017,336
Muscle,"LysoPC(22:6(4Z,7Z,10Z,13Z,16Z,19Z)/0:0)",0.032867973487424956,0.15304136755357553,1.6533115273942935e-4,0.005030159611230179,337
Muscle,"LysoPE(0:0/22:6(4Z,7Z,10Z,13Z,16Z,19Z))",0.03260082751339476,0.15304136755357553,1.6265450106059788e-4,0.004989275226028165,338
Muscle,4-Oxoproline,-0.032531215891230654,0.15304136755357553,1.6196061958126672e-4,0.004978621768174547,339
Muscle,Hexaethylene glycol,-0.03249173862132764,0.15304136755357553,1.6156777329875204e-4,0.004972580112801309,340
Muscle,TRILAURYLAMINE,-0.0324472632487703,0.15304136755357553,1.6112576131739427e-4,0.004965773540962679,341
Muscle,Arborinine,0.03241907414475276,0.15304136755357553,1.6084592151423304e-4,0.004961459441933724,342
Muscle,Encelin,0.03230542356910595,0.15304136755357553,1.5972015282266874e-4,0.004944066202413486,343
Muscle,Hexanoylglycine,-0.032284693008272726,0.15304136755357553,1.595152320627928e-4,0.004940893569033417,344
Muscle,Atraton,-0.032096067886990896,0.15304136755357553,1.5765672389099388e-4,0.0049120261225174865,345
Muscle,m-Coumaric acid,0.032077188630802424,0.15304136755357553,1.574713076398215e-4,0.004909136815332008,346
Muscle,"(2E,4E)-5-(3-diazo-4-oxocyclohexa-1,5-dien-1-yl)penta-2,4-dienoic acid",0.03191436850484752,0.15304136755357553,1.558767522774799e-4,0.004884218600590624,347
Muscle,Isopropanol,-0.03173142907907854,0.15304136755357553,1.5409484179520203e-4,0.0048562213006914734,348
Muscle,1-Methyl-4-(2-aminoethyl)piperazine,-0.03171254465718935,0.15304136755357553,1.539114825093682e-4,0.0048533312029400925,349
Muscle,Elaidic acid,-0.03170888074750342,0.15304136755357553,1.5387592022942444e-4,0.004852770473191166,350
Muscle,PC(16:1(9Z)/14:0),0.03169379072094771,0.15304136755357553,1.5372949820768766e-4,0.00485046107489066,351
Muscle,Benzyl formate,-0.03150867514484549,0.15304136755357553,1.519389508025891e-4,0.004822130733968508,352
Muscle,Cinnamoylglycine,-0.031491258068165294,0.15304136755357553,1.517710223868749e-4,0.004819465200734585,353
Muscle,1-Pentanesulfenothioic acid,0.0314781142636359,0.15304136755357553,1.516443566091706e-4,0.00481745365491455,354
Muscle,2-Methylbutyrylglycine,-0.0314683811775439,0.15304136755357553,1.515505937248981e-4,0.004815964090108514,355
Muscle,Thymine,-0.031432216039953026,0.15304136755357553,1.5120245388242854e-4,0.004810429327993844,356
Muscle,"2,2,6,6-Tetramethyl-4-piperidinol",-0.03129774741772652,0.15304136755357553,1.4991151753930782e-4,0.004789850066155254,357
Muscle,carglumic acid,0.031280749509793475,0.15304136755357553,1.497487268965026e-4,0.004787248683079631,358
Muscle,trans-4-Hydroxycyclohexylacetic acid,-0.031115662530573334,0.15304136755357553,1.4817227299392986e-4,0.0047619835460144914,359
Muscle,"PG(18:0/20:3(5Z,8Z,11Z))",-0.03104317996401415,0.15304136755357553,1.4748275545214365e-4,0.004750890714904481,360
Muscle,Methyl diisopropyl propionamide,-0.030948355129804213,0.15304136755357553,1.465831267129546e-4,0.004736378592598951,361
Muscle,"3-Acetyl-2,7-naphthyridine",0.030929543728672567,0.15304136755357553,1.4640498503428818e-4,0.0047334996700441655,362
Muscle,MPTP,-0.030788470767425736,0.15304136755357553,1.4507249316834023e-4,0.004711909671130118,363
Muscle,2'-Deoxyguanosine 5'-monophosphate,0.030788278197009196,0.15304136755357553,1.450706784251994e-4,0.00471188019989022,364
Muscle,Cucurbic acid,-0.030723433072384117,0.15304136755357553,1.4446023702978348e-4,0.004701956213338416,365
Muscle,Dityrosine,0.030651257472946274,0.15304136755357553,1.4378230125434838e-4,0.004690910360896449,366
Muscle,Quinaldic acid,-0.030579129059035103,0.15304136755357553,1.4310640160503983e-4,0.004679871729792014,367
Muscle,Pseudouridine,-0.030566139504919054,0.15304136755357553,1.4298484853330208e-4,0.004677883790666182,368
Muscle,Decanoylcarnitine,-0.030461481220377538,0.15304136755357553,1.4200736626433232e-4,0.004661866743674138,369
Muscle,Caffeine,-0.03020101585968564,0.15304136755357553,1.3958923932225144e-4,0.004622004768673514,370
Muscle,Pyruvic acid,-0.030132367918841815,0.15304136755357553,1.3895537831590482e-4,0.004611498793927038,371
Muscle,Isopropyl cyanide,-0.030103938396115623,0.15304136755357553,1.3869329659018975e-4,0.004607147900890126,372
Muscle,"β,ε-Carotene-3,3′-diol",0.03004061440054697,0.15304136755357553,1.3811042424859797e-4,0.004597456710009343,373
Muscle,"PC(18:0/18:3(9Z,12Z,15Z))",0.029931754067863026,0.15304136755357553,1.3711127654244474e-4,0.004580796575823055,374
Muscle,Ascorbic acid 2-sulfate,-0.029872432553653662,0.15304136755357553,1.3656833552312648e-4,0.004571717930163105,375
Muscle,2-Methylhippuric acid,-0.02984650800878762,0.15304136755357553,1.3633139896628813e-4,0.004567750402363602,376
Muscle,"PE(20:4(5Z,8Z,11Z,14Z)/P-18:1(9Z))",0.029751012560709028,0.15304136755357553,1.354603958659972e-4,0.004553135648394512,377
Muscle,N-(2-Sulfoethyl)alanine,0.029722823283400437,0.15304136755357553,1.352038182712462e-4,0.004548821522844859,378
Muscle,"Docosa-4,7,10,13,16-pentaenoyl carnitine",-0.02968179919867336,0.15304136755357553,1.3483085335699947e-4,0.004542543140815593,379
Muscle,Urocanic acid,0.029546020825949308,0.15304136755357553,1.3360011656053897e-4,0.004521763432969705,380
Muscle,Evocarpine,-0.029529271303911954,0.15304136755357553,1.3344868474322074e-4,0.00451920006321124,381
Muscle,5-Hydroxy-L-tryptophan,0.029482544882857106,0.15304136755357553,1.330266867974105e-4,0.004512048987832122,382
Muscle,Phenol sulphate,-0.029476217285181794,0.15304136755357553,1.3296959206358352e-4,0.004511080603630563,383
Muscle,Nervonic acid,-0.02945107322758756,0.15304136755357553,1.32742835078933e-4,0.004507232522670496,384
Muscle,3-Aminopropionitrile,-0.02942165818345826,0.15304136755357553,1.324778066100729e-4,0.004502730804090299,385
Muscle,Guanosine monophosphate,-0.029404185785050798,0.15304136755357553,1.3232050631820062e-4,0.00450005680434358,386
Muscle,"PC(18:3(9Z,12Z,15Z)/20:5(5Z,8Z,11Z,14Z,17Z))",-0.02927358949718725,0.15304136755357553,1.3114773507082742e-4,0.004480070169851522,387
Muscle,Lyso-PAF C-18,0.029266532262884226,0.15304136755357553,1.3108450888321953e-4,0.004478990121062641,388
Muscle,2-O-Methylascorbic acid,-0.0292382669136089,0.15304136755357553,1.308314307122095e-4,0.004474664353355166,389
Muscle,"N~6~,N~6~-Dimethyllysine",-0.029016995243451842,0.15304136755357553,1.2885869088415246e-4,0.004440800634353466,390
Muscle,Alchornine,-0.029005804492371525,0.15304136755357553,1.2875931826097548e-4,0.004439087986504183,391
Muscle,Tetradecanedioic acid,0.029001587283436762,0.15304136755357553,1.2872187985975568e-4,0.004438442579081547,392
Muscle,Betulin,0.028993643104546954,0.15304136755357553,1.286513699545123e-4,0.004437226791080161,393
Muscle,Chenodeoxycholic acid,-0.028911906689871515,0.15304136755357553,1.2792702638162007e-4,0.004424717738399306,394
Muscle,Estrane,0.028843709996569586,0.15304136755357553,1.273242359076189e-4,0.004414280823193747,395
Muscle,"PE(P-18:1(11Z)/22:6(4Z,7Z,10Z,13Z,16Z,19Z))",-0.028795399969391174,0.15304136755357553,1.2689808503146672e-4,0.004406887390567812,396
Muscle,Cyclic ADP-ribose,0.028621104875140888,0.15304136755357553,1.253665365353053e-4,0.004380213030985869,397
Muscle,"2,5-Dihydro-2,4,5-trimethyloxazole",0.02850348073208553,0.15304136755357553,1.2433821632147583e-4,0.0043622116712753595,398
Muscle,"PE(22:4(7Z,10Z,13Z,16Z)/20:3(5Z,8Z,11Z))",0.028436139838412793,0.15304136755357553,1.2375139986818456e-4,0.004351905728815404,399
Muscle,Wedelolactone,0.028395644049266956,0.15304136755357553,1.2339918312853786e-4,0.004345708197864364,400
Muscle,Proline betaine,-0.028348288094990976,0.15304136755357553,1.2298793601959857e-4,0.004338460777860163,401
Muscle,N-Vinylmethanimine,-0.02829466186046348,0.15304136755357553,1.2252306550151204e-4,0.004330253745591327,402
Muscle,Taurochenodeoxycholate-3-sulfate,0.02822099003222609,0.15304136755357553,1.2188586071905319e-4,0.004318978908247705,403
Muscle,p-Cresol,-0.028044700478248637,0.15304136755357553,1.2036783520897504e-4,0.004291999313821585,404
Muscle,Dehydroascorbic acid,-0.02795322425666757,0.15304136755357553,1.1958388408318525e-4,0.004277999667772185,405
Muscle,ATPA,0.027933982836526507,0.15304136755357553,1.1941931116609309e-4,0.004275054934520124,406
Muscle,Kynurenic acid,-0.027932815102733086,0.15304136755357553,1.1940932712254908e-4,0.00427487622294344,407
Muscle,"PC(18:2(9Z,12Z)/17:0)",0.027927707806850277,0.15304136755357553,1.1936566499908633e-4,0.004274094595397034,408
Muscle,DMU,-0.027893828865510846,0.15304136755357553,1.1907623705716194e-4,0.00426890971588318,409
Muscle,Ferulic acid 4-O-sulfate,-0.027842612083109786,0.15304136755357553,1.1863935886895562e-4,0.004261071429462828,410
Muscle,Hexanethiol,-0.027767766438075315,0.15304136755357553,1.1800237090753793e-4,0.0042496169495913234,411
Muscle,Glycodiazine,0.027681761982952198,0.15304136755357553,1.1727253093830498e-4,0.004236454710163581,412
Muscle,"PC(18:2(9Z,12Z)/14:0)",0.027613735059819622,0.15304136755357553,1.1669685320422164e-4,0.00422604377681691,413
Muscle,Myristicin,0.02760708956316061,0.15304136755357553,1.1664069164333093e-4,0.004225026740920142,414
Muscle,9-Decenoic acid,-0.027589426643417136,0.15304136755357553,1.164914867725052e-4,0.004222323583527612,415
Muscle,Caprylic acid,0.027505441858458768,0.15304136755357553,1.1578334436486248e-4,0.00420947043718389,416
Muscle,oxazolidinone,-0.027464140599532373,0.15304136755357553,1.1543589256496906e-4,0.00420314963603611,417
Muscle,Arachidonic acid,0.027422400646833742,0.15304136755357553,1.150852806632724e-4,0.00419676169659349,418
Muscle,DL-2-Aminooctanoic acid,-0.027378551020640653,0.15304136755357553,1.1471752206640605e-4,0.004190050889834187,419
Muscle,1-Methylinosine,-0.02722596967420966,0.15304136755357553,1.1344243782000992e-4,0.004166699631913222,420
Muscle,Ketorolac,-0.027160033098079097,0.15304136755357553,1.1289362737258214e-4,0.0041566086081304,421
Muscle,Acetylphosphate,0.0270754053853943,0.15304136755357553,1.1219119487379872e-4,0.004143657067248187,422
Muscle,ODA,0.027043984298486798,0.15304136755357553,1.1193094955154996e-4,0.004138848341137843,423
Muscle,2-Amino-4-[(3-aminopropyl)amino]butanoic acid,-0.026915367068508677,0.15304136755357553,1.108688268039475e-4,0.004119164584371039,424
Muscle,"PE(20:0/22:5(7Z,10Z,13Z,16Z,19Z))",-0.02688455544845422,0.15304136755357553,1.1061513582644655e-4,0.004114449131901364,425
Muscle,"PE(P-18:0/22:4(7Z,10Z,13Z,16Z))",-0.026785075732987655,0.15304136755357553,1.0979804189865206e-4,0.00409922462020252,426
Muscle,"LysoPE(20:4(5Z,8Z,11Z,14Z)/0:0)",0.026783894949796133,0.15304136755357553,1.0978836152097021e-4,0.004099043911528106,427
Muscle,PG(16:0/16:1(9Z)),-0.026687815057692674,0.15304136755357553,1.0900210290524147e-4,0.004084339713446192,428
Muscle,Rilmenidine,-0.026671349948990057,0.15304136755357553,1.088676462000057e-4,0.004081819870693425,429
Muscle,2-Aminoisobutyric acid,0.026438579934228153,0.15304136755357553,1.0697568772586918e-4,0.004046196429308798,430
Muscle,N-Desmethyldiphenhydramine,-0.026380685066640715,0.15304136755357553,1.0650769267931143e-4,0.004037336119598883,431
Muscle,Uridine,-0.02633250380606638,0.15304136755357553,1.0611900006751653e-4,0.004029962393590132,432
Muscle,Piroctone,-0.02623382602234612,0.15304136755357553,1.0532515476303905e-4,0.004014860610622427,433
Muscle,N-Palmitoyl Glutamic acid,0.025968685073903,0.15304136755357553,1.032069056283807e-4,0.00397428307727824,434
Muscle,Acetylhistamine,-0.025841569793430722,0.15304136755357553,1.0219899429978395e-4,0.003954829180917806,435
Muscle,Linoleic acid,-0.025760720734954102,0.15304136755357553,1.0156050623400897e-4,0.003942455930443125,436
Muscle,(Â±)-Metalaxyl,0.02572417505870695,0.15304136755357553,1.0127255119788087e-4,0.003936862930172091,437
Muscle,DL-Ornithine,-0.025677442372552033,0.15304136755357553,1.0090492507214911e-4,0.00392971089597349,438
Muscle,CYCLURON,0.02567299912879559,0.15304136755357553,1.00870006766749e-4,0.0039290308958726304,439
Muscle,"1,5-Naphthalenediamine",0.02562623068128962,0.15304136755357553,1.0050283216184117e-4,0.003921873388707958,440
Muscle,Geranyl acetoacetate,-0.02556657358571275,0.15304136755357553,1.0003544168015103e-4,0.003912743385216601,441
Muscle,CDP-ethanolamine,0.025520009467562343,0.15304136755357553,9.967138661649814e-5,0.003905617148895936,442
Muscle,Didanosine,0.02544339837498746,0.15304136755357553,9.907385766208715e-5,0.003893892482518502,443
Muscle,Heptanoylcarnitine,-0.025398010473663156,0.15304136755357553,9.872070172120162e-5,0.003886946256029444,444
Muscle,Linoleyl ethanolamide,0.025395009534839072,0.15304136755357553,9.869737412358244e-5,0.0038864869882478618,445
Muscle,D-Tartaric acid,-0.02517890352386172,0.15304136755357553,9.702473503265174e-5,0.00385341382879134,446
Muscle,ser-arg,-0.02515717281125848,0.15304136755357553,9.6857332445529e-5,0.003850088130816626,447
Muscle,Methylmalonylcarnitine,0.025066000120613063,0.15304136755357553,9.615655880748453e-5,0.003836134937556712,448
Muscle,Thymidine,-0.02488562606512252,0.15304136755357553,9.477765954556128e-5,0.003808530245433255,449
Muscle,Citramalic acid,0.024780698311720657,0.15304136755357553,9.398010346069383e-5,0.0037924719585583095,450
Muscle,Mecarbam,-0.02465209165348772,0.15304136755357553,9.300716042473391e-5,0.0037727898197058457,451
Muscle,"1,28-Octacosanediyl (2E,2′E)bis[3-(3-hydroxy-4-methoxyphenyl)acrylate]",0.02458643447283656,0.15304136755357553,9.251239867996306e-5,0.00376274155498928,452
Muscle,Cytidine,-0.024585927169847123,0.15304136755357553,9.250858101927058e-5,0.0037626639166460124,453
Muscle,Bisphenol A,-0.024508554932181684,0.15304136755357553,9.192724574215181e-5,0.0037508227635830137,454
Muscle,L-Arabitol,-0.02450586103959385,0.15304136755357553,9.190703822549957e-5,0.003750410486577329,455
Muscle,Imidazoleacetic acid,-0.024503025814989015,0.15304136755357553,9.188577294354283e-5,0.0037499765799264835,456
Muscle,7-Ketocholesterol,-0.024403006928716296,0.15304136755357553,9.113716697320312e-5,0.003734669552790121,457
Muscle,"2,6-Pyridinecarboxylic acid",-0.024381405420271545,0.15304136755357553,9.097588939439091e-5,0.0037313636283965164,458
Muscle,Octadecanamide,0.02425875577452235,0.15304136755357553,9.0062890731459e-5,0.0037125931588810977,459
Muscle,"PE(18:0/18:3(9Z,12Z,15Z))",0.02415515164130686,0.15304136755357553,8.929525345698763e-5,0.0036967374406495965,460
Muscle,Furfural,0.024154040129315508,0.15304136755357553,8.928703571007562e-5,0.003696567333334388,461
Muscle,"2-Amino-1,3-hexadecanediol",0.02412138245174211,0.15304136755357553,8.904575632415169e-5,0.003691569357697431,462
Muscle,Equol,0.024107887152511005,0.15304136755357553,8.894614653029118e-5,0.003689504018647558,463
Muscle,PE(18:1(11Z)/P-18:1(11Z)),-0.024088262415699356,0.15304136755357553,8.880139438049525e-5,0.0036865006220880244,464
Muscle,3-Methyl-2-oxovaleric acid,0.024046314448640412,0.15304136755357553,8.849238126365755e-5,0.0036800808478432315,465
Muscle,3-O-p-Coumaroylquinic acid,0.023994972775161928,0.15304136755357553,8.811490165718993e-5,0.003672223447921595,466
Muscle,Goshuyic acid,-0.023898483567480224,0.15304136755357553,8.740766663606997e-5,0.003657456607623826,467
Muscle,Fuberidazole,0.023894366296517526,0.15304136755357553,8.737755175063922e-5,0.003656826494845106,468
Muscle,10-Hydroxy-2-decenoic acid,-0.02373051225397143,0.15304136755357553,8.618328901967188e-5,0.0036317500480946697,469
Muscle,Maltotriose,0.023654740895790102,0.15304136755357553,8.563380240844115e-5,0.0036201538958172074,470
Muscle,Leu-pro,-0.02361150076741134,0.15304136755357553,8.532101671280585e-5,0.0036135363674369295,471
Muscle,zopiclone,-0.02356515022119339,0.15304136755357553,8.498636673395015e-5,0.003606442816456879,472
Muscle,"PE(18:4(6Z,9Z,12Z,15Z)/20:4(8Z,11Z,14Z,17Z))",0.023409954384673016,0.15304136755357553,8.387064303018676e-5,0.00358269143339718,473
Muscle,Glycogen,0.023409694645975736,0.15304136755357553,8.386878191330025e-5,0.003582651682631742,474
Muscle,L-Allothreonine,-0.023287594698910855,0.15304136755357553,8.299618035317387e-5,0.003563965339754713,475
Muscle,7-Sulfocholic acid,0.023244546244484396,0.15304136755357553,8.268961756574571e-5,0.00355737714541822,476
Muscle,sphingosine d20:1,0.02310291280303785,0.15304136755357553,8.168500044517801e-5,0.003535701369847922,477
Muscle,4-Pyridoxic acid,-0.0230413820410299,0.15304136755357553,8.125047106606343e-5,0.0035262846178836112,478
Muscle,Capryloylglycine,-0.023024427852361,0.15304136755357553,8.11309444675412e-5,0.0035236899256639617,479
Muscle,Allyl Methyl Sulfide,0.02295758489588619,0.15304136755357553,8.06605605487739e-5,0.0035134601881937327,480
Muscle,(Â±)-2-Methylbutanal,0.02291152692015462,0.15304136755357553,8.033723947294573e-5,0.0035064114126010237,481
Muscle,Malonic acid,0.022907400778327765,0.15304136755357553,8.030830617689873e-5,0.0035057799422131214,482
Muscle,Adenine,0.022824459870351217,0.15304136755357553,7.972781383504295e-5,0.0034930865522302553,483
Muscle,Xanthine,-0.022749269980957283,0.15304136755357553,7.920338947438243e-5,0.003481579388731206,484
Muscle,Tetrahydrodeoxycorticosterone,0.022688960670372283,0.15304136755357553,7.87840028130627e-5,0.003472349569363064,485
Muscle,Maraniol,-0.02262951139370339,0.15304136755357553,7.83716863539082e-5,0.003463251370761586,486
Muscle,4-Hydroxy-5-methyl-3-furanone,0.02249408581845468,0.15304136755357553,7.743646752758416e-5,0.0034425256555237933,487
Muscle,Diethyl malonate,-0.022434812137973426,0.15304136755357553,7.702890288690285e-5,0.0034334543304030086,488
Muscle,Bethanechol,-0.02241020486699086,0.15304136755357553,7.68600196739438e-5,0.0034296884000000753,489
Muscle,N-Acetyltryptophan,-0.02235451174870714,0.15304136755357553,7.647847428246337e-5,0.0034211650490146117,490
Muscle,Glutathione,-0.02219884453949986,0.15304136755357553,7.541705639290175e-5,0.003397341526434281,491
Muscle,Acetylcarnosine,0.02219073646562182,0.15304136755357553,7.536197466180268e-5,0.0033961006557197606,492
Muscle,Acetylcarnitine,0.022176005415484153,0.15304136755357553,7.526195161430287e-5,0.0033938461956611915,493
Muscle,LysoPC(P-18:0/0:0),0.02213015824493044,0.15304136755357553,7.495107681087116e-5,0.0033868296819811895,494
Muscle,Triethylene glycol monomethyl ether,-0.022101275951226785,0.15304136755357553,7.475556565677507e-5,0.003382409496254698,495
Muscle,Pteroic acid,-0.02204543855254515,0.15304136755357553,7.43783129163666e-5,0.0033738640643998265,496
Muscle,D-glycero-L-galacto-Octulose,-0.022034559967207486,0.15304136755357553,7.43049252915514e-5,0.003372199190822702,497
Muscle,Creatine,-0.021883023315626922,0.15304136755357553,7.328641608739551e-5,0.003349007814430323,498
Muscle,DG(16:0/18:1(9Z)/0:0),0.021859141330539823,0.15304136755357553,7.312654146505726e-5,0.0033453528827726993,499
Muscle,Erythronic acid,0.021847886220698626,0.15304136755357553,7.305125622364837e-5,0.0033436303853706367,500
Muscle,Docosahexaenoic acid,0.021827116611326167,0.15304136755357553,7.291243044814434e-5,0.003340451775948722,501
Muscle,D-Ribose 5-phosphate,-0.021823938088721434,0.15304136755357553,7.289119659136244e-5,0.0033399653305024937,502
Muscle,Argininosuccinic acid,0.021649217500133256,0.15304136755357553,7.172874711184621e-5,0.0033132258526851932,503
Muscle,5-Sulfosalicylic acid,-0.021559074664344778,0.15304136755357553,7.113266353686947e-5,0.003299430269820967,504
Muscle,15beta-Hydroxydesogestrel,0.02150373278389068,0.15304136755357553,7.076793890917974e-5,0.0032909606727532853,505
Muscle,4-Hydroxypropofol,-0.021503710732989637,0.15304136755357553,7.076779377195791e-5,0.003290957298053234,506
Muscle,N-Decanoylglycine,-0.02142490736057278,0.15304136755357553,7.025006708735646e-5,0.0032788971221707247,507
Muscle,Imagabalin,-0.02137599824505404,0.15304136755357553,6.992969726160909e-5,0.003271412004245901,508
Muscle,"PG(18:2(9Z,12Z)/22:6(4Z,7Z,10Z,13Z,16Z,19Z))",-0.0213021263837374,0.15304136755357553,6.944720182851934e-5,0.0032601065535662744,509
Muscle,Pimelic acid,0.021269970643155712,0.15304136755357553,6.923769779080558e-5,0.0032551853950529546,510
Muscle,"(10Z,12Z)-octadeca-10,12-dienoylcarnitine",-0.021267000426052073,0.15304136755357553,6.921836192629374e-5,0.0032547308289654826,511
Muscle,Asparaginylhydroxyproline,-0.021188395915356477,0.15304136755357553,6.870763446974931e-5,0.003242701087152749,512
Muscle,lysops(22:0),-0.02118583172565327,0.15304136755357553,6.869100567453033e-5,0.003242308660053903,513
Muscle,Aranidipine,-0.02113138553954761,0.15304136755357553,6.833839666696396e-5,0.0032339761412742167,514
Muscle,Demethylated antipyrine,0.02107506662265046,0.15304136755357553,6.797461401960011e-5,0.0032253570172131405,515
Muscle,Cer(d18:1/18:1(9Z)),0.02106460740561344,0.15304136755357553,6.790716134346453e-5,0.0032237563243342556,516
Muscle,LysoPC(22:0/0:0),0.02105341542578857,0.15304136755357553,6.783502008200484e-5,0.0032220434884362254,517
Muscle,PS(18:1(9Z)/18:0),-0.02097260107168136,0.15304136755357553,6.731524486218199e-5,0.003209675549165699,518
Muscle,AICA-riboside,-0.020743488956912064,0.15304136755357553,6.585252725933077e-5,0.0031746119177983143,519
Muscle,Phenol,-0.02066215062515263,0.15304136755357553,6.533710449466536e-5,0.0031621637882713245,520
Muscle,Stearic acid,0.02051500819884773,0.15304136755357553,6.440984107267407e-5,0.003139644910124471,521
Muscle,3-Methylphenylacetic acid,-0.020482865803881443,0.15304136755357553,6.420816777133584e-5,0.003134725794042383,522
Muscle,2-Hydroxybenzaldehyde,0.020444811387866725,0.15304136755357553,6.396980907752714e-5,0.003128901894174038,523
Muscle,Diacetyl,-0.02042948309450114,0.15304136755357553,6.387392358331102e-5,0.0031265560311951068,524
Muscle,"PC(22:6(4Z,7Z,10Z,13Z,16Z,19Z)/18:3(9Z,12Z,15Z))",0.02030393492490255,0.15304136755357553,6.309126910009472e-5,0.00310734196762589,525
Muscle,"PE(18:2(9Z,12Z)/18:4(6Z,9Z,12Z,15Z))",0.020240621681448818,0.15304136755357553,6.269841077965861e-5,0.0030976524222634783,526
Muscle,"2,5-Dimethylpyrazine",-0.020184298287676424,0.15304136755357553,6.234995568226857e-5,0.003089032613055293,527
Muscle,Myristic acid,-0.020154710359915808,0.15304136755357553,6.216729351402987e-5,0.0030845044361277317,528
Muscle,Oleoylcarnitine,-0.020134003205491878,0.15304136755357553,6.20396165167027e-5,0.0030813353848965505,529
Muscle,"PE(20:3(8Z,11Z,14Z)/18:0)",0.020118187428399544,0.15304136755357553,6.194218737109901e-5,0.003078914916741417,530
Muscle,O-methoxycatechol-O-sulphate,-0.020112219840760077,0.15304136755357553,6.190544543202359e-5,0.003078001628968077,531
Muscle,Palmitoylcarnitine,-0.020095653092448394,0.15304136755357553,6.180350247874098e-5,0.0030754662311505416,532
Muscle,N-Butylbenzenesulfonamide,0.020075310267784176,0.15304136755357553,6.167843847132694e-5,0.003072352937444027,533
Muscle,Anserine,0.020069201704064742,0.15304136755357553,6.164090885462288e-5,0.0030714180744986167,534
Muscle,"N6,N6,N6-Trimethyl-L-lysine",-0.020037512420498983,0.15304136755357553,6.144640046377707e-5,0.00306656830320492,535
Muscle,3-Methylhistamine,-0.02000394364308425,0.15304136755357553,6.124069102280891e-5,0.0030614308916022672,536
Muscle,gamma-Linolenic acid,-0.019957705989408363,0.15304136755357553,6.095791145046681e-5,0.003054354617851241,537
Muscle,(S)-beta-Aminoisobutyric acid,-0.019835730890932202,0.15304136755357553,6.0215077977814295e-5,0.0030356873819729676,538
Muscle,Caprolactam,-0.01982211199288878,0.15304136755357553,6.013242092917408e-5,0.0030336031271918297,539
Muscle,3-Methyluric acid,-0.019751919875977526,0.15304136755357553,5.970730490304816e-5,0.0030228608296282507,540
Muscle,ibufenac,-0.019738245476929442,0.15304136755357553,5.962466190962709e-5,0.0030207680808974585,541
Muscle,2-(Diethylamino)ethanol,-0.01973656160799734,0.15304136755357553,5.9614489188517794e-5,0.0030205103792933087,542
Muscle,10Z-Nonadecenoic acid,-0.019729197336794672,0.15304136755357553,5.957000977312511e-5,0.003019383341157417,543
Muscle,"(2E,4E)-2,4-Hexadienoic acid",-0.019723436223593925,0.15304136755357553,5.953522483418347e-5,0.0030185016525145435,544
Muscle,Tetracosatetraenoic acid (24:4n-6),0.019693620351698898,0.15304136755357553,5.935536236867724e-5,0.0030139385907049262,545
Muscle,Pyruvaldehyde,-0.019688908737307362,0.15304136755357553,5.9326964733211687e-05,0.0030132175187950606,546
Muscle,moroxydine,0.019615590874072476,0.15304136755357553,5.8885942068590986e-5,0.003001996852739488,547
Muscle,"PE(18:0/18:2(9Z,12Z))",0.019483283115798188,0.15304136755357553,5.8094246162342974e-5,0.0029817482924752426,548
Muscle,SM(d18:1/18:0),0.019470188195023542,0.15304136755357553,5.8016180890090126e-5,0.0029797442278918854,549
Muscle,2-arachidonoylglycerol,0.019424522496156903,0.15304136755357553,5.7744355830611275e-5,0.002972755486887045,550
Muscle,Glycylleucine,-0.019397013843100584,0.15304136755357553,5.758091864237201e-5,0.002968545525003749,551
Muscle,"(2R,3R,4R)-2-Amino-4-hydroxy-3-methylpentanoic acid",-0.019371270108326073,0.15304136755357553,5.7428177171666084e-5,0.0029646056686279216,552
Muscle,"PE(15:0/22:6(4Z,7Z,10Z,13Z,16Z,19Z))",0.01936653677887393,0.15304136755357553,5.7400115689816674e-5,0.002963881273415484,553
Muscle,"2-(Hydroxymethyl)-1-methylpiperidine-3,4,5-triol",-0.019349218007011983,0.15304136755357553,5.729750002582248e-5,0.002961230784885383,554
Muscle,beta-Glycerophosphoric acid,0.019290284037550336,0.15304136755357553,5.694899740176189e-5,0.002952211449603612,555
Muscle,2-Hydroxyadipic acid,0.0192097460541096,0.15304136755357553,5.647445977052039e-5,0.0029398858064778343,556
Muscle,Clefamide,0.019189397106613087,0.15304136755357553,5.6354875977994964e-5,0.0029367715757246922,557
Muscle,D-Ornithine,0.019123815041546414,0.15304136755357553,5.597033512089739e-5,0.002926734806799901,558
Muscle,"(3r,4s)-Tofacitinib",-0.019116813131951536,0.15304136755357553,5.5929357158965624e-5,0.0029256632249800144,559
Muscle,Allyl propyl disulfide,-0.019112529872100086,0.15304136755357553,5.590429721504991e-5,0.0029250077090347613,560
Muscle,Aldosterone,-0.01901420001954104,0.15304136755357553,5.533054578176129e-5,0.0029099591739277834,561
Muscle,Valine-C13N15,-0.018987893604275382,0.15304136755357553,5.517755050172293e-5,0.002905933204160095,562
Muscle,Palmitic acid alkyne,-0.01896874604530436,0.15304136755357553,5.506632355634368e-5,0.0029030028355498567,563
Muscle,cyclohexylformamide,-0.01892326357494878,0.15304136755357553,5.480256866533054e-5,0.0028960421360869236,564
Muscle,Docosanamide,0.018914149051843993,0.15304136755357553,5.474978929324684e-5,0.0028946472370063687,565
Muscle,(17Z)-tricos-17-enoic acid,0.01875950020242965,0.15304136755357553,5.385814174207106e-5,0.002870979565601411,566
Muscle,"N-{(2S,3R,4E)-3-Hydroxy-1-[(3-O-sulfo-β-D-threo-hexopyranosyl)oxy]-4-octadecen-2-yl}docosanamide",-0.01875632322698662,0.15304136755357553,5.3839901223589324e-5,0.002870493356934925,567
Muscle,Imidazoleacetic acid ribotide,-0.01869580930704343,0.15304136755357553,5.349305204065612e-5,0.0028612322238707917,568
Muscle,4-oxo-Retinoic acid,0.01869152010249452,0.15304136755357553,5.346851003566011e-5,0.0028605757981409095,569
Muscle,METOQUIZINE,0.018653806545913407,0.15304136755357553,5.3252962733851743e-5,0.0028548040638664268,570
Muscle,"PE(P-18:1(9Z)/22:4(7Z,10Z,13Z,16Z))",-0.01860706737217983,0.15304136755357553,5.2986434694193785e-5,0.002847651036799916,571
Muscle,propyl propanethiosulfinate,-0.018534802660243658,0.15304136755357553,5.257566454133923e-5,0.002836591546459339,572
Muscle,FAD,-0.018384167184957327,0.15304136755357553,5.172455457852558e-5,0.0028135380873194364,573
Muscle,dehydrocarnitine,-0.018320002739072,0.15304136755357553,5.1364126436784434e-5,0.0028037182727728284,574
Muscle,Sulforaphane,-0.01825050021184624,0.15304136755357553,5.0975134707438576e-5,0.0027930815109577685,575
Muscle,streptidine,0.01821348852953067,0.15304136755357553,5.0768591062264446e-5,0.002787417192480735,576
Muscle,Adenosine,0.018197719479682656,0.15304136755357553,5.0680719276668915e-5,0.0027850038755269746,577
Muscle,promolate,0.01816451801061116,0.15304136755357553,5.049595553984023e-5,0.002779922677295485,578
Muscle,"PC(20:4(5Z,8Z,11Z,14Z)/20:1(11Z))",-0.017986871833458113,0.15304136755357553,4.951309997165041e-5,0.002752735463403318,579
Muscle,Palmitic amide,0.01793724803706191,0.15304136755357553,4.924027447092063e-5,0.002745140969739643,580
Muscle,Methylgingerol,-0.017873475798853317,0.15304136755357553,4.889076930693148e-5,0.0027353811791922472,581
Muscle,"(2R)-1-[(Hydroxy{[(2R,3R,5S,6R)-2,3,4,5,6-pentahydroxycyclohexyl]oxy}phosphoryl)oxy]-3-(palmitoyloxy)-2-propanyl stearate",-0.01779398650575496,0.15304136755357553,4.8456869273538e-5,0.002723216029070608,582
Muscle,PEG n5,-0.017709851045440123,0.15304136755357553,4.799971455076384e-5,0.002710339823164276,583
Muscle,β-Ionone,-0.017546849684770834,0.15304136755357553,4.71202026166406e-5,0.0026853938720143543,584
Muscle,Indole-3-acetylglycine,-0.017481470302183066,0.15304136755357553,4.676971799969129e-5,0.0026753881218933135,585
Muscle,Caproylcholine,-0.01745315200131427,0.15304136755357553,4.661831583601497e-5,0.0026710542504015597,586
Muscle,Acrylamide,0.017447183810553938,0.15304136755357553,4.658643856464631e-5,0.0026701408703257777,587
Muscle,Isobutyryl-L-carnitine,-0.017431548240918374,0.15304136755357553,4.650297763179878e-5,0.002667747981366272,588
Muscle,Isobutyric acid,-0.017387187054103366,0.15304136755357553,4.6266589871032133e-5,0.0026609588846698033,589
Muscle,1-Phenylethanol,0.017249042470327762,0.15304136755357553,4.553431638603612e-5,0.0026398170486486654,590
Muscle,Acetylglycine,-0.017247587070059092,0.15304136755357553,4.552663272932312e-5,0.0026395943122012105,591
Muscle,"PS(18:0/20:3(8Z,11Z,14Z))",-0.01705672382414698,0.15304136755357553,4.452460476278876e-5,0.002610384340031106,592
Muscle,Succinic acid semialdehyde,-0.017045200755904634,0.15304136755357553,4.446446581001229e-5,0.0026086208339088845,593
Muscle,"PC(18:1(9Z)/22:5(7Z,10Z,13Z,16Z,19Z))",0.017040928626813803,0.15304136755357553,4.444217987328062e-5,0.002607967021430458,594
Muscle,(R)-Lipoic acid,0.016995991335945766,0.15304136755357553,4.420809897368099e-5,0.0026010897569818613,595
Muscle,hydralazine,0.01699138048424832,0.15304136755357553,4.4184115749090945e-5,0.002600384105932497,596
Muscle,phosphoglycolate,0.01698059937187028,0.15304136755357553,4.4128063470909716e-5,0.002598734149750413,597
Muscle,"PC(20:5(5Z,8Z,11Z,14Z,17Z)/16:1(9Z))",0.016769015326035575,0.15304136755357553,4.303521342663154e-5,0.0025663530380233518,598
Muscle,"PE(P-18:1(11Z)/18:3(6Z,9Z,12Z))",0.016553510942497775,0.15304136755357553,4.193620033634663e-5,0.0025333719524529364,599
Muscle,Gly-Leu,-0.016525536140655418,0.15304136755357553,4.179457894819407e-5,0.0025290906505219418,600
Muscle,Ethylene brassylate,-0.01651701043758046,0.15304136755357553,4.1751465520533756e-5,0.0025277858652639944,601
Muscle,"LysoPE(0:0/22:5(4Z,7Z,10Z,13Z,16Z))",0.016512445579792936,0.15304136755357553,4.172839074361406e-5,0.0025270872531855046,602
Muscle,5-Methylcytosine,0.016408760722535314,0.15304136755357553,4.120599466018236e-5,0.0025112191808362005,603
Muscle,p-Coumaraldehyde,0.016391364709509814,0.15304136755357553,4.111867057059582e-5,0.0025085568712127984,604
Muscle,Oleamide,-0.016218864519397438,0.15304136755357553,4.025777144344305e-5,0.0024821572062147484,605
Muscle,10-Hydroxydecanoic acid,-0.016141596419003087,0.15304136755357553,3.9875102010992285e-5,0.00247033199046213,606
Muscle,Citroflex A-4,-0.016138188525283304,0.15304136755357553,3.985826653062273e-5,0.0024698104417467774,607
Muscle,Methacholine,0.016022107191607432,0.15304136755357553,3.928693096406855e-5,0.002452045195693579,608
Muscle,LysoPC(P-16:0/0:0),0.016004795177457225,0.15304136755357553,3.9202077149209643e-5,0.002449395741372924,609
Muscle,Diethylpyrocarbonate,-0.01600396814118128,0.15304136755357553,3.919802577562372e-5,0.002449269170610237,610
Muscle,1-[(5-Amino-5-carboxypentyl)amino]-1-deoxyfructose,-0.015969977826931915,0.15304136755357553,3.903169973308054e-5,0.0024440672464339386,611
Muscle,dTDP,-0.01596822162959194,0.15304136755357553,3.902311567630136e-5,0.0024437984755913346,612
Muscle,ACPC,-0.01594616342744996,0.15304136755357553,3.891537853922673e-5,0.002440422658169753,613
Muscle,Acetanilide,0.015927128626921094,0.15304136755357553,3.8822528072721966e-5,0.002437509546265706,614
Muscle,Pyrocatechol sulfate,-0.015809746428253467,0.15304136755357553,3.825239630590644e-5,0.0024195452140551668,615
Muscle,3-Methylhistidine,-0.015796479999360437,0.15304136755357553,3.818822579183033e-5,0.0024175149016348253,616
Muscle,Glutarylglycine,-0.015774342087685703,0.15304136755357553,3.8081263332705946e-5,0.0024141268853573434,617
Muscle,2-Methylpropanal,-0.01575521293482653,0.15304136755357553,3.79889589298673e-5,0.0024111993336436346,618
Muscle,2-Hydroxy-3-methylbutyric acid,-0.015743734833132222,0.15304136755357553,3.793362711026696e-5,0.0024094427092634183,619
Muscle,Vanylglycol,-0.015724003252071562,0.15304136755357553,3.783860246641466e-5,0.0024064229611139008,620
Muscle,Galactitol,-0.01571131276469314,0.15304136755357553,3.777754975306241e-5,0.0024044807915705856,621
Muscle,Capsi-amide,0.015618662415765407,0.15304136755357553,3.733331150484194e-5,0.0023903014554663695,622
Muscle,Tyrosol 4-sulfate,0.015613210818822252,0.15304136755357553,3.7307254133001806e-5,0.002389467135614838,623
Muscle,Heptadecanoyl carnitine,0.015503359035358913,0.15304136755357553,3.678412649384507e-5,0.0023726552684454096,624
Muscle,Ethyl Sorbate,0.01530321156440599,0.15304136755357553,3.584049527669307e-5,0.0023420244257783846,625
Muscle,Naftidrofuryl,0.015294792395750387,0.15304136755357553,3.58010703273603e-5,0.002340735944693667,626
Muscle,2-Docosahexaenoyl glycerol,0.0152725971004973,0.15304136755357553,3.569723906949836e-5,0.002337339146354879,627
Muscle,"PI(20:4(8Z,11Z,14Z,17Z)/18:1(9Z))",-0.015268049676922343,0.15304136755357553,3.567598449197656e-5,0.0023366432024321225,628
Muscle,3-Oxododecanoic acid,-0.015218694963523004,0.15304136755357553,3.544570857242158e-5,0.002329089889598273,629
Muscle,L-Aspartic acid,-0.015218390062822001,0.15304136755357553,3.544428830436891e-5,0.002329043227178023,630
Muscle,1-Methylhistidine,-0.015190959271921649,0.15304136755357553,3.5316628464558937e-5,0.002324845181425557,631
Muscle,3-(2-Hydroxyphenyl)propanoic acid,-0.015033678566058167,0.15304136755357553,3.4589107700288226e-5,0.002300774727110418,632
Muscle,"PG(16:0/18:3(6Z,9Z,12Z))",0.015030425646592486,0.15304136755357553,3.457414084990124e-5,0.002300276895866849,633
Muscle,Furan,-0.014891665681712452,0.15304136755357553,3.393871487599759e-5,0.002279040881079922,634
Muscle,"PC(16:0/18:4(6Z,9Z,12Z,15Z))",0.014879482636648799,0.15304136755357553,3.388320627589324e-5,0.002277176371202414,635
Muscle,PC(16:0/16:1(9Z)),0.01474246427673328,0.15304136755357553,3.326204953602387e-5,0.002256206894020995,636
Muscle,Heptadecanoic acid,0.014650623825640582,0.15304136755357553,3.284891827140869e-5,0.0022421515057890313,637
Muscle,"PE(22:6(4Z,7Z,10Z,13Z,16Z,19Z)/22:6(4Z,7Z,10Z,13Z,16Z,19Z))",0.014641223908058313,0.15304136755357553,3.280677971518404e-5,0.00224071292954735,638
Muscle,PE(16:1(9Z)/16:1(9Z)),0.014568331906296594,0.15304136755357553,3.248093275968368e-5,0.0022295574379140185,639
Muscle,2-Phenylbutyric acid,0.014555558856941849,0.15304136755357553,3.242400123411624e-5,0.0022276026329729392,640
Muscle,"Adenosine 2',3'-cyclic phosphate",0.01440472759175902,0.15304136755357553,3.175549868911436e-5,0.002204519209879523,641
Muscle,pC-HSL,-0.014386272302344806,0.15304136755357553,3.167418073457824e-5,0.0022016947871489746,642
Muscle,Timonacic,0.014356030318173972,0.15304136755357553,3.1541153464981955e-5,0.002197066512533937,643
Muscle,Indoleacetaldehyde,-0.014338284369128313,0.15304136755357553,3.1463223599808916e-5,0.002194350648223453,644
Muscle,Adenosine triphosphate,-0.014321725528033357,0.15304136755357553,3.1390593755639025e-5,0.0021918164605371788,645
Muscle,"(2E,4Z)-N-Isobutyl-2,4-octadecadienamide",0.014294905421945015,0.15304136755357553,3.127313434106776e-5,0.002187711874823487,646
Muscle,Phosphoenolpyruvic acid,-0.014257452266968059,0.15304136755357553,3.1109475594349354e-5,0.0021819799927666173,647
Muscle,S-acetylcysteamine,-0.014215235938693768,0.15304136755357553,3.092551798016129e-5,0.002175519148154429,648
Muscle,Uridine diphosphate glucuronic acid,0.014164566779321307,0.15304136755357553,3.070544744014336e-5,0.0021677646707112777,649
Muscle,Eicosapentaenoic acid,-0.014159281661941145,0.15304136755357553,3.0682537933491556e-5,0.0021669558291197368,650
Muscle,L-(+)-ERGOTHIONEINE,-0.01413727555966157,0.15304136755357553,3.0587239543388946e-5,0.0021635879851323466,651
Muscle,9-Decenoylcarnitine,-0.014098834302235035,0.15304136755357553,3.042112361184787e-5,0.0021577048825253105,652
Muscle,Cyclocalopin F,-0.014044285860682383,0.15304136755357553,3.018618011406256e-5,0.0021493567144321764,653
Muscle,Isocarboxazid,-0.014044285860682383,0.15304136755357553,3.018618011406256e-5,0.0021493567144321764,654
Muscle,quinoclamine,0.01398855521894238,0.15304136755357553,2.9947085387876843e-5,0.002140827620805648,655
Muscle,Glycerol 3-phosphate,-0.0139691923814086,0.15304136755357553,2.98642377712474e-5,0.0021378643056697605,656
Muscle,N-Methyl-L-histidine,0.013953334848533379,0.15304136755357553,2.9796473748216286e-5,0.0021354374471525108,657
Muscle,4-(Nitrosoamino)-1-(3-pyridinyl)-1-butanone,-0.013892801468464644,0.15304136755357553,2.9538504042981707e-5,0.0021261733358841515,658
Muscle,(2R)-2-Hydroxy-3-(phosphonooxy)propyl (11Z)-11-docosenoate,0.013824579003879425,0.15304136755357553,2.9249110773915256e-5,0.0021157324766061542,659
Muscle,Methyprylon,0.013817443304265509,0.15304136755357553,2.9218924103674656e-5,0.0021146404193787887,660
Muscle,6-Keto-prostaglandin F1a,-0.013794594124205136,0.15304136755357553,2.9122368404870883e-5,0.0021111435496148716,661
Muscle,"(5Z,8Z)-Tetradecadienoylcarnitine",-0.013773951173972829,0.15304136755357553,2.903527315814631e-5,0.002107984324280979,662
Muscle,12-oxo-PDA,-0.01368000916258228,0.15304136755357553,2.864056718894389e-5,0.0020936073103870355,663
Muscle,Tetradecenoic acid,-0.013640348696131392,0.15304136755357553,2.847474103077088e-5,0.002087537618363579,664
Muscle,D-(−)-ampicillin,-0.013640059638032265,0.15304136755357553,2.8473534204246546e-5,0.002087493380516786,665
Muscle,N'-Formylkynurenine,0.013488275425381929,0.15304136755357553,2.7843362961364795e-5,0.002064264117039736,666
Muscle,"DG(16:0/18:2(9Z,12Z)/0:0)",0.013431172609250046,0.15304136755357553,2.7608111399543718e-5,0.0020555250239677526,667
Muscle,Sphingosine,-0.013306165869795222,0.15304136755357553,2.7096593966544527e-5,0.0020363938216081726,668
Muscle,"DG(18:2(9Z,12Z)/22:6(4Z,7Z,10Z,13Z,16Z,19Z)/0:0)",-0.013256915870400692,0.15304136755357553,2.689638038897503e-5,0.002028856534348821,669
Muscle,Benzoyl cyanide,0.013045579223878946,0.15304136755357553,2.6045672230354375e-5,0.0019965132849509466,670
Muscle,FAPy-adenine,-0.013029934218397548,0.15304136755357553,2.5983238767134335e-5,0.00199411895191669,671
Muscle,Paraxanthine,-0.01284873160710815,0.15304136755357553,2.526558466390434e-5,0.001966387456480682,672
Muscle,10Z-Heptadecenoic acid,-0.012846535770960624,0.15304136755357553,2.5256949672509384e-5,0.0019660514027137407,673
Muscle,"(6E,10E)-3,7,11,15-Tetramethyl-6,10,14-hexadecatrien-1-ol",0.012760260243971111,0.15304136755357553,2.4918844589095453e-5,0.0019528476780768602,674
Muscle,Netilmicin,0.012754096827776272,0.15304136755357553,2.4894777976774666e-5,0.0019519044204336002,675
Muscle,Flecainide,0.012696178657238967,0.15304136755357553,2.4669189890067528e-5,0.0019430405444083698,676
Muscle,Glycerylphosphorylethanolamine,0.012663854167436647,0.15304136755357553,2.4543734210278978e-05,0.001938093560283551,677
Muscle,7-Dehydrocholesterol,-0.012658858823394271,0.15304136755357553,2.4524375140951084e-5,0.0019373290659999054,678
Muscle,3-Methoxy-4-hydroxyphenylethyleneglycol sulfate,-0.01255169562537162,0.15304136755357553,2.411091190384907e-5,0.0019209286636231043,679
Muscle,N-Pentacosanoylglycine,0.012468494660121555,0.15304136755357553,2.3792325079526562e-5,0.0019081954741194567,680
Muscle,"1-(1Z,9Z-octadecadienyl)-2-(4Z,7Z,10Z,13Z,16Z,19Z-docosahexaenoyl)-sn-glycero-3-phosphoethanolamine",0.012327588669831337,0.15304136755357553,2.3257611293171597e-5,0.0018866310286689508,681
Muscle,Phytosphingosine,-0.012324106321377273,0.15304136755357553,2.324447333577397e-5,0.0018860980852992428,682
Muscle,"1-(1Z-hexadecenyl)-2-(4Z,7Z,10Z,13Z,16Z,19Z-docosahexaenoyl)-sn-glycero-3-phosphoethanolamine",-0.01228711477354159,0.15304136755357553,2.310514337860553e-5,0.0018804368482305464,683
Muscle,Glycine,-0.012271871831857252,0.15304136755357553,2.304785215891234e-5,0.0018781040475896358,684
Muscle,Citrulline,-0.012223427245983512,0.15304136755357553,2.2866243382689166e-5,0.0018706900219169521,685
Muscle,Cervonyl carnitine,-0.012218729009688123,0.15304136755357553,2.2848668873319418e-5,0.0018699709974092159,686
Muscle,1-Palmitoyl-2-docosahexaenoyl-sn-glycero-3-phosphocholine,0.012158661204984968,0.15304136755357553,2.2624570962831277e-5,0.0018607781384315039,687
Muscle,3-Methylglutaconic acid,-0.012075609650839213,0.15304136755357553,2.231654554231097e-5,0.001848067815007588,688
Muscle,Phosphorylcholine,-0.011996502881766239,0.15304136755357553,2.20251139092179e-5,0.001835961206885915,689
Muscle,Pyroglutamic acid,-0.011878741194281738,0.15304136755357553,2.159482447883855e-5,0.0018179387971878702,690
Muscle,Guanosine triphosphate,-0.01187163298540358,0.15304136755357553,2.156898763410739e-5,0.0018168509471803004,691
Muscle,13-Docosenamide,0.011867805128513643,0.15304136755357553,2.1555080585711945e-5,0.001816265126727065,692
Muscle,DL-Isocitric acid lactone,-0.011691778185999232,0.15304136755357553,2.0920399452526123e-5,0.001789325722718385,693
Muscle,Melibiose,-0.011621449263901202,0.15304136755357553,2.0669473720478793e-5,0.0017785624883019336,694
Muscle,Valerylcarnitine,0.01158894168745302,0.15304136755357553,2.0554001933687524e-5,0.0017735874843464515,695
Muscle,"1,3,5-Heptatriene, (E,E)-",-0.011507661807640195,0.15304136755357553,2.0266699033934435e-5,0.0017611483003853064,696
Muscle,Acipimox,-0.011499801839838869,0.15304136755357553,2.0239023350822663e-5,0.0017599454001640644,697
Muscle,Succinimide,0.011468950225103162,0.15304136755357553,2.0130574704099897e-5,0.0017552238268536758,698
Muscle,3-Ketosphingosine,0.01132566803391271,0.15304136755357553,1.9630731978790152e-5,0.001733295724367816,699
Muscle,Eplerenone,-0.011291489616982458,0.15304136755357553,1.9512428148372643e-5,0.0017280650126999943,700
Muscle,L-Menthyl acetoacetate,-0.011260853446173216,0.15304136755357553,1.940668919937125e-5,0.0017233764112227427,701
Muscle,"DG(16:0/18:4(6Z,9Z,12Z,15Z)/0:0)",-0.011254430674026213,0.15304136755357553,1.9384557804608455e-5,0.0017223934613898803,702
Muscle,"1,5-DAN",0.011211919837885205,0.15304136755357553,1.9238393604143708e-5,0.0017158875448910146,703
Muscle,Cytidine monophosphate,0.011174650293443654,0.15304136755357553,1.9110705487280243e-5,0.001710183762841581,704
Muscle,Benzyl butyl phthalate,0.01115331032667536,0.15304136755357553,1.903778465209515e-5,0.0017069178651438134,705
Muscle,"2',4'-Dihydroxyacetophenone",-0.011079728413532589,0.15304136755357553,1.8787416699466787e-5,0.0016956567885292352,706
Muscle,Behenoylglycine,0.011076491229173717,0.15304136755357553,1.8776439995975084e-5,0.0016951613654079304,707
Muscle,N-Acetyl-L-aspartic acid,-0.011014556306368224,0.15304136755357553,1.8567047676042954e-5,0.0016856827601224526,708
Muscle,"PC(20:5(5Z,8Z,11Z,14Z,17Z)/15:0)",0.010927917146341762,0.15304136755357553,1.8276104180385516e-5,0.00167242338458831,709
Muscle,Deoxynivalenol,-0.010732557332308372,0.15304136755357553,1.762849643131226e-5,0.0016425252514836277,710
Muscle,"(2R)-2-[(4Z,7Z,10Z,13Z,16Z,19Z)-4,7,10,13,16,19-Docosahexaenoyloxy]-3-[(11Z)-11-icosenoyloxy]propyl 2-(trimethylammonio)ethyl phosphate",0.010659049416962572,0.15304136755357553,1.7387846162843096e-5,0.001631275499593094,711
Muscle,Adrenic acid,0.01062087287247588,0.15304136755357553,1.7263516289401633e-5,0.0016254329090163806,712
Muscle,N-Succinyl-L-diaminopimelic acid,-0.010607332154410511,0.15304136755357553,1.7219525292186087e-5,0.0016233606190059991,713
Muscle,Yuccaol C,-0.010429786245555463,0.15304136755357553,1.6647907473306954e-5,0.0015961887503112802,714
Muscle,galegine,-0.010393081026735895,0.15304136755357553,1.6530936747107884e-5,0.0015905713334267802,715
Muscle,Hypoxanthine,0.010325090198994186,0.15304136755357553,1.6315355696412532e-5,0.0015801659241680896,716
Muscle,1-octadecanoyl-2-eicosanoyl-sn-glycero-3-phosphoethanolamine,0.01016318591567949,0.15304136755357553,1.5807696106372824e-5,0.001555387871236827,717
Muscle,azolimine,0.01016157343813515,0.15304136755357553,1.5802680448262994e-5,0.0015551410954682916,718
Muscle,Orotidylic acid,0.010042021840346846,0.15304136755357553,1.5433028599446934e-5,0.0015368447554495546,719
Muscle,Indole-3-methyl acetate,0.010020212757396816,0.15304136755357553,1.5366067041940167e-5,0.0015335070635697926,720
Muscle,3-Hydroxymethylglutaric acid,-0.009994202365654443,0.15304136755357553,1.5286396341693923e-5,0.0015295263976469358,721
Muscle,Ethyl glucuronide,-0.009994202365654443,0.15304136755357553,1.5286396341693923e-5,0.0015295263976469358,722
Muscle,etamiphylline,0.009969963022021263,0.15304136755357553,1.5212336828606391e-5,0.001525816775348713,723
Muscle,beta-Damascenone,-0.009883878739861504,0.15304136755357553,1.4950773258590521e-5,0.0015126423190821154,724
Muscle,"(E,E)-2,4-Dodecadienal",-0.00986227934530189,0.15304136755357553,1.4885500341013372e-5,0.0015093367182003826,725
Muscle,Cyprodenate,-0.009795987473446654,0.15304136755357553,1.4686059385866982e-5,0.0014991913194739711,726
Muscle,2-Hydroxydecanedioic acid,0.009707581570593607,0.15304136755357553,1.4422180772244157e-5,0.0014856615592015322,727
Muscle,Cholic acid,0.009642539281265614,0.15304136755357553,1.4229566555703797e-5,0.0014757073982939607,728
Muscle,"N-isobutyl-(2E,4E,14Z)-eicosatrienamide",-0.009503859483763486,0.15304136755357553,1.3823208254146547e-5,0.0014544836524321822,729
Muscle,Creatinine,0.009482270907298307,0.15304136755357553,1.3760479118525785e-5,0.0014511797071664163,730
Muscle,lawsone,-0.00944763144095734,0.15304136755357553,1.366012657049238e-5,0.0014458784358662687,731
Muscle,"4,7-dimethylpyrazolo[5,1-c][1,2,4]triazine-3-carbonitrile",-0.00927337191689406,0.15304136755357553,1.3160857706904665e-5,0.001419209519994389,732
Muscle,Janthitrem E,0.009058557549291437,0.15304136755357553,1.2558186642269649e-5,0.0013863340354063273,733
Muscle,"PE(20:4(8Z,11Z,14Z,17Z)/20:5(5Z,8Z,11Z,14Z,17Z))",0.008857138725803631,0.15304136755357553,1.2005927919782727e-5,0.0013555086232087212,734
Muscle,pe (39:7),-0.00881339669489422,0.15304136755357553,1.1887635343631243e-5,0.0013488142829787741,735
Muscle,N-Undecanoylglycine,-0.008668228959242817,0.15304136755357553,1.1499251856584426e-5,0.0013265976141900275,736
Muscle,beta-Alanine,0.008579596162014078,0.15304136755357553,1.126529400010318e-5,0.0013130331296920424,737
Muscle,glycodehydrocholate,0.008573567594804224,0.15304136755357553,1.1249468145238658e-5,0.0013121105095218577,738
Muscle,(−)-trans-Methyl dihydrojasmonate,-0.008429513122191024,0.15304136755357553,1.0874613237501755e-5,0.0012900642160309245,739
Muscle,N-Acetyl-1-aspartylglutamic acid,0.008367582686629738,0.15304136755357553,1.0715411731524214e-5,0.0012805862974794367,740
Muscle,Aminoadipic acid,-0.008194136776983848,0.15304136755357553,1.0275790838498218e-5,0.0012540418982706558,741
Muscle,"(2R)-2,3-Dihydroxypropanoic acid",0.008162873350499412,0.15304136755357553,1.0197529128021804e-5,0.001249257300727067,742
Muscle,N-DEMETHYLTAPENTADOL,-0.008156611781237996,0.15304136755357553,1.018189050612524e-5,0.0012482990216042685,743
Muscle,Gabapentin,-0.008088858544844119,0.15304136755357553,1.001344044528044e-5,0.001237929973650369,744
Muscle,"PG(16:0/18:2(9Z,12Z))",0.008019039730313449,0.15304136755357553,9.841324864498937e-6,0.0012272448067936258,745
Muscle,Dedimethylchlorpromazine,-0.008015826977358762,0.15304136755357553,9.8334407754002e-6,0.0012267531226878286,746
Muscle,Barbital,-0.008002563420585796,0.15304136755357553,9.80092547935585e-6,0.0012247232498206694,747
Muscle,Uridine diphosphate-N-acetylgalactosamine,0.007955222805361022,0.15304136755357553,9.685310161291911e-6,0.0012174781773258425,748
Muscle,5-Dodecenoylcarnitine,-0.007921480832474658,0.15304136755357553,9.603324170763937e-6,0.0012123142596513576,749
Muscle,Isoelemicin,-0.007866684900290362,0.15304136755357553,9.470923911968232e-6,0.0012039282152534999,750
Muscle,Benzimidazole,-0.007769527721279932,0.15304136755357553,9.23842801037508e-6,0.0011890591477100962,751
Muscle,"3,4,5-Trimethoxyphenyl acetate",0.00775352265699061,0.15304136755357553,9.200405277564753e-6,0.0011866097107834754,752
Muscle,Deoxyuridine,-0.0077517454281700255,0.15304136755357553,9.196188006998804e-6,0.0011863377212543175,753
Muscle,Valpromide,0.007739831696071353,0.15304136755357553,9.167942309654158e-6,0.0011845144274012698,754
Muscle,Rolgamidine,-0.007725311911450257,0.15304136755357553,9.133576785736794e-6,0.0011822922997062738,755
Muscle,2-Methylthiazolidine,-0.007545409292839493,0.15304136755357553,8.713135000918689e-6,0.0011547597569276132,756
Muscle,Octylamine,-0.007519333442079033,0.15304136755357553,8.653016375223805e-6,0.0011507690730671095,757
Muscle,Artabsinolide A,-0.0074992397640993936,0.15304136755357553,8.60683180021182e-6,0.0011476939091099243,758
Muscle,12S-HHT,0.0074428446498476086,0.15304136755357553,8.477869876080347e-6,0.001139063123701491,759
Muscle,Quinone,0.007364770583201796,0.15304136755357553,8.300940168433472e-6,0.0011271145617715468,760
Muscle,L-Valine,-0.007255203534497414,0.15304136755357553,8.055788188417067e-6,0.0011103462707990192,761
Muscle,N-Nonanoylglycine,-0.007247872798228631,0.15304136755357553,8.039517101456854e-6,0.0011092243648952698,762
Muscle,"2-trans,4-cis-Decadienoylcarnitine",0.007218627348834559,0.15304136755357553,7.97476846711341e-6,0.0011047486013252823,763
Muscle,L-Arginine,-0.007176324569561148,0.15304136755357553,7.881574466018281e-6,0.0010982745261339623,764
Muscle,"PS(22:5(4Z,7Z,10Z,13Z,16Z)/22:5(7Z,10Z,13Z,16Z,19Z))",0.007147520219248645,0.15304136755357553,7.81843127462176e-6,0.0010938662689706448,765
Muscle,Foeniculoside VIII,-0.007040788602086131,0.15304136755357553,7.58667443480206e-6,0.0010775319163188889,766
Muscle,N-Nitrosodiethylamine,-0.0069734075036985985,0.15304136755357553,7.442158706981407e-6,0.0010672198208743987,767
Muscle,"PE(16:0/18:2(9Z,12Z))",0.006871769540059532,0.15304136755357553,7.226799567796654e-6,0.0010516650079237155,768
Muscle,"Adenosine 3',5'-diphosphate",-0.00685174058367774,0.15304136755357553,7.184733456589046e-6,0.001048599749048375,769
Muscle,"(2R)-3-(Icosanoyloxy)-2-[(9Z,12Z)-9,12-octadecadienoyloxy]propyl 2-(trimethylammonio)ethyl phosphate",0.006838166846918747,0.15304136755357553,7.1562948199810365e-6,0.0010465224058119665,770
Muscle,Tetralin,-0.006832143259411094,0.15304136755357553,7.143692734293533e-6,0.0010456005477422166,771
Muscle,10Z-Pentadecenoic acid,-0.006800692763961841,0.15304136755357553,7.078074802125161e-6,0.0010407873209084257,772
Muscle,N-Acetyl-D-lactosamine,-0.00678252649104951,0.15304136755357553,7.040310854807521e-6,0.0010380071296585709,773
Muscle,5-Ethyl-4-methyl-2-octylthiazole,0.006733379607781954,0.15304136755357553,6.938650882931579e-6,0.0010304856234323084,774
Muscle,Uridine diphosphate glucose,0.006717960635824446,0.15304136755357553,6.906909209844382e-6,0.0010281258828776611,775
Muscle,Tetrahydrocortisol,-0.006572047778962166,0.15304136755357553,6.61013397696842e-6,0.0010057951797198086,776
Muscle,Niacinamide,0.006564718222333413,0.15304136755357553,6.595398133264675e-6,0.0010046734543497828,777
Muscle,PPG n5,0.006493306153686325,0.15304136755357553,6.452686976429155e-6,9.937444537042026e-4,778
Muscle,Dihydrojasmone,-0.006488915219249853,0.15304136755357553,6.443962993627787e-6,9.930724590932068e-4,779
Muscle,4-Vinylcyclohexene,0.006438745476577605,0.15304136755357553,6.344703819766051e-6,9.85394413064835e-4,780
Muscle,Dihydroxyacetone phosphate,-0.006400103362487373,0.15304136755357553,6.2687768964557106e-6,9.794805710793047e-4,781
Muscle,Stearoylcarnitine,0.0062843855203964976,0.15304136755357553,6.044139458986047e-6,9.617709542753684e-4,782
Muscle,sphingosylphosphorylcholine,-0.0062076373473643805,0.15304136755357553,5.897412588576382e-6,9.500253089172948e-4,783
Muscle,(±)-Tropinone,-0.006205246765952526,0.15304136755357553,5.8928712375007766e-6,9.496594510687765e-4,784
Muscle,3-Furoic acid,-0.006142783059397694,0.15304136755357553,5.774829862687395e-6,9.400999199951597e-4,785
Muscle,Indoleacetic acid,-0.006106148132010278,0.15304136755357553,5.706154277635069e-6,9.344932606075636e-4,786
Muscle,4-Aminophenol,-0.006089532685455953,0.15304136755357553,5.675142482580355e-6,9.319504099443764e-4,787
Muscle,4-Dodecylphenol,-0.006082828643763444,0.15304136755357553,5.662653692091126e-6,9.309244142356185e-4,788
Muscle,Guanidinoethyl Sulfonate,-0.006018718287610557,0.15304136755357553,5.543918921699549e-6,9.21112877655634e-4,789
Muscle,SM(d18:1/18:1(9Z)),0.005972358671878865,0.15304136755357553,5.458842962237548e-6,9.140179386647975e-4,790
Muscle,p-Xylene,-0.005964628141099551,0.15304136755357553,5.44472042054357e-6,9.128348476624163e-4,791
Muscle,Taurodeoxycholic acid,-0.005769649674451695,0.15304136755357553,5.0945722555733364e-06,8.829950764831292e-4,792
Muscle,O-Phosphoethanolamine,0.005754027667136681,0.15304136755357553,5.067021293789307e-6,8.806042631197076e-4,793
Muscle,Meladrazine,-0.005649370993973994,0.15304136755357553,4.884375333730277e-6,8.645874627352824e-4,794
Muscle,"Fructose 1,6-bisphosphate",-0.005596977486482089,0.15304136755357553,4.794197905058026e-6,8.565690886977928e-4,795
Muscle,2-Hexenoylcarnitine,-0.005568748255109277,0.15304136755357553,4.745959288134193e-6,8.522488485235112e-4,796
Muscle,D-Glucuronic acid,0.005516157680106011,0.15304136755357553,4.6567420511604424e-6,8.442003150045826e-4,797
Muscle,2-Octenoic acid,0.00547699719697572,0.15304136755357553,4.590858162356903e-6,8.382071411122641e-4,798
Muscle,"1,2,3-Trihydroxybenzene",0.005441753521207735,0.15304136755357553,4.53196525617698e-6,8.328134007751168e-4,799
Muscle,2-Hydroxy-3-methylpentanoic acid,-0.005420776349370738,0.15304136755357553,4.49709246113396e-6,8.296030257097764e-4,800
Muscle,Floribundoside,-0.0053508749216370066,0.15304136755357553,4.3818593814345045e-6,8.189052156154587e-4,801
Muscle,D-Malic acid,0.005334884136949139,0.15304136755357553,4.355708640941871e-6,8.164579640585728e-4,802
Muscle,Furfuranol,0.0052436524153869225,0.15304136755357553,4.208008707698856e-6,8.024957366264241e-4,803
Muscle,"PS(18:0/18:2(9Z,12Z))",-0.005156039521196357,0.15304136755357553,4.068565508056084e-6,7.890873394841733e-4,804
Muscle,2-Phosphoglyceric acid,0.005078525960970361,0.15304136755357553,3.947155096440446e-6,7.772245582232404e-4,805
Muscle,"(7Z,10Z)-Hexadecadienoylcarnitine",0.0050620474578628085,0.15304136755357553,3.921581658860434e-6,7.747026655724247e-4,806
Muscle,DIBEHENIN,0.005040310357434322,0.15304136755357553,3.887974391854e-6,7.713759899961997e-4,807
Muscle,Phosphocreatine,0.005038881290440042,0.15304136755357553,3.885770008465083e-6,7.711572836290694e-4,808
Muscle,L-Lysine,-0.0050187542876712855,0.15304136755357553,3.854789835382215e-6,7.680770196005843e-4,809
Muscle,Sulfoacetic acid,0.004984476229514248,0.15304136755357553,3.80231327924104e-6,7.628310587031503e-4,810
Muscle,5-guanidino-3-methyl-2-oxopentanoic acid,-0.00490940679947912,0.15304136755357553,3.688645145941521e-6,7.513423304691068e-4,811
Muscle,γ-HYDROXYHOMOARGININE,-0.004682270954133,0.15304136755357553,3.355227105284285e-6,7.165811500768992e-4,812
Muscle,5-Hydroxyindole,0.004667049861972142,0.15304136755357553,3.3334482667082048e-6,7.142516933169424e-4,813
Muscle,Cinnamic acid,-0.0046543497393146515,0.15304136755357553,3.31533078300029e-6,7.12308049177342e-4,814
Muscle,6-Phosphonoglucono-D-lactone,0.0046402463234673594,0.15304136755357553,3.2952692706405155e-6,7.101496431288957e-4,815
Muscle,"LysoPC(22:5(4Z,7Z,10Z,13Z,16Z)/0:0)",0.0045379419826959855,0.15304136755357553,3.1515682466775665e-6,6.944928469105776e-4,816
Muscle,Tetracosapentenoic acid,-0.004492232309761722,0.15304136755357553,3.0883979255874922e-6,6.874973760542912e-4,817
Muscle,"PS(20:4(5Z,8Z,11Z,14Z)/20:5(5Z,8Z,11Z,14Z,17Z))",-0.004429803033556696,0.15304136755357553,3.0031544640768533e-6,6.779431142484942e-4,818
Muscle,mannosyl-glycerate,0.004357195989429847,0.15304136755357553,2.905514373711242e-6,6.668312329212985e-4,819
Muscle,Alpha-Lactose,0.0042528090153590185,0.15304136755357553,2.7679650212118638e-6,6.508557076547192e-4,820
Muscle,Uridine 5'-diphosphate,0.004243503730870144,0.15304136755357553,2.7558654777648116e-6,6.494316141910667e-4,821
Muscle,De-O-methylsterigmatocystin,0.004214834237758661,0.15304136755357553,2.7187535181823877e-6,6.450439957582175e-4,822
Muscle,Myristoylcarnitine,0.004132673462362152,0.15304136755357553,2.6137919778480217e-6,6.324699983322737e-4,823
Muscle,phosphonoacetaldehyde,0.004099215271206794,0.15304136755357553,2.571640695883467e-6,6.273495110019887e-4,824
Muscle,9-Hexadecenoylcarnitine,-0.00405433612541737,0.15304136755357553,2.5156391219452515e-6,6.20481145155739e-4,825
Muscle,Tris(hydroxymethyl)aminomethane,-0.0040480801026578864,0.15304136755357553,2.5078816233190156e-6,6.195237148771814e-4,826
Muscle,"DG(16:0/18:3(6Z,9Z,12Z)/0:0)",-0.004020992791315151,0.15304136755357553,2.4744314497058186e-6,6.153782357059397e-4,827
Muscle,Brivaracetam,0.0040175537266296055,0.15304136755357553,2.4702006086341255e-6,6.148519165433586e-4,828
Muscle,"(8Z,10E)-Dodeca-8,10-dienoylcarnitine",-0.004014043778155924,0.15304136755357553,2.4658862969716986e-6,6.143147492289038e-4,829
Muscle,Citric acid,-0.003958242916202326,0.15304136755357553,2.397804242381583e-6,6.057749090048567e-4,830
Muscle,2-Methyl-2-thiazoline,0.0039366965662741725,0.15304136755357553,2.371770814766913e-6,6.024774261460643e-4,831
Muscle,Adenosine diphosphate ribose,-0.00392564306933845,0.15304136755357553,2.358470548562257e-6,6.007857838587721e-4,832
Muscle,N2-gamma-Glutamylglutamine,-0.003870781101454387,0.15304136755357553,2.293010597147843e-6,5.923896332671148e-4,833
Muscle,L-Proline,0.0038162756648100434,0.15304136755357553,2.228888347716161e-6,5.840480467039597e-4,834
Muscle,"5,6-Dihydrouridine",-0.0038129833322384315,0.15304136755357553,2.2250442457858888e-6,5.83544183624759e-4,835
Muscle,Isosorbide Mononitrate,-0.0037975874037192115,0.15304136755357553,2.207112112809734e-6,5.811879696694204e-4,836
Muscle,Eicosadienoic acid,0.003743090459712364,0.15304136755357553,2.1442206964735065e-6,5.728476828311219e-4,837
Muscle,Cincassiol B,-0.0035338032975454057,0.15304136755357553,1.9111447474171714e-6,5.408180893216837e-4,838
Muscle,PPG n4,0.0034851126850818427,0.15304136755357553,1.8588420461780084e-6,5.333664114032388e-4,839
Muscle,"(3-Hydroxy-2-oxo-2,3-dihydro-1H-indol-3-yl)acetonitrile",0.003482703764196993,0.15304136755357553,1.856273259286321e-6,5.32997746856693e-4,840
Muscle,Furazolidone,-0.003416342337724093,0.15304136755357553,1.7862062472411584e-6,5.228417033964744e-4,841
Muscle,Glucose 1-phosphate,0.0033195193374766594,0.15304136755357553,1.6863947583813055e-6,5.080237790279669e-4,842
Muscle,12-Hydroxydodecanoic acid,0.0032406532475998296,0.15304136755357553,1.6072149562491968e-6,4.959540047796137e-4,843
Muscle,Glycerophosphoinositol,-0.003234534524841561,0.15304136755357553,1.6011514758172816e-6,4.950175870810071e-4,844
Muscle,Glycerophosphocholine,-0.003230193296533218,0.15304136755357553,1.596856391350851e-6,4.943531995638359e-4,845
Muscle,"5-(5-Methyl-2-furyl)-2,3-dihydro-1H-pyrrolizine",-0.0030992257249070642,0.15304136755357553,1.4699929580001239e-6,4.7430974329699856e-4,846
Muscle,irgafos 168,-0.0030662070471092766,0.15304136755357553,1.4388376475816272e-6,4.692565196920143e-4,847
Muscle,PS(18:0/18:0),-0.0029661512660911025,0.15304136755357553,1.3464661139427063e-6,4.539438461333518e-4,848
Muscle,Glutaconic acid,-0.002915705434382356,0.15304136755357553,1.3010564211159092e-6,4.462235470612677e-4,849
Muscle,Octyl hydrogen phthalate,0.002911475124900262,0.15304136755357553,1.2972838324659717e-6,4.4557613471295324e-4,850
Muscle,delta-Valerolactone,0.0028228679425378474,0.15304136755357553,1.2195229042157922e-6,4.3201557034914026e-4,851
Muscle,Isolinderanolide,0.00276962450320032,0.15304136755357553,1.173952766028041e-6,4.238671215796692e-4,852
Muscle,"DG(18:2(9Z,12Z)/18:2(9Z,12Z)/0:0)",0.0027695455734302694,0.15304136755357553,1.1738858555125982e-6,4.2385504205971996e-4,853
Muscle,Homocitrulline,-0.0027672688709860023,0.15304136755357553,1.1719566651627019e-6,4.2350661240413677e-4,854
Muscle,Tyrosol,-0.002728638064365329,0.15304136755357553,1.1394642507050884e-6,4.1759450092921117e-4,855
Muscle,"LysoPC(18:3(6Z,9Z,12Z)/0:0)",-0.002632750532552207,0.15304136755357553,1.0607871651398833e-6,4.0291974192919403e-4,856
Muscle,PG(18:1(9Z)/18:1(9Z)),-0.0026006009404943922,0.15304136755357553,1.0350379374563364e-6,3.979995243943765e-4,857
Muscle,Leukotriene D4,0.002556546782168281,0.15304136755357553,1.0002678872548935e-6,3.912574157577267e-4,858
Muscle,6-Hydroxy-1H-indole-3-acetamide,0.0023703363600136784,0.15304136755357553,8.598620756898143e-7,3.627595180984577e-4,859
Muscle,Deoxyribose,-0.002316023591711368,0.15304136755357553,8.209085815576231e-7,3.5444741776185156e-4,860
Muscle,5-decanolide,-0.0021838573922054873,0.15304136755357553,7.298899572582254e-7,3.3422052184511295e-4,861
Muscle,LysoPE(0:0/16:0),0.0021644503862534264,0.15304136755357553,7.169751582027105e-7,3.3125044711408914e-4,862
Muscle,6-Phosphogluconic acid,0.0021538491845085545,0.15304136755357553,7.099690521941524e-7,3.296280247013426e-4,863
Muscle,D-Xylose,0.002149462240714893,0.15304136755357553,7.070798782831263e-7,3.2895664082378e-4,864
Muscle,2-piperazinopyrimidine,-0.0020691000915627204,0.15304136755357553,6.551969056464366e-7,3.166579076179871e-4,865
Muscle,Inosine,-0.00196023778456795,0.15304136755357553,5.880663784788162e-7,2.9999747128047025e-4,866
Muscle,Pregnanetriol,-0.001866333050664672,0.15304136755357553,5.330735469920686e-7,2.8562616238415797e-4,867
Muscle,Deoxycytidine,-0.0017735389738788945,0.15304136755357553,4.813825144337784e-7,2.7142482997199107e-4,868
Muscle,amidinoproclavaminic acid,-0.0017735389738788945,0.15304136755357553,4.813825144337784e-7,2.7142482997199107e-4,869
Muscle,"DG(18:0/22:6(4Z,7Z,10Z,13Z,16Z,19Z)/0:0)",0.0017303801377506597,0.15304136755357553,4.5823882279851476e-7,2.648197426689054e-4,870
Muscle,Cumene,-0.001685182263100923,0.15304136755357553,4.3461288396283064e-7,2.5790259812199454e-4,871
Muscle,Tegaserod,0.0016354413700618528,0.15304136755357553,4.0933492115263045e-7,2.5029018382795917e-4,872
Muscle,LINALYL PROPIONATE,-0.001572615159411266,0.15304136755357553,3.7848942811989776e-7,2.4067517463178433e-4,873
Muscle,Homo-L-arginine,0.0015431824181659493,0.15304136755357553,3.644545454751772e-7,2.3617074766075054e-4,874
Muscle,"bis-β-D-fructofuranose 1,2′:2,3′-dianhydride",0.0015385411082272423,0.15304136755357553,3.6226555897857357e-7,2.354604352404908e-4,875
Muscle,"PE(P-18:0/22:6(4Z,7Z,10Z,13Z,16Z,19Z))",-0.0015326239072472974,0.15304136755357553,3.5948438402061806e-7,2.345548587104307e-4,876
Muscle,"(24Z)-3-Acetoxy-15-hydroxy-7-methoxylanosta-8,24-dien-26-oic acid",0.0013236795404942868,0.15304136755357553,2.681479926955442e-7,2.025777270799341e-4,877
Muscle,Acrylic acid,0.001238446501442298,0.15304136755357553,2.347271572254183e-7,1.8953354622267045e-4,878
Muscle,2-monolinolenin,0.0012224668514406074,0.15304136755357553,2.2870887675392456e-7,1.8708799873338422e-4,879
Muscle,cis-5-Tetradecenoylcarnitine,0.001175868635738913,0.15304136755357553,2.1160525597592385e-7,1.799565440768404e-4,880
Muscle,Fructose 6-phosphate,-0.0011667818431073695,0.15304136755357553,2.0834743697365386e-7,1.7856588890583324e-4,881
Muscle,Metharbital,0.0010527288455736293,0.15304136755357553,1.6960626250808833e-7,1.6111106218968507e-4,882
Muscle,Palmitoleic acid,0.001048754914919566,0.15304136755357553,1.6832819097898233e-7,1.6050288640782412e-4,883
Muscle,N-[(4-Amino-2-methylpyrimidin-5-yl)methyl]formamide,-0.0010412799784829507,0.15304136755357553,1.6593724436803134e-7,1.5935891191318848e-4,884
Muscle,LysoPE(0:0/20:0),9.483353773093919e-4,0.15304136755357553,1.376362216371819e-7,1.4513454304286536e-4,885
Muscle,11Z-Eicosenoic acid,9.146294275881934e-4,0.15304136755357553,1.2802629534339628e-7,1.399761384028411e-4,886
Muscle,Tetraglycol,8.808108795198012e-4,0.15304136755357553,1.1873374833681678e-7,1.3480050155777803e-4,887
Muscle,Dihomo-gamma-linolenic acid,-8.660386434679126e-4,0.15304136755357553,1.1478453520672211e-7,1.3253973835057278e-4,888
Muscle,Acamprosate,8.172192636219871e-4,0.15304136755357553,1.0220826790972438e-7,1.2506835369583487e-4,889
Muscle,N-Formylglycine,8.038910156546467e-4,0.15304136755357553,9.890157045216058e-8,1.2302858039981994e-4,890
Muscle,"1,5-Anhydro-1-(2,4,6-trihydroxyphenyl)hexitol",7.577780782978833e-4,0.15304136755357553,8.788057963183876e-8,1.159713934048285e-4,891
Muscle,Piperazine,6.680802727370398e-4,0.15304136755357553,6.830714500745156e-8,1.022439185752423e-4,892
Muscle,"(2E,4E,12Z)-N-Isobutyl-2,4,12-octadecatrienamide",6.544443920369212e-4,0.15304136755357553,6.554722934530869e-8,1.0015706474509874e-4,893
Muscle,(Â±)-2-Hydroxy-4-(methylthio)butanoic acid,-4.469865635941678e-4,0.15304136755357553,3.057720428176633e-8,6.84074349705247e-5,894
Muscle,N-Stearoyltyrosine,-3.287157647345087e-4,0.15304136755357553,1.653674019157119e-8,5.030711017138861e-5,895
Muscle,3-Hydroxybenzyl alcohol,-3.246342301651678e-4,0.15304136755357553,1.612862927765324e-8,4.9682466539179484e-5,896
Muscle,Palmitic acid,1.4849570939940102e-4,0.15304136755357553,3.3747114785538747e-9,2.2725986442322672e-5,897
Muscle,L-(-)-Malic acid,1.2139510897556749e-4,0.15304136755357553,2.2553358141532845e-9,1.857847349193618e-5,898
Muscle,"1-stearoyl-2-(7Z,10Z,13Z,16Z-docosatetraenoyl)-sn-glycero-3-phosphoserine",-9.979860405800046e-5,0.15304136755357553,1.524255500866761e-9,1.5273314844974203e-5,899
Muscle,Propionic acid,-5.908225252574187e-5,0.15304136755357553,5.342234244568643e-10,9.042028724685227e-6,900
