"tissue","raw.file","sequence.id","ion.mode","sample","cohort","timepoint","name","formula","medrt","medmz","ion.count"
"Serum","0100 and 0200 STD Compound List and Valine positive.csv","1M10_pv_pos","posi","1M10","1","pv","D-Tryptophan","C11H12N2O2",9.524,206.101288,2182067.25
"Serum","0100 and 0200 STD Compound List and Valine positive.csv","1M10_pv_pos","posi","1M10","1","pv","L-Glutamine","C5H10N2O3",14.493,148.073563,8312775.5
"Serum","0100 and 0200 STD Compound List and Valine positive.csv","1M10_pv_pos","posi","1M10","1","pv","L-Isoleucine","C6H13NO2",10.493,133.105255,4851847.5
"Serum","0100 and 0200 STD Compound List and Valine positive.csv","1M10_pv_pos","posi","1M10","1","pv","L-Leucine","C6H13NO2",9.95,133.10022,7329664
"Serum","0100 and 0200 STD Compound List and Valine positive.csv","1M10_pv_pos","posi","1M10","1","pv","L-Proline","C5H9NO2",12.675,117.074074,21027388
"Serum","0100 and 0200 STD Compound List and Valine positive.csv","1M10_pv_pos","posi","1M10","1","pv","Valine-C13N15","C5H11NO2",11.912,124.099861,709030.44
"Serum","0100 and 0200 STD Compound List and Valine positive.csv","1M11_pv_pos","posi","1M11","1","pv","D-Tryptophan","C11H12N2O2",9.524,206.101288,2167117.25
"Serum","0100 and 0200 STD Compound List and Valine positive.csv","1M11_pv_pos","posi","1M11","1","pv","L-Glutamine","C5H10N2O3",14.493,148.073563,6528727.5
"Serum","0100 and 0200 STD Compound List and Valine positive.csv","1M11_pv_pos","posi","1M11","1","pv","L-Isoleucine","C6H13NO2",10.493,133.105255,4728965.5
"Serum","0100 and 0200 STD Compound List and Valine positive.csv","1M11_pv_pos","posi","1M11","1","pv","L-Leucine","C6H13NO2",9.95,133.10022,7841560
"Serum","0100 and 0200 STD Compound List and Valine positive.csv","1M11_pv_pos","posi","1M11","1","pv","L-Proline","C5H9NO2",12.675,117.074074,22652944
"Serum","0100 and 0200 STD Compound List and Valine positive.csv","1M11_pv_pos","posi","1M11","1","pv","Valine-C13N15","C5H11NO2",11.912,124.099861,642611.44
"Serum","0100 and 0200 STD Compound List and Valine positive.csv","1M2_pv_pos","posi","1M2","1","pv","D-Tryptophan","C11H12N2O2",9.524,206.101288,2455864.5
"Serum","0100 and 0200 STD Compound List and Valine positive.csv","1M2_pv_pos","posi","1M2","1","pv","L-Glutamine","C5H10N2O3",14.493,148.073563,4646982
"Serum","0100 and 0200 STD Compound List and Valine positive.csv","1M2_pv_pos","posi","1M2","1","pv","L-Isoleucine","C6H13NO2",10.493,133.105255,3153937.25
"Serum","0100 and 0200 STD Compound List and Valine positive.csv","1M2_pv_pos","posi","1M2","1","pv","L-Leucine","C6H13NO2",9.95,133.10022,5379640.5
"Serum","0100 and 0200 STD Compound List and Valine positive.csv","1M2_pv_pos","posi","1M2","1","pv","L-Proline","C5H9NO2",12.675,117.074074,14741840
"Serum","0100 and 0200 STD Compound List and Valine positive.csv","1M2_pv_pos","posi","1M2","1","pv","Valine-C13N15","C5H11NO2",11.912,124.099861,698494.69
"Serum","0100 and 0200 STD Compound List and Valine positive.csv","1M4_pv_pos","posi","1M4","1","pv","D-Tryptophan","C11H12N2O2",9.524,206.101288,1800283.12
"Serum","0100 and 0200 STD Compound List and Valine positive.csv","1M4_pv_pos","posi","1M4","1","pv","L-Glutamine","C5H10N2O3",14.493,148.073563,5292015.5
"Serum","0100 and 0200 STD Compound List and Valine positive.csv","1M4_pv_pos","posi","1M4","1","pv","L-Isoleucine","C6H13NO2",10.493,133.105255,3081560
"Serum","0100 and 0200 STD Compound List and Valine positive.csv","1M4_pv_pos","posi","1M4","1","pv","L-Leucine","C6H13NO2",9.95,133.10022,5206378.5
"Serum","0100 and 0200 STD Compound List and Valine positive.csv","1M4_pv_pos","posi","1M4","1","pv","L-Proline","C5H9NO2",12.675,117.074074,10734619
"Serum","0100 and 0200 STD Compound List and Valine positive.csv","1M4_pv_pos","posi","1M4","1","pv","Valine-C13N15","C5H11NO2",11.912,124.099861,460350.5
"Serum","0100 and 0200 STD Compound List and Valine positive.csv","1M6_pv_pos","posi","1M6","1","pv","D-Tryptophan","C11H12N2O2",9.524,206.101288,1630767.88
"Serum","0100 and 0200 STD Compound List and Valine positive.csv","1M6_pv_pos","posi","1M6","1","pv","L-Glutamine","C5H10N2O3",14.493,148.073563,5136708.5
"Serum","0100 and 0200 STD Compound List and Valine positive.csv","1M6_pv_pos","posi","1M6","1","pv","L-Isoleucine","C6H13NO2",10.493,133.105255,3241016.25
"Serum","0100 and 0200 STD Compound List and Valine positive.csv","1M6_pv_pos","posi","1M6","1","pv","L-Leucine","C6H13NO2",9.95,133.10022,4192045
"Serum","0100 and 0200 STD Compound List and Valine positive.csv","1M6_pv_pos","posi","1M6","1","pv","L-Proline","C5H9NO2",12.675,117.074074,14288203
"Serum","0100 and 0200 STD Compound List and Valine positive.csv","1M6_pv_pos","posi","1M6","1","pv","Valine-C13N15","C5H11NO2",11.912,124.099861,606860.94
"Serum","0100 and 0200 STD Compound List and Valine positive.csv","2M16_pv_pos","posi","2M16","2","pv","D-Tryptophan","C11H12N2O2",9.524,206.101288,924257.69
"Serum","0100 and 0200 STD Compound List and Valine positive.csv","2M16_pv_pos","posi","2M16","2","pv","L-Glutamine","C5H10N2O3",14.493,148.073563,2520064.75
"Serum","0100 and 0200 STD Compound List and Valine positive.csv","2M16_pv_pos","posi","2M16","2","pv","L-Isoleucine","C6H13NO2",10.493,133.105255,2490616
"Serum","0100 and 0200 STD Compound List and Valine positive.csv","2M16_pv_pos","posi","2M16","2","pv","L-Leucine","C6H13NO2",9.95,133.10022,3637481
"Serum","0100 and 0200 STD Compound List and Valine positive.csv","2M16_pv_pos","posi","2M16","2","pv","L-Proline","C5H9NO2",12.675,117.074074,12303728
"Serum","0100 and 0200 STD Compound List and Valine positive.csv","2M16_pv_pos","posi","2M16","2","pv","Valine-C13N15","C5H11NO2",11.912,124.099861,622775.06
"Serum","0100 and 0200 STD Compound List and Valine positive.csv","2M16_sys_sac_pos","posi","2M16","2","sys_sac","D-Tryptophan","C11H12N2O2",9.524,206.101288,3662095.25
"Serum","0100 and 0200 STD Compound List and Valine positive.csv","2M16_sys_sac_pos","posi","2M16","2","sys_sac","L-Glutamine","C5H10N2O3",14.493,148.073563,7654846.5
"Serum","0100 and 0200 STD Compound List and Valine positive.csv","2M16_sys_sac_pos","posi","2M16","2","sys_sac","L-Isoleucine","C6H13NO2",10.493,133.105255,3189282
"Serum","0100 and 0200 STD Compound List and Valine positive.csv","2M16_sys_sac_pos","posi","2M16","2","sys_sac","L-Leucine","C6H13NO2",9.95,133.10022,4996888
"Serum","0100 and 0200 STD Compound List and Valine positive.csv","2M16_sys_sac_pos","posi","2M16","2","sys_sac","L-Proline","C5H9NO2",12.675,117.074074,18618306
"Serum","0100 and 0200 STD Compound List and Valine positive.csv","2M16_sys_sac_pos","posi","2M16","2","sys_sac","Valine-C13N15","C5H11NO2",11.912,124.099861,845800.69
"Serum","0100 and 0200 STD Compound List and Valine positive.csv","2M17_pv_pos","posi","2M17","2","pv","D-Tryptophan","C11H12N2O2",9.524,206.101288,630035.31
"Serum","0100 and 0200 STD Compound List and Valine positive.csv","2M17_pv_pos","posi","2M17","2","pv","L-Glutamine","C5H10N2O3",14.493,148.073563,2653282.75
"Serum","0100 and 0200 STD Compound List and Valine positive.csv","2M17_pv_pos","posi","2M17","2","pv","L-Isoleucine","C6H13NO2",10.493,133.105255,2040377.5
"Serum","0100 and 0200 STD Compound List and Valine positive.csv","2M17_pv_pos","posi","2M17","2","pv","L-Leucine","C6H13NO2",9.95,133.10022,3049953.75
"Serum","0100 and 0200 STD Compound List and Valine positive.csv","2M17_pv_pos","posi","2M17","2","pv","L-Proline","C5H9NO2",12.675,117.074074,9526429
"Serum","0100 and 0200 STD Compound List and Valine positive.csv","2M17_pv_pos","posi","2M17","2","pv","Valine-C13N15","C5H11NO2",11.912,124.099861,645879.25
"Serum","0100 and 0200 STD Compound List and Valine positive.csv","2M17_sys_sac_pos","posi","2M17","2","sys_sac","D-Tryptophan","C11H12N2O2",9.524,206.101288,1711914.38
"Serum","0100 and 0200 STD Compound List and Valine positive.csv","2M17_sys_sac_pos","posi","2M17","2","sys_sac","L-Glutamine","C5H10N2O3",14.493,148.073563,9707207
"Serum","0100 and 0200 STD Compound List and Valine positive.csv","2M17_sys_sac_pos","posi","2M17","2","sys_sac","L-Isoleucine","C6H13NO2",10.493,133.105255,1859395
"Serum","0100 and 0200 STD Compound List and Valine positive.csv","2M17_sys_sac_pos","posi","2M17","2","sys_sac","L-Leucine","C6H13NO2",9.95,133.10022,2938655.75
"Serum","0100 and 0200 STD Compound List and Valine positive.csv","2M17_sys_sac_pos","posi","2M17","2","sys_sac","L-Proline","C5H9NO2",12.675,117.074074,7041944
"Serum","0100 and 0200 STD Compound List and Valine positive.csv","2M17_sys_sac_pos","posi","2M17","2","sys_sac","Valine-C13N15","C5H11NO2",11.912,124.099861,621132.31
"Serum","0100 and 0200 STD Compound List and Valine positive.csv","2M20_pv_pos","posi","2M20","2","pv","D-Tryptophan","C11H12N2O2",9.524,206.101288,535108.69
"Serum","0100 and 0200 STD Compound List and Valine positive.csv","2M20_pv_pos","posi","2M20","2","pv","L-Glutamine","C5H10N2O3",14.493,148.073563,2582064
"Serum","0100 and 0200 STD Compound List and Valine positive.csv","2M20_pv_pos","posi","2M20","2","pv","L-Isoleucine","C6H13NO2",10.493,133.105255,2334720.75
"Serum","0100 and 0200 STD Compound List and Valine positive.csv","2M20_pv_pos","posi","2M20","2","pv","L-Leucine","C6H13NO2",9.95,133.10022,3667677
"Serum","0100 and 0200 STD Compound List and Valine positive.csv","2M20_pv_pos","posi","2M20","2","pv","L-Proline","C5H9NO2",12.675,117.074074,7013201.5
"Serum","0100 and 0200 STD Compound List and Valine positive.csv","2M20_pv_pos","posi","2M20","2","pv","Valine-C13N15","C5H11NO2",11.912,124.099861,613493.94
"Serum","0100 and 0200 STD Compound List and Valine positive.csv","2M20_sys_sac_pos","posi","2M20","2","sys_sac","D-Tryptophan","C11H12N2O2",9.524,206.101288,1577255.88
"Serum","0100 and 0200 STD Compound List and Valine positive.csv","2M20_sys_sac_pos","posi","2M20","2","sys_sac","L-Glutamine","C5H10N2O3",14.493,148.073563,9664900
"Serum","0100 and 0200 STD Compound List and Valine positive.csv","2M20_sys_sac_pos","posi","2M20","2","sys_sac","L-Isoleucine","C6H13NO2",10.493,133.105255,1626708
"Serum","0100 and 0200 STD Compound List and Valine positive.csv","2M20_sys_sac_pos","posi","2M20","2","sys_sac","L-Leucine","C6H13NO2",9.95,133.10022,3160200.75
"Serum","0100 and 0200 STD Compound List and Valine positive.csv","2M20_sys_sac_pos","posi","2M20","2","sys_sac","L-Proline","C5H9NO2",12.675,117.074074,7178914.5
"Serum","0100 and 0200 STD Compound List and Valine positive.csv","2M20_sys_sac_pos","posi","2M20","2","sys_sac","Valine-C13N15","C5H11NO2",11.912,124.099861,606750.06
"Serum","0100 and 0200 STD Compound List and Valine positive.csv","2M22_pv_pos","posi","2M22","2","pv","D-Tryptophan","C11H12N2O2",9.524,206.101288,797725
"Serum","0100 and 0200 STD Compound List and Valine positive.csv","2M22_pv_pos","posi","2M22","2","pv","L-Glutamine","C5H10N2O3",14.493,148.073563,2423100.5
"Serum","0100 and 0200 STD Compound List and Valine positive.csv","2M22_pv_pos","posi","2M22","2","pv","L-Isoleucine","C6H13NO2",10.493,133.105255,1978817.38
"Serum","0100 and 0200 STD Compound List and Valine positive.csv","2M22_pv_pos","posi","2M22","2","pv","L-Leucine","C6H13NO2",9.95,133.10022,3205688.75
"Serum","0100 and 0200 STD Compound List and Valine positive.csv","2M22_pv_pos","posi","2M22","2","pv","L-Proline","C5H9NO2",12.675,117.074074,8997209
"Serum","0100 and 0200 STD Compound List and Valine positive.csv","2M22_pv_pos","posi","2M22","2","pv","Valine-C13N15","C5H11NO2",11.912,124.099861,605437.06
"Serum","0100 and 0200 STD Compound List and Valine positive.csv","2M22_sys_sac_pos","posi","2M22","2","sys_sac","D-Tryptophan","C11H12N2O2",9.524,206.101288,1550126.38
"Serum","0100 and 0200 STD Compound List and Valine positive.csv","2M22_sys_sac_pos","posi","2M22","2","sys_sac","L-Glutamine","C5H10N2O3",14.493,148.073563,10115412
"Serum","0100 and 0200 STD Compound List and Valine positive.csv","2M22_sys_sac_pos","posi","2M22","2","sys_sac","L-Isoleucine","C6H13NO2",10.493,133.105255,1522403.5
"Serum","0100 and 0200 STD Compound List and Valine positive.csv","2M22_sys_sac_pos","posi","2M22","2","sys_sac","L-Leucine","C6H13NO2",9.95,133.10022,2141828
"Serum","0100 and 0200 STD Compound List and Valine positive.csv","2M22_sys_sac_pos","posi","2M22","2","sys_sac","L-Proline","C5H9NO2",12.675,117.074074,6161953.5
"Serum","0100 and 0200 STD Compound List and Valine positive.csv","2M22_sys_sac_pos","posi","2M22","2","sys_sac","Valine-C13N15","C5H11NO2",11.912,124.099861,621957.44
"Serum","0100 and 0200 STD Compound List and Valine positive.csv","2M23_pv_pos","posi","2M23","2","pv","D-Tryptophan","C11H12N2O2",9.524,206.101288,938877.69
"Serum","0100 and 0200 STD Compound List and Valine positive.csv","2M23_pv_pos","posi","2M23","2","pv","L-Glutamine","C5H10N2O3",14.493,148.073563,3474269.25
"Serum","0100 and 0200 STD Compound List and Valine positive.csv","2M23_pv_pos","posi","2M23","2","pv","L-Isoleucine","C6H13NO2",10.493,133.105255,2736845
"Serum","0100 and 0200 STD Compound List and Valine positive.csv","2M23_pv_pos","posi","2M23","2","pv","L-Leucine","C6H13NO2",9.95,133.10022,4287494
"Serum","0100 and 0200 STD Compound List and Valine positive.csv","2M23_pv_pos","posi","2M23","2","pv","L-Proline","C5H9NO2",12.675,117.074074,13136901
"Serum","0100 and 0200 STD Compound List and Valine positive.csv","2M23_pv_pos","posi","2M23","2","pv","Valine-C13N15","C5H11NO2",11.912,124.099861,681501.75
"Serum","0100 and 0200 STD Compound List and Valine positive.csv","2M23_sys_sac_pos","posi","2M23","2","sys_sac","D-Tryptophan","C11H12N2O2",9.524,206.101288,3591674.75
"Serum","0100 and 0200 STD Compound List and Valine positive.csv","2M23_sys_sac_pos","posi","2M23","2","sys_sac","L-Glutamine","C5H10N2O3",14.493,148.073563,5777742.5
"Serum","0100 and 0200 STD Compound List and Valine positive.csv","2M23_sys_sac_pos","posi","2M23","2","sys_sac","L-Isoleucine","C6H13NO2",10.493,133.105255,2814240.75
"Serum","0100 and 0200 STD Compound List and Valine positive.csv","2M23_sys_sac_pos","posi","2M23","2","sys_sac","L-Leucine","C6H13NO2",9.95,133.10022,5612816
"Serum","0100 and 0200 STD Compound List and Valine positive.csv","2M23_sys_sac_pos","posi","2M23","2","sys_sac","L-Proline","C5H9NO2",12.675,117.074074,21488072
"Serum","0100 and 0200 STD Compound List and Valine positive.csv","2M23_sys_sac_pos","posi","2M23","2","sys_sac","Valine-C13N15","C5H11NO2",11.912,124.099861,789539.75
"Serum","0100 and 0200 STD Compound List and Valine positive.csv","2M26_pv_pos","posi","2M26","2","pv","D-Tryptophan","C11H12N2O2",9.524,206.101288,511402.88
"Serum","0100 and 0200 STD Compound List and Valine positive.csv","2M26_pv_pos","posi","2M26","2","pv","L-Glutamine","C5H10N2O3",14.493,148.073563,2335709.75
"Serum","0100 and 0200 STD Compound List and Valine positive.csv","2M26_pv_pos","posi","2M26","2","pv","L-Isoleucine","C6H13NO2",10.493,133.105255,2336662.75
"Serum","0100 and 0200 STD Compound List and Valine positive.csv","2M26_pv_pos","posi","2M26","2","pv","L-Leucine","C6H13NO2",9.95,133.10022,4562454.5
"Serum","0100 and 0200 STD Compound List and Valine positive.csv","2M26_pv_pos","posi","2M26","2","pv","L-Proline","C5H9NO2",12.675,117.074074,14243757
"Serum","0100 and 0200 STD Compound List and Valine positive.csv","2M26_pv_pos","posi","2M26","2","pv","Valine-C13N15","C5H11NO2",11.912,124.099861,670989.56
"Serum","0100 and 0200 STD Compound List and Valine positive.csv","2M26_sys_sac_pos","posi","2M26","2","sys_sac","D-Tryptophan","C11H12N2O2",9.524,206.101288,2090411.5
"Serum","0100 and 0200 STD Compound List and Valine positive.csv","2M26_sys_sac_pos","posi","2M26","2","sys_sac","L-Glutamine","C5H10N2O3",14.493,148.073563,11964575
"Serum","0100 and 0200 STD Compound List and Valine positive.csv","2M26_sys_sac_pos","posi","2M26","2","sys_sac","L-Isoleucine","C6H13NO2",10.493,133.105255,2149664.75
"Serum","0100 and 0200 STD Compound List and Valine positive.csv","2M26_sys_sac_pos","posi","2M26","2","sys_sac","L-Leucine","C6H13NO2",9.95,133.10022,4244929
"Serum","0100 and 0200 STD Compound List and Valine positive.csv","2M26_sys_sac_pos","posi","2M26","2","sys_sac","L-Proline","C5H9NO2",12.675,117.074074,11936929
"Serum","0100 and 0200 STD Compound List and Valine positive.csv","2M26_sys_sac_pos","posi","2M26","2","sys_sac","Valine-C13N15","C5H11NO2",11.912,124.099861,672141.44
"Serum","0100 and 0200 STD Compound List and Valine positive.csv","2M31_pv_pos","posi","2M31","2","pv","D-Tryptophan","C11H12N2O2",9.524,206.101288,595168.06
"Serum","0100 and 0200 STD Compound List and Valine positive.csv","2M31_pv_pos","posi","2M31","2","pv","L-Glutamine","C5H10N2O3",14.493,148.073563,3203560
"Serum","0100 and 0200 STD Compound List and Valine positive.csv","2M31_pv_pos","posi","2M31","2","pv","L-Isoleucine","C6H13NO2",10.493,133.105255,3571913.75
"Serum","0100 and 0200 STD Compound List and Valine positive.csv","2M31_pv_pos","posi","2M31","2","pv","L-Leucine","C6H13NO2",9.95,133.10022,5451039
"Serum","0100 and 0200 STD Compound List and Valine positive.csv","2M31_pv_pos","posi","2M31","2","pv","L-Proline","C5H9NO2",12.675,117.074074,18370248
"Serum","0100 and 0200 STD Compound List and Valine positive.csv","2M31_pv_pos","posi","2M31","2","pv","Valine-C13N15","C5H11NO2",11.912,124.099861,618219.06
"Serum","0100 and 0200 STD Compound List and Valine positive.csv","2M31_sys_sac_pos","posi","2M31","2","sys_sac","D-Tryptophan","C11H12N2O2",9.524,206.101288,1525769.5
"Serum","0100 and 0200 STD Compound List and Valine positive.csv","2M31_sys_sac_pos","posi","2M31","2","sys_sac","L-Glutamine","C5H10N2O3",14.493,148.073563,8564381
"Serum","0100 and 0200 STD Compound List and Valine positive.csv","2M31_sys_sac_pos","posi","2M31","2","sys_sac","L-Isoleucine","C6H13NO2",10.493,133.105255,3015523.25
"Serum","0100 and 0200 STD Compound List and Valine positive.csv","2M31_sys_sac_pos","posi","2M31","2","sys_sac","L-Leucine","C6H13NO2",9.95,133.10022,5299884.5
"Serum","0100 and 0200 STD Compound List and Valine positive.csv","2M31_sys_sac_pos","posi","2M31","2","sys_sac","L-Proline","C5H9NO2",12.675,117.074074,12730909
"Serum","0100 and 0200 STD Compound List and Valine positive.csv","2M31_sys_sac_pos","posi","2M31","2","sys_sac","Valine-C13N15","C5H11NO2",11.912,124.099861,754746.81
"Serum","0100 and 0200 STD Compound List and Valine positive.csv","2M33_pv_pos","posi","2M33","2","pv","D-Tryptophan","C11H12N2O2",9.524,206.101288,451546.72
"Serum","0100 and 0200 STD Compound List and Valine positive.csv","2M33_pv_pos","posi","2M33","2","pv","L-Glutamine","C5H10N2O3",14.493,148.073563,2670882.25
"Serum","0100 and 0200 STD Compound List and Valine positive.csv","2M33_pv_pos","posi","2M33","2","pv","L-Isoleucine","C6H13NO2",10.493,133.105255,1379428.88
"Serum","0100 and 0200 STD Compound List and Valine positive.csv","2M33_pv_pos","posi","2M33","2","pv","L-Leucine","C6H13NO2",9.95,133.10022,2046594.12
"Serum","0100 and 0200 STD Compound List and Valine positive.csv","2M33_pv_pos","posi","2M33","2","pv","L-Proline","C5H9NO2",12.675,117.074074,6562166.5
"Serum","0100 and 0200 STD Compound List and Valine positive.csv","2M33_pv_pos","posi","2M33","2","pv","Valine-C13N15","C5H11NO2",11.912,124.099861,660167.44
"Serum","0100 and 0200 STD Compound List and Valine positive.csv","2M33_sys_sac_pos","posi","2M33","2","sys_sac","D-Tryptophan","C11H12N2O2",9.524,206.101288,2909726.75
"Serum","0100 and 0200 STD Compound List and Valine positive.csv","2M33_sys_sac_pos","posi","2M33","2","sys_sac","L-Glutamine","C5H10N2O3",14.493,148.073563,13994873
"Serum","0100 and 0200 STD Compound List and Valine positive.csv","2M33_sys_sac_pos","posi","2M33","2","sys_sac","L-Isoleucine","C6H13NO2",10.493,133.105255,2976173.75
"Serum","0100 and 0200 STD Compound List and Valine positive.csv","2M33_sys_sac_pos","posi","2M33","2","sys_sac","L-Leucine","C6H13NO2",9.95,133.10022,5492268
"Serum","0100 and 0200 STD Compound List and Valine positive.csv","2M33_sys_sac_pos","posi","2M33","2","sys_sac","L-Proline","C5H9NO2",12.675,117.074074,18937038
"Serum","0100 and 0200 STD Compound List and Valine positive.csv","2M33_sys_sac_pos","posi","2M33","2","sys_sac","Valine-C13N15","C5H11NO2",11.912,124.099861,671195.62
"Serum","0100 and 0200 STD Compound List and Valine positive.csv","3M11_pv_pos","posi","3M11","3","pv","D-Tryptophan","C11H12N2O2",9.524,206.101288,1545356.5
"Serum","0100 and 0200 STD Compound List and Valine positive.csv","3M11_pv_pos","posi","3M11","3","pv","L-Glutamine","C5H10N2O3",14.493,148.073563,8348286
"Serum","0100 and 0200 STD Compound List and Valine positive.csv","3M11_pv_pos","posi","3M11","3","pv","L-Isoleucine","C6H13NO2",10.493,133.105255,2863635.25
"Serum","0100 and 0200 STD Compound List and Valine positive.csv","3M11_pv_pos","posi","3M11","3","pv","L-Leucine","C6H13NO2",9.95,133.10022,4519638
"Serum","0100 and 0200 STD Compound List and Valine positive.csv","3M11_pv_pos","posi","3M11","3","pv","L-Proline","C5H9NO2",12.675,117.074074,17311178
"Serum","0100 and 0200 STD Compound List and Valine positive.csv","3M11_pv_pos","posi","3M11","3","pv","Valine-C13N15","C5H11NO2",11.912,124.099861,677530.5
"Serum","0100 and 0200 STD Compound List and Valine positive.csv","3M11_sys_sac_pos","posi","3M11","3","sys_sac","D-Tryptophan","C11H12N2O2",9.524,206.101288,2354648.25
"Serum","0100 and 0200 STD Compound List and Valine positive.csv","3M11_sys_sac_pos","posi","3M11","3","sys_sac","L-Glutamine","C5H10N2O3",14.493,148.073563,8345582.5
"Serum","0100 and 0200 STD Compound List and Valine positive.csv","3M11_sys_sac_pos","posi","3M11","3","sys_sac","L-Isoleucine","C6H13NO2",10.493,133.105255,1794714.38
"Serum","0100 and 0200 STD Compound List and Valine positive.csv","3M11_sys_sac_pos","posi","3M11","3","sys_sac","L-Leucine","C6H13NO2",9.95,133.10022,3286316.75
"Serum","0100 and 0200 STD Compound List and Valine positive.csv","3M11_sys_sac_pos","posi","3M11","3","sys_sac","L-Proline","C5H9NO2",12.675,117.074074,10068212
"Serum","0100 and 0200 STD Compound List and Valine positive.csv","3M11_sys_sac_pos","posi","3M11","3","sys_sac","Valine-C13N15","C5H11NO2",11.912,124.099861,581468.19
"Serum","0100 and 0200 STD Compound List and Valine positive.csv","3M13_pv_pos","posi","3M13","3","pv","D-Tryptophan","C11H12N2O2",9.524,206.101288,1049855.5
"Serum","0100 and 0200 STD Compound List and Valine positive.csv","3M13_pv_pos","posi","3M13","3","pv","L-Glutamine","C5H10N2O3",14.493,148.073563,7284784.5
"Serum","0100 and 0200 STD Compound List and Valine positive.csv","3M13_pv_pos","posi","3M13","3","pv","L-Isoleucine","C6H13NO2",10.493,133.105255,2149133.25
"Serum","0100 and 0200 STD Compound List and Valine positive.csv","3M13_pv_pos","posi","3M13","3","pv","L-Leucine","C6H13NO2",9.95,133.10022,4077757
"Serum","0100 and 0200 STD Compound List and Valine positive.csv","3M13_pv_pos","posi","3M13","3","pv","L-Proline","C5H9NO2",12.675,117.074074,14508967
"Serum","0100 and 0200 STD Compound List and Valine positive.csv","3M13_pv_pos","posi","3M13","3","pv","Valine-C13N15","C5H11NO2",11.912,124.099861,655999.06
"Serum","0100 and 0200 STD Compound List and Valine positive.csv","3M13_sys_sac_pos","posi","3M13","3","sys_sac","D-Tryptophan","C11H12N2O2",9.524,206.101288,4304715.5
"Serum","0100 and 0200 STD Compound List and Valine positive.csv","3M13_sys_sac_pos","posi","3M13","3","sys_sac","L-Glutamine","C5H10N2O3",14.493,148.073563,11888923
"Serum","0100 and 0200 STD Compound List and Valine positive.csv","3M13_sys_sac_pos","posi","3M13","3","sys_sac","L-Isoleucine","C6H13NO2",10.493,133.105255,2498908.75
"Serum","0100 and 0200 STD Compound List and Valine positive.csv","3M13_sys_sac_pos","posi","3M13","3","sys_sac","L-Leucine","C6H13NO2",9.95,133.10022,4854084.5
"Serum","0100 and 0200 STD Compound List and Valine positive.csv","3M13_sys_sac_pos","posi","3M13","3","sys_sac","L-Proline","C5H9NO2",12.675,117.074074,14181116
"Serum","0100 and 0200 STD Compound List and Valine positive.csv","3M13_sys_sac_pos","posi","3M13","3","sys_sac","Valine-C13N15","C5H11NO2",11.912,124.099861,596407
"Serum","0100 and 0200 STD Compound List and Valine positive.csv","3M14_pv_pos","posi","3M14","3","pv","D-Tryptophan","C11H12N2O2",9.524,206.101288,857063.81
"Serum","0100 and 0200 STD Compound List and Valine positive.csv","3M14_pv_pos","posi","3M14","3","pv","L-Glutamine","C5H10N2O3",14.493,148.073563,3791472.25
"Serum","0100 and 0200 STD Compound List and Valine positive.csv","3M14_pv_pos","posi","3M14","3","pv","L-Isoleucine","C6H13NO2",10.493,133.105255,1906085.62
"Serum","0100 and 0200 STD Compound List and Valine positive.csv","3M14_pv_pos","posi","3M14","3","pv","L-Leucine","C6H13NO2",9.95,133.10022,2992648.75
"Serum","0100 and 0200 STD Compound List and Valine positive.csv","3M14_pv_pos","posi","3M14","3","pv","L-Proline","C5H9NO2",12.675,117.074074,6961436.5
"Serum","0100 and 0200 STD Compound List and Valine positive.csv","3M14_pv_pos","posi","3M14","3","pv","Valine-C13N15","C5H11NO2",11.912,124.099861,727632.69
"Serum","0100 and 0200 STD Compound List and Valine positive.csv","3M14_sys_sac_pos","posi","3M14","3","sys_sac","D-Tryptophan","C11H12N2O2",9.524,206.101288,2756810
"Serum","0100 and 0200 STD Compound List and Valine positive.csv","3M14_sys_sac_pos","posi","3M14","3","sys_sac","L-Glutamine","C5H10N2O3",14.493,148.073563,13618465
"Serum","0100 and 0200 STD Compound List and Valine positive.csv","3M14_sys_sac_pos","posi","3M14","3","sys_sac","L-Isoleucine","C6H13NO2",10.493,133.105255,2140765
"Serum","0100 and 0200 STD Compound List and Valine positive.csv","3M14_sys_sac_pos","posi","3M14","3","sys_sac","L-Leucine","C6H13NO2",9.95,133.10022,3423367
"Serum","0100 and 0200 STD Compound List and Valine positive.csv","3M14_sys_sac_pos","posi","3M14","3","sys_sac","L-Proline","C5H9NO2",12.675,117.074074,11362997
"Serum","0100 and 0200 STD Compound List and Valine positive.csv","3M14_sys_sac_pos","posi","3M14","3","sys_sac","Valine-C13N15","C5H11NO2",11.912,124.099861,754941.25
"Serum","0100 and 0200 STD Compound List and Valine positive.csv","3M15_pv_pos","posi","3M15","3","pv","D-Tryptophan","C11H12N2O2",9.524,206.101288,1236244
"Serum","0100 and 0200 STD Compound List and Valine positive.csv","3M15_pv_pos","posi","3M15","3","pv","L-Glutamine","C5H10N2O3",14.493,148.073563,10987215
"Serum","0100 and 0200 STD Compound List and Valine positive.csv","3M15_pv_pos","posi","3M15","3","pv","L-Isoleucine","C6H13NO2",10.493,133.105255,2507342.75
"Serum","0100 and 0200 STD Compound List and Valine positive.csv","3M15_pv_pos","posi","3M15","3","pv","L-Leucine","C6H13NO2",9.95,133.10022,4384931.5
"Serum","0100 and 0200 STD Compound List and Valine positive.csv","3M15_pv_pos","posi","3M15","3","pv","L-Proline","C5H9NO2",12.675,117.074074,16147347
"Serum","0100 and 0200 STD Compound List and Valine positive.csv","3M15_pv_pos","posi","3M15","3","pv","Valine-C13N15","C5H11NO2",11.912,124.099861,680307.69
"Serum","0100 and 0200 STD Compound List and Valine positive.csv","3M15_sys_sac_pos","posi","3M15","3","sys_sac","D-Tryptophan","C11H12N2O2",9.524,206.101288,1979794
"Serum","0100 and 0200 STD Compound List and Valine positive.csv","3M15_sys_sac_pos","posi","3M15","3","sys_sac","L-Glutamine","C5H10N2O3",14.493,148.073563,10711276
"Serum","0100 and 0200 STD Compound List and Valine positive.csv","3M15_sys_sac_pos","posi","3M15","3","sys_sac","L-Isoleucine","C6H13NO2",10.493,133.105255,1198118.88
"Serum","0100 and 0200 STD Compound List and Valine positive.csv","3M15_sys_sac_pos","posi","3M15","3","sys_sac","L-Leucine","C6H13NO2",9.95,133.10022,2028492.38
"Serum","0100 and 0200 STD Compound List and Valine positive.csv","3M15_sys_sac_pos","posi","3M15","3","sys_sac","L-Proline","C5H9NO2",12.675,117.074074,7457025.5
"Serum","0100 and 0200 STD Compound List and Valine positive.csv","3M15_sys_sac_pos","posi","3M15","3","sys_sac","Valine-C13N15","C5H11NO2",11.912,124.099861,555582.56
"Serum","0100 and 0200 STD Compound List and Valine positive.csv","3M16_pv_pos","posi","3M16","3","pv","D-Tryptophan","C11H12N2O2",9.524,206.101288,1832574.12
"Serum","0100 and 0200 STD Compound List and Valine positive.csv","3M16_pv_pos","posi","3M16","3","pv","L-Glutamine","C5H10N2O3",14.493,148.073563,3388056.75
"Serum","0100 and 0200 STD Compound List and Valine positive.csv","3M16_pv_pos","posi","3M16","3","pv","L-Isoleucine","C6H13NO2",10.493,133.105255,3219433
"Serum","0100 and 0200 STD Compound List and Valine positive.csv","3M16_pv_pos","posi","3M16","3","pv","L-Leucine","C6H13NO2",9.95,133.10022,4938857.5
"Serum","0100 and 0200 STD Compound List and Valine positive.csv","3M16_pv_pos","posi","3M16","3","pv","L-Proline","C5H9NO2",12.675,117.074074,12627472
"Serum","0100 and 0200 STD Compound List and Valine positive.csv","3M16_pv_pos","posi","3M16","3","pv","Valine-C13N15","C5H11NO2",11.912,124.099861,638218.94
"Serum","0100 and 0200 STD Compound List and Valine positive.csv","3M17_pv_pos","posi","3M17","3","pv","D-Tryptophan","C11H12N2O2",9.524,206.101288,921475.94
"Serum","0100 and 0200 STD Compound List and Valine positive.csv","3M17_pv_pos","posi","3M17","3","pv","L-Glutamine","C5H10N2O3",14.493,148.073563,3765558
"Serum","0100 and 0200 STD Compound List and Valine positive.csv","3M17_pv_pos","posi","3M17","3","pv","L-Isoleucine","C6H13NO2",10.493,133.105255,2108913.25
"Serum","0100 and 0200 STD Compound List and Valine positive.csv","3M17_pv_pos","posi","3M17","3","pv","L-Leucine","C6H13NO2",9.95,133.10022,3945671
"Serum","0100 and 0200 STD Compound List and Valine positive.csv","3M17_pv_pos","posi","3M17","3","pv","L-Proline","C5H9NO2",12.675,117.074074,12603579
"Serum","0100 and 0200 STD Compound List and Valine positive.csv","3M17_pv_pos","posi","3M17","3","pv","Valine-C13N15","C5H11NO2",11.912,124.099861,625222.06
"Serum","0100 and 0200 STD Compound List and Valine positive.csv","3M17_sys_sac_pos","posi","3M17","3","sys_sac","D-Tryptophan","C11H12N2O2",9.524,206.101288,3791898.75
"Serum","0100 and 0200 STD Compound List and Valine positive.csv","3M17_sys_sac_pos","posi","3M17","3","sys_sac","L-Glutamine","C5H10N2O3",14.493,148.073563,10097581
"Serum","0100 and 0200 STD Compound List and Valine positive.csv","3M17_sys_sac_pos","posi","3M17","3","sys_sac","L-Isoleucine","C6H13NO2",10.493,133.105255,2488417.75
"Serum","0100 and 0200 STD Compound List and Valine positive.csv","3M17_sys_sac_pos","posi","3M17","3","sys_sac","L-Leucine","C6H13NO2",9.95,133.10022,4389493.5
"Serum","0100 and 0200 STD Compound List and Valine positive.csv","3M17_sys_sac_pos","posi","3M17","3","sys_sac","L-Proline","C5H9NO2",12.675,117.074074,13090984
"Serum","0100 and 0200 STD Compound List and Valine positive.csv","3M17_sys_sac_pos","posi","3M17","3","sys_sac","Valine-C13N15","C5H11NO2",11.912,124.099861,574174.06
"Serum","0100 and 0200 STD Compound List and Valine positive.csv","3M18_pv_pos","posi","3M18","3","pv","D-Tryptophan","C11H12N2O2",9.524,206.101288,1035500
"Serum","0100 and 0200 STD Compound List and Valine positive.csv","3M18_pv_pos","posi","3M18","3","pv","L-Glutamine","C5H10N2O3",14.493,148.073563,6547439.5
"Serum","0100 and 0200 STD Compound List and Valine positive.csv","3M18_pv_pos","posi","3M18","3","pv","L-Isoleucine","C6H13NO2",10.493,133.105255,2952785.25
"Serum","0100 and 0200 STD Compound List and Valine positive.csv","3M18_pv_pos","posi","3M18","3","pv","L-Leucine","C6H13NO2",9.95,133.10022,4552875.5
"Serum","0100 and 0200 STD Compound List and Valine positive.csv","3M18_pv_pos","posi","3M18","3","pv","L-Proline","C5H9NO2",12.675,117.074074,18108894
"Serum","0100 and 0200 STD Compound List and Valine positive.csv","3M18_pv_pos","posi","3M18","3","pv","Valine-C13N15","C5H11NO2",11.912,124.099861,689753.19
"Serum","0100 and 0200 STD Compound List and Valine positive.csv","3M18_sys_sac_pos","posi","3M18","3","sys_sac","D-Tryptophan","C11H12N2O2",9.524,206.101288,2399236.75
"Serum","0100 and 0200 STD Compound List and Valine positive.csv","3M18_sys_sac_pos","posi","3M18","3","sys_sac","L-Glutamine","C5H10N2O3",14.493,148.073563,7358726
"Serum","0100 and 0200 STD Compound List and Valine positive.csv","3M18_sys_sac_pos","posi","3M18","3","sys_sac","L-Isoleucine","C6H13NO2",10.493,133.105255,1874243.62
"Serum","0100 and 0200 STD Compound List and Valine positive.csv","3M18_sys_sac_pos","posi","3M18","3","sys_sac","L-Leucine","C6H13NO2",9.95,133.10022,3512629.25
"Serum","0100 and 0200 STD Compound List and Valine positive.csv","3M18_sys_sac_pos","posi","3M18","3","sys_sac","L-Proline","C5H9NO2",12.675,117.074074,9189123
"Serum","0100 and 0200 STD Compound List and Valine positive.csv","3M18_sys_sac_pos","posi","3M18","3","sys_sac","Valine-C13N15","C5H11NO2",11.912,124.099861,616704.81
"Serum","0100 and 0200 STD Compound List and Valine positive.csv","3M1_pv_pos","posi","3M1","3","pv","D-Tryptophan","C11H12N2O2",9.524,206.101288,1444680
"Serum","0100 and 0200 STD Compound List and Valine positive.csv","3M1_pv_pos","posi","3M1","3","pv","L-Glutamine","C5H10N2O3",14.493,148.073563,7475334.5
"Serum","0100 and 0200 STD Compound List and Valine positive.csv","3M1_pv_pos","posi","3M1","3","pv","L-Isoleucine","C6H13NO2",10.493,133.105255,2833559
"Serum","0100 and 0200 STD Compound List and Valine positive.csv","3M1_pv_pos","posi","3M1","3","pv","L-Leucine","C6H13NO2",9.95,133.10022,4026702.75
"Serum","0100 and 0200 STD Compound List and Valine positive.csv","3M1_pv_pos","posi","3M1","3","pv","L-Proline","C5H9NO2",12.675,117.074074,18453326
"Serum","0100 and 0200 STD Compound List and Valine positive.csv","3M1_pv_pos","posi","3M1","3","pv","Valine-C13N15","C5H11NO2",11.912,124.099861,628456.69
"Serum","0100 and 0200 STD Compound List and Valine positive.csv","3M1_sys_sac_pos","posi","3M1","3","sys_sac","D-Tryptophan","C11H12N2O2",9.524,206.101288,3214505.25
"Serum","0100 and 0200 STD Compound List and Valine positive.csv","3M1_sys_sac_pos","posi","3M1","3","sys_sac","L-Glutamine","C5H10N2O3",14.493,148.073563,10742077
"Serum","0100 and 0200 STD Compound List and Valine positive.csv","3M1_sys_sac_pos","posi","3M1","3","sys_sac","L-Isoleucine","C6H13NO2",10.493,133.105255,2528984
"Serum","0100 and 0200 STD Compound List and Valine positive.csv","3M1_sys_sac_pos","posi","3M1","3","sys_sac","L-Leucine","C6H13NO2",9.95,133.10022,4981861.5
"Serum","0100 and 0200 STD Compound List and Valine positive.csv","3M1_sys_sac_pos","posi","3M1","3","sys_sac","L-Proline","C5H9NO2",12.675,117.074074,12592611
"Serum","0100 and 0200 STD Compound List and Valine positive.csv","3M1_sys_sac_pos","posi","3M1","3","sys_sac","Valine-C13N15","C5H11NO2",11.912,124.099861,595531.56
"Serum","0100 and 0200 STD Compound List and Valine positive.csv","3M21_pv_pos","posi","3M21","3","pv","D-Tryptophan","C11H12N2O2",9.524,206.101288,1598665.12
"Serum","0100 and 0200 STD Compound List and Valine positive.csv","3M21_pv_pos","posi","3M21","3","pv","L-Glutamine","C5H10N2O3",14.493,148.073563,6106381.5
"Serum","0100 and 0200 STD Compound List and Valine positive.csv","3M21_pv_pos","posi","3M21","3","pv","L-Isoleucine","C6H13NO2",10.493,133.105255,3154858
"Serum","0100 and 0200 STD Compound List and Valine positive.csv","3M21_pv_pos","posi","3M21","3","pv","L-Leucine","C6H13NO2",9.95,133.10022,4847226.5
"Serum","0100 and 0200 STD Compound List and Valine positive.csv","3M21_pv_pos","posi","3M21","3","pv","L-Proline","C5H9NO2",12.675,117.074074,12153305
"Serum","0100 and 0200 STD Compound List and Valine positive.csv","3M21_pv_pos","posi","3M21","3","pv","Valine-C13N15","C5H11NO2",11.912,124.099861,696616.44
"Serum","0100 and 0200 STD Compound List and Valine positive.csv","3M21_sys_sac_pos","posi","3M21","3","sys_sac","D-Tryptophan","C11H12N2O2",9.524,206.101288,2785455.5
"Serum","0100 and 0200 STD Compound List and Valine positive.csv","3M21_sys_sac_pos","posi","3M21","3","sys_sac","L-Glutamine","C5H10N2O3",14.493,148.073563,14483997
"Serum","0100 and 0200 STD Compound List and Valine positive.csv","3M21_sys_sac_pos","posi","3M21","3","sys_sac","L-Isoleucine","C6H13NO2",10.493,133.105255,4228868.5
"Serum","0100 and 0200 STD Compound List and Valine positive.csv","3M21_sys_sac_pos","posi","3M21","3","sys_sac","L-Leucine","C6H13NO2",9.95,133.10022,7814577.5
"Serum","0100 and 0200 STD Compound List and Valine positive.csv","3M21_sys_sac_pos","posi","3M21","3","sys_sac","L-Proline","C5H9NO2",12.675,117.074074,22581736
"Serum","0100 and 0200 STD Compound List and Valine positive.csv","3M21_sys_sac_pos","posi","3M21","3","sys_sac","Valine-C13N15","C5H11NO2",11.912,124.099861,638770.12
"Serum","0100 and 0200 STD Compound List and Valine positive.csv","3M26_pv_pos","posi","3M26","3","pv","D-Tryptophan","C11H12N2O2",9.524,206.101288,1583834.62
"Serum","0100 and 0200 STD Compound List and Valine positive.csv","3M26_pv_pos","posi","3M26","3","pv","L-Glutamine","C5H10N2O3",14.493,148.073563,6359581.5
"Serum","0100 and 0200 STD Compound List and Valine positive.csv","3M26_pv_pos","posi","3M26","3","pv","L-Isoleucine","C6H13NO2",10.493,133.105255,3953026.25
"Serum","0100 and 0200 STD Compound List and Valine positive.csv","3M26_pv_pos","posi","3M26","3","pv","L-Leucine","C6H13NO2",9.95,133.10022,6310478.5
"Serum","0100 and 0200 STD Compound List and Valine positive.csv","3M26_pv_pos","posi","3M26","3","pv","L-Proline","C5H9NO2",12.675,117.074074,21065292
"Serum","0100 and 0200 STD Compound List and Valine positive.csv","3M26_pv_pos","posi","3M26","3","pv","Valine-C13N15","C5H11NO2",11.912,124.099861,718706.94
"Serum","0100 and 0200 STD Compound List and Valine positive.csv","3M26_sys_sac_pos","posi","3M26","3","sys_sac","D-Tryptophan","C11H12N2O2",9.524,206.101288,1895832.5
"Serum","0100 and 0200 STD Compound List and Valine positive.csv","3M26_sys_sac_pos","posi","3M26","3","sys_sac","L-Glutamine","C5H10N2O3",14.493,148.073563,11738820
"Serum","0100 and 0200 STD Compound List and Valine positive.csv","3M26_sys_sac_pos","posi","3M26","3","sys_sac","L-Isoleucine","C6H13NO2",10.493,133.105255,2352706.75
"Serum","0100 and 0200 STD Compound List and Valine positive.csv","3M26_sys_sac_pos","posi","3M26","3","sys_sac","L-Leucine","C6H13NO2",9.95,133.10022,4839992
"Serum","0100 and 0200 STD Compound List and Valine positive.csv","3M26_sys_sac_pos","posi","3M26","3","sys_sac","L-Proline","C5H9NO2",12.675,117.074074,11208691
"Serum","0100 and 0200 STD Compound List and Valine positive.csv","3M26_sys_sac_pos","posi","3M26","3","sys_sac","Valine-C13N15","C5H11NO2",11.912,124.099861,612499.56
"Serum","0100 and 0200 STD Compound List and Valine positive.csv","3M27_pv_pos","posi","3M27","3","pv","D-Tryptophan","C11H12N2O2",9.524,206.101288,311242.84
"Serum","0100 and 0200 STD Compound List and Valine positive.csv","3M27_pv_pos","posi","3M27","3","pv","L-Glutamine","C5H10N2O3",14.493,148.073563,630267.94
"Serum","0100 and 0200 STD Compound List and Valine positive.csv","3M27_pv_pos","posi","3M27","3","pv","L-Isoleucine","C6H13NO2",10.493,133.105255,1483303.38
"Serum","0100 and 0200 STD Compound List and Valine positive.csv","3M27_pv_pos","posi","3M27","3","pv","L-Leucine","C6H13NO2",9.95,133.10022,1083164.5
"Serum","0100 and 0200 STD Compound List and Valine positive.csv","3M27_pv_pos","posi","3M27","3","pv","L-Proline","C5H9NO2",12.675,117.074074,8121184.5
"Serum","0100 and 0200 STD Compound List and Valine positive.csv","3M27_pv_pos","posi","3M27","3","pv","Valine-C13N15","C5H11NO2",11.912,124.099861,588768.75
"Serum","0100 and 0200 STD Compound List and Valine positive.csv","3M27_sys_sac_pos","posi","3M27","3","sys_sac","D-Tryptophan","C11H12N2O2",9.524,206.101288,2024230
"Serum","0100 and 0200 STD Compound List and Valine positive.csv","3M27_sys_sac_pos","posi","3M27","3","sys_sac","L-Glutamine","C5H10N2O3",14.493,148.073563,4961908
"Serum","0100 and 0200 STD Compound List and Valine positive.csv","3M27_sys_sac_pos","posi","3M27","3","sys_sac","L-Isoleucine","C6H13NO2",10.493,133.105255,2255737.75
"Serum","0100 and 0200 STD Compound List and Valine positive.csv","3M27_sys_sac_pos","posi","3M27","3","sys_sac","L-Leucine","C6H13NO2",9.95,133.10022,4134161.25
"Serum","0100 and 0200 STD Compound List and Valine positive.csv","3M27_sys_sac_pos","posi","3M27","3","sys_sac","L-Proline","C5H9NO2",12.675,117.074074,8742627
"Serum","0100 and 0200 STD Compound List and Valine positive.csv","3M27_sys_sac_pos","posi","3M27","3","sys_sac","Valine-C13N15","C5H11NO2",11.912,124.099861,735028.31
"Serum","0100 and 0200 STD Compound List and Valine positive.csv","3M28_pv_pos","posi","3M28","3","pv","D-Tryptophan","C11H12N2O2",9.524,206.101288,1188133.12
"Serum","0100 and 0200 STD Compound List and Valine positive.csv","3M28_pv_pos","posi","3M28","3","pv","L-Glutamine","C5H10N2O3",14.493,148.073563,6722480
"Serum","0100 and 0200 STD Compound List and Valine positive.csv","3M28_pv_pos","posi","3M28","3","pv","L-Isoleucine","C6H13NO2",10.493,133.105255,2477623
"Serum","0100 and 0200 STD Compound List and Valine positive.csv","3M28_pv_pos","posi","3M28","3","pv","L-Leucine","C6H13NO2",9.95,133.10022,3798152.75
"Serum","0100 and 0200 STD Compound List and Valine positive.csv","3M28_pv_pos","posi","3M28","3","pv","L-Proline","C5H9NO2",12.675,117.074074,12212360
"Serum","0100 and 0200 STD Compound List and Valine positive.csv","3M28_pv_pos","posi","3M28","3","pv","Valine-C13N15","C5H11NO2",11.912,124.099861,683793.44
"Serum","0100 and 0200 STD Compound List and Valine positive.csv","3M28_sys_sac_pos","posi","3M28","3","sys_sac","D-Tryptophan","C11H12N2O2",9.524,206.101288,1578490.62
"Serum","0100 and 0200 STD Compound List and Valine positive.csv","3M28_sys_sac_pos","posi","3M28","3","sys_sac","L-Glutamine","C5H10N2O3",14.493,148.073563,12803127
"Serum","0100 and 0200 STD Compound List and Valine positive.csv","3M28_sys_sac_pos","posi","3M28","3","sys_sac","L-Isoleucine","C6H13NO2",10.493,133.105255,1804937
"Serum","0100 and 0200 STD Compound List and Valine positive.csv","3M28_sys_sac_pos","posi","3M28","3","sys_sac","L-Leucine","C6H13NO2",9.95,133.10022,3812785.75
"Serum","0100 and 0200 STD Compound List and Valine positive.csv","3M28_sys_sac_pos","posi","3M28","3","sys_sac","L-Proline","C5H9NO2",12.675,117.074074,8026820
"Serum","0100 and 0200 STD Compound List and Valine positive.csv","3M28_sys_sac_pos","posi","3M28","3","sys_sac","Valine-C13N15","C5H11NO2",11.912,124.099861,724929.5
"Serum","0100 and 0200 STD Compound List and Valine positive.csv","3M31_pv_pos","posi","3M31","3","pv","D-Tryptophan","C11H12N2O2",9.524,206.101288,971068.69
"Serum","0100 and 0200 STD Compound List and Valine positive.csv","3M31_pv_pos","posi","3M31","3","pv","L-Glutamine","C5H10N2O3",14.493,148.073563,4851338
"Serum","0100 and 0200 STD Compound List and Valine positive.csv","3M31_pv_pos","posi","3M31","3","pv","L-Isoleucine","C6H13NO2",10.493,133.105255,3089883
"Serum","0100 and 0200 STD Compound List and Valine positive.csv","3M31_pv_pos","posi","3M31","3","pv","L-Leucine","C6H13NO2",9.95,133.10022,4874794.5
"Serum","0100 and 0200 STD Compound List and Valine positive.csv","3M31_pv_pos","posi","3M31","3","pv","L-Proline","C5H9NO2",12.675,117.074074,15217084
"Serum","0100 and 0200 STD Compound List and Valine positive.csv","3M31_pv_pos","posi","3M31","3","pv","Valine-C13N15","C5H11NO2",11.912,124.099861,723000.06
"Serum","0100 and 0200 STD Compound List and Valine positive.csv","3M31_sys_sac_pos","posi","3M31","3","sys_sac","D-Tryptophan","C11H12N2O2",9.524,206.101288,1122200.38
"Serum","0100 and 0200 STD Compound List and Valine positive.csv","3M31_sys_sac_pos","posi","3M31","3","sys_sac","L-Glutamine","C5H10N2O3",14.493,148.073563,2262272.25
"Serum","0100 and 0200 STD Compound List and Valine positive.csv","3M31_sys_sac_pos","posi","3M31","3","sys_sac","L-Isoleucine","C6H13NO2",10.493,133.105255,1542167.12
"Serum","0100 and 0200 STD Compound List and Valine positive.csv","3M31_sys_sac_pos","posi","3M31","3","sys_sac","L-Leucine","C6H13NO2",9.95,133.10022,2575329.75
"Serum","0100 and 0200 STD Compound List and Valine positive.csv","3M31_sys_sac_pos","posi","3M31","3","sys_sac","L-Proline","C5H9NO2",12.675,117.074074,6221629.5
"Serum","0100 and 0200 STD Compound List and Valine positive.csv","3M31_sys_sac_pos","posi","3M31","3","sys_sac","Valine-C13N15","C5H11NO2",11.912,124.099861,622373.31
"Serum","0100 and 0200 STD Compound List and Valine positive.csv","3M33_pv_pos","posi","3M33","3","pv","D-Tryptophan","C11H12N2O2",9.524,206.101288,816980.31
"Serum","0100 and 0200 STD Compound List and Valine positive.csv","3M33_pv_pos","posi","3M33","3","pv","L-Glutamine","C5H10N2O3",14.493,148.073563,1340174.38
"Serum","0100 and 0200 STD Compound List and Valine positive.csv","3M33_pv_pos","posi","3M33","3","pv","L-Isoleucine","C6H13NO2",10.493,133.105255,2563438
"Serum","0100 and 0200 STD Compound List and Valine positive.csv","3M33_pv_pos","posi","3M33","3","pv","L-Leucine","C6H13NO2",9.95,133.10022,3116698.25
"Serum","0100 and 0200 STD Compound List and Valine positive.csv","3M33_pv_pos","posi","3M33","3","pv","L-Proline","C5H9NO2",12.675,117.074074,12096936
"Serum","0100 and 0200 STD Compound List and Valine positive.csv","3M33_pv_pos","posi","3M33","3","pv","Valine-C13N15","C5H11NO2",11.912,124.099861,732030.56
"Serum","0100 and 0200 STD Compound List and Valine positive.csv","3M33_sys_sac_pos","posi","3M33","3","sys_sac","D-Tryptophan","C11H12N2O2",9.524,206.101288,1309334.62
"Serum","0100 and 0200 STD Compound List and Valine positive.csv","3M33_sys_sac_pos","posi","3M33","3","sys_sac","L-Glutamine","C5H10N2O3",14.493,148.073563,9181697
"Serum","0100 and 0200 STD Compound List and Valine positive.csv","3M33_sys_sac_pos","posi","3M33","3","sys_sac","L-Isoleucine","C6H13NO2",10.493,133.105255,96549.31
"Serum","0100 and 0200 STD Compound List and Valine positive.csv","3M33_sys_sac_pos","posi","3M33","3","sys_sac","L-Leucine","C6H13NO2",9.95,133.10022,2703649.75
"Serum","0100 and 0200 STD Compound List and Valine positive.csv","3M33_sys_sac_pos","posi","3M33","3","sys_sac","L-Proline","C5H9NO2",12.675,117.074074,6977424.5
"Serum","0100 and 0200 STD Compound List and Valine positive.csv","3M33_sys_sac_pos","posi","3M33","3","sys_sac","Valine-C13N15","C5H11NO2",11.912,124.099861,659024.69
"Serum","0100 and 0200 STD Compound List and Valine positive.csv","3M34_pv_pos","posi","3M34","3","pv","D-Tryptophan","C11H12N2O2",9.524,206.101288,1474513.38
"Serum","0100 and 0200 STD Compound List and Valine positive.csv","3M34_pv_pos","posi","3M34","3","pv","L-Glutamine","C5H10N2O3",14.493,148.073563,7994094.5
"Serum","0100 and 0200 STD Compound List and Valine positive.csv","3M34_pv_pos","posi","3M34","3","pv","L-Isoleucine","C6H13NO2",10.493,133.105255,3892596.75
"Serum","0100 and 0200 STD Compound List and Valine positive.csv","3M34_pv_pos","posi","3M34","3","pv","L-Leucine","C6H13NO2",9.95,133.10022,7122504
"Serum","0100 and 0200 STD Compound List and Valine positive.csv","3M34_pv_pos","posi","3M34","3","pv","L-Proline","C5H9NO2",12.675,117.074074,24403030
"Serum","0100 and 0200 STD Compound List and Valine positive.csv","3M34_pv_pos","posi","3M34","3","pv","Valine-C13N15","C5H11NO2",11.912,124.099861,703317.31
"Serum","0100 and 0200 STD Compound List and Valine positive.csv","3M34_sys_sac_pos","posi","3M34","3","sys_sac","D-Tryptophan","C11H12N2O2",9.524,206.101288,1318543.25
"Serum","0100 and 0200 STD Compound List and Valine positive.csv","3M34_sys_sac_pos","posi","3M34","3","sys_sac","L-Glutamine","C5H10N2O3",14.493,148.073563,11004350
"Serum","0100 and 0200 STD Compound List and Valine positive.csv","3M34_sys_sac_pos","posi","3M34","3","sys_sac","L-Isoleucine","C6H13NO2",10.493,133.105255,1719352.88
"Serum","0100 and 0200 STD Compound List and Valine positive.csv","3M34_sys_sac_pos","posi","3M34","3","sys_sac","L-Leucine","C6H13NO2",9.95,133.10022,3830134
"Serum","0100 and 0200 STD Compound List and Valine positive.csv","3M34_sys_sac_pos","posi","3M34","3","sys_sac","L-Proline","C5H9NO2",12.675,117.074074,11193608
"Serum","0100 and 0200 STD Compound List and Valine positive.csv","3M34_sys_sac_pos","posi","3M34","3","sys_sac","Valine-C13N15","C5H11NO2",11.912,124.099861,617758.56
"Serum","0100 and 0200 STD Compound List and Valine positive.csv","3M37_pv_pos","posi","3M37","3","pv","D-Tryptophan","C11H12N2O2",9.524,206.101288,723138.94
"Serum","0100 and 0200 STD Compound List and Valine positive.csv","3M37_pv_pos","posi","3M37","3","pv","L-Glutamine","C5H10N2O3",14.493,148.073563,6150508
"Serum","0100 and 0200 STD Compound List and Valine positive.csv","3M37_pv_pos","posi","3M37","3","pv","L-Isoleucine","C6H13NO2",10.493,133.105255,2356580.75
"Serum","0100 and 0200 STD Compound List and Valine positive.csv","3M37_pv_pos","posi","3M37","3","pv","L-Leucine","C6H13NO2",9.95,133.10022,4090443
"Serum","0100 and 0200 STD Compound List and Valine positive.csv","3M37_pv_pos","posi","3M37","3","pv","L-Proline","C5H9NO2",12.675,117.074074,12732539
"Serum","0100 and 0200 STD Compound List and Valine positive.csv","3M37_pv_pos","posi","3M37","3","pv","Valine-C13N15","C5H11NO2",11.912,124.099861,679091.94
"Serum","0100 and 0200 STD Compound List and Valine positive.csv","3M37_sys_sac_pos","posi","3M37","3","sys_sac","D-Tryptophan","C11H12N2O2",9.524,206.101288,1664712.38
"Serum","0100 and 0200 STD Compound List and Valine positive.csv","3M37_sys_sac_pos","posi","3M37","3","sys_sac","L-Glutamine","C5H10N2O3",14.493,148.073563,5323784
"Serum","0100 and 0200 STD Compound List and Valine positive.csv","3M37_sys_sac_pos","posi","3M37","3","sys_sac","L-Isoleucine","C6H13NO2",10.493,133.105255,2064806
"Serum","0100 and 0200 STD Compound List and Valine positive.csv","3M37_sys_sac_pos","posi","3M37","3","sys_sac","L-Leucine","C6H13NO2",9.95,133.10022,3863970.75
"Serum","0100 and 0200 STD Compound List and Valine positive.csv","3M37_sys_sac_pos","posi","3M37","3","sys_sac","L-Proline","C5H9NO2",12.675,117.074074,10203208
"Serum","0100 and 0200 STD Compound List and Valine positive.csv","3M37_sys_sac_pos","posi","3M37","3","sys_sac","Valine-C13N15","C5H11NO2",11.912,124.099861,708715
"Serum","0100 and 0200 STD Compound List and Valine positive.csv","3M38_pv_pos","posi","3M38","3","pv","D-Tryptophan","C11H12N2O2",9.524,206.101288,889516.94
"Serum","0100 and 0200 STD Compound List and Valine positive.csv","3M38_pv_pos","posi","3M38","3","pv","L-Glutamine","C5H10N2O3",14.493,148.073563,5781443.5
"Serum","0100 and 0200 STD Compound List and Valine positive.csv","3M38_pv_pos","posi","3M38","3","pv","L-Isoleucine","C6H13NO2",10.493,133.105255,4250030
"Serum","0100 and 0200 STD Compound List and Valine positive.csv","3M38_pv_pos","posi","3M38","3","pv","L-Leucine","C6H13NO2",9.95,133.10022,6700278
"Serum","0100 and 0200 STD Compound List and Valine positive.csv","3M38_pv_pos","posi","3M38","3","pv","L-Proline","C5H9NO2",12.675,117.074074,24574608
"Serum","0100 and 0200 STD Compound List and Valine positive.csv","3M38_pv_pos","posi","3M38","3","pv","Valine-C13N15","C5H11NO2",11.912,124.099861,707179.31
"Serum","0100 and 0200 STD Compound List and Valine positive.csv","3M38_sys_sac_pos","posi","3M38","3","sys_sac","D-Tryptophan","C11H12N2O2",9.524,206.101288,2156428.75
"Serum","0100 and 0200 STD Compound List and Valine positive.csv","3M38_sys_sac_pos","posi","3M38","3","sys_sac","L-Glutamine","C5H10N2O3",14.493,148.073563,13918091
"Serum","0100 and 0200 STD Compound List and Valine positive.csv","3M38_sys_sac_pos","posi","3M38","3","sys_sac","L-Isoleucine","C6H13NO2",10.493,133.105255,3809731.25
"Serum","0100 and 0200 STD Compound List and Valine positive.csv","3M38_sys_sac_pos","posi","3M38","3","sys_sac","L-Leucine","C6H13NO2",9.95,133.10022,6836518.5
"Serum","0100 and 0200 STD Compound List and Valine positive.csv","3M38_sys_sac_pos","posi","3M38","3","sys_sac","L-Proline","C5H9NO2",12.675,117.074074,16400775
"Serum","0100 and 0200 STD Compound List and Valine positive.csv","3M38_sys_sac_pos","posi","3M38","3","sys_sac","Valine-C13N15","C5H11NO2",11.912,124.099861,680479.44
"Serum","0100 and 0200 STD Compound List and Valine positive.csv","3M39_pv_pos","posi","3M39","3","pv","D-Tryptophan","C11H12N2O2",9.524,206.101288,1292266.12
"Serum","0100 and 0200 STD Compound List and Valine positive.csv","3M39_pv_pos","posi","3M39","3","pv","L-Glutamine","C5H10N2O3",14.493,148.073563,2736739.75
"Serum","0100 and 0200 STD Compound List and Valine positive.csv","3M39_pv_pos","posi","3M39","3","pv","L-Isoleucine","C6H13NO2",10.493,133.105255,2619441
"Serum","0100 and 0200 STD Compound List and Valine positive.csv","3M39_pv_pos","posi","3M39","3","pv","L-Leucine","C6H13NO2",9.95,133.10022,3912811.75
"Serum","0100 and 0200 STD Compound List and Valine positive.csv","3M39_pv_pos","posi","3M39","3","pv","L-Proline","C5H9NO2",12.675,117.074074,13466139
"Serum","0100 and 0200 STD Compound List and Valine positive.csv","3M39_pv_pos","posi","3M39","3","pv","Valine-C13N15","C5H11NO2",11.912,124.099861,676401.06
"Serum","0100 and 0200 STD Compound List and Valine positive.csv","3M39_sys_sac_pos","posi","3M39","3","sys_sac","D-Tryptophan","C11H12N2O2",9.524,206.101288,1070667.5
"Serum","0100 and 0200 STD Compound List and Valine positive.csv","3M39_sys_sac_pos","posi","3M39","3","sys_sac","L-Glutamine","C5H10N2O3",14.493,148.073563,11417723
"Serum","0100 and 0200 STD Compound List and Valine positive.csv","3M39_sys_sac_pos","posi","3M39","3","sys_sac","L-Isoleucine","C6H13NO2",10.493,133.105255,1659039.62
"Serum","0100 and 0200 STD Compound List and Valine positive.csv","3M39_sys_sac_pos","posi","3M39","3","sys_sac","L-Leucine","C6H13NO2",9.95,133.10022,3127764
"Serum","0100 and 0200 STD Compound List and Valine positive.csv","3M39_sys_sac_pos","posi","3M39","3","sys_sac","L-Proline","C5H9NO2",12.675,117.074074,4190373
"Serum","0100 and 0200 STD Compound List and Valine positive.csv","3M39_sys_sac_pos","posi","3M39","3","sys_sac","Valine-C13N15","C5H11NO2",11.912,124.099861,706898.81
"Serum","0100 and 0200 STD Compound List and Valine positive.csv","3M40_pv_pos","posi","3M40","3","pv","D-Tryptophan","C11H12N2O2",9.524,206.101288,1822243
"Serum","0100 and 0200 STD Compound List and Valine positive.csv","3M40_pv_pos","posi","3M40","3","pv","L-Glutamine","C5H10N2O3",14.493,148.073563,6903398.5
"Serum","0100 and 0200 STD Compound List and Valine positive.csv","3M40_pv_pos","posi","3M40","3","pv","L-Isoleucine","C6H13NO2",10.493,133.105255,5664305.5
"Serum","0100 and 0200 STD Compound List and Valine positive.csv","3M40_pv_pos","posi","3M40","3","pv","L-Leucine","C6H13NO2",9.95,133.10022,9374109
"Serum","0100 and 0200 STD Compound List and Valine positive.csv","3M40_pv_pos","posi","3M40","3","pv","L-Proline","C5H9NO2",12.675,117.074074,22792208
"Serum","0100 and 0200 STD Compound List and Valine positive.csv","3M40_pv_pos","posi","3M40","3","pv","Valine-C13N15","C5H11NO2",11.912,124.099861,776646.31
"Serum","0100 and 0200 STD Compound List and Valine positive.csv","3M40_sys_sac_pos","posi","3M40","3","sys_sac","D-Tryptophan","C11H12N2O2",9.524,206.101288,801678.44
"Serum","0100 and 0200 STD Compound List and Valine positive.csv","3M40_sys_sac_pos","posi","3M40","3","sys_sac","L-Glutamine","C5H10N2O3",14.493,148.073563,8170449.5
"Serum","0100 and 0200 STD Compound List and Valine positive.csv","3M40_sys_sac_pos","posi","3M40","3","sys_sac","L-Isoleucine","C6H13NO2",10.493,133.105255,1435116.62
"Serum","0100 and 0200 STD Compound List and Valine positive.csv","3M40_sys_sac_pos","posi","3M40","3","sys_sac","L-Leucine","C6H13NO2",9.95,133.10022,3070926.25
"Serum","0100 and 0200 STD Compound List and Valine positive.csv","3M40_sys_sac_pos","posi","3M40","3","sys_sac","L-Proline","C5H9NO2",12.675,117.074074,7198658.5
"Serum","0100 and 0200 STD Compound List and Valine positive.csv","3M40_sys_sac_pos","posi","3M40","3","sys_sac","Valine-C13N15","C5H11NO2",11.912,124.099861,640392.69
"Serum","0100 and 0200 STD Compound List and Valine positive.csv","3M4_pv_pos","posi","3M4","3","pv","D-Tryptophan","C11H12N2O2",9.524,206.101288,686962.19
"Serum","0100 and 0200 STD Compound List and Valine positive.csv","3M4_pv_pos","posi","3M4","3","pv","L-Glutamine","C5H10N2O3",14.493,148.073563,4667155.5
"Serum","0100 and 0200 STD Compound List and Valine positive.csv","3M4_pv_pos","posi","3M4","3","pv","L-Isoleucine","C6H13NO2",10.493,133.105255,1290281.38
"Serum","0100 and 0200 STD Compound List and Valine positive.csv","3M4_pv_pos","posi","3M4","3","pv","L-Leucine","C6H13NO2",9.95,133.10022,1961022
"Serum","0100 and 0200 STD Compound List and Valine positive.csv","3M4_pv_pos","posi","3M4","3","pv","L-Proline","C5H9NO2",12.675,117.074074,7196732.5
"Serum","0100 and 0200 STD Compound List and Valine positive.csv","3M4_pv_pos","posi","3M4","3","pv","Valine-C13N15","C5H11NO2",11.912,124.099861,706208.44
"Serum","0100 and 0200 STD Compound List and Valine positive.csv","3M4_sys_sac_pos","posi","3M4","3","sys_sac","D-Tryptophan","C11H12N2O2",9.524,206.101288,3162547.25
"Serum","0100 and 0200 STD Compound List and Valine positive.csv","3M4_sys_sac_pos","posi","3M4","3","sys_sac","L-Glutamine","C5H10N2O3",14.493,148.073563,10753051
"Serum","0100 and 0200 STD Compound List and Valine positive.csv","3M4_sys_sac_pos","posi","3M4","3","sys_sac","L-Isoleucine","C6H13NO2",10.493,133.105255,2069029.38
"Serum","0100 and 0200 STD Compound List and Valine positive.csv","3M4_sys_sac_pos","posi","3M4","3","sys_sac","L-Leucine","C6H13NO2",9.95,133.10022,3654830
"Serum","0100 and 0200 STD Compound List and Valine positive.csv","3M4_sys_sac_pos","posi","3M4","3","sys_sac","L-Proline","C5H9NO2",12.675,117.074074,9797042
"Serum","0100 and 0200 STD Compound List and Valine positive.csv","3M4_sys_sac_pos","posi","3M4","3","sys_sac","Valine-C13N15","C5H11NO2",11.912,124.099861,617554.56
"Serum","0100 and 0200 STD Compound List and Valine positive.csv","3M6_pv_pos","posi","3M6","3","pv","D-Tryptophan","C11H12N2O2",9.524,206.101288,1200248.62
"Serum","0100 and 0200 STD Compound List and Valine positive.csv","3M6_pv_pos","posi","3M6","3","pv","L-Glutamine","C5H10N2O3",14.493,148.073563,7543050.5
"Serum","0100 and 0200 STD Compound List and Valine positive.csv","3M6_pv_pos","posi","3M6","3","pv","L-Isoleucine","C6H13NO2",10.493,133.105255,1690036.62
"Serum","0100 and 0200 STD Compound List and Valine positive.csv","3M6_pv_pos","posi","3M6","3","pv","L-Leucine","C6H13NO2",9.95,133.10022,2688025
"Serum","0100 and 0200 STD Compound List and Valine positive.csv","3M6_pv_pos","posi","3M6","3","pv","L-Proline","C5H9NO2",12.675,117.074074,8462401
"Serum","0100 and 0200 STD Compound List and Valine positive.csv","3M6_pv_pos","posi","3M6","3","pv","Valine-C13N15","C5H11NO2",11.912,124.099861,605110.81
"Serum","0100 and 0200 STD Compound List and Valine positive.csv","3M6_sys_sac_pos","posi","3M6","3","sys_sac","D-Tryptophan","C11H12N2O2",9.524,206.101288,1739090.62
"Serum","0100 and 0200 STD Compound List and Valine positive.csv","3M6_sys_sac_pos","posi","3M6","3","sys_sac","L-Glutamine","C5H10N2O3",14.493,148.073563,6610698.5
"Serum","0100 and 0200 STD Compound List and Valine positive.csv","3M6_sys_sac_pos","posi","3M6","3","sys_sac","L-Isoleucine","C6H13NO2",10.493,133.105255,1558842.38
"Serum","0100 and 0200 STD Compound List and Valine positive.csv","3M6_sys_sac_pos","posi","3M6","3","sys_sac","L-Leucine","C6H13NO2",9.95,133.10022,2536601
"Serum","0100 and 0200 STD Compound List and Valine positive.csv","3M6_sys_sac_pos","posi","3M6","3","sys_sac","L-Proline","C5H9NO2",12.675,117.074074,5445051.5
"Serum","0100 and 0200 STD Compound List and Valine positive.csv","3M6_sys_sac_pos","posi","3M6","3","sys_sac","Valine-C13N15","C5H11NO2",11.912,124.099861,624920.31
"Serum","0100 and 0200 STD Compound List and Valine positive.csv","3M7_pv_pos","posi","3M7","3","pv","D-Tryptophan","C11H12N2O2",9.524,206.101288,1515478.62
"Serum","0100 and 0200 STD Compound List and Valine positive.csv","3M7_pv_pos","posi","3M7","3","pv","L-Glutamine","C5H10N2O3",14.493,148.073563,10596255
"Serum","0100 and 0200 STD Compound List and Valine positive.csv","3M7_pv_pos","posi","3M7","3","pv","L-Isoleucine","C6H13NO2",10.493,133.105255,3233062.75
"Serum","0100 and 0200 STD Compound List and Valine positive.csv","3M7_pv_pos","posi","3M7","3","pv","L-Leucine","C6H13NO2",9.95,133.10022,5442088
"Serum","0100 and 0200 STD Compound List and Valine positive.csv","3M7_pv_pos","posi","3M7","3","pv","L-Proline","C5H9NO2",12.675,117.074074,23730970
"Serum","0100 and 0200 STD Compound List and Valine positive.csv","3M7_pv_pos","posi","3M7","3","pv","Valine-C13N15","C5H11NO2",11.912,124.099861,737379.81
"Serum","0100 and 0200 STD Compound List and Valine positive.csv","3M7_sys_sac_pos","posi","3M7","3","sys_sac","D-Tryptophan","C11H12N2O2",9.524,206.101288,3018585.25
"Serum","0100 and 0200 STD Compound List and Valine positive.csv","3M7_sys_sac_pos","posi","3M7","3","sys_sac","L-Glutamine","C5H10N2O3",14.493,148.073563,11788333
"Serum","0100 and 0200 STD Compound List and Valine positive.csv","3M7_sys_sac_pos","posi","3M7","3","sys_sac","L-Isoleucine","C6H13NO2",10.493,133.105255,2750467.25
"Serum","0100 and 0200 STD Compound List and Valine positive.csv","3M7_sys_sac_pos","posi","3M7","3","sys_sac","L-Leucine","C6H13NO2",9.95,133.10022,5581076.5
"Serum","0100 and 0200 STD Compound List and Valine positive.csv","3M7_sys_sac_pos","posi","3M7","3","sys_sac","L-Proline","C5H9NO2",12.675,117.074074,14674261
"Serum","0100 and 0200 STD Compound List and Valine positive.csv","3M7_sys_sac_pos","posi","3M7","3","sys_sac","Valine-C13N15","C5H11NO2",11.912,124.099861,588263.69
"Serum","0100 and 0200 STD Compound List and Valine positive.csv","4M1_pv_pos","posi","4M1","4","pv","D-Tryptophan","C11H12N2O2",9.524,206.101288,1486802.88
"Serum","0100 and 0200 STD Compound List and Valine positive.csv","4M1_pv_pos","posi","4M1","4","pv","L-Glutamine","C5H10N2O3",14.493,148.073563,6589438.5
"Serum","0100 and 0200 STD Compound List and Valine positive.csv","4M1_pv_pos","posi","4M1","4","pv","L-Isoleucine","C6H13NO2",10.493,133.105255,3412036.75
"Serum","0100 and 0200 STD Compound List and Valine positive.csv","4M1_pv_pos","posi","4M1","4","pv","L-Leucine","C6H13NO2",9.95,133.10022,5455894
"Serum","0100 and 0200 STD Compound List and Valine positive.csv","4M1_pv_pos","posi","4M1","4","pv","L-Proline","C5H9NO2",12.675,117.074074,20297512
"Serum","0100 and 0200 STD Compound List and Valine positive.csv","4M1_pv_pos","posi","4M1","4","pv","Valine-C13N15","C5H11NO2",11.912,124.099861,699165.31
"Serum","0100 and 0200 STD Compound List and Valine positive.csv","4M2_pv_pos","posi","4M2","4","pv","D-Tryptophan","C11H12N2O2",9.524,206.101288,1410715
"Serum","0100 and 0200 STD Compound List and Valine positive.csv","4M2_pv_pos","posi","4M2","4","pv","L-Glutamine","C5H10N2O3",14.493,148.073563,5090355
"Serum","0100 and 0200 STD Compound List and Valine positive.csv","4M2_pv_pos","posi","4M2","4","pv","L-Isoleucine","C6H13NO2",10.493,133.105255,2959162.75
"Serum","0100 and 0200 STD Compound List and Valine positive.csv","4M2_pv_pos","posi","4M2","4","pv","L-Leucine","C6H13NO2",9.95,133.10022,4687879
"Serum","0100 and 0200 STD Compound List and Valine positive.csv","4M2_pv_pos","posi","4M2","4","pv","L-Proline","C5H9NO2",12.675,117.074074,16971958
"Serum","0100 and 0200 STD Compound List and Valine positive.csv","4M2_pv_pos","posi","4M2","4","pv","Valine-C13N15","C5H11NO2",11.912,124.099861,693454.5
"Serum","0100 and 0200 STD Compound List and Valine positive.csv","4M2_sys_sac_pos","posi","4M2","4","sys_sac","D-Tryptophan","C11H12N2O2",9.524,206.101288,2973198.75
"Serum","0100 and 0200 STD Compound List and Valine positive.csv","4M2_sys_sac_pos","posi","4M2","4","sys_sac","L-Glutamine","C5H10N2O3",14.493,148.073563,10606644
"Serum","0100 and 0200 STD Compound List and Valine positive.csv","4M2_sys_sac_pos","posi","4M2","4","sys_sac","L-Isoleucine","C6H13NO2",10.493,133.105255,1773381.62
"Serum","0100 and 0200 STD Compound List and Valine positive.csv","4M2_sys_sac_pos","posi","4M2","4","sys_sac","L-Leucine","C6H13NO2",9.95,133.10022,3438714.75
"Serum","0100 and 0200 STD Compound List and Valine positive.csv","4M2_sys_sac_pos","posi","4M2","4","sys_sac","L-Proline","C5H9NO2",12.675,117.074074,10422499
"Serum","0100 and 0200 STD Compound List and Valine positive.csv","4M2_sys_sac_pos","posi","4M2","4","sys_sac","Valine-C13N15","C5H11NO2",11.912,124.099861,550254.56
"Serum","0100 and 0200 STD Compound List and Valine positive.csv","4M3_pv_pos","posi","4M3","4","pv","D-Tryptophan","C11H12N2O2",9.524,206.101288,2116876.75
"Serum","0100 and 0200 STD Compound List and Valine positive.csv","4M3_pv_pos","posi","4M3","4","pv","L-Glutamine","C5H10N2O3",14.493,148.073563,6572866.5
"Serum","0100 and 0200 STD Compound List and Valine positive.csv","4M3_pv_pos","posi","4M3","4","pv","L-Isoleucine","C6H13NO2",10.493,133.105255,3357736.25
"Serum","0100 and 0200 STD Compound List and Valine positive.csv","4M3_pv_pos","posi","4M3","4","pv","L-Leucine","C6H13NO2",9.95,133.10022,5244858
"Serum","0100 and 0200 STD Compound List and Valine positive.csv","4M3_pv_pos","posi","4M3","4","pv","L-Proline","C5H9NO2",12.675,117.074074,20534840
"Serum","0100 and 0200 STD Compound List and Valine positive.csv","4M3_pv_pos","posi","4M3","4","pv","Valine-C13N15","C5H11NO2",11.912,124.099861,689846.31
"Serum","0100 and 0200 STD Compound List and Valine positive.csv","4M3_sys_sac_pos","posi","4M3","4","sys_sac","D-Tryptophan","C11H12N2O2",9.524,206.101288,3242201.25
"Serum","0100 and 0200 STD Compound List and Valine positive.csv","4M3_sys_sac_pos","posi","4M3","4","sys_sac","L-Glutamine","C5H10N2O3",14.493,148.073563,10597635
"Serum","0100 and 0200 STD Compound List and Valine positive.csv","4M3_sys_sac_pos","posi","4M3","4","sys_sac","L-Isoleucine","C6H13NO2",10.493,133.105255,2341802.25
"Serum","0100 and 0200 STD Compound List and Valine positive.csv","4M3_sys_sac_pos","posi","4M3","4","sys_sac","L-Leucine","C6H13NO2",9.95,133.10022,4331068
"Serum","0100 and 0200 STD Compound List and Valine positive.csv","4M3_sys_sac_pos","posi","4M3","4","sys_sac","L-Proline","C5H9NO2",12.675,117.074074,13115997
"Serum","0100 and 0200 STD Compound List and Valine positive.csv","4M3_sys_sac_pos","posi","4M3","4","sys_sac","Valine-C13N15","C5H11NO2",11.912,124.099861,583584.06
"Serum","0100 and 0200 STD Compound List and Valine positive.csv","4M4_pv_pos","posi","4M4","4","pv","D-Tryptophan","C11H12N2O2",9.524,206.101288,1817894
"Serum","0100 and 0200 STD Compound List and Valine positive.csv","4M4_pv_pos","posi","4M4","4","pv","L-Glutamine","C5H10N2O3",14.493,148.073563,6417553.5
"Serum","0100 and 0200 STD Compound List and Valine positive.csv","4M4_pv_pos","posi","4M4","4","pv","L-Isoleucine","C6H13NO2",10.493,133.105255,2188752.5
"Serum","0100 and 0200 STD Compound List and Valine positive.csv","4M4_pv_pos","posi","4M4","4","pv","L-Leucine","C6H13NO2",9.95,133.10022,3395136.75
"Serum","0100 and 0200 STD Compound List and Valine positive.csv","4M4_pv_pos","posi","4M4","4","pv","L-Proline","C5H9NO2",12.675,117.074074,15652609
"Serum","0100 and 0200 STD Compound List and Valine positive.csv","4M4_pv_pos","posi","4M4","4","pv","Valine-C13N15","C5H11NO2",11.912,124.099861,630032
"Serum","0100 and 0200 STD Compound List and Valine positive.csv","4M5_pv_pos","posi","4M5","4","pv","D-Tryptophan","C11H12N2O2",9.524,206.101288,2022211.38
"Serum","0100 and 0200 STD Compound List and Valine positive.csv","4M5_pv_pos","posi","4M5","4","pv","L-Glutamine","C5H10N2O3",14.493,148.073563,7751782.5
"Serum","0100 and 0200 STD Compound List and Valine positive.csv","4M5_pv_pos","posi","4M5","4","pv","L-Isoleucine","C6H13NO2",10.493,133.105255,3104902
"Serum","0100 and 0200 STD Compound List and Valine positive.csv","4M5_pv_pos","posi","4M5","4","pv","L-Leucine","C6H13NO2",9.95,133.10022,4439048.5
"Serum","0100 and 0200 STD Compound List and Valine positive.csv","4M5_pv_pos","posi","4M5","4","pv","L-Proline","C5H9NO2",12.675,117.074074,20943052
"Serum","0100 and 0200 STD Compound List and Valine positive.csv","4M5_pv_pos","posi","4M5","4","pv","Valine-C13N15","C5H11NO2",11.912,124.099861,676572.44
"Serum","0100 and 0200 STD Compound List and Valine positive.csv","4M5_sys_sac_pos","posi","4M5","4","sys_sac","D-Tryptophan","C11H12N2O2",9.524,206.101288,1875412.62
"Serum","0100 and 0200 STD Compound List and Valine positive.csv","4M5_sys_sac_pos","posi","4M5","4","sys_sac","L-Glutamine","C5H10N2O3",14.493,148.073563,6856941.5
"Serum","0100 and 0200 STD Compound List and Valine positive.csv","4M5_sys_sac_pos","posi","4M5","4","sys_sac","L-Isoleucine","C6H13NO2",10.493,133.105255,1944561
"Serum","0100 and 0200 STD Compound List and Valine positive.csv","4M5_sys_sac_pos","posi","4M5","4","sys_sac","L-Leucine","C6H13NO2",9.95,133.10022,3083259.25
"Serum","0100 and 0200 STD Compound List and Valine positive.csv","4M5_sys_sac_pos","posi","4M5","4","sys_sac","L-Proline","C5H9NO2",12.675,117.074074,9390188
"Serum","0100 and 0200 STD Compound List and Valine positive.csv","4M5_sys_sac_pos","posi","4M5","4","sys_sac","Valine-C13N15","C5H11NO2",11.912,124.099861,669072.38
"Serum","0100 and 0200 STD Compound List and Valine positive.csv","5M10_pv_pos","posi","5M10","5","pv","D-Tryptophan","C11H12N2O2",9.524,206.101288,1784128
"Serum","0100 and 0200 STD Compound List and Valine positive.csv","5M10_pv_pos","posi","5M10","5","pv","L-Glutamine","C5H10N2O3",14.493,148.073563,12861363
"Serum","0100 and 0200 STD Compound List and Valine positive.csv","5M10_pv_pos","posi","5M10","5","pv","L-Isoleucine","C6H13NO2",10.493,133.105255,2808468.75
"Serum","0100 and 0200 STD Compound List and Valine positive.csv","5M10_pv_pos","posi","5M10","5","pv","L-Leucine","C6H13NO2",9.95,133.10022,4231155.5
"Serum","0100 and 0200 STD Compound List and Valine positive.csv","5M10_pv_pos","posi","5M10","5","pv","L-Proline","C5H9NO2",12.675,117.074074,15480395
"Serum","0100 and 0200 STD Compound List and Valine positive.csv","5M10_pv_pos","posi","5M10","5","pv","Valine-C13N15","C5H11NO2",11.912,124.099861,673414.5
"Serum","0100 and 0200 STD Compound List and Valine positive.csv","5M1_pv_pos","posi","5M1","5","pv","D-Tryptophan","C11H12N2O2",9.524,206.101288,3485421.75
"Serum","0100 and 0200 STD Compound List and Valine positive.csv","5M1_pv_pos","posi","5M1","5","pv","L-Glutamine","C5H10N2O3",14.493,148.073563,11876227
"Serum","0100 and 0200 STD Compound List and Valine positive.csv","5M1_pv_pos","posi","5M1","5","pv","L-Isoleucine","C6H13NO2",10.493,133.105255,7119834
"Serum","0100 and 0200 STD Compound List and Valine positive.csv","5M1_pv_pos","posi","5M1","5","pv","L-Leucine","C6H13NO2",9.95,133.10022,12431173
"Serum","0100 and 0200 STD Compound List and Valine positive.csv","5M1_pv_pos","posi","5M1","5","pv","L-Proline","C5H9NO2",12.675,117.074074,43430644
"Serum","0100 and 0200 STD Compound List and Valine positive.csv","5M1_pv_pos","posi","5M1","5","pv","Valine-C13N15","C5H11NO2",11.912,124.099861,889341
"Serum","0100 and 0200 STD Compound List and Valine positive.csv","5M2_pv_pos","posi","5M2","5","pv","D-Tryptophan","C11H12N2O2",9.524,206.101288,1152887.38
"Serum","0100 and 0200 STD Compound List and Valine positive.csv","5M2_pv_pos","posi","5M2","5","pv","L-Glutamine","C5H10N2O3",14.493,148.073563,6515074
"Serum","0100 and 0200 STD Compound List and Valine positive.csv","5M2_pv_pos","posi","5M2","5","pv","L-Isoleucine","C6H13NO2",10.493,133.105255,3161635.75
"Serum","0100 and 0200 STD Compound List and Valine positive.csv","5M2_pv_pos","posi","5M2","5","pv","L-Leucine","C6H13NO2",9.95,133.10022,4904831.5
"Serum","0100 and 0200 STD Compound List and Valine positive.csv","5M2_pv_pos","posi","5M2","5","pv","L-Proline","C5H9NO2",12.675,117.074074,25068800
"Serum","0100 and 0200 STD Compound List and Valine positive.csv","5M2_pv_pos","posi","5M2","5","pv","Valine-C13N15","C5H11NO2",11.912,124.099861,675906.31
"Serum","0100 and 0200 STD Compound List and Valine positive.csv","5M2_sys_sac_pos","posi","5M2","5","sys_sac","D-Tryptophan","C11H12N2O2",9.524,206.101288,2595073.75
"Serum","0100 and 0200 STD Compound List and Valine positive.csv","5M2_sys_sac_pos","posi","5M2","5","sys_sac","L-Glutamine","C5H10N2O3",14.493,148.073563,9486761
"Serum","0100 and 0200 STD Compound List and Valine positive.csv","5M2_sys_sac_pos","posi","5M2","5","sys_sac","L-Isoleucine","C6H13NO2",10.493,133.105255,1708491
"Serum","0100 and 0200 STD Compound List and Valine positive.csv","5M2_sys_sac_pos","posi","5M2","5","sys_sac","L-Leucine","C6H13NO2",9.95,133.10022,3151038.75
"Serum","0100 and 0200 STD Compound List and Valine positive.csv","5M2_sys_sac_pos","posi","5M2","5","sys_sac","L-Proline","C5H9NO2",12.675,117.074074,8858883
"Serum","0100 and 0200 STD Compound List and Valine positive.csv","5M2_sys_sac_pos","posi","5M2","5","sys_sac","Valine-C13N15","C5H11NO2",11.912,124.099861,584323.44
"Serum","0100 and 0200 STD Compound List and Valine positive.csv","5M3_pv_pos","posi","5M3","5","pv","D-Tryptophan","C11H12N2O2",9.524,206.101288,1442779.5
"Serum","0100 and 0200 STD Compound List and Valine positive.csv","5M3_pv_pos","posi","5M3","5","pv","L-Glutamine","C5H10N2O3",14.493,148.073563,6029298.5
"Serum","0100 and 0200 STD Compound List and Valine positive.csv","5M3_pv_pos","posi","5M3","5","pv","L-Isoleucine","C6H13NO2",10.493,133.105255,4895909.5
"Serum","0100 and 0200 STD Compound List and Valine positive.csv","5M3_pv_pos","posi","5M3","5","pv","L-Leucine","C6H13NO2",9.95,133.10022,8296376
"Serum","0100 and 0200 STD Compound List and Valine positive.csv","5M3_pv_pos","posi","5M3","5","pv","L-Proline","C5H9NO2",12.675,117.074074,30149558
"Serum","0100 and 0200 STD Compound List and Valine positive.csv","5M3_pv_pos","posi","5M3","5","pv","Valine-C13N15","C5H11NO2",11.912,124.099861,924321.5
"Serum","0100 and 0200 STD Compound List and Valine positive.csv","5M3_sys_sac_pos","posi","5M3","5","sys_sac","D-Tryptophan","C11H12N2O2",9.524,206.101288,3792169
"Serum","0100 and 0200 STD Compound List and Valine positive.csv","5M3_sys_sac_pos","posi","5M3","5","sys_sac","L-Glutamine","C5H10N2O3",14.493,148.073563,10762756
"Serum","0100 and 0200 STD Compound List and Valine positive.csv","5M3_sys_sac_pos","posi","5M3","5","sys_sac","L-Isoleucine","C6H13NO2",10.493,133.105255,3314119.75
"Serum","0100 and 0200 STD Compound List and Valine positive.csv","5M3_sys_sac_pos","posi","5M3","5","sys_sac","L-Leucine","C6H13NO2",9.95,133.10022,5837630
"Serum","0100 and 0200 STD Compound List and Valine positive.csv","5M3_sys_sac_pos","posi","5M3","5","sys_sac","L-Proline","C5H9NO2",12.675,117.074074,15687000
"Serum","0100 and 0200 STD Compound List and Valine positive.csv","5M3_sys_sac_pos","posi","5M3","5","sys_sac","Valine-C13N15","C5H11NO2",11.912,124.099861,668704.81
"Serum","0100 and 0200 STD Compound List and Valine positive.csv","5M4_pv_pos","posi","5M4","5","pv","D-Tryptophan","C11H12N2O2",9.524,206.101288,1469120
"Serum","0100 and 0200 STD Compound List and Valine positive.csv","5M4_pv_pos","posi","5M4","5","pv","L-Glutamine","C5H10N2O3",14.493,148.073563,5842300.5
"Serum","0100 and 0200 STD Compound List and Valine positive.csv","5M4_pv_pos","posi","5M4","5","pv","L-Isoleucine","C6H13NO2",10.493,133.105255,3490928.75
"Serum","0100 and 0200 STD Compound List and Valine positive.csv","5M4_pv_pos","posi","5M4","5","pv","L-Leucine","C6H13NO2",9.95,133.10022,5161634
"Serum","0100 and 0200 STD Compound List and Valine positive.csv","5M4_pv_pos","posi","5M4","5","pv","L-Proline","C5H9NO2",12.675,117.074074,12958593
"Serum","0100 and 0200 STD Compound List and Valine positive.csv","5M4_pv_pos","posi","5M4","5","pv","Valine-C13N15","C5H11NO2",11.912,124.099861,621668.75
"Serum","0100 and 0200 STD Compound List and Valine positive.csv","5M4_sys_sac_pos","posi","5M4","5","sys_sac","D-Tryptophan","C11H12N2O2",9.524,206.101288,3663803.75
"Serum","0100 and 0200 STD Compound List and Valine positive.csv","5M4_sys_sac_pos","posi","5M4","5","sys_sac","L-Glutamine","C5H10N2O3",14.493,148.073563,17417064
"Serum","0100 and 0200 STD Compound List and Valine positive.csv","5M4_sys_sac_pos","posi","5M4","5","sys_sac","L-Isoleucine","C6H13NO2",10.493,133.105255,2536538
"Serum","0100 and 0200 STD Compound List and Valine positive.csv","5M4_sys_sac_pos","posi","5M4","5","sys_sac","L-Leucine","C6H13NO2",9.95,133.10022,3823785.75
"Serum","0100 and 0200 STD Compound List and Valine positive.csv","5M4_sys_sac_pos","posi","5M4","5","sys_sac","L-Proline","C5H9NO2",12.675,117.074074,10160378
"Serum","0100 and 0200 STD Compound List and Valine positive.csv","5M4_sys_sac_pos","posi","5M4","5","sys_sac","Valine-C13N15","C5H11NO2",11.912,124.099861,755861.94
"Serum","0100 and 0200 STD Compound List and Valine positive.csv","5M6_pv_pos","posi","5M6","5","pv","D-Tryptophan","C11H12N2O2",9.524,206.101288,1564526.62
"Serum","0100 and 0200 STD Compound List and Valine positive.csv","5M6_pv_pos","posi","5M6","5","pv","L-Glutamine","C5H10N2O3",14.493,148.073563,9118129
"Serum","0100 and 0200 STD Compound List and Valine positive.csv","5M6_pv_pos","posi","5M6","5","pv","L-Isoleucine","C6H13NO2",10.493,133.105255,3610222
"Serum","0100 and 0200 STD Compound List and Valine positive.csv","5M6_pv_pos","posi","5M6","5","pv","L-Leucine","C6H13NO2",9.95,133.10022,5782868
"Serum","0100 and 0200 STD Compound List and Valine positive.csv","5M6_pv_pos","posi","5M6","5","pv","L-Proline","C5H9NO2",12.675,117.074074,21139312
"Serum","0100 and 0200 STD Compound List and Valine positive.csv","5M6_pv_pos","posi","5M6","5","pv","Valine-C13N15","C5H11NO2",11.912,124.099861,742114.5
"Serum","0100 and 0200 STD Compound List and Valine positive.csv","5M6_sys_sac_pos","posi","5M6","5","sys_sac","D-Tryptophan","C11H12N2O2",9.524,206.101288,1459513.88
"Serum","0100 and 0200 STD Compound List and Valine positive.csv","5M6_sys_sac_pos","posi","5M6","5","sys_sac","L-Glutamine","C5H10N2O3",14.493,148.073563,11865017
"Serum","0100 and 0200 STD Compound List and Valine positive.csv","5M6_sys_sac_pos","posi","5M6","5","sys_sac","L-Isoleucine","C6H13NO2",10.493,133.105255,2422498.75
"Serum","0100 and 0200 STD Compound List and Valine positive.csv","5M6_sys_sac_pos","posi","5M6","5","sys_sac","L-Leucine","C6H13NO2",9.95,133.10022,4108118.75
"Serum","0100 and 0200 STD Compound List and Valine positive.csv","5M6_sys_sac_pos","posi","5M6","5","sys_sac","L-Proline","C5H9NO2",12.675,117.074074,9058898
"Serum","0100 and 0200 STD Compound List and Valine positive.csv","5M6_sys_sac_pos","posi","5M6","5","sys_sac","Valine-C13N15","C5H11NO2",11.912,124.099861,643931.31
"Serum","0100 and 0200 STD Compound List and Valine positive.csv","5M7_pv_pos","posi","5M7","5","pv","D-Tryptophan","C11H12N2O2",9.524,206.101288,1086480.38
"Serum","0100 and 0200 STD Compound List and Valine positive.csv","5M7_pv_pos","posi","5M7","5","pv","L-Glutamine","C5H10N2O3",14.493,148.073563,5671053.5
"Serum","0100 and 0200 STD Compound List and Valine positive.csv","5M7_pv_pos","posi","5M7","5","pv","L-Isoleucine","C6H13NO2",10.493,133.105255,2810389.25
"Serum","0100 and 0200 STD Compound List and Valine positive.csv","5M7_pv_pos","posi","5M7","5","pv","L-Leucine","C6H13NO2",9.95,133.10022,4295134.5
"Serum","0100 and 0200 STD Compound List and Valine positive.csv","5M7_pv_pos","posi","5M7","5","pv","L-Proline","C5H9NO2",12.675,117.074074,16314461
"Serum","0100 and 0200 STD Compound List and Valine positive.csv","5M7_pv_pos","posi","5M7","5","pv","Valine-C13N15","C5H11NO2",11.912,124.099861,646970.19
"Serum","0100 and 0200 STD Compound List and Valine positive.csv","5M7_sys_sac_pos","posi","5M7","5","sys_sac","D-Tryptophan","C11H12N2O2",9.524,206.101288,1437025.12
"Serum","0100 and 0200 STD Compound List and Valine positive.csv","5M7_sys_sac_pos","posi","5M7","5","sys_sac","L-Glutamine","C5H10N2O3",14.493,148.073563,10291767
"Serum","0100 and 0200 STD Compound List and Valine positive.csv","5M7_sys_sac_pos","posi","5M7","5","sys_sac","L-Isoleucine","C6H13NO2",10.493,133.105255,2434081
"Serum","0100 and 0200 STD Compound List and Valine positive.csv","5M7_sys_sac_pos","posi","5M7","5","sys_sac","L-Leucine","C6H13NO2",9.95,133.10022,3999427.25
"Serum","0100 and 0200 STD Compound List and Valine positive.csv","5M7_sys_sac_pos","posi","5M7","5","sys_sac","L-Proline","C5H9NO2",12.675,117.074074,8956672
"Serum","0100 and 0200 STD Compound List and Valine positive.csv","5M7_sys_sac_pos","posi","5M7","5","sys_sac","Valine-C13N15","C5H11NO2",11.912,124.099861,604462.56
"Serum","0100 and 0200 STD Compound List and Valine positive.csv","5M8_pv_pos","posi","5M8","5","pv","D-Tryptophan","C11H12N2O2",9.524,206.101288,1463234.88
"Serum","0100 and 0200 STD Compound List and Valine positive.csv","5M8_pv_pos","posi","5M8","5","pv","L-Glutamine","C5H10N2O3",14.493,148.073563,5077826
"Serum","0100 and 0200 STD Compound List and Valine positive.csv","5M8_pv_pos","posi","5M8","5","pv","L-Isoleucine","C6H13NO2",10.493,133.105255,2731771.25
"Serum","0100 and 0200 STD Compound List and Valine positive.csv","5M8_pv_pos","posi","5M8","5","pv","L-Leucine","C6H13NO2",9.95,133.10022,2966487.75
"Serum","0100 and 0200 STD Compound List and Valine positive.csv","5M8_pv_pos","posi","5M8","5","pv","L-Proline","C5H9NO2",12.675,117.074074,17634438
"Serum","0100 and 0200 STD Compound List and Valine positive.csv","5M8_pv_pos","posi","5M8","5","pv","Valine-C13N15","C5H11NO2",11.912,124.099861,651859.69
"Serum","0100 and 0200 STD Compound List and Valine positive.csv","5M8_sys_sac_pos","posi","5M8","5","sys_sac","D-Tryptophan","C11H12N2O2",9.524,206.101288,1923027.62
"Serum","0100 and 0200 STD Compound List and Valine positive.csv","5M8_sys_sac_pos","posi","5M8","5","sys_sac","L-Glutamine","C5H10N2O3",14.493,148.073563,12839429
"Serum","0100 and 0200 STD Compound List and Valine positive.csv","5M8_sys_sac_pos","posi","5M8","5","sys_sac","L-Isoleucine","C6H13NO2",10.493,133.105255,2389098.25
"Serum","0100 and 0200 STD Compound List and Valine positive.csv","5M8_sys_sac_pos","posi","5M8","5","sys_sac","L-Leucine","C6H13NO2",9.95,133.10022,3945616
"Serum","0100 and 0200 STD Compound List and Valine positive.csv","5M8_sys_sac_pos","posi","5M8","5","sys_sac","L-Proline","C5H9NO2",12.675,117.074074,11047196
"Serum","0100 and 0200 STD Compound List and Valine positive.csv","5M8_sys_sac_pos","posi","5M8","5","sys_sac","Valine-C13N15","C5H11NO2",11.912,124.099861,665614.19
"Serum","0100 and 0200 STD Compound List and Valine positive.csv","5M9_pv_pos","posi","5M9","5","pv","D-Tryptophan","C11H12N2O2",9.524,206.101288,1282474
"Serum","0100 and 0200 STD Compound List and Valine positive.csv","5M9_pv_pos","posi","5M9","5","pv","L-Glutamine","C5H10N2O3",14.493,148.073563,7049726.5
"Serum","0100 and 0200 STD Compound List and Valine positive.csv","5M9_pv_pos","posi","5M9","5","pv","L-Isoleucine","C6H13NO2",10.493,133.105255,2363859.25
"Serum","0100 and 0200 STD Compound List and Valine positive.csv","5M9_pv_pos","posi","5M9","5","pv","L-Leucine","C6H13NO2",9.95,133.10022,3481726.75
"Serum","0100 and 0200 STD Compound List and Valine positive.csv","5M9_pv_pos","posi","5M9","5","pv","L-Proline","C5H9NO2",12.675,117.074074,11115617
"Serum","0100 and 0200 STD Compound List and Valine positive.csv","5M9_pv_pos","posi","5M9","5","pv","Valine-C13N15","C5H11NO2",11.912,124.099861,674766.81
"Serum","0100 and 0200 STD Compound List and Valine positive.csv","5M9_sys_sac_pos","posi","5M9","5","sys_sac","D-Tryptophan","C11H12N2O2",9.524,206.101288,618928.12
"Serum","0100 and 0200 STD Compound List and Valine positive.csv","5M9_sys_sac_pos","posi","5M9","5","sys_sac","L-Glutamine","C5H10N2O3",14.493,148.073563,6109676
"Serum","0100 and 0200 STD Compound List and Valine positive.csv","5M9_sys_sac_pos","posi","5M9","5","sys_sac","L-Isoleucine","C6H13NO2",10.493,133.105255,2181006.75
"Serum","0100 and 0200 STD Compound List and Valine positive.csv","5M9_sys_sac_pos","posi","5M9","5","sys_sac","L-Leucine","C6H13NO2",9.95,133.10022,3685589
"Serum","0100 and 0200 STD Compound List and Valine positive.csv","5M9_sys_sac_pos","posi","5M9","5","sys_sac","L-Proline","C5H9NO2",12.675,117.074074,9634565
"Serum","0100 and 0200 STD Compound List and Valine positive.csv","5M9_sys_sac_pos","posi","5M9","5","sys_sac","Valine-C13N15","C5H11NO2",11.912,124.099861,744926.5
"Serum","0100 and 0200 STD Compound List negative.csv","1M10_pv_neg","nega","1M10","1","pv","3-Hydroxybutyric acid","C4H8O3",8.624,103.040039,615874.69
"Serum","0100 and 0200 STD Compound List negative.csv","1M10_pv_neg","nega","1M10","1","pv","Arachidonic acid","C20H32O2",2.1925,305.741516,89175712
"Serum","0100 and 0200 STD Compound List negative.csv","1M10_pv_neg","nega","1M10","1","pv","Citric acid","C6H8O7",15.183,191.01976,75247.05
"Serum","0100 and 0200 STD Compound List negative.csv","1M10_pv_neg","nega","1M10","1","pv","D-Tryptophan","C11H12N2O2",9.496,204.5862045,3262270.75
"Serum","0100 and 0200 STD Compound List negative.csv","1M10_pv_neg","nega","1M10","1","pv","Glycine","C2H5NO2",14.387,74.024841,280562.41
"Serum","0100 and 0200 STD Compound List negative.csv","1M10_pv_neg","nega","1M10","1","pv","L-Alanine","C3H7NO2",14.045,88.5421295,4459411.5
"Serum","0100 and 0200 STD Compound List negative.csv","1M10_pv_neg","nega","1M10","1","pv","L-Arginine","C6H14N4O2",18.337,173.104416,191476.67
"Serum","0100 and 0200 STD Compound List negative.csv","1M10_pv_neg","nega","1M10","1","pv","L-Asparagine","C4H8N2O3",14.548,131.045731,431911.62
"Serum","0100 and 0200 STD Compound List negative.csv","1M10_pv_neg","nega","1M10","1","pv","L-Aspartic acid","C4H7NO4",14.634,132.030319,67431.22
"Serum","0100 and 0200 STD Compound List negative.csv","1M10_pv_neg","nega","1M10","1","pv","L-Cystine","C6H12N2O4S2",15.195,239.016739,1188.22
"Serum","0100 and 0200 STD Compound List negative.csv","1M10_pv_neg","nega","1M10","1","pv","L-Glutamic acid","C5H9NO4",14.5155,146.5479125,1245786.75
"Serum","0100 and 0200 STD Compound List negative.csv","1M10_pv_neg","nega","1M10","1","pv","L-Glutamine","C5H10N2O3",14.489,146.05928,5133516.5
"Serum","0100 and 0200 STD Compound List negative.csv","1M10_pv_neg","nega","1M10","1","pv","L-Histidine","C6H9N3O2",14.662,154.062378,12828.09
"Serum","0100 and 0200 STD Compound List negative.csv","1M10_pv_neg","nega","1M10","1","pv","L-Isoleucine","C6H13NO2",10.4725,130.5890505,7244460.5
"Serum","0100 and 0200 STD Compound List negative.csv","1M10_pv_neg","nega","1M10","1","pv","L-Lactic acid","C3H6O3",8.0075,89.526058,117142008
"Serum","0100 and 0200 STD Compound List negative.csv","1M10_pv_neg","nega","1M10","1","pv","L-Leucine","C6H13NO2",9.946,130.589043,9946195
"Serum","0100 and 0200 STD Compound List negative.csv","1M10_pv_neg","nega","1M10","1","pv","L-Lysine","C6H14N2O2",18.448,145.596428,1342859.38
"Serum","0100 and 0200 STD Compound List negative.csv","1M10_pv_neg","nega","1M10","1","pv","L-Methionine","C5H11NO2S",10.732,148.0439,1250429.5
"Serum","0100 and 0200 STD Compound List negative.csv","1M10_pv_neg","nega","1M10","1","pv","L-Phenylalanine","C9H11NO2",9.527,165.076538,5230600
"Serum","0100 and 0200 STD Compound List negative.csv","1M10_pv_neg","nega","1M10","1","pv","L-Proline","C5H9NO2",12.663,114.5577165,4469466
"Serum","0100 and 0200 STD Compound List negative.csv","1M10_pv_neg","nega","1M10","1","pv","L-Serine","C3H7NO3",14.571,104.035301,554229.69
"Serum","0100 and 0200 STD Compound List negative.csv","1M10_pv_neg","nega","1M10","1","pv","L-Threonine","C4H9NO3",14.098,118.050842,1731360.62
"Serum","0100 and 0200 STD Compound List negative.csv","1M10_pv_neg","nega","1M10","1","pv","L-Tyrosine","C9H11NO3",11.515,180.066528,1885668.62
"Serum","0100 and 0200 STD Compound List negative.csv","1M10_pv_neg","nega","1M10","1","pv","Linoleic acid","C18H32O2",2.2255,279.734528,206225152
"Serum","0100 and 0200 STD Compound List negative.csv","1M10_pv_neg","nega","1M10","1","pv","Oleic acid","C18H34O2",2.208,282.251953,126053568
"Serum","0100 and 0200 STD Compound List negative.csv","1M10_pv_neg","nega","1M10","1","pv","Palmitic acid","C16H32O2",2.238,256.738342,136771824
"Serum","0100 and 0200 STD Compound List negative.csv","1M10_pv_neg","nega","1M10","1","pv","Pyruvic acid","C3H4O3",3.755,88.0121,12252813
"Serum","0100 and 0200 STD Compound List negative.csv","1M10_pv_neg","nega","1M10","1","pv","Stearic acid","C18H36O2",2.198,284.76947,56425696
"Serum","0100 and 0200 STD Compound List negative.csv","1M10_pv_neg","nega","1M10","1","pv","Valine","C5H11NO2",11.9165,116.570152,4582701.5
"Serum","0100 and 0200 STD Compound List negative.csv","1M10_pv_neg","nega","1M10","1","pv","Valine-C13N15","C5H11NO2",11.926,122.085609,893466.44
"Serum","0100 and 0200 STD Compound List negative.csv","1M10_pv_neg","nega","1M10","1","pv","alpha-D-Glucose","C6H12O6",12.788,180.560341,8507739
"Serum","0100 and 0200 STD Compound List negative.csv","1M11_pv_neg","nega","1M11","1","pv","3-Hydroxybutyric acid","C4H8O3",8.624,103.040039,589242.5
"Serum","0100 and 0200 STD Compound List negative.csv","1M11_pv_neg","nega","1M11","1","pv","Arachidonic acid","C20H32O2",2.1925,305.741516,47736740
"Serum","0100 and 0200 STD Compound List negative.csv","1M11_pv_neg","nega","1M11","1","pv","Citric acid","C6H8O7",15.183,191.01976,51846.5
"Serum","0100 and 0200 STD Compound List negative.csv","1M11_pv_neg","nega","1M11","1","pv","D-Tryptophan","C11H12N2O2",9.496,204.5862045,3274266
"Serum","0100 and 0200 STD Compound List negative.csv","1M11_pv_neg","nega","1M11","1","pv","Glycine","C2H5NO2",14.387,74.024841,281399.28
"Serum","0100 and 0200 STD Compound List negative.csv","1M11_pv_neg","nega","1M11","1","pv","L-Alanine","C3H7NO2",14.045,88.5421295,3281819.25
"Serum","0100 and 0200 STD Compound List negative.csv","1M11_pv_neg","nega","1M11","1","pv","L-Arginine","C6H14N4O2",18.337,173.104416,404475.16
"Serum","0100 and 0200 STD Compound List negative.csv","1M11_pv_neg","nega","1M11","1","pv","L-Asparagine","C4H8N2O3",14.548,131.045731,354818.53
"Serum","0100 and 0200 STD Compound List negative.csv","1M11_pv_neg","nega","1M11","1","pv","L-Aspartic acid","C4H7NO4",14.634,132.030319,80134.23
"Serum","0100 and 0200 STD Compound List negative.csv","1M11_pv_neg","nega","1M11","1","pv","L-Cystine","C6H12N2O4S2",15.195,239.016739,450.79
"Serum","0100 and 0200 STD Compound List negative.csv","1M11_pv_neg","nega","1M11","1","pv","L-Glutamic acid","C5H9NO4",14.5155,146.5479125,533412.81
"Serum","0100 and 0200 STD Compound List negative.csv","1M11_pv_neg","nega","1M11","1","pv","L-Glutamine","C5H10N2O3",14.489,146.05928,4505739.5
"Serum","0100 and 0200 STD Compound List negative.csv","1M11_pv_neg","nega","1M11","1","pv","L-Histidine","C6H9N3O2",14.662,154.062378,24093.72
"Serum","0100 and 0200 STD Compound List negative.csv","1M11_pv_neg","nega","1M11","1","pv","L-Isoleucine","C6H13NO2",10.4725,130.5890505,6972636
"Serum","0100 and 0200 STD Compound List negative.csv","1M11_pv_neg","nega","1M11","1","pv","L-Lactic acid","C3H6O3",8.0075,89.526058,65695408
"Serum","0100 and 0200 STD Compound List negative.csv","1M11_pv_neg","nega","1M11","1","pv","L-Leucine","C6H13NO2",9.946,130.589043,10067302
"Serum","0100 and 0200 STD Compound List negative.csv","1M11_pv_neg","nega","1M11","1","pv","L-Lysine","C6H14N2O2",18.448,145.596428,736337.44
"Serum","0100 and 0200 STD Compound List negative.csv","1M11_pv_neg","nega","1M11","1","pv","L-Methionine","C5H11NO2S",10.732,148.0439,1401096.5
"Serum","0100 and 0200 STD Compound List negative.csv","1M11_pv_neg","nega","1M11","1","pv","L-Phenylalanine","C9H11NO2",9.527,165.076538,4499225.5
"Serum","0100 and 0200 STD Compound List negative.csv","1M11_pv_neg","nega","1M11","1","pv","L-Proline","C5H9NO2",12.663,114.5577165,5136152.5
"Serum","0100 and 0200 STD Compound List negative.csv","1M11_pv_neg","nega","1M11","1","pv","L-Serine","C3H7NO3",14.571,104.035301,485944.22
"Serum","0100 and 0200 STD Compound List negative.csv","1M11_pv_neg","nega","1M11","1","pv","L-Threonine","C4H9NO3",14.098,118.050842,2110300.75
"Serum","0100 and 0200 STD Compound List negative.csv","1M11_pv_neg","nega","1M11","1","pv","L-Tyrosine","C9H11NO3",11.515,180.066528,1787647.62
"Serum","0100 and 0200 STD Compound List negative.csv","1M11_pv_neg","nega","1M11","1","pv","Linoleic acid","C18H32O2",2.2255,279.734528,134214464
"Serum","0100 and 0200 STD Compound List negative.csv","1M11_pv_neg","nega","1M11","1","pv","Oleic acid","C18H34O2",2.208,282.251953,73425192
"Serum","0100 and 0200 STD Compound List negative.csv","1M11_pv_neg","nega","1M11","1","pv","Palmitic acid","C16H32O2",2.238,256.738342,86796136
"Serum","0100 and 0200 STD Compound List negative.csv","1M11_pv_neg","nega","1M11","1","pv","Pyruvic acid","C3H4O3",3.755,88.0121,4350482
"Serum","0100 and 0200 STD Compound List negative.csv","1M11_pv_neg","nega","1M11","1","pv","Stearic acid","C18H36O2",2.198,284.76947,45830272
"Serum","0100 and 0200 STD Compound List negative.csv","1M11_pv_neg","nega","1M11","1","pv","Valine","C5H11NO2",11.9165,116.570152,4500268.5
"Serum","0100 and 0200 STD Compound List negative.csv","1M11_pv_neg","nega","1M11","1","pv","Valine-C13N15","C5H11NO2",11.926,122.085609,755924.94
"Serum","0100 and 0200 STD Compound List negative.csv","1M11_pv_neg","nega","1M11","1","pv","alpha-D-Glucose","C6H12O6",12.788,180.560341,9158329
"Serum","0100 and 0200 STD Compound List negative.csv","1M1_pv_neg","nega","1M1","1","pv","3-Hydroxybutyric acid","C4H8O3",8.624,103.040039,805585.81
"Serum","0100 and 0200 STD Compound List negative.csv","1M1_pv_neg","nega","1M1","1","pv","Arachidonic acid","C20H32O2",2.1925,305.741516,86480744
"Serum","0100 and 0200 STD Compound List negative.csv","1M1_pv_neg","nega","1M1","1","pv","Citric acid","C6H8O7",15.183,191.01976,82052.54
"Serum","0100 and 0200 STD Compound List negative.csv","1M1_pv_neg","nega","1M1","1","pv","D-Tryptophan","C11H12N2O2",9.496,204.5862045,2652035.25
"Serum","0100 and 0200 STD Compound List negative.csv","1M1_pv_neg","nega","1M1","1","pv","Glycine","C2H5NO2",14.387,74.024841,141429.95
"Serum","0100 and 0200 STD Compound List negative.csv","1M1_pv_neg","nega","1M1","1","pv","L-Alanine","C3H7NO2",14.045,88.5421295,3244858
"Serum","0100 and 0200 STD Compound List negative.csv","1M1_pv_neg","nega","1M1","1","pv","L-Arginine","C6H14N4O2",18.337,173.104416,42372.71
"Serum","0100 and 0200 STD Compound List negative.csv","1M1_pv_neg","nega","1M1","1","pv","L-Asparagine","C4H8N2O3",14.548,131.045731,285947.16
"Serum","0100 and 0200 STD Compound List negative.csv","1M1_pv_neg","nega","1M1","1","pv","L-Aspartic acid","C4H7NO4",14.634,132.030319,61252.78
"Serum","0100 and 0200 STD Compound List negative.csv","1M1_pv_neg","nega","1M1","1","pv","L-Cystine","C6H12N2O4S2",15.195,239.016739,0
"Serum","0100 and 0200 STD Compound List negative.csv","1M1_pv_neg","nega","1M1","1","pv","L-Glutamic acid","C5H9NO4",14.5155,146.5479125,513415.91
"Serum","0100 and 0200 STD Compound List negative.csv","1M1_pv_neg","nega","1M1","1","pv","L-Glutamine","C5H10N2O3",14.489,146.05928,3824857.25
"Serum","0100 and 0200 STD Compound List negative.csv","1M1_pv_neg","nega","1M1","1","pv","L-Histidine","C6H9N3O2",14.662,154.062378,273666.22
"Serum","0100 and 0200 STD Compound List negative.csv","1M1_pv_neg","nega","1M1","1","pv","L-Isoleucine","C6H13NO2",10.4725,130.5890505,7385662
"Serum","0100 and 0200 STD Compound List negative.csv","1M1_pv_neg","nega","1M1","1","pv","L-Lactic acid","C3H6O3",8.0075,89.526058,103538024
"Serum","0100 and 0200 STD Compound List negative.csv","1M1_pv_neg","nega","1M1","1","pv","L-Leucine","C6H13NO2",9.946,130.589043,8315450.5
"Serum","0100 and 0200 STD Compound List negative.csv","1M1_pv_neg","nega","1M1","1","pv","L-Lysine","C6H14N2O2",18.448,145.596428,711315.94
"Serum","0100 and 0200 STD Compound List negative.csv","1M1_pv_neg","nega","1M1","1","pv","L-Methionine","C5H11NO2S",10.732,148.0439,1108387.88
"Serum","0100 and 0200 STD Compound List negative.csv","1M1_pv_neg","nega","1M1","1","pv","L-Phenylalanine","C9H11NO2",9.527,165.076538,4433945.5
"Serum","0100 and 0200 STD Compound List negative.csv","1M1_pv_neg","nega","1M1","1","pv","L-Proline","C5H9NO2",12.663,114.5577165,4333049.5
"Serum","0100 and 0200 STD Compound List negative.csv","1M1_pv_neg","nega","1M1","1","pv","L-Serine","C3H7NO3",14.571,104.035301,355696.16
"Serum","0100 and 0200 STD Compound List negative.csv","1M1_pv_neg","nega","1M1","1","pv","L-Threonine","C4H9NO3",14.098,118.050842,1146226.5
"Serum","0100 and 0200 STD Compound List negative.csv","1M1_pv_neg","nega","1M1","1","pv","L-Tyrosine","C9H11NO3",11.515,180.066528,1340217.88
"Serum","0100 and 0200 STD Compound List negative.csv","1M1_pv_neg","nega","1M1","1","pv","Linoleic acid","C18H32O2",2.2255,279.734528,194151792
"Serum","0100 and 0200 STD Compound List negative.csv","1M1_pv_neg","nega","1M1","1","pv","Oleic acid","C18H34O2",2.208,282.251953,117232184
"Serum","0100 and 0200 STD Compound List negative.csv","1M1_pv_neg","nega","1M1","1","pv","Palmitic acid","C16H32O2",2.238,256.738342,151088880
"Serum","0100 and 0200 STD Compound List negative.csv","1M1_pv_neg","nega","1M1","1","pv","Pyruvic acid","C3H4O3",3.755,88.0121,9811731
"Serum","0100 and 0200 STD Compound List negative.csv","1M1_pv_neg","nega","1M1","1","pv","Stearic acid","C18H36O2",2.198,284.76947,82947224
"Serum","0100 and 0200 STD Compound List negative.csv","1M1_pv_neg","nega","1M1","1","pv","Valine","C5H11NO2",11.9165,116.570152,4600482
"Serum","0100 and 0200 STD Compound List negative.csv","1M1_pv_neg","nega","1M1","1","pv","Valine-C13N15","C5H11NO2",11.926,122.085609,938969.75
"Serum","0100 and 0200 STD Compound List negative.csv","1M1_pv_neg","nega","1M1","1","pv","alpha-D-Glucose","C6H12O6",12.788,180.560341,11152284
"Serum","0100 and 0200 STD Compound List negative.csv","1M2_pv_neg","nega","1M2","1","pv","3-Hydroxybutyric acid","C4H8O3",8.624,103.040039,934664.5
"Serum","0100 and 0200 STD Compound List negative.csv","1M2_pv_neg","nega","1M2","1","pv","Arachidonic acid","C20H32O2",2.1925,305.741516,49055196
"Serum","0100 and 0200 STD Compound List negative.csv","1M2_pv_neg","nega","1M2","1","pv","Citric acid","C6H8O7",15.183,191.01976,75385.63
"Serum","0100 and 0200 STD Compound List negative.csv","1M2_pv_neg","nega","1M2","1","pv","D-Tryptophan","C11H12N2O2",9.496,204.5862045,4220690
"Serum","0100 and 0200 STD Compound List negative.csv","1M2_pv_neg","nega","1M2","1","pv","Glycine","C2H5NO2",14.387,74.024841,175331.06
"Serum","0100 and 0200 STD Compound List negative.csv","1M2_pv_neg","nega","1M2","1","pv","L-Alanine","C3H7NO2",14.045,88.5421295,2608287.25
"Serum","0100 and 0200 STD Compound List negative.csv","1M2_pv_neg","nega","1M2","1","pv","L-Arginine","C6H14N4O2",18.337,173.104416,49615.3
"Serum","0100 and 0200 STD Compound List negative.csv","1M2_pv_neg","nega","1M2","1","pv","L-Asparagine","C4H8N2O3",14.548,131.045731,185807.23
"Serum","0100 and 0200 STD Compound List negative.csv","1M2_pv_neg","nega","1M2","1","pv","L-Aspartic acid","C4H7NO4",14.634,132.030319,68161.88
"Serum","0100 and 0200 STD Compound List negative.csv","1M2_pv_neg","nega","1M2","1","pv","L-Cystine","C6H12N2O4S2",15.195,239.016739,324.76
"Serum","0100 and 0200 STD Compound List negative.csv","1M2_pv_neg","nega","1M2","1","pv","L-Glutamic acid","C5H9NO4",14.5155,146.5479125,531546.5
"Serum","0100 and 0200 STD Compound List negative.csv","1M2_pv_neg","nega","1M2","1","pv","L-Glutamine","C5H10N2O3",14.489,146.05928,2937475.75
"Serum","0100 and 0200 STD Compound List negative.csv","1M2_pv_neg","nega","1M2","1","pv","L-Histidine","C6H9N3O2",14.662,154.062378,13914.18
"Serum","0100 and 0200 STD Compound List negative.csv","1M2_pv_neg","nega","1M2","1","pv","L-Isoleucine","C6H13NO2",10.4725,130.5890505,5389641.5
"Serum","0100 and 0200 STD Compound List negative.csv","1M2_pv_neg","nega","1M2","1","pv","L-Lactic acid","C3H6O3",8.0075,89.526058,137000752
"Serum","0100 and 0200 STD Compound List negative.csv","1M2_pv_neg","nega","1M2","1","pv","L-Leucine","C6H13NO2",9.946,130.589043,7974484
"Serum","0100 and 0200 STD Compound List negative.csv","1M2_pv_neg","nega","1M2","1","pv","L-Lysine","C6H14N2O2",18.448,145.596428,596053.31
"Serum","0100 and 0200 STD Compound List negative.csv","1M2_pv_neg","nega","1M2","1","pv","L-Methionine","C5H11NO2S",10.732,148.0439,936591.56
"Serum","0100 and 0200 STD Compound List negative.csv","1M2_pv_neg","nega","1M2","1","pv","L-Phenylalanine","C9H11NO2",9.527,165.076538,4625902
"Serum","0100 and 0200 STD Compound List negative.csv","1M2_pv_neg","nega","1M2","1","pv","L-Proline","C5H9NO2",12.663,114.5577165,3224676
"Serum","0100 and 0200 STD Compound List negative.csv","1M2_pv_neg","nega","1M2","1","pv","L-Serine","C3H7NO3",14.571,104.035301,307661.5
"Serum","0100 and 0200 STD Compound List negative.csv","1M2_pv_neg","nega","1M2","1","pv","L-Threonine","C4H9NO3",14.098,118.050842,1059206.62
"Serum","0100 and 0200 STD Compound List negative.csv","1M2_pv_neg","nega","1M2","1","pv","L-Tyrosine","C9H11NO3",11.515,180.066528,1643830.5
"Serum","0100 and 0200 STD Compound List negative.csv","1M2_pv_neg","nega","1M2","1","pv","Linoleic acid","C18H32O2",2.2255,279.734528,154970560
"Serum","0100 and 0200 STD Compound List negative.csv","1M2_pv_neg","nega","1M2","1","pv","Oleic acid","C18H34O2",2.208,282.251953,92559144
"Serum","0100 and 0200 STD Compound List negative.csv","1M2_pv_neg","nega","1M2","1","pv","Palmitic acid","C16H32O2",2.238,256.738342,100654184
"Serum","0100 and 0200 STD Compound List negative.csv","1M2_pv_neg","nega","1M2","1","pv","Pyruvic acid","C3H4O3",3.755,88.0121,18208390
"Serum","0100 and 0200 STD Compound List negative.csv","1M2_pv_neg","nega","1M2","1","pv","Stearic acid","C18H36O2",2.198,284.76947,43306012
"Serum","0100 and 0200 STD Compound List negative.csv","1M2_pv_neg","nega","1M2","1","pv","Valine","C5H11NO2",11.9165,116.570152,3147319.25
"Serum","0100 and 0200 STD Compound List negative.csv","1M2_pv_neg","nega","1M2","1","pv","Valine-C13N15","C5H11NO2",11.926,122.085609,846995.31
"Serum","0100 and 0200 STD Compound List negative.csv","1M2_pv_neg","nega","1M2","1","pv","alpha-D-Glucose","C6H12O6",12.788,180.560341,8823185
"Serum","0100 and 0200 STD Compound List negative.csv","1M4_pv_neg","nega","1M4","1","pv","3-Hydroxybutyric acid","C4H8O3",8.624,103.040039,1183832.62
"Serum","0100 and 0200 STD Compound List negative.csv","1M4_pv_neg","nega","1M4","1","pv","Arachidonic acid","C20H32O2",2.1925,305.741516,83869888
"Serum","0100 and 0200 STD Compound List negative.csv","1M4_pv_neg","nega","1M4","1","pv","Citric acid","C6H8O7",15.183,191.01976,129590.62
"Serum","0100 and 0200 STD Compound List negative.csv","1M4_pv_neg","nega","1M4","1","pv","D-Tryptophan","C11H12N2O2",9.496,204.5862045,2570422
"Serum","0100 and 0200 STD Compound List negative.csv","1M4_pv_neg","nega","1M4","1","pv","Glycine","C2H5NO2",14.387,74.024841,176828.62
"Serum","0100 and 0200 STD Compound List negative.csv","1M4_pv_neg","nega","1M4","1","pv","L-Alanine","C3H7NO2",14.045,88.5421295,3087019.25
"Serum","0100 and 0200 STD Compound List negative.csv","1M4_pv_neg","nega","1M4","1","pv","L-Arginine","C6H14N4O2",18.337,173.104416,51814.36
"Serum","0100 and 0200 STD Compound List negative.csv","1M4_pv_neg","nega","1M4","1","pv","L-Asparagine","C4H8N2O3",14.548,131.045731,272877.75
"Serum","0100 and 0200 STD Compound List negative.csv","1M4_pv_neg","nega","1M4","1","pv","L-Aspartic acid","C4H7NO4",14.634,132.030319,71942.78
"Serum","0100 and 0200 STD Compound List negative.csv","1M4_pv_neg","nega","1M4","1","pv","L-Cystine","C6H12N2O4S2",15.195,239.016739,287.88
"Serum","0100 and 0200 STD Compound List negative.csv","1M4_pv_neg","nega","1M4","1","pv","L-Glutamic acid","C5H9NO4",14.5155,146.5479125,750173.94
"Serum","0100 and 0200 STD Compound List negative.csv","1M4_pv_neg","nega","1M4","1","pv","L-Glutamine","C5H10N2O3",14.489,146.05928,3696320
"Serum","0100 and 0200 STD Compound List negative.csv","1M4_pv_neg","nega","1M4","1","pv","L-Histidine","C6H9N3O2",14.662,154.062378,199286.2
"Serum","0100 and 0200 STD Compound List negative.csv","1M4_pv_neg","nega","1M4","1","pv","L-Isoleucine","C6H13NO2",10.4725,130.5890505,4374934
"Serum","0100 and 0200 STD Compound List negative.csv","1M4_pv_neg","nega","1M4","1","pv","L-Lactic acid","C3H6O3",8.0075,89.526058,80017944
"Serum","0100 and 0200 STD Compound List negative.csv","1M4_pv_neg","nega","1M4","1","pv","L-Leucine","C6H13NO2",9.946,130.589043,6420586.5
"Serum","0100 and 0200 STD Compound List negative.csv","1M4_pv_neg","nega","1M4","1","pv","L-Lysine","C6H14N2O2",18.448,145.596428,1048066
"Serum","0100 and 0200 STD Compound List negative.csv","1M4_pv_neg","nega","1M4","1","pv","L-Methionine","C5H11NO2S",10.732,148.0439,800546.19
"Serum","0100 and 0200 STD Compound List negative.csv","1M4_pv_neg","nega","1M4","1","pv","L-Phenylalanine","C9H11NO2",9.527,165.076538,3937280
"Serum","0100 and 0200 STD Compound List negative.csv","1M4_pv_neg","nega","1M4","1","pv","L-Proline","C5H9NO2",12.663,114.5577165,1943799.12
"Serum","0100 and 0200 STD Compound List negative.csv","1M4_pv_neg","nega","1M4","1","pv","L-Serine","C3H7NO3",14.571,104.035301,360609.91
"Serum","0100 and 0200 STD Compound List negative.csv","1M4_pv_neg","nega","1M4","1","pv","L-Threonine","C4H9NO3",14.098,118.050842,1404919.12
"Serum","0100 and 0200 STD Compound List negative.csv","1M4_pv_neg","nega","1M4","1","pv","L-Tyrosine","C9H11NO3",11.515,180.066528,1040926.5
"Serum","0100 and 0200 STD Compound List negative.csv","1M4_pv_neg","nega","1M4","1","pv","Linoleic acid","C18H32O2",2.2255,279.734528,200149504
"Serum","0100 and 0200 STD Compound List negative.csv","1M4_pv_neg","nega","1M4","1","pv","Oleic acid","C18H34O2",2.208,282.251953,138105744
"Serum","0100 and 0200 STD Compound List negative.csv","1M4_pv_neg","nega","1M4","1","pv","Palmitic acid","C16H32O2",2.238,256.738342,142153920
"Serum","0100 and 0200 STD Compound List negative.csv","1M4_pv_neg","nega","1M4","1","pv","Pyruvic acid","C3H4O3",3.755,88.0121,9888684
"Serum","0100 and 0200 STD Compound List negative.csv","1M4_pv_neg","nega","1M4","1","pv","Stearic acid","C18H36O2",2.198,284.76947,53258228
"Serum","0100 and 0200 STD Compound List negative.csv","1M4_pv_neg","nega","1M4","1","pv","Valine","C5H11NO2",11.9165,116.570152,2773018.5
"Serum","0100 and 0200 STD Compound List negative.csv","1M4_pv_neg","nega","1M4","1","pv","Valine-C13N15","C5H11NO2",11.926,122.085609,747975.81
"Serum","0100 and 0200 STD Compound List negative.csv","1M4_pv_neg","nega","1M4","1","pv","alpha-D-Glucose","C6H12O6",12.788,180.560341,6322458.5
"Serum","0100 and 0200 STD Compound List negative.csv","1M5_pv_neg","nega","1M5","1","pv","3-Hydroxybutyric acid","C4H8O3",8.624,103.040039,1581989.62
"Serum","0100 and 0200 STD Compound List negative.csv","1M5_pv_neg","nega","1M5","1","pv","Arachidonic acid","C20H32O2",2.1925,305.741516,41042076
"Serum","0100 and 0200 STD Compound List negative.csv","1M5_pv_neg","nega","1M5","1","pv","Citric acid","C6H8O7",15.183,191.01976,115855.4
"Serum","0100 and 0200 STD Compound List negative.csv","1M5_pv_neg","nega","1M5","1","pv","D-Tryptophan","C11H12N2O2",9.496,204.5862045,3542582
"Serum","0100 and 0200 STD Compound List negative.csv","1M5_pv_neg","nega","1M5","1","pv","Glycine","C2H5NO2",14.387,74.024841,232660.73
"Serum","0100 and 0200 STD Compound List negative.csv","1M5_pv_neg","nega","1M5","1","pv","L-Alanine","C3H7NO2",14.045,88.5421295,3659386.25
"Serum","0100 and 0200 STD Compound List negative.csv","1M5_pv_neg","nega","1M5","1","pv","L-Arginine","C6H14N4O2",18.337,173.104416,375968.84
"Serum","0100 and 0200 STD Compound List negative.csv","1M5_pv_neg","nega","1M5","1","pv","L-Asparagine","C4H8N2O3",14.548,131.045731,294126.53
"Serum","0100 and 0200 STD Compound List negative.csv","1M5_pv_neg","nega","1M5","1","pv","L-Aspartic acid","C4H7NO4",14.634,132.030319,29030.96
"Serum","0100 and 0200 STD Compound List negative.csv","1M5_pv_neg","nega","1M5","1","pv","L-Cystine","C6H12N2O4S2",15.195,239.016739,0
"Serum","0100 and 0200 STD Compound List negative.csv","1M5_pv_neg","nega","1M5","1","pv","L-Glutamic acid","C5H9NO4",14.5155,146.5479125,774075.44
"Serum","0100 and 0200 STD Compound List negative.csv","1M5_pv_neg","nega","1M5","1","pv","L-Glutamine","C5H10N2O3",14.489,146.05928,3605407.75
"Serum","0100 and 0200 STD Compound List negative.csv","1M5_pv_neg","nega","1M5","1","pv","L-Histidine","C6H9N3O2",14.662,154.062378,15407.45
"Serum","0100 and 0200 STD Compound List negative.csv","1M5_pv_neg","nega","1M5","1","pv","L-Isoleucine","C6H13NO2",10.4725,130.5890505,7689138.5
"Serum","0100 and 0200 STD Compound List negative.csv","1M5_pv_neg","nega","1M5","1","pv","L-Lactic acid","C3H6O3",8.0075,89.526058,102874808
"Serum","0100 and 0200 STD Compound List negative.csv","1M5_pv_neg","nega","1M5","1","pv","L-Leucine","C6H13NO2",9.946,130.589043,11895408
"Serum","0100 and 0200 STD Compound List negative.csv","1M5_pv_neg","nega","1M5","1","pv","L-Lysine","C6H14N2O2",18.448,145.596428,1158976
"Serum","0100 and 0200 STD Compound List negative.csv","1M5_pv_neg","nega","1M5","1","pv","L-Methionine","C5H11NO2S",10.732,148.0439,1097361.88
"Serum","0100 and 0200 STD Compound List negative.csv","1M5_pv_neg","nega","1M5","1","pv","L-Phenylalanine","C9H11NO2",9.527,165.076538,5968302.5
"Serum","0100 and 0200 STD Compound List negative.csv","1M5_pv_neg","nega","1M5","1","pv","L-Proline","C5H9NO2",12.663,114.5577165,4049931.75
"Serum","0100 and 0200 STD Compound List negative.csv","1M5_pv_neg","nega","1M5","1","pv","L-Serine","C3H7NO3",14.571,104.035301,395665.53
"Serum","0100 and 0200 STD Compound List negative.csv","1M5_pv_neg","nega","1M5","1","pv","L-Threonine","C4H9NO3",14.098,118.050842,1647466
"Serum","0100 and 0200 STD Compound List negative.csv","1M5_pv_neg","nega","1M5","1","pv","L-Tyrosine","C9H11NO3",11.515,180.066528,1185139.12
"Serum","0100 and 0200 STD Compound List negative.csv","1M5_pv_neg","nega","1M5","1","pv","Linoleic acid","C18H32O2",2.2255,279.734528,160861040
"Serum","0100 and 0200 STD Compound List negative.csv","1M5_pv_neg","nega","1M5","1","pv","Oleic acid","C18H34O2",2.208,282.251953,103110304
"Serum","0100 and 0200 STD Compound List negative.csv","1M5_pv_neg","nega","1M5","1","pv","Palmitic acid","C16H32O2",2.238,256.738342,94239872
"Serum","0100 and 0200 STD Compound List negative.csv","1M5_pv_neg","nega","1M5","1","pv","Pyruvic acid","C3H4O3",3.755,88.0121,17472614
"Serum","0100 and 0200 STD Compound List negative.csv","1M5_pv_neg","nega","1M5","1","pv","Stearic acid","C18H36O2",2.198,284.76947,36775824
"Serum","0100 and 0200 STD Compound List negative.csv","1M5_pv_neg","nega","1M5","1","pv","Valine","C5H11NO2",11.9165,116.570152,5013414.5
"Serum","0100 and 0200 STD Compound List negative.csv","1M5_pv_neg","nega","1M5","1","pv","Valine-C13N15","C5H11NO2",11.926,122.085609,880760.5
"Serum","0100 and 0200 STD Compound List negative.csv","1M5_pv_neg","nega","1M5","1","pv","alpha-D-Glucose","C6H12O6",12.788,180.560341,9534669
"Serum","0100 and 0200 STD Compound List negative.csv","1M6_pv_neg","nega","1M6","1","pv","3-Hydroxybutyric acid","C4H8O3",8.624,103.040039,2612630.75
"Serum","0100 and 0200 STD Compound List negative.csv","1M6_pv_neg","nega","1M6","1","pv","Arachidonic acid","C20H32O2",2.1925,305.741516,66443332
"Serum","0100 and 0200 STD Compound List negative.csv","1M6_pv_neg","nega","1M6","1","pv","Citric acid","C6H8O7",15.183,191.01976,93806.75
"Serum","0100 and 0200 STD Compound List negative.csv","1M6_pv_neg","nega","1M6","1","pv","D-Tryptophan","C11H12N2O2",9.496,204.5862045,3067068
"Serum","0100 and 0200 STD Compound List negative.csv","1M6_pv_neg","nega","1M6","1","pv","Glycine","C2H5NO2",14.387,74.024841,330521.59
"Serum","0100 and 0200 STD Compound List negative.csv","1M6_pv_neg","nega","1M6","1","pv","L-Alanine","C3H7NO2",14.045,88.5421295,3281768.25
"Serum","0100 and 0200 STD Compound List negative.csv","1M6_pv_neg","nega","1M6","1","pv","L-Arginine","C6H14N4O2",18.337,173.104416,89833.3
"Serum","0100 and 0200 STD Compound List negative.csv","1M6_pv_neg","nega","1M6","1","pv","L-Asparagine","C4H8N2O3",14.548,131.045731,236906.08
"Serum","0100 and 0200 STD Compound List negative.csv","1M6_pv_neg","nega","1M6","1","pv","L-Aspartic acid","C4H7NO4",14.634,132.030319,37143.16
"Serum","0100 and 0200 STD Compound List negative.csv","1M6_pv_neg","nega","1M6","1","pv","L-Cystine","C6H12N2O4S2",15.195,239.016739,325.97
"Serum","0100 and 0200 STD Compound List negative.csv","1M6_pv_neg","nega","1M6","1","pv","L-Glutamic acid","C5H9NO4",14.5155,146.5479125,695683.06
"Serum","0100 and 0200 STD Compound List negative.csv","1M6_pv_neg","nega","1M6","1","pv","L-Glutamine","C5H10N2O3",14.489,146.05928,4497714
"Serum","0100 and 0200 STD Compound List negative.csv","1M6_pv_neg","nega","1M6","1","pv","L-Histidine","C6H9N3O2",14.662,154.062378,344384.03
"Serum","0100 and 0200 STD Compound List negative.csv","1M6_pv_neg","nega","1M6","1","pv","L-Isoleucine","C6H13NO2",10.4725,130.5890505,4953211.5
"Serum","0100 and 0200 STD Compound List negative.csv","1M6_pv_neg","nega","1M6","1","pv","L-Lactic acid","C3H6O3",8.0075,89.526058,70654232
"Serum","0100 and 0200 STD Compound List negative.csv","1M6_pv_neg","nega","1M6","1","pv","L-Leucine","C6H13NO2",9.946,130.589043,6566566
"Serum","0100 and 0200 STD Compound List negative.csv","1M6_pv_neg","nega","1M6","1","pv","L-Lysine","C6H14N2O2",18.448,145.596428,656454.31
"Serum","0100 and 0200 STD Compound List negative.csv","1M6_pv_neg","nega","1M6","1","pv","L-Methionine","C5H11NO2S",10.732,148.0439,894981.25
"Serum","0100 and 0200 STD Compound List negative.csv","1M6_pv_neg","nega","1M6","1","pv","L-Phenylalanine","C9H11NO2",9.527,165.076538,3683846.75
"Serum","0100 and 0200 STD Compound List negative.csv","1M6_pv_neg","nega","1M6","1","pv","L-Proline","C5H9NO2",12.663,114.5577165,2424865.75
"Serum","0100 and 0200 STD Compound List negative.csv","1M6_pv_neg","nega","1M6","1","pv","L-Serine","C3H7NO3",14.571,104.035301,351699.09
"Serum","0100 and 0200 STD Compound List negative.csv","1M6_pv_neg","nega","1M6","1","pv","L-Threonine","C4H9NO3",14.098,118.050842,1634981.5
"Serum","0100 and 0200 STD Compound List negative.csv","1M6_pv_neg","nega","1M6","1","pv","L-Tyrosine","C9H11NO3",11.515,180.066528,1503446.62
"Serum","0100 and 0200 STD Compound List negative.csv","1M6_pv_neg","nega","1M6","1","pv","Linoleic acid","C18H32O2",2.2255,279.734528,218079872
"Serum","0100 and 0200 STD Compound List negative.csv","1M6_pv_neg","nega","1M6","1","pv","Oleic acid","C18H34O2",2.208,282.251953,139475728
"Serum","0100 and 0200 STD Compound List negative.csv","1M6_pv_neg","nega","1M6","1","pv","Palmitic acid","C16H32O2",2.238,256.738342,152668400
"Serum","0100 and 0200 STD Compound List negative.csv","1M6_pv_neg","nega","1M6","1","pv","Pyruvic acid","C3H4O3",3.755,88.0121,11007422
"Serum","0100 and 0200 STD Compound List negative.csv","1M6_pv_neg","nega","1M6","1","pv","Stearic acid","C18H36O2",2.198,284.76947,55312452
"Serum","0100 and 0200 STD Compound List negative.csv","1M6_pv_neg","nega","1M6","1","pv","Valine","C5H11NO2",11.9165,116.570152,3120197.25
"Serum","0100 and 0200 STD Compound List negative.csv","1M6_pv_neg","nega","1M6","1","pv","Valine-C13N15","C5H11NO2",11.926,122.085609,874702.25
"Serum","0100 and 0200 STD Compound List negative.csv","1M6_pv_neg","nega","1M6","1","pv","alpha-D-Glucose","C6H12O6",12.788,180.560341,8758127
"Serum","0100 and 0200 STD Compound List negative.csv","1M7_pv_neg","nega","1M7","1","pv","3-Hydroxybutyric acid","C4H8O3",8.624,103.040039,1423363.5
"Serum","0100 and 0200 STD Compound List negative.csv","1M7_pv_neg","nega","1M7","1","pv","Arachidonic acid","C20H32O2",2.1925,305.741516,81547424
"Serum","0100 and 0200 STD Compound List negative.csv","1M7_pv_neg","nega","1M7","1","pv","Citric acid","C6H8O7",15.183,191.01976,177512.08
"Serum","0100 and 0200 STD Compound List negative.csv","1M7_pv_neg","nega","1M7","1","pv","D-Tryptophan","C11H12N2O2",9.496,204.5862045,3238876
"Serum","0100 and 0200 STD Compound List negative.csv","1M7_pv_neg","nega","1M7","1","pv","Glycine","C2H5NO2",14.387,74.024841,147525.75
"Serum","0100 and 0200 STD Compound List negative.csv","1M7_pv_neg","nega","1M7","1","pv","L-Alanine","C3H7NO2",14.045,88.5421295,4061486.75
"Serum","0100 and 0200 STD Compound List negative.csv","1M7_pv_neg","nega","1M7","1","pv","L-Arginine","C6H14N4O2",18.337,173.104416,249906.8
"Serum","0100 and 0200 STD Compound List negative.csv","1M7_pv_neg","nega","1M7","1","pv","L-Asparagine","C4H8N2O3",14.548,131.045731,239948
"Serum","0100 and 0200 STD Compound List negative.csv","1M7_pv_neg","nega","1M7","1","pv","L-Aspartic acid","C4H7NO4",14.634,132.030319,43103.25
"Serum","0100 and 0200 STD Compound List negative.csv","1M7_pv_neg","nega","1M7","1","pv","L-Cystine","C6H12N2O4S2",15.195,239.016739,830.18
"Serum","0100 and 0200 STD Compound List negative.csv","1M7_pv_neg","nega","1M7","1","pv","L-Glutamic acid","C5H9NO4",14.5155,146.5479125,994936.81
"Serum","0100 and 0200 STD Compound List negative.csv","1M7_pv_neg","nega","1M7","1","pv","L-Glutamine","C5H10N2O3",14.489,146.05928,3476477.25
"Serum","0100 and 0200 STD Compound List negative.csv","1M7_pv_neg","nega","1M7","1","pv","L-Histidine","C6H9N3O2",14.662,154.062378,128689.35
"Serum","0100 and 0200 STD Compound List negative.csv","1M7_pv_neg","nega","1M7","1","pv","L-Isoleucine","C6H13NO2",10.4725,130.5890505,5150161.5
"Serum","0100 and 0200 STD Compound List negative.csv","1M7_pv_neg","nega","1M7","1","pv","L-Lactic acid","C3H6O3",8.0075,89.526058,120129224
"Serum","0100 and 0200 STD Compound List negative.csv","1M7_pv_neg","nega","1M7","1","pv","L-Leucine","C6H13NO2",9.946,130.589043,6578385.5
"Serum","0100 and 0200 STD Compound List negative.csv","1M7_pv_neg","nega","1M7","1","pv","L-Lysine","C6H14N2O2",18.448,145.596428,646651.69
"Serum","0100 and 0200 STD Compound List negative.csv","1M7_pv_neg","nega","1M7","1","pv","L-Methionine","C5H11NO2S",10.732,148.0439,851545.06
"Serum","0100 and 0200 STD Compound List negative.csv","1M7_pv_neg","nega","1M7","1","pv","L-Phenylalanine","C9H11NO2",9.527,165.076538,4502943
"Serum","0100 and 0200 STD Compound List negative.csv","1M7_pv_neg","nega","1M7","1","pv","L-Proline","C5H9NO2",12.663,114.5577165,2417070.75
"Serum","0100 and 0200 STD Compound List negative.csv","1M7_pv_neg","nega","1M7","1","pv","L-Serine","C3H7NO3",14.571,104.035301,316392.84
"Serum","0100 and 0200 STD Compound List negative.csv","1M7_pv_neg","nega","1M7","1","pv","L-Threonine","C4H9NO3",14.098,118.050842,1303859.5
"Serum","0100 and 0200 STD Compound List negative.csv","1M7_pv_neg","nega","1M7","1","pv","L-Tyrosine","C9H11NO3",11.515,180.066528,1060647.75
"Serum","0100 and 0200 STD Compound List negative.csv","1M7_pv_neg","nega","1M7","1","pv","Linoleic acid","C18H32O2",2.2255,279.734528,185114896
"Serum","0100 and 0200 STD Compound List negative.csv","1M7_pv_neg","nega","1M7","1","pv","Oleic acid","C18H34O2",2.208,282.251953,120494568
"Serum","0100 and 0200 STD Compound List negative.csv","1M7_pv_neg","nega","1M7","1","pv","Palmitic acid","C16H32O2",2.238,256.738342,156363424
"Serum","0100 and 0200 STD Compound List negative.csv","1M7_pv_neg","nega","1M7","1","pv","Pyruvic acid","C3H4O3",3.755,88.0121,22990856
"Serum","0100 and 0200 STD Compound List negative.csv","1M7_pv_neg","nega","1M7","1","pv","Stearic acid","C18H36O2",2.198,284.76947,80892104
"Serum","0100 and 0200 STD Compound List negative.csv","1M7_pv_neg","nega","1M7","1","pv","Valine","C5H11NO2",11.9165,116.570152,3102803.75
"Serum","0100 and 0200 STD Compound List negative.csv","1M7_pv_neg","nega","1M7","1","pv","Valine-C13N15","C5H11NO2",11.926,122.085609,870757.5
"Serum","0100 and 0200 STD Compound List negative.csv","1M7_pv_neg","nega","1M7","1","pv","alpha-D-Glucose","C6H12O6",12.788,180.560341,6524607.5
"Serum","0100 and 0200 STD Compound List negative.csv","1M9_pv_neg","nega","1M9","1","pv","3-Hydroxybutyric acid","C4H8O3",8.624,103.040039,678899.94
"Serum","0100 and 0200 STD Compound List negative.csv","1M9_pv_neg","nega","1M9","1","pv","Arachidonic acid","C20H32O2",2.1925,305.741516,27689696
"Serum","0100 and 0200 STD Compound List negative.csv","1M9_pv_neg","nega","1M9","1","pv","Citric acid","C6H8O7",15.183,191.01976,106133.28
"Serum","0100 and 0200 STD Compound List negative.csv","1M9_pv_neg","nega","1M9","1","pv","D-Tryptophan","C11H12N2O2",9.496,204.5862045,3192721
"Serum","0100 and 0200 STD Compound List negative.csv","1M9_pv_neg","nega","1M9","1","pv","Glycine","C2H5NO2",14.387,74.024841,297669.72
"Serum","0100 and 0200 STD Compound List negative.csv","1M9_pv_neg","nega","1M9","1","pv","L-Alanine","C3H7NO2",14.045,88.5421295,4382232
"Serum","0100 and 0200 STD Compound List negative.csv","1M9_pv_neg","nega","1M9","1","pv","L-Arginine","C6H14N4O2",18.337,173.104416,218076.8
"Serum","0100 and 0200 STD Compound List negative.csv","1M9_pv_neg","nega","1M9","1","pv","L-Asparagine","C4H8N2O3",14.548,131.045731,410162.78
"Serum","0100 and 0200 STD Compound List negative.csv","1M9_pv_neg","nega","1M9","1","pv","L-Aspartic acid","C4H7NO4",14.634,132.030319,45395.77
"Serum","0100 and 0200 STD Compound List negative.csv","1M9_pv_neg","nega","1M9","1","pv","L-Cystine","C6H12N2O4S2",15.195,239.016739,0
"Serum","0100 and 0200 STD Compound List negative.csv","1M9_pv_neg","nega","1M9","1","pv","L-Glutamic acid","C5H9NO4",14.5155,146.5479125,695871
"Serum","0100 and 0200 STD Compound List negative.csv","1M9_pv_neg","nega","1M9","1","pv","L-Glutamine","C5H10N2O3",14.489,146.05928,4754880.5
"Serum","0100 and 0200 STD Compound List negative.csv","1M9_pv_neg","nega","1M9","1","pv","L-Histidine","C6H9N3O2",14.662,154.062378,154165.14
"Serum","0100 and 0200 STD Compound List negative.csv","1M9_pv_neg","nega","1M9","1","pv","L-Isoleucine","C6H13NO2",10.4725,130.5890505,5913290.5
"Serum","0100 and 0200 STD Compound List negative.csv","1M9_pv_neg","nega","1M9","1","pv","L-Lactic acid","C3H6O3",8.0075,89.526058,104563080
"Serum","0100 and 0200 STD Compound List negative.csv","1M9_pv_neg","nega","1M9","1","pv","L-Leucine","C6H13NO2",9.946,130.589043,8196260.5
"Serum","0100 and 0200 STD Compound List negative.csv","1M9_pv_neg","nega","1M9","1","pv","L-Lysine","C6H14N2O2",18.448,145.596428,1300768.5
"Serum","0100 and 0200 STD Compound List negative.csv","1M9_pv_neg","nega","1M9","1","pv","L-Methionine","C5H11NO2S",10.732,148.0439,1277923.38
"Serum","0100 and 0200 STD Compound List negative.csv","1M9_pv_neg","nega","1M9","1","pv","L-Phenylalanine","C9H11NO2",9.527,165.076538,4841184.5
"Serum","0100 and 0200 STD Compound List negative.csv","1M9_pv_neg","nega","1M9","1","pv","L-Proline","C5H9NO2",12.663,114.5577165,5370954
"Serum","0100 and 0200 STD Compound List negative.csv","1M9_pv_neg","nega","1M9","1","pv","L-Serine","C3H7NO3",14.571,104.035301,529064.44
"Serum","0100 and 0200 STD Compound List negative.csv","1M9_pv_neg","nega","1M9","1","pv","L-Threonine","C4H9NO3",14.098,118.050842,2038808.5
"Serum","0100 and 0200 STD Compound List negative.csv","1M9_pv_neg","nega","1M9","1","pv","L-Tyrosine","C9H11NO3",11.515,180.066528,2195874.75
"Serum","0100 and 0200 STD Compound List negative.csv","1M9_pv_neg","nega","1M9","1","pv","Linoleic acid","C18H32O2",2.2255,279.734528,98705640
"Serum","0100 and 0200 STD Compound List negative.csv","1M9_pv_neg","nega","1M9","1","pv","Oleic acid","C18H34O2",2.208,282.251953,44468848
"Serum","0100 and 0200 STD Compound List negative.csv","1M9_pv_neg","nega","1M9","1","pv","Palmitic acid","C16H32O2",2.238,256.738342,58219196
"Serum","0100 and 0200 STD Compound List negative.csv","1M9_pv_neg","nega","1M9","1","pv","Pyruvic acid","C3H4O3",3.755,88.0121,15495979
"Serum","0100 and 0200 STD Compound List negative.csv","1M9_pv_neg","nega","1M9","1","pv","Stearic acid","C18H36O2",2.198,284.76947,27558394
"Serum","0100 and 0200 STD Compound List negative.csv","1M9_pv_neg","nega","1M9","1","pv","Valine","C5H11NO2",11.9165,116.570152,4476268.5
"Serum","0100 and 0200 STD Compound List negative.csv","1M9_pv_neg","nega","1M9","1","pv","Valine-C13N15","C5H11NO2",11.926,122.085609,872351.19
"Serum","0100 and 0200 STD Compound List negative.csv","1M9_pv_neg","nega","1M9","1","pv","alpha-D-Glucose","C6H12O6",12.788,180.560341,8132540.5
"Serum","0100 and 0200 STD Compound List negative.csv","2M16_pv_neg","nega","2M16","2","pv","3-Hydroxybutyric acid","C4H8O3",8.624,103.040039,827959.81
"Serum","0100 and 0200 STD Compound List negative.csv","2M16_pv_neg","nega","2M16","2","pv","Arachidonic acid","C20H32O2",2.1925,305.741516,25762096
"Serum","0100 and 0200 STD Compound List negative.csv","2M16_pv_neg","nega","2M16","2","pv","Citric acid","C6H8O7",15.183,191.01976,22165.56
"Serum","0100 and 0200 STD Compound List negative.csv","2M16_pv_neg","nega","2M16","2","pv","D-Tryptophan","C11H12N2O2",9.496,204.5862045,1391983.38
"Serum","0100 and 0200 STD Compound List negative.csv","2M16_pv_neg","nega","2M16","2","pv","Glycine","C2H5NO2",14.387,74.024841,115680.21
"Serum","0100 and 0200 STD Compound List negative.csv","2M16_pv_neg","nega","2M16","2","pv","L-Alanine","C3H7NO2",14.045,88.5421295,2248496.75
"Serum","0100 and 0200 STD Compound List negative.csv","2M16_pv_neg","nega","2M16","2","pv","L-Arginine","C6H14N4O2",18.337,173.104416,122969.87
"Serum","0100 and 0200 STD Compound List negative.csv","2M16_pv_neg","nega","2M16","2","pv","L-Asparagine","C4H8N2O3",14.548,131.045731,109204.27
"Serum","0100 and 0200 STD Compound List negative.csv","2M16_pv_neg","nega","2M16","2","pv","L-Aspartic acid","C4H7NO4",14.634,132.030319,50527.98
"Serum","0100 and 0200 STD Compound List negative.csv","2M16_pv_neg","nega","2M16","2","pv","L-Cystine","C6H12N2O4S2",15.195,239.016739,0
"Serum","0100 and 0200 STD Compound List negative.csv","2M16_pv_neg","nega","2M16","2","pv","L-Glutamic acid","C5H9NO4",14.5155,146.5479125,304646.12
"Serum","0100 and 0200 STD Compound List negative.csv","2M16_pv_neg","nega","2M16","2","pv","L-Glutamine","C5H10N2O3",14.489,146.05928,1509394.5
"Serum","0100 and 0200 STD Compound List negative.csv","2M16_pv_neg","nega","2M16","2","pv","L-Histidine","C6H9N3O2",14.662,154.062378,114954.6
"Serum","0100 and 0200 STD Compound List negative.csv","2M16_pv_neg","nega","2M16","2","pv","L-Isoleucine","C6H13NO2",10.4725,130.5890505,3626297.75
"Serum","0100 and 0200 STD Compound List negative.csv","2M16_pv_neg","nega","2M16","2","pv","L-Lactic acid","C3H6O3",8.0075,89.526058,57875140
"Serum","0100 and 0200 STD Compound List negative.csv","2M16_pv_neg","nega","2M16","2","pv","L-Leucine","C6H13NO2",9.946,130.589043,4399886.5
"Serum","0100 and 0200 STD Compound List negative.csv","2M16_pv_neg","nega","2M16","2","pv","L-Lysine","C6H14N2O2",18.448,145.596428,684110
"Serum","0100 and 0200 STD Compound List negative.csv","2M16_pv_neg","nega","2M16","2","pv","L-Methionine","C5H11NO2S",10.732,148.0439,833233.56
"Serum","0100 and 0200 STD Compound List negative.csv","2M16_pv_neg","nega","2M16","2","pv","L-Phenylalanine","C9H11NO2",9.527,165.076538,2717681.25
"Serum","0100 and 0200 STD Compound List negative.csv","2M16_pv_neg","nega","2M16","2","pv","L-Proline","C5H9NO2",12.663,114.5577165,2263231.75
"Serum","0100 and 0200 STD Compound List negative.csv","2M16_pv_neg","nega","2M16","2","pv","L-Serine","C3H7NO3",14.571,104.035301,109880.66
"Serum","0100 and 0200 STD Compound List negative.csv","2M16_pv_neg","nega","2M16","2","pv","L-Threonine","C4H9NO3",14.098,118.050842,858522.31
"Serum","0100 and 0200 STD Compound List negative.csv","2M16_pv_neg","nega","2M16","2","pv","L-Tyrosine","C9H11NO3",11.515,180.066528,566531.06
"Serum","0100 and 0200 STD Compound List negative.csv","2M16_pv_neg","nega","2M16","2","pv","Linoleic acid","C18H32O2",2.2255,279.734528,61284908
"Serum","0100 and 0200 STD Compound List negative.csv","2M16_pv_neg","nega","2M16","2","pv","Oleic acid","C18H34O2",2.208,282.251953,60701828
"Serum","0100 and 0200 STD Compound List negative.csv","2M16_pv_neg","nega","2M16","2","pv","Palmitic acid","C16H32O2",2.238,256.738342,67681048
"Serum","0100 and 0200 STD Compound List negative.csv","2M16_pv_neg","nega","2M16","2","pv","Pyruvic acid","C3H4O3",3.755,88.0121,8516366
"Serum","0100 and 0200 STD Compound List negative.csv","2M16_pv_neg","nega","2M16","2","pv","Stearic acid","C18H36O2",2.198,284.76947,38990644
"Serum","0100 and 0200 STD Compound List negative.csv","2M16_pv_neg","nega","2M16","2","pv","Valine","C5H11NO2",11.9165,116.570152,2741530.5
"Serum","0100 and 0200 STD Compound List negative.csv","2M16_pv_neg","nega","2M16","2","pv","Valine-C13N15","C5H11NO2",11.926,122.085609,785924.75
"Serum","0100 and 0200 STD Compound List negative.csv","2M16_pv_neg","nega","2M16","2","pv","alpha-D-Glucose","C6H12O6",12.788,180.560341,7086257.5
"Serum","0100 and 0200 STD Compound List negative.csv","2M16_sys_sac_neg","nega","2M16","2","sys_sac","3-Hydroxybutyric acid","C4H8O3",8.624,103.040039,299988.25
"Serum","0100 and 0200 STD Compound List negative.csv","2M16_sys_sac_neg","nega","2M16","2","sys_sac","Arachidonic acid","C20H32O2",2.1925,305.741516,63949332
"Serum","0100 and 0200 STD Compound List negative.csv","2M16_sys_sac_neg","nega","2M16","2","sys_sac","Citric acid","C6H8O7",15.183,191.01976,45821.92
"Serum","0100 and 0200 STD Compound List negative.csv","2M16_sys_sac_neg","nega","2M16","2","sys_sac","D-Tryptophan","C11H12N2O2",9.496,204.5862045,6206004.5
"Serum","0100 and 0200 STD Compound List negative.csv","2M16_sys_sac_neg","nega","2M16","2","sys_sac","Glycine","C2H5NO2",14.387,74.024841,214543.92
"Serum","0100 and 0200 STD Compound List negative.csv","2M16_sys_sac_neg","nega","2M16","2","sys_sac","L-Alanine","C3H7NO2",14.045,88.5421295,2635631.75
"Serum","0100 and 0200 STD Compound List negative.csv","2M16_sys_sac_neg","nega","2M16","2","sys_sac","L-Arginine","C6H14N4O2",18.337,173.104416,112578.46
"Serum","0100 and 0200 STD Compound List negative.csv","2M16_sys_sac_neg","nega","2M16","2","sys_sac","L-Asparagine","C4H8N2O3",14.548,131.045731,124933.25
"Serum","0100 and 0200 STD Compound List negative.csv","2M16_sys_sac_neg","nega","2M16","2","sys_sac","L-Aspartic acid","C4H7NO4",14.634,132.030319,249604.8
"Serum","0100 and 0200 STD Compound List negative.csv","2M16_sys_sac_neg","nega","2M16","2","sys_sac","L-Cystine","C6H12N2O4S2",15.195,239.016739,421.11
"Serum","0100 and 0200 STD Compound List negative.csv","2M16_sys_sac_neg","nega","2M16","2","sys_sac","L-Glutamic acid","C5H9NO4",14.5155,146.5479125,638136.31
"Serum","0100 and 0200 STD Compound List negative.csv","2M16_sys_sac_neg","nega","2M16","2","sys_sac","L-Glutamine","C5H10N2O3",14.489,146.05928,2781762
"Serum","0100 and 0200 STD Compound List negative.csv","2M16_sys_sac_neg","nega","2M16","2","sys_sac","L-Histidine","C6H9N3O2",14.662,154.062378,199893.88
"Serum","0100 and 0200 STD Compound List negative.csv","2M16_sys_sac_neg","nega","2M16","2","sys_sac","L-Isoleucine","C6H13NO2",10.4725,130.5890505,3537852.75
"Serum","0100 and 0200 STD Compound List negative.csv","2M16_sys_sac_neg","nega","2M16","2","sys_sac","L-Lactic acid","C3H6O3",8.0075,89.526058,134003016
"Serum","0100 and 0200 STD Compound List negative.csv","2M16_sys_sac_neg","nega","2M16","2","sys_sac","L-Leucine","C6H13NO2",9.946,130.589043,6516544
"Serum","0100 and 0200 STD Compound List negative.csv","2M16_sys_sac_neg","nega","2M16","2","sys_sac","L-Lysine","C6H14N2O2",18.448,145.596428,715850.69
"Serum","0100 and 0200 STD Compound List negative.csv","2M16_sys_sac_neg","nega","2M16","2","sys_sac","L-Methionine","C5H11NO2S",10.732,148.0439,1085140.38
"Serum","0100 and 0200 STD Compound List negative.csv","2M16_sys_sac_neg","nega","2M16","2","sys_sac","L-Phenylalanine","C9H11NO2",9.527,165.076538,3666185.25
"Serum","0100 and 0200 STD Compound List negative.csv","2M16_sys_sac_neg","nega","2M16","2","sys_sac","L-Proline","C5H9NO2",12.663,114.5577165,2574055.5
"Serum","0100 and 0200 STD Compound List negative.csv","2M16_sys_sac_neg","nega","2M16","2","sys_sac","L-Serine","C3H7NO3",14.571,104.035301,80987.98
"Serum","0100 and 0200 STD Compound List negative.csv","2M16_sys_sac_neg","nega","2M16","2","sys_sac","L-Threonine","C4H9NO3",14.098,118.050842,1555906.88
"Serum","0100 and 0200 STD Compound List negative.csv","2M16_sys_sac_neg","nega","2M16","2","sys_sac","L-Tyrosine","C9H11NO3",11.515,180.066528,1120629
"Serum","0100 and 0200 STD Compound List negative.csv","2M16_sys_sac_neg","nega","2M16","2","sys_sac","Linoleic acid","C18H32O2",2.2255,279.734528,120780128
"Serum","0100 and 0200 STD Compound List negative.csv","2M16_sys_sac_neg","nega","2M16","2","sys_sac","Oleic acid","C18H34O2",2.208,282.251953,214687792
"Serum","0100 and 0200 STD Compound List negative.csv","2M16_sys_sac_neg","nega","2M16","2","sys_sac","Palmitic acid","C16H32O2",2.238,256.738342,127825384
"Serum","0100 and 0200 STD Compound List negative.csv","2M16_sys_sac_neg","nega","2M16","2","sys_sac","Pyruvic acid","C3H4O3",3.755,88.0121,46635196
"Serum","0100 and 0200 STD Compound List negative.csv","2M16_sys_sac_neg","nega","2M16","2","sys_sac","Stearic acid","C18H36O2",2.198,284.76947,77333944
"Serum","0100 and 0200 STD Compound List negative.csv","2M16_sys_sac_neg","nega","2M16","2","sys_sac","Valine","C5H11NO2",11.9165,116.570152,2379596
"Serum","0100 and 0200 STD Compound List negative.csv","2M16_sys_sac_neg","nega","2M16","2","sys_sac","Valine-C13N15","C5H11NO2",11.926,122.085609,540844.94
"Serum","0100 and 0200 STD Compound List negative.csv","2M16_sys_sac_neg","nega","2M16","2","sys_sac","alpha-D-Glucose","C6H12O6",12.788,180.560341,7322856
"Serum","0100 and 0200 STD Compound List negative.csv","2M17_pv_neg","nega","2M17","2","pv","3-Hydroxybutyric acid","C4H8O3",8.624,103.040039,1290210.38
"Serum","0100 and 0200 STD Compound List negative.csv","2M17_pv_neg","nega","2M17","2","pv","Arachidonic acid","C20H32O2",2.1925,305.741516,25760706
"Serum","0100 and 0200 STD Compound List negative.csv","2M17_pv_neg","nega","2M17","2","pv","Citric acid","C6H8O7",15.183,191.01976,406.51
"Serum","0100 and 0200 STD Compound List negative.csv","2M17_pv_neg","nega","2M17","2","pv","D-Tryptophan","C11H12N2O2",9.496,204.5862045,855583.94
"Serum","0100 and 0200 STD Compound List negative.csv","2M17_pv_neg","nega","2M17","2","pv","Glycine","C2H5NO2",14.387,74.024841,133070.47
"Serum","0100 and 0200 STD Compound List negative.csv","2M17_pv_neg","nega","2M17","2","pv","L-Alanine","C3H7NO2",14.045,88.5421295,1628654.88
"Serum","0100 and 0200 STD Compound List negative.csv","2M17_pv_neg","nega","2M17","2","pv","L-Arginine","C6H14N4O2",18.337,173.104416,23475.37
"Serum","0100 and 0200 STD Compound List negative.csv","2M17_pv_neg","nega","2M17","2","pv","L-Asparagine","C4H8N2O3",14.548,131.045731,95637.3
"Serum","0100 and 0200 STD Compound List negative.csv","2M17_pv_neg","nega","2M17","2","pv","L-Aspartic acid","C4H7NO4",14.634,132.030319,38968.64
"Serum","0100 and 0200 STD Compound List negative.csv","2M17_pv_neg","nega","2M17","2","pv","L-Cystine","C6H12N2O4S2",15.195,239.016739,4196.16
"Serum","0100 and 0200 STD Compound List negative.csv","2M17_pv_neg","nega","2M17","2","pv","L-Glutamic acid","C5H9NO4",14.5155,146.5479125,233234.5
"Serum","0100 and 0200 STD Compound List negative.csv","2M17_pv_neg","nega","2M17","2","pv","L-Glutamine","C5H10N2O3",14.489,146.05928,1799534
"Serum","0100 and 0200 STD Compound List negative.csv","2M17_pv_neg","nega","2M17","2","pv","L-Histidine","C6H9N3O2",14.662,154.062378,4410.11
"Serum","0100 and 0200 STD Compound List negative.csv","2M17_pv_neg","nega","2M17","2","pv","L-Isoleucine","C6H13NO2",10.4725,130.5890505,3171757.25
"Serum","0100 and 0200 STD Compound List negative.csv","2M17_pv_neg","nega","2M17","2","pv","L-Lactic acid","C3H6O3",8.0075,89.526058,46149728
"Serum","0100 and 0200 STD Compound List negative.csv","2M17_pv_neg","nega","2M17","2","pv","L-Leucine","C6H13NO2",9.946,130.589043,3366032.75
"Serum","0100 and 0200 STD Compound List negative.csv","2M17_pv_neg","nega","2M17","2","pv","L-Lysine","C6H14N2O2",18.448,145.596428,271066.69
"Serum","0100 and 0200 STD Compound List negative.csv","2M17_pv_neg","nega","2M17","2","pv","L-Methionine","C5H11NO2S",10.732,148.0439,740295.06
"Serum","0100 and 0200 STD Compound List negative.csv","2M17_pv_neg","nega","2M17","2","pv","L-Phenylalanine","C9H11NO2",9.527,165.076538,3076274.75
"Serum","0100 and 0200 STD Compound List negative.csv","2M17_pv_neg","nega","2M17","2","pv","L-Proline","C5H9NO2",12.663,114.5577165,1696642
"Serum","0100 and 0200 STD Compound List negative.csv","2M17_pv_neg","nega","2M17","2","pv","L-Serine","C3H7NO3",14.571,104.035301,105485.79
"Serum","0100 and 0200 STD Compound List negative.csv","2M17_pv_neg","nega","2M17","2","pv","L-Threonine","C4H9NO3",14.098,118.050842,502544.59
"Serum","0100 and 0200 STD Compound List negative.csv","2M17_pv_neg","nega","2M17","2","pv","L-Tyrosine","C9H11NO3",11.515,180.066528,637359.31
"Serum","0100 and 0200 STD Compound List negative.csv","2M17_pv_neg","nega","2M17","2","pv","Linoleic acid","C18H32O2",2.2255,279.734528,77849328
"Serum","0100 and 0200 STD Compound List negative.csv","2M17_pv_neg","nega","2M17","2","pv","Oleic acid","C18H34O2",2.208,282.251953,74941200
"Serum","0100 and 0200 STD Compound List negative.csv","2M17_pv_neg","nega","2M17","2","pv","Palmitic acid","C16H32O2",2.238,256.738342,68702872
"Serum","0100 and 0200 STD Compound List negative.csv","2M17_pv_neg","nega","2M17","2","pv","Pyruvic acid","C3H4O3",3.755,88.0121,3551692
"Serum","0100 and 0200 STD Compound List negative.csv","2M17_pv_neg","nega","2M17","2","pv","Stearic acid","C18H36O2",2.198,284.76947,28316830
"Serum","0100 and 0200 STD Compound List negative.csv","2M17_pv_neg","nega","2M17","2","pv","Valine","C5H11NO2",11.9165,116.570152,2165523.25
"Serum","0100 and 0200 STD Compound List negative.csv","2M17_pv_neg","nega","2M17","2","pv","Valine-C13N15","C5H11NO2",11.926,122.085609,878637.69
"Serum","0100 and 0200 STD Compound List negative.csv","2M17_pv_neg","nega","2M17","2","pv","alpha-D-Glucose","C6H12O6",12.788,180.560341,9566251
"Serum","0100 and 0200 STD Compound List negative.csv","2M17_sys_sac_neg","nega","2M17","2","sys_sac","3-Hydroxybutyric acid","C4H8O3",8.624,103.040039,997965.94
"Serum","0100 and 0200 STD Compound List negative.csv","2M17_sys_sac_neg","nega","2M17","2","sys_sac","Arachidonic acid","C20H32O2",2.1925,305.741516,68693240
"Serum","0100 and 0200 STD Compound List negative.csv","2M17_sys_sac_neg","nega","2M17","2","sys_sac","Citric acid","C6H8O7",15.183,191.01976,24444.54
"Serum","0100 and 0200 STD Compound List negative.csv","2M17_sys_sac_neg","nega","2M17","2","sys_sac","D-Tryptophan","C11H12N2O2",9.496,204.5862045,2961189.75
"Serum","0100 and 0200 STD Compound List negative.csv","2M17_sys_sac_neg","nega","2M17","2","sys_sac","Glycine","C2H5NO2",14.387,74.024841,94971.34
"Serum","0100 and 0200 STD Compound List negative.csv","2M17_sys_sac_neg","nega","2M17","2","sys_sac","L-Alanine","C3H7NO2",14.045,88.5421295,1542642.88
"Serum","0100 and 0200 STD Compound List negative.csv","2M17_sys_sac_neg","nega","2M17","2","sys_sac","L-Arginine","C6H14N4O2",18.337,173.104416,155075.64
"Serum","0100 and 0200 STD Compound List negative.csv","2M17_sys_sac_neg","nega","2M17","2","sys_sac","L-Asparagine","C4H8N2O3",14.548,131.045731,59067.47
"Serum","0100 and 0200 STD Compound List negative.csv","2M17_sys_sac_neg","nega","2M17","2","sys_sac","L-Aspartic acid","C4H7NO4",14.634,132.030319,98891.12
"Serum","0100 and 0200 STD Compound List negative.csv","2M17_sys_sac_neg","nega","2M17","2","sys_sac","L-Cystine","C6H12N2O4S2",15.195,239.016739,0
"Serum","0100 and 0200 STD Compound List negative.csv","2M17_sys_sac_neg","nega","2M17","2","sys_sac","L-Glutamic acid","C5H9NO4",14.5155,146.5479125,287350.94
"Serum","0100 and 0200 STD Compound List negative.csv","2M17_sys_sac_neg","nega","2M17","2","sys_sac","L-Glutamine","C5H10N2O3",14.489,146.05928,2407969
"Serum","0100 and 0200 STD Compound List negative.csv","2M17_sys_sac_neg","nega","2M17","2","sys_sac","L-Histidine","C6H9N3O2",14.662,154.062378,143112.39
"Serum","0100 and 0200 STD Compound List negative.csv","2M17_sys_sac_neg","nega","2M17","2","sys_sac","L-Isoleucine","C6H13NO2",10.4725,130.5890505,2578157
"Serum","0100 and 0200 STD Compound List negative.csv","2M17_sys_sac_neg","nega","2M17","2","sys_sac","L-Lactic acid","C3H6O3",8.0075,89.526058,61706444
"Serum","0100 and 0200 STD Compound List negative.csv","2M17_sys_sac_neg","nega","2M17","2","sys_sac","L-Leucine","C6H13NO2",9.946,130.589043,3795598.25
"Serum","0100 and 0200 STD Compound List negative.csv","2M17_sys_sac_neg","nega","2M17","2","sys_sac","L-Lysine","C6H14N2O2",18.448,145.596428,602579.38
"Serum","0100 and 0200 STD Compound List negative.csv","2M17_sys_sac_neg","nega","2M17","2","sys_sac","L-Methionine","C5H11NO2S",10.732,148.0439,699772.31
"Serum","0100 and 0200 STD Compound List negative.csv","2M17_sys_sac_neg","nega","2M17","2","sys_sac","L-Phenylalanine","C9H11NO2",9.527,165.076538,3109908
"Serum","0100 and 0200 STD Compound List negative.csv","2M17_sys_sac_neg","nega","2M17","2","sys_sac","L-Proline","C5H9NO2",12.663,114.5577165,1196968.38
"Serum","0100 and 0200 STD Compound List negative.csv","2M17_sys_sac_neg","nega","2M17","2","sys_sac","L-Serine","C3H7NO3",14.571,104.035301,118719.54
"Serum","0100 and 0200 STD Compound List negative.csv","2M17_sys_sac_neg","nega","2M17","2","sys_sac","L-Threonine","C4H9NO3",14.098,118.050842,534290.62
"Serum","0100 and 0200 STD Compound List negative.csv","2M17_sys_sac_neg","nega","2M17","2","sys_sac","L-Tyrosine","C9H11NO3",11.515,180.066528,783640.81
"Serum","0100 and 0200 STD Compound List negative.csv","2M17_sys_sac_neg","nega","2M17","2","sys_sac","Linoleic acid","C18H32O2",2.2255,279.734528,194573360
"Serum","0100 and 0200 STD Compound List negative.csv","2M17_sys_sac_neg","nega","2M17","2","sys_sac","Oleic acid","C18H34O2",2.208,282.251953,196145328
"Serum","0100 and 0200 STD Compound List negative.csv","2M17_sys_sac_neg","nega","2M17","2","sys_sac","Palmitic acid","C16H32O2",2.238,256.738342,135583600
"Serum","0100 and 0200 STD Compound List negative.csv","2M17_sys_sac_neg","nega","2M17","2","sys_sac","Pyruvic acid","C3H4O3",3.755,88.0121,24112194
"Serum","0100 and 0200 STD Compound List negative.csv","2M17_sys_sac_neg","nega","2M17","2","sys_sac","Stearic acid","C18H36O2",2.198,284.76947,61305388
"Serum","0100 and 0200 STD Compound List negative.csv","2M17_sys_sac_neg","nega","2M17","2","sys_sac","Valine","C5H11NO2",11.9165,116.570152,2063941.38
"Serum","0100 and 0200 STD Compound List negative.csv","2M17_sys_sac_neg","nega","2M17","2","sys_sac","Valine-C13N15","C5H11NO2",11.926,122.085609,733757.5
"Serum","0100 and 0200 STD Compound List negative.csv","2M17_sys_sac_neg","nega","2M17","2","sys_sac","alpha-D-Glucose","C6H12O6",12.788,180.560341,7186532
"Serum","0100 and 0200 STD Compound List negative.csv","2M20_pv_neg","nega","2M20","2","pv","3-Hydroxybutyric acid","C4H8O3",8.624,103.040039,904898.81
"Serum","0100 and 0200 STD Compound List negative.csv","2M20_pv_neg","nega","2M20","2","pv","Arachidonic acid","C20H32O2",2.1925,305.741516,11312320
"Serum","0100 and 0200 STD Compound List negative.csv","2M20_pv_neg","nega","2M20","2","pv","Citric acid","C6H8O7",15.183,191.01976,0
"Serum","0100 and 0200 STD Compound List negative.csv","2M20_pv_neg","nega","2M20","2","pv","D-Tryptophan","C11H12N2O2",9.496,204.5862045,720818.31
"Serum","0100 and 0200 STD Compound List negative.csv","2M20_pv_neg","nega","2M20","2","pv","Glycine","C2H5NO2",14.387,74.024841,117608.25
"Serum","0100 and 0200 STD Compound List negative.csv","2M20_pv_neg","nega","2M20","2","pv","L-Alanine","C3H7NO2",14.045,88.5421295,2118403.25
"Serum","0100 and 0200 STD Compound List negative.csv","2M20_pv_neg","nega","2M20","2","pv","L-Arginine","C6H14N4O2",18.337,173.104416,30513.88
"Serum","0100 and 0200 STD Compound List negative.csv","2M20_pv_neg","nega","2M20","2","pv","L-Asparagine","C4H8N2O3",14.548,131.045731,74637.06
"Serum","0100 and 0200 STD Compound List negative.csv","2M20_pv_neg","nega","2M20","2","pv","L-Aspartic acid","C4H7NO4",14.634,132.030319,31543.87
"Serum","0100 and 0200 STD Compound List negative.csv","2M20_pv_neg","nega","2M20","2","pv","L-Cystine","C6H12N2O4S2",15.195,239.016739,1849.21
"Serum","0100 and 0200 STD Compound List negative.csv","2M20_pv_neg","nega","2M20","2","pv","L-Glutamic acid","C5H9NO4",14.5155,146.5479125,204682.94
"Serum","0100 and 0200 STD Compound List negative.csv","2M20_pv_neg","nega","2M20","2","pv","L-Glutamine","C5H10N2O3",14.489,146.05928,1737688.62
"Serum","0100 and 0200 STD Compound List negative.csv","2M20_pv_neg","nega","2M20","2","pv","L-Histidine","C6H9N3O2",14.662,154.062378,32733.68
"Serum","0100 and 0200 STD Compound List negative.csv","2M20_pv_neg","nega","2M20","2","pv","L-Isoleucine","C6H13NO2",10.4725,130.5890505,3281051
"Serum","0100 and 0200 STD Compound List negative.csv","2M20_pv_neg","nega","2M20","2","pv","L-Lactic acid","C3H6O3",8.0075,89.526058,49159404
"Serum","0100 and 0200 STD Compound List negative.csv","2M20_pv_neg","nega","2M20","2","pv","L-Leucine","C6H13NO2",9.946,130.589043,4170674.25
"Serum","0100 and 0200 STD Compound List negative.csv","2M20_pv_neg","nega","2M20","2","pv","L-Lysine","C6H14N2O2",18.448,145.596428,451588.66
"Serum","0100 and 0200 STD Compound List negative.csv","2M20_pv_neg","nega","2M20","2","pv","L-Methionine","C5H11NO2S",10.732,148.0439,525495.69
"Serum","0100 and 0200 STD Compound List negative.csv","2M20_pv_neg","nega","2M20","2","pv","L-Phenylalanine","C9H11NO2",9.527,165.076538,2533880
"Serum","0100 and 0200 STD Compound List negative.csv","2M20_pv_neg","nega","2M20","2","pv","L-Proline","C5H9NO2",12.663,114.5577165,1349019.88
"Serum","0100 and 0200 STD Compound List negative.csv","2M20_pv_neg","nega","2M20","2","pv","L-Serine","C3H7NO3",14.571,104.035301,81413.48
"Serum","0100 and 0200 STD Compound List negative.csv","2M20_pv_neg","nega","2M20","2","pv","L-Threonine","C4H9NO3",14.098,118.050842,496163.47
"Serum","0100 and 0200 STD Compound List negative.csv","2M20_pv_neg","nega","2M20","2","pv","L-Tyrosine","C9H11NO3",11.515,180.066528,442549.16
"Serum","0100 and 0200 STD Compound List negative.csv","2M20_pv_neg","nega","2M20","2","pv","Linoleic acid","C18H32O2",2.2255,279.734528,64453044
"Serum","0100 and 0200 STD Compound List negative.csv","2M20_pv_neg","nega","2M20","2","pv","Oleic acid","C18H34O2",2.208,282.251953,58086656
"Serum","0100 and 0200 STD Compound List negative.csv","2M20_pv_neg","nega","2M20","2","pv","Palmitic acid","C16H32O2",2.238,256.738342,55821696
"Serum","0100 and 0200 STD Compound List negative.csv","2M20_pv_neg","nega","2M20","2","pv","Pyruvic acid","C3H4O3",3.755,88.0121,5549193.5
"Serum","0100 and 0200 STD Compound List negative.csv","2M20_pv_neg","nega","2M20","2","pv","Stearic acid","C18H36O2",2.198,284.76947,22545374
"Serum","0100 and 0200 STD Compound List negative.csv","2M20_pv_neg","nega","2M20","2","pv","Valine","C5H11NO2",11.9165,116.570152,2360541
"Serum","0100 and 0200 STD Compound List negative.csv","2M20_pv_neg","nega","2M20","2","pv","Valine-C13N15","C5H11NO2",11.926,122.085609,734792.31
"Serum","0100 and 0200 STD Compound List negative.csv","2M20_pv_neg","nega","2M20","2","pv","alpha-D-Glucose","C6H12O6",12.788,180.560341,7088994
"Serum","0100 and 0200 STD Compound List negative.csv","2M20_sys_sac_neg","nega","2M20","2","sys_sac","3-Hydroxybutyric acid","C4H8O3",8.624,103.040039,700916.5
"Serum","0100 and 0200 STD Compound List negative.csv","2M20_sys_sac_neg","nega","2M20","2","sys_sac","Arachidonic acid","C20H32O2",2.1925,305.741516,32441590
"Serum","0100 and 0200 STD Compound List negative.csv","2M20_sys_sac_neg","nega","2M20","2","sys_sac","Citric acid","C6H8O7",15.183,191.01976,97098.69
"Serum","0100 and 0200 STD Compound List negative.csv","2M20_sys_sac_neg","nega","2M20","2","sys_sac","D-Tryptophan","C11H12N2O2",9.496,204.5862045,2722645
"Serum","0100 and 0200 STD Compound List negative.csv","2M20_sys_sac_neg","nega","2M20","2","sys_sac","Glycine","C2H5NO2",14.387,74.024841,250326.05
"Serum","0100 and 0200 STD Compound List negative.csv","2M20_sys_sac_neg","nega","2M20","2","sys_sac","L-Alanine","C3H7NO2",14.045,88.5421295,1228574.88
"Serum","0100 and 0200 STD Compound List negative.csv","2M20_sys_sac_neg","nega","2M20","2","sys_sac","L-Arginine","C6H14N4O2",18.337,173.104416,329555.03
"Serum","0100 and 0200 STD Compound List negative.csv","2M20_sys_sac_neg","nega","2M20","2","sys_sac","L-Asparagine","C4H8N2O3",14.548,131.045731,116410.38
"Serum","0100 and 0200 STD Compound List negative.csv","2M20_sys_sac_neg","nega","2M20","2","sys_sac","L-Aspartic acid","C4H7NO4",14.634,132.030319,173657.59
"Serum","0100 and 0200 STD Compound List negative.csv","2M20_sys_sac_neg","nega","2M20","2","sys_sac","L-Cystine","C6H12N2O4S2",15.195,239.016739,0
"Serum","0100 and 0200 STD Compound List negative.csv","2M20_sys_sac_neg","nega","2M20","2","sys_sac","L-Glutamic acid","C5H9NO4",14.5155,146.5479125,196552.58
"Serum","0100 and 0200 STD Compound List negative.csv","2M20_sys_sac_neg","nega","2M20","2","sys_sac","L-Glutamine","C5H10N2O3",14.489,146.05928,3112051.25
"Serum","0100 and 0200 STD Compound List negative.csv","2M20_sys_sac_neg","nega","2M20","2","sys_sac","L-Histidine","C6H9N3O2",14.662,154.062378,393383.34
"Serum","0100 and 0200 STD Compound List negative.csv","2M20_sys_sac_neg","nega","2M20","2","sys_sac","L-Isoleucine","C6H13NO2",10.4725,130.5890505,2733448.75
"Serum","0100 and 0200 STD Compound List negative.csv","2M20_sys_sac_neg","nega","2M20","2","sys_sac","L-Lactic acid","C3H6O3",8.0075,89.526058,59940740
"Serum","0100 and 0200 STD Compound List negative.csv","2M20_sys_sac_neg","nega","2M20","2","sys_sac","L-Leucine","C6H13NO2",9.946,130.589043,4774990.5
"Serum","0100 and 0200 STD Compound List negative.csv","2M20_sys_sac_neg","nega","2M20","2","sys_sac","L-Lysine","C6H14N2O2",18.448,145.596428,707485.56
"Serum","0100 and 0200 STD Compound List negative.csv","2M20_sys_sac_neg","nega","2M20","2","sys_sac","L-Methionine","C5H11NO2S",10.732,148.0439,731872.19
"Serum","0100 and 0200 STD Compound List negative.csv","2M20_sys_sac_neg","nega","2M20","2","sys_sac","L-Phenylalanine","C9H11NO2",9.527,165.076538,3380496
"Serum","0100 and 0200 STD Compound List negative.csv","2M20_sys_sac_neg","nega","2M20","2","sys_sac","L-Proline","C5H9NO2",12.663,114.5577165,1305609.12
"Serum","0100 and 0200 STD Compound List negative.csv","2M20_sys_sac_neg","nega","2M20","2","sys_sac","L-Serine","C3H7NO3",14.571,104.035301,140604.8
"Serum","0100 and 0200 STD Compound List negative.csv","2M20_sys_sac_neg","nega","2M20","2","sys_sac","L-Threonine","C4H9NO3",14.098,118.050842,639539.94
"Serum","0100 and 0200 STD Compound List negative.csv","2M20_sys_sac_neg","nega","2M20","2","sys_sac","L-Tyrosine","C9H11NO3",11.515,180.066528,821355.75
"Serum","0100 and 0200 STD Compound List negative.csv","2M20_sys_sac_neg","nega","2M20","2","sys_sac","Linoleic acid","C18H32O2",2.2255,279.734528,196773584
"Serum","0100 and 0200 STD Compound List negative.csv","2M20_sys_sac_neg","nega","2M20","2","sys_sac","Oleic acid","C18H34O2",2.208,282.251953,502108544
"Serum","0100 and 0200 STD Compound List negative.csv","2M20_sys_sac_neg","nega","2M20","2","sys_sac","Palmitic acid","C16H32O2",2.238,256.738342,169781568
"Serum","0100 and 0200 STD Compound List negative.csv","2M20_sys_sac_neg","nega","2M20","2","sys_sac","Pyruvic acid","C3H4O3",3.755,88.0121,18931648
"Serum","0100 and 0200 STD Compound List negative.csv","2M20_sys_sac_neg","nega","2M20","2","sys_sac","Stearic acid","C18H36O2",2.198,284.76947,61121876
"Serum","0100 and 0200 STD Compound List negative.csv","2M20_sys_sac_neg","nega","2M20","2","sys_sac","Valine","C5H11NO2",11.9165,116.570152,2058606.88
"Serum","0100 and 0200 STD Compound List negative.csv","2M20_sys_sac_neg","nega","2M20","2","sys_sac","Valine-C13N15","C5H11NO2",11.926,122.085609,768654.69
"Serum","0100 and 0200 STD Compound List negative.csv","2M20_sys_sac_neg","nega","2M20","2","sys_sac","alpha-D-Glucose","C6H12O6",12.788,180.560341,6400054
"Serum","0100 and 0200 STD Compound List negative.csv","2M22_pv_neg","nega","2M22","2","pv","3-Hydroxybutyric acid","C4H8O3",8.624,103.040039,1367399.12
"Serum","0100 and 0200 STD Compound List negative.csv","2M22_pv_neg","nega","2M22","2","pv","Arachidonic acid","C20H32O2",2.1925,305.741516,12680416
"Serum","0100 and 0200 STD Compound List negative.csv","2M22_pv_neg","nega","2M22","2","pv","Citric acid","C6H8O7",15.183,191.01976,54689.59
"Serum","0100 and 0200 STD Compound List negative.csv","2M22_pv_neg","nega","2M22","2","pv","D-Tryptophan","C11H12N2O2",9.496,204.5862045,1107132.5
"Serum","0100 and 0200 STD Compound List negative.csv","2M22_pv_neg","nega","2M22","2","pv","Glycine","C2H5NO2",14.387,74.024841,92508.06
"Serum","0100 and 0200 STD Compound List negative.csv","2M22_pv_neg","nega","2M22","2","pv","L-Alanine","C3H7NO2",14.045,88.5421295,2161745
"Serum","0100 and 0200 STD Compound List negative.csv","2M22_pv_neg","nega","2M22","2","pv","L-Arginine","C6H14N4O2",18.337,173.104416,124512.72
"Serum","0100 and 0200 STD Compound List negative.csv","2M22_pv_neg","nega","2M22","2","pv","L-Asparagine","C4H8N2O3",14.548,131.045731,98063.85
"Serum","0100 and 0200 STD Compound List negative.csv","2M22_pv_neg","nega","2M22","2","pv","L-Aspartic acid","C4H7NO4",14.634,132.030319,28242.62
"Serum","0100 and 0200 STD Compound List negative.csv","2M22_pv_neg","nega","2M22","2","pv","L-Cystine","C6H12N2O4S2",15.195,239.016739,799.53
"Serum","0100 and 0200 STD Compound List negative.csv","2M22_pv_neg","nega","2M22","2","pv","L-Glutamic acid","C5H9NO4",14.5155,146.5479125,212290.88
"Serum","0100 and 0200 STD Compound List negative.csv","2M22_pv_neg","nega","2M22","2","pv","L-Glutamine","C5H10N2O3",14.489,146.05928,1534426.62
"Serum","0100 and 0200 STD Compound List negative.csv","2M22_pv_neg","nega","2M22","2","pv","L-Histidine","C6H9N3O2",14.662,154.062378,55750.06
"Serum","0100 and 0200 STD Compound List negative.csv","2M22_pv_neg","nega","2M22","2","pv","L-Isoleucine","C6H13NO2",10.4725,130.5890505,2802957.25
"Serum","0100 and 0200 STD Compound List negative.csv","2M22_pv_neg","nega","2M22","2","pv","L-Lactic acid","C3H6O3",8.0075,89.526058,43916928
"Serum","0100 and 0200 STD Compound List negative.csv","2M22_pv_neg","nega","2M22","2","pv","L-Leucine","C6H13NO2",9.946,130.589043,3627378.75
"Serum","0100 and 0200 STD Compound List negative.csv","2M22_pv_neg","nega","2M22","2","pv","L-Lysine","C6H14N2O2",18.448,145.596428,445214.66
"Serum","0100 and 0200 STD Compound List negative.csv","2M22_pv_neg","nega","2M22","2","pv","L-Methionine","C5H11NO2S",10.732,148.0439,638958.81
"Serum","0100 and 0200 STD Compound List negative.csv","2M22_pv_neg","nega","2M22","2","pv","L-Phenylalanine","C9H11NO2",9.527,165.076538,2718029
"Serum","0100 and 0200 STD Compound List negative.csv","2M22_pv_neg","nega","2M22","2","pv","L-Proline","C5H9NO2",12.663,114.5577165,1662156.38
"Serum","0100 and 0200 STD Compound List negative.csv","2M22_pv_neg","nega","2M22","2","pv","L-Serine","C3H7NO3",14.571,104.035301,124837.23
"Serum","0100 and 0200 STD Compound List negative.csv","2M22_pv_neg","nega","2M22","2","pv","L-Threonine","C4H9NO3",14.098,118.050842,591034.19
"Serum","0100 and 0200 STD Compound List negative.csv","2M22_pv_neg","nega","2M22","2","pv","L-Tyrosine","C9H11NO3",11.515,180.066528,474174.72
"Serum","0100 and 0200 STD Compound List negative.csv","2M22_pv_neg","nega","2M22","2","pv","Linoleic acid","C18H32O2",2.2255,279.734528,47639628
"Serum","0100 and 0200 STD Compound List negative.csv","2M22_pv_neg","nega","2M22","2","pv","Oleic acid","C18H34O2",2.208,282.251953,39865844
"Serum","0100 and 0200 STD Compound List negative.csv","2M22_pv_neg","nega","2M22","2","pv","Palmitic acid","C16H32O2",2.238,256.738342,38705684
"Serum","0100 and 0200 STD Compound List negative.csv","2M22_pv_neg","nega","2M22","2","pv","Pyruvic acid","C3H4O3",3.755,88.0121,8462981
"Serum","0100 and 0200 STD Compound List negative.csv","2M22_pv_neg","nega","2M22","2","pv","Stearic acid","C18H36O2",2.198,284.76947,23153354
"Serum","0100 and 0200 STD Compound List negative.csv","2M22_pv_neg","nega","2M22","2","pv","Valine","C5H11NO2",11.9165,116.570152,1959640.38
"Serum","0100 and 0200 STD Compound List negative.csv","2M22_pv_neg","nega","2M22","2","pv","Valine-C13N15","C5H11NO2",11.926,122.085609,786162
"Serum","0100 and 0200 STD Compound List negative.csv","2M22_pv_neg","nega","2M22","2","pv","alpha-D-Glucose","C6H12O6",12.788,180.560341,4958486.5
"Serum","0100 and 0200 STD Compound List negative.csv","2M22_sys_sac_neg","nega","2M22","2","sys_sac","3-Hydroxybutyric acid","C4H8O3",8.624,103.040039,1797226.88
"Serum","0100 and 0200 STD Compound List negative.csv","2M22_sys_sac_neg","nega","2M22","2","sys_sac","Arachidonic acid","C20H32O2",2.1925,305.741516,35826860
"Serum","0100 and 0200 STD Compound List negative.csv","2M22_sys_sac_neg","nega","2M22","2","sys_sac","Citric acid","C6H8O7",15.183,191.01976,11898.09
"Serum","0100 and 0200 STD Compound List negative.csv","2M22_sys_sac_neg","nega","2M22","2","sys_sac","D-Tryptophan","C11H12N2O2",9.496,204.5862045,2479926.25
"Serum","0100 and 0200 STD Compound List negative.csv","2M22_sys_sac_neg","nega","2M22","2","sys_sac","Glycine","C2H5NO2",14.387,74.024841,20050.46
"Serum","0100 and 0200 STD Compound List negative.csv","2M22_sys_sac_neg","nega","2M22","2","sys_sac","L-Alanine","C3H7NO2",14.045,88.5421295,1440929.5
"Serum","0100 and 0200 STD Compound List negative.csv","2M22_sys_sac_neg","nega","2M22","2","sys_sac","L-Arginine","C6H14N4O2",18.337,173.104416,295812.28
"Serum","0100 and 0200 STD Compound List negative.csv","2M22_sys_sac_neg","nega","2M22","2","sys_sac","L-Asparagine","C4H8N2O3",14.548,131.045731,29122.67
"Serum","0100 and 0200 STD Compound List negative.csv","2M22_sys_sac_neg","nega","2M22","2","sys_sac","L-Aspartic acid","C4H7NO4",14.634,132.030319,27506.81
"Serum","0100 and 0200 STD Compound List negative.csv","2M22_sys_sac_neg","nega","2M22","2","sys_sac","L-Cystine","C6H12N2O4S2",15.195,239.016739,0
"Serum","0100 and 0200 STD Compound List negative.csv","2M22_sys_sac_neg","nega","2M22","2","sys_sac","L-Glutamic acid","C5H9NO4",14.5155,146.5479125,173095.2
"Serum","0100 and 0200 STD Compound List negative.csv","2M22_sys_sac_neg","nega","2M22","2","sys_sac","L-Glutamine","C5H10N2O3",14.489,146.05928,1689149
"Serum","0100 and 0200 STD Compound List negative.csv","2M22_sys_sac_neg","nega","2M22","2","sys_sac","L-Histidine","C6H9N3O2",14.662,154.062378,40744.05
"Serum","0100 and 0200 STD Compound List negative.csv","2M22_sys_sac_neg","nega","2M22","2","sys_sac","L-Isoleucine","C6H13NO2",10.4725,130.5890505,2273573.25
"Serum","0100 and 0200 STD Compound List negative.csv","2M22_sys_sac_neg","nega","2M22","2","sys_sac","L-Lactic acid","C3H6O3",8.0075,89.526058,54391072
"Serum","0100 and 0200 STD Compound List negative.csv","2M22_sys_sac_neg","nega","2M22","2","sys_sac","L-Leucine","C6H13NO2",9.946,130.589043,2990224.75
"Serum","0100 and 0200 STD Compound List negative.csv","2M22_sys_sac_neg","nega","2M22","2","sys_sac","L-Lysine","C6H14N2O2",18.448,145.596428,540799.5
"Serum","0100 and 0200 STD Compound List negative.csv","2M22_sys_sac_neg","nega","2M22","2","sys_sac","L-Methionine","C5H11NO2S",10.732,148.0439,710072.81
"Serum","0100 and 0200 STD Compound List negative.csv","2M22_sys_sac_neg","nega","2M22","2","sys_sac","L-Phenylalanine","C9H11NO2",9.527,165.076538,2224545.5
"Serum","0100 and 0200 STD Compound List negative.csv","2M22_sys_sac_neg","nega","2M22","2","sys_sac","L-Proline","C5H9NO2",12.663,114.5577165,1026586.5
"Serum","0100 and 0200 STD Compound List negative.csv","2M22_sys_sac_neg","nega","2M22","2","sys_sac","L-Serine","C3H7NO3",14.571,104.035301,63014.03
"Serum","0100 and 0200 STD Compound List negative.csv","2M22_sys_sac_neg","nega","2M22","2","sys_sac","L-Threonine","C4H9NO3",14.098,118.050842,451337.25
"Serum","0100 and 0200 STD Compound List negative.csv","2M22_sys_sac_neg","nega","2M22","2","sys_sac","L-Tyrosine","C9H11NO3",11.515,180.066528,537563.44
"Serum","0100 and 0200 STD Compound List negative.csv","2M22_sys_sac_neg","nega","2M22","2","sys_sac","Linoleic acid","C18H32O2",2.2255,279.734528,157353280
"Serum","0100 and 0200 STD Compound List negative.csv","2M22_sys_sac_neg","nega","2M22","2","sys_sac","Oleic acid","C18H34O2",2.208,282.251953,156801296
"Serum","0100 and 0200 STD Compound List negative.csv","2M22_sys_sac_neg","nega","2M22","2","sys_sac","Palmitic acid","C16H32O2",2.238,256.738342,126319624
"Serum","0100 and 0200 STD Compound List negative.csv","2M22_sys_sac_neg","nega","2M22","2","sys_sac","Pyruvic acid","C3H4O3",3.755,88.0121,26492952
"Serum","0100 and 0200 STD Compound List negative.csv","2M22_sys_sac_neg","nega","2M22","2","sys_sac","Stearic acid","C18H36O2",2.198,284.76947,58435900
"Serum","0100 and 0200 STD Compound List negative.csv","2M22_sys_sac_neg","nega","2M22","2","sys_sac","Valine","C5H11NO2",11.9165,116.570152,1635020.12
"Serum","0100 and 0200 STD Compound List negative.csv","2M22_sys_sac_neg","nega","2M22","2","sys_sac","Valine-C13N15","C5H11NO2",11.926,122.085609,761260.44
"Serum","0100 and 0200 STD Compound List negative.csv","2M22_sys_sac_neg","nega","2M22","2","sys_sac","alpha-D-Glucose","C6H12O6",12.788,180.560341,6307824.5
"Serum","0100 and 0200 STD Compound List negative.csv","2M23_pv_neg","nega","2M23","2","pv","3-Hydroxybutyric acid","C4H8O3",8.624,103.040039,860216.5
"Serum","0100 and 0200 STD Compound List negative.csv","2M23_pv_neg","nega","2M23","2","pv","Arachidonic acid","C20H32O2",2.1925,305.741516,12185299
"Serum","0100 and 0200 STD Compound List negative.csv","2M23_pv_neg","nega","2M23","2","pv","Citric acid","C6H8O7",15.183,191.01976,1180.82
"Serum","0100 and 0200 STD Compound List negative.csv","2M23_pv_neg","nega","2M23","2","pv","D-Tryptophan","C11H12N2O2",9.496,204.5862045,1171538.38
"Serum","0100 and 0200 STD Compound List negative.csv","2M23_pv_neg","nega","2M23","2","pv","Glycine","C2H5NO2",14.387,74.024841,170867.48
"Serum","0100 and 0200 STD Compound List negative.csv","2M23_pv_neg","nega","2M23","2","pv","L-Alanine","C3H7NO2",14.045,88.5421295,2652821.25
"Serum","0100 and 0200 STD Compound List negative.csv","2M23_pv_neg","nega","2M23","2","pv","L-Arginine","C6H14N4O2",18.337,173.104416,246641.33
"Serum","0100 and 0200 STD Compound List negative.csv","2M23_pv_neg","nega","2M23","2","pv","L-Asparagine","C4H8N2O3",14.548,131.045731,130226.47
"Serum","0100 and 0200 STD Compound List negative.csv","2M23_pv_neg","nega","2M23","2","pv","L-Aspartic acid","C4H7NO4",14.634,132.030319,56754.34
"Serum","0100 and 0200 STD Compound List negative.csv","2M23_pv_neg","nega","2M23","2","pv","L-Cystine","C6H12N2O4S2",15.195,239.016739,1799.17
"Serum","0100 and 0200 STD Compound List negative.csv","2M23_pv_neg","nega","2M23","2","pv","L-Glutamic acid","C5H9NO4",14.5155,146.5479125,374371.41
"Serum","0100 and 0200 STD Compound List negative.csv","2M23_pv_neg","nega","2M23","2","pv","L-Glutamine","C5H10N2O3",14.489,146.05928,2132337.25
"Serum","0100 and 0200 STD Compound List negative.csv","2M23_pv_neg","nega","2M23","2","pv","L-Histidine","C6H9N3O2",14.662,154.062378,50192.33
"Serum","0100 and 0200 STD Compound List negative.csv","2M23_pv_neg","nega","2M23","2","pv","L-Isoleucine","C6H13NO2",10.4725,130.5890505,3165628
"Serum","0100 and 0200 STD Compound List negative.csv","2M23_pv_neg","nega","2M23","2","pv","L-Lactic acid","C3H6O3",8.0075,89.526058,69017952
"Serum","0100 and 0200 STD Compound List negative.csv","2M23_pv_neg","nega","2M23","2","pv","L-Leucine","C6H13NO2",9.946,130.589043,4295470.5
"Serum","0100 and 0200 STD Compound List negative.csv","2M23_pv_neg","nega","2M23","2","pv","L-Lysine","C6H14N2O2",18.448,145.596428,636783.31
"Serum","0100 and 0200 STD Compound List negative.csv","2M23_pv_neg","nega","2M23","2","pv","L-Methionine","C5H11NO2S",10.732,148.0439,817195.44
"Serum","0100 and 0200 STD Compound List negative.csv","2M23_pv_neg","nega","2M23","2","pv","L-Phenylalanine","C9H11NO2",9.527,165.076538,2689315.25
"Serum","0100 and 0200 STD Compound List negative.csv","2M23_pv_neg","nega","2M23","2","pv","L-Proline","C5H9NO2",12.663,114.5577165,2427004.75
"Serum","0100 and 0200 STD Compound List negative.csv","2M23_pv_neg","nega","2M23","2","pv","L-Serine","C3H7NO3",14.571,104.035301,148978.72
"Serum","0100 and 0200 STD Compound List negative.csv","2M23_pv_neg","nega","2M23","2","pv","L-Threonine","C4H9NO3",14.098,118.050842,932967.56
"Serum","0100 and 0200 STD Compound List negative.csv","2M23_pv_neg","nega","2M23","2","pv","L-Tyrosine","C9H11NO3",11.515,180.066528,722849.81
"Serum","0100 and 0200 STD Compound List negative.csv","2M23_pv_neg","nega","2M23","2","pv","Linoleic acid","C18H32O2",2.2255,279.734528,59908284
"Serum","0100 and 0200 STD Compound List negative.csv","2M23_pv_neg","nega","2M23","2","pv","Oleic acid","C18H34O2",2.208,282.251953,51481952
"Serum","0100 and 0200 STD Compound List negative.csv","2M23_pv_neg","nega","2M23","2","pv","Palmitic acid","C16H32O2",2.238,256.738342,43091700
"Serum","0100 and 0200 STD Compound List negative.csv","2M23_pv_neg","nega","2M23","2","pv","Pyruvic acid","C3H4O3",3.755,88.0121,9067441
"Serum","0100 and 0200 STD Compound List negative.csv","2M23_pv_neg","nega","2M23","2","pv","Stearic acid","C18H36O2",2.198,284.76947,19455292
"Serum","0100 and 0200 STD Compound List negative.csv","2M23_pv_neg","nega","2M23","2","pv","Valine","C5H11NO2",11.9165,116.570152,2657908.75
"Serum","0100 and 0200 STD Compound List negative.csv","2M23_pv_neg","nega","2M23","2","pv","Valine-C13N15","C5H11NO2",11.926,122.085609,764313.19
"Serum","0100 and 0200 STD Compound List negative.csv","2M23_pv_neg","nega","2M23","2","pv","alpha-D-Glucose","C6H12O6",12.788,180.560341,7278862.5
"Serum","0100 and 0200 STD Compound List negative.csv","2M23_sys_sac_neg","nega","2M23","2","sys_sac","3-Hydroxybutyric acid","C4H8O3",8.624,103.040039,268942.53
"Serum","0100 and 0200 STD Compound List negative.csv","2M23_sys_sac_neg","nega","2M23","2","sys_sac","Arachidonic acid","C20H32O2",2.1925,305.741516,27577966
"Serum","0100 and 0200 STD Compound List negative.csv","2M23_sys_sac_neg","nega","2M23","2","sys_sac","Citric acid","C6H8O7",15.183,191.01976,63669.38
"Serum","0100 and 0200 STD Compound List negative.csv","2M23_sys_sac_neg","nega","2M23","2","sys_sac","D-Tryptophan","C11H12N2O2",9.496,204.5862045,5954741.5
"Serum","0100 and 0200 STD Compound List negative.csv","2M23_sys_sac_neg","nega","2M23","2","sys_sac","Glycine","C2H5NO2",14.387,74.024841,256083.64
"Serum","0100 and 0200 STD Compound List negative.csv","2M23_sys_sac_neg","nega","2M23","2","sys_sac","L-Alanine","C3H7NO2",14.045,88.5421295,3360006.25
"Serum","0100 and 0200 STD Compound List negative.csv","2M23_sys_sac_neg","nega","2M23","2","sys_sac","L-Arginine","C6H14N4O2",18.337,173.104416,180689.61
"Serum","0100 and 0200 STD Compound List negative.csv","2M23_sys_sac_neg","nega","2M23","2","sys_sac","L-Asparagine","C4H8N2O3",14.548,131.045731,133884.55
"Serum","0100 and 0200 STD Compound List negative.csv","2M23_sys_sac_neg","nega","2M23","2","sys_sac","L-Aspartic acid","C4H7NO4",14.634,132.030319,205963.86
"Serum","0100 and 0200 STD Compound List negative.csv","2M23_sys_sac_neg","nega","2M23","2","sys_sac","L-Cystine","C6H12N2O4S2",15.195,239.016739,744.15
"Serum","0100 and 0200 STD Compound List negative.csv","2M23_sys_sac_neg","nega","2M23","2","sys_sac","L-Glutamic acid","C5H9NO4",14.5155,146.5479125,862406.69
"Serum","0100 and 0200 STD Compound List negative.csv","2M23_sys_sac_neg","nega","2M23","2","sys_sac","L-Glutamine","C5H10N2O3",14.489,146.05928,3441575.75
"Serum","0100 and 0200 STD Compound List negative.csv","2M23_sys_sac_neg","nega","2M23","2","sys_sac","L-Histidine","C6H9N3O2",14.662,154.062378,156511.55
"Serum","0100 and 0200 STD Compound List negative.csv","2M23_sys_sac_neg","nega","2M23","2","sys_sac","L-Isoleucine","C6H13NO2",10.4725,130.5890505,3329153.25
"Serum","0100 and 0200 STD Compound List negative.csv","2M23_sys_sac_neg","nega","2M23","2","sys_sac","L-Lactic acid","C3H6O3",8.0075,89.526058,121507992
"Serum","0100 and 0200 STD Compound List negative.csv","2M23_sys_sac_neg","nega","2M23","2","sys_sac","L-Leucine","C6H13NO2",9.946,130.589043,6390992
"Serum","0100 and 0200 STD Compound List negative.csv","2M23_sys_sac_neg","nega","2M23","2","sys_sac","L-Lysine","C6H14N2O2",18.448,145.596428,828003.75
"Serum","0100 and 0200 STD Compound List negative.csv","2M23_sys_sac_neg","nega","2M23","2","sys_sac","L-Methionine","C5H11NO2S",10.732,148.0439,1333837.38
"Serum","0100 and 0200 STD Compound List negative.csv","2M23_sys_sac_neg","nega","2M23","2","sys_sac","L-Phenylalanine","C9H11NO2",9.527,165.076538,4779360.5
"Serum","0100 and 0200 STD Compound List negative.csv","2M23_sys_sac_neg","nega","2M23","2","sys_sac","L-Proline","C5H9NO2",12.663,114.5577165,3323109.75
"Serum","0100 and 0200 STD Compound List negative.csv","2M23_sys_sac_neg","nega","2M23","2","sys_sac","L-Serine","C3H7NO3",14.571,104.035301,251719.7
"Serum","0100 and 0200 STD Compound List negative.csv","2M23_sys_sac_neg","nega","2M23","2","sys_sac","L-Threonine","C4H9NO3",14.098,118.050842,1508583
"Serum","0100 and 0200 STD Compound List negative.csv","2M23_sys_sac_neg","nega","2M23","2","sys_sac","L-Tyrosine","C9H11NO3",11.515,180.066528,2107021.5
"Serum","0100 and 0200 STD Compound List negative.csv","2M23_sys_sac_neg","nega","2M23","2","sys_sac","Linoleic acid","C18H32O2",2.2255,279.734528,101051912
"Serum","0100 and 0200 STD Compound List negative.csv","2M23_sys_sac_neg","nega","2M23","2","sys_sac","Oleic acid","C18H34O2",2.208,282.251953,87756808
"Serum","0100 and 0200 STD Compound List negative.csv","2M23_sys_sac_neg","nega","2M23","2","sys_sac","Palmitic acid","C16H32O2",2.238,256.738342,63697840
"Serum","0100 and 0200 STD Compound List negative.csv","2M23_sys_sac_neg","nega","2M23","2","sys_sac","Pyruvic acid","C3H4O3",3.755,88.0121,32994464
"Serum","0100 and 0200 STD Compound List negative.csv","2M23_sys_sac_neg","nega","2M23","2","sys_sac","Stearic acid","C18H36O2",2.198,284.76947,38016208
"Serum","0100 and 0200 STD Compound List negative.csv","2M23_sys_sac_neg","nega","2M23","2","sys_sac","Valine","C5H11NO2",11.9165,116.570152,2688181
"Serum","0100 and 0200 STD Compound List negative.csv","2M23_sys_sac_neg","nega","2M23","2","sys_sac","Valine-C13N15","C5H11NO2",11.926,122.085609,640935.06
"Serum","0100 and 0200 STD Compound List negative.csv","2M23_sys_sac_neg","nega","2M23","2","sys_sac","alpha-D-Glucose","C6H12O6",12.788,180.560341,8808237
"Serum","0100 and 0200 STD Compound List negative.csv","2M26_pv_neg","nega","2M26","2","pv","3-Hydroxybutyric acid","C4H8O3",8.624,103.040039,1082358.88
"Serum","0100 and 0200 STD Compound List negative.csv","2M26_pv_neg","nega","2M26","2","pv","Arachidonic acid","C20H32O2",2.1925,305.741516,12313952
"Serum","0100 and 0200 STD Compound List negative.csv","2M26_pv_neg","nega","2M26","2","pv","Citric acid","C6H8O7",15.183,191.01976,99173.38
"Serum","0100 and 0200 STD Compound List negative.csv","2M26_pv_neg","nega","2M26","2","pv","D-Tryptophan","C11H12N2O2",9.496,204.5862045,717122.5
"Serum","0100 and 0200 STD Compound List negative.csv","2M26_pv_neg","nega","2M26","2","pv","Glycine","C2H5NO2",14.387,74.024841,121539.16
"Serum","0100 and 0200 STD Compound List negative.csv","2M26_pv_neg","nega","2M26","2","pv","L-Alanine","C3H7NO2",14.045,88.5421295,2934313.75
"Serum","0100 and 0200 STD Compound List negative.csv","2M26_pv_neg","nega","2M26","2","pv","L-Arginine","C6H14N4O2",18.337,173.104416,141766.08
"Serum","0100 and 0200 STD Compound List negative.csv","2M26_pv_neg","nega","2M26","2","pv","L-Asparagine","C4H8N2O3",14.548,131.045731,87869.62
"Serum","0100 and 0200 STD Compound List negative.csv","2M26_pv_neg","nega","2M26","2","pv","L-Aspartic acid","C4H7NO4",14.634,132.030319,34193.1
"Serum","0100 and 0200 STD Compound List negative.csv","2M26_pv_neg","nega","2M26","2","pv","L-Cystine","C6H12N2O4S2",15.195,239.016739,2093.98
"Serum","0100 and 0200 STD Compound List negative.csv","2M26_pv_neg","nega","2M26","2","pv","L-Glutamic acid","C5H9NO4",14.5155,146.5479125,180369.89
"Serum","0100 and 0200 STD Compound List negative.csv","2M26_pv_neg","nega","2M26","2","pv","L-Glutamine","C5H10N2O3",14.489,146.05928,1464922.12
"Serum","0100 and 0200 STD Compound List negative.csv","2M26_pv_neg","nega","2M26","2","pv","L-Histidine","C6H9N3O2",14.662,154.062378,78464.83
"Serum","0100 and 0200 STD Compound List negative.csv","2M26_pv_neg","nega","2M26","2","pv","L-Isoleucine","C6H13NO2",10.4725,130.5890505,3322023.75
"Serum","0100 and 0200 STD Compound List negative.csv","2M26_pv_neg","nega","2M26","2","pv","L-Lactic acid","C3H6O3",8.0075,89.526058,51660348
"Serum","0100 and 0200 STD Compound List negative.csv","2M26_pv_neg","nega","2M26","2","pv","L-Leucine","C6H13NO2",9.946,130.589043,5390570
"Serum","0100 and 0200 STD Compound List negative.csv","2M26_pv_neg","nega","2M26","2","pv","L-Lysine","C6H14N2O2",18.448,145.596428,465314.12
"Serum","0100 and 0200 STD Compound List negative.csv","2M26_pv_neg","nega","2M26","2","pv","L-Methionine","C5H11NO2S",10.732,148.0439,665852.31
"Serum","0100 and 0200 STD Compound List negative.csv","2M26_pv_neg","nega","2M26","2","pv","L-Phenylalanine","C9H11NO2",9.527,165.076538,2596324.75
"Serum","0100 and 0200 STD Compound List negative.csv","2M26_pv_neg","nega","2M26","2","pv","L-Proline","C5H9NO2",12.663,114.5577165,2855981.75
"Serum","0100 and 0200 STD Compound List negative.csv","2M26_pv_neg","nega","2M26","2","pv","L-Serine","C3H7NO3",14.571,104.035301,140411.17
"Serum","0100 and 0200 STD Compound List negative.csv","2M26_pv_neg","nega","2M26","2","pv","L-Threonine","C4H9NO3",14.098,118.050842,763736.31
"Serum","0100 and 0200 STD Compound List negative.csv","2M26_pv_neg","nega","2M26","2","pv","L-Tyrosine","C9H11NO3",11.515,180.066528,594187.06
"Serum","0100 and 0200 STD Compound List negative.csv","2M26_pv_neg","nega","2M26","2","pv","Linoleic acid","C18H32O2",2.2255,279.734528,57871652
"Serum","0100 and 0200 STD Compound List negative.csv","2M26_pv_neg","nega","2M26","2","pv","Oleic acid","C18H34O2",2.208,282.251953,40902336
"Serum","0100 and 0200 STD Compound List negative.csv","2M26_pv_neg","nega","2M26","2","pv","Palmitic acid","C16H32O2",2.238,256.738342,40885000
"Serum","0100 and 0200 STD Compound List negative.csv","2M26_pv_neg","nega","2M26","2","pv","Pyruvic acid","C3H4O3",3.755,88.0121,6635546.5
"Serum","0100 and 0200 STD Compound List negative.csv","2M26_pv_neg","nega","2M26","2","pv","Stearic acid","C18H36O2",2.198,284.76947,24709760
"Serum","0100 and 0200 STD Compound List negative.csv","2M26_pv_neg","nega","2M26","2","pv","Valine","C5H11NO2",11.9165,116.570152,2839928.75
"Serum","0100 and 0200 STD Compound List negative.csv","2M26_pv_neg","nega","2M26","2","pv","Valine-C13N15","C5H11NO2",11.926,122.085609,787509.56
"Serum","0100 and 0200 STD Compound List negative.csv","2M26_pv_neg","nega","2M26","2","pv","alpha-D-Glucose","C6H12O6",12.788,180.560341,9082471
"Serum","0100 and 0200 STD Compound List negative.csv","2M26_sys_sac_neg","nega","2M26","2","sys_sac","3-Hydroxybutyric acid","C4H8O3",8.624,103.040039,356350.41
"Serum","0100 and 0200 STD Compound List negative.csv","2M26_sys_sac_neg","nega","2M26","2","sys_sac","Arachidonic acid","C20H32O2",2.1925,305.741516,40703156
"Serum","0100 and 0200 STD Compound List negative.csv","2M26_sys_sac_neg","nega","2M26","2","sys_sac","Citric acid","C6H8O7",15.183,191.01976,238140.3
"Serum","0100 and 0200 STD Compound List negative.csv","2M26_sys_sac_neg","nega","2M26","2","sys_sac","D-Tryptophan","C11H12N2O2",9.496,204.5862045,3656243.25
"Serum","0100 and 0200 STD Compound List negative.csv","2M26_sys_sac_neg","nega","2M26","2","sys_sac","Glycine","C2H5NO2",14.387,74.024841,112503.81
"Serum","0100 and 0200 STD Compound List negative.csv","2M26_sys_sac_neg","nega","2M26","2","sys_sac","L-Alanine","C3H7NO2",14.045,88.5421295,1110547.62
"Serum","0100 and 0200 STD Compound List negative.csv","2M26_sys_sac_neg","nega","2M26","2","sys_sac","L-Arginine","C6H14N4O2",18.337,173.104416,377199.75
"Serum","0100 and 0200 STD Compound List negative.csv","2M26_sys_sac_neg","nega","2M26","2","sys_sac","L-Asparagine","C4H8N2O3",14.548,131.045731,50177.19
"Serum","0100 and 0200 STD Compound List negative.csv","2M26_sys_sac_neg","nega","2M26","2","sys_sac","L-Aspartic acid","C4H7NO4",14.634,132.030319,152030.11
"Serum","0100 and 0200 STD Compound List negative.csv","2M26_sys_sac_neg","nega","2M26","2","sys_sac","L-Cystine","C6H12N2O4S2",15.195,239.016739,0
"Serum","0100 and 0200 STD Compound List negative.csv","2M26_sys_sac_neg","nega","2M26","2","sys_sac","L-Glutamic acid","C5H9NO4",14.5155,146.5479125,95212.99
"Serum","0100 and 0200 STD Compound List negative.csv","2M26_sys_sac_neg","nega","2M26","2","sys_sac","L-Glutamine","C5H10N2O3",14.489,146.05928,1343028.12
"Serum","0100 and 0200 STD Compound List negative.csv","2M26_sys_sac_neg","nega","2M26","2","sys_sac","L-Histidine","C6H9N3O2",14.662,154.062378,156546.45
"Serum","0100 and 0200 STD Compound List negative.csv","2M26_sys_sac_neg","nega","2M26","2","sys_sac","L-Isoleucine","C6H13NO2",10.4725,130.5890505,2940209
"Serum","0100 and 0200 STD Compound List negative.csv","2M26_sys_sac_neg","nega","2M26","2","sys_sac","L-Lactic acid","C3H6O3",8.0075,89.526058,80615384
"Serum","0100 and 0200 STD Compound List negative.csv","2M26_sys_sac_neg","nega","2M26","2","sys_sac","L-Leucine","C6H13NO2",9.946,130.589043,5454998.5
"Serum","0100 and 0200 STD Compound List negative.csv","2M26_sys_sac_neg","nega","2M26","2","sys_sac","L-Lysine","C6H14N2O2",18.448,145.596428,787388.44
"Serum","0100 and 0200 STD Compound List negative.csv","2M26_sys_sac_neg","nega","2M26","2","sys_sac","L-Methionine","C5H11NO2S",10.732,148.0439,917990.81
"Serum","0100 and 0200 STD Compound List negative.csv","2M26_sys_sac_neg","nega","2M26","2","sys_sac","L-Phenylalanine","C9H11NO2",9.527,165.076538,2738199.5
"Serum","0100 and 0200 STD Compound List negative.csv","2M26_sys_sac_neg","nega","2M26","2","sys_sac","L-Proline","C5H9NO2",12.663,114.5577165,2250900.25
"Serum","0100 and 0200 STD Compound List negative.csv","2M26_sys_sac_neg","nega","2M26","2","sys_sac","L-Serine","C3H7NO3",14.571,104.035301,75553.56
"Serum","0100 and 0200 STD Compound List negative.csv","2M26_sys_sac_neg","nega","2M26","2","sys_sac","L-Threonine","C4H9NO3",14.098,118.050842,584322.44
"Serum","0100 and 0200 STD Compound List negative.csv","2M26_sys_sac_neg","nega","2M26","2","sys_sac","L-Tyrosine","C9H11NO3",11.515,180.066528,845615.25
"Serum","0100 and 0200 STD Compound List negative.csv","2M26_sys_sac_neg","nega","2M26","2","sys_sac","Linoleic acid","C18H32O2",2.2255,279.734528,137225072
"Serum","0100 and 0200 STD Compound List negative.csv","2M26_sys_sac_neg","nega","2M26","2","sys_sac","Oleic acid","C18H34O2",2.208,282.251953,147023296
"Serum","0100 and 0200 STD Compound List negative.csv","2M26_sys_sac_neg","nega","2M26","2","sys_sac","Palmitic acid","C16H32O2",2.238,256.738342,136421264
"Serum","0100 and 0200 STD Compound List negative.csv","2M26_sys_sac_neg","nega","2M26","2","sys_sac","Pyruvic acid","C3H4O3",3.755,88.0121,21066740
"Serum","0100 and 0200 STD Compound List negative.csv","2M26_sys_sac_neg","nega","2M26","2","sys_sac","Stearic acid","C18H36O2",2.198,284.76947,78710992
"Serum","0100 and 0200 STD Compound List negative.csv","2M26_sys_sac_neg","nega","2M26","2","sys_sac","Valine","C5H11NO2",11.9165,116.570152,2339600
"Serum","0100 and 0200 STD Compound List negative.csv","2M26_sys_sac_neg","nega","2M26","2","sys_sac","Valine-C13N15","C5H11NO2",11.926,122.085609,638856.31
"Serum","0100 and 0200 STD Compound List negative.csv","2M26_sys_sac_neg","nega","2M26","2","sys_sac","alpha-D-Glucose","C6H12O6",12.788,180.560341,7706182.5
"Serum","0100 and 0200 STD Compound List negative.csv","2M31_pv_neg","nega","2M31","2","pv","3-Hydroxybutyric acid","C4H8O3",8.624,103.040039,1074629
"Serum","0100 and 0200 STD Compound List negative.csv","2M31_pv_neg","nega","2M31","2","pv","Arachidonic acid","C20H32O2",2.1925,305.741516,9078932
"Serum","0100 and 0200 STD Compound List negative.csv","2M31_pv_neg","nega","2M31","2","pv","Citric acid","C6H8O7",15.183,191.01976,10721.86
"Serum","0100 and 0200 STD Compound List negative.csv","2M31_pv_neg","nega","2M31","2","pv","D-Tryptophan","C11H12N2O2",9.496,204.5862045,992183
"Serum","0100 and 0200 STD Compound List negative.csv","2M31_pv_neg","nega","2M31","2","pv","Glycine","C2H5NO2",14.387,74.024841,169212.7
"Serum","0100 and 0200 STD Compound List negative.csv","2M31_pv_neg","nega","2M31","2","pv","L-Alanine","C3H7NO2",14.045,88.5421295,2162712.75
"Serum","0100 and 0200 STD Compound List negative.csv","2M31_pv_neg","nega","2M31","2","pv","L-Arginine","C6H14N4O2",18.337,173.104416,215497.45
"Serum","0100 and 0200 STD Compound List negative.csv","2M31_pv_neg","nega","2M31","2","pv","L-Asparagine","C4H8N2O3",14.548,131.045731,127522.04
"Serum","0100 and 0200 STD Compound List negative.csv","2M31_pv_neg","nega","2M31","2","pv","L-Aspartic acid","C4H7NO4",14.634,132.030319,40446.34
"Serum","0100 and 0200 STD Compound List negative.csv","2M31_pv_neg","nega","2M31","2","pv","L-Cystine","C6H12N2O4S2",15.195,239.016739,0
"Serum","0100 and 0200 STD Compound List negative.csv","2M31_pv_neg","nega","2M31","2","pv","L-Glutamic acid","C5H9NO4",14.5155,146.5479125,338466.44
"Serum","0100 and 0200 STD Compound List negative.csv","2M31_pv_neg","nega","2M31","2","pv","L-Glutamine","C5H10N2O3",14.489,146.05928,1748503
"Serum","0100 and 0200 STD Compound List negative.csv","2M31_pv_neg","nega","2M31","2","pv","L-Histidine","C6H9N3O2",14.662,154.062378,171511.16
"Serum","0100 and 0200 STD Compound List negative.csv","2M31_pv_neg","nega","2M31","2","pv","L-Isoleucine","C6H13NO2",10.4725,130.5890505,5475478.5
"Serum","0100 and 0200 STD Compound List negative.csv","2M31_pv_neg","nega","2M31","2","pv","L-Lactic acid","C3H6O3",8.0075,89.526058,55820956
"Serum","0100 and 0200 STD Compound List negative.csv","2M31_pv_neg","nega","2M31","2","pv","L-Leucine","C6H13NO2",9.946,130.589043,7259337.5
"Serum","0100 and 0200 STD Compound List negative.csv","2M31_pv_neg","nega","2M31","2","pv","L-Lysine","C6H14N2O2",18.448,145.596428,437163.22
"Serum","0100 and 0200 STD Compound List negative.csv","2M31_pv_neg","nega","2M31","2","pv","L-Methionine","C5H11NO2S",10.732,148.0439,743833.81
"Serum","0100 and 0200 STD Compound List negative.csv","2M31_pv_neg","nega","2M31","2","pv","L-Phenylalanine","C9H11NO2",9.527,165.076538,3462375.75
"Serum","0100 and 0200 STD Compound List negative.csv","2M31_pv_neg","nega","2M31","2","pv","L-Proline","C5H9NO2",12.663,114.5577165,3015635.25
"Serum","0100 and 0200 STD Compound List negative.csv","2M31_pv_neg","nega","2M31","2","pv","L-Serine","C3H7NO3",14.571,104.035301,96886.12
"Serum","0100 and 0200 STD Compound List negative.csv","2M31_pv_neg","nega","2M31","2","pv","L-Threonine","C4H9NO3",14.098,118.050842,489950.62
"Serum","0100 and 0200 STD Compound List negative.csv","2M31_pv_neg","nega","2M31","2","pv","L-Tyrosine","C9H11NO3",11.515,180.066528,587532.81
"Serum","0100 and 0200 STD Compound List negative.csv","2M31_pv_neg","nega","2M31","2","pv","Linoleic acid","C18H32O2",2.2255,279.734528,63109652
"Serum","0100 and 0200 STD Compound List negative.csv","2M31_pv_neg","nega","2M31","2","pv","Oleic acid","C18H34O2",2.208,282.251953,34765632
"Serum","0100 and 0200 STD Compound List negative.csv","2M31_pv_neg","nega","2M31","2","pv","Palmitic acid","C16H32O2",2.238,256.738342,37174100
"Serum","0100 and 0200 STD Compound List negative.csv","2M31_pv_neg","nega","2M31","2","pv","Pyruvic acid","C3H4O3",3.755,88.0121,14162923
"Serum","0100 and 0200 STD Compound List negative.csv","2M31_pv_neg","nega","2M31","2","pv","Stearic acid","C18H36O2",2.198,284.76947,22290880
"Serum","0100 and 0200 STD Compound List negative.csv","2M31_pv_neg","nega","2M31","2","pv","Valine","C5H11NO2",11.9165,116.570152,3897250
"Serum","0100 and 0200 STD Compound List negative.csv","2M31_pv_neg","nega","2M31","2","pv","Valine-C13N15","C5H11NO2",11.926,122.085609,839282
"Serum","0100 and 0200 STD Compound List negative.csv","2M31_pv_neg","nega","2M31","2","pv","alpha-D-Glucose","C6H12O6",12.788,180.560341,8359736.5
"Serum","0100 and 0200 STD Compound List negative.csv","2M31_sys_sac_neg","nega","2M31","2","sys_sac","3-Hydroxybutyric acid","C4H8O3",8.624,103.040039,332918.03
"Serum","0100 and 0200 STD Compound List negative.csv","2M31_sys_sac_neg","nega","2M31","2","sys_sac","Arachidonic acid","C20H32O2",2.1925,305.741516,35426268
"Serum","0100 and 0200 STD Compound List negative.csv","2M31_sys_sac_neg","nega","2M31","2","sys_sac","Citric acid","C6H8O7",15.183,191.01976,48679.5
"Serum","0100 and 0200 STD Compound List negative.csv","2M31_sys_sac_neg","nega","2M31","2","sys_sac","D-Tryptophan","C11H12N2O2",9.496,204.5862045,2620629.75
"Serum","0100 and 0200 STD Compound List negative.csv","2M31_sys_sac_neg","nega","2M31","2","sys_sac","Glycine","C2H5NO2",14.387,74.024841,131341.7
"Serum","0100 and 0200 STD Compound List negative.csv","2M31_sys_sac_neg","nega","2M31","2","sys_sac","L-Alanine","C3H7NO2",14.045,88.5421295,1231179.88
"Serum","0100 and 0200 STD Compound List negative.csv","2M31_sys_sac_neg","nega","2M31","2","sys_sac","L-Arginine","C6H14N4O2",18.337,173.104416,443537.59
"Serum","0100 and 0200 STD Compound List negative.csv","2M31_sys_sac_neg","nega","2M31","2","sys_sac","L-Asparagine","C4H8N2O3",14.548,131.045731,62929.43
"Serum","0100 and 0200 STD Compound List negative.csv","2M31_sys_sac_neg","nega","2M31","2","sys_sac","L-Aspartic acid","C4H7NO4",14.634,132.030319,158029.52
"Serum","0100 and 0200 STD Compound List negative.csv","2M31_sys_sac_neg","nega","2M31","2","sys_sac","L-Cystine","C6H12N2O4S2",15.195,239.016739,0
"Serum","0100 and 0200 STD Compound List negative.csv","2M31_sys_sac_neg","nega","2M31","2","sys_sac","L-Glutamic acid","C5H9NO4",14.5155,146.5479125,285356.72
"Serum","0100 and 0200 STD Compound List negative.csv","2M31_sys_sac_neg","nega","2M31","2","sys_sac","L-Glutamine","C5H10N2O3",14.489,146.05928,980228.44
"Serum","0100 and 0200 STD Compound List negative.csv","2M31_sys_sac_neg","nega","2M31","2","sys_sac","L-Histidine","C6H9N3O2",14.662,154.062378,227777.36
"Serum","0100 and 0200 STD Compound List negative.csv","2M31_sys_sac_neg","nega","2M31","2","sys_sac","L-Isoleucine","C6H13NO2",10.4725,130.5890505,3862544.25
"Serum","0100 and 0200 STD Compound List negative.csv","2M31_sys_sac_neg","nega","2M31","2","sys_sac","L-Lactic acid","C3H6O3",8.0075,89.526058,90051520
"Serum","0100 and 0200 STD Compound List negative.csv","2M31_sys_sac_neg","nega","2M31","2","sys_sac","L-Leucine","C6H13NO2",9.946,130.589043,6367818
"Serum","0100 and 0200 STD Compound List negative.csv","2M31_sys_sac_neg","nega","2M31","2","sys_sac","L-Lysine","C6H14N2O2",18.448,145.596428,535766.81
"Serum","0100 and 0200 STD Compound List negative.csv","2M31_sys_sac_neg","nega","2M31","2","sys_sac","L-Methionine","C5H11NO2S",10.732,148.0439,819519.81
"Serum","0100 and 0200 STD Compound List negative.csv","2M31_sys_sac_neg","nega","2M31","2","sys_sac","L-Phenylalanine","C9H11NO2",9.527,165.076538,3825520.25
"Serum","0100 and 0200 STD Compound List negative.csv","2M31_sys_sac_neg","nega","2M31","2","sys_sac","L-Proline","C5H9NO2",12.663,114.5577165,2404289
"Serum","0100 and 0200 STD Compound List negative.csv","2M31_sys_sac_neg","nega","2M31","2","sys_sac","L-Serine","C3H7NO3",14.571,104.035301,95747.38
"Serum","0100 and 0200 STD Compound List negative.csv","2M31_sys_sac_neg","nega","2M31","2","sys_sac","L-Threonine","C4H9NO3",14.098,118.050842,403410.75
"Serum","0100 and 0200 STD Compound List negative.csv","2M31_sys_sac_neg","nega","2M31","2","sys_sac","L-Tyrosine","C9H11NO3",11.515,180.066528,1126081.38
"Serum","0100 and 0200 STD Compound List negative.csv","2M31_sys_sac_neg","nega","2M31","2","sys_sac","Linoleic acid","C18H32O2",2.2255,279.734528,92073816
"Serum","0100 and 0200 STD Compound List negative.csv","2M31_sys_sac_neg","nega","2M31","2","sys_sac","Oleic acid","C18H34O2",2.208,282.251953,67264288
"Serum","0100 and 0200 STD Compound List negative.csv","2M31_sys_sac_neg","nega","2M31","2","sys_sac","Palmitic acid","C16H32O2",2.238,256.738342,75141864
"Serum","0100 and 0200 STD Compound List negative.csv","2M31_sys_sac_neg","nega","2M31","2","sys_sac","Pyruvic acid","C3H4O3",3.755,88.0121,19610468
"Serum","0100 and 0200 STD Compound List negative.csv","2M31_sys_sac_neg","nega","2M31","2","sys_sac","Stearic acid","C18H36O2",2.198,284.76947,53855988
"Serum","0100 and 0200 STD Compound List negative.csv","2M31_sys_sac_neg","nega","2M31","2","sys_sac","Valine","C5H11NO2",11.9165,116.570152,3415996
"Serum","0100 and 0200 STD Compound List negative.csv","2M31_sys_sac_neg","nega","2M31","2","sys_sac","Valine-C13N15","C5H11NO2",11.926,122.085609,750362.25
"Serum","0100 and 0200 STD Compound List negative.csv","2M31_sys_sac_neg","nega","2M31","2","sys_sac","alpha-D-Glucose","C6H12O6",12.788,180.560341,4765352.5
"Serum","0100 and 0200 STD Compound List negative.csv","2M33_pv_neg","nega","2M33","2","pv","3-Hydroxybutyric acid","C4H8O3",8.624,103.040039,617973.69
"Serum","0100 and 0200 STD Compound List negative.csv","2M33_pv_neg","nega","2M33","2","pv","Arachidonic acid","C20H32O2",2.1925,305.741516,9600441
"Serum","0100 and 0200 STD Compound List negative.csv","2M33_pv_neg","nega","2M33","2","pv","Citric acid","C6H8O7",15.183,191.01976,46362.89
"Serum","0100 and 0200 STD Compound List negative.csv","2M33_pv_neg","nega","2M33","2","pv","D-Tryptophan","C11H12N2O2",9.496,204.5862045,523085.91
"Serum","0100 and 0200 STD Compound List negative.csv","2M33_pv_neg","nega","2M33","2","pv","Glycine","C2H5NO2",14.387,74.024841,135492.75
"Serum","0100 and 0200 STD Compound List negative.csv","2M33_pv_neg","nega","2M33","2","pv","L-Alanine","C3H7NO2",14.045,88.5421295,1867623.88
"Serum","0100 and 0200 STD Compound List negative.csv","2M33_pv_neg","nega","2M33","2","pv","L-Arginine","C6H14N4O2",18.337,173.104416,92318.22
"Serum","0100 and 0200 STD Compound List negative.csv","2M33_pv_neg","nega","2M33","2","pv","L-Asparagine","C4H8N2O3",14.548,131.045731,71765.8
"Serum","0100 and 0200 STD Compound List negative.csv","2M33_pv_neg","nega","2M33","2","pv","L-Aspartic acid","C4H7NO4",14.634,132.030319,45987.71
"Serum","0100 and 0200 STD Compound List negative.csv","2M33_pv_neg","nega","2M33","2","pv","L-Cystine","C6H12N2O4S2",15.195,239.016739,0
"Serum","0100 and 0200 STD Compound List negative.csv","2M33_pv_neg","nega","2M33","2","pv","L-Glutamic acid","C5H9NO4",14.5155,146.5479125,451582.09
"Serum","0100 and 0200 STD Compound List negative.csv","2M33_pv_neg","nega","2M33","2","pv","L-Glutamine","C5H10N2O3",14.489,146.05928,1350458
"Serum","0100 and 0200 STD Compound List negative.csv","2M33_pv_neg","nega","2M33","2","pv","L-Histidine","C6H9N3O2",14.662,154.062378,133856.61
"Serum","0100 and 0200 STD Compound List negative.csv","2M33_pv_neg","nega","2M33","2","pv","L-Isoleucine","C6H13NO2",10.4725,130.5890505,1769937.5
"Serum","0100 and 0200 STD Compound List negative.csv","2M33_pv_neg","nega","2M33","2","pv","L-Lactic acid","C3H6O3",8.0075,89.526058,7521994.5
"Serum","0100 and 0200 STD Compound List negative.csv","2M33_pv_neg","nega","2M33","2","pv","L-Leucine","C6H13NO2",9.946,130.589043,2458506.25
"Serum","0100 and 0200 STD Compound List negative.csv","2M33_pv_neg","nega","2M33","2","pv","L-Lysine","C6H14N2O2",18.448,145.596428,256147.95
"Serum","0100 and 0200 STD Compound List negative.csv","2M33_pv_neg","nega","2M33","2","pv","L-Methionine","C5H11NO2S",10.732,148.0439,536694.44
"Serum","0100 and 0200 STD Compound List negative.csv","2M33_pv_neg","nega","2M33","2","pv","L-Phenylalanine","C9H11NO2",9.527,165.076538,3123376
"Serum","0100 and 0200 STD Compound List negative.csv","2M33_pv_neg","nega","2M33","2","pv","L-Proline","C5H9NO2",12.663,114.5577165,1300106.88
"Serum","0100 and 0200 STD Compound List negative.csv","2M33_pv_neg","nega","2M33","2","pv","L-Serine","C3H7NO3",14.571,104.035301,46417.81
"Serum","0100 and 0200 STD Compound List negative.csv","2M33_pv_neg","nega","2M33","2","pv","L-Threonine","C4H9NO3",14.098,118.050842,221276.88
"Serum","0100 and 0200 STD Compound List negative.csv","2M33_pv_neg","nega","2M33","2","pv","L-Tyrosine","C9H11NO3",11.515,180.066528,915711.25
"Serum","0100 and 0200 STD Compound List negative.csv","2M33_pv_neg","nega","2M33","2","pv","Linoleic acid","C18H32O2",2.2255,279.734528,56318596
"Serum","0100 and 0200 STD Compound List negative.csv","2M33_pv_neg","nega","2M33","2","pv","Oleic acid","C18H34O2",2.208,282.251953,43990816
"Serum","0100 and 0200 STD Compound List negative.csv","2M33_pv_neg","nega","2M33","2","pv","Palmitic acid","C16H32O2",2.238,256.738342,48089136
"Serum","0100 and 0200 STD Compound List negative.csv","2M33_pv_neg","nega","2M33","2","pv","Pyruvic acid","C3H4O3",3.755,88.0121,10827891
"Serum","0100 and 0200 STD Compound List negative.csv","2M33_pv_neg","nega","2M33","2","pv","Stearic acid","C18H36O2",2.198,284.76947,21645490
"Serum","0100 and 0200 STD Compound List negative.csv","2M33_pv_neg","nega","2M33","2","pv","Valine","C5H11NO2",11.9165,116.570152,1471510
"Serum","0100 and 0200 STD Compound List negative.csv","2M33_pv_neg","nega","2M33","2","pv","Valine-C13N15","C5H11NO2",11.926,122.085609,758251.25
"Serum","0100 and 0200 STD Compound List negative.csv","2M33_pv_neg","nega","2M33","2","pv","alpha-D-Glucose","C6H12O6",12.788,180.560341,3620984
"Serum","0100 and 0200 STD Compound List negative.csv","2M33_sys_sac_neg","nega","2M33","2","sys_sac","3-Hydroxybutyric acid","C4H8O3",8.624,103.040039,387249.09
"Serum","0100 and 0200 STD Compound List negative.csv","2M33_sys_sac_neg","nega","2M33","2","sys_sac","Arachidonic acid","C20H32O2",2.1925,305.741516,13753055
"Serum","0100 and 0200 STD Compound List negative.csv","2M33_sys_sac_neg","nega","2M33","2","sys_sac","Citric acid","C6H8O7",15.183,191.01976,30078.93
"Serum","0100 and 0200 STD Compound List negative.csv","2M33_sys_sac_neg","nega","2M33","2","sys_sac","D-Tryptophan","C11H12N2O2",9.496,204.5862045,5634257.5
"Serum","0100 and 0200 STD Compound List negative.csv","2M33_sys_sac_neg","nega","2M33","2","sys_sac","Glycine","C2H5NO2",14.387,74.024841,304388.03
"Serum","0100 and 0200 STD Compound List negative.csv","2M33_sys_sac_neg","nega","2M33","2","sys_sac","L-Alanine","C3H7NO2",14.045,88.5421295,2105291.25
"Serum","0100 and 0200 STD Compound List negative.csv","2M33_sys_sac_neg","nega","2M33","2","sys_sac","L-Arginine","C6H14N4O2",18.337,173.104416,296267.97
"Serum","0100 and 0200 STD Compound List negative.csv","2M33_sys_sac_neg","nega","2M33","2","sys_sac","L-Asparagine","C4H8N2O3",14.548,131.045731,155983.05
"Serum","0100 and 0200 STD Compound List negative.csv","2M33_sys_sac_neg","nega","2M33","2","sys_sac","L-Aspartic acid","C4H7NO4",14.634,132.030319,174230.62
"Serum","0100 and 0200 STD Compound List negative.csv","2M33_sys_sac_neg","nega","2M33","2","sys_sac","L-Cystine","C6H12N2O4S2",15.195,239.016739,0
"Serum","0100 and 0200 STD Compound List negative.csv","2M33_sys_sac_neg","nega","2M33","2","sys_sac","L-Glutamic acid","C5H9NO4",14.5155,146.5479125,438876.66
"Serum","0100 and 0200 STD Compound List negative.csv","2M33_sys_sac_neg","nega","2M33","2","sys_sac","L-Glutamine","C5H10N2O3",14.489,146.05928,3124663.25
"Serum","0100 and 0200 STD Compound List negative.csv","2M33_sys_sac_neg","nega","2M33","2","sys_sac","L-Histidine","C6H9N3O2",14.662,154.062378,370088.47
"Serum","0100 and 0200 STD Compound List negative.csv","2M33_sys_sac_neg","nega","2M33","2","sys_sac","L-Isoleucine","C6H13NO2",10.4725,130.5890505,4613690
"Serum","0100 and 0200 STD Compound List negative.csv","2M33_sys_sac_neg","nega","2M33","2","sys_sac","L-Lactic acid","C3H6O3",8.0075,89.526058,70163344
"Serum","0100 and 0200 STD Compound List negative.csv","2M33_sys_sac_neg","nega","2M33","2","sys_sac","L-Leucine","C6H13NO2",9.946,130.589043,7865402.5
"Serum","0100 and 0200 STD Compound List negative.csv","2M33_sys_sac_neg","nega","2M33","2","sys_sac","L-Lysine","C6H14N2O2",18.448,145.596428,1059354
"Serum","0100 and 0200 STD Compound List negative.csv","2M33_sys_sac_neg","nega","2M33","2","sys_sac","L-Methionine","C5H11NO2S",10.732,148.0439,1593909.62
"Serum","0100 and 0200 STD Compound List negative.csv","2M33_sys_sac_neg","nega","2M33","2","sys_sac","L-Phenylalanine","C9H11NO2",9.527,165.076538,9219172
"Serum","0100 and 0200 STD Compound List negative.csv","2M33_sys_sac_neg","nega","2M33","2","sys_sac","L-Proline","C5H9NO2",12.663,114.5577165,3767562
"Serum","0100 and 0200 STD Compound List negative.csv","2M33_sys_sac_neg","nega","2M33","2","sys_sac","L-Serine","C3H7NO3",14.571,104.035301,189897.45
"Serum","0100 and 0200 STD Compound List negative.csv","2M33_sys_sac_neg","nega","2M33","2","sys_sac","L-Threonine","C4H9NO3",14.098,118.050842,487516.16
"Serum","0100 and 0200 STD Compound List negative.csv","2M33_sys_sac_neg","nega","2M33","2","sys_sac","L-Tyrosine","C9H11NO3",11.515,180.066528,4069999.25
"Serum","0100 and 0200 STD Compound List negative.csv","2M33_sys_sac_neg","nega","2M33","2","sys_sac","Linoleic acid","C18H32O2",2.2255,279.734528,58788212
"Serum","0100 and 0200 STD Compound List negative.csv","2M33_sys_sac_neg","nega","2M33","2","sys_sac","Oleic acid","C18H34O2",2.208,282.251953,62161120
"Serum","0100 and 0200 STD Compound List negative.csv","2M33_sys_sac_neg","nega","2M33","2","sys_sac","Palmitic acid","C16H32O2",2.238,256.738342,80837240
"Serum","0100 and 0200 STD Compound List negative.csv","2M33_sys_sac_neg","nega","2M33","2","sys_sac","Pyruvic acid","C3H4O3",3.755,88.0121,22717832
"Serum","0100 and 0200 STD Compound List negative.csv","2M33_sys_sac_neg","nega","2M33","2","sys_sac","Stearic acid","C18H36O2",2.198,284.76947,56501324
"Serum","0100 and 0200 STD Compound List negative.csv","2M33_sys_sac_neg","nega","2M33","2","sys_sac","Valine","C5H11NO2",11.9165,116.570152,3817477.25
"Serum","0100 and 0200 STD Compound List negative.csv","2M33_sys_sac_neg","nega","2M33","2","sys_sac","Valine-C13N15","C5H11NO2",11.926,122.085609,792531.69
"Serum","0100 and 0200 STD Compound List negative.csv","2M33_sys_sac_neg","nega","2M33","2","sys_sac","alpha-D-Glucose","C6H12O6",12.788,180.560341,6713630
"Serum","0100 and 0200 STD Compound List negative.csv","3M11_pv_neg","nega","3M11","3","pv","3-Hydroxybutyric acid","C4H8O3",8.624,103.040039,1553927.5
"Serum","0100 and 0200 STD Compound List negative.csv","3M11_pv_neg","nega","3M11","3","pv","Arachidonic acid","C20H32O2",2.1925,305.741516,9353947
"Serum","0100 and 0200 STD Compound List negative.csv","3M11_pv_neg","nega","3M11","3","pv","Citric acid","C6H8O7",15.183,191.01976,329408.72
"Serum","0100 and 0200 STD Compound List negative.csv","3M11_pv_neg","nega","3M11","3","pv","D-Tryptophan","C11H12N2O2",9.496,204.5862045,2591081.25
"Serum","0100 and 0200 STD Compound List negative.csv","3M11_pv_neg","nega","3M11","3","pv","Glycine","C2H5NO2",14.387,74.024841,185744.77
"Serum","0100 and 0200 STD Compound List negative.csv","3M11_pv_neg","nega","3M11","3","pv","L-Alanine","C3H7NO2",14.045,88.5421295,3898958
"Serum","0100 and 0200 STD Compound List negative.csv","3M11_pv_neg","nega","3M11","3","pv","L-Arginine","C6H14N4O2",18.337,173.104416,138439.23
"Serum","0100 and 0200 STD Compound List negative.csv","3M11_pv_neg","nega","3M11","3","pv","L-Asparagine","C4H8N2O3",14.548,131.045731,283396.91
"Serum","0100 and 0200 STD Compound List negative.csv","3M11_pv_neg","nega","3M11","3","pv","L-Aspartic acid","C4H7NO4",14.634,132.030319,151541.39
"Serum","0100 and 0200 STD Compound List negative.csv","3M11_pv_neg","nega","3M11","3","pv","L-Cystine","C6H12N2O4S2",15.195,239.016739,2852.77
"Serum","0100 and 0200 STD Compound List negative.csv","3M11_pv_neg","nega","3M11","3","pv","L-Glutamic acid","C5H9NO4",14.5155,146.5479125,556320.06
"Serum","0100 and 0200 STD Compound List negative.csv","3M11_pv_neg","nega","3M11","3","pv","L-Glutamine","C5H10N2O3",14.489,146.05928,4266812.5
"Serum","0100 and 0200 STD Compound List negative.csv","3M11_pv_neg","nega","3M11","3","pv","L-Histidine","C6H9N3O2",14.662,154.062378,274367.28
"Serum","0100 and 0200 STD Compound List negative.csv","3M11_pv_neg","nega","3M11","3","pv","L-Isoleucine","C6H13NO2",10.4725,130.5890505,4021348
"Serum","0100 and 0200 STD Compound List negative.csv","3M11_pv_neg","nega","3M11","3","pv","L-Lactic acid","C3H6O3",8.0075,89.526058,120256352
"Serum","0100 and 0200 STD Compound List negative.csv","3M11_pv_neg","nega","3M11","3","pv","L-Leucine","C6H13NO2",9.946,130.589043,6018509.5
"Serum","0100 and 0200 STD Compound List negative.csv","3M11_pv_neg","nega","3M11","3","pv","L-Lysine","C6H14N2O2",18.448,145.596428,944638
"Serum","0100 and 0200 STD Compound List negative.csv","3M11_pv_neg","nega","3M11","3","pv","L-Methionine","C5H11NO2S",10.732,148.0439,1465795
"Serum","0100 and 0200 STD Compound List negative.csv","3M11_pv_neg","nega","3M11","3","pv","L-Phenylalanine","C9H11NO2",9.527,165.076538,3916416
"Serum","0100 and 0200 STD Compound List negative.csv","3M11_pv_neg","nega","3M11","3","pv","L-Proline","C5H9NO2",12.663,114.5577165,3380617.25
"Serum","0100 and 0200 STD Compound List negative.csv","3M11_pv_neg","nega","3M11","3","pv","L-Serine","C3H7NO3",14.571,104.035301,408028.66
"Serum","0100 and 0200 STD Compound List negative.csv","3M11_pv_neg","nega","3M11","3","pv","L-Threonine","C4H9NO3",14.098,118.050842,1496024.62
"Serum","0100 and 0200 STD Compound List negative.csv","3M11_pv_neg","nega","3M11","3","pv","L-Tyrosine","C9H11NO3",11.515,180.066528,1455877.62
"Serum","0100 and 0200 STD Compound List negative.csv","3M11_pv_neg","nega","3M11","3","pv","Linoleic acid","C18H32O2",2.2255,279.734528,30009654
"Serum","0100 and 0200 STD Compound List negative.csv","3M11_pv_neg","nega","3M11","3","pv","Oleic acid","C18H34O2",2.208,282.251953,21077266
"Serum","0100 and 0200 STD Compound List negative.csv","3M11_pv_neg","nega","3M11","3","pv","Palmitic acid","C16H32O2",2.238,256.738342,36985684
"Serum","0100 and 0200 STD Compound List negative.csv","3M11_pv_neg","nega","3M11","3","pv","Pyruvic acid","C3H4O3",3.755,88.0121,19499726
"Serum","0100 and 0200 STD Compound List negative.csv","3M11_pv_neg","nega","3M11","3","pv","Stearic acid","C18H36O2",2.198,284.76947,22642794
"Serum","0100 and 0200 STD Compound List negative.csv","3M11_pv_neg","nega","3M11","3","pv","Valine","C5H11NO2",11.9165,116.570152,2886078.75
"Serum","0100 and 0200 STD Compound List negative.csv","3M11_pv_neg","nega","3M11","3","pv","Valine-C13N15","C5H11NO2",11.926,122.085609,691632
"Serum","0100 and 0200 STD Compound List negative.csv","3M11_pv_neg","nega","3M11","3","pv","alpha-D-Glucose","C6H12O6",12.788,180.560341,5835647.5
"Serum","0100 and 0200 STD Compound List negative.csv","3M11_sys_sac_neg","nega","3M11","3","sys_sac","3-Hydroxybutyric acid","C4H8O3",8.624,103.040039,660113.81
"Serum","0100 and 0200 STD Compound List negative.csv","3M11_sys_sac_neg","nega","3M11","3","sys_sac","Arachidonic acid","C20H32O2",2.1925,305.741516,10321023
"Serum","0100 and 0200 STD Compound List negative.csv","3M11_sys_sac_neg","nega","3M11","3","sys_sac","Citric acid","C6H8O7",15.183,191.01976,61357.25
"Serum","0100 and 0200 STD Compound List negative.csv","3M11_sys_sac_neg","nega","3M11","3","sys_sac","D-Tryptophan","C11H12N2O2",9.496,204.5862045,4654793.5
"Serum","0100 and 0200 STD Compound List negative.csv","3M11_sys_sac_neg","nega","3M11","3","sys_sac","Glycine","C2H5NO2",14.387,74.024841,183672.62
"Serum","0100 and 0200 STD Compound List negative.csv","3M11_sys_sac_neg","nega","3M11","3","sys_sac","L-Alanine","C3H7NO2",14.045,88.5421295,1272430
"Serum","0100 and 0200 STD Compound List negative.csv","3M11_sys_sac_neg","nega","3M11","3","sys_sac","L-Arginine","C6H14N4O2",18.337,173.104416,161449.05
"Serum","0100 and 0200 STD Compound List negative.csv","3M11_sys_sac_neg","nega","3M11","3","sys_sac","L-Asparagine","C4H8N2O3",14.548,131.045731,109931.35
"Serum","0100 and 0200 STD Compound List negative.csv","3M11_sys_sac_neg","nega","3M11","3","sys_sac","L-Aspartic acid","C4H7NO4",14.634,132.030319,213793.86
"Serum","0100 and 0200 STD Compound List negative.csv","3M11_sys_sac_neg","nega","3M11","3","sys_sac","L-Cystine","C6H12N2O4S2",15.195,239.016739,3922.69
"Serum","0100 and 0200 STD Compound List negative.csv","3M11_sys_sac_neg","nega","3M11","3","sys_sac","L-Glutamic acid","C5H9NO4",14.5155,146.5479125,108551.8
"Serum","0100 and 0200 STD Compound List negative.csv","3M11_sys_sac_neg","nega","3M11","3","sys_sac","L-Glutamine","C5H10N2O3",14.489,146.05928,1945927.12
"Serum","0100 and 0200 STD Compound List negative.csv","3M11_sys_sac_neg","nega","3M11","3","sys_sac","L-Histidine","C6H9N3O2",14.662,154.062378,323970.41
"Serum","0100 and 0200 STD Compound List negative.csv","3M11_sys_sac_neg","nega","3M11","3","sys_sac","L-Isoleucine","C6H13NO2",10.4725,130.5890505,2750388.75
"Serum","0100 and 0200 STD Compound List negative.csv","3M11_sys_sac_neg","nega","3M11","3","sys_sac","L-Lactic acid","C3H6O3",8.0075,89.526058,96604320
"Serum","0100 and 0200 STD Compound List negative.csv","3M11_sys_sac_neg","nega","3M11","3","sys_sac","L-Leucine","C6H13NO2",9.946,130.589043,5050040
"Serum","0100 and 0200 STD Compound List negative.csv","3M11_sys_sac_neg","nega","3M11","3","sys_sac","L-Lysine","C6H14N2O2",18.448,145.596428,357976.75
"Serum","0100 and 0200 STD Compound List negative.csv","3M11_sys_sac_neg","nega","3M11","3","sys_sac","L-Methionine","C5H11NO2S",10.732,148.0439,948776.25
"Serum","0100 and 0200 STD Compound List negative.csv","3M11_sys_sac_neg","nega","3M11","3","sys_sac","L-Phenylalanine","C9H11NO2",9.527,165.076538,4178188.25
"Serum","0100 and 0200 STD Compound List negative.csv","3M11_sys_sac_neg","nega","3M11","3","sys_sac","L-Proline","C5H9NO2",12.663,114.5577165,1881713.12
"Serum","0100 and 0200 STD Compound List negative.csv","3M11_sys_sac_neg","nega","3M11","3","sys_sac","L-Serine","C3H7NO3",14.571,104.035301,98334.51
"Serum","0100 and 0200 STD Compound List negative.csv","3M11_sys_sac_neg","nega","3M11","3","sys_sac","L-Threonine","C4H9NO3",14.098,118.050842,657731.75
"Serum","0100 and 0200 STD Compound List negative.csv","3M11_sys_sac_neg","nega","3M11","3","sys_sac","L-Tyrosine","C9H11NO3",11.515,180.066528,1453961
"Serum","0100 and 0200 STD Compound List negative.csv","3M11_sys_sac_neg","nega","3M11","3","sys_sac","Linoleic acid","C18H32O2",2.2255,279.734528,76851608
"Serum","0100 and 0200 STD Compound List negative.csv","3M11_sys_sac_neg","nega","3M11","3","sys_sac","Oleic acid","C18H34O2",2.208,282.251953,87373320
"Serum","0100 and 0200 STD Compound List negative.csv","3M11_sys_sac_neg","nega","3M11","3","sys_sac","Palmitic acid","C16H32O2",2.238,256.738342,94833704
"Serum","0100 and 0200 STD Compound List negative.csv","3M11_sys_sac_neg","nega","3M11","3","sys_sac","Pyruvic acid","C3H4O3",3.755,88.0121,26699354
"Serum","0100 and 0200 STD Compound List negative.csv","3M11_sys_sac_neg","nega","3M11","3","sys_sac","Stearic acid","C18H36O2",2.198,284.76947,55409652
"Serum","0100 and 0200 STD Compound List negative.csv","3M11_sys_sac_neg","nega","3M11","3","sys_sac","Valine","C5H11NO2",11.9165,116.570152,2166905.25
"Serum","0100 and 0200 STD Compound List negative.csv","3M11_sys_sac_neg","nega","3M11","3","sys_sac","Valine-C13N15","C5H11NO2",11.926,122.085609,708696.56
"Serum","0100 and 0200 STD Compound List negative.csv","3M11_sys_sac_neg","nega","3M11","3","sys_sac","alpha-D-Glucose","C6H12O6",12.788,180.560341,6980378.5
"Serum","0100 and 0200 STD Compound List negative.csv","3M13_pv_neg","nega","3M13","3","pv","3-Hydroxybutyric acid","C4H8O3",8.624,103.040039,1023259.31
"Serum","0100 and 0200 STD Compound List negative.csv","3M13_pv_neg","nega","3M13","3","pv","Arachidonic acid","C20H32O2",2.1925,305.741516,11823612
"Serum","0100 and 0200 STD Compound List negative.csv","3M13_pv_neg","nega","3M13","3","pv","Citric acid","C6H8O7",15.183,191.01976,708007.94
"Serum","0100 and 0200 STD Compound List negative.csv","3M13_pv_neg","nega","3M13","3","pv","D-Tryptophan","C11H12N2O2",9.496,204.5862045,2116314.25
"Serum","0100 and 0200 STD Compound List negative.csv","3M13_pv_neg","nega","3M13","3","pv","Glycine","C2H5NO2",14.387,74.024841,140616.89
"Serum","0100 and 0200 STD Compound List negative.csv","3M13_pv_neg","nega","3M13","3","pv","L-Alanine","C3H7NO2",14.045,88.5421295,3384770
"Serum","0100 and 0200 STD Compound List negative.csv","3M13_pv_neg","nega","3M13","3","pv","L-Arginine","C6H14N4O2",18.337,173.104416,90233.41
"Serum","0100 and 0200 STD Compound List negative.csv","3M13_pv_neg","nega","3M13","3","pv","L-Asparagine","C4H8N2O3",14.548,131.045731,145143.77
"Serum","0100 and 0200 STD Compound List negative.csv","3M13_pv_neg","nega","3M13","3","pv","L-Aspartic acid","C4H7NO4",14.634,132.030319,141235.89
"Serum","0100 and 0200 STD Compound List negative.csv","3M13_pv_neg","nega","3M13","3","pv","L-Cystine","C6H12N2O4S2",15.195,239.016739,576.34
"Serum","0100 and 0200 STD Compound List negative.csv","3M13_pv_neg","nega","3M13","3","pv","L-Glutamic acid","C5H9NO4",14.5155,146.5479125,573234.75
"Serum","0100 and 0200 STD Compound List negative.csv","3M13_pv_neg","nega","3M13","3","pv","L-Glutamine","C5H10N2O3",14.489,146.05928,3746702.75
"Serum","0100 and 0200 STD Compound List negative.csv","3M13_pv_neg","nega","3M13","3","pv","L-Histidine","C6H9N3O2",14.662,154.062378,342929.06
"Serum","0100 and 0200 STD Compound List negative.csv","3M13_pv_neg","nega","3M13","3","pv","L-Isoleucine","C6H13NO2",10.4725,130.5890505,3250259
"Serum","0100 and 0200 STD Compound List negative.csv","3M13_pv_neg","nega","3M13","3","pv","L-Lactic acid","C3H6O3",8.0075,89.526058,91911488
"Serum","0100 and 0200 STD Compound List negative.csv","3M13_pv_neg","nega","3M13","3","pv","L-Leucine","C6H13NO2",9.946,130.589043,5745766
"Serum","0100 and 0200 STD Compound List negative.csv","3M13_pv_neg","nega","3M13","3","pv","L-Lysine","C6H14N2O2",18.448,145.596428,295835.16
"Serum","0100 and 0200 STD Compound List negative.csv","3M13_pv_neg","nega","3M13","3","pv","L-Methionine","C5H11NO2S",10.732,148.0439,840774.19
"Serum","0100 and 0200 STD Compound List negative.csv","3M13_pv_neg","nega","3M13","3","pv","L-Phenylalanine","C9H11NO2",9.527,165.076538,3626148.25
"Serum","0100 and 0200 STD Compound List negative.csv","3M13_pv_neg","nega","3M13","3","pv","L-Proline","C5H9NO2",12.663,114.5577165,2472937.75
"Serum","0100 and 0200 STD Compound List negative.csv","3M13_pv_neg","nega","3M13","3","pv","L-Serine","C3H7NO3",14.571,104.035301,185007.61
"Serum","0100 and 0200 STD Compound List negative.csv","3M13_pv_neg","nega","3M13","3","pv","L-Threonine","C4H9NO3",14.098,118.050842,697930.88
"Serum","0100 and 0200 STD Compound List negative.csv","3M13_pv_neg","nega","3M13","3","pv","L-Tyrosine","C9H11NO3",11.515,180.066528,955367.5
"Serum","0100 and 0200 STD Compound List negative.csv","3M13_pv_neg","nega","3M13","3","pv","Linoleic acid","C18H32O2",2.2255,279.734528,88147264
"Serum","0100 and 0200 STD Compound List negative.csv","3M13_pv_neg","nega","3M13","3","pv","Oleic acid","C18H34O2",2.208,282.251953,63152076
"Serum","0100 and 0200 STD Compound List negative.csv","3M13_pv_neg","nega","3M13","3","pv","Palmitic acid","C16H32O2",2.238,256.738342,66656256
"Serum","0100 and 0200 STD Compound List negative.csv","3M13_pv_neg","nega","3M13","3","pv","Pyruvic acid","C3H4O3",3.755,88.0121,32866794
"Serum","0100 and 0200 STD Compound List negative.csv","3M13_pv_neg","nega","3M13","3","pv","Stearic acid","C18H36O2",2.198,284.76947,33295696
"Serum","0100 and 0200 STD Compound List negative.csv","3M13_pv_neg","nega","3M13","3","pv","Valine","C5H11NO2",11.9165,116.570152,1618599.38
"Serum","0100 and 0200 STD Compound List negative.csv","3M13_pv_neg","nega","3M13","3","pv","Valine-C13N15","C5H11NO2",11.926,122.085609,573912.5
"Serum","0100 and 0200 STD Compound List negative.csv","3M13_pv_neg","nega","3M13","3","pv","alpha-D-Glucose","C6H12O6",12.788,180.560341,12076632
"Serum","0100 and 0200 STD Compound List negative.csv","3M13_sys_sac_neg","nega","3M13","3","sys_sac","3-Hydroxybutyric acid","C4H8O3",8.624,103.040039,492860.72
"Serum","0100 and 0200 STD Compound List negative.csv","3M13_sys_sac_neg","nega","3M13","3","sys_sac","Arachidonic acid","C20H32O2",2.1925,305.741516,17774402
"Serum","0100 and 0200 STD Compound List negative.csv","3M13_sys_sac_neg","nega","3M13","3","sys_sac","Citric acid","C6H8O7",15.183,191.01976,123280.29
"Serum","0100 and 0200 STD Compound List negative.csv","3M13_sys_sac_neg","nega","3M13","3","sys_sac","D-Tryptophan","C11H12N2O2",9.496,204.5862045,8299872
"Serum","0100 and 0200 STD Compound List negative.csv","3M13_sys_sac_neg","nega","3M13","3","sys_sac","Glycine","C2H5NO2",14.387,74.024841,169759.55
"Serum","0100 and 0200 STD Compound List negative.csv","3M13_sys_sac_neg","nega","3M13","3","sys_sac","L-Alanine","C3H7NO2",14.045,88.5421295,1770927.62
"Serum","0100 and 0200 STD Compound List negative.csv","3M13_sys_sac_neg","nega","3M13","3","sys_sac","L-Arginine","C6H14N4O2",18.337,173.104416,313522.5
"Serum","0100 and 0200 STD Compound List negative.csv","3M13_sys_sac_neg","nega","3M13","3","sys_sac","L-Asparagine","C4H8N2O3",14.548,131.045731,105095.77
"Serum","0100 and 0200 STD Compound List negative.csv","3M13_sys_sac_neg","nega","3M13","3","sys_sac","L-Aspartic acid","C4H7NO4",14.634,132.030319,268949.66
"Serum","0100 and 0200 STD Compound List negative.csv","3M13_sys_sac_neg","nega","3M13","3","sys_sac","L-Cystine","C6H12N2O4S2",15.195,239.016739,2206.94
"Serum","0100 and 0200 STD Compound List negative.csv","3M13_sys_sac_neg","nega","3M13","3","sys_sac","L-Glutamic acid","C5H9NO4",14.5155,146.5479125,211796.81
"Serum","0100 and 0200 STD Compound List negative.csv","3M13_sys_sac_neg","nega","3M13","3","sys_sac","L-Glutamine","C5H10N2O3",14.489,146.05928,2772751
"Serum","0100 and 0200 STD Compound List negative.csv","3M13_sys_sac_neg","nega","3M13","3","sys_sac","L-Histidine","C6H9N3O2",14.662,154.062378,317027.47
"Serum","0100 and 0200 STD Compound List negative.csv","3M13_sys_sac_neg","nega","3M13","3","sys_sac","L-Isoleucine","C6H13NO2",10.4725,130.5890505,4618254.5
"Serum","0100 and 0200 STD Compound List negative.csv","3M13_sys_sac_neg","nega","3M13","3","sys_sac","L-Lactic acid","C3H6O3",8.0075,89.526058,27955318
"Serum","0100 and 0200 STD Compound List negative.csv","3M13_sys_sac_neg","nega","3M13","3","sys_sac","L-Leucine","C6H13NO2",9.946,130.589043,7100390
"Serum","0100 and 0200 STD Compound List negative.csv","3M13_sys_sac_neg","nega","3M13","3","sys_sac","L-Lysine","C6H14N2O2",18.448,145.596428,579007.44
"Serum","0100 and 0200 STD Compound List negative.csv","3M13_sys_sac_neg","nega","3M13","3","sys_sac","L-Methionine","C5H11NO2S",10.732,148.0439,1318381
"Serum","0100 and 0200 STD Compound List negative.csv","3M13_sys_sac_neg","nega","3M13","3","sys_sac","L-Phenylalanine","C9H11NO2",9.527,165.076538,6269924
"Serum","0100 and 0200 STD Compound List negative.csv","3M13_sys_sac_neg","nega","3M13","3","sys_sac","L-Proline","C5H9NO2",12.663,114.5577165,2929151
"Serum","0100 and 0200 STD Compound List negative.csv","3M13_sys_sac_neg","nega","3M13","3","sys_sac","L-Serine","C3H7NO3",14.571,104.035301,93446.98
"Serum","0100 and 0200 STD Compound List negative.csv","3M13_sys_sac_neg","nega","3M13","3","sys_sac","L-Threonine","C4H9NO3",14.098,118.050842,601330.69
"Serum","0100 and 0200 STD Compound List negative.csv","3M13_sys_sac_neg","nega","3M13","3","sys_sac","L-Tyrosine","C9H11NO3",11.515,180.066528,2156942.75
"Serum","0100 and 0200 STD Compound List negative.csv","3M13_sys_sac_neg","nega","3M13","3","sys_sac","Linoleic acid","C18H32O2",2.2255,279.734528,104515840
"Serum","0100 and 0200 STD Compound List negative.csv","3M13_sys_sac_neg","nega","3M13","3","sys_sac","Oleic acid","C18H34O2",2.208,282.251953,102716440
"Serum","0100 and 0200 STD Compound List negative.csv","3M13_sys_sac_neg","nega","3M13","3","sys_sac","Palmitic acid","C16H32O2",2.238,256.738342,128437592
"Serum","0100 and 0200 STD Compound List negative.csv","3M13_sys_sac_neg","nega","3M13","3","sys_sac","Pyruvic acid","C3H4O3",3.755,88.0121,29999558
"Serum","0100 and 0200 STD Compound List negative.csv","3M13_sys_sac_neg","nega","3M13","3","sys_sac","Stearic acid","C18H36O2",2.198,284.76947,88588152
"Serum","0100 and 0200 STD Compound List negative.csv","3M13_sys_sac_neg","nega","3M13","3","sys_sac","Valine","C5H11NO2",11.9165,116.570152,3815126
"Serum","0100 and 0200 STD Compound List negative.csv","3M13_sys_sac_neg","nega","3M13","3","sys_sac","Valine-C13N15","C5H11NO2",11.926,122.085609,797356.5
"Serum","0100 and 0200 STD Compound List negative.csv","3M13_sys_sac_neg","nega","3M13","3","sys_sac","alpha-D-Glucose","C6H12O6",12.788,180.560341,8758860
"Serum","0100 and 0200 STD Compound List negative.csv","3M14_pv_neg","nega","3M14","3","pv","3-Hydroxybutyric acid","C4H8O3",8.624,103.040039,2727114.25
"Serum","0100 and 0200 STD Compound List negative.csv","3M14_pv_neg","nega","3M14","3","pv","Arachidonic acid","C20H32O2",2.1925,305.741516,14803821
"Serum","0100 and 0200 STD Compound List negative.csv","3M14_pv_neg","nega","3M14","3","pv","Citric acid","C6H8O7",15.183,191.01976,4888.81
"Serum","0100 and 0200 STD Compound List negative.csv","3M14_pv_neg","nega","3M14","3","pv","D-Tryptophan","C11H12N2O2",9.496,204.5862045,913004.19
"Serum","0100 and 0200 STD Compound List negative.csv","3M14_pv_neg","nega","3M14","3","pv","Glycine","C2H5NO2",14.387,74.024841,81746.34
"Serum","0100 and 0200 STD Compound List negative.csv","3M14_pv_neg","nega","3M14","3","pv","L-Alanine","C3H7NO2",14.045,88.5421295,1915384.62
"Serum","0100 and 0200 STD Compound List negative.csv","3M14_pv_neg","nega","3M14","3","pv","L-Arginine","C6H14N4O2",18.337,173.104416,108839.12
"Serum","0100 and 0200 STD Compound List negative.csv","3M14_pv_neg","nega","3M14","3","pv","L-Asparagine","C4H8N2O3",14.548,131.045731,72417.02
"Serum","0100 and 0200 STD Compound List negative.csv","3M14_pv_neg","nega","3M14","3","pv","L-Aspartic acid","C4H7NO4",14.634,132.030319,49853.36
"Serum","0100 and 0200 STD Compound List negative.csv","3M14_pv_neg","nega","3M14","3","pv","L-Cystine","C6H12N2O4S2",15.195,239.016739,1239.24
"Serum","0100 and 0200 STD Compound List negative.csv","3M14_pv_neg","nega","3M14","3","pv","L-Glutamic acid","C5H9NO4",14.5155,146.5479125,339943.22
"Serum","0100 and 0200 STD Compound List negative.csv","3M14_pv_neg","nega","3M14","3","pv","L-Glutamine","C5H10N2O3",14.489,146.05928,3333994
"Serum","0100 and 0200 STD Compound List negative.csv","3M14_pv_neg","nega","3M14","3","pv","L-Histidine","C6H9N3O2",14.662,154.062378,199698.08
"Serum","0100 and 0200 STD Compound List negative.csv","3M14_pv_neg","nega","3M14","3","pv","L-Isoleucine","C6H13NO2",10.4725,130.5890505,1883517.62
"Serum","0100 and 0200 STD Compound List negative.csv","3M14_pv_neg","nega","3M14","3","pv","L-Lactic acid","C3H6O3",8.0075,89.526058,33919172
"Serum","0100 and 0200 STD Compound List negative.csv","3M14_pv_neg","nega","3M14","3","pv","L-Leucine","C6H13NO2",9.946,130.589043,2758092.25
"Serum","0100 and 0200 STD Compound List negative.csv","3M14_pv_neg","nega","3M14","3","pv","L-Lysine","C6H14N2O2",18.448,145.596428,301550.78
"Serum","0100 and 0200 STD Compound List negative.csv","3M14_pv_neg","nega","3M14","3","pv","L-Methionine","C5H11NO2S",10.732,148.0439,501723.47
"Serum","0100 and 0200 STD Compound List negative.csv","3M14_pv_neg","nega","3M14","3","pv","L-Phenylalanine","C9H11NO2",9.527,165.076538,1755533.62
"Serum","0100 and 0200 STD Compound List negative.csv","3M14_pv_neg","nega","3M14","3","pv","L-Proline","C5H9NO2",12.663,114.5577165,787658.81
"Serum","0100 and 0200 STD Compound List negative.csv","3M14_pv_neg","nega","3M14","3","pv","L-Serine","C3H7NO3",14.571,104.035301,59504.21
"Serum","0100 and 0200 STD Compound List negative.csv","3M14_pv_neg","nega","3M14","3","pv","L-Threonine","C4H9NO3",14.098,118.050842,454765.34
"Serum","0100 and 0200 STD Compound List negative.csv","3M14_pv_neg","nega","3M14","3","pv","L-Tyrosine","C9H11NO3",11.515,180.066528,229808.58
"Serum","0100 and 0200 STD Compound List negative.csv","3M14_pv_neg","nega","3M14","3","pv","Linoleic acid","C18H32O2",2.2255,279.734528,81291808
"Serum","0100 and 0200 STD Compound List negative.csv","3M14_pv_neg","nega","3M14","3","pv","Oleic acid","C18H34O2",2.208,282.251953,84819248
"Serum","0100 and 0200 STD Compound List negative.csv","3M14_pv_neg","nega","3M14","3","pv","Palmitic acid","C16H32O2",2.238,256.738342,64885380
"Serum","0100 and 0200 STD Compound List negative.csv","3M14_pv_neg","nega","3M14","3","pv","Pyruvic acid","C3H4O3",3.755,88.0121,7387300.5
"Serum","0100 and 0200 STD Compound List negative.csv","3M14_pv_neg","nega","3M14","3","pv","Stearic acid","C18H36O2",2.198,284.76947,25013920
"Serum","0100 and 0200 STD Compound List negative.csv","3M14_pv_neg","nega","3M14","3","pv","Valine","C5H11NO2",11.9165,116.570152,1304501.5
"Serum","0100 and 0200 STD Compound List negative.csv","3M14_pv_neg","nega","3M14","3","pv","Valine-C13N15","C5H11NO2",11.926,122.085609,680534.44
"Serum","0100 and 0200 STD Compound List negative.csv","3M14_pv_neg","nega","3M14","3","pv","alpha-D-Glucose","C6H12O6",12.788,180.560341,6430363.5
"Serum","0100 and 0200 STD Compound List negative.csv","3M14_sys_sac_neg","nega","3M14","3","sys_sac","3-Hydroxybutyric acid","C4H8O3",8.624,103.040039,1056197.62
"Serum","0100 and 0200 STD Compound List negative.csv","3M14_sys_sac_neg","nega","3M14","3","sys_sac","Arachidonic acid","C20H32O2",2.1925,305.741516,23457622
"Serum","0100 and 0200 STD Compound List negative.csv","3M14_sys_sac_neg","nega","3M14","3","sys_sac","Citric acid","C6H8O7",15.183,191.01976,77365.43
"Serum","0100 and 0200 STD Compound List negative.csv","3M14_sys_sac_neg","nega","3M14","3","sys_sac","D-Tryptophan","C11H12N2O2",9.496,204.5862045,5102130.5
"Serum","0100 and 0200 STD Compound List negative.csv","3M14_sys_sac_neg","nega","3M14","3","sys_sac","Glycine","C2H5NO2",14.387,74.024841,83796.51
"Serum","0100 and 0200 STD Compound List negative.csv","3M14_sys_sac_neg","nega","3M14","3","sys_sac","L-Alanine","C3H7NO2",14.045,88.5421295,1360468.88
"Serum","0100 and 0200 STD Compound List negative.csv","3M14_sys_sac_neg","nega","3M14","3","sys_sac","L-Arginine","C6H14N4O2",18.337,173.104416,288559.78
"Serum","0100 and 0200 STD Compound List negative.csv","3M14_sys_sac_neg","nega","3M14","3","sys_sac","L-Asparagine","C4H8N2O3",14.548,131.045731,86991.34
"Serum","0100 and 0200 STD Compound List negative.csv","3M14_sys_sac_neg","nega","3M14","3","sys_sac","L-Aspartic acid","C4H7NO4",14.634,132.030319,38936.17
"Serum","0100 and 0200 STD Compound List negative.csv","3M14_sys_sac_neg","nega","3M14","3","sys_sac","L-Cystine","C6H12N2O4S2",15.195,239.016739,320.48
"Serum","0100 and 0200 STD Compound List negative.csv","3M14_sys_sac_neg","nega","3M14","3","sys_sac","L-Glutamic acid","C5H9NO4",14.5155,146.5479125,221447.8
"Serum","0100 and 0200 STD Compound List negative.csv","3M14_sys_sac_neg","nega","3M14","3","sys_sac","L-Glutamine","C5H10N2O3",14.489,146.05928,4512411
"Serum","0100 and 0200 STD Compound List negative.csv","3M14_sys_sac_neg","nega","3M14","3","sys_sac","L-Histidine","C6H9N3O2",14.662,154.062378,119554.31
"Serum","0100 and 0200 STD Compound List negative.csv","3M14_sys_sac_neg","nega","3M14","3","sys_sac","L-Isoleucine","C6H13NO2",10.4725,130.5890505,2976103
"Serum","0100 and 0200 STD Compound List negative.csv","3M14_sys_sac_neg","nega","3M14","3","sys_sac","L-Lactic acid","C3H6O3",8.0075,89.526058,101557352
"Serum","0100 and 0200 STD Compound List negative.csv","3M14_sys_sac_neg","nega","3M14","3","sys_sac","L-Leucine","C6H13NO2",9.946,130.589043,5151714.5
"Serum","0100 and 0200 STD Compound List negative.csv","3M14_sys_sac_neg","nega","3M14","3","sys_sac","L-Lysine","C6H14N2O2",18.448,145.596428,733813.19
"Serum","0100 and 0200 STD Compound List negative.csv","3M14_sys_sac_neg","nega","3M14","3","sys_sac","L-Methionine","C5H11NO2S",10.732,148.0439,956400.19
"Serum","0100 and 0200 STD Compound List negative.csv","3M14_sys_sac_neg","nega","3M14","3","sys_sac","L-Phenylalanine","C9H11NO2",9.527,165.076538,3633539.25
"Serum","0100 and 0200 STD Compound List negative.csv","3M14_sys_sac_neg","nega","3M14","3","sys_sac","L-Proline","C5H9NO2",12.663,114.5577165,1849051.5
"Serum","0100 and 0200 STD Compound List negative.csv","3M14_sys_sac_neg","nega","3M14","3","sys_sac","L-Serine","C3H7NO3",14.571,104.035301,121966.2
"Serum","0100 and 0200 STD Compound List negative.csv","3M14_sys_sac_neg","nega","3M14","3","sys_sac","L-Threonine","C4H9NO3",14.098,118.050842,885731.56
"Serum","0100 and 0200 STD Compound List negative.csv","3M14_sys_sac_neg","nega","3M14","3","sys_sac","L-Tyrosine","C9H11NO3",11.515,180.066528,896009.56
"Serum","0100 and 0200 STD Compound List negative.csv","3M14_sys_sac_neg","nega","3M14","3","sys_sac","Linoleic acid","C18H32O2",2.2255,279.734528,165814800
"Serum","0100 and 0200 STD Compound List negative.csv","3M14_sys_sac_neg","nega","3M14","3","sys_sac","Oleic acid","C18H34O2",2.208,282.251953,193345488
"Serum","0100 and 0200 STD Compound List negative.csv","3M14_sys_sac_neg","nega","3M14","3","sys_sac","Palmitic acid","C16H32O2",2.238,256.738342,137603552
"Serum","0100 and 0200 STD Compound List negative.csv","3M14_sys_sac_neg","nega","3M14","3","sys_sac","Pyruvic acid","C3H4O3",3.755,88.0121,24865386
"Serum","0100 and 0200 STD Compound List negative.csv","3M14_sys_sac_neg","nega","3M14","3","sys_sac","Stearic acid","C18H36O2",2.198,284.76947,70361976
"Serum","0100 and 0200 STD Compound List negative.csv","3M14_sys_sac_neg","nega","3M14","3","sys_sac","Valine","C5H11NO2",11.9165,116.570152,2394673.75
"Serum","0100 and 0200 STD Compound List negative.csv","3M14_sys_sac_neg","nega","3M14","3","sys_sac","Valine-C13N15","C5H11NO2",11.926,122.085609,717236.44
"Serum","0100 and 0200 STD Compound List negative.csv","3M14_sys_sac_neg","nega","3M14","3","sys_sac","alpha-D-Glucose","C6H12O6",12.788,180.560341,7510308.5
"Serum","0100 and 0200 STD Compound List negative.csv","3M15_pv_neg","nega","3M15","3","pv","3-Hydroxybutyric acid","C4H8O3",8.624,103.040039,1266979.5
"Serum","0100 and 0200 STD Compound List negative.csv","3M15_pv_neg","nega","3M15","3","pv","Arachidonic acid","C20H32O2",2.1925,305.741516,9392865
"Serum","0100 and 0200 STD Compound List negative.csv","3M15_pv_neg","nega","3M15","3","pv","Citric acid","C6H8O7",15.183,191.01976,714358
"Serum","0100 and 0200 STD Compound List negative.csv","3M15_pv_neg","nega","3M15","3","pv","D-Tryptophan","C11H12N2O2",9.496,204.5862045,2011854.12
"Serum","0100 and 0200 STD Compound List negative.csv","3M15_pv_neg","nega","3M15","3","pv","Glycine","C2H5NO2",14.387,74.024841,91211.07
"Serum","0100 and 0200 STD Compound List negative.csv","3M15_pv_neg","nega","3M15","3","pv","L-Alanine","C3H7NO2",14.045,88.5421295,2683766.25
"Serum","0100 and 0200 STD Compound List negative.csv","3M15_pv_neg","nega","3M15","3","pv","L-Arginine","C6H14N4O2",18.337,173.104416,154743.64
"Serum","0100 and 0200 STD Compound List negative.csv","3M15_pv_neg","nega","3M15","3","pv","L-Asparagine","C4H8N2O3",14.548,131.045731,157485.5
"Serum","0100 and 0200 STD Compound List negative.csv","3M15_pv_neg","nega","3M15","3","pv","L-Aspartic acid","C4H7NO4",14.634,132.030319,109250.4
"Serum","0100 and 0200 STD Compound List negative.csv","3M15_pv_neg","nega","3M15","3","pv","L-Cystine","C6H12N2O4S2",15.195,239.016739,0
"Serum","0100 and 0200 STD Compound List negative.csv","3M15_pv_neg","nega","3M15","3","pv","L-Glutamic acid","C5H9NO4",14.5155,146.5479125,398912.84
"Serum","0100 and 0200 STD Compound List negative.csv","3M15_pv_neg","nega","3M15","3","pv","L-Glutamine","C5H10N2O3",14.489,146.05928,5292979.5
"Serum","0100 and 0200 STD Compound List negative.csv","3M15_pv_neg","nega","3M15","3","pv","L-Histidine","C6H9N3O2",14.662,154.062378,4896.66
"Serum","0100 and 0200 STD Compound List negative.csv","3M15_pv_neg","nega","3M15","3","pv","L-Isoleucine","C6H13NO2",10.4725,130.5890505,3698608
"Serum","0100 and 0200 STD Compound List negative.csv","3M15_pv_neg","nega","3M15","3","pv","L-Lactic acid","C3H6O3",8.0075,89.526058,109353016
"Serum","0100 and 0200 STD Compound List negative.csv","3M15_pv_neg","nega","3M15","3","pv","L-Leucine","C6H13NO2",9.946,130.589043,5814478.5
"Serum","0100 and 0200 STD Compound List negative.csv","3M15_pv_neg","nega","3M15","3","pv","L-Lysine","C6H14N2O2",18.448,145.596428,685890.94
"Serum","0100 and 0200 STD Compound List negative.csv","3M15_pv_neg","nega","3M15","3","pv","L-Methionine","C5H11NO2S",10.732,148.0439,1037048.94
"Serum","0100 and 0200 STD Compound List negative.csv","3M15_pv_neg","nega","3M15","3","pv","L-Phenylalanine","C9H11NO2",9.527,165.076538,3613247.75
"Serum","0100 and 0200 STD Compound List negative.csv","3M15_pv_neg","nega","3M15","3","pv","L-Proline","C5H9NO2",12.663,114.5577165,2750226.25
"Serum","0100 and 0200 STD Compound List negative.csv","3M15_pv_neg","nega","3M15","3","pv","L-Serine","C3H7NO3",14.571,104.035301,233609.31
"Serum","0100 and 0200 STD Compound List negative.csv","3M15_pv_neg","nega","3M15","3","pv","L-Threonine","C4H9NO3",14.098,118.050842,1000425.81
"Serum","0100 and 0200 STD Compound List negative.csv","3M15_pv_neg","nega","3M15","3","pv","L-Tyrosine","C9H11NO3",11.515,180.066528,941253.81
"Serum","0100 and 0200 STD Compound List negative.csv","3M15_pv_neg","nega","3M15","3","pv","Linoleic acid","C18H32O2",2.2255,279.734528,54559532
"Serum","0100 and 0200 STD Compound List negative.csv","3M15_pv_neg","nega","3M15","3","pv","Oleic acid","C18H34O2",2.208,282.251953,38771760
"Serum","0100 and 0200 STD Compound List negative.csv","3M15_pv_neg","nega","3M15","3","pv","Palmitic acid","C16H32O2",2.238,256.738342,47183628
"Serum","0100 and 0200 STD Compound List negative.csv","3M15_pv_neg","nega","3M15","3","pv","Pyruvic acid","C3H4O3",3.755,88.0121,16532632
"Serum","0100 and 0200 STD Compound List negative.csv","3M15_pv_neg","nega","3M15","3","pv","Stearic acid","C18H36O2",2.198,284.76947,28491546
"Serum","0100 and 0200 STD Compound List negative.csv","3M15_pv_neg","nega","3M15","3","pv","Valine","C5H11NO2",11.9165,116.570152,1994190.12
"Serum","0100 and 0200 STD Compound List negative.csv","3M15_pv_neg","nega","3M15","3","pv","Valine-C13N15","C5H11NO2",11.926,122.085609,658508.31
"Serum","0100 and 0200 STD Compound List negative.csv","3M15_pv_neg","nega","3M15","3","pv","alpha-D-Glucose","C6H12O6",12.788,180.560341,10022199
"Serum","0100 and 0200 STD Compound List negative.csv","3M15_sys_sac_neg","nega","3M15","3","sys_sac","3-Hydroxybutyric acid","C4H8O3",8.624,103.040039,1090032.12
"Serum","0100 and 0200 STD Compound List negative.csv","3M15_sys_sac_neg","nega","3M15","3","sys_sac","Arachidonic acid","C20H32O2",2.1925,305.741516,16992910
"Serum","0100 and 0200 STD Compound List negative.csv","3M15_sys_sac_neg","nega","3M15","3","sys_sac","Citric acid","C6H8O7",15.183,191.01976,409657.91
"Serum","0100 and 0200 STD Compound List negative.csv","3M15_sys_sac_neg","nega","3M15","3","sys_sac","D-Tryptophan","C11H12N2O2",9.496,204.5862045,4141760.75
"Serum","0100 and 0200 STD Compound List negative.csv","3M15_sys_sac_neg","nega","3M15","3","sys_sac","Glycine","C2H5NO2",14.387,74.024841,254780.92
"Serum","0100 and 0200 STD Compound List negative.csv","3M15_sys_sac_neg","nega","3M15","3","sys_sac","L-Alanine","C3H7NO2",14.045,88.5421295,1553508
"Serum","0100 and 0200 STD Compound List negative.csv","3M15_sys_sac_neg","nega","3M15","3","sys_sac","L-Arginine","C6H14N4O2",18.337,173.104416,305811.34
"Serum","0100 and 0200 STD Compound List negative.csv","3M15_sys_sac_neg","nega","3M15","3","sys_sac","L-Asparagine","C4H8N2O3",14.548,131.045731,88114.94
"Serum","0100 and 0200 STD Compound List negative.csv","3M15_sys_sac_neg","nega","3M15","3","sys_sac","L-Aspartic acid","C4H7NO4",14.634,132.030319,255056.33
"Serum","0100 and 0200 STD Compound List negative.csv","3M15_sys_sac_neg","nega","3M15","3","sys_sac","L-Cystine","C6H12N2O4S2",15.195,239.016739,1004.56
"Serum","0100 and 0200 STD Compound List negative.csv","3M15_sys_sac_neg","nega","3M15","3","sys_sac","L-Glutamic acid","C5H9NO4",14.5155,146.5479125,181279.42
"Serum","0100 and 0200 STD Compound List negative.csv","3M15_sys_sac_neg","nega","3M15","3","sys_sac","L-Glutamine","C5H10N2O3",14.489,146.05928,2498322.25
"Serum","0100 and 0200 STD Compound List negative.csv","3M15_sys_sac_neg","nega","3M15","3","sys_sac","L-Histidine","C6H9N3O2",14.662,154.062378,316277.41
"Serum","0100 and 0200 STD Compound List negative.csv","3M15_sys_sac_neg","nega","3M15","3","sys_sac","L-Isoleucine","C6H13NO2",10.4725,130.5890505,1740585.5
"Serum","0100 and 0200 STD Compound List negative.csv","3M15_sys_sac_neg","nega","3M15","3","sys_sac","L-Lactic acid","C3H6O3",8.0075,89.526058,60160116
"Serum","0100 and 0200 STD Compound List negative.csv","3M15_sys_sac_neg","nega","3M15","3","sys_sac","L-Leucine","C6H13NO2",9.946,130.589043,2571502
"Serum","0100 and 0200 STD Compound List negative.csv","3M15_sys_sac_neg","nega","3M15","3","sys_sac","L-Lysine","C6H14N2O2",18.448,145.596428,462821.16
"Serum","0100 and 0200 STD Compound List negative.csv","3M15_sys_sac_neg","nega","3M15","3","sys_sac","L-Methionine","C5H11NO2S",10.732,148.0439,481790.59
"Serum","0100 and 0200 STD Compound List negative.csv","3M15_sys_sac_neg","nega","3M15","3","sys_sac","L-Phenylalanine","C9H11NO2",9.527,165.076538,2806792.25
"Serum","0100 and 0200 STD Compound List negative.csv","3M15_sys_sac_neg","nega","3M15","3","sys_sac","L-Proline","C5H9NO2",12.663,114.5577165,1166518.38
"Serum","0100 and 0200 STD Compound List negative.csv","3M15_sys_sac_neg","nega","3M15","3","sys_sac","L-Serine","C3H7NO3",14.571,104.035301,62199.26
"Serum","0100 and 0200 STD Compound List negative.csv","3M15_sys_sac_neg","nega","3M15","3","sys_sac","L-Threonine","C4H9NO3",14.098,118.050842,534846.62
"Serum","0100 and 0200 STD Compound List negative.csv","3M15_sys_sac_neg","nega","3M15","3","sys_sac","L-Tyrosine","C9H11NO3",11.515,180.066528,777120.44
"Serum","0100 and 0200 STD Compound List negative.csv","3M15_sys_sac_neg","nega","3M15","3","sys_sac","Linoleic acid","C18H32O2",2.2255,279.734528,167341216
"Serum","0100 and 0200 STD Compound List negative.csv","3M15_sys_sac_neg","nega","3M15","3","sys_sac","Oleic acid","C18H34O2",2.208,282.251953,193214096
"Serum","0100 and 0200 STD Compound List negative.csv","3M15_sys_sac_neg","nega","3M15","3","sys_sac","Palmitic acid","C16H32O2",2.238,256.738342,203763216
"Serum","0100 and 0200 STD Compound List negative.csv","3M15_sys_sac_neg","nega","3M15","3","sys_sac","Pyruvic acid","C3H4O3",3.755,88.0121,30103602
"Serum","0100 and 0200 STD Compound List negative.csv","3M15_sys_sac_neg","nega","3M15","3","sys_sac","Stearic acid","C18H36O2",2.198,284.76947,108664896
"Serum","0100 and 0200 STD Compound List negative.csv","3M15_sys_sac_neg","nega","3M15","3","sys_sac","Valine","C5H11NO2",11.9165,116.570152,1290334.12
"Serum","0100 and 0200 STD Compound List negative.csv","3M15_sys_sac_neg","nega","3M15","3","sys_sac","Valine-C13N15","C5H11NO2",11.926,122.085609,563525.31
"Serum","0100 and 0200 STD Compound List negative.csv","3M15_sys_sac_neg","nega","3M15","3","sys_sac","alpha-D-Glucose","C6H12O6",12.788,180.560341,4810498
"Serum","0100 and 0200 STD Compound List negative.csv","3M16_pv_neg","nega","3M16","3","pv","3-Hydroxybutyric acid","C4H8O3",8.624,103.040039,1304985.5
"Serum","0100 and 0200 STD Compound List negative.csv","3M16_pv_neg","nega","3M16","3","pv","Arachidonic acid","C20H32O2",2.1925,305.741516,16214043
"Serum","0100 and 0200 STD Compound List negative.csv","3M16_pv_neg","nega","3M16","3","pv","Citric acid","C6H8O7",15.183,191.01976,0
"Serum","0100 and 0200 STD Compound List negative.csv","3M16_pv_neg","nega","3M16","3","pv","D-Tryptophan","C11H12N2O2",9.496,204.5862045,3172711.25
"Serum","0100 and 0200 STD Compound List negative.csv","3M16_pv_neg","nega","3M16","3","pv","Glycine","C2H5NO2",14.387,74.024841,147755.36
"Serum","0100 and 0200 STD Compound List negative.csv","3M16_pv_neg","nega","3M16","3","pv","L-Alanine","C3H7NO2",14.045,88.5421295,3323261.25
"Serum","0100 and 0200 STD Compound List negative.csv","3M16_pv_neg","nega","3M16","3","pv","L-Arginine","C6H14N4O2",18.337,173.104416,112235.03
"Serum","0100 and 0200 STD Compound List negative.csv","3M16_pv_neg","nega","3M16","3","pv","L-Asparagine","C4H8N2O3",14.548,131.045731,261414.92
"Serum","0100 and 0200 STD Compound List negative.csv","3M16_pv_neg","nega","3M16","3","pv","L-Aspartic acid","C4H7NO4",14.634,132.030319,144279.19
"Serum","0100 and 0200 STD Compound List negative.csv","3M16_pv_neg","nega","3M16","3","pv","L-Cystine","C6H12N2O4S2",15.195,239.016739,1025.37
"Serum","0100 and 0200 STD Compound List negative.csv","3M16_pv_neg","nega","3M16","3","pv","L-Glutamic acid","C5H9NO4",14.5155,146.5479125,700432.75
"Serum","0100 and 0200 STD Compound List negative.csv","3M16_pv_neg","nega","3M16","3","pv","L-Glutamine","C5H10N2O3",14.489,146.05928,2560462.75
"Serum","0100 and 0200 STD Compound List negative.csv","3M16_pv_neg","nega","3M16","3","pv","L-Histidine","C6H9N3O2",14.662,154.062378,286010.91
"Serum","0100 and 0200 STD Compound List negative.csv","3M16_pv_neg","nega","3M16","3","pv","L-Isoleucine","C6H13NO2",10.4725,130.5890505,4460816
"Serum","0100 and 0200 STD Compound List negative.csv","3M16_pv_neg","nega","3M16","3","pv","L-Lactic acid","C3H6O3",8.0075,89.526058,121366432
"Serum","0100 and 0200 STD Compound List negative.csv","3M16_pv_neg","nega","3M16","3","pv","L-Leucine","C6H13NO2",9.946,130.589043,6782873.5
"Serum","0100 and 0200 STD Compound List negative.csv","3M16_pv_neg","nega","3M16","3","pv","L-Lysine","C6H14N2O2",18.448,145.596428,687216.25
"Serum","0100 and 0200 STD Compound List negative.csv","3M16_pv_neg","nega","3M16","3","pv","L-Methionine","C5H11NO2S",10.732,148.0439,970880
"Serum","0100 and 0200 STD Compound List negative.csv","3M16_pv_neg","nega","3M16","3","pv","L-Phenylalanine","C9H11NO2",9.527,165.076538,4650795.5
"Serum","0100 and 0200 STD Compound List negative.csv","3M16_pv_neg","nega","3M16","3","pv","L-Proline","C5H9NO2",12.663,114.5577165,2441388
"Serum","0100 and 0200 STD Compound List negative.csv","3M16_pv_neg","nega","3M16","3","pv","L-Serine","C3H7NO3",14.571,104.035301,302318.59
"Serum","0100 and 0200 STD Compound List negative.csv","3M16_pv_neg","nega","3M16","3","pv","L-Threonine","C4H9NO3",14.098,118.050842,1061149.38
"Serum","0100 and 0200 STD Compound List negative.csv","3M16_pv_neg","nega","3M16","3","pv","L-Tyrosine","C9H11NO3",11.515,180.066528,1238176.75
"Serum","0100 and 0200 STD Compound List negative.csv","3M16_pv_neg","nega","3M16","3","pv","Linoleic acid","C18H32O2",2.2255,279.734528,41394012
"Serum","0100 and 0200 STD Compound List negative.csv","3M16_pv_neg","nega","3M16","3","pv","Oleic acid","C18H34O2",2.208,282.251953,34504272
"Serum","0100 and 0200 STD Compound List negative.csv","3M16_pv_neg","nega","3M16","3","pv","Palmitic acid","C16H32O2",2.238,256.738342,68292768
"Serum","0100 and 0200 STD Compound List negative.csv","3M16_pv_neg","nega","3M16","3","pv","Pyruvic acid","C3H4O3",3.755,88.0121,16967984
"Serum","0100 and 0200 STD Compound List negative.csv","3M16_pv_neg","nega","3M16","3","pv","Stearic acid","C18H36O2",2.198,284.76947,50285600
"Serum","0100 and 0200 STD Compound List negative.csv","3M16_pv_neg","nega","3M16","3","pv","Valine","C5H11NO2",11.9165,116.570152,2590242.75
"Serum","0100 and 0200 STD Compound List negative.csv","3M16_pv_neg","nega","3M16","3","pv","Valine-C13N15","C5H11NO2",11.926,122.085609,654861.94
"Serum","0100 and 0200 STD Compound List negative.csv","3M16_pv_neg","nega","3M16","3","pv","alpha-D-Glucose","C6H12O6",12.788,180.560341,7125870.5
"Serum","0100 and 0200 STD Compound List negative.csv","3M17_pv_neg","nega","3M17","3","pv","3-Hydroxybutyric acid","C4H8O3",8.624,103.040039,787196.81
"Serum","0100 and 0200 STD Compound List negative.csv","3M17_pv_neg","nega","3M17","3","pv","Arachidonic acid","C20H32O2",2.1925,305.741516,7339882.5
"Serum","0100 and 0200 STD Compound List negative.csv","3M17_pv_neg","nega","3M17","3","pv","Citric acid","C6H8O7",15.183,191.01976,78793.6
"Serum","0100 and 0200 STD Compound List negative.csv","3M17_pv_neg","nega","3M17","3","pv","D-Tryptophan","C11H12N2O2",9.496,204.5862045,1057194.75
"Serum","0100 and 0200 STD Compound List negative.csv","3M17_pv_neg","nega","3M17","3","pv","Glycine","C2H5NO2",14.387,74.024841,55134.48
"Serum","0100 and 0200 STD Compound List negative.csv","3M17_pv_neg","nega","3M17","3","pv","L-Alanine","C3H7NO2",14.045,88.5421295,2384792.25
"Serum","0100 and 0200 STD Compound List negative.csv","3M17_pv_neg","nega","3M17","3","pv","L-Arginine","C6H14N4O2",18.337,173.104416,217834.61
"Serum","0100 and 0200 STD Compound List negative.csv","3M17_pv_neg","nega","3M17","3","pv","L-Asparagine","C4H8N2O3",14.548,131.045731,75741.03
"Serum","0100 and 0200 STD Compound List negative.csv","3M17_pv_neg","nega","3M17","3","pv","L-Aspartic acid","C4H7NO4",14.634,132.030319,55129.04
"Serum","0100 and 0200 STD Compound List negative.csv","3M17_pv_neg","nega","3M17","3","pv","L-Cystine","C6H12N2O4S2",15.195,239.016739,7020.82
"Serum","0100 and 0200 STD Compound List negative.csv","3M17_pv_neg","nega","3M17","3","pv","L-Glutamic acid","C5H9NO4",14.5155,146.5479125,200084.02
"Serum","0100 and 0200 STD Compound List negative.csv","3M17_pv_neg","nega","3M17","3","pv","L-Glutamine","C5H10N2O3",14.489,146.05928,1923231.62
"Serum","0100 and 0200 STD Compound List negative.csv","3M17_pv_neg","nega","3M17","3","pv","L-Histidine","C6H9N3O2",14.662,154.062378,134309.91
"Serum","0100 and 0200 STD Compound List negative.csv","3M17_pv_neg","nega","3M17","3","pv","L-Isoleucine","C6H13NO2",10.4725,130.5890505,2604097
"Serum","0100 and 0200 STD Compound List negative.csv","3M17_pv_neg","nega","3M17","3","pv","L-Lactic acid","C3H6O3",8.0075,89.526058,71690808
"Serum","0100 and 0200 STD Compound List negative.csv","3M17_pv_neg","nega","3M17","3","pv","L-Leucine","C6H13NO2",9.946,130.589043,4453491.5
"Serum","0100 and 0200 STD Compound List negative.csv","3M17_pv_neg","nega","3M17","3","pv","L-Lysine","C6H14N2O2",18.448,145.596428,171902.8
"Serum","0100 and 0200 STD Compound List negative.csv","3M17_pv_neg","nega","3M17","3","pv","L-Methionine","C5H11NO2S",10.732,148.0439,521213
"Serum","0100 and 0200 STD Compound List negative.csv","3M17_pv_neg","nega","3M17","3","pv","L-Phenylalanine","C9H11NO2",9.527,165.076538,2125986
"Serum","0100 and 0200 STD Compound List negative.csv","3M17_pv_neg","nega","3M17","3","pv","L-Proline","C5H9NO2",12.663,114.5577165,1995696.5
"Serum","0100 and 0200 STD Compound List negative.csv","3M17_pv_neg","nega","3M17","3","pv","L-Serine","C3H7NO3",14.571,104.035301,76649.59
"Serum","0100 and 0200 STD Compound List negative.csv","3M17_pv_neg","nega","3M17","3","pv","L-Threonine","C4H9NO3",14.098,118.050842,425726.97
"Serum","0100 and 0200 STD Compound List negative.csv","3M17_pv_neg","nega","3M17","3","pv","L-Tyrosine","C9H11NO3",11.515,180.066528,432266.09
"Serum","0100 and 0200 STD Compound List negative.csv","3M17_pv_neg","nega","3M17","3","pv","Linoleic acid","C18H32O2",2.2255,279.734528,23513050
"Serum","0100 and 0200 STD Compound List negative.csv","3M17_pv_neg","nega","3M17","3","pv","Oleic acid","C18H34O2",2.208,282.251953,16336743
"Serum","0100 and 0200 STD Compound List negative.csv","3M17_pv_neg","nega","3M17","3","pv","Palmitic acid","C16H32O2",2.238,256.738342,34004580
"Serum","0100 and 0200 STD Compound List negative.csv","3M17_pv_neg","nega","3M17","3","pv","Pyruvic acid","C3H4O3",3.755,88.0121,20435994
"Serum","0100 and 0200 STD Compound List negative.csv","3M17_pv_neg","nega","3M17","3","pv","Stearic acid","C18H36O2",2.198,284.76947,21803306
"Serum","0100 and 0200 STD Compound List negative.csv","3M17_pv_neg","nega","3M17","3","pv","Valine","C5H11NO2",11.9165,116.570152,1903963.62
"Serum","0100 and 0200 STD Compound List negative.csv","3M17_pv_neg","nega","3M17","3","pv","Valine-C13N15","C5H11NO2",11.926,122.085609,685273.12
"Serum","0100 and 0200 STD Compound List negative.csv","3M17_pv_neg","nega","3M17","3","pv","alpha-D-Glucose","C6H12O6",12.788,180.560341,6509039.5
"Serum","0100 and 0200 STD Compound List negative.csv","3M17_sys_sac_neg","nega","3M17","3","sys_sac","3-Hydroxybutyric acid","C4H8O3",8.624,103.040039,619703.19
"Serum","0100 and 0200 STD Compound List negative.csv","3M17_sys_sac_neg","nega","3M17","3","sys_sac","Arachidonic acid","C20H32O2",2.1925,305.741516,24456544
"Serum","0100 and 0200 STD Compound List negative.csv","3M17_sys_sac_neg","nega","3M17","3","sys_sac","Citric acid","C6H8O7",15.183,191.01976,98444.46
"Serum","0100 and 0200 STD Compound List negative.csv","3M17_sys_sac_neg","nega","3M17","3","sys_sac","D-Tryptophan","C11H12N2O2",9.496,204.5862045,7246504.5
"Serum","0100 and 0200 STD Compound List negative.csv","3M17_sys_sac_neg","nega","3M17","3","sys_sac","Glycine","C2H5NO2",14.387,74.024841,292943.47
"Serum","0100 and 0200 STD Compound List negative.csv","3M17_sys_sac_neg","nega","3M17","3","sys_sac","L-Alanine","C3H7NO2",14.045,88.5421295,1275610.38
"Serum","0100 and 0200 STD Compound List negative.csv","3M17_sys_sac_neg","nega","3M17","3","sys_sac","L-Arginine","C6H14N4O2",18.337,173.104416,361427.59
"Serum","0100 and 0200 STD Compound List negative.csv","3M17_sys_sac_neg","nega","3M17","3","sys_sac","L-Asparagine","C4H8N2O3",14.548,131.045731,126150.84
"Serum","0100 and 0200 STD Compound List negative.csv","3M17_sys_sac_neg","nega","3M17","3","sys_sac","L-Aspartic acid","C4H7NO4",14.634,132.030319,251169.06
"Serum","0100 and 0200 STD Compound List negative.csv","3M17_sys_sac_neg","nega","3M17","3","sys_sac","L-Cystine","C6H12N2O4S2",15.195,239.016739,1567.11
"Serum","0100 and 0200 STD Compound List negative.csv","3M17_sys_sac_neg","nega","3M17","3","sys_sac","L-Glutamic acid","C5H9NO4",14.5155,146.5479125,130106.03
"Serum","0100 and 0200 STD Compound List negative.csv","3M17_sys_sac_neg","nega","3M17","3","sys_sac","L-Glutamine","C5H10N2O3",14.489,146.05928,2886250.75
"Serum","0100 and 0200 STD Compound List negative.csv","3M17_sys_sac_neg","nega","3M17","3","sys_sac","L-Histidine","C6H9N3O2",14.662,154.062378,412804.84
"Serum","0100 and 0200 STD Compound List negative.csv","3M17_sys_sac_neg","nega","3M17","3","sys_sac","L-Isoleucine","C6H13NO2",10.4725,130.5890505,3870076
"Serum","0100 and 0200 STD Compound List negative.csv","3M17_sys_sac_neg","nega","3M17","3","sys_sac","L-Lactic acid","C3H6O3",8.0075,89.526058,36323612
"Serum","0100 and 0200 STD Compound List negative.csv","3M17_sys_sac_neg","nega","3M17","3","sys_sac","L-Leucine","C6H13NO2",9.946,130.589043,6434940
"Serum","0100 and 0200 STD Compound List negative.csv","3M17_sys_sac_neg","nega","3M17","3","sys_sac","L-Lysine","C6H14N2O2",18.448,145.596428,565875.88
"Serum","0100 and 0200 STD Compound List negative.csv","3M17_sys_sac_neg","nega","3M17","3","sys_sac","L-Methionine","C5H11NO2S",10.732,148.0439,916406.56
"Serum","0100 and 0200 STD Compound List negative.csv","3M17_sys_sac_neg","nega","3M17","3","sys_sac","L-Phenylalanine","C9H11NO2",9.527,165.076538,3391539
"Serum","0100 and 0200 STD Compound List negative.csv","3M17_sys_sac_neg","nega","3M17","3","sys_sac","L-Proline","C5H9NO2",12.663,114.5577165,2156717.25
"Serum","0100 and 0200 STD Compound List negative.csv","3M17_sys_sac_neg","nega","3M17","3","sys_sac","L-Serine","C3H7NO3",14.571,104.035301,126855.15
"Serum","0100 and 0200 STD Compound List negative.csv","3M17_sys_sac_neg","nega","3M17","3","sys_sac","L-Threonine","C4H9NO3",14.098,118.050842,835685.06
"Serum","0100 and 0200 STD Compound List negative.csv","3M17_sys_sac_neg","nega","3M17","3","sys_sac","L-Tyrosine","C9H11NO3",11.515,180.066528,792796.56
"Serum","0100 and 0200 STD Compound List negative.csv","3M17_sys_sac_neg","nega","3M17","3","sys_sac","Linoleic acid","C18H32O2",2.2255,279.734528,116333984
"Serum","0100 and 0200 STD Compound List negative.csv","3M17_sys_sac_neg","nega","3M17","3","sys_sac","Oleic acid","C18H34O2",2.208,282.251953,137823920
"Serum","0100 and 0200 STD Compound List negative.csv","3M17_sys_sac_neg","nega","3M17","3","sys_sac","Palmitic acid","C16H32O2",2.238,256.738342,106576800
"Serum","0100 and 0200 STD Compound List negative.csv","3M17_sys_sac_neg","nega","3M17","3","sys_sac","Pyruvic acid","C3H4O3",3.755,88.0121,16679428
"Serum","0100 and 0200 STD Compound List negative.csv","3M17_sys_sac_neg","nega","3M17","3","sys_sac","Stearic acid","C18H36O2",2.198,284.76947,62804396
"Serum","0100 and 0200 STD Compound List negative.csv","3M17_sys_sac_neg","nega","3M17","3","sys_sac","Valine","C5H11NO2",11.9165,116.570152,3321970.75
"Serum","0100 and 0200 STD Compound List negative.csv","3M17_sys_sac_neg","nega","3M17","3","sys_sac","Valine-C13N15","C5H11NO2",11.926,122.085609,711467.31
"Serum","0100 and 0200 STD Compound List negative.csv","3M17_sys_sac_neg","nega","3M17","3","sys_sac","alpha-D-Glucose","C6H12O6",12.788,180.560341,7520318.5
"Serum","0100 and 0200 STD Compound List negative.csv","3M18_pv_neg","nega","3M18","3","pv","3-Hydroxybutyric acid","C4H8O3",8.624,103.040039,2067323.62
"Serum","0100 and 0200 STD Compound List negative.csv","3M18_pv_neg","nega","3M18","3","pv","Arachidonic acid","C20H32O2",2.1925,305.741516,10065877
"Serum","0100 and 0200 STD Compound List negative.csv","3M18_pv_neg","nega","3M18","3","pv","Citric acid","C6H8O7",15.183,191.01976,0
"Serum","0100 and 0200 STD Compound List negative.csv","3M18_pv_neg","nega","3M18","3","pv","D-Tryptophan","C11H12N2O2",9.496,204.5862045,1671408.88
"Serum","0100 and 0200 STD Compound List negative.csv","3M18_pv_neg","nega","3M18","3","pv","Glycine","C2H5NO2",14.387,74.024841,157055.55
"Serum","0100 and 0200 STD Compound List negative.csv","3M18_pv_neg","nega","3M18","3","pv","L-Alanine","C3H7NO2",14.045,88.5421295,3630828
"Serum","0100 and 0200 STD Compound List negative.csv","3M18_pv_neg","nega","3M18","3","pv","L-Arginine","C6H14N4O2",18.337,173.104416,165257.95
"Serum","0100 and 0200 STD Compound List negative.csv","3M18_pv_neg","nega","3M18","3","pv","L-Asparagine","C4H8N2O3",14.548,131.045731,126792.66
"Serum","0100 and 0200 STD Compound List negative.csv","3M18_pv_neg","nega","3M18","3","pv","L-Aspartic acid","C4H7NO4",14.634,132.030319,46711.21
"Serum","0100 and 0200 STD Compound List negative.csv","3M18_pv_neg","nega","3M18","3","pv","L-Cystine","C6H12N2O4S2",15.195,239.016739,0
"Serum","0100 and 0200 STD Compound List negative.csv","3M18_pv_neg","nega","3M18","3","pv","L-Glutamic acid","C5H9NO4",14.5155,146.5479125,239804.31
"Serum","0100 and 0200 STD Compound List negative.csv","3M18_pv_neg","nega","3M18","3","pv","L-Glutamine","C5H10N2O3",14.489,146.05928,3641219.25
"Serum","0100 and 0200 STD Compound List negative.csv","3M18_pv_neg","nega","3M18","3","pv","L-Histidine","C6H9N3O2",14.662,154.062378,80270.51
"Serum","0100 and 0200 STD Compound List negative.csv","3M18_pv_neg","nega","3M18","3","pv","L-Isoleucine","C6H13NO2",10.4725,130.5890505,4588302
"Serum","0100 and 0200 STD Compound List negative.csv","3M18_pv_neg","nega","3M18","3","pv","L-Lactic acid","C3H6O3",8.0075,89.526058,100427256
"Serum","0100 and 0200 STD Compound List negative.csv","3M18_pv_neg","nega","3M18","3","pv","L-Leucine","C6H13NO2",9.946,130.589043,6291760
"Serum","0100 and 0200 STD Compound List negative.csv","3M18_pv_neg","nega","3M18","3","pv","L-Lysine","C6H14N2O2",18.448,145.596428,826472.94
"Serum","0100 and 0200 STD Compound List negative.csv","3M18_pv_neg","nega","3M18","3","pv","L-Methionine","C5H11NO2S",10.732,148.0439,1260401.62
"Serum","0100 and 0200 STD Compound List negative.csv","3M18_pv_neg","nega","3M18","3","pv","L-Phenylalanine","C9H11NO2",9.527,165.076538,3611380.75
"Serum","0100 and 0200 STD Compound List negative.csv","3M18_pv_neg","nega","3M18","3","pv","L-Proline","C5H9NO2",12.663,114.5577165,3351445.25
"Serum","0100 and 0200 STD Compound List negative.csv","3M18_pv_neg","nega","3M18","3","pv","L-Serine","C3H7NO3",14.571,104.035301,181228.31
"Serum","0100 and 0200 STD Compound List negative.csv","3M18_pv_neg","nega","3M18","3","pv","L-Threonine","C4H9NO3",14.098,118.050842,982793.31
"Serum","0100 and 0200 STD Compound List negative.csv","3M18_pv_neg","nega","3M18","3","pv","L-Tyrosine","C9H11NO3",11.515,180.066528,1210048.62
"Serum","0100 and 0200 STD Compound List negative.csv","3M18_pv_neg","nega","3M18","3","pv","Linoleic acid","C18H32O2",2.2255,279.734528,74426176
"Serum","0100 and 0200 STD Compound List negative.csv","3M18_pv_neg","nega","3M18","3","pv","Oleic acid","C18H34O2",2.208,282.251953,46571404
"Serum","0100 and 0200 STD Compound List negative.csv","3M18_pv_neg","nega","3M18","3","pv","Palmitic acid","C16H32O2",2.238,256.738342,52043308
"Serum","0100 and 0200 STD Compound List negative.csv","3M18_pv_neg","nega","3M18","3","pv","Pyruvic acid","C3H4O3",3.755,88.0121,18415432
"Serum","0100 and 0200 STD Compound List negative.csv","3M18_pv_neg","nega","3M18","3","pv","Stearic acid","C18H36O2",2.198,284.76947,24968912
"Serum","0100 and 0200 STD Compound List negative.csv","3M18_pv_neg","nega","3M18","3","pv","Valine","C5H11NO2",11.9165,116.570152,3511084
"Serum","0100 and 0200 STD Compound List negative.csv","3M18_pv_neg","nega","3M18","3","pv","Valine-C13N15","C5H11NO2",11.926,122.085609,833491.31
"Serum","0100 and 0200 STD Compound List negative.csv","3M18_pv_neg","nega","3M18","3","pv","alpha-D-Glucose","C6H12O6",12.788,180.560341,9505884
"Serum","0100 and 0200 STD Compound List negative.csv","3M18_sys_sac_neg","nega","3M18","3","sys_sac","3-Hydroxybutyric acid","C4H8O3",8.624,103.040039,556256.06
"Serum","0100 and 0200 STD Compound List negative.csv","3M18_sys_sac_neg","nega","3M18","3","sys_sac","Arachidonic acid","C20H32O2",2.1925,305.741516,9644363
"Serum","0100 and 0200 STD Compound List negative.csv","3M18_sys_sac_neg","nega","3M18","3","sys_sac","Citric acid","C6H8O7",15.183,191.01976,167495.17
"Serum","0100 and 0200 STD Compound List negative.csv","3M18_sys_sac_neg","nega","3M18","3","sys_sac","D-Tryptophan","C11H12N2O2",9.496,204.5862045,4684624
"Serum","0100 and 0200 STD Compound List negative.csv","3M18_sys_sac_neg","nega","3M18","3","sys_sac","Glycine","C2H5NO2",14.387,74.024841,291506.09
"Serum","0100 and 0200 STD Compound List negative.csv","3M18_sys_sac_neg","nega","3M18","3","sys_sac","L-Alanine","C3H7NO2",14.045,88.5421295,1226149.62
"Serum","0100 and 0200 STD Compound List negative.csv","3M18_sys_sac_neg","nega","3M18","3","sys_sac","L-Arginine","C6H14N4O2",18.337,173.104416,375280.28
"Serum","0100 and 0200 STD Compound List negative.csv","3M18_sys_sac_neg","nega","3M18","3","sys_sac","L-Asparagine","C4H8N2O3",14.548,131.045731,92542.12
"Serum","0100 and 0200 STD Compound List negative.csv","3M18_sys_sac_neg","nega","3M18","3","sys_sac","L-Aspartic acid","C4H7NO4",14.634,132.030319,216344.62
"Serum","0100 and 0200 STD Compound List negative.csv","3M18_sys_sac_neg","nega","3M18","3","sys_sac","L-Cystine","C6H12N2O4S2",15.195,239.016739,2905.49
"Serum","0100 and 0200 STD Compound List negative.csv","3M18_sys_sac_neg","nega","3M18","3","sys_sac","L-Glutamic acid","C5H9NO4",14.5155,146.5479125,111298.62
"Serum","0100 and 0200 STD Compound List negative.csv","3M18_sys_sac_neg","nega","3M18","3","sys_sac","L-Glutamine","C5H10N2O3",14.489,146.05928,1780324.5
"Serum","0100 and 0200 STD Compound List negative.csv","3M18_sys_sac_neg","nega","3M18","3","sys_sac","L-Histidine","C6H9N3O2",14.662,154.062378,245269.23
"Serum","0100 and 0200 STD Compound List negative.csv","3M18_sys_sac_neg","nega","3M18","3","sys_sac","L-Isoleucine","C6H13NO2",10.4725,130.5890505,2837368.25
"Serum","0100 and 0200 STD Compound List negative.csv","3M18_sys_sac_neg","nega","3M18","3","sys_sac","L-Lactic acid","C3H6O3",8.0075,89.526058,72278056
"Serum","0100 and 0200 STD Compound List negative.csv","3M18_sys_sac_neg","nega","3M18","3","sys_sac","L-Leucine","C6H13NO2",9.946,130.589043,4575570.5
"Serum","0100 and 0200 STD Compound List negative.csv","3M18_sys_sac_neg","nega","3M18","3","sys_sac","L-Lysine","C6H14N2O2",18.448,145.596428,511965.28
"Serum","0100 and 0200 STD Compound List negative.csv","3M18_sys_sac_neg","nega","3M18","3","sys_sac","L-Methionine","C5H11NO2S",10.732,148.0439,885219.94
"Serum","0100 and 0200 STD Compound List negative.csv","3M18_sys_sac_neg","nega","3M18","3","sys_sac","L-Phenylalanine","C9H11NO2",9.527,165.076538,3781510
"Serum","0100 and 0200 STD Compound List negative.csv","3M18_sys_sac_neg","nega","3M18","3","sys_sac","L-Proline","C5H9NO2",12.663,114.5577165,1845293
"Serum","0100 and 0200 STD Compound List negative.csv","3M18_sys_sac_neg","nega","3M18","3","sys_sac","L-Serine","C3H7NO3",14.571,104.035301,90632.49
"Serum","0100 and 0200 STD Compound List negative.csv","3M18_sys_sac_neg","nega","3M18","3","sys_sac","L-Threonine","C4H9NO3",14.098,118.050842,548614.31
"Serum","0100 and 0200 STD Compound List negative.csv","3M18_sys_sac_neg","nega","3M18","3","sys_sac","L-Tyrosine","C9H11NO3",11.515,180.066528,1637524.5
"Serum","0100 and 0200 STD Compound List negative.csv","3M18_sys_sac_neg","nega","3M18","3","sys_sac","Linoleic acid","C18H32O2",2.2255,279.734528,47528100
"Serum","0100 and 0200 STD Compound List negative.csv","3M18_sys_sac_neg","nega","3M18","3","sys_sac","Oleic acid","C18H34O2",2.208,282.251953,62709172
"Serum","0100 and 0200 STD Compound List negative.csv","3M18_sys_sac_neg","nega","3M18","3","sys_sac","Palmitic acid","C16H32O2",2.238,256.738342,65241824
"Serum","0100 and 0200 STD Compound List negative.csv","3M18_sys_sac_neg","nega","3M18","3","sys_sac","Pyruvic acid","C3H4O3",3.755,88.0121,29575186
"Serum","0100 and 0200 STD Compound List negative.csv","3M18_sys_sac_neg","nega","3M18","3","sys_sac","Stearic acid","C18H36O2",2.198,284.76947,46168852
"Serum","0100 and 0200 STD Compound List negative.csv","3M18_sys_sac_neg","nega","3M18","3","sys_sac","Valine","C5H11NO2",11.9165,116.570152,2773269.75
"Serum","0100 and 0200 STD Compound List negative.csv","3M18_sys_sac_neg","nega","3M18","3","sys_sac","Valine-C13N15","C5H11NO2",11.926,122.085609,669363
"Serum","0100 and 0200 STD Compound List negative.csv","3M18_sys_sac_neg","nega","3M18","3","sys_sac","alpha-D-Glucose","C6H12O6",12.788,180.560341,9028928
"Serum","0100 and 0200 STD Compound List negative.csv","3M1_pv_neg","nega","3M1","3","pv","3-Hydroxybutyric acid","C4H8O3",8.624,103.040039,492928.34
"Serum","0100 and 0200 STD Compound List negative.csv","3M1_pv_neg","nega","3M1","3","pv","Arachidonic acid","C20H32O2",2.1925,305.741516,12089320
"Serum","0100 and 0200 STD Compound List negative.csv","3M1_pv_neg","nega","3M1","3","pv","Citric acid","C6H8O7",15.183,191.01976,257104.75
"Serum","0100 and 0200 STD Compound List negative.csv","3M1_pv_neg","nega","3M1","3","pv","D-Tryptophan","C11H12N2O2",9.496,204.5862045,2296634.25
"Serum","0100 and 0200 STD Compound List negative.csv","3M1_pv_neg","nega","3M1","3","pv","Glycine","C2H5NO2",14.387,74.024841,151219.64
"Serum","0100 and 0200 STD Compound List negative.csv","3M1_pv_neg","nega","3M1","3","pv","L-Alanine","C3H7NO2",14.045,88.5421295,2756436.75
"Serum","0100 and 0200 STD Compound List negative.csv","3M1_pv_neg","nega","3M1","3","pv","L-Arginine","C6H14N4O2",18.337,173.104416,253720.05
"Serum","0100 and 0200 STD Compound List negative.csv","3M1_pv_neg","nega","3M1","3","pv","L-Asparagine","C4H8N2O3",14.548,131.045731,233389.7
"Serum","0100 and 0200 STD Compound List negative.csv","3M1_pv_neg","nega","3M1","3","pv","L-Aspartic acid","C4H7NO4",14.634,132.030319,125462.62
"Serum","0100 and 0200 STD Compound List negative.csv","3M1_pv_neg","nega","3M1","3","pv","L-Cystine","C6H12N2O4S2",15.195,239.016739,1477.91
"Serum","0100 and 0200 STD Compound List negative.csv","3M1_pv_neg","nega","3M1","3","pv","L-Glutamic acid","C5H9NO4",14.5155,146.5479125,730901.56
"Serum","0100 and 0200 STD Compound List negative.csv","3M1_pv_neg","nega","3M1","3","pv","L-Glutamine","C5H10N2O3",14.489,146.05928,3780672.75
"Serum","0100 and 0200 STD Compound List negative.csv","3M1_pv_neg","nega","3M1","3","pv","L-Histidine","C6H9N3O2",14.662,154.062378,277637.28
"Serum","0100 and 0200 STD Compound List negative.csv","3M1_pv_neg","nega","3M1","3","pv","L-Isoleucine","C6H13NO2",10.4725,130.5890505,3643014.75
"Serum","0100 and 0200 STD Compound List negative.csv","3M1_pv_neg","nega","3M1","3","pv","L-Lactic acid","C3H6O3",8.0075,89.526058,59388700
"Serum","0100 and 0200 STD Compound List negative.csv","3M1_pv_neg","nega","3M1","3","pv","L-Leucine","C6H13NO2",9.946,130.589043,5111819.5
"Serum","0100 and 0200 STD Compound List negative.csv","3M1_pv_neg","nega","3M1","3","pv","L-Lysine","C6H14N2O2",18.448,145.596428,585028.56
"Serum","0100 and 0200 STD Compound List negative.csv","3M1_pv_neg","nega","3M1","3","pv","L-Methionine","C5H11NO2S",10.732,148.0439,886545.81
"Serum","0100 and 0200 STD Compound List negative.csv","3M1_pv_neg","nega","3M1","3","pv","L-Phenylalanine","C9H11NO2",9.527,165.076538,3441095.25
"Serum","0100 and 0200 STD Compound List negative.csv","3M1_pv_neg","nega","3M1","3","pv","L-Proline","C5H9NO2",12.663,114.5577165,2382363
"Serum","0100 and 0200 STD Compound List negative.csv","3M1_pv_neg","nega","3M1","3","pv","L-Serine","C3H7NO3",14.571,104.035301,253554.83
"Serum","0100 and 0200 STD Compound List negative.csv","3M1_pv_neg","nega","3M1","3","pv","L-Threonine","C4H9NO3",14.098,118.050842,849310.31
"Serum","0100 and 0200 STD Compound List negative.csv","3M1_pv_neg","nega","3M1","3","pv","L-Tyrosine","C9H11NO3",11.515,180.066528,1294670.12
"Serum","0100 and 0200 STD Compound List negative.csv","3M1_pv_neg","nega","3M1","3","pv","Linoleic acid","C18H32O2",2.2255,279.734528,96915328
"Serum","0100 and 0200 STD Compound List negative.csv","3M1_pv_neg","nega","3M1","3","pv","Oleic acid","C18H34O2",2.208,282.251953,70422304
"Serum","0100 and 0200 STD Compound List negative.csv","3M1_pv_neg","nega","3M1","3","pv","Palmitic acid","C16H32O2",2.238,256.738342,72284648
"Serum","0100 and 0200 STD Compound List negative.csv","3M1_pv_neg","nega","3M1","3","pv","Pyruvic acid","C3H4O3",3.755,88.0121,26932442
"Serum","0100 and 0200 STD Compound List negative.csv","3M1_pv_neg","nega","3M1","3","pv","Stearic acid","C18H36O2",2.198,284.76947,41724212
"Serum","0100 and 0200 STD Compound List negative.csv","3M1_pv_neg","nega","3M1","3","pv","Valine","C5H11NO2",11.9165,116.570152,2211371.25
"Serum","0100 and 0200 STD Compound List negative.csv","3M1_pv_neg","nega","3M1","3","pv","Valine-C13N15","C5H11NO2",11.926,122.085609,645285.56
"Serum","0100 and 0200 STD Compound List negative.csv","3M1_pv_neg","nega","3M1","3","pv","alpha-D-Glucose","C6H12O6",12.788,180.560341,8566001
"Serum","0100 and 0200 STD Compound List negative.csv","3M1_sys_sac_neg","nega","3M1","3","sys_sac","3-Hydroxybutyric acid","C4H8O3",8.624,103.040039,387189.75
"Serum","0100 and 0200 STD Compound List negative.csv","3M1_sys_sac_neg","nega","3M1","3","sys_sac","Arachidonic acid","C20H32O2",2.1925,305.741516,16510419
"Serum","0100 and 0200 STD Compound List negative.csv","3M1_sys_sac_neg","nega","3M1","3","sys_sac","Citric acid","C6H8O7",15.183,191.01976,123148.12
"Serum","0100 and 0200 STD Compound List negative.csv","3M1_sys_sac_neg","nega","3M1","3","sys_sac","D-Tryptophan","C11H12N2O2",9.496,204.5862045,5558019
"Serum","0100 and 0200 STD Compound List negative.csv","3M1_sys_sac_neg","nega","3M1","3","sys_sac","Glycine","C2H5NO2",14.387,74.024841,366399.25
"Serum","0100 and 0200 STD Compound List negative.csv","3M1_sys_sac_neg","nega","3M1","3","sys_sac","L-Alanine","C3H7NO2",14.045,88.5421295,1748116.62
"Serum","0100 and 0200 STD Compound List negative.csv","3M1_sys_sac_neg","nega","3M1","3","sys_sac","L-Arginine","C6H14N4O2",18.337,173.104416,180372
"Serum","0100 and 0200 STD Compound List negative.csv","3M1_sys_sac_neg","nega","3M1","3","sys_sac","L-Asparagine","C4H8N2O3",14.548,131.045731,185744.12
"Serum","0100 and 0200 STD Compound List negative.csv","3M1_sys_sac_neg","nega","3M1","3","sys_sac","L-Aspartic acid","C4H7NO4",14.634,132.030319,213114.56
"Serum","0100 and 0200 STD Compound List negative.csv","3M1_sys_sac_neg","nega","3M1","3","sys_sac","L-Cystine","C6H12N2O4S2",15.195,239.016739,1699.72
"Serum","0100 and 0200 STD Compound List negative.csv","3M1_sys_sac_neg","nega","3M1","3","sys_sac","L-Glutamic acid","C5H9NO4",14.5155,146.5479125,247681.38
"Serum","0100 and 0200 STD Compound List negative.csv","3M1_sys_sac_neg","nega","3M1","3","sys_sac","L-Glutamine","C5H10N2O3",14.489,146.05928,3320301
"Serum","0100 and 0200 STD Compound List negative.csv","3M1_sys_sac_neg","nega","3M1","3","sys_sac","L-Histidine","C6H9N3O2",14.662,154.062378,475210.91
"Serum","0100 and 0200 STD Compound List negative.csv","3M1_sys_sac_neg","nega","3M1","3","sys_sac","L-Isoleucine","C6H13NO2",10.4725,130.5890505,3651950.75
"Serum","0100 and 0200 STD Compound List negative.csv","3M1_sys_sac_neg","nega","3M1","3","sys_sac","L-Lactic acid","C3H6O3",8.0075,89.526058,67631256
"Serum","0100 and 0200 STD Compound List negative.csv","3M1_sys_sac_neg","nega","3M1","3","sys_sac","L-Leucine","C6H13NO2",9.946,130.589043,7103538
"Serum","0100 and 0200 STD Compound List negative.csv","3M1_sys_sac_neg","nega","3M1","3","sys_sac","L-Lysine","C6H14N2O2",18.448,145.596428,597369.19
"Serum","0100 and 0200 STD Compound List negative.csv","3M1_sys_sac_neg","nega","3M1","3","sys_sac","L-Methionine","C5H11NO2S",10.732,148.0439,803170.44
"Serum","0100 and 0200 STD Compound List negative.csv","3M1_sys_sac_neg","nega","3M1","3","sys_sac","L-Phenylalanine","C9H11NO2",9.527,165.076538,5017774.5
"Serum","0100 and 0200 STD Compound List negative.csv","3M1_sys_sac_neg","nega","3M1","3","sys_sac","L-Proline","C5H9NO2",12.663,114.5577165,2221181.75
"Serum","0100 and 0200 STD Compound List negative.csv","3M1_sys_sac_neg","nega","3M1","3","sys_sac","L-Serine","C3H7NO3",14.571,104.035301,134810.56
"Serum","0100 and 0200 STD Compound List negative.csv","3M1_sys_sac_neg","nega","3M1","3","sys_sac","L-Threonine","C4H9NO3",14.098,118.050842,906679
"Serum","0100 and 0200 STD Compound List negative.csv","3M1_sys_sac_neg","nega","3M1","3","sys_sac","L-Tyrosine","C9H11NO3",11.515,180.066528,2003230.5
"Serum","0100 and 0200 STD Compound List negative.csv","3M1_sys_sac_neg","nega","3M1","3","sys_sac","Linoleic acid","C18H32O2",2.2255,279.734528,131431848
"Serum","0100 and 0200 STD Compound List negative.csv","3M1_sys_sac_neg","nega","3M1","3","sys_sac","Oleic acid","C18H34O2",2.208,282.251953,174264016
"Serum","0100 and 0200 STD Compound List negative.csv","3M1_sys_sac_neg","nega","3M1","3","sys_sac","Palmitic acid","C16H32O2",2.238,256.738342,113679304
"Serum","0100 and 0200 STD Compound List negative.csv","3M1_sys_sac_neg","nega","3M1","3","sys_sac","Pyruvic acid","C3H4O3",3.755,88.0121,22382152
"Serum","0100 and 0200 STD Compound List negative.csv","3M1_sys_sac_neg","nega","3M1","3","sys_sac","Stearic acid","C18H36O2",2.198,284.76947,62999420
"Serum","0100 and 0200 STD Compound List negative.csv","3M1_sys_sac_neg","nega","3M1","3","sys_sac","Valine","C5H11NO2",11.9165,116.570152,3134947.75
"Serum","0100 and 0200 STD Compound List negative.csv","3M1_sys_sac_neg","nega","3M1","3","sys_sac","Valine-C13N15","C5H11NO2",11.926,122.085609,705052.56
"Serum","0100 and 0200 STD Compound List negative.csv","3M1_sys_sac_neg","nega","3M1","3","sys_sac","alpha-D-Glucose","C6H12O6",12.788,180.560341,9024723
"Serum","0100 and 0200 STD Compound List negative.csv","3M21_pv_neg","nega","3M21","3","pv","3-Hydroxybutyric acid","C4H8O3",8.624,103.040039,756903
"Serum","0100 and 0200 STD Compound List negative.csv","3M21_pv_neg","nega","3M21","3","pv","Arachidonic acid","C20H32O2",2.1925,305.741516,19780100
"Serum","0100 and 0200 STD Compound List negative.csv","3M21_pv_neg","nega","3M21","3","pv","Citric acid","C6H8O7",15.183,191.01976,0
"Serum","0100 and 0200 STD Compound List negative.csv","3M21_pv_neg","nega","3M21","3","pv","D-Tryptophan","C11H12N2O2",9.496,204.5862045,2369229.75
"Serum","0100 and 0200 STD Compound List negative.csv","3M21_pv_neg","nega","3M21","3","pv","Glycine","C2H5NO2",14.387,74.024841,218891.2
"Serum","0100 and 0200 STD Compound List negative.csv","3M21_pv_neg","nega","3M21","3","pv","L-Alanine","C3H7NO2",14.045,88.5421295,3573374.25
"Serum","0100 and 0200 STD Compound List negative.csv","3M21_pv_neg","nega","3M21","3","pv","L-Arginine","C6H14N4O2",18.337,173.104416,221425.12
"Serum","0100 and 0200 STD Compound List negative.csv","3M21_pv_neg","nega","3M21","3","pv","L-Asparagine","C4H8N2O3",14.548,131.045731,177003.92
"Serum","0100 and 0200 STD Compound List negative.csv","3M21_pv_neg","nega","3M21","3","pv","L-Aspartic acid","C4H7NO4",14.634,132.030319,54866.02
"Serum","0100 and 0200 STD Compound List negative.csv","3M21_pv_neg","nega","3M21","3","pv","L-Cystine","C6H12N2O4S2",15.195,239.016739,1688.88
"Serum","0100 and 0200 STD Compound List negative.csv","3M21_pv_neg","nega","3M21","3","pv","L-Glutamic acid","C5H9NO4",14.5155,146.5479125,442765.88
"Serum","0100 and 0200 STD Compound List negative.csv","3M21_pv_neg","nega","3M21","3","pv","L-Glutamine","C5H10N2O3",14.489,146.05928,3544730
"Serum","0100 and 0200 STD Compound List negative.csv","3M21_pv_neg","nega","3M21","3","pv","L-Histidine","C6H9N3O2",14.662,154.062378,32055.67
"Serum","0100 and 0200 STD Compound List negative.csv","3M21_pv_neg","nega","3M21","3","pv","L-Isoleucine","C6H13NO2",10.4725,130.5890505,3894510.75
"Serum","0100 and 0200 STD Compound List negative.csv","3M21_pv_neg","nega","3M21","3","pv","L-Lactic acid","C3H6O3",8.0075,89.526058,37546576
"Serum","0100 and 0200 STD Compound List negative.csv","3M21_pv_neg","nega","3M21","3","pv","L-Leucine","C6H13NO2",9.946,130.589043,5776749.5
"Serum","0100 and 0200 STD Compound List negative.csv","3M21_pv_neg","nega","3M21","3","pv","L-Lysine","C6H14N2O2",18.448,145.596428,449430.5
"Serum","0100 and 0200 STD Compound List negative.csv","3M21_pv_neg","nega","3M21","3","pv","L-Methionine","C5H11NO2S",10.732,148.0439,665887.69
"Serum","0100 and 0200 STD Compound List negative.csv","3M21_pv_neg","nega","3M21","3","pv","L-Phenylalanine","C9H11NO2",9.527,165.076538,4251884.5
"Serum","0100 and 0200 STD Compound List negative.csv","3M21_pv_neg","nega","3M21","3","pv","L-Proline","C5H9NO2",12.663,114.5577165,1416480.38
"Serum","0100 and 0200 STD Compound List negative.csv","3M21_pv_neg","nega","3M21","3","pv","L-Serine","C3H7NO3",14.571,104.035301,212108.25
"Serum","0100 and 0200 STD Compound List negative.csv","3M21_pv_neg","nega","3M21","3","pv","L-Threonine","C4H9NO3",14.098,118.050842,742617.69
"Serum","0100 and 0200 STD Compound List negative.csv","3M21_pv_neg","nega","3M21","3","pv","L-Tyrosine","C9H11NO3",11.515,180.066528,1071936
"Serum","0100 and 0200 STD Compound List negative.csv","3M21_pv_neg","nega","3M21","3","pv","Linoleic acid","C18H32O2",2.2255,279.734528,152054528
"Serum","0100 and 0200 STD Compound List negative.csv","3M21_pv_neg","nega","3M21","3","pv","Oleic acid","C18H34O2",2.208,282.251953,142044368
"Serum","0100 and 0200 STD Compound List negative.csv","3M21_pv_neg","nega","3M21","3","pv","Palmitic acid","C16H32O2",2.238,256.738342,115894264
"Serum","0100 and 0200 STD Compound List negative.csv","3M21_pv_neg","nega","3M21","3","pv","Pyruvic acid","C3H4O3",3.755,88.0121,27777578
"Serum","0100 and 0200 STD Compound List negative.csv","3M21_pv_neg","nega","3M21","3","pv","Stearic acid","C18H36O2",2.198,284.76947,53337008
"Serum","0100 and 0200 STD Compound List negative.csv","3M21_pv_neg","nega","3M21","3","pv","Valine","C5H11NO2",11.9165,116.570152,2349135.25
"Serum","0100 and 0200 STD Compound List negative.csv","3M21_pv_neg","nega","3M21","3","pv","Valine-C13N15","C5H11NO2",11.926,122.085609,634038.81
"Serum","0100 and 0200 STD Compound List negative.csv","3M21_pv_neg","nega","3M21","3","pv","alpha-D-Glucose","C6H12O6",12.788,180.560341,7638220.5
"Serum","0100 and 0200 STD Compound List negative.csv","3M21_sys_sac_neg","nega","3M21","3","sys_sac","3-Hydroxybutyric acid","C4H8O3",8.624,103.040039,257373.08
"Serum","0100 and 0200 STD Compound List negative.csv","3M21_sys_sac_neg","nega","3M21","3","sys_sac","Arachidonic acid","C20H32O2",2.1925,305.741516,17432272
"Serum","0100 and 0200 STD Compound List negative.csv","3M21_sys_sac_neg","nega","3M21","3","sys_sac","Citric acid","C6H8O7",15.183,191.01976,88100.48
"Serum","0100 and 0200 STD Compound List negative.csv","3M21_sys_sac_neg","nega","3M21","3","sys_sac","D-Tryptophan","C11H12N2O2",9.496,204.5862045,6115064.5
"Serum","0100 and 0200 STD Compound List negative.csv","3M21_sys_sac_neg","nega","3M21","3","sys_sac","Glycine","C2H5NO2",14.387,74.024841,369102.59
"Serum","0100 and 0200 STD Compound List negative.csv","3M21_sys_sac_neg","nega","3M21","3","sys_sac","L-Alanine","C3H7NO2",14.045,88.5421295,1936971.62
"Serum","0100 and 0200 STD Compound List negative.csv","3M21_sys_sac_neg","nega","3M21","3","sys_sac","L-Arginine","C6H14N4O2",18.337,173.104416,238690.8
"Serum","0100 and 0200 STD Compound List negative.csv","3M21_sys_sac_neg","nega","3M21","3","sys_sac","L-Asparagine","C4H8N2O3",14.548,131.045731,161299.8
"Serum","0100 and 0200 STD Compound List negative.csv","3M21_sys_sac_neg","nega","3M21","3","sys_sac","L-Aspartic acid","C4H7NO4",14.634,132.030319,361485.84
"Serum","0100 and 0200 STD Compound List negative.csv","3M21_sys_sac_neg","nega","3M21","3","sys_sac","L-Cystine","C6H12N2O4S2",15.195,239.016739,7385.54
"Serum","0100 and 0200 STD Compound List negative.csv","3M21_sys_sac_neg","nega","3M21","3","sys_sac","L-Glutamic acid","C5H9NO4",14.5155,146.5479125,241132.08
"Serum","0100 and 0200 STD Compound List negative.csv","3M21_sys_sac_neg","nega","3M21","3","sys_sac","L-Glutamine","C5H10N2O3",14.489,146.05928,3377126.75
"Serum","0100 and 0200 STD Compound List negative.csv","3M21_sys_sac_neg","nega","3M21","3","sys_sac","L-Histidine","C6H9N3O2",14.662,154.062378,363862.59
"Serum","0100 and 0200 STD Compound List negative.csv","3M21_sys_sac_neg","nega","3M21","3","sys_sac","L-Isoleucine","C6H13NO2",10.4725,130.5890505,7358079.5
"Serum","0100 and 0200 STD Compound List negative.csv","3M21_sys_sac_neg","nega","3M21","3","sys_sac","L-Lactic acid","C3H6O3",8.0075,89.526058,96475608
"Serum","0100 and 0200 STD Compound List negative.csv","3M21_sys_sac_neg","nega","3M21","3","sys_sac","L-Leucine","C6H13NO2",9.946,130.589043,12563384
"Serum","0100 and 0200 STD Compound List negative.csv","3M21_sys_sac_neg","nega","3M21","3","sys_sac","L-Lysine","C6H14N2O2",18.448,145.596428,806571
"Serum","0100 and 0200 STD Compound List negative.csv","3M21_sys_sac_neg","nega","3M21","3","sys_sac","L-Methionine","C5H11NO2S",10.732,148.0439,2223203.5
"Serum","0100 and 0200 STD Compound List negative.csv","3M21_sys_sac_neg","nega","3M21","3","sys_sac","L-Phenylalanine","C9H11NO2",9.527,165.076538,9358684
"Serum","0100 and 0200 STD Compound List negative.csv","3M21_sys_sac_neg","nega","3M21","3","sys_sac","L-Proline","C5H9NO2",12.663,114.5577165,4816389.5
"Serum","0100 and 0200 STD Compound List negative.csv","3M21_sys_sac_neg","nega","3M21","3","sys_sac","L-Serine","C3H7NO3",14.571,104.035301,165943.58
"Serum","0100 and 0200 STD Compound List negative.csv","3M21_sys_sac_neg","nega","3M21","3","sys_sac","L-Threonine","C4H9NO3",14.098,118.050842,1630827.38
"Serum","0100 and 0200 STD Compound List negative.csv","3M21_sys_sac_neg","nega","3M21","3","sys_sac","L-Tyrosine","C9H11NO3",11.515,180.066528,3679640
"Serum","0100 and 0200 STD Compound List negative.csv","3M21_sys_sac_neg","nega","3M21","3","sys_sac","Linoleic acid","C18H32O2",2.2255,279.734528,85826848
"Serum","0100 and 0200 STD Compound List negative.csv","3M21_sys_sac_neg","nega","3M21","3","sys_sac","Oleic acid","C18H34O2",2.208,282.251953,125075968
"Serum","0100 and 0200 STD Compound List negative.csv","3M21_sys_sac_neg","nega","3M21","3","sys_sac","Palmitic acid","C16H32O2",2.238,256.738342,107454120
"Serum","0100 and 0200 STD Compound List negative.csv","3M21_sys_sac_neg","nega","3M21","3","sys_sac","Pyruvic acid","C3H4O3",3.755,88.0121,22233310
"Serum","0100 and 0200 STD Compound List negative.csv","3M21_sys_sac_neg","nega","3M21","3","sys_sac","Stearic acid","C18H36O2",2.198,284.76947,70304752
"Serum","0100 and 0200 STD Compound List negative.csv","3M21_sys_sac_neg","nega","3M21","3","sys_sac","Valine","C5H11NO2",11.9165,116.570152,5775292.5
"Serum","0100 and 0200 STD Compound List negative.csv","3M21_sys_sac_neg","nega","3M21","3","sys_sac","Valine-C13N15","C5H11NO2",11.926,122.085609,806021.94
"Serum","0100 and 0200 STD Compound List negative.csv","3M21_sys_sac_neg","nega","3M21","3","sys_sac","alpha-D-Glucose","C6H12O6",12.788,180.560341,7750846
"Serum","0100 and 0200 STD Compound List negative.csv","3M26_pv_neg","nega","3M26","3","pv","3-Hydroxybutyric acid","C4H8O3",8.624,103.040039,818114.19
"Serum","0100 and 0200 STD Compound List negative.csv","3M26_pv_neg","nega","3M26","3","pv","Arachidonic acid","C20H32O2",2.1925,305.741516,19132406
"Serum","0100 and 0200 STD Compound List negative.csv","3M26_pv_neg","nega","3M26","3","pv","Citric acid","C6H8O7",15.183,191.01976,82137.94
"Serum","0100 and 0200 STD Compound List negative.csv","3M26_pv_neg","nega","3M26","3","pv","D-Tryptophan","C11H12N2O2",9.496,204.5862045,2262129.25
"Serum","0100 and 0200 STD Compound List negative.csv","3M26_pv_neg","nega","3M26","3","pv","Glycine","C2H5NO2",14.387,74.024841,213935.61
"Serum","0100 and 0200 STD Compound List negative.csv","3M26_pv_neg","nega","3M26","3","pv","L-Alanine","C3H7NO2",14.045,88.5421295,3300981.25
"Serum","0100 and 0200 STD Compound List negative.csv","3M26_pv_neg","nega","3M26","3","pv","L-Arginine","C6H14N4O2",18.337,173.104416,85238.99
"Serum","0100 and 0200 STD Compound List negative.csv","3M26_pv_neg","nega","3M26","3","pv","L-Asparagine","C4H8N2O3",14.548,131.045731,137039.06
"Serum","0100 and 0200 STD Compound List negative.csv","3M26_pv_neg","nega","3M26","3","pv","L-Aspartic acid","C4H7NO4",14.634,132.030319,57842.93
"Serum","0100 and 0200 STD Compound List negative.csv","3M26_pv_neg","nega","3M26","3","pv","L-Cystine","C6H12N2O4S2",15.195,239.016739,7463
"Serum","0100 and 0200 STD Compound List negative.csv","3M26_pv_neg","nega","3M26","3","pv","L-Glutamic acid","C5H9NO4",14.5155,146.5479125,494520.53
"Serum","0100 and 0200 STD Compound List negative.csv","3M26_pv_neg","nega","3M26","3","pv","L-Glutamine","C5H10N2O3",14.489,146.05928,2081053.62
"Serum","0100 and 0200 STD Compound List negative.csv","3M26_pv_neg","nega","3M26","3","pv","L-Histidine","C6H9N3O2",14.662,154.062378,60649.97
"Serum","0100 and 0200 STD Compound List negative.csv","3M26_pv_neg","nega","3M26","3","pv","L-Isoleucine","C6H13NO2",10.4725,130.5890505,5570383.5
"Serum","0100 and 0200 STD Compound List negative.csv","3M26_pv_neg","nega","3M26","3","pv","L-Lactic acid","C3H6O3",8.0075,89.526058,84249992
"Serum","0100 and 0200 STD Compound List negative.csv","3M26_pv_neg","nega","3M26","3","pv","L-Leucine","C6H13NO2",9.946,130.589043,8013688.5
"Serum","0100 and 0200 STD Compound List negative.csv","3M26_pv_neg","nega","3M26","3","pv","L-Lysine","C6H14N2O2",18.448,145.596428,713534
"Serum","0100 and 0200 STD Compound List negative.csv","3M26_pv_neg","nega","3M26","3","pv","L-Methionine","C5H11NO2S",10.732,148.0439,1158593
"Serum","0100 and 0200 STD Compound List negative.csv","3M26_pv_neg","nega","3M26","3","pv","L-Phenylalanine","C9H11NO2",9.527,165.076538,4481695.5
"Serum","0100 and 0200 STD Compound List negative.csv","3M26_pv_neg","nega","3M26","3","pv","L-Proline","C5H9NO2",12.663,114.5577165,3464195.75
"Serum","0100 and 0200 STD Compound List negative.csv","3M26_pv_neg","nega","3M26","3","pv","L-Serine","C3H7NO3",14.571,104.035301,163695.23
"Serum","0100 and 0200 STD Compound List negative.csv","3M26_pv_neg","nega","3M26","3","pv","L-Threonine","C4H9NO3",14.098,118.050842,770039.19
"Serum","0100 and 0200 STD Compound List negative.csv","3M26_pv_neg","nega","3M26","3","pv","L-Tyrosine","C9H11NO3",11.515,180.066528,1356300.5
"Serum","0100 and 0200 STD Compound List negative.csv","3M26_pv_neg","nega","3M26","3","pv","Linoleic acid","C18H32O2",2.2255,279.734528,121310368
"Serum","0100 and 0200 STD Compound List negative.csv","3M26_pv_neg","nega","3M26","3","pv","Oleic acid","C18H34O2",2.208,282.251953,110022488
"Serum","0100 and 0200 STD Compound List negative.csv","3M26_pv_neg","nega","3M26","3","pv","Palmitic acid","C16H32O2",2.238,256.738342,90354104
"Serum","0100 and 0200 STD Compound List negative.csv","3M26_pv_neg","nega","3M26","3","pv","Pyruvic acid","C3H4O3",3.755,88.0121,18142870
"Serum","0100 and 0200 STD Compound List negative.csv","3M26_pv_neg","nega","3M26","3","pv","Stearic acid","C18H36O2",2.198,284.76947,37613984
"Serum","0100 and 0200 STD Compound List negative.csv","3M26_pv_neg","nega","3M26","3","pv","Valine","C5H11NO2",11.9165,116.570152,3515868
"Serum","0100 and 0200 STD Compound List negative.csv","3M26_pv_neg","nega","3M26","3","pv","Valine-C13N15","C5H11NO2",11.926,122.085609,870789.06
"Serum","0100 and 0200 STD Compound List negative.csv","3M26_pv_neg","nega","3M26","3","pv","alpha-D-Glucose","C6H12O6",12.788,180.560341,10789181
"Serum","0100 and 0200 STD Compound List negative.csv","3M26_sys_sac_neg","nega","3M26","3","sys_sac","3-Hydroxybutyric acid","C4H8O3",8.624,103.040039,167910.58
"Serum","0100 and 0200 STD Compound List negative.csv","3M26_sys_sac_neg","nega","3M26","3","sys_sac","Arachidonic acid","C20H32O2",2.1925,305.741516,22646374
"Serum","0100 and 0200 STD Compound List negative.csv","3M26_sys_sac_neg","nega","3M26","3","sys_sac","Citric acid","C6H8O7",15.183,191.01976,31968.5
"Serum","0100 and 0200 STD Compound List negative.csv","3M26_sys_sac_neg","nega","3M26","3","sys_sac","D-Tryptophan","C11H12N2O2",9.496,204.5862045,3699736.75
"Serum","0100 and 0200 STD Compound List negative.csv","3M26_sys_sac_neg","nega","3M26","3","sys_sac","Glycine","C2H5NO2",14.387,74.024841,250668.64
"Serum","0100 and 0200 STD Compound List negative.csv","3M26_sys_sac_neg","nega","3M26","3","sys_sac","L-Alanine","C3H7NO2",14.045,88.5421295,1451328
"Serum","0100 and 0200 STD Compound List negative.csv","3M26_sys_sac_neg","nega","3M26","3","sys_sac","L-Arginine","C6H14N4O2",18.337,173.104416,176101.7
"Serum","0100 and 0200 STD Compound List negative.csv","3M26_sys_sac_neg","nega","3M26","3","sys_sac","L-Asparagine","C4H8N2O3",14.548,131.045731,99652.07
"Serum","0100 and 0200 STD Compound List negative.csv","3M26_sys_sac_neg","nega","3M26","3","sys_sac","L-Aspartic acid","C4H7NO4",14.634,132.030319,293937.84
"Serum","0100 and 0200 STD Compound List negative.csv","3M26_sys_sac_neg","nega","3M26","3","sys_sac","L-Cystine","C6H12N2O4S2",15.195,239.016739,1972.86
"Serum","0100 and 0200 STD Compound List negative.csv","3M26_sys_sac_neg","nega","3M26","3","sys_sac","L-Glutamic acid","C5H9NO4",14.5155,146.5479125,156923.77
"Serum","0100 and 0200 STD Compound List negative.csv","3M26_sys_sac_neg","nega","3M26","3","sys_sac","L-Glutamine","C5H10N2O3",14.489,146.05928,2190815.75
"Serum","0100 and 0200 STD Compound List negative.csv","3M26_sys_sac_neg","nega","3M26","3","sys_sac","L-Histidine","C6H9N3O2",14.662,154.062378,327969.75
"Serum","0100 and 0200 STD Compound List negative.csv","3M26_sys_sac_neg","nega","3M26","3","sys_sac","L-Isoleucine","C6H13NO2",10.4725,130.5890505,3601311.25
"Serum","0100 and 0200 STD Compound List negative.csv","3M26_sys_sac_neg","nega","3M26","3","sys_sac","L-Lactic acid","C3H6O3",8.0075,89.526058,58225216
"Serum","0100 and 0200 STD Compound List negative.csv","3M26_sys_sac_neg","nega","3M26","3","sys_sac","L-Leucine","C6H13NO2",9.946,130.589043,6724708
"Serum","0100 and 0200 STD Compound List negative.csv","3M26_sys_sac_neg","nega","3M26","3","sys_sac","L-Lysine","C6H14N2O2",18.448,145.596428,372254.34
"Serum","0100 and 0200 STD Compound List negative.csv","3M26_sys_sac_neg","nega","3M26","3","sys_sac","L-Methionine","C5H11NO2S",10.732,148.0439,901360.69
"Serum","0100 and 0200 STD Compound List negative.csv","3M26_sys_sac_neg","nega","3M26","3","sys_sac","L-Phenylalanine","C9H11NO2",9.527,165.076538,5062794
"Serum","0100 and 0200 STD Compound List negative.csv","3M26_sys_sac_neg","nega","3M26","3","sys_sac","L-Proline","C5H9NO2",12.663,114.5577165,2167719
"Serum","0100 and 0200 STD Compound List negative.csv","3M26_sys_sac_neg","nega","3M26","3","sys_sac","L-Serine","C3H7NO3",14.571,104.035301,81363.63
"Serum","0100 and 0200 STD Compound List negative.csv","3M26_sys_sac_neg","nega","3M26","3","sys_sac","L-Threonine","C4H9NO3",14.098,118.050842,210440.58
"Serum","0100 and 0200 STD Compound List negative.csv","3M26_sys_sac_neg","nega","3M26","3","sys_sac","L-Tyrosine","C9H11NO3",11.515,180.066528,1491718.62
"Serum","0100 and 0200 STD Compound List negative.csv","3M26_sys_sac_neg","nega","3M26","3","sys_sac","Linoleic acid","C18H32O2",2.2255,279.734528,156658656
"Serum","0100 and 0200 STD Compound List negative.csv","3M26_sys_sac_neg","nega","3M26","3","sys_sac","Oleic acid","C18H34O2",2.208,282.251953,176241520
"Serum","0100 and 0200 STD Compound List negative.csv","3M26_sys_sac_neg","nega","3M26","3","sys_sac","Palmitic acid","C16H32O2",2.238,256.738342,126443544
"Serum","0100 and 0200 STD Compound List negative.csv","3M26_sys_sac_neg","nega","3M26","3","sys_sac","Pyruvic acid","C3H4O3",3.755,88.0121,19497578
"Serum","0100 and 0200 STD Compound List negative.csv","3M26_sys_sac_neg","nega","3M26","3","sys_sac","Stearic acid","C18H36O2",2.198,284.76947,60452592
"Serum","0100 and 0200 STD Compound List negative.csv","3M26_sys_sac_neg","nega","3M26","3","sys_sac","Valine","C5H11NO2",11.9165,116.570152,3112725.75
"Serum","0100 and 0200 STD Compound List negative.csv","3M26_sys_sac_neg","nega","3M26","3","sys_sac","Valine-C13N15","C5H11NO2",11.926,122.085609,758175.69
"Serum","0100 and 0200 STD Compound List negative.csv","3M26_sys_sac_neg","nega","3M26","3","sys_sac","alpha-D-Glucose","C6H12O6",12.788,180.560341,7551197.5
"Serum","0100 and 0200 STD Compound List negative.csv","3M27_pv_neg","nega","3M27","3","pv","3-Hydroxybutyric acid","C4H8O3",8.624,103.040039,1299724.25
"Serum","0100 and 0200 STD Compound List negative.csv","3M27_pv_neg","nega","3M27","3","pv","Arachidonic acid","C20H32O2",2.1925,305.741516,22546790
"Serum","0100 and 0200 STD Compound List negative.csv","3M27_pv_neg","nega","3M27","3","pv","Citric acid","C6H8O7",15.183,191.01976,51965.3
"Serum","0100 and 0200 STD Compound List negative.csv","3M27_pv_neg","nega","3M27","3","pv","D-Tryptophan","C11H12N2O2",9.496,204.5862045,1848775.62
"Serum","0100 and 0200 STD Compound List negative.csv","3M27_pv_neg","nega","3M27","3","pv","Glycine","C2H5NO2",14.387,74.024841,194777.38
"Serum","0100 and 0200 STD Compound List negative.csv","3M27_pv_neg","nega","3M27","3","pv","L-Alanine","C3H7NO2",14.045,88.5421295,2112841.75
"Serum","0100 and 0200 STD Compound List negative.csv","3M27_pv_neg","nega","3M27","3","pv","L-Arginine","C6H14N4O2",18.337,173.104416,200377.67
"Serum","0100 and 0200 STD Compound List negative.csv","3M27_pv_neg","nega","3M27","3","pv","L-Asparagine","C4H8N2O3",14.548,131.045731,96261.57
"Serum","0100 and 0200 STD Compound List negative.csv","3M27_pv_neg","nega","3M27","3","pv","L-Aspartic acid","C4H7NO4",14.634,132.030319,42937.53
"Serum","0100 and 0200 STD Compound List negative.csv","3M27_pv_neg","nega","3M27","3","pv","L-Cystine","C6H12N2O4S2",15.195,239.016739,5917.29
"Serum","0100 and 0200 STD Compound List negative.csv","3M27_pv_neg","nega","3M27","3","pv","L-Glutamic acid","C5H9NO4",14.5155,146.5479125,255177.62
"Serum","0100 and 0200 STD Compound List negative.csv","3M27_pv_neg","nega","3M27","3","pv","L-Glutamine","C5H10N2O3",14.489,146.05928,3190732
"Serum","0100 and 0200 STD Compound List negative.csv","3M27_pv_neg","nega","3M27","3","pv","L-Histidine","C6H9N3O2",14.662,154.062378,129066.38
"Serum","0100 and 0200 STD Compound List negative.csv","3M27_pv_neg","nega","3M27","3","pv","L-Isoleucine","C6H13NO2",10.4725,130.5890505,3500092
"Serum","0100 and 0200 STD Compound List negative.csv","3M27_pv_neg","nega","3M27","3","pv","L-Lactic acid","C3H6O3",8.0075,89.526058,65663444
"Serum","0100 and 0200 STD Compound List negative.csv","3M27_pv_neg","nega","3M27","3","pv","L-Leucine","C6H13NO2",9.946,130.589043,4798118.5
"Serum","0100 and 0200 STD Compound List negative.csv","3M27_pv_neg","nega","3M27","3","pv","L-Lysine","C6H14N2O2",18.448,145.596428,320353.25
"Serum","0100 and 0200 STD Compound List negative.csv","3M27_pv_neg","nega","3M27","3","pv","L-Methionine","C5H11NO2S",10.732,148.0439,703974.19
"Serum","0100 and 0200 STD Compound List negative.csv","3M27_pv_neg","nega","3M27","3","pv","L-Phenylalanine","C9H11NO2",9.527,165.076538,3419286
"Serum","0100 and 0200 STD Compound List negative.csv","3M27_pv_neg","nega","3M27","3","pv","L-Proline","C5H9NO2",12.663,114.5577165,1387700.38
"Serum","0100 and 0200 STD Compound List negative.csv","3M27_pv_neg","nega","3M27","3","pv","L-Serine","C3H7NO3",14.571,104.035301,125701.48
"Serum","0100 and 0200 STD Compound List negative.csv","3M27_pv_neg","nega","3M27","3","pv","L-Threonine","C4H9NO3",14.098,118.050842,383226.88
"Serum","0100 and 0200 STD Compound List negative.csv","3M27_pv_neg","nega","3M27","3","pv","L-Tyrosine","C9H11NO3",11.515,180.066528,868119
"Serum","0100 and 0200 STD Compound List negative.csv","3M27_pv_neg","nega","3M27","3","pv","Linoleic acid","C18H32O2",2.2255,279.734528,188673344
"Serum","0100 and 0200 STD Compound List negative.csv","3M27_pv_neg","nega","3M27","3","pv","Oleic acid","C18H34O2",2.208,282.251953,179683664
"Serum","0100 and 0200 STD Compound List negative.csv","3M27_pv_neg","nega","3M27","3","pv","Palmitic acid","C16H32O2",2.238,256.738342,116582176
"Serum","0100 and 0200 STD Compound List negative.csv","3M27_pv_neg","nega","3M27","3","pv","Pyruvic acid","C3H4O3",3.755,88.0121,11775323
"Serum","0100 and 0200 STD Compound List negative.csv","3M27_pv_neg","nega","3M27","3","pv","Stearic acid","C18H36O2",2.198,284.76947,40700740
"Serum","0100 and 0200 STD Compound List negative.csv","3M27_pv_neg","nega","3M27","3","pv","Valine","C5H11NO2",11.9165,116.570152,2009118.38
"Serum","0100 and 0200 STD Compound List negative.csv","3M27_pv_neg","nega","3M27","3","pv","Valine-C13N15","C5H11NO2",11.926,122.085609,936451.06
"Serum","0100 and 0200 STD Compound List negative.csv","3M27_pv_neg","nega","3M27","3","pv","alpha-D-Glucose","C6H12O6",12.788,180.560341,9304491
"Serum","0100 and 0200 STD Compound List negative.csv","3M27_sys_sac_neg","nega","3M27","3","sys_sac","3-Hydroxybutyric acid","C4H8O3",8.624,103.040039,386672.97
"Serum","0100 and 0200 STD Compound List negative.csv","3M27_sys_sac_neg","nega","3M27","3","sys_sac","Arachidonic acid","C20H32O2",2.1925,305.741516,32022614
"Serum","0100 and 0200 STD Compound List negative.csv","3M27_sys_sac_neg","nega","3M27","3","sys_sac","Citric acid","C6H8O7",15.183,191.01976,71800.63
"Serum","0100 and 0200 STD Compound List negative.csv","3M27_sys_sac_neg","nega","3M27","3","sys_sac","D-Tryptophan","C11H12N2O2",9.496,204.5862045,3925879
"Serum","0100 and 0200 STD Compound List negative.csv","3M27_sys_sac_neg","nega","3M27","3","sys_sac","Glycine","C2H5NO2",14.387,74.024841,425888.66
"Serum","0100 and 0200 STD Compound List negative.csv","3M27_sys_sac_neg","nega","3M27","3","sys_sac","L-Alanine","C3H7NO2",14.045,88.5421295,1553392
"Serum","0100 and 0200 STD Compound List negative.csv","3M27_sys_sac_neg","nega","3M27","3","sys_sac","L-Arginine","C6H14N4O2",18.337,173.104416,238248.67
"Serum","0100 and 0200 STD Compound List negative.csv","3M27_sys_sac_neg","nega","3M27","3","sys_sac","L-Asparagine","C4H8N2O3",14.548,131.045731,160503.36
"Serum","0100 and 0200 STD Compound List negative.csv","3M27_sys_sac_neg","nega","3M27","3","sys_sac","L-Aspartic acid","C4H7NO4",14.634,132.030319,342402.22
"Serum","0100 and 0200 STD Compound List negative.csv","3M27_sys_sac_neg","nega","3M27","3","sys_sac","L-Cystine","C6H12N2O4S2",15.195,239.016739,2197.46
"Serum","0100 and 0200 STD Compound List negative.csv","3M27_sys_sac_neg","nega","3M27","3","sys_sac","L-Glutamic acid","C5H9NO4",14.5155,146.5479125,281983.25
"Serum","0100 and 0200 STD Compound List negative.csv","3M27_sys_sac_neg","nega","3M27","3","sys_sac","L-Glutamine","C5H10N2O3",14.489,146.05928,2554005.25
"Serum","0100 and 0200 STD Compound List negative.csv","3M27_sys_sac_neg","nega","3M27","3","sys_sac","L-Histidine","C6H9N3O2",14.662,154.062378,534243.12
"Serum","0100 and 0200 STD Compound List negative.csv","3M27_sys_sac_neg","nega","3M27","3","sys_sac","L-Isoleucine","C6H13NO2",10.4725,130.5890505,3708766.25
"Serum","0100 and 0200 STD Compound List negative.csv","3M27_sys_sac_neg","nega","3M27","3","sys_sac","L-Lactic acid","C3H6O3",8.0075,89.526058,52591436
"Serum","0100 and 0200 STD Compound List negative.csv","3M27_sys_sac_neg","nega","3M27","3","sys_sac","L-Leucine","C6H13NO2",9.946,130.589043,6265641.5
"Serum","0100 and 0200 STD Compound List negative.csv","3M27_sys_sac_neg","nega","3M27","3","sys_sac","L-Lysine","C6H14N2O2",18.448,145.596428,488853.66
"Serum","0100 and 0200 STD Compound List negative.csv","3M27_sys_sac_neg","nega","3M27","3","sys_sac","L-Methionine","C5H11NO2S",10.732,148.0439,938758.69
"Serum","0100 and 0200 STD Compound List negative.csv","3M27_sys_sac_neg","nega","3M27","3","sys_sac","L-Phenylalanine","C9H11NO2",9.527,165.076538,4697246
"Serum","0100 and 0200 STD Compound List negative.csv","3M27_sys_sac_neg","nega","3M27","3","sys_sac","L-Proline","C5H9NO2",12.663,114.5577165,2415727.25
"Serum","0100 and 0200 STD Compound List negative.csv","3M27_sys_sac_neg","nega","3M27","3","sys_sac","L-Serine","C3H7NO3",14.571,104.035301,121324.97
"Serum","0100 and 0200 STD Compound List negative.csv","3M27_sys_sac_neg","nega","3M27","3","sys_sac","L-Threonine","C4H9NO3",14.098,118.050842,679245.31
"Serum","0100 and 0200 STD Compound List negative.csv","3M27_sys_sac_neg","nega","3M27","3","sys_sac","L-Tyrosine","C9H11NO3",11.515,180.066528,1494814.38
"Serum","0100 and 0200 STD Compound List negative.csv","3M27_sys_sac_neg","nega","3M27","3","sys_sac","Linoleic acid","C18H32O2",2.2255,279.734528,140327536
"Serum","0100 and 0200 STD Compound List negative.csv","3M27_sys_sac_neg","nega","3M27","3","sys_sac","Oleic acid","C18H34O2",2.208,282.251953,172234288
"Serum","0100 and 0200 STD Compound List negative.csv","3M27_sys_sac_neg","nega","3M27","3","sys_sac","Palmitic acid","C16H32O2",2.238,256.738342,137911520
"Serum","0100 and 0200 STD Compound List negative.csv","3M27_sys_sac_neg","nega","3M27","3","sys_sac","Pyruvic acid","C3H4O3",3.755,88.0121,23055666
"Serum","0100 and 0200 STD Compound List negative.csv","3M27_sys_sac_neg","nega","3M27","3","sys_sac","Stearic acid","C18H36O2",2.198,284.76947,80175152
"Serum","0100 and 0200 STD Compound List negative.csv","3M27_sys_sac_neg","nega","3M27","3","sys_sac","Valine","C5H11NO2",11.9165,116.570152,2891240.25
"Serum","0100 and 0200 STD Compound List negative.csv","3M27_sys_sac_neg","nega","3M27","3","sys_sac","Valine-C13N15","C5H11NO2",11.926,122.085609,730587.31
"Serum","0100 and 0200 STD Compound List negative.csv","3M27_sys_sac_neg","nega","3M27","3","sys_sac","alpha-D-Glucose","C6H12O6",12.788,180.560341,8270341.5
"Serum","0100 and 0200 STD Compound List negative.csv","3M28_pv_neg","nega","3M28","3","pv","3-Hydroxybutyric acid","C4H8O3",8.624,103.040039,609353.81
"Serum","0100 and 0200 STD Compound List negative.csv","3M28_pv_neg","nega","3M28","3","pv","Arachidonic acid","C20H32O2",2.1925,305.741516,15588045
"Serum","0100 and 0200 STD Compound List negative.csv","3M28_pv_neg","nega","3M28","3","pv","Citric acid","C6H8O7",15.183,191.01976,1273.42
"Serum","0100 and 0200 STD Compound List negative.csv","3M28_pv_neg","nega","3M28","3","pv","D-Tryptophan","C11H12N2O2",9.496,204.5862045,1634429.38
"Serum","0100 and 0200 STD Compound List negative.csv","3M28_pv_neg","nega","3M28","3","pv","Glycine","C2H5NO2",14.387,74.024841,200488.98
"Serum","0100 and 0200 STD Compound List negative.csv","3M28_pv_neg","nega","3M28","3","pv","L-Alanine","C3H7NO2",14.045,88.5421295,3941468.75
"Serum","0100 and 0200 STD Compound List negative.csv","3M28_pv_neg","nega","3M28","3","pv","L-Arginine","C6H14N4O2",18.337,173.104416,170450.92
"Serum","0100 and 0200 STD Compound List negative.csv","3M28_pv_neg","nega","3M28","3","pv","L-Asparagine","C4H8N2O3",14.548,131.045731,133161.83
"Serum","0100 and 0200 STD Compound List negative.csv","3M28_pv_neg","nega","3M28","3","pv","L-Aspartic acid","C4H7NO4",14.634,132.030319,38353.71
"Serum","0100 and 0200 STD Compound List negative.csv","3M28_pv_neg","nega","3M28","3","pv","L-Cystine","C6H12N2O4S2",15.195,239.016739,7324.64
"Serum","0100 and 0200 STD Compound List negative.csv","3M28_pv_neg","nega","3M28","3","pv","L-Glutamic acid","C5H9NO4",14.5155,146.5479125,248778.77
"Serum","0100 and 0200 STD Compound List negative.csv","3M28_pv_neg","nega","3M28","3","pv","L-Glutamine","C5H10N2O3",14.489,146.05928,4233820.5
"Serum","0100 and 0200 STD Compound List negative.csv","3M28_pv_neg","nega","3M28","3","pv","L-Histidine","C6H9N3O2",14.662,154.062378,86200.29
"Serum","0100 and 0200 STD Compound List negative.csv","3M28_pv_neg","nega","3M28","3","pv","L-Isoleucine","C6H13NO2",10.4725,130.5890505,4067680.75
"Serum","0100 and 0200 STD Compound List negative.csv","3M28_pv_neg","nega","3M28","3","pv","L-Lactic acid","C3H6O3",8.0075,89.526058,110026048
"Serum","0100 and 0200 STD Compound List negative.csv","3M28_pv_neg","nega","3M28","3","pv","L-Leucine","C6H13NO2",9.946,130.589043,5213767
"Serum","0100 and 0200 STD Compound List negative.csv","3M28_pv_neg","nega","3M28","3","pv","L-Lysine","C6H14N2O2",18.448,145.596428,366584.41
"Serum","0100 and 0200 STD Compound List negative.csv","3M28_pv_neg","nega","3M28","3","pv","L-Methionine","C5H11NO2S",10.732,148.0439,1010754.56
"Serum","0100 and 0200 STD Compound List negative.csv","3M28_pv_neg","nega","3M28","3","pv","L-Phenylalanine","C9H11NO2",9.527,165.076538,3125055
"Serum","0100 and 0200 STD Compound List negative.csv","3M28_pv_neg","nega","3M28","3","pv","L-Proline","C5H9NO2",12.663,114.5577165,2558441.75
"Serum","0100 and 0200 STD Compound List negative.csv","3M28_pv_neg","nega","3M28","3","pv","L-Serine","C3H7NO3",14.571,104.035301,161439.2
"Serum","0100 and 0200 STD Compound List negative.csv","3M28_pv_neg","nega","3M28","3","pv","L-Threonine","C4H9NO3",14.098,118.050842,566816.56
"Serum","0100 and 0200 STD Compound List negative.csv","3M28_pv_neg","nega","3M28","3","pv","L-Tyrosine","C9H11NO3",11.515,180.066528,1165209.5
"Serum","0100 and 0200 STD Compound List negative.csv","3M28_pv_neg","nega","3M28","3","pv","Linoleic acid","C18H32O2",2.2255,279.734528,118651960
"Serum","0100 and 0200 STD Compound List negative.csv","3M28_pv_neg","nega","3M28","3","pv","Oleic acid","C18H34O2",2.208,282.251953,120930552
"Serum","0100 and 0200 STD Compound List negative.csv","3M28_pv_neg","nega","3M28","3","pv","Palmitic acid","C16H32O2",2.238,256.738342,82541800
"Serum","0100 and 0200 STD Compound List negative.csv","3M28_pv_neg","nega","3M28","3","pv","Pyruvic acid","C3H4O3",3.755,88.0121,18148874
"Serum","0100 and 0200 STD Compound List negative.csv","3M28_pv_neg","nega","3M28","3","pv","Stearic acid","C18H36O2",2.198,284.76947,27705278
"Serum","0100 and 0200 STD Compound List negative.csv","3M28_pv_neg","nega","3M28","3","pv","Valine","C5H11NO2",11.9165,116.570152,2557906.25
"Serum","0100 and 0200 STD Compound List negative.csv","3M28_pv_neg","nega","3M28","3","pv","Valine-C13N15","C5H11NO2",11.926,122.085609,893303.19
"Serum","0100 and 0200 STD Compound List negative.csv","3M28_pv_neg","nega","3M28","3","pv","alpha-D-Glucose","C6H12O6",12.788,180.560341,13752176
"Serum","0100 and 0200 STD Compound List negative.csv","3M28_sys_sac_neg","nega","3M28","3","sys_sac","3-Hydroxybutyric acid","C4H8O3",8.624,103.040039,297063.75
"Serum","0100 and 0200 STD Compound List negative.csv","3M28_sys_sac_neg","nega","3M28","3","sys_sac","Arachidonic acid","C20H32O2",2.1925,305.741516,29413722
"Serum","0100 and 0200 STD Compound List negative.csv","3M28_sys_sac_neg","nega","3M28","3","sys_sac","Citric acid","C6H8O7",15.183,191.01976,24209.16
"Serum","0100 and 0200 STD Compound List negative.csv","3M28_sys_sac_neg","nega","3M28","3","sys_sac","D-Tryptophan","C11H12N2O2",9.496,204.5862045,2779783.25
"Serum","0100 and 0200 STD Compound List negative.csv","3M28_sys_sac_neg","nega","3M28","3","sys_sac","Glycine","C2H5NO2",14.387,74.024841,102528.34
"Serum","0100 and 0200 STD Compound List negative.csv","3M28_sys_sac_neg","nega","3M28","3","sys_sac","L-Alanine","C3H7NO2",14.045,88.5421295,999484.81
"Serum","0100 and 0200 STD Compound List negative.csv","3M28_sys_sac_neg","nega","3M28","3","sys_sac","L-Arginine","C6H14N4O2",18.337,173.104416,163741.83
"Serum","0100 and 0200 STD Compound List negative.csv","3M28_sys_sac_neg","nega","3M28","3","sys_sac","L-Asparagine","C4H8N2O3",14.548,131.045731,91415.62
"Serum","0100 and 0200 STD Compound List negative.csv","3M28_sys_sac_neg","nega","3M28","3","sys_sac","L-Aspartic acid","C4H7NO4",14.634,132.030319,252838.95
"Serum","0100 and 0200 STD Compound List negative.csv","3M28_sys_sac_neg","nega","3M28","3","sys_sac","L-Cystine","C6H12N2O4S2",15.195,239.016739,1150.3
"Serum","0100 and 0200 STD Compound List negative.csv","3M28_sys_sac_neg","nega","3M28","3","sys_sac","L-Glutamic acid","C5H9NO4",14.5155,146.5479125,165053.61
"Serum","0100 and 0200 STD Compound List negative.csv","3M28_sys_sac_neg","nega","3M28","3","sys_sac","L-Glutamine","C5H10N2O3",14.489,146.05928,2974726.75
"Serum","0100 and 0200 STD Compound List negative.csv","3M28_sys_sac_neg","nega","3M28","3","sys_sac","L-Histidine","C6H9N3O2",14.662,154.062378,335701.75
"Serum","0100 and 0200 STD Compound List negative.csv","3M28_sys_sac_neg","nega","3M28","3","sys_sac","L-Isoleucine","C6H13NO2",10.4725,130.5890505,2872917
"Serum","0100 and 0200 STD Compound List negative.csv","3M28_sys_sac_neg","nega","3M28","3","sys_sac","L-Lactic acid","C3H6O3",8.0075,89.526058,64568624
"Serum","0100 and 0200 STD Compound List negative.csv","3M28_sys_sac_neg","nega","3M28","3","sys_sac","L-Leucine","C6H13NO2",9.946,130.589043,5602602
"Serum","0100 and 0200 STD Compound List negative.csv","3M28_sys_sac_neg","nega","3M28","3","sys_sac","L-Lysine","C6H14N2O2",18.448,145.596428,284449.88
"Serum","0100 and 0200 STD Compound List negative.csv","3M28_sys_sac_neg","nega","3M28","3","sys_sac","L-Methionine","C5H11NO2S",10.732,148.0439,697627.69
"Serum","0100 and 0200 STD Compound List negative.csv","3M28_sys_sac_neg","nega","3M28","3","sys_sac","L-Phenylalanine","C9H11NO2",9.527,165.076538,3994542.75
"Serum","0100 and 0200 STD Compound List negative.csv","3M28_sys_sac_neg","nega","3M28","3","sys_sac","L-Proline","C5H9NO2",12.663,114.5577165,1430654.38
"Serum","0100 and 0200 STD Compound List negative.csv","3M28_sys_sac_neg","nega","3M28","3","sys_sac","L-Serine","C3H7NO3",14.571,104.035301,63968.78
"Serum","0100 and 0200 STD Compound List negative.csv","3M28_sys_sac_neg","nega","3M28","3","sys_sac","L-Threonine","C4H9NO3",14.098,118.050842,250623.33
"Serum","0100 and 0200 STD Compound List negative.csv","3M28_sys_sac_neg","nega","3M28","3","sys_sac","L-Tyrosine","C9H11NO3",11.515,180.066528,1091921.38
"Serum","0100 and 0200 STD Compound List negative.csv","3M28_sys_sac_neg","nega","3M28","3","sys_sac","Linoleic acid","C18H32O2",2.2255,279.734528,198515824
"Serum","0100 and 0200 STD Compound List negative.csv","3M28_sys_sac_neg","nega","3M28","3","sys_sac","Oleic acid","C18H34O2",2.208,282.251953,250265808
"Serum","0100 and 0200 STD Compound List negative.csv","3M28_sys_sac_neg","nega","3M28","3","sys_sac","Palmitic acid","C16H32O2",2.238,256.738342,160595600
"Serum","0100 and 0200 STD Compound List negative.csv","3M28_sys_sac_neg","nega","3M28","3","sys_sac","Pyruvic acid","C3H4O3",3.755,88.0121,16049881
"Serum","0100 and 0200 STD Compound List negative.csv","3M28_sys_sac_neg","nega","3M28","3","sys_sac","Stearic acid","C18H36O2",2.198,284.76947,72984968
"Serum","0100 and 0200 STD Compound List negative.csv","3M28_sys_sac_neg","nega","3M28","3","sys_sac","Valine","C5H11NO2",11.9165,116.570152,2199353.75
"Serum","0100 and 0200 STD Compound List negative.csv","3M28_sys_sac_neg","nega","3M28","3","sys_sac","Valine-C13N15","C5H11NO2",11.926,122.085609,790186.06
"Serum","0100 and 0200 STD Compound List negative.csv","3M28_sys_sac_neg","nega","3M28","3","sys_sac","alpha-D-Glucose","C6H12O6",12.788,180.560341,7225722.5
"Serum","0100 and 0200 STD Compound List negative.csv","3M31_pv_neg","nega","3M31","3","pv","3-Hydroxybutyric acid","C4H8O3",8.624,103.040039,1640313.62
"Serum","0100 and 0200 STD Compound List negative.csv","3M31_pv_neg","nega","3M31","3","pv","Arachidonic acid","C20H32O2",2.1925,305.741516,12448935
"Serum","0100 and 0200 STD Compound List negative.csv","3M31_pv_neg","nega","3M31","3","pv","Citric acid","C6H8O7",15.183,191.01976,70271.51
"Serum","0100 and 0200 STD Compound List negative.csv","3M31_pv_neg","nega","3M31","3","pv","D-Tryptophan","C11H12N2O2",9.496,204.5862045,1629264.38
"Serum","0100 and 0200 STD Compound List negative.csv","3M31_pv_neg","nega","3M31","3","pv","Glycine","C2H5NO2",14.387,74.024841,163335.75
"Serum","0100 and 0200 STD Compound List negative.csv","3M31_pv_neg","nega","3M31","3","pv","L-Alanine","C3H7NO2",14.045,88.5421295,2946976
"Serum","0100 and 0200 STD Compound List negative.csv","3M31_pv_neg","nega","3M31","3","pv","L-Arginine","C6H14N4O2",18.337,173.104416,197749.08
"Serum","0100 and 0200 STD Compound List negative.csv","3M31_pv_neg","nega","3M31","3","pv","L-Asparagine","C4H8N2O3",14.548,131.045731,121244.94
"Serum","0100 and 0200 STD Compound List negative.csv","3M31_pv_neg","nega","3M31","3","pv","L-Aspartic acid","C4H7NO4",14.634,132.030319,67751.59
"Serum","0100 and 0200 STD Compound List negative.csv","3M31_pv_neg","nega","3M31","3","pv","L-Cystine","C6H12N2O4S2",15.195,239.016739,7531.64
"Serum","0100 and 0200 STD Compound List negative.csv","3M31_pv_neg","nega","3M31","3","pv","L-Glutamic acid","C5H9NO4",14.5155,146.5479125,294582.78
"Serum","0100 and 0200 STD Compound List negative.csv","3M31_pv_neg","nega","3M31","3","pv","L-Glutamine","C5H10N2O3",14.489,146.05928,3132983.25
"Serum","0100 and 0200 STD Compound List negative.csv","3M31_pv_neg","nega","3M31","3","pv","L-Histidine","C6H9N3O2",14.662,154.062378,108801.02
"Serum","0100 and 0200 STD Compound List negative.csv","3M31_pv_neg","nega","3M31","3","pv","L-Isoleucine","C6H13NO2",10.4725,130.5890505,4402776
"Serum","0100 and 0200 STD Compound List negative.csv","3M31_pv_neg","nega","3M31","3","pv","L-Lactic acid","C3H6O3",8.0075,89.526058,98703552
"Serum","0100 and 0200 STD Compound List negative.csv","3M31_pv_neg","nega","3M31","3","pv","L-Leucine","C6H13NO2",9.946,130.589043,5967597.5
"Serum","0100 and 0200 STD Compound List negative.csv","3M31_pv_neg","nega","3M31","3","pv","L-Lysine","C6H14N2O2",18.448,145.596428,617802.5
"Serum","0100 and 0200 STD Compound List negative.csv","3M31_pv_neg","nega","3M31","3","pv","L-Methionine","C5H11NO2S",10.732,148.0439,1201213.62
"Serum","0100 and 0200 STD Compound List negative.csv","3M31_pv_neg","nega","3M31","3","pv","L-Phenylalanine","C9H11NO2",9.527,165.076538,3570578.25
"Serum","0100 and 0200 STD Compound List negative.csv","3M31_pv_neg","nega","3M31","3","pv","L-Proline","C5H9NO2",12.663,114.5577165,2959390.25
"Serum","0100 and 0200 STD Compound List negative.csv","3M31_pv_neg","nega","3M31","3","pv","L-Serine","C3H7NO3",14.571,104.035301,201285
"Serum","0100 and 0200 STD Compound List negative.csv","3M31_pv_neg","nega","3M31","3","pv","L-Threonine","C4H9NO3",14.098,118.050842,1167149.12
"Serum","0100 and 0200 STD Compound List negative.csv","3M31_pv_neg","nega","3M31","3","pv","L-Tyrosine","C9H11NO3",11.515,180.066528,999796.81
"Serum","0100 and 0200 STD Compound List negative.csv","3M31_pv_neg","nega","3M31","3","pv","Linoleic acid","C18H32O2",2.2255,279.734528,128227160
"Serum","0100 and 0200 STD Compound List negative.csv","3M31_pv_neg","nega","3M31","3","pv","Oleic acid","C18H34O2",2.208,282.251953,81564856
"Serum","0100 and 0200 STD Compound List negative.csv","3M31_pv_neg","nega","3M31","3","pv","Palmitic acid","C16H32O2",2.238,256.738342,76450504
"Serum","0100 and 0200 STD Compound List negative.csv","3M31_pv_neg","nega","3M31","3","pv","Pyruvic acid","C3H4O3",3.755,88.0121,10990402
"Serum","0100 and 0200 STD Compound List negative.csv","3M31_pv_neg","nega","3M31","3","pv","Stearic acid","C18H36O2",2.198,284.76947,29715670
"Serum","0100 and 0200 STD Compound List negative.csv","3M31_pv_neg","nega","3M31","3","pv","Valine","C5H11NO2",11.9165,116.570152,3574680.75
"Serum","0100 and 0200 STD Compound List negative.csv","3M31_pv_neg","nega","3M31","3","pv","Valine-C13N15","C5H11NO2",11.926,122.085609,933093.69
"Serum","0100 and 0200 STD Compound List negative.csv","3M31_pv_neg","nega","3M31","3","pv","alpha-D-Glucose","C6H12O6",12.788,180.560341,9253007
"Serum","0100 and 0200 STD Compound List negative.csv","3M31_sys_sac_neg","nega","3M31","3","sys_sac","3-Hydroxybutyric acid","C4H8O3",8.624,103.040039,785197.19
"Serum","0100 and 0200 STD Compound List negative.csv","3M31_sys_sac_neg","nega","3M31","3","sys_sac","Arachidonic acid","C20H32O2",2.1925,305.741516,21271834
"Serum","0100 and 0200 STD Compound List negative.csv","3M31_sys_sac_neg","nega","3M31","3","sys_sac","Citric acid","C6H8O7",15.183,191.01976,115096.44
"Serum","0100 and 0200 STD Compound List negative.csv","3M31_sys_sac_neg","nega","3M31","3","sys_sac","D-Tryptophan","C11H12N2O2",9.496,204.5862045,2260603.75
"Serum","0100 and 0200 STD Compound List negative.csv","3M31_sys_sac_neg","nega","3M31","3","sys_sac","Glycine","C2H5NO2",14.387,74.024841,172356.56
"Serum","0100 and 0200 STD Compound List negative.csv","3M31_sys_sac_neg","nega","3M31","3","sys_sac","L-Alanine","C3H7NO2",14.045,88.5421295,850058.5
"Serum","0100 and 0200 STD Compound List negative.csv","3M31_sys_sac_neg","nega","3M31","3","sys_sac","L-Arginine","C6H14N4O2",18.337,173.104416,210291.31
"Serum","0100 and 0200 STD Compound List negative.csv","3M31_sys_sac_neg","nega","3M31","3","sys_sac","L-Asparagine","C4H8N2O3",14.548,131.045731,54700.83
"Serum","0100 and 0200 STD Compound List negative.csv","3M31_sys_sac_neg","nega","3M31","3","sys_sac","L-Aspartic acid","C4H7NO4",14.634,132.030319,287953.59
"Serum","0100 and 0200 STD Compound List negative.csv","3M31_sys_sac_neg","nega","3M31","3","sys_sac","L-Cystine","C6H12N2O4S2",15.195,239.016739,3496.14
"Serum","0100 and 0200 STD Compound List negative.csv","3M31_sys_sac_neg","nega","3M31","3","sys_sac","L-Glutamic acid","C5H9NO4",14.5155,146.5479125,183862.67
"Serum","0100 and 0200 STD Compound List negative.csv","3M31_sys_sac_neg","nega","3M31","3","sys_sac","L-Glutamine","C5H10N2O3",14.489,146.05928,1700949.12
"Serum","0100 and 0200 STD Compound List negative.csv","3M31_sys_sac_neg","nega","3M31","3","sys_sac","L-Histidine","C6H9N3O2",14.662,154.062378,268104.66
"Serum","0100 and 0200 STD Compound List negative.csv","3M31_sys_sac_neg","nega","3M31","3","sys_sac","L-Isoleucine","C6H13NO2",10.4725,130.5890505,2173158
"Serum","0100 and 0200 STD Compound List negative.csv","3M31_sys_sac_neg","nega","3M31","3","sys_sac","L-Lactic acid","C3H6O3",8.0075,89.526058,38684680
"Serum","0100 and 0200 STD Compound List negative.csv","3M31_sys_sac_neg","nega","3M31","3","sys_sac","L-Leucine","C6H13NO2",9.946,130.589043,3941212.25
"Serum","0100 and 0200 STD Compound List negative.csv","3M31_sys_sac_neg","nega","3M31","3","sys_sac","L-Lysine","C6H14N2O2",18.448,145.596428,321192.91
"Serum","0100 and 0200 STD Compound List negative.csv","3M31_sys_sac_neg","nega","3M31","3","sys_sac","L-Methionine","C5H11NO2S",10.732,148.0439,555034.5
"Serum","0100 and 0200 STD Compound List negative.csv","3M31_sys_sac_neg","nega","3M31","3","sys_sac","L-Phenylalanine","C9H11NO2",9.527,165.076538,2989611.25
"Serum","0100 and 0200 STD Compound List negative.csv","3M31_sys_sac_neg","nega","3M31","3","sys_sac","L-Proline","C5H9NO2",12.663,114.5577165,1207844.62
"Serum","0100 and 0200 STD Compound List negative.csv","3M31_sys_sac_neg","nega","3M31","3","sys_sac","L-Serine","C3H7NO3",14.571,104.035301,48588.44
"Serum","0100 and 0200 STD Compound List negative.csv","3M31_sys_sac_neg","nega","3M31","3","sys_sac","L-Threonine","C4H9NO3",14.098,118.050842,418962.41
"Serum","0100 and 0200 STD Compound List negative.csv","3M31_sys_sac_neg","nega","3M31","3","sys_sac","L-Tyrosine","C9H11NO3",11.515,180.066528,874940
"Serum","0100 and 0200 STD Compound List negative.csv","3M31_sys_sac_neg","nega","3M31","3","sys_sac","Linoleic acid","C18H32O2",2.2255,279.734528,153441472
"Serum","0100 and 0200 STD Compound List negative.csv","3M31_sys_sac_neg","nega","3M31","3","sys_sac","Oleic acid","C18H34O2",2.208,282.251953,158406528
"Serum","0100 and 0200 STD Compound List negative.csv","3M31_sys_sac_neg","nega","3M31","3","sys_sac","Palmitic acid","C16H32O2",2.238,256.738342,132312520
"Serum","0100 and 0200 STD Compound List negative.csv","3M31_sys_sac_neg","nega","3M31","3","sys_sac","Pyruvic acid","C3H4O3",3.755,88.0121,16191213
"Serum","0100 and 0200 STD Compound List negative.csv","3M31_sys_sac_neg","nega","3M31","3","sys_sac","Stearic acid","C18H36O2",2.198,284.76947,56664348
"Serum","0100 and 0200 STD Compound List negative.csv","3M31_sys_sac_neg","nega","3M31","3","sys_sac","Valine","C5H11NO2",11.9165,116.570152,1873829.62
"Serum","0100 and 0200 STD Compound List negative.csv","3M31_sys_sac_neg","nega","3M31","3","sys_sac","Valine-C13N15","C5H11NO2",11.926,122.085609,651043.19
"Serum","0100 and 0200 STD Compound List negative.csv","3M31_sys_sac_neg","nega","3M31","3","sys_sac","alpha-D-Glucose","C6H12O6",12.788,180.560341,6131340
"Serum","0100 and 0200 STD Compound List negative.csv","3M33_pv_neg","nega","3M33","3","pv","3-Hydroxybutyric acid","C4H8O3",8.624,103.040039,996639.25
"Serum","0100 and 0200 STD Compound List negative.csv","3M33_pv_neg","nega","3M33","3","pv","Arachidonic acid","C20H32O2",2.1925,305.741516,16989048
"Serum","0100 and 0200 STD Compound List negative.csv","3M33_pv_neg","nega","3M33","3","pv","Citric acid","C6H8O7",15.183,191.01976,118740.96
"Serum","0100 and 0200 STD Compound List negative.csv","3M33_pv_neg","nega","3M33","3","pv","D-Tryptophan","C11H12N2O2",9.496,204.5862045,2115022.5
"Serum","0100 and 0200 STD Compound List negative.csv","3M33_pv_neg","nega","3M33","3","pv","Glycine","C2H5NO2",14.387,74.024841,128354.29
"Serum","0100 and 0200 STD Compound List negative.csv","3M33_pv_neg","nega","3M33","3","pv","L-Alanine","C3H7NO2",14.045,88.5421295,4185283.75
"Serum","0100 and 0200 STD Compound List negative.csv","3M33_pv_neg","nega","3M33","3","pv","L-Arginine","C6H14N4O2",18.337,173.104416,95748.6
"Serum","0100 and 0200 STD Compound List negative.csv","3M33_pv_neg","nega","3M33","3","pv","L-Asparagine","C4H8N2O3",14.548,131.045731,176824.52
"Serum","0100 and 0200 STD Compound List negative.csv","3M33_pv_neg","nega","3M33","3","pv","L-Aspartic acid","C4H7NO4",14.634,132.030319,86218.92
"Serum","0100 and 0200 STD Compound List negative.csv","3M33_pv_neg","nega","3M33","3","pv","L-Cystine","C6H12N2O4S2",15.195,239.016739,3896.83
"Serum","0100 and 0200 STD Compound List negative.csv","3M33_pv_neg","nega","3M33","3","pv","L-Glutamic acid","C5H9NO4",14.5155,146.5479125,589992.5
"Serum","0100 and 0200 STD Compound List negative.csv","3M33_pv_neg","nega","3M33","3","pv","L-Glutamine","C5H10N2O3",14.489,146.05928,3848314.25
"Serum","0100 and 0200 STD Compound List negative.csv","3M33_pv_neg","nega","3M33","3","pv","L-Histidine","C6H9N3O2",14.662,154.062378,7920.57
"Serum","0100 and 0200 STD Compound List negative.csv","3M33_pv_neg","nega","3M33","3","pv","L-Isoleucine","C6H13NO2",10.4725,130.5890505,3289540.75
"Serum","0100 and 0200 STD Compound List negative.csv","3M33_pv_neg","nega","3M33","3","pv","L-Lactic acid","C3H6O3",8.0075,89.526058,154640416
"Serum","0100 and 0200 STD Compound List negative.csv","3M33_pv_neg","nega","3M33","3","pv","L-Leucine","C6H13NO2",9.946,130.589043,4985895
"Serum","0100 and 0200 STD Compound List negative.csv","3M33_pv_neg","nega","3M33","3","pv","L-Lysine","C6H14N2O2",18.448,145.596428,430428
"Serum","0100 and 0200 STD Compound List negative.csv","3M33_pv_neg","nega","3M33","3","pv","L-Methionine","C5H11NO2S",10.732,148.0439,861133.81
"Serum","0100 and 0200 STD Compound List negative.csv","3M33_pv_neg","nega","3M33","3","pv","L-Phenylalanine","C9H11NO2",9.527,165.076538,3888208.75
"Serum","0100 and 0200 STD Compound List negative.csv","3M33_pv_neg","nega","3M33","3","pv","L-Proline","C5H9NO2",12.663,114.5577165,2249678
"Serum","0100 and 0200 STD Compound List negative.csv","3M33_pv_neg","nega","3M33","3","pv","L-Serine","C3H7NO3",14.571,104.035301,226284.02
"Serum","0100 and 0200 STD Compound List negative.csv","3M33_pv_neg","nega","3M33","3","pv","L-Threonine","C4H9NO3",14.098,118.050842,1047345.75
"Serum","0100 and 0200 STD Compound List negative.csv","3M33_pv_neg","nega","3M33","3","pv","L-Tyrosine","C9H11NO3",11.515,180.066528,1484517.88
"Serum","0100 and 0200 STD Compound List negative.csv","3M33_pv_neg","nega","3M33","3","pv","Linoleic acid","C18H32O2",2.2255,279.734528,126894696
"Serum","0100 and 0200 STD Compound List negative.csv","3M33_pv_neg","nega","3M33","3","pv","Oleic acid","C18H34O2",2.208,282.251953,87527640
"Serum","0100 and 0200 STD Compound List negative.csv","3M33_pv_neg","nega","3M33","3","pv","Palmitic acid","C16H32O2",2.238,256.738342,74863528
"Serum","0100 and 0200 STD Compound List negative.csv","3M33_pv_neg","nega","3M33","3","pv","Pyruvic acid","C3H4O3",3.755,88.0121,35330728
"Serum","0100 and 0200 STD Compound List negative.csv","3M33_pv_neg","nega","3M33","3","pv","Stearic acid","C18H36O2",2.198,284.76947,25451150
"Serum","0100 and 0200 STD Compound List negative.csv","3M33_pv_neg","nega","3M33","3","pv","Valine","C5H11NO2",11.9165,116.570152,2409205
"Serum","0100 and 0200 STD Compound List negative.csv","3M33_pv_neg","nega","3M33","3","pv","Valine-C13N15","C5H11NO2",11.926,122.085609,893820.19
"Serum","0100 and 0200 STD Compound List negative.csv","3M33_pv_neg","nega","3M33","3","pv","alpha-D-Glucose","C6H12O6",12.788,180.560341,8641292
"Serum","0100 and 0200 STD Compound List negative.csv","3M33_sys_sac_neg","nega","3M33","3","sys_sac","3-Hydroxybutyric acid","C4H8O3",8.624,103.040039,536167.5
"Serum","0100 and 0200 STD Compound List negative.csv","3M33_sys_sac_neg","nega","3M33","3","sys_sac","Arachidonic acid","C20H32O2",2.1925,305.741516,31463464
"Serum","0100 and 0200 STD Compound List negative.csv","3M33_sys_sac_neg","nega","3M33","3","sys_sac","Citric acid","C6H8O7",15.183,191.01976,62883.98
"Serum","0100 and 0200 STD Compound List negative.csv","3M33_sys_sac_neg","nega","3M33","3","sys_sac","D-Tryptophan","C11H12N2O2",9.496,204.5862045,2723287.25
"Serum","0100 and 0200 STD Compound List negative.csv","3M33_sys_sac_neg","nega","3M33","3","sys_sac","Glycine","C2H5NO2",14.387,74.024841,233317.62
"Serum","0100 and 0200 STD Compound List negative.csv","3M33_sys_sac_neg","nega","3M33","3","sys_sac","L-Alanine","C3H7NO2",14.045,88.5421295,1135338.62
"Serum","0100 and 0200 STD Compound List negative.csv","3M33_sys_sac_neg","nega","3M33","3","sys_sac","L-Arginine","C6H14N4O2",18.337,173.104416,293028.62
"Serum","0100 and 0200 STD Compound List negative.csv","3M33_sys_sac_neg","nega","3M33","3","sys_sac","L-Asparagine","C4H8N2O3",14.548,131.045731,75903.97
"Serum","0100 and 0200 STD Compound List negative.csv","3M33_sys_sac_neg","nega","3M33","3","sys_sac","L-Aspartic acid","C4H7NO4",14.634,132.030319,188575.7
"Serum","0100 and 0200 STD Compound List negative.csv","3M33_sys_sac_neg","nega","3M33","3","sys_sac","L-Cystine","C6H12N2O4S2",15.195,239.016739,1183.23
"Serum","0100 and 0200 STD Compound List negative.csv","3M33_sys_sac_neg","nega","3M33","3","sys_sac","L-Glutamic acid","C5H9NO4",14.5155,146.5479125,311446.66
"Serum","0100 and 0200 STD Compound List negative.csv","3M33_sys_sac_neg","nega","3M33","3","sys_sac","L-Glutamine","C5H10N2O3",14.489,146.05928,2536354.75
"Serum","0100 and 0200 STD Compound List negative.csv","3M33_sys_sac_neg","nega","3M33","3","sys_sac","L-Histidine","C6H9N3O2",14.662,154.062378,281592.47
"Serum","0100 and 0200 STD Compound List negative.csv","3M33_sys_sac_neg","nega","3M33","3","sys_sac","L-Isoleucine","C6H13NO2",10.4725,130.5890505,2235112.25
"Serum","0100 and 0200 STD Compound List negative.csv","3M33_sys_sac_neg","nega","3M33","3","sys_sac","L-Lactic acid","C3H6O3",8.0075,89.526058,68673664
"Serum","0100 and 0200 STD Compound List negative.csv","3M33_sys_sac_neg","nega","3M33","3","sys_sac","L-Leucine","C6H13NO2",9.946,130.589043,3916800.75
"Serum","0100 and 0200 STD Compound List negative.csv","3M33_sys_sac_neg","nega","3M33","3","sys_sac","L-Lysine","C6H14N2O2",18.448,145.596428,134836.52
"Serum","0100 and 0200 STD Compound List negative.csv","3M33_sys_sac_neg","nega","3M33","3","sys_sac","L-Methionine","C5H11NO2S",10.732,148.0439,596355.94
"Serum","0100 and 0200 STD Compound List negative.csv","3M33_sys_sac_neg","nega","3M33","3","sys_sac","L-Phenylalanine","C9H11NO2",9.527,165.076538,3302593.25
"Serum","0100 and 0200 STD Compound List negative.csv","3M33_sys_sac_neg","nega","3M33","3","sys_sac","L-Proline","C5H9NO2",12.663,114.5577165,1286509.5
"Serum","0100 and 0200 STD Compound List negative.csv","3M33_sys_sac_neg","nega","3M33","3","sys_sac","L-Serine","C3H7NO3",14.571,104.035301,115595.01
"Serum","0100 and 0200 STD Compound List negative.csv","3M33_sys_sac_neg","nega","3M33","3","sys_sac","L-Threonine","C4H9NO3",14.098,118.050842,568663.81
"Serum","0100 and 0200 STD Compound List negative.csv","3M33_sys_sac_neg","nega","3M33","3","sys_sac","L-Tyrosine","C9H11NO3",11.515,180.066528,1095756.12
"Serum","0100 and 0200 STD Compound List negative.csv","3M33_sys_sac_neg","nega","3M33","3","sys_sac","Linoleic acid","C18H32O2",2.2255,279.734528,172070224
"Serum","0100 and 0200 STD Compound List negative.csv","3M33_sys_sac_neg","nega","3M33","3","sys_sac","Oleic acid","C18H34O2",2.208,282.251953,267881264
"Serum","0100 and 0200 STD Compound List negative.csv","3M33_sys_sac_neg","nega","3M33","3","sys_sac","Palmitic acid","C16H32O2",2.238,256.738342,134925504
"Serum","0100 and 0200 STD Compound List negative.csv","3M33_sys_sac_neg","nega","3M33","3","sys_sac","Pyruvic acid","C3H4O3",3.755,88.0121,25946870
"Serum","0100 and 0200 STD Compound List negative.csv","3M33_sys_sac_neg","nega","3M33","3","sys_sac","Stearic acid","C18H36O2",2.198,284.76947,69656360
"Serum","0100 and 0200 STD Compound List negative.csv","3M33_sys_sac_neg","nega","3M33","3","sys_sac","Valine","C5H11NO2",11.9165,116.570152,1897839.88
"Serum","0100 and 0200 STD Compound List negative.csv","3M33_sys_sac_neg","nega","3M33","3","sys_sac","Valine-C13N15","C5H11NO2",11.926,122.085609,749750.56
"Serum","0100 and 0200 STD Compound List negative.csv","3M33_sys_sac_neg","nega","3M33","3","sys_sac","alpha-D-Glucose","C6H12O6",12.788,180.560341,6429252.5
"Serum","0100 and 0200 STD Compound List negative.csv","3M34_pv_neg","nega","3M34","3","pv","3-Hydroxybutyric acid","C4H8O3",8.624,103.040039,2045137.62
"Serum","0100 and 0200 STD Compound List negative.csv","3M34_pv_neg","nega","3M34","3","pv","Arachidonic acid","C20H32O2",2.1925,305.741516,7964439.5
"Serum","0100 and 0200 STD Compound List negative.csv","3M34_pv_neg","nega","3M34","3","pv","Citric acid","C6H8O7",15.183,191.01976,112283.79
"Serum","0100 and 0200 STD Compound List negative.csv","3M34_pv_neg","nega","3M34","3","pv","D-Tryptophan","C11H12N2O2",9.496,204.5862045,2002088.12
"Serum","0100 and 0200 STD Compound List negative.csv","3M34_pv_neg","nega","3M34","3","pv","Glycine","C2H5NO2",14.387,74.024841,191617.44
"Serum","0100 and 0200 STD Compound List negative.csv","3M34_pv_neg","nega","3M34","3","pv","L-Alanine","C3H7NO2",14.045,88.5421295,5138912.5
"Serum","0100 and 0200 STD Compound List negative.csv","3M34_pv_neg","nega","3M34","3","pv","L-Arginine","C6H14N4O2",18.337,173.104416,136865.23
"Serum","0100 and 0200 STD Compound List negative.csv","3M34_pv_neg","nega","3M34","3","pv","L-Asparagine","C4H8N2O3",14.548,131.045731,219782.2
"Serum","0100 and 0200 STD Compound List negative.csv","3M34_pv_neg","nega","3M34","3","pv","L-Aspartic acid","C4H7NO4",14.634,132.030319,92385.65
"Serum","0100 and 0200 STD Compound List negative.csv","3M34_pv_neg","nega","3M34","3","pv","L-Cystine","C6H12N2O4S2",15.195,239.016739,10107.03
"Serum","0100 and 0200 STD Compound List negative.csv","3M34_pv_neg","nega","3M34","3","pv","L-Glutamic acid","C5H9NO4",14.5155,146.5479125,671104.94
"Serum","0100 and 0200 STD Compound List negative.csv","3M34_pv_neg","nega","3M34","3","pv","L-Glutamine","C5H10N2O3",14.489,146.05928,4885498.5
"Serum","0100 and 0200 STD Compound List negative.csv","3M34_pv_neg","nega","3M34","3","pv","L-Histidine","C6H9N3O2",14.662,154.062378,49428.34
"Serum","0100 and 0200 STD Compound List negative.csv","3M34_pv_neg","nega","3M34","3","pv","L-Isoleucine","C6H13NO2",10.4725,130.5890505,6194090.5
"Serum","0100 and 0200 STD Compound List negative.csv","3M34_pv_neg","nega","3M34","3","pv","L-Lactic acid","C3H6O3",8.0075,89.526058,80813856
"Serum","0100 and 0200 STD Compound List negative.csv","3M34_pv_neg","nega","3M34","3","pv","L-Leucine","C6H13NO2",9.946,130.589043,9229240
"Serum","0100 and 0200 STD Compound List negative.csv","3M34_pv_neg","nega","3M34","3","pv","L-Lysine","C6H14N2O2",18.448,145.596428,781998.56
"Serum","0100 and 0200 STD Compound List negative.csv","3M34_pv_neg","nega","3M34","3","pv","L-Methionine","C5H11NO2S",10.732,148.0439,2102406.25
"Serum","0100 and 0200 STD Compound List negative.csv","3M34_pv_neg","nega","3M34","3","pv","L-Phenylalanine","C9H11NO2",9.527,165.076538,6233706.5
"Serum","0100 and 0200 STD Compound List negative.csv","3M34_pv_neg","nega","3M34","3","pv","L-Proline","C5H9NO2",12.663,114.5577165,5624952
"Serum","0100 and 0200 STD Compound List negative.csv","3M34_pv_neg","nega","3M34","3","pv","L-Serine","C3H7NO3",14.571,104.035301,348252.22
"Serum","0100 and 0200 STD Compound List negative.csv","3M34_pv_neg","nega","3M34","3","pv","L-Threonine","C4H9NO3",14.098,118.050842,2026176
"Serum","0100 and 0200 STD Compound List negative.csv","3M34_pv_neg","nega","3M34","3","pv","L-Tyrosine","C9H11NO3",11.515,180.066528,3380627.75
"Serum","0100 and 0200 STD Compound List negative.csv","3M34_pv_neg","nega","3M34","3","pv","Linoleic acid","C18H32O2",2.2255,279.734528,74159880
"Serum","0100 and 0200 STD Compound List negative.csv","3M34_pv_neg","nega","3M34","3","pv","Oleic acid","C18H34O2",2.208,282.251953,43085124
"Serum","0100 and 0200 STD Compound List negative.csv","3M34_pv_neg","nega","3M34","3","pv","Palmitic acid","C16H32O2",2.238,256.738342,44059644
"Serum","0100 and 0200 STD Compound List negative.csv","3M34_pv_neg","nega","3M34","3","pv","Pyruvic acid","C3H4O3",3.755,88.0121,23414214
"Serum","0100 and 0200 STD Compound List negative.csv","3M34_pv_neg","nega","3M34","3","pv","Stearic acid","C18H36O2",2.198,284.76947,20970240
"Serum","0100 and 0200 STD Compound List negative.csv","3M34_pv_neg","nega","3M34","3","pv","Valine","C5H11NO2",11.9165,116.570152,4789674
"Serum","0100 and 0200 STD Compound List negative.csv","3M34_pv_neg","nega","3M34","3","pv","Valine-C13N15","C5H11NO2",11.926,122.085609,923859.31
"Serum","0100 and 0200 STD Compound List negative.csv","3M34_pv_neg","nega","3M34","3","pv","alpha-D-Glucose","C6H12O6",12.788,180.560341,12499808
"Serum","0100 and 0200 STD Compound List negative.csv","3M34_sys_sac_neg","nega","3M34","3","sys_sac","3-Hydroxybutyric acid","C4H8O3",8.624,103.040039,502985.25
"Serum","0100 and 0200 STD Compound List negative.csv","3M34_sys_sac_neg","nega","3M34","3","sys_sac","Arachidonic acid","C20H32O2",2.1925,305.741516,19599522
"Serum","0100 and 0200 STD Compound List negative.csv","3M34_sys_sac_neg","nega","3M34","3","sys_sac","Citric acid","C6H8O7",15.183,191.01976,257117.62
"Serum","0100 and 0200 STD Compound List negative.csv","3M34_sys_sac_neg","nega","3M34","3","sys_sac","D-Tryptophan","C11H12N2O2",9.496,204.5862045,2569944.25
"Serum","0100 and 0200 STD Compound List negative.csv","3M34_sys_sac_neg","nega","3M34","3","sys_sac","Glycine","C2H5NO2",14.387,74.024841,244356.8
"Serum","0100 and 0200 STD Compound List negative.csv","3M34_sys_sac_neg","nega","3M34","3","sys_sac","L-Alanine","C3H7NO2",14.045,88.5421295,1521611
"Serum","0100 and 0200 STD Compound List negative.csv","3M34_sys_sac_neg","nega","3M34","3","sys_sac","L-Arginine","C6H14N4O2",18.337,173.104416,205562
"Serum","0100 and 0200 STD Compound List negative.csv","3M34_sys_sac_neg","nega","3M34","3","sys_sac","L-Asparagine","C4H8N2O3",14.548,131.045731,114316.73
"Serum","0100 and 0200 STD Compound List negative.csv","3M34_sys_sac_neg","nega","3M34","3","sys_sac","L-Aspartic acid","C4H7NO4",14.634,132.030319,99046.68
"Serum","0100 and 0200 STD Compound List negative.csv","3M34_sys_sac_neg","nega","3M34","3","sys_sac","L-Cystine","C6H12N2O4S2",15.195,239.016739,12511.72
"Serum","0100 and 0200 STD Compound List negative.csv","3M34_sys_sac_neg","nega","3M34","3","sys_sac","L-Glutamic acid","C5H9NO4",14.5155,146.5479125,376320.5
"Serum","0100 and 0200 STD Compound List negative.csv","3M34_sys_sac_neg","nega","3M34","3","sys_sac","L-Glutamine","C5H10N2O3",14.489,146.05928,6904649.5
"Serum","0100 and 0200 STD Compound List negative.csv","3M34_sys_sac_neg","nega","3M34","3","sys_sac","L-Histidine","C6H9N3O2",14.662,154.062378,471291.59
"Serum","0100 and 0200 STD Compound List negative.csv","3M34_sys_sac_neg","nega","3M34","3","sys_sac","L-Isoleucine","C6H13NO2",10.4725,130.5890505,2846022.75
"Serum","0100 and 0200 STD Compound List negative.csv","3M34_sys_sac_neg","nega","3M34","3","sys_sac","L-Lactic acid","C3H6O3",8.0075,89.526058,46688000
"Serum","0100 and 0200 STD Compound List negative.csv","3M34_sys_sac_neg","nega","3M34","3","sys_sac","L-Leucine","C6H13NO2",9.946,130.589043,6007979.5
"Serum","0100 and 0200 STD Compound List negative.csv","3M34_sys_sac_neg","nega","3M34","3","sys_sac","L-Lysine","C6H14N2O2",18.448,145.596428,208835.11
"Serum","0100 and 0200 STD Compound List negative.csv","3M34_sys_sac_neg","nega","3M34","3","sys_sac","L-Methionine","C5H11NO2S",10.732,148.0439,868923
"Serum","0100 and 0200 STD Compound List negative.csv","3M34_sys_sac_neg","nega","3M34","3","sys_sac","L-Phenylalanine","C9H11NO2",9.527,165.076538,4731614.5
"Serum","0100 and 0200 STD Compound List negative.csv","3M34_sys_sac_neg","nega","3M34","3","sys_sac","L-Proline","C5H9NO2",12.663,114.5577165,2042919.88
"Serum","0100 and 0200 STD Compound List negative.csv","3M34_sys_sac_neg","nega","3M34","3","sys_sac","L-Serine","C3H7NO3",14.571,104.035301,222678.89
"Serum","0100 and 0200 STD Compound List negative.csv","3M34_sys_sac_neg","nega","3M34","3","sys_sac","L-Threonine","C4H9NO3",14.098,118.050842,686953.75
"Serum","0100 and 0200 STD Compound List negative.csv","3M34_sys_sac_neg","nega","3M34","3","sys_sac","L-Tyrosine","C9H11NO3",11.515,180.066528,1321074
"Serum","0100 and 0200 STD Compound List negative.csv","3M34_sys_sac_neg","nega","3M34","3","sys_sac","Linoleic acid","C18H32O2",2.2255,279.734528,116546984
"Serum","0100 and 0200 STD Compound List negative.csv","3M34_sys_sac_neg","nega","3M34","3","sys_sac","Oleic acid","C18H34O2",2.208,282.251953,128494264
"Serum","0100 and 0200 STD Compound List negative.csv","3M34_sys_sac_neg","nega","3M34","3","sys_sac","Palmitic acid","C16H32O2",2.238,256.738342,104488512
"Serum","0100 and 0200 STD Compound List negative.csv","3M34_sys_sac_neg","nega","3M34","3","sys_sac","Pyruvic acid","C3H4O3",3.755,88.0121,19443190
"Serum","0100 and 0200 STD Compound List negative.csv","3M34_sys_sac_neg","nega","3M34","3","sys_sac","Stearic acid","C18H36O2",2.198,284.76947,58148612
"Serum","0100 and 0200 STD Compound List negative.csv","3M34_sys_sac_neg","nega","3M34","3","sys_sac","Valine","C5H11NO2",11.9165,116.570152,2315608.75
"Serum","0100 and 0200 STD Compound List negative.csv","3M34_sys_sac_neg","nega","3M34","3","sys_sac","Valine-C13N15","C5H11NO2",11.926,122.085609,780501.75
"Serum","0100 and 0200 STD Compound List negative.csv","3M34_sys_sac_neg","nega","3M34","3","sys_sac","alpha-D-Glucose","C6H12O6",12.788,180.560341,9232573
"Serum","0100 and 0200 STD Compound List negative.csv","3M37_pv_neg","nega","3M37","3","pv","3-Hydroxybutyric acid","C4H8O3",8.624,103.040039,1556543.12
"Serum","0100 and 0200 STD Compound List negative.csv","3M37_pv_neg","nega","3M37","3","pv","Arachidonic acid","C20H32O2",2.1925,305.741516,19421698
"Serum","0100 and 0200 STD Compound List negative.csv","3M37_pv_neg","nega","3M37","3","pv","Citric acid","C6H8O7",15.183,191.01976,78708.39
"Serum","0100 and 0200 STD Compound List negative.csv","3M37_pv_neg","nega","3M37","3","pv","D-Tryptophan","C11H12N2O2",9.496,204.5862045,1232003.5
"Serum","0100 and 0200 STD Compound List negative.csv","3M37_pv_neg","nega","3M37","3","pv","Glycine","C2H5NO2",14.387,74.024841,198057.55
"Serum","0100 and 0200 STD Compound List negative.csv","3M37_pv_neg","nega","3M37","3","pv","L-Alanine","C3H7NO2",14.045,88.5421295,3478972.25
"Serum","0100 and 0200 STD Compound List negative.csv","3M37_pv_neg","nega","3M37","3","pv","L-Arginine","C6H14N4O2",18.337,173.104416,204556.5
"Serum","0100 and 0200 STD Compound List negative.csv","3M37_pv_neg","nega","3M37","3","pv","L-Asparagine","C4H8N2O3",14.548,131.045731,185931.19
"Serum","0100 and 0200 STD Compound List negative.csv","3M37_pv_neg","nega","3M37","3","pv","L-Aspartic acid","C4H7NO4",14.634,132.030319,84292.73
"Serum","0100 and 0200 STD Compound List negative.csv","3M37_pv_neg","nega","3M37","3","pv","L-Cystine","C6H12N2O4S2",15.195,239.016739,6640.66
"Serum","0100 and 0200 STD Compound List negative.csv","3M37_pv_neg","nega","3M37","3","pv","L-Glutamic acid","C5H9NO4",14.5155,146.5479125,383804.91
"Serum","0100 and 0200 STD Compound List negative.csv","3M37_pv_neg","nega","3M37","3","pv","L-Glutamine","C5H10N2O3",14.489,146.05928,3714641.25
"Serum","0100 and 0200 STD Compound List negative.csv","3M37_pv_neg","nega","3M37","3","pv","L-Histidine","C6H9N3O2",14.662,154.062378,106950.84
"Serum","0100 and 0200 STD Compound List negative.csv","3M37_pv_neg","nega","3M37","3","pv","L-Isoleucine","C6H13NO2",10.4725,130.5890505,3840805
"Serum","0100 and 0200 STD Compound List negative.csv","3M37_pv_neg","nega","3M37","3","pv","L-Lactic acid","C3H6O3",8.0075,89.526058,104660136
"Serum","0100 and 0200 STD Compound List negative.csv","3M37_pv_neg","nega","3M37","3","pv","L-Leucine","C6H13NO2",9.946,130.589043,5631144
"Serum","0100 and 0200 STD Compound List negative.csv","3M37_pv_neg","nega","3M37","3","pv","L-Lysine","C6H14N2O2",18.448,145.596428,591236.81
"Serum","0100 and 0200 STD Compound List negative.csv","3M37_pv_neg","nega","3M37","3","pv","L-Methionine","C5H11NO2S",10.732,148.0439,951546.94
"Serum","0100 and 0200 STD Compound List negative.csv","3M37_pv_neg","nega","3M37","3","pv","L-Phenylalanine","C9H11NO2",9.527,165.076538,3330468
"Serum","0100 and 0200 STD Compound List negative.csv","3M37_pv_neg","nega","3M37","3","pv","L-Proline","C5H9NO2",12.663,114.5577165,2515011
"Serum","0100 and 0200 STD Compound List negative.csv","3M37_pv_neg","nega","3M37","3","pv","L-Serine","C3H7NO3",14.571,104.035301,254817.86
"Serum","0100 and 0200 STD Compound List negative.csv","3M37_pv_neg","nega","3M37","3","pv","L-Threonine","C4H9NO3",14.098,118.050842,1155328.12
"Serum","0100 and 0200 STD Compound List negative.csv","3M37_pv_neg","nega","3M37","3","pv","L-Tyrosine","C9H11NO3",11.515,180.066528,1373354.38
"Serum","0100 and 0200 STD Compound List negative.csv","3M37_pv_neg","nega","3M37","3","pv","Linoleic acid","C18H32O2",2.2255,279.734528,113331272
"Serum","0100 and 0200 STD Compound List negative.csv","3M37_pv_neg","nega","3M37","3","pv","Oleic acid","C18H34O2",2.208,282.251953,76230872
"Serum","0100 and 0200 STD Compound List negative.csv","3M37_pv_neg","nega","3M37","3","pv","Palmitic acid","C16H32O2",2.238,256.738342,64934416
"Serum","0100 and 0200 STD Compound List negative.csv","3M37_pv_neg","nega","3M37","3","pv","Pyruvic acid","C3H4O3",3.755,88.0121,14213256
"Serum","0100 and 0200 STD Compound List negative.csv","3M37_pv_neg","nega","3M37","3","pv","Stearic acid","C18H36O2",2.198,284.76947,24817838
"Serum","0100 and 0200 STD Compound List negative.csv","3M37_pv_neg","nega","3M37","3","pv","Valine","C5H11NO2",11.9165,116.570152,2869775.25
"Serum","0100 and 0200 STD Compound List negative.csv","3M37_pv_neg","nega","3M37","3","pv","Valine-C13N15","C5H11NO2",11.926,122.085609,947078.31
"Serum","0100 and 0200 STD Compound List negative.csv","3M37_pv_neg","nega","3M37","3","pv","alpha-D-Glucose","C6H12O6",12.788,180.560341,9891960
"Serum","0100 and 0200 STD Compound List negative.csv","3M37_sys_sac_neg","nega","3M37","3","sys_sac","3-Hydroxybutyric acid","C4H8O3",8.624,103.040039,1253408.12
"Serum","0100 and 0200 STD Compound List negative.csv","3M37_sys_sac_neg","nega","3M37","3","sys_sac","Arachidonic acid","C20H32O2",2.1925,305.741516,20724214
"Serum","0100 and 0200 STD Compound List negative.csv","3M37_sys_sac_neg","nega","3M37","3","sys_sac","Citric acid","C6H8O7",15.183,191.01976,53772.48
"Serum","0100 and 0200 STD Compound List negative.csv","3M37_sys_sac_neg","nega","3M37","3","sys_sac","D-Tryptophan","C11H12N2O2",9.496,204.5862045,3057494.75
"Serum","0100 and 0200 STD Compound List negative.csv","3M37_sys_sac_neg","nega","3M37","3","sys_sac","Glycine","C2H5NO2",14.387,74.024841,366919.12
"Serum","0100 and 0200 STD Compound List negative.csv","3M37_sys_sac_neg","nega","3M37","3","sys_sac","L-Alanine","C3H7NO2",14.045,88.5421295,870670.06
"Serum","0100 and 0200 STD Compound List negative.csv","3M37_sys_sac_neg","nega","3M37","3","sys_sac","L-Arginine","C6H14N4O2",18.337,173.104416,170228.28
"Serum","0100 and 0200 STD Compound List negative.csv","3M37_sys_sac_neg","nega","3M37","3","sys_sac","L-Asparagine","C4H8N2O3",14.548,131.045731,134478.02
"Serum","0100 and 0200 STD Compound List negative.csv","3M37_sys_sac_neg","nega","3M37","3","sys_sac","L-Aspartic acid","C4H7NO4",14.634,132.030319,319629.97
"Serum","0100 and 0200 STD Compound List negative.csv","3M37_sys_sac_neg","nega","3M37","3","sys_sac","L-Cystine","C6H12N2O4S2",15.195,239.016739,2260.69
"Serum","0100 and 0200 STD Compound List negative.csv","3M37_sys_sac_neg","nega","3M37","3","sys_sac","L-Glutamic acid","C5H9NO4",14.5155,146.5479125,159764.81
"Serum","0100 and 0200 STD Compound List negative.csv","3M37_sys_sac_neg","nega","3M37","3","sys_sac","L-Glutamine","C5H10N2O3",14.489,146.05928,2590937
"Serum","0100 and 0200 STD Compound List negative.csv","3M37_sys_sac_neg","nega","3M37","3","sys_sac","L-Histidine","C6H9N3O2",14.662,154.062378,362909.97
"Serum","0100 and 0200 STD Compound List negative.csv","3M37_sys_sac_neg","nega","3M37","3","sys_sac","L-Isoleucine","C6H13NO2",10.4725,130.5890505,3094416.75
"Serum","0100 and 0200 STD Compound List negative.csv","3M37_sys_sac_neg","nega","3M37","3","sys_sac","L-Lactic acid","C3H6O3",8.0075,89.526058,44096748
"Serum","0100 and 0200 STD Compound List negative.csv","3M37_sys_sac_neg","nega","3M37","3","sys_sac","L-Leucine","C6H13NO2",9.946,130.589043,5356057
"Serum","0100 and 0200 STD Compound List negative.csv","3M37_sys_sac_neg","nega","3M37","3","sys_sac","L-Lysine","C6H14N2O2",18.448,145.596428,244011.89
"Serum","0100 and 0200 STD Compound List negative.csv","3M37_sys_sac_neg","nega","3M37","3","sys_sac","L-Methionine","C5H11NO2S",10.732,148.0439,890138.06
"Serum","0100 and 0200 STD Compound List negative.csv","3M37_sys_sac_neg","nega","3M37","3","sys_sac","L-Phenylalanine","C9H11NO2",9.527,165.076538,4068475.25
"Serum","0100 and 0200 STD Compound List negative.csv","3M37_sys_sac_neg","nega","3M37","3","sys_sac","L-Proline","C5H9NO2",12.663,114.5577165,1819756
"Serum","0100 and 0200 STD Compound List negative.csv","3M37_sys_sac_neg","nega","3M37","3","sys_sac","L-Serine","C3H7NO3",14.571,104.035301,111297.68
"Serum","0100 and 0200 STD Compound List negative.csv","3M37_sys_sac_neg","nega","3M37","3","sys_sac","L-Threonine","C4H9NO3",14.098,118.050842,631738.44
"Serum","0100 and 0200 STD Compound List negative.csv","3M37_sys_sac_neg","nega","3M37","3","sys_sac","L-Tyrosine","C9H11NO3",11.515,180.066528,1903915.88
"Serum","0100 and 0200 STD Compound List negative.csv","3M37_sys_sac_neg","nega","3M37","3","sys_sac","Linoleic acid","C18H32O2",2.2255,279.734528,254476160
"Serum","0100 and 0200 STD Compound List negative.csv","3M37_sys_sac_neg","nega","3M37","3","sys_sac","Oleic acid","C18H34O2",2.208,282.251953,361569248
"Serum","0100 and 0200 STD Compound List negative.csv","3M37_sys_sac_neg","nega","3M37","3","sys_sac","Palmitic acid","C16H32O2",2.238,256.738342,155607568
"Serum","0100 and 0200 STD Compound List negative.csv","3M37_sys_sac_neg","nega","3M37","3","sys_sac","Pyruvic acid","C3H4O3",3.755,88.0121,15412696
"Serum","0100 and 0200 STD Compound List negative.csv","3M37_sys_sac_neg","nega","3M37","3","sys_sac","Stearic acid","C18H36O2",2.198,284.76947,62021156
"Serum","0100 and 0200 STD Compound List negative.csv","3M37_sys_sac_neg","nega","3M37","3","sys_sac","Valine","C5H11NO2",11.9165,116.570152,2361009.25
"Serum","0100 and 0200 STD Compound List negative.csv","3M37_sys_sac_neg","nega","3M37","3","sys_sac","Valine-C13N15","C5H11NO2",11.926,122.085609,750247.81
"Serum","0100 and 0200 STD Compound List negative.csv","3M37_sys_sac_neg","nega","3M37","3","sys_sac","alpha-D-Glucose","C6H12O6",12.788,180.560341,6638027.5
"Serum","0100 and 0200 STD Compound List negative.csv","3M38_pv_neg","nega","3M38","3","pv","3-Hydroxybutyric acid","C4H8O3",8.624,103.040039,1585576
"Serum","0100 and 0200 STD Compound List negative.csv","3M38_pv_neg","nega","3M38","3","pv","Arachidonic acid","C20H32O2",2.1925,305.741516,9843659
"Serum","0100 and 0200 STD Compound List negative.csv","3M38_pv_neg","nega","3M38","3","pv","Citric acid","C6H8O7",15.183,191.01976,142751.38
"Serum","0100 and 0200 STD Compound List negative.csv","3M38_pv_neg","nega","3M38","3","pv","D-Tryptophan","C11H12N2O2",9.496,204.5862045,1406208.62
"Serum","0100 and 0200 STD Compound List negative.csv","3M38_pv_neg","nega","3M38","3","pv","Glycine","C2H5NO2",14.387,74.024841,219078.75
"Serum","0100 and 0200 STD Compound List negative.csv","3M38_pv_neg","nega","3M38","3","pv","L-Alanine","C3H7NO2",14.045,88.5421295,4953730
"Serum","0100 and 0200 STD Compound List negative.csv","3M38_pv_neg","nega","3M38","3","pv","L-Arginine","C6H14N4O2",18.337,173.104416,408076.91
"Serum","0100 and 0200 STD Compound List negative.csv","3M38_pv_neg","nega","3M38","3","pv","L-Asparagine","C4H8N2O3",14.548,131.045731,246283.48
"Serum","0100 and 0200 STD Compound List negative.csv","3M38_pv_neg","nega","3M38","3","pv","L-Aspartic acid","C4H7NO4",14.634,132.030319,89181.06
"Serum","0100 and 0200 STD Compound List negative.csv","3M38_pv_neg","nega","3M38","3","pv","L-Cystine","C6H12N2O4S2",15.195,239.016739,8704.47
"Serum","0100 and 0200 STD Compound List negative.csv","3M38_pv_neg","nega","3M38","3","pv","L-Glutamic acid","C5H9NO4",14.5155,146.5479125,437528.38
"Serum","0100 and 0200 STD Compound List negative.csv","3M38_pv_neg","nega","3M38","3","pv","L-Glutamine","C5H10N2O3",14.489,146.05928,3912437.25
"Serum","0100 and 0200 STD Compound List negative.csv","3M38_pv_neg","nega","3M38","3","pv","L-Histidine","C6H9N3O2",14.662,154.062378,124836.5
"Serum","0100 and 0200 STD Compound List negative.csv","3M38_pv_neg","nega","3M38","3","pv","L-Isoleucine","C6H13NO2",10.4725,130.5890505,6346202.5
"Serum","0100 and 0200 STD Compound List negative.csv","3M38_pv_neg","nega","3M38","3","pv","L-Lactic acid","C3H6O3",8.0075,89.526058,124477592
"Serum","0100 and 0200 STD Compound List negative.csv","3M38_pv_neg","nega","3M38","3","pv","L-Leucine","C6H13NO2",9.946,130.589043,8252646.5
"Serum","0100 and 0200 STD Compound List negative.csv","3M38_pv_neg","nega","3M38","3","pv","L-Lysine","C6H14N2O2",18.448,145.596428,1037239.69
"Serum","0100 and 0200 STD Compound List negative.csv","3M38_pv_neg","nega","3M38","3","pv","L-Methionine","C5H11NO2S",10.732,148.0439,1346078.5
"Serum","0100 and 0200 STD Compound List negative.csv","3M38_pv_neg","nega","3M38","3","pv","L-Phenylalanine","C9H11NO2",9.527,165.076538,4776861.5
"Serum","0100 and 0200 STD Compound List negative.csv","3M38_pv_neg","nega","3M38","3","pv","L-Proline","C5H9NO2",12.663,114.5577165,5696769.5
"Serum","0100 and 0200 STD Compound List negative.csv","3M38_pv_neg","nega","3M38","3","pv","L-Serine","C3H7NO3",14.571,104.035301,319679.47
"Serum","0100 and 0200 STD Compound List negative.csv","3M38_pv_neg","nega","3M38","3","pv","L-Threonine","C4H9NO3",14.098,118.050842,1589484
"Serum","0100 and 0200 STD Compound List negative.csv","3M38_pv_neg","nega","3M38","3","pv","L-Tyrosine","C9H11NO3",11.515,180.066528,1189230.38
"Serum","0100 and 0200 STD Compound List negative.csv","3M38_pv_neg","nega","3M38","3","pv","Linoleic acid","C18H32O2",2.2255,279.734528,47251392
"Serum","0100 and 0200 STD Compound List negative.csv","3M38_pv_neg","nega","3M38","3","pv","Oleic acid","C18H34O2",2.208,282.251953,29107534
"Serum","0100 and 0200 STD Compound List negative.csv","3M38_pv_neg","nega","3M38","3","pv","Palmitic acid","C16H32O2",2.238,256.738342,35481052
"Serum","0100 and 0200 STD Compound List negative.csv","3M38_pv_neg","nega","3M38","3","pv","Pyruvic acid","C3H4O3",3.755,88.0121,25683686
"Serum","0100 and 0200 STD Compound List negative.csv","3M38_pv_neg","nega","3M38","3","pv","Stearic acid","C18H36O2",2.198,284.76947,18349254
"Serum","0100 and 0200 STD Compound List negative.csv","3M38_pv_neg","nega","3M38","3","pv","Valine","C5H11NO2",11.9165,116.570152,4408003.5
"Serum","0100 and 0200 STD Compound List negative.csv","3M38_pv_neg","nega","3M38","3","pv","Valine-C13N15","C5H11NO2",11.926,122.085609,820866.5
"Serum","0100 and 0200 STD Compound List negative.csv","3M38_pv_neg","nega","3M38","3","pv","alpha-D-Glucose","C6H12O6",12.788,180.560341,11440845
"Serum","0100 and 0200 STD Compound List negative.csv","3M38_sys_sac_neg","nega","3M38","3","sys_sac","3-Hydroxybutyric acid","C4H8O3",8.624,103.040039,564953.06
"Serum","0100 and 0200 STD Compound List negative.csv","3M38_sys_sac_neg","nega","3M38","3","sys_sac","Arachidonic acid","C20H32O2",2.1925,305.741516,15321149
"Serum","0100 and 0200 STD Compound List negative.csv","3M38_sys_sac_neg","nega","3M38","3","sys_sac","Citric acid","C6H8O7",15.183,191.01976,50237.38
"Serum","0100 and 0200 STD Compound List negative.csv","3M38_sys_sac_neg","nega","3M38","3","sys_sac","D-Tryptophan","C11H12N2O2",9.496,204.5862045,3678660.75
"Serum","0100 and 0200 STD Compound List negative.csv","3M38_sys_sac_neg","nega","3M38","3","sys_sac","Glycine","C2H5NO2",14.387,74.024841,381333.41
"Serum","0100 and 0200 STD Compound List negative.csv","3M38_sys_sac_neg","nega","3M38","3","sys_sac","L-Alanine","C3H7NO2",14.045,88.5421295,1903870.5
"Serum","0100 and 0200 STD Compound List negative.csv","3M38_sys_sac_neg","nega","3M38","3","sys_sac","L-Arginine","C6H14N4O2",18.337,173.104416,520524.16
"Serum","0100 and 0200 STD Compound List negative.csv","3M38_sys_sac_neg","nega","3M38","3","sys_sac","L-Asparagine","C4H8N2O3",14.548,131.045731,165849.75
"Serum","0100 and 0200 STD Compound List negative.csv","3M38_sys_sac_neg","nega","3M38","3","sys_sac","L-Aspartic acid","C4H7NO4",14.634,132.030319,288841.25
"Serum","0100 and 0200 STD Compound List negative.csv","3M38_sys_sac_neg","nega","3M38","3","sys_sac","L-Cystine","C6H12N2O4S2",15.195,239.016739,7356.73
"Serum","0100 and 0200 STD Compound List negative.csv","3M38_sys_sac_neg","nega","3M38","3","sys_sac","L-Glutamic acid","C5H9NO4",14.5155,146.5479125,176950.31
"Serum","0100 and 0200 STD Compound List negative.csv","3M38_sys_sac_neg","nega","3M38","3","sys_sac","L-Glutamine","C5H10N2O3",14.489,146.05928,3191118.25
"Serum","0100 and 0200 STD Compound List negative.csv","3M38_sys_sac_neg","nega","3M38","3","sys_sac","L-Histidine","C6H9N3O2",14.662,154.062378,398651.84
"Serum","0100 and 0200 STD Compound List negative.csv","3M38_sys_sac_neg","nega","3M38","3","sys_sac","L-Isoleucine","C6H13NO2",10.4725,130.5890505,6063106
"Serum","0100 and 0200 STD Compound List negative.csv","3M38_sys_sac_neg","nega","3M38","3","sys_sac","L-Lactic acid","C3H6O3",8.0075,89.526058,76786712
"Serum","0100 and 0200 STD Compound List negative.csv","3M38_sys_sac_neg","nega","3M38","3","sys_sac","L-Leucine","C6H13NO2",9.946,130.589043,9939880
"Serum","0100 and 0200 STD Compound List negative.csv","3M38_sys_sac_neg","nega","3M38","3","sys_sac","L-Lysine","C6H14N2O2",18.448,145.596428,659165.06
"Serum","0100 and 0200 STD Compound List negative.csv","3M38_sys_sac_neg","nega","3M38","3","sys_sac","L-Methionine","C5H11NO2S",10.732,148.0439,1363105.12
"Serum","0100 and 0200 STD Compound List negative.csv","3M38_sys_sac_neg","nega","3M38","3","sys_sac","L-Phenylalanine","C9H11NO2",9.527,165.076538,5617149.5
"Serum","0100 and 0200 STD Compound List negative.csv","3M38_sys_sac_neg","nega","3M38","3","sys_sac","L-Proline","C5H9NO2",12.663,114.5577165,3404306
"Serum","0100 and 0200 STD Compound List negative.csv","3M38_sys_sac_neg","nega","3M38","3","sys_sac","L-Serine","C3H7NO3",14.571,104.035301,188189.62
"Serum","0100 and 0200 STD Compound List negative.csv","3M38_sys_sac_neg","nega","3M38","3","sys_sac","L-Threonine","C4H9NO3",14.098,118.050842,531993.56
"Serum","0100 and 0200 STD Compound List negative.csv","3M38_sys_sac_neg","nega","3M38","3","sys_sac","L-Tyrosine","C9H11NO3",11.515,180.066528,2014949.62
"Serum","0100 and 0200 STD Compound List negative.csv","3M38_sys_sac_neg","nega","3M38","3","sys_sac","Linoleic acid","C18H32O2",2.2255,279.734528,114328768
"Serum","0100 and 0200 STD Compound List negative.csv","3M38_sys_sac_neg","nega","3M38","3","sys_sac","Oleic acid","C18H34O2",2.208,282.251953,116153960
"Serum","0100 and 0200 STD Compound List negative.csv","3M38_sys_sac_neg","nega","3M38","3","sys_sac","Palmitic acid","C16H32O2",2.238,256.738342,112370088
"Serum","0100 and 0200 STD Compound List negative.csv","3M38_sys_sac_neg","nega","3M38","3","sys_sac","Pyruvic acid","C3H4O3",3.755,88.0121,10665793
"Serum","0100 and 0200 STD Compound List negative.csv","3M38_sys_sac_neg","nega","3M38","3","sys_sac","Stearic acid","C18H36O2",2.198,284.76947,74513512
"Serum","0100 and 0200 STD Compound List negative.csv","3M38_sys_sac_neg","nega","3M38","3","sys_sac","Valine","C5H11NO2",11.9165,116.570152,4418935.5
"Serum","0100 and 0200 STD Compound List negative.csv","3M38_sys_sac_neg","nega","3M38","3","sys_sac","Valine-C13N15","C5H11NO2",11.926,122.085609,823612.81
"Serum","0100 and 0200 STD Compound List negative.csv","3M38_sys_sac_neg","nega","3M38","3","sys_sac","alpha-D-Glucose","C6H12O6",12.788,180.560341,6472300
"Serum","0100 and 0200 STD Compound List negative.csv","3M39_pv_neg","nega","3M39","3","pv","3-Hydroxybutyric acid","C4H8O3",8.624,103.040039,1378633
"Serum","0100 and 0200 STD Compound List negative.csv","3M39_pv_neg","nega","3M39","3","pv","Arachidonic acid","C20H32O2",2.1925,305.741516,15345835
"Serum","0100 and 0200 STD Compound List negative.csv","3M39_pv_neg","nega","3M39","3","pv","Citric acid","C6H8O7",15.183,191.01976,116442.18
"Serum","0100 and 0200 STD Compound List negative.csv","3M39_pv_neg","nega","3M39","3","pv","D-Tryptophan","C11H12N2O2",9.496,204.5862045,1769624.38
"Serum","0100 and 0200 STD Compound List negative.csv","3M39_pv_neg","nega","3M39","3","pv","Glycine","C2H5NO2",14.387,74.024841,228254.83
"Serum","0100 and 0200 STD Compound List negative.csv","3M39_pv_neg","nega","3M39","3","pv","L-Alanine","C3H7NO2",14.045,88.5421295,4145587
"Serum","0100 and 0200 STD Compound List negative.csv","3M39_pv_neg","nega","3M39","3","pv","L-Arginine","C6H14N4O2",18.337,173.104416,223643.88
"Serum","0100 and 0200 STD Compound List negative.csv","3M39_pv_neg","nega","3M39","3","pv","L-Asparagine","C4H8N2O3",14.548,131.045731,241280.14
"Serum","0100 and 0200 STD Compound List negative.csv","3M39_pv_neg","nega","3M39","3","pv","L-Aspartic acid","C4H7NO4",14.634,132.030319,102297.66
"Serum","0100 and 0200 STD Compound List negative.csv","3M39_pv_neg","nega","3M39","3","pv","L-Cystine","C6H12N2O4S2",15.195,239.016739,7835.28
"Serum","0100 and 0200 STD Compound List negative.csv","3M39_pv_neg","nega","3M39","3","pv","L-Glutamic acid","C5H9NO4",14.5155,146.5479125,833033.69
"Serum","0100 and 0200 STD Compound List negative.csv","3M39_pv_neg","nega","3M39","3","pv","L-Glutamine","C5H10N2O3",14.489,146.05928,2912368.75
"Serum","0100 and 0200 STD Compound List negative.csv","3M39_pv_neg","nega","3M39","3","pv","L-Histidine","C6H9N3O2",14.662,154.062378,9606.55
"Serum","0100 and 0200 STD Compound List negative.csv","3M39_pv_neg","nega","3M39","3","pv","L-Isoleucine","C6H13NO2",10.4725,130.5890505,4207585.5
"Serum","0100 and 0200 STD Compound List negative.csv","3M39_pv_neg","nega","3M39","3","pv","L-Lactic acid","C3H6O3",8.0075,89.526058,81844672
"Serum","0100 and 0200 STD Compound List negative.csv","3M39_pv_neg","nega","3M39","3","pv","L-Leucine","C6H13NO2",9.946,130.589043,5452352
"Serum","0100 and 0200 STD Compound List negative.csv","3M39_pv_neg","nega","3M39","3","pv","L-Lysine","C6H14N2O2",18.448,145.596428,794763.06
"Serum","0100 and 0200 STD Compound List negative.csv","3M39_pv_neg","nega","3M39","3","pv","L-Methionine","C5H11NO2S",10.732,148.0439,796755.75
"Serum","0100 and 0200 STD Compound List negative.csv","3M39_pv_neg","nega","3M39","3","pv","L-Phenylalanine","C9H11NO2",9.527,165.076538,3728544
"Serum","0100 and 0200 STD Compound List negative.csv","3M39_pv_neg","nega","3M39","3","pv","L-Proline","C5H9NO2",12.663,114.5577165,2335882.75
"Serum","0100 and 0200 STD Compound List negative.csv","3M39_pv_neg","nega","3M39","3","pv","L-Serine","C3H7NO3",14.571,104.035301,290453.16
"Serum","0100 and 0200 STD Compound List negative.csv","3M39_pv_neg","nega","3M39","3","pv","L-Threonine","C4H9NO3",14.098,118.050842,1254905.88
"Serum","0100 and 0200 STD Compound List negative.csv","3M39_pv_neg","nega","3M39","3","pv","L-Tyrosine","C9H11NO3",11.515,180.066528,1658564.38
"Serum","0100 and 0200 STD Compound List negative.csv","3M39_pv_neg","nega","3M39","3","pv","Linoleic acid","C18H32O2",2.2255,279.734528,96065448
"Serum","0100 and 0200 STD Compound List negative.csv","3M39_pv_neg","nega","3M39","3","pv","Oleic acid","C18H34O2",2.208,282.251953,65978624
"Serum","0100 and 0200 STD Compound List negative.csv","3M39_pv_neg","nega","3M39","3","pv","Palmitic acid","C16H32O2",2.238,256.738342,59329104
"Serum","0100 and 0200 STD Compound List negative.csv","3M39_pv_neg","nega","3M39","3","pv","Pyruvic acid","C3H4O3",3.755,88.0121,25970486
"Serum","0100 and 0200 STD Compound List negative.csv","3M39_pv_neg","nega","3M39","3","pv","Stearic acid","C18H36O2",2.198,284.76947,22588062
"Serum","0100 and 0200 STD Compound List negative.csv","3M39_pv_neg","nega","3M39","3","pv","Valine","C5H11NO2",11.9165,116.570152,2590473.75
"Serum","0100 and 0200 STD Compound List negative.csv","3M39_pv_neg","nega","3M39","3","pv","Valine-C13N15","C5H11NO2",11.926,122.085609,783272
"Serum","0100 and 0200 STD Compound List negative.csv","3M39_pv_neg","nega","3M39","3","pv","alpha-D-Glucose","C6H12O6",12.788,180.560341,9637776
"Serum","0100 and 0200 STD Compound List negative.csv","3M39_sys_sac_neg","nega","3M39","3","sys_sac","3-Hydroxybutyric acid","C4H8O3",8.624,103.040039,915319.69
"Serum","0100 and 0200 STD Compound List negative.csv","3M39_sys_sac_neg","nega","3M39","3","sys_sac","Arachidonic acid","C20H32O2",2.1925,305.741516,20507578
"Serum","0100 and 0200 STD Compound List negative.csv","3M39_sys_sac_neg","nega","3M39","3","sys_sac","Citric acid","C6H8O7",15.183,191.01976,23096.9
"Serum","0100 and 0200 STD Compound List negative.csv","3M39_sys_sac_neg","nega","3M39","3","sys_sac","D-Tryptophan","C11H12N2O2",9.496,204.5862045,2177113.75
"Serum","0100 and 0200 STD Compound List negative.csv","3M39_sys_sac_neg","nega","3M39","3","sys_sac","Glycine","C2H5NO2",14.387,74.024841,460586.5
"Serum","0100 and 0200 STD Compound List negative.csv","3M39_sys_sac_neg","nega","3M39","3","sys_sac","L-Alanine","C3H7NO2",14.045,88.5421295,1245316.62
"Serum","0100 and 0200 STD Compound List negative.csv","3M39_sys_sac_neg","nega","3M39","3","sys_sac","L-Arginine","C6H14N4O2",18.337,173.104416,178116.81
"Serum","0100 and 0200 STD Compound List negative.csv","3M39_sys_sac_neg","nega","3M39","3","sys_sac","L-Asparagine","C4H8N2O3",14.548,131.045731,153151.3
"Serum","0100 and 0200 STD Compound List negative.csv","3M39_sys_sac_neg","nega","3M39","3","sys_sac","L-Aspartic acid","C4H7NO4",14.634,132.030319,444875.72
"Serum","0100 and 0200 STD Compound List negative.csv","3M39_sys_sac_neg","nega","3M39","3","sys_sac","L-Cystine","C6H12N2O4S2",15.195,239.016739,0
"Serum","0100 and 0200 STD Compound List negative.csv","3M39_sys_sac_neg","nega","3M39","3","sys_sac","L-Glutamic acid","C5H9NO4",14.5155,146.5479125,137818.19
"Serum","0100 and 0200 STD Compound List negative.csv","3M39_sys_sac_neg","nega","3M39","3","sys_sac","L-Glutamine","C5H10N2O3",14.489,146.05928,2439248.75
"Serum","0100 and 0200 STD Compound List negative.csv","3M39_sys_sac_neg","nega","3M39","3","sys_sac","L-Histidine","C6H9N3O2",14.662,154.062378,541186.44
"Serum","0100 and 0200 STD Compound List negative.csv","3M39_sys_sac_neg","nega","3M39","3","sys_sac","L-Isoleucine","C6H13NO2",10.4725,130.5890505,2447767.25
"Serum","0100 and 0200 STD Compound List negative.csv","3M39_sys_sac_neg","nega","3M39","3","sys_sac","L-Lactic acid","C3H6O3",8.0075,89.526058,41518032
"Serum","0100 and 0200 STD Compound List negative.csv","3M39_sys_sac_neg","nega","3M39","3","sys_sac","L-Leucine","C6H13NO2",9.946,130.589043,4592709.5
"Serum","0100 and 0200 STD Compound List negative.csv","3M39_sys_sac_neg","nega","3M39","3","sys_sac","L-Lysine","C6H14N2O2",18.448,145.596428,461176.53
"Serum","0100 and 0200 STD Compound List negative.csv","3M39_sys_sac_neg","nega","3M39","3","sys_sac","L-Methionine","C5H11NO2S",10.732,148.0439,665387.81
"Serum","0100 and 0200 STD Compound List negative.csv","3M39_sys_sac_neg","nega","3M39","3","sys_sac","L-Phenylalanine","C9H11NO2",9.527,165.076538,3575558.75
"Serum","0100 and 0200 STD Compound List negative.csv","3M39_sys_sac_neg","nega","3M39","3","sys_sac","L-Proline","C5H9NO2",12.663,114.5577165,1367318.5
"Serum","0100 and 0200 STD Compound List negative.csv","3M39_sys_sac_neg","nega","3M39","3","sys_sac","L-Serine","C3H7NO3",14.571,104.035301,121369.8
"Serum","0100 and 0200 STD Compound List negative.csv","3M39_sys_sac_neg","nega","3M39","3","sys_sac","L-Threonine","C4H9NO3",14.098,118.050842,745237.56
"Serum","0100 and 0200 STD Compound List negative.csv","3M39_sys_sac_neg","nega","3M39","3","sys_sac","L-Tyrosine","C9H11NO3",11.515,180.066528,1131173.12
"Serum","0100 and 0200 STD Compound List negative.csv","3M39_sys_sac_neg","nega","3M39","3","sys_sac","Linoleic acid","C18H32O2",2.2255,279.734528,204768512
"Serum","0100 and 0200 STD Compound List negative.csv","3M39_sys_sac_neg","nega","3M39","3","sys_sac","Oleic acid","C18H34O2",2.208,282.251953,232494848
"Serum","0100 and 0200 STD Compound List negative.csv","3M39_sys_sac_neg","nega","3M39","3","sys_sac","Palmitic acid","C16H32O2",2.238,256.738342,146666048
"Serum","0100 and 0200 STD Compound List negative.csv","3M39_sys_sac_neg","nega","3M39","3","sys_sac","Pyruvic acid","C3H4O3",3.755,88.0121,15773813
"Serum","0100 and 0200 STD Compound List negative.csv","3M39_sys_sac_neg","nega","3M39","3","sys_sac","Stearic acid","C18H36O2",2.198,284.76947,69410296
"Serum","0100 and 0200 STD Compound List negative.csv","3M39_sys_sac_neg","nega","3M39","3","sys_sac","Valine","C5H11NO2",11.9165,116.570152,1909766.12
"Serum","0100 and 0200 STD Compound List negative.csv","3M39_sys_sac_neg","nega","3M39","3","sys_sac","Valine-C13N15","C5H11NO2",11.926,122.085609,820251.31
"Serum","0100 and 0200 STD Compound List negative.csv","3M39_sys_sac_neg","nega","3M39","3","sys_sac","alpha-D-Glucose","C6H12O6",12.788,180.560341,8228236.5
"Serum","0100 and 0200 STD Compound List negative.csv","3M40_pv_neg","nega","3M40","3","pv","3-Hydroxybutyric acid","C4H8O3",8.624,103.040039,1862175
"Serum","0100 and 0200 STD Compound List negative.csv","3M40_pv_neg","nega","3M40","3","pv","Arachidonic acid","C20H32O2",2.1925,305.741516,7136586
"Serum","0100 and 0200 STD Compound List negative.csv","3M40_pv_neg","nega","3M40","3","pv","Citric acid","C6H8O7",15.183,191.01976,163276.94
"Serum","0100 and 0200 STD Compound List negative.csv","3M40_pv_neg","nega","3M40","3","pv","D-Tryptophan","C11H12N2O2",9.496,204.5862045,2718265.75
"Serum","0100 and 0200 STD Compound List negative.csv","3M40_pv_neg","nega","3M40","3","pv","Glycine","C2H5NO2",14.387,74.024841,264006.38
"Serum","0100 and 0200 STD Compound List negative.csv","3M40_pv_neg","nega","3M40","3","pv","L-Alanine","C3H7NO2",14.045,88.5421295,5104976
"Serum","0100 and 0200 STD Compound List negative.csv","3M40_pv_neg","nega","3M40","3","pv","L-Arginine","C6H14N4O2",18.337,173.104416,420677.97
"Serum","0100 and 0200 STD Compound List negative.csv","3M40_pv_neg","nega","3M40","3","pv","L-Asparagine","C4H8N2O3",14.548,131.045731,337271.38
"Serum","0100 and 0200 STD Compound List negative.csv","3M40_pv_neg","nega","3M40","3","pv","L-Aspartic acid","C4H7NO4",14.634,132.030319,70007.9
"Serum","0100 and 0200 STD Compound List negative.csv","3M40_pv_neg","nega","3M40","3","pv","L-Cystine","C6H12N2O4S2",15.195,239.016739,11101.97
"Serum","0100 and 0200 STD Compound List negative.csv","3M40_pv_neg","nega","3M40","3","pv","L-Glutamic acid","C5H9NO4",14.5155,146.5479125,391756.09
"Serum","0100 and 0200 STD Compound List negative.csv","3M40_pv_neg","nega","3M40","3","pv","L-Glutamine","C5H10N2O3",14.489,146.05928,3325576.75
"Serum","0100 and 0200 STD Compound List negative.csv","3M40_pv_neg","nega","3M40","3","pv","L-Histidine","C6H9N3O2",14.662,154.062378,126128.54
"Serum","0100 and 0200 STD Compound List negative.csv","3M40_pv_neg","nega","3M40","3","pv","L-Isoleucine","C6H13NO2",10.4725,130.5890505,7102624.5
"Serum","0100 and 0200 STD Compound List negative.csv","3M40_pv_neg","nega","3M40","3","pv","L-Lactic acid","C3H6O3",8.0075,89.526058,177223024
"Serum","0100 and 0200 STD Compound List negative.csv","3M40_pv_neg","nega","3M40","3","pv","L-Leucine","C6H13NO2",9.946,130.589043,10726804
"Serum","0100 and 0200 STD Compound List negative.csv","3M40_pv_neg","nega","3M40","3","pv","L-Lysine","C6H14N2O2",18.448,145.596428,774350.81
"Serum","0100 and 0200 STD Compound List negative.csv","3M40_pv_neg","nega","3M40","3","pv","L-Methionine","C5H11NO2S",10.732,148.0439,1441475.88
"Serum","0100 and 0200 STD Compound List negative.csv","3M40_pv_neg","nega","3M40","3","pv","L-Phenylalanine","C9H11NO2",9.527,165.076538,7978176
"Serum","0100 and 0200 STD Compound List negative.csv","3M40_pv_neg","nega","3M40","3","pv","L-Proline","C5H9NO2",12.663,114.5577165,4037799.75
"Serum","0100 and 0200 STD Compound List negative.csv","3M40_pv_neg","nega","3M40","3","pv","L-Serine","C3H7NO3",14.571,104.035301,429687.75
"Serum","0100 and 0200 STD Compound List negative.csv","3M40_pv_neg","nega","3M40","3","pv","L-Threonine","C4H9NO3",14.098,118.050842,1900319.62
"Serum","0100 and 0200 STD Compound List negative.csv","3M40_pv_neg","nega","3M40","3","pv","L-Tyrosine","C9H11NO3",11.515,180.066528,2976995.75
"Serum","0100 and 0200 STD Compound List negative.csv","3M40_pv_neg","nega","3M40","3","pv","Linoleic acid","C18H32O2",2.2255,279.734528,101602072
"Serum","0100 and 0200 STD Compound List negative.csv","3M40_pv_neg","nega","3M40","3","pv","Oleic acid","C18H34O2",2.208,282.251953,56686884
"Serum","0100 and 0200 STD Compound List negative.csv","3M40_pv_neg","nega","3M40","3","pv","Palmitic acid","C16H32O2",2.238,256.738342,50575776
"Serum","0100 and 0200 STD Compound List negative.csv","3M40_pv_neg","nega","3M40","3","pv","Pyruvic acid","C3H4O3",3.755,88.0121,38443284
"Serum","0100 and 0200 STD Compound List negative.csv","3M40_pv_neg","nega","3M40","3","pv","Stearic acid","C18H36O2",2.198,284.76947,22085144
"Serum","0100 and 0200 STD Compound List negative.csv","3M40_pv_neg","nega","3M40","3","pv","Valine","C5H11NO2",11.9165,116.570152,4440431.5
"Serum","0100 and 0200 STD Compound List negative.csv","3M40_pv_neg","nega","3M40","3","pv","Valine-C13N15","C5H11NO2",11.926,122.085609,861989.06
"Serum","0100 and 0200 STD Compound List negative.csv","3M40_pv_neg","nega","3M40","3","pv","alpha-D-Glucose","C6H12O6",12.788,180.560341,7495354
"Serum","0100 and 0200 STD Compound List negative.csv","3M40_sys_sac_neg","nega","3M40","3","sys_sac","3-Hydroxybutyric acid","C4H8O3",8.624,103.040039,1229342.5
"Serum","0100 and 0200 STD Compound List negative.csv","3M40_sys_sac_neg","nega","3M40","3","sys_sac","Arachidonic acid","C20H32O2",2.1925,305.741516,22796742
"Serum","0100 and 0200 STD Compound List negative.csv","3M40_sys_sac_neg","nega","3M40","3","sys_sac","Citric acid","C6H8O7",15.183,191.01976,97473.65
"Serum","0100 and 0200 STD Compound List negative.csv","3M40_sys_sac_neg","nega","3M40","3","sys_sac","D-Tryptophan","C11H12N2O2",9.496,204.5862045,1590521.62
"Serum","0100 and 0200 STD Compound List negative.csv","3M40_sys_sac_neg","nega","3M40","3","sys_sac","Glycine","C2H5NO2",14.387,74.024841,209558.64
"Serum","0100 and 0200 STD Compound List negative.csv","3M40_sys_sac_neg","nega","3M40","3","sys_sac","L-Alanine","C3H7NO2",14.045,88.5421295,814104.44
"Serum","0100 and 0200 STD Compound List negative.csv","3M40_sys_sac_neg","nega","3M40","3","sys_sac","L-Arginine","C6H14N4O2",18.337,173.104416,271931.84
"Serum","0100 and 0200 STD Compound List negative.csv","3M40_sys_sac_neg","nega","3M40","3","sys_sac","L-Asparagine","C4H8N2O3",14.548,131.045731,135441.59
"Serum","0100 and 0200 STD Compound List negative.csv","3M40_sys_sac_neg","nega","3M40","3","sys_sac","L-Aspartic acid","C4H7NO4",14.634,132.030319,415033.72
"Serum","0100 and 0200 STD Compound List negative.csv","3M40_sys_sac_neg","nega","3M40","3","sys_sac","L-Cystine","C6H12N2O4S2",15.195,239.016739,3762.06
"Serum","0100 and 0200 STD Compound List negative.csv","3M40_sys_sac_neg","nega","3M40","3","sys_sac","L-Glutamic acid","C5H9NO4",14.5155,146.5479125,102413.04
"Serum","0100 and 0200 STD Compound List negative.csv","3M40_sys_sac_neg","nega","3M40","3","sys_sac","L-Glutamine","C5H10N2O3",14.489,146.05928,810885.06
"Serum","0100 and 0200 STD Compound List negative.csv","3M40_sys_sac_neg","nega","3M40","3","sys_sac","L-Histidine","C6H9N3O2",14.662,154.062378,430314.59
"Serum","0100 and 0200 STD Compound List negative.csv","3M40_sys_sac_neg","nega","3M40","3","sys_sac","L-Isoleucine","C6H13NO2",10.4725,130.5890505,2154109.75
"Serum","0100 and 0200 STD Compound List negative.csv","3M40_sys_sac_neg","nega","3M40","3","sys_sac","L-Lactic acid","C3H6O3",8.0075,89.526058,61710768
"Serum","0100 and 0200 STD Compound List negative.csv","3M40_sys_sac_neg","nega","3M40","3","sys_sac","L-Leucine","C6H13NO2",9.946,130.589043,4490334.5
"Serum","0100 and 0200 STD Compound List negative.csv","3M40_sys_sac_neg","nega","3M40","3","sys_sac","L-Lysine","C6H14N2O2",18.448,145.596428,533859.69
"Serum","0100 and 0200 STD Compound List negative.csv","3M40_sys_sac_neg","nega","3M40","3","sys_sac","L-Methionine","C5H11NO2S",10.732,148.0439,665837.06
"Serum","0100 and 0200 STD Compound List negative.csv","3M40_sys_sac_neg","nega","3M40","3","sys_sac","L-Phenylalanine","C9H11NO2",9.527,165.076538,3866466
"Serum","0100 and 0200 STD Compound List negative.csv","3M40_sys_sac_neg","nega","3M40","3","sys_sac","L-Proline","C5H9NO2",12.663,114.5577165,1573641.62
"Serum","0100 and 0200 STD Compound List negative.csv","3M40_sys_sac_neg","nega","3M40","3","sys_sac","L-Serine","C3H7NO3",14.571,104.035301,56786.36
"Serum","0100 and 0200 STD Compound List negative.csv","3M40_sys_sac_neg","nega","3M40","3","sys_sac","L-Threonine","C4H9NO3",14.098,118.050842,296443.22
"Serum","0100 and 0200 STD Compound List negative.csv","3M40_sys_sac_neg","nega","3M40","3","sys_sac","L-Tyrosine","C9H11NO3",11.515,180.066528,1040642.44
"Serum","0100 and 0200 STD Compound List negative.csv","3M40_sys_sac_neg","nega","3M40","3","sys_sac","Linoleic acid","C18H32O2",2.2255,279.734528,238532272
"Serum","0100 and 0200 STD Compound List negative.csv","3M40_sys_sac_neg","nega","3M40","3","sys_sac","Oleic acid","C18H34O2",2.208,282.251953,168237840
"Serum","0100 and 0200 STD Compound List negative.csv","3M40_sys_sac_neg","nega","3M40","3","sys_sac","Palmitic acid","C16H32O2",2.238,256.738342,130967464
"Serum","0100 and 0200 STD Compound List negative.csv","3M40_sys_sac_neg","nega","3M40","3","sys_sac","Pyruvic acid","C3H4O3",3.755,88.0121,13178531
"Serum","0100 and 0200 STD Compound List negative.csv","3M40_sys_sac_neg","nega","3M40","3","sys_sac","Stearic acid","C18H36O2",2.198,284.76947,62372484
"Serum","0100 and 0200 STD Compound List negative.csv","3M40_sys_sac_neg","nega","3M40","3","sys_sac","Valine","C5H11NO2",11.9165,116.570152,1893926.5
"Serum","0100 and 0200 STD Compound List negative.csv","3M40_sys_sac_neg","nega","3M40","3","sys_sac","Valine-C13N15","C5H11NO2",11.926,122.085609,791443.56
"Serum","0100 and 0200 STD Compound List negative.csv","3M40_sys_sac_neg","nega","3M40","3","sys_sac","alpha-D-Glucose","C6H12O6",12.788,180.560341,5899893.5
"Serum","0100 and 0200 STD Compound List negative.csv","3M4_pv_neg","nega","3M4","3","pv","3-Hydroxybutyric acid","C4H8O3",8.624,103.040039,495172.72
"Serum","0100 and 0200 STD Compound List negative.csv","3M4_pv_neg","nega","3M4","3","pv","Arachidonic acid","C20H32O2",2.1925,305.741516,9205793
"Serum","0100 and 0200 STD Compound List negative.csv","3M4_pv_neg","nega","3M4","3","pv","Citric acid","C6H8O7",15.183,191.01976,178948.25
"Serum","0100 and 0200 STD Compound List negative.csv","3M4_pv_neg","nega","3M4","3","pv","D-Tryptophan","C11H12N2O2",9.496,204.5862045,1207091.88
"Serum","0100 and 0200 STD Compound List negative.csv","3M4_pv_neg","nega","3M4","3","pv","Glycine","C2H5NO2",14.387,74.024841,125903.29
"Serum","0100 and 0200 STD Compound List negative.csv","3M4_pv_neg","nega","3M4","3","pv","L-Alanine","C3H7NO2",14.045,88.5421295,1896921.62
"Serum","0100 and 0200 STD Compound List negative.csv","3M4_pv_neg","nega","3M4","3","pv","L-Arginine","C6H14N4O2",18.337,173.104416,5892.48
"Serum","0100 and 0200 STD Compound List negative.csv","3M4_pv_neg","nega","3M4","3","pv","L-Asparagine","C4H8N2O3",14.548,131.045731,113759.34
"Serum","0100 and 0200 STD Compound List negative.csv","3M4_pv_neg","nega","3M4","3","pv","L-Aspartic acid","C4H7NO4",14.634,132.030319,173666.14
"Serum","0100 and 0200 STD Compound List negative.csv","3M4_pv_neg","nega","3M4","3","pv","L-Cystine","C6H12N2O4S2",15.195,239.016739,0
"Serum","0100 and 0200 STD Compound List negative.csv","3M4_pv_neg","nega","3M4","3","pv","L-Glutamic acid","C5H9NO4",14.5155,146.5479125,457741.03
"Serum","0100 and 0200 STD Compound List negative.csv","3M4_pv_neg","nega","3M4","3","pv","L-Glutamine","C5H10N2O3",14.489,146.05928,2667072.25
"Serum","0100 and 0200 STD Compound List negative.csv","3M4_pv_neg","nega","3M4","3","pv","L-Histidine","C6H9N3O2",14.662,154.062378,173424.31
"Serum","0100 and 0200 STD Compound List negative.csv","3M4_pv_neg","nega","3M4","3","pv","L-Isoleucine","C6H13NO2",10.4725,130.5890505,1909070.62
"Serum","0100 and 0200 STD Compound List negative.csv","3M4_pv_neg","nega","3M4","3","pv","L-Lactic acid","C3H6O3",8.0075,89.526058,50303364
"Serum","0100 and 0200 STD Compound List negative.csv","3M4_pv_neg","nega","3M4","3","pv","L-Leucine","C6H13NO2",9.946,130.589043,2816883.25
"Serum","0100 and 0200 STD Compound List negative.csv","3M4_pv_neg","nega","3M4","3","pv","L-Lysine","C6H14N2O2",18.448,145.596428,377000.09
"Serum","0100 and 0200 STD Compound List negative.csv","3M4_pv_neg","nega","3M4","3","pv","L-Methionine","C5H11NO2S",10.732,148.0439,554941.06
"Serum","0100 and 0200 STD Compound List negative.csv","3M4_pv_neg","nega","3M4","3","pv","L-Phenylalanine","C9H11NO2",9.527,165.076538,2009817.12
"Serum","0100 and 0200 STD Compound List negative.csv","3M4_pv_neg","nega","3M4","3","pv","L-Proline","C5H9NO2",12.663,114.5577165,976381
"Serum","0100 and 0200 STD Compound List negative.csv","3M4_pv_neg","nega","3M4","3","pv","L-Serine","C3H7NO3",14.571,104.035301,88095.02
"Serum","0100 and 0200 STD Compound List negative.csv","3M4_pv_neg","nega","3M4","3","pv","L-Threonine","C4H9NO3",14.098,118.050842,472057.62
"Serum","0100 and 0200 STD Compound List negative.csv","3M4_pv_neg","nega","3M4","3","pv","L-Tyrosine","C9H11NO3",11.515,180.066528,355772.91
"Serum","0100 and 0200 STD Compound List negative.csv","3M4_pv_neg","nega","3M4","3","pv","Linoleic acid","C18H32O2",2.2255,279.734528,50546772
"Serum","0100 and 0200 STD Compound List negative.csv","3M4_pv_neg","nega","3M4","3","pv","Oleic acid","C18H34O2",2.208,282.251953,38756340
"Serum","0100 and 0200 STD Compound List negative.csv","3M4_pv_neg","nega","3M4","3","pv","Palmitic acid","C16H32O2",2.238,256.738342,62554604
"Serum","0100 and 0200 STD Compound List negative.csv","3M4_pv_neg","nega","3M4","3","pv","Pyruvic acid","C3H4O3",3.755,88.0121,14078180
"Serum","0100 and 0200 STD Compound List negative.csv","3M4_pv_neg","nega","3M4","3","pv","Stearic acid","C18H36O2",2.198,284.76947,42501812
"Serum","0100 and 0200 STD Compound List negative.csv","3M4_pv_neg","nega","3M4","3","pv","Valine","C5H11NO2",11.9165,116.570152,1197219.88
"Serum","0100 and 0200 STD Compound List negative.csv","3M4_pv_neg","nega","3M4","3","pv","Valine-C13N15","C5H11NO2",11.926,122.085609,674666.25
"Serum","0100 and 0200 STD Compound List negative.csv","3M4_pv_neg","nega","3M4","3","pv","alpha-D-Glucose","C6H12O6",12.788,180.560341,5462084.5
"Serum","0100 and 0200 STD Compound List negative.csv","3M4_sys_sac_neg","nega","3M4","3","sys_sac","3-Hydroxybutyric acid","C4H8O3",8.624,103.040039,581710.06
"Serum","0100 and 0200 STD Compound List negative.csv","3M4_sys_sac_neg","nega","3M4","3","sys_sac","Arachidonic acid","C20H32O2",2.1925,305.741516,28409590
"Serum","0100 and 0200 STD Compound List negative.csv","3M4_sys_sac_neg","nega","3M4","3","sys_sac","Citric acid","C6H8O7",15.183,191.01976,215192.38
"Serum","0100 and 0200 STD Compound List negative.csv","3M4_sys_sac_neg","nega","3M4","3","sys_sac","D-Tryptophan","C11H12N2O2",9.496,204.5862045,6182521.5
"Serum","0100 and 0200 STD Compound List negative.csv","3M4_sys_sac_neg","nega","3M4","3","sys_sac","Glycine","C2H5NO2",14.387,74.024841,176094.95
"Serum","0100 and 0200 STD Compound List negative.csv","3M4_sys_sac_neg","nega","3M4","3","sys_sac","L-Alanine","C3H7NO2",14.045,88.5421295,1780688.38
"Serum","0100 and 0200 STD Compound List negative.csv","3M4_sys_sac_neg","nega","3M4","3","sys_sac","L-Arginine","C6H14N4O2",18.337,173.104416,393294.25
"Serum","0100 and 0200 STD Compound List negative.csv","3M4_sys_sac_neg","nega","3M4","3","sys_sac","L-Asparagine","C4H8N2O3",14.548,131.045731,85158.59
"Serum","0100 and 0200 STD Compound List negative.csv","3M4_sys_sac_neg","nega","3M4","3","sys_sac","L-Aspartic acid","C4H7NO4",14.634,132.030319,194698.77
"Serum","0100 and 0200 STD Compound List negative.csv","3M4_sys_sac_neg","nega","3M4","3","sys_sac","L-Cystine","C6H12N2O4S2",15.195,239.016739,2413.46
"Serum","0100 and 0200 STD Compound List negative.csv","3M4_sys_sac_neg","nega","3M4","3","sys_sac","L-Glutamic acid","C5H9NO4",14.5155,146.5479125,360305.75
"Serum","0100 and 0200 STD Compound List negative.csv","3M4_sys_sac_neg","nega","3M4","3","sys_sac","L-Glutamine","C5H10N2O3",14.489,146.05928,2936897
"Serum","0100 and 0200 STD Compound List negative.csv","3M4_sys_sac_neg","nega","3M4","3","sys_sac","L-Histidine","C6H9N3O2",14.662,154.062378,206085
"Serum","0100 and 0200 STD Compound List negative.csv","3M4_sys_sac_neg","nega","3M4","3","sys_sac","L-Isoleucine","C6H13NO2",10.4725,130.5890505,3100635.75
"Serum","0100 and 0200 STD Compound List negative.csv","3M4_sys_sac_neg","nega","3M4","3","sys_sac","L-Lactic acid","C3H6O3",8.0075,89.526058,97660168
"Serum","0100 and 0200 STD Compound List negative.csv","3M4_sys_sac_neg","nega","3M4","3","sys_sac","L-Leucine","C6H13NO2",9.946,130.589043,4779745.5
"Serum","0100 and 0200 STD Compound List negative.csv","3M4_sys_sac_neg","nega","3M4","3","sys_sac","L-Lysine","C6H14N2O2",18.448,145.596428,889265
"Serum","0100 and 0200 STD Compound List negative.csv","3M4_sys_sac_neg","nega","3M4","3","sys_sac","L-Methionine","C5H11NO2S",10.732,148.0439,772819.31
"Serum","0100 and 0200 STD Compound List negative.csv","3M4_sys_sac_neg","nega","3M4","3","sys_sac","L-Phenylalanine","C9H11NO2",9.527,165.076538,4118683
"Serum","0100 and 0200 STD Compound List negative.csv","3M4_sys_sac_neg","nega","3M4","3","sys_sac","L-Proline","C5H9NO2",12.663,114.5577165,1573710.62
"Serum","0100 and 0200 STD Compound List negative.csv","3M4_sys_sac_neg","nega","3M4","3","sys_sac","L-Serine","C3H7NO3",14.571,104.035301,126316.5
"Serum","0100 and 0200 STD Compound List negative.csv","3M4_sys_sac_neg","nega","3M4","3","sys_sac","L-Threonine","C4H9NO3",14.098,118.050842,1118668.62
"Serum","0100 and 0200 STD Compound List negative.csv","3M4_sys_sac_neg","nega","3M4","3","sys_sac","L-Tyrosine","C9H11NO3",11.515,180.066528,955109.81
"Serum","0100 and 0200 STD Compound List negative.csv","3M4_sys_sac_neg","nega","3M4","3","sys_sac","Linoleic acid","C18H32O2",2.2255,279.734528,152947216
"Serum","0100 and 0200 STD Compound List negative.csv","3M4_sys_sac_neg","nega","3M4","3","sys_sac","Oleic acid","C18H34O2",2.208,282.251953,188757456
"Serum","0100 and 0200 STD Compound List negative.csv","3M4_sys_sac_neg","nega","3M4","3","sys_sac","Palmitic acid","C16H32O2",2.238,256.738342,180215424
"Serum","0100 and 0200 STD Compound List negative.csv","3M4_sys_sac_neg","nega","3M4","3","sys_sac","Pyruvic acid","C3H4O3",3.755,88.0121,31232910
"Serum","0100 and 0200 STD Compound List negative.csv","3M4_sys_sac_neg","nega","3M4","3","sys_sac","Stearic acid","C18H36O2",2.198,284.76947,98410648
"Serum","0100 and 0200 STD Compound List negative.csv","3M4_sys_sac_neg","nega","3M4","3","sys_sac","Valine","C5H11NO2",11.9165,116.570152,2507717
"Serum","0100 and 0200 STD Compound List negative.csv","3M4_sys_sac_neg","nega","3M4","3","sys_sac","Valine-C13N15","C5H11NO2",11.926,122.085609,661496.94
"Serum","0100 and 0200 STD Compound List negative.csv","3M4_sys_sac_neg","nega","3M4","3","sys_sac","alpha-D-Glucose","C6H12O6",12.788,180.560341,6665551.5
"Serum","0100 and 0200 STD Compound List negative.csv","3M6_pv_neg","nega","3M6","3","pv","3-Hydroxybutyric acid","C4H8O3",8.624,103.040039,1131184.62
"Serum","0100 and 0200 STD Compound List negative.csv","3M6_pv_neg","nega","3M6","3","pv","Arachidonic acid","C20H32O2",2.1925,305.741516,11938285
"Serum","0100 and 0200 STD Compound List negative.csv","3M6_pv_neg","nega","3M6","3","pv","Citric acid","C6H8O7",15.183,191.01976,0
"Serum","0100 and 0200 STD Compound List negative.csv","3M6_pv_neg","nega","3M6","3","pv","D-Tryptophan","C11H12N2O2",9.496,204.5862045,1383739.62
"Serum","0100 and 0200 STD Compound List negative.csv","3M6_pv_neg","nega","3M6","3","pv","Glycine","C2H5NO2",14.387,74.024841,162456.55
"Serum","0100 and 0200 STD Compound List negative.csv","3M6_pv_neg","nega","3M6","3","pv","L-Alanine","C3H7NO2",14.045,88.5421295,2915723.25
"Serum","0100 and 0200 STD Compound List negative.csv","3M6_pv_neg","nega","3M6","3","pv","L-Arginine","C6H14N4O2",18.337,173.104416,9663.92
"Serum","0100 and 0200 STD Compound List negative.csv","3M6_pv_neg","nega","3M6","3","pv","L-Asparagine","C4H8N2O3",14.548,131.045731,68606.34
"Serum","0100 and 0200 STD Compound List negative.csv","3M6_pv_neg","nega","3M6","3","pv","L-Aspartic acid","C4H7NO4",14.634,132.030319,226152.11
"Serum","0100 and 0200 STD Compound List negative.csv","3M6_pv_neg","nega","3M6","3","pv","L-Cystine","C6H12N2O4S2",15.195,239.016739,0
"Serum","0100 and 0200 STD Compound List negative.csv","3M6_pv_neg","nega","3M6","3","pv","L-Glutamic acid","C5H9NO4",14.5155,146.5479125,650730.38
"Serum","0100 and 0200 STD Compound List negative.csv","3M6_pv_neg","nega","3M6","3","pv","L-Glutamine","C5H10N2O3",14.489,146.05928,4539328
"Serum","0100 and 0200 STD Compound List negative.csv","3M6_pv_neg","nega","3M6","3","pv","L-Histidine","C6H9N3O2",14.662,154.062378,126304.15
"Serum","0100 and 0200 STD Compound List negative.csv","3M6_pv_neg","nega","3M6","3","pv","L-Isoleucine","C6H13NO2",10.4725,130.5890505,2717551
"Serum","0100 and 0200 STD Compound List negative.csv","3M6_pv_neg","nega","3M6","3","pv","L-Lactic acid","C3H6O3",8.0075,89.526058,124006592
"Serum","0100 and 0200 STD Compound List negative.csv","3M6_pv_neg","nega","3M6","3","pv","L-Leucine","C6H13NO2",9.946,130.589043,3591419.25
"Serum","0100 and 0200 STD Compound List negative.csv","3M6_pv_neg","nega","3M6","3","pv","L-Lysine","C6H14N2O2",18.448,145.596428,293620.12
"Serum","0100 and 0200 STD Compound List negative.csv","3M6_pv_neg","nega","3M6","3","pv","L-Methionine","C5H11NO2S",10.732,148.0439,547931.31
"Serum","0100 and 0200 STD Compound List negative.csv","3M6_pv_neg","nega","3M6","3","pv","L-Phenylalanine","C9H11NO2",9.527,165.076538,2934115.75
"Serum","0100 and 0200 STD Compound List negative.csv","3M6_pv_neg","nega","3M6","3","pv","L-Proline","C5H9NO2",12.663,114.5577165,2009372.38
"Serum","0100 and 0200 STD Compound List negative.csv","3M6_pv_neg","nega","3M6","3","pv","L-Serine","C3H7NO3",14.571,104.035301,100733.54
"Serum","0100 and 0200 STD Compound List negative.csv","3M6_pv_neg","nega","3M6","3","pv","L-Threonine","C4H9NO3",14.098,118.050842,545607.94
"Serum","0100 and 0200 STD Compound List negative.csv","3M6_pv_neg","nega","3M6","3","pv","L-Tyrosine","C9H11NO3",11.515,180.066528,710775.56
"Serum","0100 and 0200 STD Compound List negative.csv","3M6_pv_neg","nega","3M6","3","pv","Linoleic acid","C18H32O2",2.2255,279.734528,59333356
"Serum","0100 and 0200 STD Compound List negative.csv","3M6_pv_neg","nega","3M6","3","pv","Oleic acid","C18H34O2",2.208,282.251953,42097352
"Serum","0100 and 0200 STD Compound List negative.csv","3M6_pv_neg","nega","3M6","3","pv","Palmitic acid","C16H32O2",2.238,256.738342,68897544
"Serum","0100 and 0200 STD Compound List negative.csv","3M6_pv_neg","nega","3M6","3","pv","Pyruvic acid","C3H4O3",3.755,88.0121,16677371
"Serum","0100 and 0200 STD Compound List negative.csv","3M6_pv_neg","nega","3M6","3","pv","Stearic acid","C18H36O2",2.198,284.76947,45771108
"Serum","0100 and 0200 STD Compound List negative.csv","3M6_pv_neg","nega","3M6","3","pv","Valine","C5H11NO2",11.9165,116.570152,1774924.12
"Serum","0100 and 0200 STD Compound List negative.csv","3M6_pv_neg","nega","3M6","3","pv","Valine-C13N15","C5H11NO2",11.926,122.085609,780483.94
"Serum","0100 and 0200 STD Compound List negative.csv","3M6_pv_neg","nega","3M6","3","pv","alpha-D-Glucose","C6H12O6",12.788,180.560341,10742165
"Serum","0100 and 0200 STD Compound List negative.csv","3M6_sys_sac_neg","nega","3M6","3","sys_sac","3-Hydroxybutyric acid","C4H8O3",8.624,103.040039,1329053.38
"Serum","0100 and 0200 STD Compound List negative.csv","3M6_sys_sac_neg","nega","3M6","3","sys_sac","Arachidonic acid","C20H32O2",2.1925,305.741516,25249866
"Serum","0100 and 0200 STD Compound List negative.csv","3M6_sys_sac_neg","nega","3M6","3","sys_sac","Citric acid","C6H8O7",15.183,191.01976,1465.16
"Serum","0100 and 0200 STD Compound List negative.csv","3M6_sys_sac_neg","nega","3M6","3","sys_sac","D-Tryptophan","C11H12N2O2",9.496,204.5862045,3487885.75
"Serum","0100 and 0200 STD Compound List negative.csv","3M6_sys_sac_neg","nega","3M6","3","sys_sac","Glycine","C2H5NO2",14.387,74.024841,106822.65
"Serum","0100 and 0200 STD Compound List negative.csv","3M6_sys_sac_neg","nega","3M6","3","sys_sac","L-Alanine","C3H7NO2",14.045,88.5421295,1017003.81
"Serum","0100 and 0200 STD Compound List negative.csv","3M6_sys_sac_neg","nega","3M6","3","sys_sac","L-Arginine","C6H14N4O2",18.337,173.104416,145847.45
"Serum","0100 and 0200 STD Compound List negative.csv","3M6_sys_sac_neg","nega","3M6","3","sys_sac","L-Asparagine","C4H8N2O3",14.548,131.045731,50084.38
"Serum","0100 and 0200 STD Compound List negative.csv","3M6_sys_sac_neg","nega","3M6","3","sys_sac","L-Aspartic acid","C4H7NO4",14.634,132.030319,113274.1
"Serum","0100 and 0200 STD Compound List negative.csv","3M6_sys_sac_neg","nega","3M6","3","sys_sac","L-Cystine","C6H12N2O4S2",15.195,239.016739,0
"Serum","0100 and 0200 STD Compound List negative.csv","3M6_sys_sac_neg","nega","3M6","3","sys_sac","L-Glutamic acid","C5H9NO4",14.5155,146.5479125,183571.02
"Serum","0100 and 0200 STD Compound List negative.csv","3M6_sys_sac_neg","nega","3M6","3","sys_sac","L-Glutamine","C5H10N2O3",14.489,146.05928,1829528.88
"Serum","0100 and 0200 STD Compound List negative.csv","3M6_sys_sac_neg","nega","3M6","3","sys_sac","L-Histidine","C6H9N3O2",14.662,154.062378,170039.41
"Serum","0100 and 0200 STD Compound List negative.csv","3M6_sys_sac_neg","nega","3M6","3","sys_sac","L-Isoleucine","C6H13NO2",10.4725,130.5890505,2171589.75
"Serum","0100 and 0200 STD Compound List negative.csv","3M6_sys_sac_neg","nega","3M6","3","sys_sac","L-Lactic acid","C3H6O3",8.0075,89.526058,35959808
"Serum","0100 and 0200 STD Compound List negative.csv","3M6_sys_sac_neg","nega","3M6","3","sys_sac","L-Leucine","C6H13NO2",9.946,130.589043,3556437
"Serum","0100 and 0200 STD Compound List negative.csv","3M6_sys_sac_neg","nega","3M6","3","sys_sac","L-Lysine","C6H14N2O2",18.448,145.596428,128718.15
"Serum","0100 and 0200 STD Compound List negative.csv","3M6_sys_sac_neg","nega","3M6","3","sys_sac","L-Methionine","C5H11NO2S",10.732,148.0439,454096.28
"Serum","0100 and 0200 STD Compound List negative.csv","3M6_sys_sac_neg","nega","3M6","3","sys_sac","L-Phenylalanine","C9H11NO2",9.527,165.076538,3496650
"Serum","0100 and 0200 STD Compound List negative.csv","3M6_sys_sac_neg","nega","3M6","3","sys_sac","L-Proline","C5H9NO2",12.663,114.5577165,811032.5
"Serum","0100 and 0200 STD Compound List negative.csv","3M6_sys_sac_neg","nega","3M6","3","sys_sac","L-Serine","C3H7NO3",14.571,104.035301,37863.54
"Serum","0100 and 0200 STD Compound List negative.csv","3M6_sys_sac_neg","nega","3M6","3","sys_sac","L-Threonine","C4H9NO3",14.098,118.050842,321600.12
"Serum","0100 and 0200 STD Compound List negative.csv","3M6_sys_sac_neg","nega","3M6","3","sys_sac","L-Tyrosine","C9H11NO3",11.515,180.066528,612718.19
"Serum","0100 and 0200 STD Compound List negative.csv","3M6_sys_sac_neg","nega","3M6","3","sys_sac","Linoleic acid","C18H32O2",2.2255,279.734528,229253168
"Serum","0100 and 0200 STD Compound List negative.csv","3M6_sys_sac_neg","nega","3M6","3","sys_sac","Oleic acid","C18H34O2",2.208,282.251953,251342480
"Serum","0100 and 0200 STD Compound List negative.csv","3M6_sys_sac_neg","nega","3M6","3","sys_sac","Palmitic acid","C16H32O2",2.238,256.738342,155203568
"Serum","0100 and 0200 STD Compound List negative.csv","3M6_sys_sac_neg","nega","3M6","3","sys_sac","Pyruvic acid","C3H4O3",3.755,88.0121,17162964
"Serum","0100 and 0200 STD Compound List negative.csv","3M6_sys_sac_neg","nega","3M6","3","sys_sac","Stearic acid","C18H36O2",2.198,284.76947,71589960
"Serum","0100 and 0200 STD Compound List negative.csv","3M6_sys_sac_neg","nega","3M6","3","sys_sac","Valine","C5H11NO2",11.9165,116.570152,1808427.62
"Serum","0100 and 0200 STD Compound List negative.csv","3M6_sys_sac_neg","nega","3M6","3","sys_sac","Valine-C13N15","C5H11NO2",11.926,122.085609,653615.5
"Serum","0100 and 0200 STD Compound List negative.csv","3M6_sys_sac_neg","nega","3M6","3","sys_sac","alpha-D-Glucose","C6H12O6",12.788,180.560341,6937310
"Serum","0100 and 0200 STD Compound List negative.csv","3M7_pv_neg","nega","3M7","3","pv","3-Hydroxybutyric acid","C4H8O3",8.624,103.040039,880034.25
"Serum","0100 and 0200 STD Compound List negative.csv","3M7_pv_neg","nega","3M7","3","pv","Arachidonic acid","C20H32O2",2.1925,305.741516,10542535
"Serum","0100 and 0200 STD Compound List negative.csv","3M7_pv_neg","nega","3M7","3","pv","Citric acid","C6H8O7",15.183,191.01976,532285.44
"Serum","0100 and 0200 STD Compound List negative.csv","3M7_pv_neg","nega","3M7","3","pv","D-Tryptophan","C11H12N2O2",9.496,204.5862045,2796040.75
"Serum","0100 and 0200 STD Compound List negative.csv","3M7_pv_neg","nega","3M7","3","pv","Glycine","C2H5NO2",14.387,74.024841,191199.7
"Serum","0100 and 0200 STD Compound List negative.csv","3M7_pv_neg","nega","3M7","3","pv","L-Alanine","C3H7NO2",14.045,88.5421295,4010916
"Serum","0100 and 0200 STD Compound List negative.csv","3M7_pv_neg","nega","3M7","3","pv","L-Arginine","C6H14N4O2",18.337,173.104416,128047.78
"Serum","0100 and 0200 STD Compound List negative.csv","3M7_pv_neg","nega","3M7","3","pv","L-Asparagine","C4H8N2O3",14.548,131.045731,159678.67
"Serum","0100 and 0200 STD Compound List negative.csv","3M7_pv_neg","nega","3M7","3","pv","L-Aspartic acid","C4H7NO4",14.634,132.030319,339534.88
"Serum","0100 and 0200 STD Compound List negative.csv","3M7_pv_neg","nega","3M7","3","pv","L-Cystine","C6H12N2O4S2",15.195,239.016739,1823.77
"Serum","0100 and 0200 STD Compound List negative.csv","3M7_pv_neg","nega","3M7","3","pv","L-Glutamic acid","C5H9NO4",14.5155,146.5479125,802974.44
"Serum","0100 and 0200 STD Compound List negative.csv","3M7_pv_neg","nega","3M7","3","pv","L-Glutamine","C5H10N2O3",14.489,146.05928,5656596
"Serum","0100 and 0200 STD Compound List negative.csv","3M7_pv_neg","nega","3M7","3","pv","L-Histidine","C6H9N3O2",14.662,154.062378,394944.91
"Serum","0100 and 0200 STD Compound List negative.csv","3M7_pv_neg","nega","3M7","3","pv","L-Isoleucine","C6H13NO2",10.4725,130.5890505,4744380.5
"Serum","0100 and 0200 STD Compound List negative.csv","3M7_pv_neg","nega","3M7","3","pv","L-Lactic acid","C3H6O3",8.0075,89.526058,132917272
"Serum","0100 and 0200 STD Compound List negative.csv","3M7_pv_neg","nega","3M7","3","pv","L-Leucine","C6H13NO2",9.946,130.589043,7404873.5
"Serum","0100 and 0200 STD Compound List negative.csv","3M7_pv_neg","nega","3M7","3","pv","L-Lysine","C6H14N2O2",18.448,145.596428,1152696.38
"Serum","0100 and 0200 STD Compound List negative.csv","3M7_pv_neg","nega","3M7","3","pv","L-Methionine","C5H11NO2S",10.732,148.0439,1176231.88
"Serum","0100 and 0200 STD Compound List negative.csv","3M7_pv_neg","nega","3M7","3","pv","L-Phenylalanine","C9H11NO2",9.527,165.076538,5460811
"Serum","0100 and 0200 STD Compound List negative.csv","3M7_pv_neg","nega","3M7","3","pv","L-Proline","C5H9NO2",12.663,114.5577165,4610075.5
"Serum","0100 and 0200 STD Compound List negative.csv","3M7_pv_neg","nega","3M7","3","pv","L-Serine","C3H7NO3",14.571,104.035301,225618.95
"Serum","0100 and 0200 STD Compound List negative.csv","3M7_pv_neg","nega","3M7","3","pv","L-Threonine","C4H9NO3",14.098,118.050842,1023149.44
"Serum","0100 and 0200 STD Compound List negative.csv","3M7_pv_neg","nega","3M7","3","pv","L-Tyrosine","C9H11NO3",11.515,180.066528,2350133
"Serum","0100 and 0200 STD Compound List negative.csv","3M7_pv_neg","nega","3M7","3","pv","Linoleic acid","C18H32O2",2.2255,279.734528,31223808
"Serum","0100 and 0200 STD Compound List negative.csv","3M7_pv_neg","nega","3M7","3","pv","Oleic acid","C18H34O2",2.208,282.251953,25015050
"Serum","0100 and 0200 STD Compound List negative.csv","3M7_pv_neg","nega","3M7","3","pv","Palmitic acid","C16H32O2",2.238,256.738342,44899508
"Serum","0100 and 0200 STD Compound List negative.csv","3M7_pv_neg","nega","3M7","3","pv","Pyruvic acid","C3H4O3",3.755,88.0121,19537900
"Serum","0100 and 0200 STD Compound List negative.csv","3M7_pv_neg","nega","3M7","3","pv","Stearic acid","C18H36O2",2.198,284.76947,28645554
"Serum","0100 and 0200 STD Compound List negative.csv","3M7_pv_neg","nega","3M7","3","pv","Valine","C5H11NO2",11.9165,116.570152,2967977.75
"Serum","0100 and 0200 STD Compound List negative.csv","3M7_pv_neg","nega","3M7","3","pv","Valine-C13N15","C5H11NO2",11.926,122.085609,646900.69
"Serum","0100 and 0200 STD Compound List negative.csv","3M7_pv_neg","nega","3M7","3","pv","alpha-D-Glucose","C6H12O6",12.788,180.560341,9303533
"Serum","0100 and 0200 STD Compound List negative.csv","3M7_sys_sac_neg","nega","3M7","3","sys_sac","3-Hydroxybutyric acid","C4H8O3",8.624,103.040039,238147.5
"Serum","0100 and 0200 STD Compound List negative.csv","3M7_sys_sac_neg","nega","3M7","3","sys_sac","Arachidonic acid","C20H32O2",2.1925,305.741516,13047029
"Serum","0100 and 0200 STD Compound List negative.csv","3M7_sys_sac_neg","nega","3M7","3","sys_sac","Citric acid","C6H8O7",15.183,191.01976,76045.26
"Serum","0100 and 0200 STD Compound List negative.csv","3M7_sys_sac_neg","nega","3M7","3","sys_sac","D-Tryptophan","C11H12N2O2",9.496,204.5862045,5636124.5
"Serum","0100 and 0200 STD Compound List negative.csv","3M7_sys_sac_neg","nega","3M7","3","sys_sac","Glycine","C2H5NO2",14.387,74.024841,105612.51
"Serum","0100 and 0200 STD Compound List negative.csv","3M7_sys_sac_neg","nega","3M7","3","sys_sac","L-Alanine","C3H7NO2",14.045,88.5421295,594636.69
"Serum","0100 and 0200 STD Compound List negative.csv","3M7_sys_sac_neg","nega","3M7","3","sys_sac","L-Arginine","C6H14N4O2",18.337,173.104416,228146.95
"Serum","0100 and 0200 STD Compound List negative.csv","3M7_sys_sac_neg","nega","3M7","3","sys_sac","L-Asparagine","C4H8N2O3",14.548,131.045731,68368.02
"Serum","0100 and 0200 STD Compound List negative.csv","3M7_sys_sac_neg","nega","3M7","3","sys_sac","L-Aspartic acid","C4H7NO4",14.634,132.030319,87691.68
"Serum","0100 and 0200 STD Compound List negative.csv","3M7_sys_sac_neg","nega","3M7","3","sys_sac","L-Cystine","C6H12N2O4S2",15.195,239.016739,2992.18
"Serum","0100 and 0200 STD Compound List negative.csv","3M7_sys_sac_neg","nega","3M7","3","sys_sac","L-Glutamic acid","C5H9NO4",14.5155,146.5479125,78396
"Serum","0100 and 0200 STD Compound List negative.csv","3M7_sys_sac_neg","nega","3M7","3","sys_sac","L-Glutamine","C5H10N2O3",14.489,146.05928,1914297.62
"Serum","0100 and 0200 STD Compound List negative.csv","3M7_sys_sac_neg","nega","3M7","3","sys_sac","L-Histidine","C6H9N3O2",14.662,154.062378,176448.36
"Serum","0100 and 0200 STD Compound List negative.csv","3M7_sys_sac_neg","nega","3M7","3","sys_sac","L-Isoleucine","C6H13NO2",10.4725,130.5890505,3911878.75
"Serum","0100 and 0200 STD Compound List negative.csv","3M7_sys_sac_neg","nega","3M7","3","sys_sac","L-Lactic acid","C3H6O3",8.0075,89.526058,65364800
"Serum","0100 and 0200 STD Compound List negative.csv","3M7_sys_sac_neg","nega","3M7","3","sys_sac","L-Leucine","C6H13NO2",9.946,130.589043,7780474.5
"Serum","0100 and 0200 STD Compound List negative.csv","3M7_sys_sac_neg","nega","3M7","3","sys_sac","L-Lysine","C6H14N2O2",18.448,145.596428,1405564.12
"Serum","0100 and 0200 STD Compound List negative.csv","3M7_sys_sac_neg","nega","3M7","3","sys_sac","L-Methionine","C5H11NO2S",10.732,148.0439,1153454.5
"Serum","0100 and 0200 STD Compound List negative.csv","3M7_sys_sac_neg","nega","3M7","3","sys_sac","L-Phenylalanine","C9H11NO2",9.527,165.076538,4368544.5
"Serum","0100 and 0200 STD Compound List negative.csv","3M7_sys_sac_neg","nega","3M7","3","sys_sac","L-Proline","C5H9NO2",12.663,114.5577165,2371685.5
"Serum","0100 and 0200 STD Compound List negative.csv","3M7_sys_sac_neg","nega","3M7","3","sys_sac","L-Serine","C3H7NO3",14.571,104.035301,75194.21
"Serum","0100 and 0200 STD Compound List negative.csv","3M7_sys_sac_neg","nega","3M7","3","sys_sac","L-Threonine","C4H9NO3",14.098,118.050842,425807.72
"Serum","0100 and 0200 STD Compound List negative.csv","3M7_sys_sac_neg","nega","3M7","3","sys_sac","L-Tyrosine","C9H11NO3",11.515,180.066528,1646912.38
"Serum","0100 and 0200 STD Compound List negative.csv","3M7_sys_sac_neg","nega","3M7","3","sys_sac","Linoleic acid","C18H32O2",2.2255,279.734528,60214868
"Serum","0100 and 0200 STD Compound List negative.csv","3M7_sys_sac_neg","nega","3M7","3","sys_sac","Oleic acid","C18H34O2",2.208,282.251953,86795464
"Serum","0100 and 0200 STD Compound List negative.csv","3M7_sys_sac_neg","nega","3M7","3","sys_sac","Palmitic acid","C16H32O2",2.238,256.738342,98388328
"Serum","0100 and 0200 STD Compound List negative.csv","3M7_sys_sac_neg","nega","3M7","3","sys_sac","Pyruvic acid","C3H4O3",3.755,88.0121,31119474
"Serum","0100 and 0200 STD Compound List negative.csv","3M7_sys_sac_neg","nega","3M7","3","sys_sac","Stearic acid","C18H36O2",2.198,284.76947,62504452
"Serum","0100 and 0200 STD Compound List negative.csv","3M7_sys_sac_neg","nega","3M7","3","sys_sac","Valine","C5H11NO2",11.9165,116.570152,3326466.75
"Serum","0100 and 0200 STD Compound List negative.csv","3M7_sys_sac_neg","nega","3M7","3","sys_sac","Valine-C13N15","C5H11NO2",11.926,122.085609,680932.75
"Serum","0100 and 0200 STD Compound List negative.csv","3M7_sys_sac_neg","nega","3M7","3","sys_sac","alpha-D-Glucose","C6H12O6",12.788,180.560341,7885392
"Serum","0100 and 0200 STD Compound List negative.csv","4M1_pv_neg","nega","4M1","4","pv","3-Hydroxybutyric acid","C4H8O3",8.624,103.040039,1553320.38
"Serum","0100 and 0200 STD Compound List negative.csv","4M1_pv_neg","nega","4M1","4","pv","Arachidonic acid","C20H32O2",2.1925,305.741516,38601228
"Serum","0100 and 0200 STD Compound List negative.csv","4M1_pv_neg","nega","4M1","4","pv","Citric acid","C6H8O7",15.183,191.01976,99807.48
"Serum","0100 and 0200 STD Compound List negative.csv","4M1_pv_neg","nega","4M1","4","pv","D-Tryptophan","C11H12N2O2",9.496,204.5862045,2220339.25
"Serum","0100 and 0200 STD Compound List negative.csv","4M1_pv_neg","nega","4M1","4","pv","Glycine","C2H5NO2",14.387,74.024841,482998.16
"Serum","0100 and 0200 STD Compound List negative.csv","4M1_pv_neg","nega","4M1","4","pv","L-Alanine","C3H7NO2",14.045,88.5421295,4526731
"Serum","0100 and 0200 STD Compound List negative.csv","4M1_pv_neg","nega","4M1","4","pv","L-Arginine","C6H14N4O2",18.337,173.104416,291437.47
"Serum","0100 and 0200 STD Compound List negative.csv","4M1_pv_neg","nega","4M1","4","pv","L-Asparagine","C4H8N2O3",14.548,131.045731,232814.23
"Serum","0100 and 0200 STD Compound List negative.csv","4M1_pv_neg","nega","4M1","4","pv","L-Aspartic acid","C4H7NO4",14.634,132.030319,101900.5
"Serum","0100 and 0200 STD Compound List negative.csv","4M1_pv_neg","nega","4M1","4","pv","L-Cystine","C6H12N2O4S2",15.195,239.016739,0
"Serum","0100 and 0200 STD Compound List negative.csv","4M1_pv_neg","nega","4M1","4","pv","L-Glutamic acid","C5H9NO4",14.5155,146.5479125,744345.69
"Serum","0100 and 0200 STD Compound List negative.csv","4M1_pv_neg","nega","4M1","4","pv","L-Glutamine","C5H10N2O3",14.489,146.05928,4268602.5
"Serum","0100 and 0200 STD Compound List negative.csv","4M1_pv_neg","nega","4M1","4","pv","L-Histidine","C6H9N3O2",14.662,154.062378,129079.35
"Serum","0100 and 0200 STD Compound List negative.csv","4M1_pv_neg","nega","4M1","4","pv","L-Isoleucine","C6H13NO2",10.4725,130.5890505,4381556.5
"Serum","0100 and 0200 STD Compound List negative.csv","4M1_pv_neg","nega","4M1","4","pv","L-Lactic acid","C3H6O3",8.0075,89.526058,132593096
"Serum","0100 and 0200 STD Compound List negative.csv","4M1_pv_neg","nega","4M1","4","pv","L-Leucine","C6H13NO2",9.946,130.589043,6355324.5
"Serum","0100 and 0200 STD Compound List negative.csv","4M1_pv_neg","nega","4M1","4","pv","L-Lysine","C6H14N2O2",18.448,145.596428,904363.19
"Serum","0100 and 0200 STD Compound List negative.csv","4M1_pv_neg","nega","4M1","4","pv","L-Methionine","C5H11NO2S",10.732,148.0439,800400.81
"Serum","0100 and 0200 STD Compound List negative.csv","4M1_pv_neg","nega","4M1","4","pv","L-Phenylalanine","C9H11NO2",9.527,165.076538,3534264
"Serum","0100 and 0200 STD Compound List negative.csv","4M1_pv_neg","nega","4M1","4","pv","L-Proline","C5H9NO2",12.663,114.5577165,2450991.25
"Serum","0100 and 0200 STD Compound List negative.csv","4M1_pv_neg","nega","4M1","4","pv","L-Serine","C3H7NO3",14.571,104.035301,344366.62
"Serum","0100 and 0200 STD Compound List negative.csv","4M1_pv_neg","nega","4M1","4","pv","L-Threonine","C4H9NO3",14.098,118.050842,1520344.38
"Serum","0100 and 0200 STD Compound List negative.csv","4M1_pv_neg","nega","4M1","4","pv","L-Tyrosine","C9H11NO3",11.515,180.066528,985648.94
"Serum","0100 and 0200 STD Compound List negative.csv","4M1_pv_neg","nega","4M1","4","pv","Linoleic acid","C18H32O2",2.2255,279.734528,171027728
"Serum","0100 and 0200 STD Compound List negative.csv","4M1_pv_neg","nega","4M1","4","pv","Oleic acid","C18H34O2",2.208,282.251953,128604072
"Serum","0100 and 0200 STD Compound List negative.csv","4M1_pv_neg","nega","4M1","4","pv","Palmitic acid","C16H32O2",2.238,256.738342,207565696
"Serum","0100 and 0200 STD Compound List negative.csv","4M1_pv_neg","nega","4M1","4","pv","Pyruvic acid","C3H4O3",3.755,88.0121,12553207
"Serum","0100 and 0200 STD Compound List negative.csv","4M1_pv_neg","nega","4M1","4","pv","Stearic acid","C18H36O2",2.198,284.76947,113774440
"Serum","0100 and 0200 STD Compound List negative.csv","4M1_pv_neg","nega","4M1","4","pv","Valine","C5H11NO2",11.9165,116.570152,2654101.75
"Serum","0100 and 0200 STD Compound List negative.csv","4M1_pv_neg","nega","4M1","4","pv","Valine-C13N15","C5H11NO2",11.926,122.085609,638207
"Serum","0100 and 0200 STD Compound List negative.csv","4M1_pv_neg","nega","4M1","4","pv","alpha-D-Glucose","C6H12O6",12.788,180.560341,12938088
"Serum","0100 and 0200 STD Compound List negative.csv","4M2_pv_neg","nega","4M2","4","pv","3-Hydroxybutyric acid","C4H8O3",8.624,103.040039,847123.31
"Serum","0100 and 0200 STD Compound List negative.csv","4M2_pv_neg","nega","4M2","4","pv","Arachidonic acid","C20H32O2",2.1925,305.741516,26902778
"Serum","0100 and 0200 STD Compound List negative.csv","4M2_pv_neg","nega","4M2","4","pv","Citric acid","C6H8O7",15.183,191.01976,326979.09
"Serum","0100 and 0200 STD Compound List negative.csv","4M2_pv_neg","nega","4M2","4","pv","D-Tryptophan","C11H12N2O2",9.496,204.5862045,3503560.25
"Serum","0100 and 0200 STD Compound List negative.csv","4M2_pv_neg","nega","4M2","4","pv","Glycine","C2H5NO2",14.387,74.024841,264599.91
"Serum","0100 and 0200 STD Compound List negative.csv","4M2_pv_neg","nega","4M2","4","pv","L-Alanine","C3H7NO2",14.045,88.5421295,3831969
"Serum","0100 and 0200 STD Compound List negative.csv","4M2_pv_neg","nega","4M2","4","pv","L-Arginine","C6H14N4O2",18.337,173.104416,590343.19
"Serum","0100 and 0200 STD Compound List negative.csv","4M2_pv_neg","nega","4M2","4","pv","L-Asparagine","C4H8N2O3",14.548,131.045731,284302.91
"Serum","0100 and 0200 STD Compound List negative.csv","4M2_pv_neg","nega","4M2","4","pv","L-Aspartic acid","C4H7NO4",14.634,132.030319,88513.37
"Serum","0100 and 0200 STD Compound List negative.csv","4M2_pv_neg","nega","4M2","4","pv","L-Cystine","C6H12N2O4S2",15.195,239.016739,0
"Serum","0100 and 0200 STD Compound List negative.csv","4M2_pv_neg","nega","4M2","4","pv","L-Glutamic acid","C5H9NO4",14.5155,146.5479125,501599.91
"Serum","0100 and 0200 STD Compound List negative.csv","4M2_pv_neg","nega","4M2","4","pv","L-Glutamine","C5H10N2O3",14.489,146.05928,3335092
"Serum","0100 and 0200 STD Compound List negative.csv","4M2_pv_neg","nega","4M2","4","pv","L-Histidine","C6H9N3O2",14.662,154.062378,374884.62
"Serum","0100 and 0200 STD Compound List negative.csv","4M2_pv_neg","nega","4M2","4","pv","L-Isoleucine","C6H13NO2",10.4725,130.5890505,4047463.25
"Serum","0100 and 0200 STD Compound List negative.csv","4M2_pv_neg","nega","4M2","4","pv","L-Lactic acid","C3H6O3",8.0075,89.526058,140973760
"Serum","0100 and 0200 STD Compound List negative.csv","4M2_pv_neg","nega","4M2","4","pv","L-Leucine","C6H13NO2",9.946,130.589043,6118318
"Serum","0100 and 0200 STD Compound List negative.csv","4M2_pv_neg","nega","4M2","4","pv","L-Lysine","C6H14N2O2",18.448,145.596428,803659.06
"Serum","0100 and 0200 STD Compound List negative.csv","4M2_pv_neg","nega","4M2","4","pv","L-Methionine","C5H11NO2S",10.732,148.0439,1353324.88
"Serum","0100 and 0200 STD Compound List negative.csv","4M2_pv_neg","nega","4M2","4","pv","L-Phenylalanine","C9H11NO2",9.527,165.076538,3434644.75
"Serum","0100 and 0200 STD Compound List negative.csv","4M2_pv_neg","nega","4M2","4","pv","L-Proline","C5H9NO2",12.663,114.5577165,3014436
"Serum","0100 and 0200 STD Compound List negative.csv","4M2_pv_neg","nega","4M2","4","pv","L-Serine","C3H7NO3",14.571,104.035301,347856.09
"Serum","0100 and 0200 STD Compound List negative.csv","4M2_pv_neg","nega","4M2","4","pv","L-Threonine","C4H9NO3",14.098,118.050842,1257090.25
"Serum","0100 and 0200 STD Compound List negative.csv","4M2_pv_neg","nega","4M2","4","pv","L-Tyrosine","C9H11NO3",11.515,180.066528,1875695.5
"Serum","0100 and 0200 STD Compound List negative.csv","4M2_pv_neg","nega","4M2","4","pv","Linoleic acid","C18H32O2",2.2255,279.734528,125187296
"Serum","0100 and 0200 STD Compound List negative.csv","4M2_pv_neg","nega","4M2","4","pv","Oleic acid","C18H34O2",2.208,282.251953,85521288
"Serum","0100 and 0200 STD Compound List negative.csv","4M2_pv_neg","nega","4M2","4","pv","Palmitic acid","C16H32O2",2.238,256.738342,97863160
"Serum","0100 and 0200 STD Compound List negative.csv","4M2_pv_neg","nega","4M2","4","pv","Pyruvic acid","C3H4O3",3.755,88.0121,14353263
"Serum","0100 and 0200 STD Compound List negative.csv","4M2_pv_neg","nega","4M2","4","pv","Stearic acid","C18H36O2",2.198,284.76947,52237972
"Serum","0100 and 0200 STD Compound List negative.csv","4M2_pv_neg","nega","4M2","4","pv","Valine","C5H11NO2",11.9165,116.570152,2947074
"Serum","0100 and 0200 STD Compound List negative.csv","4M2_pv_neg","nega","4M2","4","pv","Valine-C13N15","C5H11NO2",11.926,122.085609,700540.31
"Serum","0100 and 0200 STD Compound List negative.csv","4M2_pv_neg","nega","4M2","4","pv","alpha-D-Glucose","C6H12O6",12.788,180.560341,10028423
"Serum","0100 and 0200 STD Compound List negative.csv","4M2_sys_sac_neg","nega","4M2","4","sys_sac","3-Hydroxybutyric acid","C4H8O3",8.624,103.040039,175648.06
"Serum","0100 and 0200 STD Compound List negative.csv","4M2_sys_sac_neg","nega","4M2","4","sys_sac","Arachidonic acid","C20H32O2",2.1925,305.741516,25307050
"Serum","0100 and 0200 STD Compound List negative.csv","4M2_sys_sac_neg","nega","4M2","4","sys_sac","Citric acid","C6H8O7",15.183,191.01976,46018.36
"Serum","0100 and 0200 STD Compound List negative.csv","4M2_sys_sac_neg","nega","4M2","4","sys_sac","D-Tryptophan","C11H12N2O2",9.496,204.5862045,5842718.5
"Serum","0100 and 0200 STD Compound List negative.csv","4M2_sys_sac_neg","nega","4M2","4","sys_sac","Glycine","C2H5NO2",14.387,74.024841,311290.84
"Serum","0100 and 0200 STD Compound List negative.csv","4M2_sys_sac_neg","nega","4M2","4","sys_sac","L-Alanine","C3H7NO2",14.045,88.5421295,1979369.5
"Serum","0100 and 0200 STD Compound List negative.csv","4M2_sys_sac_neg","nega","4M2","4","sys_sac","L-Arginine","C6H14N4O2",18.337,173.104416,363300.72
"Serum","0100 and 0200 STD Compound List negative.csv","4M2_sys_sac_neg","nega","4M2","4","sys_sac","L-Asparagine","C4H8N2O3",14.548,131.045731,121959
"Serum","0100 and 0200 STD Compound List negative.csv","4M2_sys_sac_neg","nega","4M2","4","sys_sac","L-Aspartic acid","C4H7NO4",14.634,132.030319,208170.62
"Serum","0100 and 0200 STD Compound List negative.csv","4M2_sys_sac_neg","nega","4M2","4","sys_sac","L-Cystine","C6H12N2O4S2",15.195,239.016739,1286.95
"Serum","0100 and 0200 STD Compound List negative.csv","4M2_sys_sac_neg","nega","4M2","4","sys_sac","L-Glutamic acid","C5H9NO4",14.5155,146.5479125,168922
"Serum","0100 and 0200 STD Compound List negative.csv","4M2_sys_sac_neg","nega","4M2","4","sys_sac","L-Glutamine","C5H10N2O3",14.489,146.05928,3077176
"Serum","0100 and 0200 STD Compound List negative.csv","4M2_sys_sac_neg","nega","4M2","4","sys_sac","L-Histidine","C6H9N3O2",14.662,154.062378,468673
"Serum","0100 and 0200 STD Compound List negative.csv","4M2_sys_sac_neg","nega","4M2","4","sys_sac","L-Isoleucine","C6H13NO2",10.4725,130.5890505,2779384.25
"Serum","0100 and 0200 STD Compound List negative.csv","4M2_sys_sac_neg","nega","4M2","4","sys_sac","L-Lactic acid","C3H6O3",8.0075,89.526058,109172264
"Serum","0100 and 0200 STD Compound List negative.csv","4M2_sys_sac_neg","nega","4M2","4","sys_sac","L-Leucine","C6H13NO2",9.946,130.589043,4231507.5
"Serum","0100 and 0200 STD Compound List negative.csv","4M2_sys_sac_neg","nega","4M2","4","sys_sac","L-Lysine","C6H14N2O2",18.448,145.596428,525021.69
"Serum","0100 and 0200 STD Compound List negative.csv","4M2_sys_sac_neg","nega","4M2","4","sys_sac","L-Methionine","C5H11NO2S",10.732,148.0439,1160759.5
"Serum","0100 and 0200 STD Compound List negative.csv","4M2_sys_sac_neg","nega","4M2","4","sys_sac","L-Phenylalanine","C9H11NO2",9.527,165.076538,3540925.75
"Serum","0100 and 0200 STD Compound List negative.csv","4M2_sys_sac_neg","nega","4M2","4","sys_sac","L-Proline","C5H9NO2",12.663,114.5577165,2044674.62
"Serum","0100 and 0200 STD Compound List negative.csv","4M2_sys_sac_neg","nega","4M2","4","sys_sac","L-Serine","C3H7NO3",14.571,104.035301,147938.33
"Serum","0100 and 0200 STD Compound List negative.csv","4M2_sys_sac_neg","nega","4M2","4","sys_sac","L-Threonine","C4H9NO3",14.098,118.050842,911260
"Serum","0100 and 0200 STD Compound List negative.csv","4M2_sys_sac_neg","nega","4M2","4","sys_sac","L-Tyrosine","C9H11NO3",11.515,180.066528,1726770.38
"Serum","0100 and 0200 STD Compound List negative.csv","4M2_sys_sac_neg","nega","4M2","4","sys_sac","Linoleic acid","C18H32O2",2.2255,279.734528,152163312
"Serum","0100 and 0200 STD Compound List negative.csv","4M2_sys_sac_neg","nega","4M2","4","sys_sac","Oleic acid","C18H34O2",2.208,282.251953,124388864
"Serum","0100 and 0200 STD Compound List negative.csv","4M2_sys_sac_neg","nega","4M2","4","sys_sac","Palmitic acid","C16H32O2",2.238,256.738342,109484416
"Serum","0100 and 0200 STD Compound List negative.csv","4M2_sys_sac_neg","nega","4M2","4","sys_sac","Pyruvic acid","C3H4O3",3.755,88.0121,18660318
"Serum","0100 and 0200 STD Compound List negative.csv","4M2_sys_sac_neg","nega","4M2","4","sys_sac","Stearic acid","C18H36O2",2.198,284.76947,62298932
"Serum","0100 and 0200 STD Compound List negative.csv","4M2_sys_sac_neg","nega","4M2","4","sys_sac","Valine","C5H11NO2",11.9165,116.570152,2184317.25
"Serum","0100 and 0200 STD Compound List negative.csv","4M2_sys_sac_neg","nega","4M2","4","sys_sac","Valine-C13N15","C5H11NO2",11.926,122.085609,671486.5
"Serum","0100 and 0200 STD Compound List negative.csv","4M2_sys_sac_neg","nega","4M2","4","sys_sac","alpha-D-Glucose","C6H12O6",12.788,180.560341,7739870.5
"Serum","0100 and 0200 STD Compound List negative.csv","4M3_pv_neg","nega","4M3","4","pv","3-Hydroxybutyric acid","C4H8O3",8.624,103.040039,672275.94
"Serum","0100 and 0200 STD Compound List negative.csv","4M3_pv_neg","nega","4M3","4","pv","Arachidonic acid","C20H32O2",2.1925,305.741516,14558085
"Serum","0100 and 0200 STD Compound List negative.csv","4M3_pv_neg","nega","4M3","4","pv","Citric acid","C6H8O7",15.183,191.01976,4285.24
"Serum","0100 and 0200 STD Compound List negative.csv","4M3_pv_neg","nega","4M3","4","pv","D-Tryptophan","C11H12N2O2",9.496,204.5862045,2178076.75
"Serum","0100 and 0200 STD Compound List negative.csv","4M3_pv_neg","nega","4M3","4","pv","Glycine","C2H5NO2",14.387,74.024841,349258.22
"Serum","0100 and 0200 STD Compound List negative.csv","4M3_pv_neg","nega","4M3","4","pv","L-Alanine","C3H7NO2",14.045,88.5421295,4870065
"Serum","0100 and 0200 STD Compound List negative.csv","4M3_pv_neg","nega","4M3","4","pv","L-Arginine","C6H14N4O2",18.337,173.104416,240609.73
"Serum","0100 and 0200 STD Compound List negative.csv","4M3_pv_neg","nega","4M3","4","pv","L-Asparagine","C4H8N2O3",14.548,131.045731,206635.92
"Serum","0100 and 0200 STD Compound List negative.csv","4M3_pv_neg","nega","4M3","4","pv","L-Aspartic acid","C4H7NO4",14.634,132.030319,52849.71
"Serum","0100 and 0200 STD Compound List negative.csv","4M3_pv_neg","nega","4M3","4","pv","L-Cystine","C6H12N2O4S2",15.195,239.016739,0
"Serum","0100 and 0200 STD Compound List negative.csv","4M3_pv_neg","nega","4M3","4","pv","L-Glutamic acid","C5H9NO4",14.5155,146.5479125,567864.06
"Serum","0100 and 0200 STD Compound List negative.csv","4M3_pv_neg","nega","4M3","4","pv","L-Glutamine","C5H10N2O3",14.489,146.05928,3633795.75
"Serum","0100 and 0200 STD Compound List negative.csv","4M3_pv_neg","nega","4M3","4","pv","L-Histidine","C6H9N3O2",14.662,154.062378,73984.41
"Serum","0100 and 0200 STD Compound List negative.csv","4M3_pv_neg","nega","4M3","4","pv","L-Isoleucine","C6H13NO2",10.4725,130.5890505,4706605
"Serum","0100 and 0200 STD Compound List negative.csv","4M3_pv_neg","nega","4M3","4","pv","L-Lactic acid","C3H6O3",8.0075,89.526058,95519256
"Serum","0100 and 0200 STD Compound List negative.csv","4M3_pv_neg","nega","4M3","4","pv","L-Leucine","C6H13NO2",9.946,130.589043,6536764.5
"Serum","0100 and 0200 STD Compound List negative.csv","4M3_pv_neg","nega","4M3","4","pv","L-Lysine","C6H14N2O2",18.448,145.596428,682803.81
"Serum","0100 and 0200 STD Compound List negative.csv","4M3_pv_neg","nega","4M3","4","pv","L-Methionine","C5H11NO2S",10.732,148.0439,1302592.88
"Serum","0100 and 0200 STD Compound List negative.csv","4M3_pv_neg","nega","4M3","4","pv","L-Phenylalanine","C9H11NO2",9.527,165.076538,3223733.75
"Serum","0100 and 0200 STD Compound List negative.csv","4M3_pv_neg","nega","4M3","4","pv","L-Proline","C5H9NO2",12.663,114.5577165,3771637.75
"Serum","0100 and 0200 STD Compound List negative.csv","4M3_pv_neg","nega","4M3","4","pv","L-Serine","C3H7NO3",14.571,104.035301,286662.97
"Serum","0100 and 0200 STD Compound List negative.csv","4M3_pv_neg","nega","4M3","4","pv","L-Threonine","C4H9NO3",14.098,118.050842,1554624.5
"Serum","0100 and 0200 STD Compound List negative.csv","4M3_pv_neg","nega","4M3","4","pv","L-Tyrosine","C9H11NO3",11.515,180.066528,1391507.62
"Serum","0100 and 0200 STD Compound List negative.csv","4M3_pv_neg","nega","4M3","4","pv","Linoleic acid","C18H32O2",2.2255,279.734528,49807556
"Serum","0100 and 0200 STD Compound List negative.csv","4M3_pv_neg","nega","4M3","4","pv","Oleic acid","C18H34O2",2.208,282.251953,41781324
"Serum","0100 and 0200 STD Compound List negative.csv","4M3_pv_neg","nega","4M3","4","pv","Palmitic acid","C16H32O2",2.238,256.738342,62448948
"Serum","0100 and 0200 STD Compound List negative.csv","4M3_pv_neg","nega","4M3","4","pv","Pyruvic acid","C3H4O3",3.755,88.0121,11332811
"Serum","0100 and 0200 STD Compound List negative.csv","4M3_pv_neg","nega","4M3","4","pv","Stearic acid","C18H36O2",2.198,284.76947,39318588
"Serum","0100 and 0200 STD Compound List negative.csv","4M3_pv_neg","nega","4M3","4","pv","Valine","C5H11NO2",11.9165,116.570152,4004089.25
"Serum","0100 and 0200 STD Compound List negative.csv","4M3_pv_neg","nega","4M3","4","pv","Valine-C13N15","C5H11NO2",11.926,122.085609,808676.56
"Serum","0100 and 0200 STD Compound List negative.csv","4M3_pv_neg","nega","4M3","4","pv","alpha-D-Glucose","C6H12O6",12.788,180.560341,11345516
"Serum","0100 and 0200 STD Compound List negative.csv","4M3_sys_sac_neg","nega","4M3","4","sys_sac","3-Hydroxybutyric acid","C4H8O3",8.624,103.040039,237136.83
"Serum","0100 and 0200 STD Compound List negative.csv","4M3_sys_sac_neg","nega","4M3","4","sys_sac","Arachidonic acid","C20H32O2",2.1925,305.741516,25137584
"Serum","0100 and 0200 STD Compound List negative.csv","4M3_sys_sac_neg","nega","4M3","4","sys_sac","Citric acid","C6H8O7",15.183,191.01976,67815.12
"Serum","0100 and 0200 STD Compound List negative.csv","4M3_sys_sac_neg","nega","4M3","4","sys_sac","D-Tryptophan","C11H12N2O2",9.496,204.5862045,5942087.5
"Serum","0100 and 0200 STD Compound List negative.csv","4M3_sys_sac_neg","nega","4M3","4","sys_sac","Glycine","C2H5NO2",14.387,74.024841,412187.09
"Serum","0100 and 0200 STD Compound List negative.csv","4M3_sys_sac_neg","nega","4M3","4","sys_sac","L-Alanine","C3H7NO2",14.045,88.5421295,2121362
"Serum","0100 and 0200 STD Compound List negative.csv","4M3_sys_sac_neg","nega","4M3","4","sys_sac","L-Arginine","C6H14N4O2",18.337,173.104416,348730.72
"Serum","0100 and 0200 STD Compound List negative.csv","4M3_sys_sac_neg","nega","4M3","4","sys_sac","L-Asparagine","C4H8N2O3",14.548,131.045731,192575.83
"Serum","0100 and 0200 STD Compound List negative.csv","4M3_sys_sac_neg","nega","4M3","4","sys_sac","L-Aspartic acid","C4H7NO4",14.634,132.030319,320173.16
"Serum","0100 and 0200 STD Compound List negative.csv","4M3_sys_sac_neg","nega","4M3","4","sys_sac","L-Cystine","C6H12N2O4S2",15.195,239.016739,2855.87
"Serum","0100 and 0200 STD Compound List negative.csv","4M3_sys_sac_neg","nega","4M3","4","sys_sac","L-Glutamic acid","C5H9NO4",14.5155,146.5479125,175254.86
"Serum","0100 and 0200 STD Compound List negative.csv","4M3_sys_sac_neg","nega","4M3","4","sys_sac","L-Glutamine","C5H10N2O3",14.489,146.05928,3779261.25
"Serum","0100 and 0200 STD Compound List negative.csv","4M3_sys_sac_neg","nega","4M3","4","sys_sac","L-Histidine","C6H9N3O2",14.662,154.062378,530670.5
"Serum","0100 and 0200 STD Compound List negative.csv","4M3_sys_sac_neg","nega","4M3","4","sys_sac","L-Isoleucine","C6H13NO2",10.4725,130.5890505,3511224
"Serum","0100 and 0200 STD Compound List negative.csv","4M3_sys_sac_neg","nega","4M3","4","sys_sac","L-Lactic acid","C3H6O3",8.0075,89.526058,120227544
"Serum","0100 and 0200 STD Compound List negative.csv","4M3_sys_sac_neg","nega","4M3","4","sys_sac","L-Leucine","C6H13NO2",9.946,130.589043,6122078.5
"Serum","0100 and 0200 STD Compound List negative.csv","4M3_sys_sac_neg","nega","4M3","4","sys_sac","L-Lysine","C6H14N2O2",18.448,145.596428,593127.31
"Serum","0100 and 0200 STD Compound List negative.csv","4M3_sys_sac_neg","nega","4M3","4","sys_sac","L-Methionine","C5H11NO2S",10.732,148.0439,1308619.25
"Serum","0100 and 0200 STD Compound List negative.csv","4M3_sys_sac_neg","nega","4M3","4","sys_sac","L-Phenylalanine","C9H11NO2",9.527,165.076538,3842948.75
"Serum","0100 and 0200 STD Compound List negative.csv","4M3_sys_sac_neg","nega","4M3","4","sys_sac","L-Proline","C5H9NO2",12.663,114.5577165,2182177.75
"Serum","0100 and 0200 STD Compound List negative.csv","4M3_sys_sac_neg","nega","4M3","4","sys_sac","L-Serine","C3H7NO3",14.571,104.035301,233870.45
"Serum","0100 and 0200 STD Compound List negative.csv","4M3_sys_sac_neg","nega","4M3","4","sys_sac","L-Threonine","C4H9NO3",14.098,118.050842,1038556.5
"Serum","0100 and 0200 STD Compound List negative.csv","4M3_sys_sac_neg","nega","4M3","4","sys_sac","L-Tyrosine","C9H11NO3",11.515,180.066528,2264951.25
"Serum","0100 and 0200 STD Compound List negative.csv","4M3_sys_sac_neg","nega","4M3","4","sys_sac","Linoleic acid","C18H32O2",2.2255,279.734528,110764704
"Serum","0100 and 0200 STD Compound List negative.csv","4M3_sys_sac_neg","nega","4M3","4","sys_sac","Oleic acid","C18H34O2",2.208,282.251953,103139512
"Serum","0100 and 0200 STD Compound List negative.csv","4M3_sys_sac_neg","nega","4M3","4","sys_sac","Palmitic acid","C16H32O2",2.238,256.738342,104468248
"Serum","0100 and 0200 STD Compound List negative.csv","4M3_sys_sac_neg","nega","4M3","4","sys_sac","Pyruvic acid","C3H4O3",3.755,88.0121,22118946
"Serum","0100 and 0200 STD Compound List negative.csv","4M3_sys_sac_neg","nega","4M3","4","sys_sac","Stearic acid","C18H36O2",2.198,284.76947,59161396
"Serum","0100 and 0200 STD Compound List negative.csv","4M3_sys_sac_neg","nega","4M3","4","sys_sac","Valine","C5H11NO2",11.9165,116.570152,2975916.25
"Serum","0100 and 0200 STD Compound List negative.csv","4M3_sys_sac_neg","nega","4M3","4","sys_sac","Valine-C13N15","C5H11NO2",11.926,122.085609,719284
"Serum","0100 and 0200 STD Compound List negative.csv","4M3_sys_sac_neg","nega","4M3","4","sys_sac","alpha-D-Glucose","C6H12O6",12.788,180.560341,9717565
"Serum","0100 and 0200 STD Compound List negative.csv","4M4_pv_neg","nega","4M4","4","pv","3-Hydroxybutyric acid","C4H8O3",8.624,103.040039,761612
"Serum","0100 and 0200 STD Compound List negative.csv","4M4_pv_neg","nega","4M4","4","pv","Arachidonic acid","C20H32O2",2.1925,305.741516,15115825
"Serum","0100 and 0200 STD Compound List negative.csv","4M4_pv_neg","nega","4M4","4","pv","Citric acid","C6H8O7",15.183,191.01976,102638.84
"Serum","0100 and 0200 STD Compound List negative.csv","4M4_pv_neg","nega","4M4","4","pv","D-Tryptophan","C11H12N2O2",9.496,204.5862045,3074842
"Serum","0100 and 0200 STD Compound List negative.csv","4M4_pv_neg","nega","4M4","4","pv","Glycine","C2H5NO2",14.387,74.024841,281792.62
"Serum","0100 and 0200 STD Compound List negative.csv","4M4_pv_neg","nega","4M4","4","pv","L-Alanine","C3H7NO2",14.045,88.5421295,3781364
"Serum","0100 and 0200 STD Compound List negative.csv","4M4_pv_neg","nega","4M4","4","pv","L-Arginine","C6H14N4O2",18.337,173.104416,396682.78
"Serum","0100 and 0200 STD Compound List negative.csv","4M4_pv_neg","nega","4M4","4","pv","L-Asparagine","C4H8N2O3",14.548,131.045731,212422.38
"Serum","0100 and 0200 STD Compound List negative.csv","4M4_pv_neg","nega","4M4","4","pv","L-Aspartic acid","C4H7NO4",14.634,132.030319,87830.02
"Serum","0100 and 0200 STD Compound List negative.csv","4M4_pv_neg","nega","4M4","4","pv","L-Cystine","C6H12N2O4S2",15.195,239.016739,1530.91
"Serum","0100 and 0200 STD Compound List negative.csv","4M4_pv_neg","nega","4M4","4","pv","L-Glutamic acid","C5H9NO4",14.5155,146.5479125,599736.44
"Serum","0100 and 0200 STD Compound List negative.csv","4M4_pv_neg","nega","4M4","4","pv","L-Glutamine","C5H10N2O3",14.489,146.05928,3194545.25
"Serum","0100 and 0200 STD Compound List negative.csv","4M4_pv_neg","nega","4M4","4","pv","L-Histidine","C6H9N3O2",14.662,154.062378,112592.31
"Serum","0100 and 0200 STD Compound List negative.csv","4M4_pv_neg","nega","4M4","4","pv","L-Isoleucine","C6H13NO2",10.4725,130.5890505,3320011
"Serum","0100 and 0200 STD Compound List negative.csv","4M4_pv_neg","nega","4M4","4","pv","L-Lactic acid","C3H6O3",8.0075,89.526058,93513856
"Serum","0100 and 0200 STD Compound List negative.csv","4M4_pv_neg","nega","4M4","4","pv","L-Leucine","C6H13NO2",9.946,130.589043,4525310.5
"Serum","0100 and 0200 STD Compound List negative.csv","4M4_pv_neg","nega","4M4","4","pv","L-Lysine","C6H14N2O2",18.448,145.596428,314792.59
"Serum","0100 and 0200 STD Compound List negative.csv","4M4_pv_neg","nega","4M4","4","pv","L-Methionine","C5H11NO2S",10.732,148.0439,1308098.88
"Serum","0100 and 0200 STD Compound List negative.csv","4M4_pv_neg","nega","4M4","4","pv","L-Phenylalanine","C9H11NO2",9.527,165.076538,3285996.25
"Serum","0100 and 0200 STD Compound List negative.csv","4M4_pv_neg","nega","4M4","4","pv","L-Proline","C5H9NO2",12.663,114.5577165,2410821.75
"Serum","0100 and 0200 STD Compound List negative.csv","4M4_pv_neg","nega","4M4","4","pv","L-Serine","C3H7NO3",14.571,104.035301,301086.66
"Serum","0100 and 0200 STD Compound List negative.csv","4M4_pv_neg","nega","4M4","4","pv","L-Threonine","C4H9NO3",14.098,118.050842,1285515.75
"Serum","0100 and 0200 STD Compound List negative.csv","4M4_pv_neg","nega","4M4","4","pv","L-Tyrosine","C9H11NO3",11.515,180.066528,1938097.38
"Serum","0100 and 0200 STD Compound List negative.csv","4M4_pv_neg","nega","4M4","4","pv","Linoleic acid","C18H32O2",2.2255,279.734528,89364360
"Serum","0100 and 0200 STD Compound List negative.csv","4M4_pv_neg","nega","4M4","4","pv","Oleic acid","C18H34O2",2.208,282.251953,70773688
"Serum","0100 and 0200 STD Compound List negative.csv","4M4_pv_neg","nega","4M4","4","pv","Palmitic acid","C16H32O2",2.238,256.738342,75739168
"Serum","0100 and 0200 STD Compound List negative.csv","4M4_pv_neg","nega","4M4","4","pv","Pyruvic acid","C3H4O3",3.755,88.0121,14033368
"Serum","0100 and 0200 STD Compound List negative.csv","4M4_pv_neg","nega","4M4","4","pv","Stearic acid","C18H36O2",2.198,284.76947,37290852
"Serum","0100 and 0200 STD Compound List negative.csv","4M4_pv_neg","nega","4M4","4","pv","Valine","C5H11NO2",11.9165,116.570152,2590011.25
"Serum","0100 and 0200 STD Compound List negative.csv","4M4_pv_neg","nega","4M4","4","pv","Valine-C13N15","C5H11NO2",11.926,122.085609,666683.69
"Serum","0100 and 0200 STD Compound List negative.csv","4M4_pv_neg","nega","4M4","4","pv","alpha-D-Glucose","C6H12O6",12.788,180.560341,12990037
"Serum","0100 and 0200 STD Compound List negative.csv","4M5_pv_neg","nega","4M5","4","pv","3-Hydroxybutyric acid","C4H8O3",8.624,103.040039,761349.81
"Serum","0100 and 0200 STD Compound List negative.csv","4M5_pv_neg","nega","4M5","4","pv","Arachidonic acid","C20H32O2",2.1925,305.741516,11182131
"Serum","0100 and 0200 STD Compound List negative.csv","4M5_pv_neg","nega","4M5","4","pv","Citric acid","C6H8O7",15.183,191.01976,164036.61
"Serum","0100 and 0200 STD Compound List negative.csv","4M5_pv_neg","nega","4M5","4","pv","D-Tryptophan","C11H12N2O2",9.496,204.5862045,2374177.75
"Serum","0100 and 0200 STD Compound List negative.csv","4M5_pv_neg","nega","4M5","4","pv","Glycine","C2H5NO2",14.387,74.024841,226922.8
"Serum","0100 and 0200 STD Compound List negative.csv","4M5_pv_neg","nega","4M5","4","pv","L-Alanine","C3H7NO2",14.045,88.5421295,5161702
"Serum","0100 and 0200 STD Compound List negative.csv","4M5_pv_neg","nega","4M5","4","pv","L-Arginine","C6H14N4O2",18.337,173.104416,333846.97
"Serum","0100 and 0200 STD Compound List negative.csv","4M5_pv_neg","nega","4M5","4","pv","L-Asparagine","C4H8N2O3",14.548,131.045731,365568.28
"Serum","0100 and 0200 STD Compound List negative.csv","4M5_pv_neg","nega","4M5","4","pv","L-Aspartic acid","C4H7NO4",14.634,132.030319,94137.99
"Serum","0100 and 0200 STD Compound List negative.csv","4M5_pv_neg","nega","4M5","4","pv","L-Cystine","C6H12N2O4S2",15.195,239.016739,302.89
"Serum","0100 and 0200 STD Compound List negative.csv","4M5_pv_neg","nega","4M5","4","pv","L-Glutamic acid","C5H9NO4",14.5155,146.5479125,671493.94
"Serum","0100 and 0200 STD Compound List negative.csv","4M5_pv_neg","nega","4M5","4","pv","L-Glutamine","C5H10N2O3",14.489,146.05928,3813868.75
"Serum","0100 and 0200 STD Compound List negative.csv","4M5_pv_neg","nega","4M5","4","pv","L-Histidine","C6H9N3O2",14.662,154.062378,398189.91
"Serum","0100 and 0200 STD Compound List negative.csv","4M5_pv_neg","nega","4M5","4","pv","L-Isoleucine","C6H13NO2",10.4725,130.5890505,3645147.25
"Serum","0100 and 0200 STD Compound List negative.csv","4M5_pv_neg","nega","4M5","4","pv","L-Lactic acid","C3H6O3",8.0075,89.526058,20726186
"Serum","0100 and 0200 STD Compound List negative.csv","4M5_pv_neg","nega","4M5","4","pv","L-Leucine","C6H13NO2",9.946,130.589043,4800840
"Serum","0100 and 0200 STD Compound List negative.csv","4M5_pv_neg","nega","4M5","4","pv","L-Lysine","C6H14N2O2",18.448,145.596428,648576.06
"Serum","0100 and 0200 STD Compound List negative.csv","4M5_pv_neg","nega","4M5","4","pv","L-Methionine","C5H11NO2S",10.732,148.0439,1095191.12
"Serum","0100 and 0200 STD Compound List negative.csv","4M5_pv_neg","nega","4M5","4","pv","L-Phenylalanine","C9H11NO2",9.527,165.076538,3120288.25
"Serum","0100 and 0200 STD Compound List negative.csv","4M5_pv_neg","nega","4M5","4","pv","L-Proline","C5H9NO2",12.663,114.5577165,2619275.25
"Serum","0100 and 0200 STD Compound List negative.csv","4M5_pv_neg","nega","4M5","4","pv","L-Serine","C3H7NO3",14.571,104.035301,409390.34
"Serum","0100 and 0200 STD Compound List negative.csv","4M5_pv_neg","nega","4M5","4","pv","L-Threonine","C4H9NO3",14.098,118.050842,1395958
"Serum","0100 and 0200 STD Compound List negative.csv","4M5_pv_neg","nega","4M5","4","pv","L-Tyrosine","C9H11NO3",11.515,180.066528,1236436.38
"Serum","0100 and 0200 STD Compound List negative.csv","4M5_pv_neg","nega","4M5","4","pv","Linoleic acid","C18H32O2",2.2255,279.734528,55625536
"Serum","0100 and 0200 STD Compound List negative.csv","4M5_pv_neg","nega","4M5","4","pv","Oleic acid","C18H34O2",2.208,282.251953,44338564
"Serum","0100 and 0200 STD Compound List negative.csv","4M5_pv_neg","nega","4M5","4","pv","Palmitic acid","C16H32O2",2.238,256.738342,60518400
"Serum","0100 and 0200 STD Compound List negative.csv","4M5_pv_neg","nega","4M5","4","pv","Pyruvic acid","C3H4O3",3.755,88.0121,22348544
"Serum","0100 and 0200 STD Compound List negative.csv","4M5_pv_neg","nega","4M5","4","pv","Stearic acid","C18H36O2",2.198,284.76947,36955988
"Serum","0100 and 0200 STD Compound List negative.csv","4M5_pv_neg","nega","4M5","4","pv","Valine","C5H11NO2",11.9165,116.570152,2427364.75
"Serum","0100 and 0200 STD Compound List negative.csv","4M5_pv_neg","nega","4M5","4","pv","Valine-C13N15","C5H11NO2",11.926,122.085609,586738.44
"Serum","0100 and 0200 STD Compound List negative.csv","4M5_pv_neg","nega","4M5","4","pv","alpha-D-Glucose","C6H12O6",12.788,180.560341,10069793
"Serum","0100 and 0200 STD Compound List negative.csv","4M5_sys_sac_neg","nega","4M5","4","sys_sac","3-Hydroxybutyric acid","C4H8O3",8.624,103.040039,306327.53
"Serum","0100 and 0200 STD Compound List negative.csv","4M5_sys_sac_neg","nega","4M5","4","sys_sac","Arachidonic acid","C20H32O2",2.1925,305.741516,23880638
"Serum","0100 and 0200 STD Compound List negative.csv","4M5_sys_sac_neg","nega","4M5","4","sys_sac","Citric acid","C6H8O7",15.183,191.01976,71739.35
"Serum","0100 and 0200 STD Compound List negative.csv","4M5_sys_sac_neg","nega","4M5","4","sys_sac","D-Tryptophan","C11H12N2O2",9.496,204.5862045,4021273
"Serum","0100 and 0200 STD Compound List negative.csv","4M5_sys_sac_neg","nega","4M5","4","sys_sac","Glycine","C2H5NO2",14.387,74.024841,190769
"Serum","0100 and 0200 STD Compound List negative.csv","4M5_sys_sac_neg","nega","4M5","4","sys_sac","L-Alanine","C3H7NO2",14.045,88.5421295,1257265.5
"Serum","0100 and 0200 STD Compound List negative.csv","4M5_sys_sac_neg","nega","4M5","4","sys_sac","L-Arginine","C6H14N4O2",18.337,173.104416,362515.47
"Serum","0100 and 0200 STD Compound List negative.csv","4M5_sys_sac_neg","nega","4M5","4","sys_sac","L-Asparagine","C4H8N2O3",14.548,131.045731,100232.77
"Serum","0100 and 0200 STD Compound List negative.csv","4M5_sys_sac_neg","nega","4M5","4","sys_sac","L-Aspartic acid","C4H7NO4",14.634,132.030319,331100.47
"Serum","0100 and 0200 STD Compound List negative.csv","4M5_sys_sac_neg","nega","4M5","4","sys_sac","L-Cystine","C6H12N2O4S2",15.195,239.016739,0
"Serum","0100 and 0200 STD Compound List negative.csv","4M5_sys_sac_neg","nega","4M5","4","sys_sac","L-Glutamic acid","C5H9NO4",14.5155,146.5479125,162155.7
"Serum","0100 and 0200 STD Compound List negative.csv","4M5_sys_sac_neg","nega","4M5","4","sys_sac","L-Glutamine","C5H10N2O3",14.489,146.05928,2569209.25
"Serum","0100 and 0200 STD Compound List negative.csv","4M5_sys_sac_neg","nega","4M5","4","sys_sac","L-Histidine","C6H9N3O2",14.662,154.062378,285063.78
"Serum","0100 and 0200 STD Compound List negative.csv","4M5_sys_sac_neg","nega","4M5","4","sys_sac","L-Isoleucine","C6H13NO2",10.4725,130.5890505,2371633
"Serum","0100 and 0200 STD Compound List negative.csv","4M5_sys_sac_neg","nega","4M5","4","sys_sac","L-Lactic acid","C3H6O3",8.0075,89.526058,89473880
"Serum","0100 and 0200 STD Compound List negative.csv","4M5_sys_sac_neg","nega","4M5","4","sys_sac","L-Leucine","C6H13NO2",9.946,130.589043,3580964
"Serum","0100 and 0200 STD Compound List negative.csv","4M5_sys_sac_neg","nega","4M5","4","sys_sac","L-Lysine","C6H14N2O2",18.448,145.596428,531846.25
"Serum","0100 and 0200 STD Compound List negative.csv","4M5_sys_sac_neg","nega","4M5","4","sys_sac","L-Methionine","C5H11NO2S",10.732,148.0439,758380.69
"Serum","0100 and 0200 STD Compound List negative.csv","4M5_sys_sac_neg","nega","4M5","4","sys_sac","L-Phenylalanine","C9H11NO2",9.527,165.076538,2766684.75
"Serum","0100 and 0200 STD Compound List negative.csv","4M5_sys_sac_neg","nega","4M5","4","sys_sac","L-Proline","C5H9NO2",12.663,114.5577165,1477668
"Serum","0100 and 0200 STD Compound List negative.csv","4M5_sys_sac_neg","nega","4M5","4","sys_sac","L-Serine","C3H7NO3",14.571,104.035301,171988.2
"Serum","0100 and 0200 STD Compound List negative.csv","4M5_sys_sac_neg","nega","4M5","4","sys_sac","L-Threonine","C4H9NO3",14.098,118.050842,430828.16
"Serum","0100 and 0200 STD Compound List negative.csv","4M5_sys_sac_neg","nega","4M5","4","sys_sac","L-Tyrosine","C9H11NO3",11.515,180.066528,1306361.38
"Serum","0100 and 0200 STD Compound List negative.csv","4M5_sys_sac_neg","nega","4M5","4","sys_sac","Linoleic acid","C18H32O2",2.2255,279.734528,145269120
"Serum","0100 and 0200 STD Compound List negative.csv","4M5_sys_sac_neg","nega","4M5","4","sys_sac","Oleic acid","C18H34O2",2.208,282.251953,132723416
"Serum","0100 and 0200 STD Compound List negative.csv","4M5_sys_sac_neg","nega","4M5","4","sys_sac","Palmitic acid","C16H32O2",2.238,256.738342,153782528
"Serum","0100 and 0200 STD Compound List negative.csv","4M5_sys_sac_neg","nega","4M5","4","sys_sac","Pyruvic acid","C3H4O3",3.755,88.0121,19809302
"Serum","0100 and 0200 STD Compound List negative.csv","4M5_sys_sac_neg","nega","4M5","4","sys_sac","Stearic acid","C18H36O2",2.198,284.76947,81482840
"Serum","0100 and 0200 STD Compound List negative.csv","4M5_sys_sac_neg","nega","4M5","4","sys_sac","Valine","C5H11NO2",11.9165,116.570152,1807410.62
"Serum","0100 and 0200 STD Compound List negative.csv","4M5_sys_sac_neg","nega","4M5","4","sys_sac","Valine-C13N15","C5H11NO2",11.926,122.085609,666906.06
"Serum","0100 and 0200 STD Compound List negative.csv","4M5_sys_sac_neg","nega","4M5","4","sys_sac","alpha-D-Glucose","C6H12O6",12.788,180.560341,5282904
"Serum","0100 and 0200 STD Compound List negative.csv","5M10_pv_neg","nega","5M10","5","pv","3-Hydroxybutyric acid","C4H8O3",8.624,103.040039,607284.19
"Serum","0100 and 0200 STD Compound List negative.csv","5M10_pv_neg","nega","5M10","5","pv","Arachidonic acid","C20H32O2",2.1925,305.741516,38385940
"Serum","0100 and 0200 STD Compound List negative.csv","5M10_pv_neg","nega","5M10","5","pv","Citric acid","C6H8O7",15.183,191.01976,72439.81
"Serum","0100 and 0200 STD Compound List negative.csv","5M10_pv_neg","nega","5M10","5","pv","D-Tryptophan","C11H12N2O2",9.496,204.5862045,2410698.75
"Serum","0100 and 0200 STD Compound List negative.csv","5M10_pv_neg","nega","5M10","5","pv","Glycine","C2H5NO2",14.387,74.024841,377021.84
"Serum","0100 and 0200 STD Compound List negative.csv","5M10_pv_neg","nega","5M10","5","pv","L-Alanine","C3H7NO2",14.045,88.5421295,4059130.25
"Serum","0100 and 0200 STD Compound List negative.csv","5M10_pv_neg","nega","5M10","5","pv","L-Arginine","C6H14N4O2",18.337,173.104416,7413.02
"Serum","0100 and 0200 STD Compound List negative.csv","5M10_pv_neg","nega","5M10","5","pv","L-Asparagine","C4H8N2O3",14.548,131.045731,208026.64
"Serum","0100 and 0200 STD Compound List negative.csv","5M10_pv_neg","nega","5M10","5","pv","L-Aspartic acid","C4H7NO4",14.634,132.030319,303132.47
"Serum","0100 and 0200 STD Compound List negative.csv","5M10_pv_neg","nega","5M10","5","pv","L-Cystine","C6H12N2O4S2",15.195,239.016739,3453.41
"Serum","0100 and 0200 STD Compound List negative.csv","5M10_pv_neg","nega","5M10","5","pv","L-Glutamic acid","C5H9NO4",14.5155,146.5479125,1068844.62
"Serum","0100 and 0200 STD Compound List negative.csv","5M10_pv_neg","nega","5M10","5","pv","L-Glutamine","C5H10N2O3",14.489,146.05928,4755457.5
"Serum","0100 and 0200 STD Compound List negative.csv","5M10_pv_neg","nega","5M10","5","pv","L-Histidine","C6H9N3O2",14.662,154.062378,475228.97
"Serum","0100 and 0200 STD Compound List negative.csv","5M10_pv_neg","nega","5M10","5","pv","L-Isoleucine","C6H13NO2",10.4725,130.5890505,3882516.25
"Serum","0100 and 0200 STD Compound List negative.csv","5M10_pv_neg","nega","5M10","5","pv","L-Lactic acid","C3H6O3",8.0075,89.526058,170340752
"Serum","0100 and 0200 STD Compound List negative.csv","5M10_pv_neg","nega","5M10","5","pv","L-Leucine","C6H13NO2",9.946,130.589043,5009169
"Serum","0100 and 0200 STD Compound List negative.csv","5M10_pv_neg","nega","5M10","5","pv","L-Lysine","C6H14N2O2",18.448,145.596428,650762.56
"Serum","0100 and 0200 STD Compound List negative.csv","5M10_pv_neg","nega","5M10","5","pv","L-Methionine","C5H11NO2S",10.732,148.0439,1098996
"Serum","0100 and 0200 STD Compound List negative.csv","5M10_pv_neg","nega","5M10","5","pv","L-Phenylalanine","C9H11NO2",9.527,165.076538,2787913.75
"Serum","0100 and 0200 STD Compound List negative.csv","5M10_pv_neg","nega","5M10","5","pv","L-Proline","C5H9NO2",12.663,114.5577165,2334753.75
"Serum","0100 and 0200 STD Compound List negative.csv","5M10_pv_neg","nega","5M10","5","pv","L-Serine","C3H7NO3",14.571,104.035301,189029.58
"Serum","0100 and 0200 STD Compound List negative.csv","5M10_pv_neg","nega","5M10","5","pv","L-Threonine","C4H9NO3",14.098,118.050842,1878915
"Serum","0100 and 0200 STD Compound List negative.csv","5M10_pv_neg","nega","5M10","5","pv","L-Tyrosine","C9H11NO3",11.515,180.066528,1330840.88
"Serum","0100 and 0200 STD Compound List negative.csv","5M10_pv_neg","nega","5M10","5","pv","Linoleic acid","C18H32O2",2.2255,279.734528,220659056
"Serum","0100 and 0200 STD Compound List negative.csv","5M10_pv_neg","nega","5M10","5","pv","Oleic acid","C18H34O2",2.208,282.251953,183510592
"Serum","0100 and 0200 STD Compound List negative.csv","5M10_pv_neg","nega","5M10","5","pv","Palmitic acid","C16H32O2",2.238,256.738342,138123184
"Serum","0100 and 0200 STD Compound List negative.csv","5M10_pv_neg","nega","5M10","5","pv","Pyruvic acid","C3H4O3",3.755,88.0121,12204636
"Serum","0100 and 0200 STD Compound List negative.csv","5M10_pv_neg","nega","5M10","5","pv","Stearic acid","C18H36O2",2.198,284.76947,51891248
"Serum","0100 and 0200 STD Compound List negative.csv","5M10_pv_neg","nega","5M10","5","pv","Valine","C5H11NO2",11.9165,116.570152,3170938
"Serum","0100 and 0200 STD Compound List negative.csv","5M10_pv_neg","nega","5M10","5","pv","Valine-C13N15","C5H11NO2",11.926,122.085609,804115.5
"Serum","0100 and 0200 STD Compound List negative.csv","5M10_pv_neg","nega","5M10","5","pv","alpha-D-Glucose","C6H12O6",12.788,180.560341,11356575
"Serum","0100 and 0200 STD Compound List negative.csv","5M1_pv_neg","nega","5M1","5","pv","3-Hydroxybutyric acid","C4H8O3",8.624,103.040039,1541295.62
"Serum","0100 and 0200 STD Compound List negative.csv","5M1_pv_neg","nega","5M1","5","pv","Arachidonic acid","C20H32O2",2.1925,305.741516,16501239
"Serum","0100 and 0200 STD Compound List negative.csv","5M1_pv_neg","nega","5M1","5","pv","Citric acid","C6H8O7",15.183,191.01976,64430.02
"Serum","0100 and 0200 STD Compound List negative.csv","5M1_pv_neg","nega","5M1","5","pv","D-Tryptophan","C11H12N2O2",9.496,204.5862045,5375055
"Serum","0100 and 0200 STD Compound List negative.csv","5M1_pv_neg","nega","5M1","5","pv","Glycine","C2H5NO2",14.387,74.024841,440802.09
"Serum","0100 and 0200 STD Compound List negative.csv","5M1_pv_neg","nega","5M1","5","pv","L-Alanine","C3H7NO2",14.045,88.5421295,6227977.5
"Serum","0100 and 0200 STD Compound List negative.csv","5M1_pv_neg","nega","5M1","5","pv","L-Arginine","C6H14N4O2",18.337,173.104416,2572.1
"Serum","0100 and 0200 STD Compound List negative.csv","5M1_pv_neg","nega","5M1","5","pv","L-Asparagine","C4H8N2O3",14.548,131.045731,516588.47
"Serum","0100 and 0200 STD Compound List negative.csv","5M1_pv_neg","nega","5M1","5","pv","L-Aspartic acid","C4H7NO4",14.634,132.030319,309599.72
"Serum","0100 and 0200 STD Compound List negative.csv","5M1_pv_neg","nega","5M1","5","pv","L-Cystine","C6H12N2O4S2",15.195,239.016739,2680.41
"Serum","0100 and 0200 STD Compound List negative.csv","5M1_pv_neg","nega","5M1","5","pv","L-Glutamic acid","C5H9NO4",14.5155,146.5479125,1802094.12
"Serum","0100 and 0200 STD Compound List negative.csv","5M1_pv_neg","nega","5M1","5","pv","L-Glutamine","C5H10N2O3",14.489,146.05928,6150022.5
"Serum","0100 and 0200 STD Compound List negative.csv","5M1_pv_neg","nega","5M1","5","pv","L-Histidine","C6H9N3O2",14.662,154.062378,94147.15
"Serum","0100 and 0200 STD Compound List negative.csv","5M1_pv_neg","nega","5M1","5","pv","L-Isoleucine","C6H13NO2",10.4725,130.5890505,10865336
"Serum","0100 and 0200 STD Compound List negative.csv","5M1_pv_neg","nega","5M1","5","pv","L-Lactic acid","C3H6O3",8.0075,89.526058,159163312
"Serum","0100 and 0200 STD Compound List negative.csv","5M1_pv_neg","nega","5M1","5","pv","L-Leucine","C6H13NO2",9.946,130.589043,12480152
"Serum","0100 and 0200 STD Compound List negative.csv","5M1_pv_neg","nega","5M1","5","pv","L-Lysine","C6H14N2O2",18.448,145.596428,864078.19
"Serum","0100 and 0200 STD Compound List negative.csv","5M1_pv_neg","nega","5M1","5","pv","L-Methionine","C5H11NO2S",10.732,148.0439,2366518.75
"Serum","0100 and 0200 STD Compound List negative.csv","5M1_pv_neg","nega","5M1","5","pv","L-Phenylalanine","C9H11NO2",9.527,165.076538,10354535
"Serum","0100 and 0200 STD Compound List negative.csv","5M1_pv_neg","nega","5M1","5","pv","L-Proline","C5H9NO2",12.663,114.5577165,7785249.5
"Serum","0100 and 0200 STD Compound List negative.csv","5M1_pv_neg","nega","5M1","5","pv","L-Serine","C3H7NO3",14.571,104.035301,678291.44
"Serum","0100 and 0200 STD Compound List negative.csv","5M1_pv_neg","nega","5M1","5","pv","L-Threonine","C4H9NO3",14.098,118.050842,2216141.75
"Serum","0100 and 0200 STD Compound List negative.csv","5M1_pv_neg","nega","5M1","5","pv","L-Tyrosine","C9H11NO3",11.515,180.066528,4230468.5
"Serum","0100 and 0200 STD Compound List negative.csv","5M1_pv_neg","nega","5M1","5","pv","Linoleic acid","C18H32O2",2.2255,279.734528,65778908
"Serum","0100 and 0200 STD Compound List negative.csv","5M1_pv_neg","nega","5M1","5","pv","Oleic acid","C18H34O2",2.208,282.251953,40536548
"Serum","0100 and 0200 STD Compound List negative.csv","5M1_pv_neg","nega","5M1","5","pv","Palmitic acid","C16H32O2",2.238,256.738342,95775352
"Serum","0100 and 0200 STD Compound List negative.csv","5M1_pv_neg","nega","5M1","5","pv","Pyruvic acid","C3H4O3",3.755,88.0121,39474944
"Serum","0100 and 0200 STD Compound List negative.csv","5M1_pv_neg","nega","5M1","5","pv","Stearic acid","C18H36O2",2.198,284.76947,74787320
"Serum","0100 and 0200 STD Compound List negative.csv","5M1_pv_neg","nega","5M1","5","pv","Valine","C5H11NO2",11.9165,116.570152,7075626.5
"Serum","0100 and 0200 STD Compound List negative.csv","5M1_pv_neg","nega","5M1","5","pv","Valine-C13N15","C5H11NO2",11.926,122.085609,1005517.56
"Serum","0100 and 0200 STD Compound List negative.csv","5M1_pv_neg","nega","5M1","5","pv","alpha-D-Glucose","C6H12O6",12.788,180.560341,13966111
"Serum","0100 and 0200 STD Compound List negative.csv","5M2_pv_neg","nega","5M2","5","pv","3-Hydroxybutyric acid","C4H8O3",8.624,103.040039,940867
"Serum","0100 and 0200 STD Compound List negative.csv","5M2_pv_neg","nega","5M2","5","pv","Arachidonic acid","C20H32O2",2.1925,305.741516,21257122
"Serum","0100 and 0200 STD Compound List negative.csv","5M2_pv_neg","nega","5M2","5","pv","Citric acid","C6H8O7",15.183,191.01976,90988.79
"Serum","0100 and 0200 STD Compound List negative.csv","5M2_pv_neg","nega","5M2","5","pv","D-Tryptophan","C11H12N2O2",9.496,204.5862045,1516258.62
"Serum","0100 and 0200 STD Compound List negative.csv","5M2_pv_neg","nega","5M2","5","pv","Glycine","C2H5NO2",14.387,74.024841,275713.62
"Serum","0100 and 0200 STD Compound List negative.csv","5M2_pv_neg","nega","5M2","5","pv","L-Alanine","C3H7NO2",14.045,88.5421295,4232905.5
"Serum","0100 and 0200 STD Compound List negative.csv","5M2_pv_neg","nega","5M2","5","pv","L-Arginine","C6H14N4O2",18.337,173.104416,63537.62
"Serum","0100 and 0200 STD Compound List negative.csv","5M2_pv_neg","nega","5M2","5","pv","L-Asparagine","C4H8N2O3",14.548,131.045731,280136.28
"Serum","0100 and 0200 STD Compound List negative.csv","5M2_pv_neg","nega","5M2","5","pv","L-Aspartic acid","C4H7NO4",14.634,132.030319,102307.95
"Serum","0100 and 0200 STD Compound List negative.csv","5M2_pv_neg","nega","5M2","5","pv","L-Cystine","C6H12N2O4S2",15.195,239.016739,4329.38
"Serum","0100 and 0200 STD Compound List negative.csv","5M2_pv_neg","nega","5M2","5","pv","L-Glutamic acid","C5H9NO4",14.5155,146.5479125,1054225.62
"Serum","0100 and 0200 STD Compound List negative.csv","5M2_pv_neg","nega","5M2","5","pv","L-Glutamine","C5H10N2O3",14.489,146.05928,3792960.75
"Serum","0100 and 0200 STD Compound List negative.csv","5M2_pv_neg","nega","5M2","5","pv","L-Histidine","C6H9N3O2",14.662,154.062378,4457.12
"Serum","0100 and 0200 STD Compound List negative.csv","5M2_pv_neg","nega","5M2","5","pv","L-Isoleucine","C6H13NO2",10.4725,130.5890505,4378199.5
"Serum","0100 and 0200 STD Compound List negative.csv","5M2_pv_neg","nega","5M2","5","pv","L-Lactic acid","C3H6O3",8.0075,89.526058,115257864
"Serum","0100 and 0200 STD Compound List negative.csv","5M2_pv_neg","nega","5M2","5","pv","L-Leucine","C6H13NO2",9.946,130.589043,5490307.5
"Serum","0100 and 0200 STD Compound List negative.csv","5M2_pv_neg","nega","5M2","5","pv","L-Lysine","C6H14N2O2",18.448,145.596428,444846.91
"Serum","0100 and 0200 STD Compound List negative.csv","5M2_pv_neg","nega","5M2","5","pv","L-Methionine","C5H11NO2S",10.732,148.0439,1220513.88
"Serum","0100 and 0200 STD Compound List negative.csv","5M2_pv_neg","nega","5M2","5","pv","L-Phenylalanine","C9H11NO2",9.527,165.076538,3311280
"Serum","0100 and 0200 STD Compound List negative.csv","5M2_pv_neg","nega","5M2","5","pv","L-Proline","C5H9NO2",12.663,114.5577165,3402145
"Serum","0100 and 0200 STD Compound List negative.csv","5M2_pv_neg","nega","5M2","5","pv","L-Serine","C3H7NO3",14.571,104.035301,360231.28
"Serum","0100 and 0200 STD Compound List negative.csv","5M2_pv_neg","nega","5M2","5","pv","L-Threonine","C4H9NO3",14.098,118.050842,1716628
"Serum","0100 and 0200 STD Compound List negative.csv","5M2_pv_neg","nega","5M2","5","pv","L-Tyrosine","C9H11NO3",11.515,180.066528,1139712.62
"Serum","0100 and 0200 STD Compound List negative.csv","5M2_pv_neg","nega","5M2","5","pv","Linoleic acid","C18H32O2",2.2255,279.734528,135288704
"Serum","0100 and 0200 STD Compound List negative.csv","5M2_pv_neg","nega","5M2","5","pv","Oleic acid","C18H34O2",2.208,282.251953,110634472
"Serum","0100 and 0200 STD Compound List negative.csv","5M2_pv_neg","nega","5M2","5","pv","Palmitic acid","C16H32O2",2.238,256.738342,82644440
"Serum","0100 and 0200 STD Compound List negative.csv","5M2_pv_neg","nega","5M2","5","pv","Pyruvic acid","C3H4O3",3.755,88.0121,24405864
"Serum","0100 and 0200 STD Compound List negative.csv","5M2_pv_neg","nega","5M2","5","pv","Stearic acid","C18H36O2",2.198,284.76947,30597872
"Serum","0100 and 0200 STD Compound List negative.csv","5M2_pv_neg","nega","5M2","5","pv","Valine","C5H11NO2",11.9165,116.570152,2940488.25
"Serum","0100 and 0200 STD Compound List negative.csv","5M2_pv_neg","nega","5M2","5","pv","Valine-C13N15","C5H11NO2",11.926,122.085609,675103.81
"Serum","0100 and 0200 STD Compound List negative.csv","5M2_pv_neg","nega","5M2","5","pv","alpha-D-Glucose","C6H12O6",12.788,180.560341,12576127
"Serum","0100 and 0200 STD Compound List negative.csv","5M2_sys_sac_neg","nega","5M2","5","sys_sac","3-Hydroxybutyric acid","C4H8O3",8.624,103.040039,542696.19
"Serum","0100 and 0200 STD Compound List negative.csv","5M2_sys_sac_neg","nega","5M2","5","sys_sac","Arachidonic acid","C20H32O2",2.1925,305.741516,26697898
"Serum","0100 and 0200 STD Compound List negative.csv","5M2_sys_sac_neg","nega","5M2","5","sys_sac","Citric acid","C6H8O7",15.183,191.01976,38748.66
"Serum","0100 and 0200 STD Compound List negative.csv","5M2_sys_sac_neg","nega","5M2","5","sys_sac","D-Tryptophan","C11H12N2O2",9.496,204.5862045,5140388
"Serum","0100 and 0200 STD Compound List negative.csv","5M2_sys_sac_neg","nega","5M2","5","sys_sac","Glycine","C2H5NO2",14.387,74.024841,119418.6
"Serum","0100 and 0200 STD Compound List negative.csv","5M2_sys_sac_neg","nega","5M2","5","sys_sac","L-Alanine","C3H7NO2",14.045,88.5421295,1105259.12
"Serum","0100 and 0200 STD Compound List negative.csv","5M2_sys_sac_neg","nega","5M2","5","sys_sac","L-Arginine","C6H14N4O2",18.337,173.104416,397121.62
"Serum","0100 and 0200 STD Compound List negative.csv","5M2_sys_sac_neg","nega","5M2","5","sys_sac","L-Asparagine","C4H8N2O3",14.548,131.045731,62208.17
"Serum","0100 and 0200 STD Compound List negative.csv","5M2_sys_sac_neg","nega","5M2","5","sys_sac","L-Aspartic acid","C4H7NO4",14.634,132.030319,86424.48
"Serum","0100 and 0200 STD Compound List negative.csv","5M2_sys_sac_neg","nega","5M2","5","sys_sac","L-Cystine","C6H12N2O4S2",15.195,239.016739,196.89
"Serum","0100 and 0200 STD Compound List negative.csv","5M2_sys_sac_neg","nega","5M2","5","sys_sac","L-Glutamic acid","C5H9NO4",14.5155,146.5479125,87419.16
"Serum","0100 and 0200 STD Compound List negative.csv","5M2_sys_sac_neg","nega","5M2","5","sys_sac","L-Glutamine","C5H10N2O3",14.489,146.05928,1834870.88
"Serum","0100 and 0200 STD Compound List negative.csv","5M2_sys_sac_neg","nega","5M2","5","sys_sac","L-Histidine","C6H9N3O2",14.662,154.062378,115657.66
"Serum","0100 and 0200 STD Compound List negative.csv","5M2_sys_sac_neg","nega","5M2","5","sys_sac","L-Isoleucine","C6H13NO2",10.4725,130.5890505,2532409.25
"Serum","0100 and 0200 STD Compound List negative.csv","5M2_sys_sac_neg","nega","5M2","5","sys_sac","L-Lactic acid","C3H6O3",8.0075,89.526058,74934584
"Serum","0100 and 0200 STD Compound List negative.csv","5M2_sys_sac_neg","nega","5M2","5","sys_sac","L-Leucine","C6H13NO2",9.946,130.589043,4305809
"Serum","0100 and 0200 STD Compound List negative.csv","5M2_sys_sac_neg","nega","5M2","5","sys_sac","L-Lysine","C6H14N2O2",18.448,145.596428,611631.44
"Serum","0100 and 0200 STD Compound List negative.csv","5M2_sys_sac_neg","nega","5M2","5","sys_sac","L-Methionine","C5H11NO2S",10.732,148.0439,1004726.81
"Serum","0100 and 0200 STD Compound List negative.csv","5M2_sys_sac_neg","nega","5M2","5","sys_sac","L-Phenylalanine","C9H11NO2",9.527,165.076538,3231077.25
"Serum","0100 and 0200 STD Compound List negative.csv","5M2_sys_sac_neg","nega","5M2","5","sys_sac","L-Proline","C5H9NO2",12.663,114.5577165,1636321.38
"Serum","0100 and 0200 STD Compound List negative.csv","5M2_sys_sac_neg","nega","5M2","5","sys_sac","L-Serine","C3H7NO3",14.571,104.035301,82490.6
"Serum","0100 and 0200 STD Compound List negative.csv","5M2_sys_sac_neg","nega","5M2","5","sys_sac","L-Threonine","C4H9NO3",14.098,118.050842,471128.25
"Serum","0100 and 0200 STD Compound List negative.csv","5M2_sys_sac_neg","nega","5M2","5","sys_sac","L-Tyrosine","C9H11NO3",11.515,180.066528,1411621.88
"Serum","0100 and 0200 STD Compound List negative.csv","5M2_sys_sac_neg","nega","5M2","5","sys_sac","Linoleic acid","C18H32O2",2.2255,279.734528,149509408
"Serum","0100 and 0200 STD Compound List negative.csv","5M2_sys_sac_neg","nega","5M2","5","sys_sac","Oleic acid","C18H34O2",2.208,282.251953,143589472
"Serum","0100 and 0200 STD Compound List negative.csv","5M2_sys_sac_neg","nega","5M2","5","sys_sac","Palmitic acid","C16H32O2",2.238,256.738342,134971056
"Serum","0100 and 0200 STD Compound List negative.csv","5M2_sys_sac_neg","nega","5M2","5","sys_sac","Pyruvic acid","C3H4O3",3.755,88.0121,39254300
"Serum","0100 and 0200 STD Compound List negative.csv","5M2_sys_sac_neg","nega","5M2","5","sys_sac","Stearic acid","C18H36O2",2.198,284.76947,64690332
"Serum","0100 and 0200 STD Compound List negative.csv","5M2_sys_sac_neg","nega","5M2","5","sys_sac","Valine","C5H11NO2",11.9165,116.570152,1847230
"Serum","0100 and 0200 STD Compound List negative.csv","5M2_sys_sac_neg","nega","5M2","5","sys_sac","Valine-C13N15","C5H11NO2",11.926,122.085609,691214.81
"Serum","0100 and 0200 STD Compound List negative.csv","5M2_sys_sac_neg","nega","5M2","5","sys_sac","alpha-D-Glucose","C6H12O6",12.788,180.560341,6694454.5
"Serum","0100 and 0200 STD Compound List negative.csv","5M3_pv_neg","nega","5M3","5","pv","3-Hydroxybutyric acid","C4H8O3",8.624,103.040039,621331.56
"Serum","0100 and 0200 STD Compound List negative.csv","5M3_pv_neg","nega","5M3","5","pv","Arachidonic acid","C20H32O2",2.1925,305.741516,16559321
"Serum","0100 and 0200 STD Compound List negative.csv","5M3_pv_neg","nega","5M3","5","pv","Citric acid","C6H8O7",15.183,191.01976,507.07
"Serum","0100 and 0200 STD Compound List negative.csv","5M3_pv_neg","nega","5M3","5","pv","D-Tryptophan","C11H12N2O2",9.496,204.5862045,1878567.88
"Serum","0100 and 0200 STD Compound List negative.csv","5M3_pv_neg","nega","5M3","5","pv","Glycine","C2H5NO2",14.387,74.024841,237866.14
"Serum","0100 and 0200 STD Compound List negative.csv","5M3_pv_neg","nega","5M3","5","pv","L-Alanine","C3H7NO2",14.045,88.5421295,4506191.5
"Serum","0100 and 0200 STD Compound List negative.csv","5M3_pv_neg","nega","5M3","5","pv","L-Arginine","C6H14N4O2",18.337,173.104416,3056.27
"Serum","0100 and 0200 STD Compound List negative.csv","5M3_pv_neg","nega","5M3","5","pv","L-Asparagine","C4H8N2O3",14.548,131.045731,165557.88
"Serum","0100 and 0200 STD Compound List negative.csv","5M3_pv_neg","nega","5M3","5","pv","L-Aspartic acid","C4H7NO4",14.634,132.030319,178353.81
"Serum","0100 and 0200 STD Compound List negative.csv","5M3_pv_neg","nega","5M3","5","pv","L-Cystine","C6H12N2O4S2",15.195,239.016739,3567.39
"Serum","0100 and 0200 STD Compound List negative.csv","5M3_pv_neg","nega","5M3","5","pv","L-Glutamic acid","C5H9NO4",14.5155,146.5479125,1303003.38
"Serum","0100 and 0200 STD Compound List negative.csv","5M3_pv_neg","nega","5M3","5","pv","L-Glutamine","C5H10N2O3",14.489,146.05928,3679712.25
"Serum","0100 and 0200 STD Compound List negative.csv","5M3_pv_neg","nega","5M3","5","pv","L-Histidine","C6H9N3O2",14.662,154.062378,50738.19
"Serum","0100 and 0200 STD Compound List negative.csv","5M3_pv_neg","nega","5M3","5","pv","L-Isoleucine","C6H13NO2",10.4725,130.5890505,6549514
"Serum","0100 and 0200 STD Compound List negative.csv","5M3_pv_neg","nega","5M3","5","pv","L-Lactic acid","C3H6O3",8.0075,89.526058,84618232
"Serum","0100 and 0200 STD Compound List negative.csv","5M3_pv_neg","nega","5M3","5","pv","L-Leucine","C6H13NO2",9.946,130.589043,9194903
"Serum","0100 and 0200 STD Compound List negative.csv","5M3_pv_neg","nega","5M3","5","pv","L-Lysine","C6H14N2O2",18.448,145.596428,953548.69
"Serum","0100 and 0200 STD Compound List negative.csv","5M3_pv_neg","nega","5M3","5","pv","L-Methionine","C5H11NO2S",10.732,148.0439,1498364.88
"Serum","0100 and 0200 STD Compound List negative.csv","5M3_pv_neg","nega","5M3","5","pv","L-Phenylalanine","C9H11NO2",9.527,165.076538,4110806.75
"Serum","0100 and 0200 STD Compound List negative.csv","5M3_pv_neg","nega","5M3","5","pv","L-Proline","C5H9NO2",12.663,114.5577165,4671210
"Serum","0100 and 0200 STD Compound List negative.csv","5M3_pv_neg","nega","5M3","5","pv","L-Serine","C3H7NO3",14.571,104.035301,244860.88
"Serum","0100 and 0200 STD Compound List negative.csv","5M3_pv_neg","nega","5M3","5","pv","L-Threonine","C4H9NO3",14.098,118.050842,1264183.62
"Serum","0100 and 0200 STD Compound List negative.csv","5M3_pv_neg","nega","5M3","5","pv","L-Tyrosine","C9H11NO3",11.515,180.066528,1229382.88
"Serum","0100 and 0200 STD Compound List negative.csv","5M3_pv_neg","nega","5M3","5","pv","Linoleic acid","C18H32O2",2.2255,279.734528,55184708
"Serum","0100 and 0200 STD Compound List negative.csv","5M3_pv_neg","nega","5M3","5","pv","Oleic acid","C18H34O2",2.208,282.251953,63851236
"Serum","0100 and 0200 STD Compound List negative.csv","5M3_pv_neg","nega","5M3","5","pv","Palmitic acid","C16H32O2",2.238,256.738342,99340328
"Serum","0100 and 0200 STD Compound List negative.csv","5M3_pv_neg","nega","5M3","5","pv","Pyruvic acid","C3H4O3",3.755,88.0121,26574512
"Serum","0100 and 0200 STD Compound List negative.csv","5M3_pv_neg","nega","5M3","5","pv","Stearic acid","C18H36O2",2.198,284.76947,64081076
"Serum","0100 and 0200 STD Compound List negative.csv","5M3_pv_neg","nega","5M3","5","pv","Valine","C5H11NO2",11.9165,116.570152,4513801.5
"Serum","0100 and 0200 STD Compound List negative.csv","5M3_pv_neg","nega","5M3","5","pv","Valine-C13N15","C5H11NO2",11.926,122.085609,758512.25
"Serum","0100 and 0200 STD Compound List negative.csv","5M3_pv_neg","nega","5M3","5","pv","alpha-D-Glucose","C6H12O6",12.788,180.560341,10786557
"Serum","0100 and 0200 STD Compound List negative.csv","5M3_sys_sac_neg","nega","5M3","5","sys_sac","3-Hydroxybutyric acid","C4H8O3",8.624,103.040039,221486.83
"Serum","0100 and 0200 STD Compound List negative.csv","5M3_sys_sac_neg","nega","5M3","5","sys_sac","Arachidonic acid","C20H32O2",2.1925,305.741516,41807296
"Serum","0100 and 0200 STD Compound List negative.csv","5M3_sys_sac_neg","nega","5M3","5","sys_sac","Citric acid","C6H8O7",15.183,191.01976,9870.03
"Serum","0100 and 0200 STD Compound List negative.csv","5M3_sys_sac_neg","nega","5M3","5","sys_sac","D-Tryptophan","C11H12N2O2",9.496,204.5862045,7432828
"Serum","0100 and 0200 STD Compound List negative.csv","5M3_sys_sac_neg","nega","5M3","5","sys_sac","Glycine","C2H5NO2",14.387,74.024841,176703.7
"Serum","0100 and 0200 STD Compound List negative.csv","5M3_sys_sac_neg","nega","5M3","5","sys_sac","L-Alanine","C3H7NO2",14.045,88.5421295,1110226.12
"Serum","0100 and 0200 STD Compound List negative.csv","5M3_sys_sac_neg","nega","5M3","5","sys_sac","L-Arginine","C6H14N4O2",18.337,173.104416,617695.5
"Serum","0100 and 0200 STD Compound List negative.csv","5M3_sys_sac_neg","nega","5M3","5","sys_sac","L-Asparagine","C4H8N2O3",14.548,131.045731,89503.35
"Serum","0100 and 0200 STD Compound List negative.csv","5M3_sys_sac_neg","nega","5M3","5","sys_sac","L-Aspartic acid","C4H7NO4",14.634,132.030319,88174.66
"Serum","0100 and 0200 STD Compound List negative.csv","5M3_sys_sac_neg","nega","5M3","5","sys_sac","L-Cystine","C6H12N2O4S2",15.195,239.016739,0
"Serum","0100 and 0200 STD Compound List negative.csv","5M3_sys_sac_neg","nega","5M3","5","sys_sac","L-Glutamic acid","C5H9NO4",14.5155,146.5479125,171179.19
"Serum","0100 and 0200 STD Compound List negative.csv","5M3_sys_sac_neg","nega","5M3","5","sys_sac","L-Glutamine","C5H10N2O3",14.489,146.05928,2804356.75
"Serum","0100 and 0200 STD Compound List negative.csv","5M3_sys_sac_neg","nega","5M3","5","sys_sac","L-Histidine","C6H9N3O2",14.662,154.062378,196656.36
"Serum","0100 and 0200 STD Compound List negative.csv","5M3_sys_sac_neg","nega","5M3","5","sys_sac","L-Isoleucine","C6H13NO2",10.4725,130.5890505,5201769.5
"Serum","0100 and 0200 STD Compound List negative.csv","5M3_sys_sac_neg","nega","5M3","5","sys_sac","L-Lactic acid","C3H6O3",8.0075,89.526058,66138080
"Serum","0100 and 0200 STD Compound List negative.csv","5M3_sys_sac_neg","nega","5M3","5","sys_sac","L-Leucine","C6H13NO2",9.946,130.589043,6911467.5
"Serum","0100 and 0200 STD Compound List negative.csv","5M3_sys_sac_neg","nega","5M3","5","sys_sac","L-Lysine","C6H14N2O2",18.448,145.596428,1365539.62
"Serum","0100 and 0200 STD Compound List negative.csv","5M3_sys_sac_neg","nega","5M3","5","sys_sac","L-Methionine","C5H11NO2S",10.732,148.0439,1717355.38
"Serum","0100 and 0200 STD Compound List negative.csv","5M3_sys_sac_neg","nega","5M3","5","sys_sac","L-Phenylalanine","C9H11NO2",9.527,165.076538,4660755
"Serum","0100 and 0200 STD Compound List negative.csv","5M3_sys_sac_neg","nega","5M3","5","sys_sac","L-Proline","C5H9NO2",12.663,114.5577165,2750250
"Serum","0100 and 0200 STD Compound List negative.csv","5M3_sys_sac_neg","nega","5M3","5","sys_sac","L-Serine","C3H7NO3",14.571,104.035301,117525.1
"Serum","0100 and 0200 STD Compound List negative.csv","5M3_sys_sac_neg","nega","5M3","5","sys_sac","L-Threonine","C4H9NO3",14.098,118.050842,1135909.75
"Serum","0100 and 0200 STD Compound List negative.csv","5M3_sys_sac_neg","nega","5M3","5","sys_sac","L-Tyrosine","C9H11NO3",11.515,180.066528,2237634.75
"Serum","0100 and 0200 STD Compound List negative.csv","5M3_sys_sac_neg","nega","5M3","5","sys_sac","Linoleic acid","C18H32O2",2.2255,279.734528,167974784
"Serum","0100 and 0200 STD Compound List negative.csv","5M3_sys_sac_neg","nega","5M3","5","sys_sac","Oleic acid","C18H34O2",2.208,282.251953,185344560
"Serum","0100 and 0200 STD Compound List negative.csv","5M3_sys_sac_neg","nega","5M3","5","sys_sac","Palmitic acid","C16H32O2",2.238,256.738342,188263120
"Serum","0100 and 0200 STD Compound List negative.csv","5M3_sys_sac_neg","nega","5M3","5","sys_sac","Pyruvic acid","C3H4O3",3.755,88.0121,30491200
"Serum","0100 and 0200 STD Compound List negative.csv","5M3_sys_sac_neg","nega","5M3","5","sys_sac","Stearic acid","C18H36O2",2.198,284.76947,116322408
"Serum","0100 and 0200 STD Compound List negative.csv","5M3_sys_sac_neg","nega","5M3","5","sys_sac","Valine","C5H11NO2",11.9165,116.570152,3937245.75
"Serum","0100 and 0200 STD Compound List negative.csv","5M3_sys_sac_neg","nega","5M3","5","sys_sac","Valine-C13N15","C5H11NO2",11.926,122.085609,757266
"Serum","0100 and 0200 STD Compound List negative.csv","5M3_sys_sac_neg","nega","5M3","5","sys_sac","alpha-D-Glucose","C6H12O6",12.788,180.560341,8784800
"Serum","0100 and 0200 STD Compound List negative.csv","5M4_pv_neg","nega","5M4","5","pv","3-Hydroxybutyric acid","C4H8O3",8.624,103.040039,1709618.88
"Serum","0100 and 0200 STD Compound List negative.csv","5M4_pv_neg","nega","5M4","5","pv","Arachidonic acid","C20H32O2",2.1925,305.741516,20280750
"Serum","0100 and 0200 STD Compound List negative.csv","5M4_pv_neg","nega","5M4","5","pv","Citric acid","C6H8O7",15.183,191.01976,0
"Serum","0100 and 0200 STD Compound List negative.csv","5M4_pv_neg","nega","5M4","5","pv","D-Tryptophan","C11H12N2O2",9.496,204.5862045,2244653.25
"Serum","0100 and 0200 STD Compound List negative.csv","5M4_pv_neg","nega","5M4","5","pv","Glycine","C2H5NO2",14.387,74.024841,213260.62
"Serum","0100 and 0200 STD Compound List negative.csv","5M4_pv_neg","nega","5M4","5","pv","L-Alanine","C3H7NO2",14.045,88.5421295,3458316
"Serum","0100 and 0200 STD Compound List negative.csv","5M4_pv_neg","nega","5M4","5","pv","L-Arginine","C6H14N4O2",18.337,173.104416,3632.5
"Serum","0100 and 0200 STD Compound List negative.csv","5M4_pv_neg","nega","5M4","5","pv","L-Asparagine","C4H8N2O3",14.548,131.045731,132643.58
"Serum","0100 and 0200 STD Compound List negative.csv","5M4_pv_neg","nega","5M4","5","pv","L-Aspartic acid","C4H7NO4",14.634,132.030319,114926.88
"Serum","0100 and 0200 STD Compound List negative.csv","5M4_pv_neg","nega","5M4","5","pv","L-Cystine","C6H12N2O4S2",15.195,239.016739,7027.79
"Serum","0100 and 0200 STD Compound List negative.csv","5M4_pv_neg","nega","5M4","5","pv","L-Glutamic acid","C5H9NO4",14.5155,146.5479125,1079783.62
"Serum","0100 and 0200 STD Compound List negative.csv","5M4_pv_neg","nega","5M4","5","pv","L-Glutamine","C5H10N2O3",14.489,146.05928,2757039.75
"Serum","0100 and 0200 STD Compound List negative.csv","5M4_pv_neg","nega","5M4","5","pv","L-Histidine","C6H9N3O2",14.662,154.062378,101477.35
"Serum","0100 and 0200 STD Compound List negative.csv","5M4_pv_neg","nega","5M4","5","pv","L-Isoleucine","C6H13NO2",10.4725,130.5890505,5159372
"Serum","0100 and 0200 STD Compound List negative.csv","5M4_pv_neg","nega","5M4","5","pv","L-Lactic acid","C3H6O3",8.0075,89.526058,122641368
"Serum","0100 and 0200 STD Compound List negative.csv","5M4_pv_neg","nega","5M4","5","pv","L-Leucine","C6H13NO2",9.946,130.589043,6564734.5
"Serum","0100 and 0200 STD Compound List negative.csv","5M4_pv_neg","nega","5M4","5","pv","L-Lysine","C6H14N2O2",18.448,145.596428,449389
"Serum","0100 and 0200 STD Compound List negative.csv","5M4_pv_neg","nega","5M4","5","pv","L-Methionine","C5H11NO2S",10.732,148.0439,1090979.62
"Serum","0100 and 0200 STD Compound List negative.csv","5M4_pv_neg","nega","5M4","5","pv","L-Phenylalanine","C9H11NO2",9.527,165.076538,3521320.25
"Serum","0100 and 0200 STD Compound List negative.csv","5M4_pv_neg","nega","5M4","5","pv","L-Proline","C5H9NO2",12.663,114.5577165,2285598.75
"Serum","0100 and 0200 STD Compound List negative.csv","5M4_pv_neg","nega","5M4","5","pv","L-Serine","C3H7NO3",14.571,104.035301,192856.19
"Serum","0100 and 0200 STD Compound List negative.csv","5M4_pv_neg","nega","5M4","5","pv","L-Threonine","C4H9NO3",14.098,118.050842,1009957.69
"Serum","0100 and 0200 STD Compound List negative.csv","5M4_pv_neg","nega","5M4","5","pv","L-Tyrosine","C9H11NO3",11.515,180.066528,1049871.5
"Serum","0100 and 0200 STD Compound List negative.csv","5M4_pv_neg","nega","5M4","5","pv","Linoleic acid","C18H32O2",2.2255,279.734528,90543464
"Serum","0100 and 0200 STD Compound List negative.csv","5M4_pv_neg","nega","5M4","5","pv","Oleic acid","C18H34O2",2.208,282.251953,96551616
"Serum","0100 and 0200 STD Compound List negative.csv","5M4_pv_neg","nega","5M4","5","pv","Palmitic acid","C16H32O2",2.238,256.738342,91643304
"Serum","0100 and 0200 STD Compound List negative.csv","5M4_pv_neg","nega","5M4","5","pv","Pyruvic acid","C3H4O3",3.755,88.0121,15149599
"Serum","0100 and 0200 STD Compound List negative.csv","5M4_pv_neg","nega","5M4","5","pv","Stearic acid","C18H36O2",2.198,284.76947,37133380
"Serum","0100 and 0200 STD Compound List negative.csv","5M4_pv_neg","nega","5M4","5","pv","Valine","C5H11NO2",11.9165,116.570152,3567172.25
"Serum","0100 and 0200 STD Compound List negative.csv","5M4_pv_neg","nega","5M4","5","pv","Valine-C13N15","C5H11NO2",11.926,122.085609,768859
"Serum","0100 and 0200 STD Compound List negative.csv","5M4_pv_neg","nega","5M4","5","pv","alpha-D-Glucose","C6H12O6",12.788,180.560341,9115838
"Serum","0100 and 0200 STD Compound List negative.csv","5M4_sys_sac_neg","nega","5M4","5","sys_sac","3-Hydroxybutyric acid","C4H8O3",8.624,103.040039,546997.5
"Serum","0100 and 0200 STD Compound List negative.csv","5M4_sys_sac_neg","nega","5M4","5","sys_sac","Arachidonic acid","C20H32O2",2.1925,305.741516,24225376
"Serum","0100 and 0200 STD Compound List negative.csv","5M4_sys_sac_neg","nega","5M4","5","sys_sac","Citric acid","C6H8O7",15.183,191.01976,57698.11
"Serum","0100 and 0200 STD Compound List negative.csv","5M4_sys_sac_neg","nega","5M4","5","sys_sac","D-Tryptophan","C11H12N2O2",9.496,204.5862045,6404532
"Serum","0100 and 0200 STD Compound List negative.csv","5M4_sys_sac_neg","nega","5M4","5","sys_sac","Glycine","C2H5NO2",14.387,74.024841,370618.28
"Serum","0100 and 0200 STD Compound List negative.csv","5M4_sys_sac_neg","nega","5M4","5","sys_sac","L-Alanine","C3H7NO2",14.045,88.5421295,1850525.62
"Serum","0100 and 0200 STD Compound List negative.csv","5M4_sys_sac_neg","nega","5M4","5","sys_sac","L-Arginine","C6H14N4O2",18.337,173.104416,321863.16
"Serum","0100 and 0200 STD Compound List negative.csv","5M4_sys_sac_neg","nega","5M4","5","sys_sac","L-Asparagine","C4H8N2O3",14.548,131.045731,221622
"Serum","0100 and 0200 STD Compound List negative.csv","5M4_sys_sac_neg","nega","5M4","5","sys_sac","L-Aspartic acid","C4H7NO4",14.634,132.030319,258997.81
"Serum","0100 and 0200 STD Compound List negative.csv","5M4_sys_sac_neg","nega","5M4","5","sys_sac","L-Cystine","C6H12N2O4S2",15.195,239.016739,0
"Serum","0100 and 0200 STD Compound List negative.csv","5M4_sys_sac_neg","nega","5M4","5","sys_sac","L-Glutamic acid","C5H9NO4",14.5155,146.5479125,255474.33
"Serum","0100 and 0200 STD Compound List negative.csv","5M4_sys_sac_neg","nega","5M4","5","sys_sac","L-Glutamine","C5H10N2O3",14.489,146.05928,4413255.5
"Serum","0100 and 0200 STD Compound List negative.csv","5M4_sys_sac_neg","nega","5M4","5","sys_sac","L-Histidine","C6H9N3O2",14.662,154.062378,580232.56
"Serum","0100 and 0200 STD Compound List negative.csv","5M4_sys_sac_neg","nega","5M4","5","sys_sac","L-Isoleucine","C6H13NO2",10.4725,130.5890505,3182851.25
"Serum","0100 and 0200 STD Compound List negative.csv","5M4_sys_sac_neg","nega","5M4","5","sys_sac","L-Lactic acid","C3H6O3",8.0075,89.526058,108375048
"Serum","0100 and 0200 STD Compound List negative.csv","5M4_sys_sac_neg","nega","5M4","5","sys_sac","L-Leucine","C6H13NO2",9.946,130.589043,5396689.5
"Serum","0100 and 0200 STD Compound List negative.csv","5M4_sys_sac_neg","nega","5M4","5","sys_sac","L-Lysine","C6H14N2O2",18.448,145.596428,463890.5
"Serum","0100 and 0200 STD Compound List negative.csv","5M4_sys_sac_neg","nega","5M4","5","sys_sac","L-Methionine","C5H11NO2S",10.732,148.0439,1301725
"Serum","0100 and 0200 STD Compound List negative.csv","5M4_sys_sac_neg","nega","5M4","5","sys_sac","L-Phenylalanine","C9H11NO2",9.527,165.076538,6267185.5
"Serum","0100 and 0200 STD Compound List negative.csv","5M4_sys_sac_neg","nega","5M4","5","sys_sac","L-Proline","C5H9NO2",12.663,114.5577165,2376709.25
"Serum","0100 and 0200 STD Compound List negative.csv","5M4_sys_sac_neg","nega","5M4","5","sys_sac","L-Serine","C3H7NO3",14.571,104.035301,237912.58
"Serum","0100 and 0200 STD Compound List negative.csv","5M4_sys_sac_neg","nega","5M4","5","sys_sac","L-Threonine","C4H9NO3",14.098,118.050842,830918.69
"Serum","0100 and 0200 STD Compound List negative.csv","5M4_sys_sac_neg","nega","5M4","5","sys_sac","L-Tyrosine","C9H11NO3",11.515,180.066528,2991686.25
"Serum","0100 and 0200 STD Compound List negative.csv","5M4_sys_sac_neg","nega","5M4","5","sys_sac","Linoleic acid","C18H32O2",2.2255,279.734528,185997008
"Serum","0100 and 0200 STD Compound List negative.csv","5M4_sys_sac_neg","nega","5M4","5","sys_sac","Oleic acid","C18H34O2",2.208,282.251953,171789776
"Serum","0100 and 0200 STD Compound List negative.csv","5M4_sys_sac_neg","nega","5M4","5","sys_sac","Palmitic acid","C16H32O2",2.238,256.738342,174735568
"Serum","0100 and 0200 STD Compound List negative.csv","5M4_sys_sac_neg","nega","5M4","5","sys_sac","Pyruvic acid","C3H4O3",3.755,88.0121,42171636
"Serum","0100 and 0200 STD Compound List negative.csv","5M4_sys_sac_neg","nega","5M4","5","sys_sac","Stearic acid","C18H36O2",2.198,284.76947,94451232
"Serum","0100 and 0200 STD Compound List negative.csv","5M4_sys_sac_neg","nega","5M4","5","sys_sac","Valine","C5H11NO2",11.9165,116.570152,2838060.75
"Serum","0100 and 0200 STD Compound List negative.csv","5M4_sys_sac_neg","nega","5M4","5","sys_sac","Valine-C13N15","C5H11NO2",11.926,122.085609,675023.5
"Serum","0100 and 0200 STD Compound List negative.csv","5M4_sys_sac_neg","nega","5M4","5","sys_sac","alpha-D-Glucose","C6H12O6",12.788,180.560341,7421106.5
"Serum","0100 and 0200 STD Compound List negative.csv","5M6_pv_neg","nega","5M6","5","pv","3-Hydroxybutyric acid","C4H8O3",8.624,103.040039,1194856.12
"Serum","0100 and 0200 STD Compound List negative.csv","5M6_pv_neg","nega","5M6","5","pv","Arachidonic acid","C20H32O2",2.1925,305.741516,23232488
"Serum","0100 and 0200 STD Compound List negative.csv","5M6_pv_neg","nega","5M6","5","pv","Citric acid","C6H8O7",15.183,191.01976,82186.41
"Serum","0100 and 0200 STD Compound List negative.csv","5M6_pv_neg","nega","5M6","5","pv","D-Tryptophan","C11H12N2O2",9.496,204.5862045,2359992.25
"Serum","0100 and 0200 STD Compound List negative.csv","5M6_pv_neg","nega","5M6","5","pv","Glycine","C2H5NO2",14.387,74.024841,352155.41
"Serum","0100 and 0200 STD Compound List negative.csv","5M6_pv_neg","nega","5M6","5","pv","L-Alanine","C3H7NO2",14.045,88.5421295,3846244
"Serum","0100 and 0200 STD Compound List negative.csv","5M6_pv_neg","nega","5M6","5","pv","L-Arginine","C6H14N4O2",18.337,173.104416,2883.76
"Serum","0100 and 0200 STD Compound List negative.csv","5M6_pv_neg","nega","5M6","5","pv","L-Asparagine","C4H8N2O3",14.548,131.045731,256869.55
"Serum","0100 and 0200 STD Compound List negative.csv","5M6_pv_neg","nega","5M6","5","pv","L-Aspartic acid","C4H7NO4",14.634,132.030319,148215.58
"Serum","0100 and 0200 STD Compound List negative.csv","5M6_pv_neg","nega","5M6","5","pv","L-Cystine","C6H12N2O4S2",15.195,239.016739,3686.83
"Serum","0100 and 0200 STD Compound List negative.csv","5M6_pv_neg","nega","5M6","5","pv","L-Glutamic acid","C5H9NO4",14.5155,146.5479125,1076535.38
"Serum","0100 and 0200 STD Compound List negative.csv","5M6_pv_neg","nega","5M6","5","pv","L-Glutamine","C5H10N2O3",14.489,146.05928,4890171.5
"Serum","0100 and 0200 STD Compound List negative.csv","5M6_pv_neg","nega","5M6","5","pv","L-Histidine","C6H9N3O2",14.662,154.062378,88452.59
"Serum","0100 and 0200 STD Compound List negative.csv","5M6_pv_neg","nega","5M6","5","pv","L-Isoleucine","C6H13NO2",10.4725,130.5890505,6093319.5
"Serum","0100 and 0200 STD Compound List negative.csv","5M6_pv_neg","nega","5M6","5","pv","L-Lactic acid","C3H6O3",8.0075,89.526058,186262160
"Serum","0100 and 0200 STD Compound List negative.csv","5M6_pv_neg","nega","5M6","5","pv","L-Leucine","C6H13NO2",9.946,130.589043,7806013.5
"Serum","0100 and 0200 STD Compound List negative.csv","5M6_pv_neg","nega","5M6","5","pv","L-Lysine","C6H14N2O2",18.448,145.596428,553142.56
"Serum","0100 and 0200 STD Compound List negative.csv","5M6_pv_neg","nega","5M6","5","pv","L-Methionine","C5H11NO2S",10.732,148.0439,1435993.38
"Serum","0100 and 0200 STD Compound List negative.csv","5M6_pv_neg","nega","5M6","5","pv","L-Phenylalanine","C9H11NO2",9.527,165.076538,3804815.75
"Serum","0100 and 0200 STD Compound List negative.csv","5M6_pv_neg","nega","5M6","5","pv","L-Proline","C5H9NO2",12.663,114.5577165,3281779.25
"Serum","0100 and 0200 STD Compound List negative.csv","5M6_pv_neg","nega","5M6","5","pv","L-Serine","C3H7NO3",14.571,104.035301,335710.47
"Serum","0100 and 0200 STD Compound List negative.csv","5M6_pv_neg","nega","5M6","5","pv","L-Threonine","C4H9NO3",14.098,118.050842,1537796.62
"Serum","0100 and 0200 STD Compound List negative.csv","5M6_pv_neg","nega","5M6","5","pv","L-Tyrosine","C9H11NO3",11.515,180.066528,1409345.38
"Serum","0100 and 0200 STD Compound List negative.csv","5M6_pv_neg","nega","5M6","5","pv","Linoleic acid","C18H32O2",2.2255,279.734528,136643840
"Serum","0100 and 0200 STD Compound List negative.csv","5M6_pv_neg","nega","5M6","5","pv","Oleic acid","C18H34O2",2.208,282.251953,115051096
"Serum","0100 and 0200 STD Compound List negative.csv","5M6_pv_neg","nega","5M6","5","pv","Palmitic acid","C16H32O2",2.238,256.738342,99907872
"Serum","0100 and 0200 STD Compound List negative.csv","5M6_pv_neg","nega","5M6","5","pv","Pyruvic acid","C3H4O3",3.755,88.0121,17012036
"Serum","0100 and 0200 STD Compound List negative.csv","5M6_pv_neg","nega","5M6","5","pv","Stearic acid","C18H36O2",2.198,284.76947,43210204
"Serum","0100 and 0200 STD Compound List negative.csv","5M6_pv_neg","nega","5M6","5","pv","Valine","C5H11NO2",11.9165,116.570152,3923208
"Serum","0100 and 0200 STD Compound List negative.csv","5M6_pv_neg","nega","5M6","5","pv","Valine-C13N15","C5H11NO2",11.926,122.085609,912191.06
"Serum","0100 and 0200 STD Compound List negative.csv","5M6_pv_neg","nega","5M6","5","pv","alpha-D-Glucose","C6H12O6",12.788,180.560341,14543503
"Serum","0100 and 0200 STD Compound List negative.csv","5M6_sys_sac_neg","nega","5M6","5","sys_sac","3-Hydroxybutyric acid","C4H8O3",8.624,103.040039,391566.16
"Serum","0100 and 0200 STD Compound List negative.csv","5M6_sys_sac_neg","nega","5M6","5","sys_sac","Arachidonic acid","C20H32O2",2.1925,305.741516,40084556
"Serum","0100 and 0200 STD Compound List negative.csv","5M6_sys_sac_neg","nega","5M6","5","sys_sac","Citric acid","C6H8O7",15.183,191.01976,26092.62
"Serum","0100 and 0200 STD Compound List negative.csv","5M6_sys_sac_neg","nega","5M6","5","sys_sac","D-Tryptophan","C11H12N2O2",9.496,204.5862045,2675267.75
"Serum","0100 and 0200 STD Compound List negative.csv","5M6_sys_sac_neg","nega","5M6","5","sys_sac","Glycine","C2H5NO2",14.387,74.024841,281930.09
"Serum","0100 and 0200 STD Compound List negative.csv","5M6_sys_sac_neg","nega","5M6","5","sys_sac","L-Alanine","C3H7NO2",14.045,88.5421295,1566814.5
"Serum","0100 and 0200 STD Compound List negative.csv","5M6_sys_sac_neg","nega","5M6","5","sys_sac","L-Arginine","C6H14N4O2",18.337,173.104416,236599.67
"Serum","0100 and 0200 STD Compound List negative.csv","5M6_sys_sac_neg","nega","5M6","5","sys_sac","L-Asparagine","C4H8N2O3",14.548,131.045731,99224.54
"Serum","0100 and 0200 STD Compound List negative.csv","5M6_sys_sac_neg","nega","5M6","5","sys_sac","L-Aspartic acid","C4H7NO4",14.634,132.030319,199357.33
"Serum","0100 and 0200 STD Compound List negative.csv","5M6_sys_sac_neg","nega","5M6","5","sys_sac","L-Cystine","C6H12N2O4S2",15.195,239.016739,534.31
"Serum","0100 and 0200 STD Compound List negative.csv","5M6_sys_sac_neg","nega","5M6","5","sys_sac","L-Glutamic acid","C5H9NO4",14.5155,146.5479125,191566.8
"Serum","0100 and 0200 STD Compound List negative.csv","5M6_sys_sac_neg","nega","5M6","5","sys_sac","L-Glutamine","C5H10N2O3",14.489,146.05928,6383266.5
"Serum","0100 and 0200 STD Compound List negative.csv","5M6_sys_sac_neg","nega","5M6","5","sys_sac","L-Histidine","C6H9N3O2",14.662,154.062378,253499.3
"Serum","0100 and 0200 STD Compound List negative.csv","5M6_sys_sac_neg","nega","5M6","5","sys_sac","L-Isoleucine","C6H13NO2",10.4725,130.5890505,3850673.25
"Serum","0100 and 0200 STD Compound List negative.csv","5M6_sys_sac_neg","nega","5M6","5","sys_sac","L-Lactic acid","C3H6O3",8.0075,89.526058,127313056
"Serum","0100 and 0200 STD Compound List negative.csv","5M6_sys_sac_neg","nega","5M6","5","sys_sac","L-Leucine","C6H13NO2",9.946,130.589043,5880129.5
"Serum","0100 and 0200 STD Compound List negative.csv","5M6_sys_sac_neg","nega","5M6","5","sys_sac","L-Lysine","C6H14N2O2",18.448,145.596428,713852.44
"Serum","0100 and 0200 STD Compound List negative.csv","5M6_sys_sac_neg","nega","5M6","5","sys_sac","L-Methionine","C5H11NO2S",10.732,148.0439,1316559.5
"Serum","0100 and 0200 STD Compound List negative.csv","5M6_sys_sac_neg","nega","5M6","5","sys_sac","L-Phenylalanine","C9H11NO2",9.527,165.076538,3989852.25
"Serum","0100 and 0200 STD Compound List negative.csv","5M6_sys_sac_neg","nega","5M6","5","sys_sac","L-Proline","C5H9NO2",12.663,114.5577165,1684789.62
"Serum","0100 and 0200 STD Compound List negative.csv","5M6_sys_sac_neg","nega","5M6","5","sys_sac","L-Serine","C3H7NO3",14.571,104.035301,94044.12
"Serum","0100 and 0200 STD Compound List negative.csv","5M6_sys_sac_neg","nega","5M6","5","sys_sac","L-Threonine","C4H9NO3",14.098,118.050842,898178.31
"Serum","0100 and 0200 STD Compound List negative.csv","5M6_sys_sac_neg","nega","5M6","5","sys_sac","L-Tyrosine","C9H11NO3",11.515,180.066528,1223057.38
"Serum","0100 and 0200 STD Compound List negative.csv","5M6_sys_sac_neg","nega","5M6","5","sys_sac","Linoleic acid","C18H32O2",2.2255,279.734528,243684432
"Serum","0100 and 0200 STD Compound List negative.csv","5M6_sys_sac_neg","nega","5M6","5","sys_sac","Oleic acid","C18H34O2",2.208,282.251953,257466864
"Serum","0100 and 0200 STD Compound List negative.csv","5M6_sys_sac_neg","nega","5M6","5","sys_sac","Palmitic acid","C16H32O2",2.238,256.738342,234119344
"Serum","0100 and 0200 STD Compound List negative.csv","5M6_sys_sac_neg","nega","5M6","5","sys_sac","Pyruvic acid","C3H4O3",3.755,88.0121,23218198
"Serum","0100 and 0200 STD Compound List negative.csv","5M6_sys_sac_neg","nega","5M6","5","sys_sac","Stearic acid","C18H36O2",2.198,284.76947,91001632
"Serum","0100 and 0200 STD Compound List negative.csv","5M6_sys_sac_neg","nega","5M6","5","sys_sac","Valine","C5H11NO2",11.9165,116.570152,2689923.75
"Serum","0100 and 0200 STD Compound List negative.csv","5M6_sys_sac_neg","nega","5M6","5","sys_sac","Valine-C13N15","C5H11NO2",11.926,122.085609,730195.5
"Serum","0100 and 0200 STD Compound List negative.csv","5M6_sys_sac_neg","nega","5M6","5","sys_sac","alpha-D-Glucose","C6H12O6",12.788,180.560341,8423840
"Serum","0100 and 0200 STD Compound List negative.csv","5M7_pv_neg","nega","5M7","5","pv","3-Hydroxybutyric acid","C4H8O3",8.624,103.040039,1182331.62
"Serum","0100 and 0200 STD Compound List negative.csv","5M7_pv_neg","nega","5M7","5","pv","Arachidonic acid","C20H32O2",2.1925,305.741516,16743544
"Serum","0100 and 0200 STD Compound List negative.csv","5M7_pv_neg","nega","5M7","5","pv","Citric acid","C6H8O7",15.183,191.01976,131631.16
"Serum","0100 and 0200 STD Compound List negative.csv","5M7_pv_neg","nega","5M7","5","pv","D-Tryptophan","C11H12N2O2",9.496,204.5862045,1498238.38
"Serum","0100 and 0200 STD Compound List negative.csv","5M7_pv_neg","nega","5M7","5","pv","Glycine","C2H5NO2",14.387,74.024841,245542.55
"Serum","0100 and 0200 STD Compound List negative.csv","5M7_pv_neg","nega","5M7","5","pv","L-Alanine","C3H7NO2",14.045,88.5421295,3558018.75
"Serum","0100 and 0200 STD Compound List negative.csv","5M7_pv_neg","nega","5M7","5","pv","L-Arginine","C6H14N4O2",18.337,173.104416,80765.62
"Serum","0100 and 0200 STD Compound List negative.csv","5M7_pv_neg","nega","5M7","5","pv","L-Asparagine","C4H8N2O3",14.548,131.045731,126046.8
"Serum","0100 and 0200 STD Compound List negative.csv","5M7_pv_neg","nega","5M7","5","pv","L-Aspartic acid","C4H7NO4",14.634,132.030319,48890.12
"Serum","0100 and 0200 STD Compound List negative.csv","5M7_pv_neg","nega","5M7","5","pv","L-Cystine","C6H12N2O4S2",15.195,239.016739,1878.74
"Serum","0100 and 0200 STD Compound List negative.csv","5M7_pv_neg","nega","5M7","5","pv","L-Glutamic acid","C5H9NO4",14.5155,146.5479125,447207.84
"Serum","0100 and 0200 STD Compound List negative.csv","5M7_pv_neg","nega","5M7","5","pv","L-Glutamine","C5H10N2O3",14.489,146.05928,2978713.75
"Serum","0100 and 0200 STD Compound List negative.csv","5M7_pv_neg","nega","5M7","5","pv","L-Histidine","C6H9N3O2",14.662,154.062378,6139.84
"Serum","0100 and 0200 STD Compound List negative.csv","5M7_pv_neg","nega","5M7","5","pv","L-Isoleucine","C6H13NO2",10.4725,130.5890505,4316368.5
"Serum","0100 and 0200 STD Compound List negative.csv","5M7_pv_neg","nega","5M7","5","pv","L-Lactic acid","C3H6O3",8.0075,89.526058,27812360
"Serum","0100 and 0200 STD Compound List negative.csv","5M7_pv_neg","nega","5M7","5","pv","L-Leucine","C6H13NO2",9.946,130.589043,5295940
"Serum","0100 and 0200 STD Compound List negative.csv","5M7_pv_neg","nega","5M7","5","pv","L-Lysine","C6H14N2O2",18.448,145.596428,304481.91
"Serum","0100 and 0200 STD Compound List negative.csv","5M7_pv_neg","nega","5M7","5","pv","L-Methionine","C5H11NO2S",10.732,148.0439,939657.31
"Serum","0100 and 0200 STD Compound List negative.csv","5M7_pv_neg","nega","5M7","5","pv","L-Phenylalanine","C9H11NO2",9.527,165.076538,2717367
"Serum","0100 and 0200 STD Compound List negative.csv","5M7_pv_neg","nega","5M7","5","pv","L-Proline","C5H9NO2",12.663,114.5577165,2372452
"Serum","0100 and 0200 STD Compound List negative.csv","5M7_pv_neg","nega","5M7","5","pv","L-Serine","C3H7NO3",14.571,104.035301,159528.83
"Serum","0100 and 0200 STD Compound List negative.csv","5M7_pv_neg","nega","5M7","5","pv","L-Threonine","C4H9NO3",14.098,118.050842,1069754.88
"Serum","0100 and 0200 STD Compound List negative.csv","5M7_pv_neg","nega","5M7","5","pv","L-Tyrosine","C9H11NO3",11.515,180.066528,796963.44
"Serum","0100 and 0200 STD Compound List negative.csv","5M7_pv_neg","nega","5M7","5","pv","Linoleic acid","C18H32O2",2.2255,279.734528,104270496
"Serum","0100 and 0200 STD Compound List negative.csv","5M7_pv_neg","nega","5M7","5","pv","Oleic acid","C18H34O2",2.208,282.251953,110978944
"Serum","0100 and 0200 STD Compound List negative.csv","5M7_pv_neg","nega","5M7","5","pv","Palmitic acid","C16H32O2",2.238,256.738342,114251072
"Serum","0100 and 0200 STD Compound List negative.csv","5M7_pv_neg","nega","5M7","5","pv","Pyruvic acid","C3H4O3",3.755,88.0121,12669164
"Serum","0100 and 0200 STD Compound List negative.csv","5M7_pv_neg","nega","5M7","5","pv","Stearic acid","C18H36O2",2.198,284.76947,46301372
"Serum","0100 and 0200 STD Compound List negative.csv","5M7_pv_neg","nega","5M7","5","pv","Valine","C5H11NO2",11.9165,116.570152,3080218.75
"Serum","0100 and 0200 STD Compound List negative.csv","5M7_pv_neg","nega","5M7","5","pv","Valine-C13N15","C5H11NO2",11.926,122.085609,759338
"Serum","0100 and 0200 STD Compound List negative.csv","5M7_pv_neg","nega","5M7","5","pv","alpha-D-Glucose","C6H12O6",12.788,180.560341,14565545
"Serum","0100 and 0200 STD Compound List negative.csv","5M7_sys_sac_neg","nega","5M7","5","sys_sac","3-Hydroxybutyric acid","C4H8O3",8.624,103.040039,509205.09
"Serum","0100 and 0200 STD Compound List negative.csv","5M7_sys_sac_neg","nega","5M7","5","sys_sac","Arachidonic acid","C20H32O2",2.1925,305.741516,41376580
"Serum","0100 and 0200 STD Compound List negative.csv","5M7_sys_sac_neg","nega","5M7","5","sys_sac","Citric acid","C6H8O7",15.183,191.01976,61652.67
"Serum","0100 and 0200 STD Compound List negative.csv","5M7_sys_sac_neg","nega","5M7","5","sys_sac","D-Tryptophan","C11H12N2O2",9.496,204.5862045,3122227.75
"Serum","0100 and 0200 STD Compound List negative.csv","5M7_sys_sac_neg","nega","5M7","5","sys_sac","Glycine","C2H5NO2",14.387,74.024841,360044.91
"Serum","0100 and 0200 STD Compound List negative.csv","5M7_sys_sac_neg","nega","5M7","5","sys_sac","L-Alanine","C3H7NO2",14.045,88.5421295,1438757.62
"Serum","0100 and 0200 STD Compound List negative.csv","5M7_sys_sac_neg","nega","5M7","5","sys_sac","L-Arginine","C6H14N4O2",18.337,173.104416,230627.25
"Serum","0100 and 0200 STD Compound List negative.csv","5M7_sys_sac_neg","nega","5M7","5","sys_sac","L-Asparagine","C4H8N2O3",14.548,131.045731,118320.19
"Serum","0100 and 0200 STD Compound List negative.csv","5M7_sys_sac_neg","nega","5M7","5","sys_sac","L-Aspartic acid","C4H7NO4",14.634,132.030319,166009.88
"Serum","0100 and 0200 STD Compound List negative.csv","5M7_sys_sac_neg","nega","5M7","5","sys_sac","L-Cystine","C6H12N2O4S2",15.195,239.016739,114.71
"Serum","0100 and 0200 STD Compound List negative.csv","5M7_sys_sac_neg","nega","5M7","5","sys_sac","L-Glutamic acid","C5H9NO4",14.5155,146.5479125,147834.36
"Serum","0100 and 0200 STD Compound List negative.csv","5M7_sys_sac_neg","nega","5M7","5","sys_sac","L-Glutamine","C5H10N2O3",14.489,146.05928,3443811.25
"Serum","0100 and 0200 STD Compound List negative.csv","5M7_sys_sac_neg","nega","5M7","5","sys_sac","L-Histidine","C6H9N3O2",14.662,154.062378,413804.53
"Serum","0100 and 0200 STD Compound List negative.csv","5M7_sys_sac_neg","nega","5M7","5","sys_sac","L-Isoleucine","C6H13NO2",10.4725,130.5890505,3951943.25
"Serum","0100 and 0200 STD Compound List negative.csv","5M7_sys_sac_neg","nega","5M7","5","sys_sac","L-Lactic acid","C3H6O3",8.0075,89.526058,39570704
"Serum","0100 and 0200 STD Compound List negative.csv","5M7_sys_sac_neg","nega","5M7","5","sys_sac","L-Leucine","C6H13NO2",9.946,130.589043,5973458.5
"Serum","0100 and 0200 STD Compound List negative.csv","5M7_sys_sac_neg","nega","5M7","5","sys_sac","L-Lysine","C6H14N2O2",18.448,145.596428,539792.94
"Serum","0100 and 0200 STD Compound List negative.csv","5M7_sys_sac_neg","nega","5M7","5","sys_sac","L-Methionine","C5H11NO2S",10.732,148.0439,1058923.75
"Serum","0100 and 0200 STD Compound List negative.csv","5M7_sys_sac_neg","nega","5M7","5","sys_sac","L-Phenylalanine","C9H11NO2",9.527,165.076538,3998567.75
"Serum","0100 and 0200 STD Compound List negative.csv","5M7_sys_sac_neg","nega","5M7","5","sys_sac","L-Proline","C5H9NO2",12.663,114.5577165,1557144.12
"Serum","0100 and 0200 STD Compound List negative.csv","5M7_sys_sac_neg","nega","5M7","5","sys_sac","L-Serine","C3H7NO3",14.571,104.035301,133156.25
"Serum","0100 and 0200 STD Compound List negative.csv","5M7_sys_sac_neg","nega","5M7","5","sys_sac","L-Threonine","C4H9NO3",14.098,118.050842,843840.06
"Serum","0100 and 0200 STD Compound List negative.csv","5M7_sys_sac_neg","nega","5M7","5","sys_sac","L-Tyrosine","C9H11NO3",11.515,180.066528,1345789.62
"Serum","0100 and 0200 STD Compound List negative.csv","5M7_sys_sac_neg","nega","5M7","5","sys_sac","Linoleic acid","C18H32O2",2.2255,279.734528,237954432
"Serum","0100 and 0200 STD Compound List negative.csv","5M7_sys_sac_neg","nega","5M7","5","sys_sac","Oleic acid","C18H34O2",2.208,282.251953,311030528
"Serum","0100 and 0200 STD Compound List negative.csv","5M7_sys_sac_neg","nega","5M7","5","sys_sac","Palmitic acid","C16H32O2",2.238,256.738342,326830240
"Serum","0100 and 0200 STD Compound List negative.csv","5M7_sys_sac_neg","nega","5M7","5","sys_sac","Pyruvic acid","C3H4O3",3.755,88.0121,12338145
"Serum","0100 and 0200 STD Compound List negative.csv","5M7_sys_sac_neg","nega","5M7","5","sys_sac","Stearic acid","C18H36O2",2.198,284.76947,110758136
"Serum","0100 and 0200 STD Compound List negative.csv","5M7_sys_sac_neg","nega","5M7","5","sys_sac","Valine","C5H11NO2",11.9165,116.570152,2597723.25
"Serum","0100 and 0200 STD Compound List negative.csv","5M7_sys_sac_neg","nega","5M7","5","sys_sac","Valine-C13N15","C5H11NO2",11.926,122.085609,733097.19
"Serum","0100 and 0200 STD Compound List negative.csv","5M7_sys_sac_neg","nega","5M7","5","sys_sac","alpha-D-Glucose","C6H12O6",12.788,180.560341,9576429
"Serum","0100 and 0200 STD Compound List negative.csv","5M8_pv_neg","nega","5M8","5","pv","3-Hydroxybutyric acid","C4H8O3",8.624,103.040039,836847.5
"Serum","0100 and 0200 STD Compound List negative.csv","5M8_pv_neg","nega","5M8","5","pv","Arachidonic acid","C20H32O2",2.1925,305.741516,19274216
"Serum","0100 and 0200 STD Compound List negative.csv","5M8_pv_neg","nega","5M8","5","pv","Citric acid","C6H8O7",15.183,191.01976,79494.08
"Serum","0100 and 0200 STD Compound List negative.csv","5M8_pv_neg","nega","5M8","5","pv","D-Tryptophan","C11H12N2O2",9.496,204.5862045,2424943.25
"Serum","0100 and 0200 STD Compound List negative.csv","5M8_pv_neg","nega","5M8","5","pv","Glycine","C2H5NO2",14.387,74.024841,341783.78
"Serum","0100 and 0200 STD Compound List negative.csv","5M8_pv_neg","nega","5M8","5","pv","L-Alanine","C3H7NO2",14.045,88.5421295,3714871.75
"Serum","0100 and 0200 STD Compound List negative.csv","5M8_pv_neg","nega","5M8","5","pv","L-Arginine","C6H14N4O2",18.337,173.104416,30725.79
"Serum","0100 and 0200 STD Compound List negative.csv","5M8_pv_neg","nega","5M8","5","pv","L-Asparagine","C4H8N2O3",14.548,131.045731,231386.2
"Serum","0100 and 0200 STD Compound List negative.csv","5M8_pv_neg","nega","5M8","5","pv","L-Aspartic acid","C4H7NO4",14.634,132.030319,93295.05
"Serum","0100 and 0200 STD Compound List negative.csv","5M8_pv_neg","nega","5M8","5","pv","L-Cystine","C6H12N2O4S2",15.195,239.016739,2534.71
"Serum","0100 and 0200 STD Compound List negative.csv","5M8_pv_neg","nega","5M8","5","pv","L-Glutamic acid","C5H9NO4",14.5155,146.5479125,786490.69
"Serum","0100 and 0200 STD Compound List negative.csv","5M8_pv_neg","nega","5M8","5","pv","L-Glutamine","C5H10N2O3",14.489,146.05928,4807328.5
"Serum","0100 and 0200 STD Compound List negative.csv","5M8_pv_neg","nega","5M8","5","pv","L-Histidine","C6H9N3O2",14.662,154.062378,88967.29
"Serum","0100 and 0200 STD Compound List negative.csv","5M8_pv_neg","nega","5M8","5","pv","L-Isoleucine","C6H13NO2",10.4725,130.5890505,4785115.5
"Serum","0100 and 0200 STD Compound List negative.csv","5M8_pv_neg","nega","5M8","5","pv","L-Lactic acid","C3H6O3",8.0075,89.526058,143464464
"Serum","0100 and 0200 STD Compound List negative.csv","5M8_pv_neg","nega","5M8","5","pv","L-Leucine","C6H13NO2",9.946,130.589043,5519346
"Serum","0100 and 0200 STD Compound List negative.csv","5M8_pv_neg","nega","5M8","5","pv","L-Lysine","C6H14N2O2",18.448,145.596428,422144.78
"Serum","0100 and 0200 STD Compound List negative.csv","5M8_pv_neg","nega","5M8","5","pv","L-Methionine","C5H11NO2S",10.732,148.0439,1052637.38
"Serum","0100 and 0200 STD Compound List negative.csv","5M8_pv_neg","nega","5M8","5","pv","L-Phenylalanine","C9H11NO2",9.527,165.076538,3357415.25
"Serum","0100 and 0200 STD Compound List negative.csv","5M8_pv_neg","nega","5M8","5","pv","L-Proline","C5H9NO2",12.663,114.5577165,3290008
"Serum","0100 and 0200 STD Compound List negative.csv","5M8_pv_neg","nega","5M8","5","pv","L-Serine","C3H7NO3",14.571,104.035301,259130.69
"Serum","0100 and 0200 STD Compound List negative.csv","5M8_pv_neg","nega","5M8","5","pv","L-Threonine","C4H9NO3",14.098,118.050842,1251195.62
"Serum","0100 and 0200 STD Compound List negative.csv","5M8_pv_neg","nega","5M8","5","pv","L-Tyrosine","C9H11NO3",11.515,180.066528,1357043
"Serum","0100 and 0200 STD Compound List negative.csv","5M8_pv_neg","nega","5M8","5","pv","Linoleic acid","C18H32O2",2.2255,279.734528,77182792
"Serum","0100 and 0200 STD Compound List negative.csv","5M8_pv_neg","nega","5M8","5","pv","Oleic acid","C18H34O2",2.208,282.251953,86613544
"Serum","0100 and 0200 STD Compound List negative.csv","5M8_pv_neg","nega","5M8","5","pv","Palmitic acid","C16H32O2",2.238,256.738342,86271280
"Serum","0100 and 0200 STD Compound List negative.csv","5M8_pv_neg","nega","5M8","5","pv","Pyruvic acid","C3H4O3",3.755,88.0121,20561970
"Serum","0100 and 0200 STD Compound List negative.csv","5M8_pv_neg","nega","5M8","5","pv","Stearic acid","C18H36O2",2.198,284.76947,36992644
"Serum","0100 and 0200 STD Compound List negative.csv","5M8_pv_neg","nega","5M8","5","pv","Valine","C5H11NO2",11.9165,116.570152,3396551
"Serum","0100 and 0200 STD Compound List negative.csv","5M8_pv_neg","nega","5M8","5","pv","Valine-C13N15","C5H11NO2",11.926,122.085609,910234
"Serum","0100 and 0200 STD Compound List negative.csv","5M8_pv_neg","nega","5M8","5","pv","alpha-D-Glucose","C6H12O6",12.788,180.560341,16439516
"Serum","0100 and 0200 STD Compound List negative.csv","5M8_sys_sac_neg","nega","5M8","5","sys_sac","3-Hydroxybutyric acid","C4H8O3",8.624,103.040039,326424.72
"Serum","0100 and 0200 STD Compound List negative.csv","5M8_sys_sac_neg","nega","5M8","5","sys_sac","Arachidonic acid","C20H32O2",2.1925,305.741516,40714164
"Serum","0100 and 0200 STD Compound List negative.csv","5M8_sys_sac_neg","nega","5M8","5","sys_sac","Citric acid","C6H8O7",15.183,191.01976,87571.79
"Serum","0100 and 0200 STD Compound List negative.csv","5M8_sys_sac_neg","nega","5M8","5","sys_sac","D-Tryptophan","C11H12N2O2",9.496,204.5862045,3476296.25
"Serum","0100 and 0200 STD Compound List negative.csv","5M8_sys_sac_neg","nega","5M8","5","sys_sac","Glycine","C2H5NO2",14.387,74.024841,206969.31
"Serum","0100 and 0200 STD Compound List negative.csv","5M8_sys_sac_neg","nega","5M8","5","sys_sac","L-Alanine","C3H7NO2",14.045,88.5421295,1901822.5
"Serum","0100 and 0200 STD Compound List negative.csv","5M8_sys_sac_neg","nega","5M8","5","sys_sac","L-Arginine","C6H14N4O2",18.337,173.104416,401736.47
"Serum","0100 and 0200 STD Compound List negative.csv","5M8_sys_sac_neg","nega","5M8","5","sys_sac","L-Asparagine","C4H8N2O3",14.548,131.045731,112433.38
"Serum","0100 and 0200 STD Compound List negative.csv","5M8_sys_sac_neg","nega","5M8","5","sys_sac","L-Aspartic acid","C4H7NO4",14.634,132.030319,446658.78
"Serum","0100 and 0200 STD Compound List negative.csv","5M8_sys_sac_neg","nega","5M8","5","sys_sac","L-Cystine","C6H12N2O4S2",15.195,239.016739,241.42
"Serum","0100 and 0200 STD Compound List negative.csv","5M8_sys_sac_neg","nega","5M8","5","sys_sac","L-Glutamic acid","C5H9NO4",14.5155,146.5479125,196064.86
"Serum","0100 and 0200 STD Compound List negative.csv","5M8_sys_sac_neg","nega","5M8","5","sys_sac","L-Glutamine","C5H10N2O3",14.489,146.05928,2765484.25
"Serum","0100 and 0200 STD Compound List negative.csv","5M8_sys_sac_neg","nega","5M8","5","sys_sac","L-Histidine","C6H9N3O2",14.662,154.062378,418168.28
"Serum","0100 and 0200 STD Compound List negative.csv","5M8_sys_sac_neg","nega","5M8","5","sys_sac","L-Isoleucine","C6H13NO2",10.4725,130.5890505,3829867.75
"Serum","0100 and 0200 STD Compound List negative.csv","5M8_sys_sac_neg","nega","5M8","5","sys_sac","L-Lactic acid","C3H6O3",8.0075,89.526058,87927768
"Serum","0100 and 0200 STD Compound List negative.csv","5M8_sys_sac_neg","nega","5M8","5","sys_sac","L-Leucine","C6H13NO2",9.946,130.589043,5758474
"Serum","0100 and 0200 STD Compound List negative.csv","5M8_sys_sac_neg","nega","5M8","5","sys_sac","L-Lysine","C6H14N2O2",18.448,145.596428,900664.44
"Serum","0100 and 0200 STD Compound List negative.csv","5M8_sys_sac_neg","nega","5M8","5","sys_sac","L-Methionine","C5H11NO2S",10.732,148.0439,1228192.12
"Serum","0100 and 0200 STD Compound List negative.csv","5M8_sys_sac_neg","nega","5M8","5","sys_sac","L-Phenylalanine","C9H11NO2",9.527,165.076538,3996727.25
"Serum","0100 and 0200 STD Compound List negative.csv","5M8_sys_sac_neg","nega","5M8","5","sys_sac","L-Proline","C5H9NO2",12.663,114.5577165,1987602.88
"Serum","0100 and 0200 STD Compound List negative.csv","5M8_sys_sac_neg","nega","5M8","5","sys_sac","L-Serine","C3H7NO3",14.571,104.035301,148945.36
"Serum","0100 and 0200 STD Compound List negative.csv","5M8_sys_sac_neg","nega","5M8","5","sys_sac","L-Threonine","C4H9NO3",14.098,118.050842,1074360.88
"Serum","0100 and 0200 STD Compound List negative.csv","5M8_sys_sac_neg","nega","5M8","5","sys_sac","L-Tyrosine","C9H11NO3",11.515,180.066528,1552483.62
"Serum","0100 and 0200 STD Compound List negative.csv","5M8_sys_sac_neg","nega","5M8","5","sys_sac","Linoleic acid","C18H32O2",2.2255,279.734528,219268080
"Serum","0100 and 0200 STD Compound List negative.csv","5M8_sys_sac_neg","nega","5M8","5","sys_sac","Oleic acid","C18H34O2",2.208,282.251953,269260704
"Serum","0100 and 0200 STD Compound List negative.csv","5M8_sys_sac_neg","nega","5M8","5","sys_sac","Palmitic acid","C16H32O2",2.238,256.738342,270815776
"Serum","0100 and 0200 STD Compound List negative.csv","5M8_sys_sac_neg","nega","5M8","5","sys_sac","Pyruvic acid","C3H4O3",3.755,88.0121,19896970
"Serum","0100 and 0200 STD Compound List negative.csv","5M8_sys_sac_neg","nega","5M8","5","sys_sac","Stearic acid","C18H36O2",2.198,284.76947,91236288
"Serum","0100 and 0200 STD Compound List negative.csv","5M8_sys_sac_neg","nega","5M8","5","sys_sac","Valine","C5H11NO2",11.9165,116.570152,2965985.25
"Serum","0100 and 0200 STD Compound List negative.csv","5M8_sys_sac_neg","nega","5M8","5","sys_sac","Valine-C13N15","C5H11NO2",11.926,122.085609,807771
"Serum","0100 and 0200 STD Compound List negative.csv","5M8_sys_sac_neg","nega","5M8","5","sys_sac","alpha-D-Glucose","C6H12O6",12.788,180.560341,9880496
"Serum","0100 and 0200 STD Compound List negative.csv","5M9_pv_neg","nega","5M9","5","pv","3-Hydroxybutyric acid","C4H8O3",8.624,103.040039,746835.19
"Serum","0100 and 0200 STD Compound List negative.csv","5M9_pv_neg","nega","5M9","5","pv","Arachidonic acid","C20H32O2",2.1925,305.741516,18108164
"Serum","0100 and 0200 STD Compound List negative.csv","5M9_pv_neg","nega","5M9","5","pv","Citric acid","C6H8O7",15.183,191.01976,117824.23
"Serum","0100 and 0200 STD Compound List negative.csv","5M9_pv_neg","nega","5M9","5","pv","D-Tryptophan","C11H12N2O2",9.496,204.5862045,2100860.25
"Serum","0100 and 0200 STD Compound List negative.csv","5M9_pv_neg","nega","5M9","5","pv","Glycine","C2H5NO2",14.387,74.024841,255926.7
"Serum","0100 and 0200 STD Compound List negative.csv","5M9_pv_neg","nega","5M9","5","pv","L-Alanine","C3H7NO2",14.045,88.5421295,3372817.75
"Serum","0100 and 0200 STD Compound List negative.csv","5M9_pv_neg","nega","5M9","5","pv","L-Arginine","C6H14N4O2",18.337,173.104416,215357.61
"Serum","0100 and 0200 STD Compound List negative.csv","5M9_pv_neg","nega","5M9","5","pv","L-Asparagine","C4H8N2O3",14.548,131.045731,171827.38
"Serum","0100 and 0200 STD Compound List negative.csv","5M9_pv_neg","nega","5M9","5","pv","L-Aspartic acid","C4H7NO4",14.634,132.030319,46298.55
"Serum","0100 and 0200 STD Compound List negative.csv","5M9_pv_neg","nega","5M9","5","pv","L-Cystine","C6H12N2O4S2",15.195,239.016739,1460.43
"Serum","0100 and 0200 STD Compound List negative.csv","5M9_pv_neg","nega","5M9","5","pv","L-Glutamic acid","C5H9NO4",14.5155,146.5479125,311012.72
"Serum","0100 and 0200 STD Compound List negative.csv","5M9_pv_neg","nega","5M9","5","pv","L-Glutamine","C5H10N2O3",14.489,146.05928,3906684
"Serum","0100 and 0200 STD Compound List negative.csv","5M9_pv_neg","nega","5M9","5","pv","L-Histidine","C6H9N3O2",14.662,154.062378,99978.9
"Serum","0100 and 0200 STD Compound List negative.csv","5M9_pv_neg","nega","5M9","5","pv","L-Isoleucine","C6H13NO2",10.4725,130.5890505,3983006.25
"Serum","0100 and 0200 STD Compound List negative.csv","5M9_pv_neg","nega","5M9","5","pv","L-Lactic acid","C3H6O3",8.0075,89.526058,192585280
"Serum","0100 and 0200 STD Compound List negative.csv","5M9_pv_neg","nega","5M9","5","pv","L-Leucine","C6H13NO2",9.946,130.589043,4948873
"Serum","0100 and 0200 STD Compound List negative.csv","5M9_pv_neg","nega","5M9","5","pv","L-Lysine","C6H14N2O2",18.448,145.596428,696027.06
"Serum","0100 and 0200 STD Compound List negative.csv","5M9_pv_neg","nega","5M9","5","pv","L-Methionine","C5H11NO2S",10.732,148.0439,895445.31
"Serum","0100 and 0200 STD Compound List negative.csv","5M9_pv_neg","nega","5M9","5","pv","L-Phenylalanine","C9H11NO2",9.527,165.076538,2830241.25
"Serum","0100 and 0200 STD Compound List negative.csv","5M9_pv_neg","nega","5M9","5","pv","L-Proline","C5H9NO2",12.663,114.5577165,1990423.88
"Serum","0100 and 0200 STD Compound List negative.csv","5M9_pv_neg","nega","5M9","5","pv","L-Serine","C3H7NO3",14.571,104.035301,187268.08
"Serum","0100 and 0200 STD Compound List negative.csv","5M9_pv_neg","nega","5M9","5","pv","L-Threonine","C4H9NO3",14.098,118.050842,900052.94
"Serum","0100 and 0200 STD Compound List negative.csv","5M9_pv_neg","nega","5M9","5","pv","L-Tyrosine","C9H11NO3",11.515,180.066528,960162.75
"Serum","0100 and 0200 STD Compound List negative.csv","5M9_pv_neg","nega","5M9","5","pv","Linoleic acid","C18H32O2",2.2255,279.734528,102507000
"Serum","0100 and 0200 STD Compound List negative.csv","5M9_pv_neg","nega","5M9","5","pv","Oleic acid","C18H34O2",2.208,282.251953,103220280
"Serum","0100 and 0200 STD Compound List negative.csv","5M9_pv_neg","nega","5M9","5","pv","Palmitic acid","C16H32O2",2.238,256.738342,109207616
"Serum","0100 and 0200 STD Compound List negative.csv","5M9_pv_neg","nega","5M9","5","pv","Pyruvic acid","C3H4O3",3.755,88.0121,21004526
"Serum","0100 and 0200 STD Compound List negative.csv","5M9_pv_neg","nega","5M9","5","pv","Stearic acid","C18H36O2",2.198,284.76947,39625428
"Serum","0100 and 0200 STD Compound List negative.csv","5M9_pv_neg","nega","5M9","5","pv","Valine","C5H11NO2",11.9165,116.570152,2905855
"Serum","0100 and 0200 STD Compound List negative.csv","5M9_pv_neg","nega","5M9","5","pv","Valine-C13N15","C5H11NO2",11.926,122.085609,948109.5
"Serum","0100 and 0200 STD Compound List negative.csv","5M9_pv_neg","nega","5M9","5","pv","alpha-D-Glucose","C6H12O6",12.788,180.560341,12508873
"Serum","0100 and 0200 STD Compound List negative.csv","5M9_sys_sac_neg","nega","5M9","5","sys_sac","3-Hydroxybutyric acid","C4H8O3",8.624,103.040039,549346.56
"Serum","0100 and 0200 STD Compound List negative.csv","5M9_sys_sac_neg","nega","5M9","5","sys_sac","Arachidonic acid","C20H32O2",2.1925,305.741516,38133684
"Serum","0100 and 0200 STD Compound List negative.csv","5M9_sys_sac_neg","nega","5M9","5","sys_sac","Citric acid","C6H8O7",15.183,191.01976,64047.83
"Serum","0100 and 0200 STD Compound List negative.csv","5M9_sys_sac_neg","nega","5M9","5","sys_sac","D-Tryptophan","C11H12N2O2",9.496,204.5862045,2776354
"Serum","0100 and 0200 STD Compound List negative.csv","5M9_sys_sac_neg","nega","5M9","5","sys_sac","Glycine","C2H5NO2",14.387,74.024841,408770.59
"Serum","0100 and 0200 STD Compound List negative.csv","5M9_sys_sac_neg","nega","5M9","5","sys_sac","L-Alanine","C3H7NO2",14.045,88.5421295,1748201.12
"Serum","0100 and 0200 STD Compound List negative.csv","5M9_sys_sac_neg","nega","5M9","5","sys_sac","L-Arginine","C6H14N4O2",18.337,173.104416,225980.33
"Serum","0100 and 0200 STD Compound List negative.csv","5M9_sys_sac_neg","nega","5M9","5","sys_sac","L-Asparagine","C4H8N2O3",14.548,131.045731,133191.14
"Serum","0100 and 0200 STD Compound List negative.csv","5M9_sys_sac_neg","nega","5M9","5","sys_sac","L-Aspartic acid","C4H7NO4",14.634,132.030319,315313.97
"Serum","0100 and 0200 STD Compound List negative.csv","5M9_sys_sac_neg","nega","5M9","5","sys_sac","L-Cystine","C6H12N2O4S2",15.195,239.016739,2501.68
"Serum","0100 and 0200 STD Compound List negative.csv","5M9_sys_sac_neg","nega","5M9","5","sys_sac","L-Glutamic acid","C5H9NO4",14.5155,146.5479125,205833.73
"Serum","0100 and 0200 STD Compound List negative.csv","5M9_sys_sac_neg","nega","5M9","5","sys_sac","L-Glutamine","C5H10N2O3",14.489,146.05928,3084720
"Serum","0100 and 0200 STD Compound List negative.csv","5M9_sys_sac_neg","nega","5M9","5","sys_sac","L-Histidine","C6H9N3O2",14.662,154.062378,480235.75
"Serum","0100 and 0200 STD Compound List negative.csv","5M9_sys_sac_neg","nega","5M9","5","sys_sac","L-Isoleucine","C6H13NO2",10.4725,130.5890505,3063833.25
"Serum","0100 and 0200 STD Compound List negative.csv","5M9_sys_sac_neg","nega","5M9","5","sys_sac","L-Lactic acid","C3H6O3",8.0075,89.526058,72122824
"Serum","0100 and 0200 STD Compound List negative.csv","5M9_sys_sac_neg","nega","5M9","5","sys_sac","L-Leucine","C6H13NO2",9.946,130.589043,4663086
"Serum","0100 and 0200 STD Compound List negative.csv","5M9_sys_sac_neg","nega","5M9","5","sys_sac","L-Lysine","C6H14N2O2",18.448,145.596428,488088.84
"Serum","0100 and 0200 STD Compound List negative.csv","5M9_sys_sac_neg","nega","5M9","5","sys_sac","L-Methionine","C5H11NO2S",10.732,148.0439,908945.56
"Serum","0100 and 0200 STD Compound List negative.csv","5M9_sys_sac_neg","nega","5M9","5","sys_sac","L-Phenylalanine","C9H11NO2",9.527,165.076538,3455482
"Serum","0100 and 0200 STD Compound List negative.csv","5M9_sys_sac_neg","nega","5M9","5","sys_sac","L-Proline","C5H9NO2",12.663,114.5577165,1363415.5
"Serum","0100 and 0200 STD Compound List negative.csv","5M9_sys_sac_neg","nega","5M9","5","sys_sac","L-Serine","C3H7NO3",14.571,104.035301,124444.94
"Serum","0100 and 0200 STD Compound List negative.csv","5M9_sys_sac_neg","nega","5M9","5","sys_sac","L-Threonine","C4H9NO3",14.098,118.050842,608951.62
"Serum","0100 and 0200 STD Compound List negative.csv","5M9_sys_sac_neg","nega","5M9","5","sys_sac","L-Tyrosine","C9H11NO3",11.515,180.066528,1187070.62
"Serum","0100 and 0200 STD Compound List negative.csv","5M9_sys_sac_neg","nega","5M9","5","sys_sac","Linoleic acid","C18H32O2",2.2255,279.734528,256186928
"Serum","0100 and 0200 STD Compound List negative.csv","5M9_sys_sac_neg","nega","5M9","5","sys_sac","Oleic acid","C18H34O2",2.208,282.251953,321598880
"Serum","0100 and 0200 STD Compound List negative.csv","5M9_sys_sac_neg","nega","5M9","5","sys_sac","Palmitic acid","C16H32O2",2.238,256.738342,281868896
"Serum","0100 and 0200 STD Compound List negative.csv","5M9_sys_sac_neg","nega","5M9","5","sys_sac","Pyruvic acid","C3H4O3",3.755,88.0121,22612822
"Serum","0100 and 0200 STD Compound List negative.csv","5M9_sys_sac_neg","nega","5M9","5","sys_sac","Stearic acid","C18H36O2",2.198,284.76947,97025576
"Serum","0100 and 0200 STD Compound List negative.csv","5M9_sys_sac_neg","nega","5M9","5","sys_sac","Valine","C5H11NO2",11.9165,116.570152,2361324.25
"Serum","0100 and 0200 STD Compound List negative.csv","5M9_sys_sac_neg","nega","5M9","5","sys_sac","Valine-C13N15","C5H11NO2",11.926,122.085609,764516.81
"Serum","0100 and 0200 STD Compound List negative.csv","5M9_sys_sac_neg","nega","5M9","5","sys_sac","alpha-D-Glucose","C6H12O6",12.788,180.560341,9414789
