"source","ion.mode","name","formula","mz","rt","med.ic","n.samples"
"CD","nega","(-)-erythro-Anethole glycol 1-glucoside","C16H24O8",343.13957,3.796,513779.063350182,127
"CD","nega","(13Z,16Z)-hexacosa-13,16-dienoic acid","C26H48O2",391.3582,2.118,39027.9995201803,127
"CD","nega","(15Z)-9,12,13-Trihydroxy-15-octadecenoic acid","C18H34O5",329.23353,2.881,10092850.1830953,127
"CD","nega","(17Z)-tricos-17-enoic acid","C23H44O2",351.32684,2.136,238221.273022162,127
"CD","nega","(2E,5E,12Z,15Z)-1-Hydroxy-2,5,12,15-heneicosatetraen-4-one","C21H34O2",317.24873,2.806,87222.1919319415,127
"CD","nega","(2R)-2,3-Dihydroxypropanoic acid","C3H6O4",105.01939,19.395,305621.174325765,127
"CD","nega","(4R,5S,7R,11x)-11,12-Dihydroxy-1(10)-spirovetiven-2-one 12-glucoside","C21H34O8",413.21744,2.78,51743.0944012863,127
"CD","nega","(R)-2-Benzylsuccinate","C11H12O4",207.06824,4.683,203790.09828216,127
"CD","nega","(R)-Lipoic acid","C8H14O2S2",205.03666,14.432,842735.607323699,127
"CD","nega","(S)-Succinyldihydrolipoamide","C12H21NO4S2",306.0841,12.715,369434.775206837,127
"CD","nega","(Â±)-2-Hydroxy-4-(methylthio)butanoic acid","C5H10O3S",149.02771,3.773,529649.258699429,127
"CD","nega","(Â±)-2-Methylbutanal","C5H10O",85.0659,3.71,369538.485745614,127
"CD","nega","1,2,3-Trihydroxybenzene","C6H6O3",125.02445,14.471,60092.658271498,127
"CD","nega","1,2-Benzisothiazol-3(2H)-one","C7H5NOS",150.00192,3.027,1778935.47574574,127
"CD","nega","1,2-Cyclohexanediol","C6H12O2",115.07649,3.754,1381772.59224805,127
"CD","nega","1,5-Anhydro-D-glucitol","C6H12O5",163.06258,17.256,1407610.16317881,127
"CD","nega","1-(4,7-Dimethylpyrazolo[5,1-c][1,2,4]triazin-3-yl)ethan-1-one","C9H10N4O",189.07825,14.118,17376007.6775926,127
"CD","nega","1-(beta-D-Ribofuranosyl)-1,4-dihydronicotinamide","C11H16N2O5",255.09996,15.652,2087073.46792452,127
"CD","nega","1-Butanethiol","C4H10S",89.04375,13.979,16431.9524276639,127
"CD","nega","1-Hydroxybenzotriazol","C6H5N3O",134.0361,14.239,51015668.0029992,127
"CD","nega","1-Hydroxyepiacorone","C15H24O3",251.16545,2.62,193211.110335061,127
"CD","nega","1-Isomangostin hydrate","C24H28O7",427.17932,2.504,258124.254341359,127
"CD","nega","1-Isothiocyanato-8-(methylthio)octane","C10H19NS2",216.08896,14.866,17617328.907642,127
"CD","nega","1-Methoxyphaseollidin","C21H22O5",353.13643,2.913,6637.31451347924,127
"CD","nega","1-Methyl-3,6-(1H,2H)-pyridazinedione","C5H6N2O2",125.03564,16.631,14168127.6769466,127
"CD","nega","1-Methylguanosine","C11H16N5O5",297.11041,13.84,815639.659250822,127
"CD","nega","1-Methylinosine","C11H14N4O5",281.08901,6.097,482832.310320441,127
"CD","nega","1-Pentanesulfenothioic acid","C5H12S2",135.03097,8.263,1559547.36128469,127
"CD","nega","1-Phenyl-1H-pyrazolo[3,4-d]pyrimidin-4-amine","C11H9N5",210.07851,12.139,3729061.66444273,127
"CD","nega","1-[(5-Amino-5-carboxypentyl)amino]-1-deoxyfructose","C12H24N2O7",307.15057,16.033,34944.8636993812,127
"CD","nega","1-benzylhexahydropyrimidine-2,4,6-trione","C11H10N2O3",217.06185,4.135,1566488.96858594,127
"CD","nega","1-hydroxy-2-naphthoate","C11H8O3",187.04,2.381,25168.5663095868,127
"CD","nega","1-methyl-N-(4-piperidinophenyl)-1H-imidazole-4-sulfonamide","C15H20N4O2S",319.12211,2.591,206577.294127598,127
"CD","nega","10-Hydroxy-2-decenoic acid","C10H18O3",185.11831,2.41,575451.843767342,127
"CD","nega","10-Hydroxydecanoic acid","C10H20O3",187.13399,2.396,1020692.80435701,127
"CD","nega","10Z-Heptadecenoic acid","C17H32O2",267.23294,2.223,6530138.67099485,127
"CD","nega","10Z-Nonadecenoic acid","C19H36O2",295.26396,2.184,2026721.09841365,127
"CD","nega","10Z-Pentadecenoic acid","C15H28O2",239.20176,2.265,599697.603002734,127
"CD","nega","11(R)-HETE","C20H32O3",319.22773,2.299,3047563.88375827,127
"CD","nega","11Z-Eicosenoic acid","C20H38O2",309.27971,2.173,13438888.734416,127
"CD","nega","12-Hydroxydodecanoic acid","C12H24O3",215.1651,2.223,732275.76384449,127
"CD","nega","12S-HHT","C17H28O3",279.19698,2.457,100435.700928904,127
"CD","nega","13,14-dihydro-15-keto-tetranor prostaglandin f1?","C16H28O5",299.18632,3.681,123551.681871561,127
"CD","nega","13-HODE","C18H32O3",295.22776,2.358,7420418.98054007,127
"CD","nega","13-L-Hydroperoxylinoleic acid","C18H32O4",311.22248,2.164,2604881.65333444,127
"CD","nega","15-Keto-13,14-dihydroprostaglandin A2","C20H30O4",333.2073,2.806,906503.385821858,127
"CD","nega","15-Keto-prostaglandin E2","C20H30O5",349.20552,1.974,1449222.08535191,127
"CD","nega","15beta-Hydroxydesogestrel","C22H30O2",325.21749,2.162,289961.764820967,127
"CD","nega","16-Hydroxyhexadecanoic acid","C16H32O3",271.228,2.164,1216358.35454391,127
"CD","nega","18-Hydroxycorticosterone","C21H30O5",361.2022,3.75,537084.954501341,127
"CD","nega","18-Hydroxycortisol","C21H30O6",377.20024,2.288,70428.7103836281,127
"CD","nega","18-Oxocortisol","C21H28O6",375.18482,2.674,401768.205290908,127
"CD","nega","2',4'-Dihydroxyacetophenone","C8H8O3",151.04004,3.573,1015806.24153613,127
"CD","nega","2',4-Dihydroxy-4',6'-dimethoxy-3'-prenylchalcone","C22H24O5",367.15834,2.015,11797.8308249508,127
"CD","nega","2'-Deoxyguanosine 5'-monophosphate","C10H14N5O7P",346.05583,14.858,44568.1150451519,127
"CD","nega","2,2',4,4'-Tetrahydroxybenzophenone","C13H10O5",245.04356,13.093,467956.659767179,127
"CD","nega","2,3-dinor prostaglandin e1","C18H30O5",325.2023,2.907,433693.035461299,127
"CD","nega","2,6-Pyridinedicarboxylic acid","C7H5NO4",166.01478,14.868,1058738.20234734,127
"CD","nega","2,6-dihydroxypyridine","C5H5NO2",110.02476,7.345,2984410.86565319,127
"CD","nega","2-(3-Carboxy-3-aminopropyl)-L-histidine","C10H16N4O4",255.1084,14.233,232130.841142219,127
"CD","nega","2-(methylsulfonyl)-3-(pyrazin-2-ylamino)acrylonitrile","C8H8N4O2S",223.02841,3.45,1037599.45809266,127
"CD","nega","2-Aminobenzenesulfonic acid","C6H7NO3S",172.00745,3.567,301152.855264127,127
"CD","nega","2-Cyclohexen-1-one, 3-(15-hydroxypentadecyl)-2,4,4-trimethyl-","C24H44O2",363.32686,2.142,263920.842383314,127
"CD","nega","2-Dodecylbenzenesulfonic acid","C18H30O3S",325.18413,1.967,8081402.87912136,127
"CD","nega","2-Furoylglycine","C7H7NO4",168.03021,7.521,1549055.4360303,127
"CD","nega","2-Hexenoylcarnitine","C13H23NO4",256.15466,8.293,46513.3264893513,127
"CD","nega","2-Hydroxy-3-methylbutyric acid","C5H10O3",117.05576,3.602,33996205.1758812,127
"CD","nega","2-Hydroxy-3-methylpentanoic acid","C6H12O3",131.07145,3.706,18326633.5781434,127
"CD","nega","2-Hydroxyadipic acid","C6H10O5",161.04596,12.605,33900254.9193712,127
"CD","nega","2-Hydroxybenzaldehyde","C7H6O2",121.02946,3.695,26532749.1826804,127
"CD","nega","2-Hydroxydecanedioic acid","C10H18O5",217.10946,14.63,630233.46082364,127
"CD","nega","2-Hydroxyethanesulfonate","C2H6O4S",124.99144,5.204,54275317.6304528,127
"CD","nega","2-Hydroxyglutarate","C5H8O5",147.02983,7.066,3082029.39972279,127
"CD","nega","2-Hydroxylauroylcarnitine","C19H37NO5",358.26001,2.956,14566.7257308224,127
"CD","nega","2-Hydroxymyristic acid","C14H28O3",243.1966,2.345,839888.780737321,127
"CD","nega","2-Hydroxypyridine","C5H5NO",94.0298,2.994,230939.641896797,127
"CD","nega","2-Indolecarboxylic acid","C9H7NO2",160.04047,9.006,442710.987209596,127
"CD","nega","2-Isopropylmalic acid","C7H12O5",175.06257,14.168,21432998.9785322,127
"CD","nega","2-Keto-3-deoxy-D-gluconic acid","C6H10O6",177.04179,10.906,787274.780349998,127
"CD","nega","2-Keto-6-acetamidocaproate","C8H13NO4",186.07801,12.324,9368836.05427454,127
"CD","nega","2-Ketobutyric acid","C4H6O3",101.02441,3.593,2645117.23913738,127
"CD","nega","2-Methoxyacetaminophen sulfate","C9H11NO6S",260.02347,9.779,84962.6231228226,127
"CD","nega","2-Methoxyestrone 3-glucuronide","C24H32O8",447.20564,3.732,26948.3709722141,127
"CD","nega","2-Methylglutaric acid","C6H10O4",145.05202,10.69,9811848.88056057,127
"CD","nega","2-Methylhippuric acid","C10H11NO3",192.06671,3.55,5241939.79736157,127
"CD","nega","2-Methylpropanal","C4H8O",71.05022,3.765,191408.929160248,127
"CD","nega","2-Naphthalenesulfonic acid","C10H8O3S",207.01185,2.219,224492.575601595,127
"CD","nega","2-O-Methylascorbic acid","C7H10O6",189.0419,14.114,7229866.46383883,127
"CD","nega","2-Octenoic acid","C8H14O2",141.0922,2.774,236827.131388088,127
"CD","nega","2-Pyrocatechuic acid","C7H6O4",153.01935,2.02,237707.339010215,127
"CD","nega","2-[(1H-1,2,4-triazol-3-ylimino)methyl]phenol","C9H8N4O",187.06261,10.057,3477862.82676749,127
"CD","nega","2-[(5-methyl-2-furyl)methylene][1,3]thiazolo[3,2-a]benzimidazol-3(2h)-one","C15H10N2O2S",281.04071,9.414,13182.3885762257,127
"CD","nega","2-hydroxyflutamide","C11H11F3N2O4",291.06006,11.465,8749.04458106719,127
"CD","nega","3',4',5'-Trimethoxycinnamyl alcohol acetate","C14H18O5",265.10557,15.662,532838.451752908,127
"CD","nega","3,4,5-Trimethoxyphenyl acetate","C11H14O5",225.0782,15.603,421259.690900391,127
"CD","nega","3,4-Dihydroxybenzeneacetic acid","C8H8O4",167.03449,3.674,427914.646766683,127
"CD","nega","3,4-Dihydroxyhydrocinnamic acid","C9H10O4",181.05065,4.128,6813388.33879801,127
"CD","nega","3,4-Dihydroxyphenylglycol","C8H10O4",169.04976,3.899,904327.007143713,127
"CD","nega","3-(1-cyano-1,2-dihydroisoquinolin-2-yl)-3-oxopropyl propionate","C16H16N2O3",283.11053,1.903,821804.704527927,127
"CD","nega","3-(2-Hydroxyphenyl)propanoic acid","C9H10O3",165.05567,3.647,3720504.63164085,127
"CD","nega","3-Amino-4-hydroxybenzoic acid","C7H7NO3",152.03533,7.33,1333471.97407828,127
"CD","nega","3-Feruloylquinic acid","C17H20O9",367.1012,15.332,14156.7016870115,127
"CD","nega","3-Furoic acid","C5H4O3",111.00874,12.877,804914.526179707,127
"CD","nega","3-Hydroxy-1-phenyl-1-eicosanone","C26H44O2",387.32303,2.929,10461.8401500677,127
"CD","nega","3-Hydroxybenzoic acid","C7H6O3",137.02442,2.448,1321954.27915879,127
"CD","nega","3-Hydroxybenzyl alcohol","C7H8O2",123.04516,3.571,1873823.53884131,127
"CD","nega","3-Hydroxybutyric acid","C4H8O3",103.04008,5.447,49086223.1561898,127
"CD","nega","3-Hydroxymethylglutaric acid","C6H10O5",161.04696,11.524,366197.943907661,127
"CD","nega","3-Indoxyl sulphate","C8H7NO4S",212.00245,4.854,25068.2913073074,127
"CD","nega","3-Mercaptopyruvic acid","C3H4O3S",118.98065,7.242,2806467.77138798,127
"CD","nega","3-Methoxy-4-hydroxyphenylethyleneglycol sulfate","C9H12O7S",263.02314,2.524,77121.3990281703,127
"CD","nega","3-Methoxytyrosine","C10H13NO4",210.07838,8.788,2544492.20636646,127
"CD","nega","3-Methyl-2-oxovaleric acid","C6H10O3",129.05581,2.577,36882833.1554917,127
"CD","nega","3-Methyladipic acid","C7H12O4",159.06762,11.242,5129096.11364192,127
"CD","nega","3-Methylbutyl glucosinolate","C12H23NO9S2",388.07296,11.81,45848.5241629455,127
"CD","nega","3-Methylglutaconic acid","C6H8O4",143.03633,14.975,7171751.31305144,127
"CD","nega","3-Methyloxindole","C9H9NO",146.06113,3.755,272806.166923341,127
"CD","nega","3-Methylphenylacetic acid","C9H10O2",149.06071,3.716,1065861.17461663,127
"CD","nega","3-Methyluric acid","C6H6N4O3",181.03682,14.71,1358991.59664866,127
"CD","nega","3-Nitrotyrosine","C9H10N2O5",225.05322,12.699,49443.3867522513,127
"CD","nega","3-O-Methylglycyrol","C22H20O6",379.11514,3.023,3833.02091299224,127
"CD","nega","3-O-p-Coumaroylquinic acid","C16H18O8",337.09564,8.354,317799.918473864,127
"CD","nega","3-Oxocholic acid","C24H38O5",405.26462,3.909,676098.28379339,127
"CD","nega","3-Oxododecanoic acid","C12H22O3",213.14964,2.505,1924397.39786486,127
"CD","nega","3-Oxooctadecanoic acid","C18H34O3",297.24373,2.135,13414465.989863,127
"CD","nega","3-Sulfinoalanine","C3H7NO4S",152.00225,12.595,405806.179338154,127
"CD","nega","3-dehydroshikimate","C7H8O5",171.03127,8.919,31112.4470759666,127
"CD","nega","3-hydroxydodec-2-enedioic acid","C12H20O5",243.12365,12.474,111763.93231724,127
"CD","nega","3-hydroxypentadecanoic acid","C15H30O3",257.2123,2.166,144498.448259606,127
"CD","nega","3-keto Fusidic acid","C31H46O7",529.31367,4.002,239605.109753009,127
"CD","nega","4,7-Dioxoheptanoic acid","C7H10O4",157.05199,14.01,46789362.7883293,127
"CD","nega","4-(1,1,3,3-Tetramethylbutyl)-phenol","C14H22O",205.1598,2.341,3725094.78190292,127
"CD","nega","4-(2-Aminophenyl)-2,4-dioxobutanoic acid","C10H9NO4",206.04724,13.802,66062.4251260857,127
"CD","nega","4-Fumarylacetoacetic acid","C8H8O6",199.02605,20.082,408277.096686139,127
"CD","nega","4-Hydroxycinnamic acid","C9H8O3",163.04012,3.791,668948.829648194,127
"CD","nega","4-Hydroxyphenylpyruvic acid","C9H8O4",179.03504,3.564,2740919.87156773,127
"CD","nega","4-Methylbenzotriazole","C7H7N3",132.0568,14.035,50086266.4461444,127
"CD","nega","4-Nitrophenol","C6H5NO3",138.01975,14.444,2135850.14421013,127
"CD","nega","4-Oxoproline","C5H7NO3",128.03529,10.245,13038130.9880769,127
"CD","nega","4-Pyridoxic acid","C8H9NO4",182.04593,2.418,467646.905702167,127
"CD","nega","4-oxo-Retinoic acid","C20H26O3",313.18095,2.393,3136958.58072489,127
"CD","nega","5,6-Dihydrouridine","C9H14N2O6",245.07912,14.981,1443887.84688685,127
"CD","nega","5,7-dimethylpyrido[2,3-d]pyrimidin-4(3H)-one","C9H9N3O",174.06712,15.95,8308686.47987308,127
"CD","nega","5-(2-Methylpropyl)tetrahydro-2-oxo-3-furancarboxylic acid","C9H14O4",185.08326,12.181,5031331.61921328,127
"CD","nega","5-(3',4',5'-Trihydroxyphenyl)-gamma-valerolactone-3'-O-glucuronide","C17H20O11",399.0963,11.445,9017.97375584372,127
"CD","nega","5-Aminolevulinic acid","C5H9NO3",130.05098,12.372,816463.406148548,127
"CD","nega","5-Aminopentanoic acid","C5H11NO2",116.07174,14.66,44594.1676006523,127
"CD","nega","5-Ethyl-3-hydroxy-4-methyl-2(5H)-furanone","C7H10O3",141.05574,2.936,143578.833881731,127
"CD","nega","5-HETE","C20H32O3",319.23106,7.509,312751.502645789,127
"CD","nega","5-Hydroxyindoleacetic acid","C10H9NO3",190.05101,6.058,600377.814471836,127
"CD","nega","5-Hydroxyisourate","C5H4N4O4",183.01602,9.053,3363397.59205896,127
"CD","nega","5-Hydroxymethyl-4-methyluracil","C6H8N2O3",155.0463,15.044,29169096.6580965,127
"CD","nega","5-Hydroxytryptophan","C11H12N2O3",219.0777,3.24,393837.143429945,127
"CD","nega","5-OxoETE","C20H30O3",317.21213,2.314,1718094.50914931,127
"CD","nega","5-Phenylvaleric acid","C11H14O2",177.09213,2.575,236345.203407272,127
"CD","nega","5-Sulfosalicylic acid","C7H6O6S",216.98118,5.163,401755.636346775,127
"CD","nega","5-amino-1-phenyl-1H-pyrazole-4-carbonitrile","C10H8N4",183.0676,11.576,912718.124287574,127
"CD","nega","6,8-Heneicosanedione","C21H40O2",323.29579,2.153,389253.666828874,127
"CD","nega","6,8-Pentacosanedione","C25H48O2",379.35816,2.127,72776.5357889751,127
"CD","nega","6-Aminonicotinamide","C6H7N3O",136.05167,14.187,31623818.1859356,127
"CD","nega","6-Methyl[1,2,4]triazolo[4,3-b]pyridazin-8-ol","C6H6N4O",149.04689,15.224,9345577.11361681,127
"CD","nega","6-Methylmercaptopurine","C6H6N4S",165.02257,3.765,156475.473427005,127
"CD","nega","6-Methylnicotinamide","C8H10N2O",149.07191,14.7,2850426.18083258,127
"CD","nega","6-Phosphonoglucono-D-lactone","C6H11O9P",257.00667,2.784,100306.307085369,127
"CD","nega","6-phenyl[1,2,3,4]tetraazolo[1,5-b]pyridazin-7-ol","C10H7N5O",212.05645,7.525,450302.162276598,127
"CD","nega","7-Aminomethyl-7-carbaguanine","C7H9N5O",178.07198,6.509,35077.7789263779,127
"CD","nega","7-Methylhypoxanthine","C6H6N4O",149.0455,7.194,26377214.1045905,127
"CD","nega","7-Sulfocholic acid","C24H40O8S",487.23684,8.603,15440.4688495532,127
"CD","nega","7-beta-D-Glucopyranosyloxybutylidenephthalide","C18H22O8",365.12244,15.416,56964.8833825248,127
"CD","nega","8-Acetylegelolide","C16H20O6",307.11577,15.413,35782.5397264842,127
"CD","nega","9-Decenoic acid","C10H18O2",169.12345,2.499,1841790.39160225,127
"CD","nega","AICA-riboside","C9H14N4O5",257.08773,13.877,56819.953991052,127
"CD","nega","Abscisic acid","C15H20O4",263.12846,2.476,1034838.6009896,127
"CD","nega","Acamprosate","C5H11NO4S",180.03365,3.552,856555.626539548,127
"CD","nega","Acetoin","C4H8O2",87.04516,12.26,739098.855035302,127
"CD","nega","Acetylglycine","C4H7NO3",116.03539,9.879,3117936.83896039,127
"CD","nega","Acetylphosphate","C2H5O5P",138.98018,15.033,48581.3205645173,127
"CD","nega","Acipimox","C6H6N2O3",153.03065,10.044,1441524.84304525,127
"CD","nega","Acrylic acid","C3H4O2",71.01385,7.907,30812581.7716129,127
"CD","nega","Adipostatin A","C21H36O2",319.26438,2.78,102108.4879649,127
"CD","nega","Adrenic acid","C22H36O2",331.26409,2.168,7016381.41345151,127
"CD","nega","Aldosterone","C21H28O5",359.18991,3.708,9617944.67563101,127
"CD","nega","Allantoin","C4H6N4O3",157.03669,8.366,16788747.4804149,127
"CD","nega","Allopurinol","C5H4N4O",135.03001,14.103,2399667.34073256,127
"CD","nega","Allose","C6H12O6",179.05593,12.811,154679105.081991,127
"CD","nega","Alpha-Lactose","C12H22O11",341.11136,14.305,177953.233614382,127
"CD","nega","Aminoadipic acid","C6H11NO4",160.06152,14.677,3712264.59682739,127
"CD","nega","Aminomalonic acid","C3H5NO4",118.01458,20.881,12141700.6022707,127
"CD","nega","Annoglabasin F","C22H34O5",377.23697,1.959,7702660.0713387,127
"CD","nega","Aprobarbital","C10H14N2O3",209.09331,18.945,133140.045103219,127
"CD","nega","Arabinonic acid","C5H10O6",165.04048,12.668,2111829.87694167,127
"CD","nega","Arachidic acid","C20H40O2",311.29539,2.167,5376643.74321032,127
"CD","nega","Arachidonic acid","C20H32O2",303.23273,2.196,134442650.627491,127
"CD","nega","Arginylglutamic acid","C11H21N5O5",302.14886,12.462,874044.112741581,127
"CD","nega","Artemether","C16H26O5",297.17061,3.589,177087.248256824,127
"CD","nega","Ascorbic acid","C6H8O6",175.02617,14.246,3999942.19622785,127
"CD","nega","Ascorbic acid 2-sulfate","C6H8O9S",254.98177,3.19,8067706.89415779,127
"CD","nega","Asparaginylhydroxyproline","C9H15N3O5",244.0948,15.024,12014.6030007354,127
"CD","nega","Asparagoside A","C33H54O8",577.37527,3.598,54227.4166451128,127
"CD","nega","Azelaic acid","C9H16O4",187.09757,12.652,10446665.9022754,127
"CD","nega","Baicalin","C21H18O11",445.07595,3.995,491659.805145125,127
"CD","nega","Barbital","C8H12N2O3",183.07744,14.665,1854257.14423735,127
"CD","nega","Behenic acid","C22H44O2",339.32665,2.149,981310.173610304,127
"CD","nega","Bicine","C6H13NO4",162.07853,13.592,5186693.19303487,127
"CD","nega","Bilirubin","C33H36N4O6",583.25648,2.172,60531.4921048022,127
"CD","nega","Biotin amide","C10H17N3O2S",242.09807,14.061,15252.3481698518,127
"CD","nega","Bisnorcholic acid","C22H36O5",379.252,2.199,3731133.36849074,127
"CD","nega","Blumenol C glucoside","C19H32O7",371.20751,2.66,38507.9227127543,127
"CD","nega","Bufexamac","C12H17NO3",222.11356,3.615,765794.599778171,127
"CD","nega","CPA(18:0/0:0)","C21H41O6P",419.25703,3.735,155891.633478598,127
"CD","nega","Cabergoline","C26H37N5O2",450.286,4.247,2564694.85558951,127
"CD","nega","Caffeic acid","C9H8O4",179.03508,7.373,1091319.60572484,127
"CD","nega","Canrenone","C22H28O3",339.19995,7.331,4866565.14200783,127
"CD","nega","Capric acid","C10H20O2",171.13908,2.492,1389334.10922087,127
"CD","nega","Caprylic acid","C8H16O2",143.10774,3.629,1780468.8026286,127
"CD","nega","Capryloylglycine","C10H19NO3",200.1293,2.859,1147739.71525994,127
"CD","nega","Carnosic acid","C20H28O4",331.19144,2.159,532288.05282768,127
"CD","nega","Carnosine","C9H14N4O3",225.09953,14.414,696925.544436707,127
"CD","nega","Carnosol","C20H26O4",329.17604,2.831,400906.844643282,127
"CD","nega","Chenodeoxycholic acid","C24H40O4",391.28733,3.652,2581783.04678001,127
"CD","nega","Chenodeoxycholic acid glycine conjugate","C26H43NO5",448.30701,3.783,24975.1386456682,127
"CD","nega","Cholesterol sulfate","C27H46O4S",465.30408,1.926,33741976.8076043,127
"CD","nega","Cholic acid","C24H40O5",407.28034,4.241,5089298.07274317,127
"CD","nega","Chondroitin","C14H21NO11",378.10517,19.582,24320.9877184669,127
"CD","nega","Cibaric acid","C18H28O5",323.18652,3.607,1671143.13700732,127
"CD","nega","Ciliatine","C2H8NO3P",124.01709,15.335,14768.6551498206,127
"CD","nega","Cincassiol B","C20H32O8",399.20229,2.496,64336.2005201357,127
"CD","nega","Cinnamaldehyde","C9H8O",131.05016,3.767,15048.9090379371,127
"CD","nega","Cinnamoylglycine","C11H11NO3",204.06653,3.741,9635739.69736833,127
"CD","nega","Citraconic acid","C5H6O4",129.01946,7.271,12008332.688461,127
"CD","nega","Citramalic acid","C5H8O5",147.02855,14.035,10094583.2926483,127
"CD","nega","Citric acid","C6H8O7",191.01875,16.82,5697084.00742189,127
"CD","nega","Citronellyl propionate","C13H24O2",211.17046,2.346,281337.856864835,127
"CD","nega","Citrusin E","C17H24O9",371.13391,2.971,23955.5499421842,127
"CD","nega","Corchoionol C 9-glucoside","C19H30O8",385.18618,2.868,56429.9572706806,127
"CD","nega","Cortisol 21-sulfate","C21H30O8S",441.1589,2.222,51966.1461798721,127
"CD","nega","Creatine riboside","C9H17N3O6",262.10256,14.217,192125.452801315,127
"CD","nega","Cucurbic acid","C12H20O3",211.13283,2.323,595434.166068402,127
"CD","nega","Cyclocalopin F","C15H18O6",293.10057,14.257,412151.880409843,127
"CD","nega","Cyclopentanone","C5H8O",83.05025,4.297,204484.42978221,127
"CD","nega","Cystathionine ketimine","C7H9NO4S",202.01653,21.431,33155.8436399412,127
"CD","nega","Cysteic acid","C3H7NO5S",167.99713,13.637,79915.5845424689,127
"CD","nega","Cysteine-S-sulfate","C3H7NO5S2",199.96933,10.328,2173710.31914392,127
"CD","nega","Cytidine","C9H13N3O5",242.07843,9.782,845077.99916014,127
"CD","nega","D-(+)-Malic acid","C4H6O5",133.01415,20.673,27634316.7077664,127
"CD","nega","D-(-)-Quinic acid","C7H12O6",191.05755,17.031,7387794.24784144,127
"CD","nega","D-Alanine","C3H7NO2",88.0404,12.174,436796.235816518,127
"CD","nega","D-Alanyl-D-alanine","C6H12N2O3",159.0774,12.662,385721.229669253,127
"CD","nega","D-Galactose","C6H12O6",179.05749,14.292,9582999.17581806,127
"CD","nega","D-Glucuronic acid","C6H10O7",193.03664,14.196,1743769.12106954,127
"CD","nega","D-Glucuronic acid 1-phosphate","C6H11O10P",272.9999,11.72,2470357.91829503,127
"CD","nega","D-Glucurono-6,3-lactone","C6H8O6",175.02483,3.212,260808.651502475,127
"CD","nega","D-Malic acid","C4H6O5",133.01434,14.679,11748424.4119916,127
"CD","nega","D-Mannose","C6H12O6",179.05749,10.086,103343.658859804,127
"CD","nega","D-Psicose","C6H12O6",179.05606,8.977,894528.278100457,127
"CD","nega","D-Ribose","C5H10O5",149.04694,10.688,4047635.92493808,127
"CD","nega","D-Ribose 5-phosphate","C5H11O8P",229.01217,15.087,114044.094389726,127
"CD","nega","D-Tartaric acid","C4H6O6",149.00787,14.038,141072.673319746,127
"CD","nega","D-Tryptophan","C11H12N2O2",203.08253,9.455,26209232.7912758,127
"CD","nega","D-Xylose","C5H10O5",149.04688,11.068,1776974.35973404,127
"CD","nega","D-glycero-L-galacto-Octulose","C8H16O8",239.07716,12.758,5443350.7554632,127
"CD","nega","DG(18:1(11Z)/20:4(5Z,8Z,11Z,14Z)/0:0)","C41H70O5",641.51528,2.218,85699.3873141234,127
"CD","nega","DG(18:2(9Z,12Z)/18:3(6Z,9Z,12Z)/0:0)","C39H66O5",613.48402,2.244,73339.1835111521,127
"CD","nega","DG(18:2n6/0:0/18:3n3)","C40H68O5",627.49973,2.228,2146636.94017143,127
"CD","nega","DG(18:2n6/0:0/20:4n6)","C42H70O5",653.5153,2.214,143657.931521809,127
"CD","nega","DG(22:0/22:6(4Z,7Z,10Z,13Z,16Z,19Z)/0:0)","C47H80O5",723.59482,2.381,5804.48669053001,127
"CD","nega","DL-2-Aminooctanoic acid","C8H17NO2",158.11866,8.47,151267.536887866,127
"CD","nega","DL-Lanthionine","C6H12N2O4S",207.04605,16.399,38743.7789838433,127
"CD","nega","DL-Malic acid","C4H6O5",133.01429,18.14,14558008.8022254,127
"CD","nega","DL-O-Phosphoserine","C3H8NO6P",184.00176,15.11,13423.8815014589,127
"CD","nega","Dehydroascorbic acid","C6H6O6",173.00908,3.786,19986.7235447296,127
"CD","nega","Deoxycholic acid","C24H40O4",391.28691,2.307,322491.384018857,127
"CD","nega","Deoxyinosine","C10H12N4O4",251.07851,8.288,15553.7231018793,127
"CD","nega","Deoxyribose 5-phosphate","C5H11O7P",213.01721,5.704,158143913.814146,127
"CD","nega","Deoxyuridine","C9H12N2O5",227.06745,5.02,1671480.31701613,127
"CD","nega","Diacetyl","C4H6O2",85.02946,12.73,14208040.686445,127
"CD","nega","Diaminopimelic acid","C7H14N2O4",189.08622,15.107,9575.87289640024,127
"CD","nega","Dicaffeoylputrescine","C22H24N2O6",411.15789,2.869,71219.7823587782,127
"CD","nega","Diethyl tartrate","C8H14O6",205.07309,14.216,14017978.6762349,127
"CD","nega","Diethylthiophosphate","C4H11O3PS",169.00798,3.1,6191.96740900767,127
"CD","nega","Dihomo-gamma-linolenic acid","C20H34O2",305.24834,2.188,19279641.6375277,127
"CD","nega","Dihydrobiopterin","C9H13N5O3",238.09277,9.944,6650.78932618086,127
"CD","nega","Dihydroergotamine","C33H37N5O5",582.27194,3.436,5931.16700825106,127
"CD","nega","Dihydronepetalactone","C10H16O2",167.10778,2.557,682330.632638424,127
"CD","nega","Dihydrothymine","C5H8N2O2",127.05134,14.417,10837217.6677207,127
"CD","nega","Dihydroxyfumaric acid","C4H4O6",146.99349,21.502,686682.151071159,127
"CD","nega","Docosadienoate (22:2n6)","C22H40O2",335.29527,2.158,496449.416303504,127
"CD","nega","Docosahexaenoic acid","C22H32O2",327.2329,2.158,83414614.6667906,127
"CD","nega","Docosatrienoic acid","C22H38O2",333.27973,2.161,288428.816693413,127
"CD","nega","Dodecanoic acid","C12H24O2",199.17039,2.366,3679781.26125149,127
"CD","nega","Doxazosin","C23H25N5O5",450.17705,2.465,146981.652065462,127
"CD","nega","Eicosadienoic acid","C20H36O2",307.26402,2.183,8459943.22308037,127
"CD","nega","Eicosapentaenoic acid","C20H30O2",301.21712,2.201,14377254.0933323,127
"CD","nega","Elaidic acid","C18H34O2",281.24833,2.208,703962306.17599,127
"CD","nega","Enilconazole","C14H14Cl2N2O",295.04036,11.48,123024.059778412,127
"CD","nega","Equol 7-O-glucuronide","C21H22O9",417.11661,15.18,7317.21862420931,127
"CD","nega","Erucic acid","C22H42O2",337.31112,2.152,794469.484671314,127
"CD","nega","Erythronic acid","C4H8O5",135.03,12.618,9170888.53040925,127
"CD","nega","Ethyl glucuronide","C8H14O7",221.06795,16.208,5399292.85364646,127
"CD","nega","Ethylene brassylate","C15H26O4",269.17601,2.531,118238.279305134,127
"CD","nega","Ethylmalonic acid","C5H8O4",131.0363,12.505,13500497.2616159,127
"CD","nega","Ferulic acid","C10H10O4",193.05057,2.724,152144.351604628,127
"CD","nega","Ferulic acid 4-O-sulfate","C10H10O7S",273.00741,3.767,118938.999355388,127
"CD","nega","Foeniculoside VIII","C16H28O8",347.17144,2.509,36089.4299994152,127
"CD","nega","Fructose 6-phosphate","C6H13O9P",259.02234,15.297,85613.9631421517,127
"CD","nega","Fumaric acid","C4H4O4",115.00379,13.924,763349.796913741,127
"CD","nega","Galactitol","C6H14O6",181.07161,12.495,1385705.53132457,127
"CD","nega","Galactose-beta-1,4-xylose","C11H20O10",311.10147,14.458,42998.4667990327,127
"CD","nega","Geranyl acetoacetate","C14H22O3",237.14966,2.3,1692095.81634841,127
"CD","nega","Gingerol","C17H26O4",293.1759,2.925,4323264.71703708,127
"CD","nega","Gluconic acid","C6H12O7",195.05231,14.493,4069646.49735998,127
"CD","nega","Gluconolactone","C6H10O6",177.04036,5.889,29170289.8764002,127
"CD","nega","Glucuronic acid-3,6-lactone","C6H8O6",175.02477,6.479,641985.61995745,127
"CD","nega","Glutaconic acid","C5H6O4",129.01936,14.912,1360585.7077767,127
"CD","nega","Glutamylalanine","C8H14N2O5",217.08427,13.519,1265118.24931986,127
"CD","nega","Glutamylproline","C10H16N2O5",243.09987,13.834,2222840.996791,127
"CD","nega","Glutaric acid","C5H8O4",131.03523,14.125,13456415.6830315,127
"CD","nega","Glutarylglycine","C7H11NO5",188.05805,11.924,826631.708566034,127
"CD","nega","Glyceraldehyde","C3H6O3",89.02437,12.726,61684807.8272543,127
"CD","nega","Glyceric acid","C3H6O4",105.01941,11.167,1482433.46754065,127
"CD","nega","Glycerol 1-propanoate diacetate","C10H16O6",231.0887,9.212,246824.189148325,127
"CD","nega","Glycerol 3-phosphate","C3H9O6P",171.00645,14.893,343836.012748984,127
"CD","nega","Glycerophosphocholine","C8H20NO6P",256.09502,16.317,17112.5779823628,127
"CD","nega","Glycerophosphoinositol","C9H19O11P",333.05883,8.41,236072.183583296,127
"CD","nega","Glycerylphosphorylethanolamine","C5H14NO6P",214.04696,20.558,555279.472543645,127
"CD","nega","Glycine","C2H5NO2",74.02476,14.092,5821860.76438947,127
"CD","nega","Glycodiazine","C13H15N3O4S",308.06798,2.032,520804.507898244,127
"CD","nega","Glycogen","C24H42O21",665.21522,16.72,30897.9350290053,127
"CD","nega","Glycolic acid","C2H4O3",75.00874,11.715,25432360.09205,127
"CD","nega","Glycyltyrosine","C11H14N2O4",237.0896,15.139,1995301.08685898,127
"CD","nega","Glyoxylic acid","C2H2O3",72.99309,12.698,10801865.2846055,127
"CD","nega","Goshuyic acid","C14H24O2",223.17042,2.086,4463087.8765497,127
"CD","nega","Gravelliferone","C19H22O3",297.15231,2.391,70075.8918853594,127
"CD","nega","Guaifenesin","C10H14O4",197.08329,8.653,588699.578026257,127
"CD","nega","Guanosine monophosphate","C10H14N5O8P",362.05078,15.168,30781.9695036316,127
"CD","nega","Heneicosanoic acid","C21H42O2",325.3112,2.163,409319.337436829,127
"CD","nega","Heptadecanoic acid","C17H34O2",269.24875,2.213,8277063.32723129,127
"CD","nega","Hexacosanoic acid","C26H52O2",395.38938,2.14,74096.7733117197,127
"CD","nega","Hexadecanedioic acid","C16H30O4",285.20703,3.919,742320.628611899,127
"CD","nega","Hexanoylglycine","C8H15NO3",172.09797,3.795,4365809.16583465,127
"CD","nega","Hippuric acid","C9H9NO3",178.05078,3.743,1831708.48841179,127
"CD","nega","Homocysteinesulfinic acid","C4H9NO4S",166.01797,5.031,13217406.8771716,127
"CD","nega","Homoveratric acid","C10H12O4",195.06763,8.555,21836.4071202468,127
"CD","nega","Hydantoin-5-propionic acid","C6H8N2O4",171.04116,15.48,10661351.0530964,127
"CD","nega","Hydroxygaleon","C20H22O5",341.14258,2.201,230719.956178517,127
"CD","nega","Hydroxykynurenine","C10H12N2O4",223.07386,9.821,254837.614894591,127
"CD","nega","Hydroxypyruvic acid","C3H4O4",103.00367,6.427,1349457.63116605,127
"CD","nega","IDP","C10H14N4O11P2",427.01025,14.933,11008.2406870964,127
"CD","nega","Imidazoleacetic acid","C5H6N2O2",125.0357,14.38,11812757.401639,127
"CD","nega","Imidazolepropionic acid","C6H8N2O2",139.05138,15.148,12377377.3049953,127
"CD","nega","Indole-3-acetylglycine","C12H12N2O3",231.07749,3.797,249769.242026937,127
"CD","nega","Indole-3-carboxaldehyde","C9H7NO",144.04555,2.616,9228156.39183551,127
"CD","nega","Indole-3-carboxylic acid","C9H7NO2",160.04045,3.542,1393272.34081911,127
"CD","nega","Indole-3-methyl acetate","C11H11NO2",188.07171,3.539,1046064.35313578,127
"CD","nega","Indoleacetaldehyde","C10H9NO",158.06115,2.677,44607700.8731952,127
"CD","nega","Indoleacetic acid","C10H9NO2",174.05601,3.762,572255.853478055,127
"CD","nega","Indolepyruvate","C11H9NO3",202.05106,2.515,2673294.69570719,127
"CD","nega","Indoxyl glucuronide","C14H15NO7",308.0777,8.374,33659.0296180891,127
"CD","nega","Indoxyl sulfate","C8H7NO4S",212.0023,2.073,39086359.7627561,127
"CD","nega","Inosine","C10H12N4O5",267.0733,9.004,4531641.83198174,127
"CD","nega","Inositol cyclic phosphate","C6H11O8P",241.01215,3.795,50658.0591744977,127
"CD","nega","Isobutyric acid","C4H8O2",87.04519,9.661,336669.693832502,127
"CD","nega","Isobutyrylglycine","C6H11NO3",144.06661,7.609,895396.630013932,127
"CD","nega","Isocitric acid","C6H8O7",191.01972,16.784,243795.479450449,127
"CD","nega","Isocytosine","C4H5N3O",110.03599,14.905,3210541.6698466,127
"CD","nega","Isoelemicin","C12H16O3",207.10261,3.764,116402.570712028,127
"CD","nega","Isoleucyl-Tyrosine","C15H22N2O4",293.15091,3.94,26766.7031769362,127
"CD","nega","Isoniazid alpha-ketoglutaric acid","C11H11N3O5",264.06303,18.026,67204.1053234025,127
"CD","nega","Isosorbide Mononitrate","C6H9NO6",190.03573,16.768,1998341.49114644,127
"CD","nega","Itaconic acid","C5H6O4",129.01938,12.37,1920488.97833025,127
"CD","nega","Janthitrem E","C37H49NO6",602.34686,3.905,14071438.4176689,127
"CD","nega","Jasmonic acid","C12H18O3",209.11834,2.927,461948.989046296,127
"CD","nega","Juglone glucoside","C16H16O8",335.0805,4.111,834830.362788234,127
"CD","nega","Ketorolac","C15H13NO3",254.08237,3.718,284352.028990479,127
"CD","nega","Kynurenic acid","C10H7NO3",188.03527,3.8,713613.185252614,127
"CD","nega","L-(+)-Tartaric acid","C4H6O6",149.00897,17.68,8434114.48404279,127
"CD","nega","L-(-)-Malic acid","C4H6O5",133.01418,17.965,55913596.5648521,127
"CD","nega","L-Allothreonine","C4H9NO3",118.05098,14.084,19658153.5457083,127
"CD","nega","L-Arabitol","C5H12O5",151.06171,10.276,601882.433955153,127
"CD","nega","L-Asparagine","C4H8N2O3",131.04619,14.529,2738761.16855836,127
"CD","nega","L-Aspartic acid","C4H7NO4",132.03013,14.54,3213635.57242961,127
"CD","nega","L-Cystathionine","C7H14N2O4S",221.05797,14.638,201338.614847952,127
"CD","nega","L-Cysteine","C3H7NO2S",120.01236,14.983,32100.6835926181,127
"CD","nega","L-Cystine","C6H12N2O4S2",239.01656,15.734,314609.35495065,127
"CD","nega","L-Dopa","C9H11NO4",196.06294,11.249,5942443.34939615,127
"CD","nega","L-Fucose","C6H12O5",163.06261,9.572,2751120.37000822,127
"CD","nega","L-Glutamic acid","C5H9NO4",146.04596,14.475,12726531.2662141,127
"CD","nega","L-Gulonolactone","C6H10O6",177.04044,7.247,30129557.7801888,127
"CD","nega","L-Homocysteic acid","C4H9NO5S",182.01297,6.64,578687.843735314,127
"CD","nega","L-Isoleucine","C6H13NO2",130.0873,9.915,73808927.4665187,127
"CD","nega","L-Lactic acid","C3H6O3",89.02432,8.049,2124029809.96742,127
"CD","nega","L-Menthyl acetoacetate","C14H24O3",239.16539,2.365,3329456.13495887,127
"CD","nega","L-Methionine","C5H11NO2S",148.04387,10.693,17560560.8898044,127
"CD","nega","L-Phenylalanine","C9H11NO2",164.07169,9.482,51220669.759101,127
"CD","nega","L-Proline","C5H9NO2",114.05598,12.614,27466557.2631696,127
"CD","nega","L-Tyrosine","C9H11NO3",180.06668,11.459,13678431.3393419,127
"CD","nega","L-beta-aspartyl-L-glutamic acid","C9H14N2O7",261.07397,14.138,243341.934548211,127
"CD","nega","Lactapiperanol C","C16H26O4",281.17588,5.642,716321.883233381,127
"CD","nega","Limocitrol","C18H16O9",375.07008,11.044,50451.2093907112,127
"CD","nega","Linoleic acid","C18H32O2",279.23266,1.955,747999936.764485,127
"CD","nega","Lipoamide","C8H15NOS2",204.05245,1.349,56527.708194398,127
"CD","nega","Lithocholyltaurine","C26H45NO5S",482.29416,2.298,36613.6292177148,127
"CD","nega","Lumazine","C6H4N4O2",163.02537,3.702,288847.454714555,127
"CD","nega","Lumichrome","C12H10N4O2",241.07194,3.632,133756.72067315,127
"CD","nega","LysoPC(14:1(9Z)/0:0)","C22H44NO7P",464.2789,3.982,47734.7228471572,127
"CD","nega","LysoPE(0:0/20:2(11Z,14Z))","C25H48NO7P",504.30996,4.067,3997682.43929794,127
"CD","nega","LysoPE(0:0/22:4(7Z,10Z,13Z,16Z))","C27H48NO7P",528.30974,3.901,906318.658145112,127
"CD","nega","MG(18:1(9Z)/0:0/0:0)","C21H40O4",355.28526,2.341,120443.239526966,127
"CD","nega","Maleamic Acid","C4H5NO3",114.01965,14.027,17168944.935904,127
"CD","nega","Maleic acid","C4H4O4",115.00373,5.146,694706.411520067,127
"CD","nega","Malonic acid","C3H4O4",103.00369,15.762,3713627.82288107,127
"CD","nega","Maltotriose","C18H32O16",503.16153,15.802,37941.4438829621,127
"CD","nega","Mangostanol","C24H26O7",425.16448,2.055,49279.571720578,127
"CD","nega","Melatonin","C13H16N2O2",231.114,2.923,11386.5078142749,127
"CD","nega","Melilotoside","C15H18O8",325.09614,7.973,326575.440887322,127
"CD","nega","Melleolide B","C24H32O7",431.21075,2.425,23609.6113511476,127
"CD","nega","Melleolide E","C23H30O7",417.19463,3.188,2301.87128162574,127
"CD","nega","Menadione","C11H8O2",171.04419,13.825,104892.660408911,127
"CD","nega","Mesoxalic acid","C3H2O5",116.98292,14.708,36115.9707252829,127
"CD","nega","Mesylate","CH4O3S",94.98078,5.193,2920374.5468712,127
"CD","nega","Metharbital","C9H14N2O3",197.09315,7.089,8247396.22316877,127
"CD","nega","Methyl 2-[(methylsulfonyl)amino]benzoate","C9H11NO4S",228.03368,2.606,63448.6026715595,127
"CD","nega","Methyl 2E,4Z-hexadecadienoate","C17H30O2",265.21737,2.241,664572.011935463,127
"CD","nega","Methylglutaric acid","C6H10O4",145.05205,14.143,39359290.2447089,127
"CD","nega","Methylmalonic acid","C4H6O4",117.01941,11.815,3715118.59840108,127
"CD","nega","Methylmalonylcarnitine","C11H19NO6",260.11519,13.975,589012.90946327,127
"CD","nega","Methylpyrazine","C5H6N2",93.04576,10.957,122766.618674265,127
"CD","nega","Midodrine","C12H18N2O4",253.12073,13.454,574271.026044886,127
"CD","nega","Mollicellin A","C21H18O7",381.10033,14.494,22990.3716163445,127
"CD","nega","Mono-trans-p-coumaroylmesotartaric acid","C14H14O8",309.06459,12.89,1580744.04838972,127
"CD","nega","Monobutyl phthalate","C12H14O4",221.08198,2.9,257523.13248748,127
"CD","nega","Monomethyl glutaric acid","C6H10O4",145.05197,1.206,1721476.40151295,127
"CD","nega","Monuron","C9H11ClN2O",197.04721,17.678,201851.522786058,127
"CD","nega","Morphine 3-Sulfate","C17H19NO6S",364.08925,20.61,40672.6698553875,127
"CD","nega","Muramic acid","C9H17NO7",250.0945,14.31,687077.432595039,127
"CD","nega","Myristic acid","C14H28O2",227.20171,2.284,31019508.2643495,127
"CD","nega","Myristicin","C11H12O3",191.07137,2.919,138908.972614354,127
"CD","nega","N'-(cyclohexylcarbonyl)-4-methyl-1,2,3-thiadiazole-5-carbohydrazide","C11H16N4O2S",267.09055,3.741,4873344.96309202,127
"CD","nega","N'-Formylkynurenine","C11H12N2O4",235.07231,7.792,1546726.23371953,127
"CD","nega","N'2-acetylpyridine-2-carbohydrazide","C8H9N3O2",178.06217,16.523,8155557.44926468,127
"CD","nega","N-Acetyl-D-Glucosamine 6-Phosphate","C8H16NO9P",300.04909,15.18,153760.098851181,127
"CD","nega","N-Acetyl-D-glucosamine","C8H15NO6",220.08411,11.054,591029.66872968,127
"CD","nega","N-Acetyl-D-lactosamine","C14H25NO11",382.1321,14.066,30964.9307683261,127
"CD","nega","N-Acetyl-L-alanine","C5H9NO3",130.05103,8.997,683234.836206863,127
"CD","nega","N-Acetyl-L-aspartic acid","C6H9NO5",174.0396,14.185,2074288.83184122,127
"CD","nega","N-Acetyl-L-glutamic acid","C7H11NO5",188.05781,14.328,6693342.96699185,127
"CD","nega","N-Acetyl-L-phenylalanine","C11H13NO3",206.08202,3.669,4818950.71494581,127
"CD","nega","N-Acetyl-L-tyrosine","C11H13NO4",222.07722,5.993,7052598.91501373,127
"CD","nega","N-Acetyl-b-glucosaminylamine","C8H16N2O5",219.09854,12.566,45980.223894904,127
"CD","nega","N-Acetylasparagine","C6H10N2O4",173.05674,12.413,1387411.82223204,127
"CD","nega","N-Acetylglucosamine 6-sulfate","C8H15NO9S",300.0396,5.404,4416574.2163841,127
"CD","nega","N-Acetylglutamine","C7H12N2O4",187.07247,11.146,457457.746423014,127
"CD","nega","N-Acetylhistidine","C8H11N3O3",196.0728,14.487,6624442.06544147,127
"CD","nega","N-Acetylneuraminic acid","C11H19NO9",308.0992,14.131,84693.6048874422,127
"CD","nega","N-Acetylserine","C5H9NO4",146.04596,10.364,1118650.44377893,127
"CD","nega","N-Acetyltryptophan","C13H14N2O3",245.09312,2.949,4335392.18581538,127
"CD","nega","N-Acetylvaline","C7H13NO3",158.08241,9.906,582455.754141425,127
"CD","nega","N-Butylbenzenesulfonamide","C10H15NO2S",212.07509,8.137,15137871.5721507,127
"CD","nega","N-Decanoylglycine","C12H23NO3",228.16046,3.562,284161.722602493,127
"CD","nega","N-Formylglycine","C3H5NO3",102.01962,9.971,644825.366317575,127
"CD","nega","N-Heptanoylglycine","C9H17NO3",186.11361,12.687,504666.897140431,127
"CD","nega","N-Lauroylglycine","C14H27NO3",256.19174,2.896,20189.0282862685,127
"CD","nega","N-Methyl-D-aspartic acid","C5H9NO4",146.04594,12.215,930315.282651438,127
"CD","nega","N-Methyl-L-histidine","C7H11N3O2",168.0779,14.011,2943461.28104677,127
"CD","nega","N-Methylnicotinamide","C7H8N2O",135.05637,17,2367147.33721429,127
"CD","nega","N-Nonanoylglycine","C11H21NO3",214.14493,4.128,131155.738217103,127
"CD","nega","N-Palmitoyl tyrosine","C25H41NO4",418.29656,2.624,7395.31625475697,127
"CD","nega","N-acetyl-L-2-aminoadipate(2-)","C8H13NO5",202.07351,14.16,8713833.17901978,127
"CD","nega","N-alpha-Acetyl-L-citrulline","C8H15N3O4",216.09902,12.452,66165.723572581,127
"CD","nega","N6-(2-furylmethyl)-9H-purin-6-amine","C10H9N5O",214.07349,15.047,4980180.35018363,127
"CD","nega","N6-Galacturonyl-L-lysine","C12H22N2O8",321.13342,3.827,12751.0047855582,127
"CD","nega","NP-001134","C16H22N4O2",301.16605,2.396,683770.255370409,127
"CD","nega","NP-022068","C8H12O5",187.06259,9.818,404041.779306284,127
"CD","nega","Nervonic acid","C24H46O2",365.34242,2.134,559014.948970623,127
"CD","nega","Nicotinic acid ribonucleoside","C11H13NO6",254.0686,13.241,15901.2355953999,127
"CD","nega","Nicotinuric acid","C8H8N2O3",179.04622,14.232,1729380.33858774,127
"CD","nega","Nonadecenoic acid","C19H38O2",297.27975,2.178,2162170.94538994,127
"CD","nega","Norspermidine","C6H17N3",130.1346,9.881,175610.248540332,127
"CD","nega","O-methoxycatechol-O-sulphate","C7H8O5S",203.00191,1.98,330930.287206739,127
"CD","nega","Ophthalmic acid","C11H19N3O6",288.12073,14.325,35673.9062454084,127
"CD","nega","Orotic acid","C5H4N2O4",155.00988,8.254,1557470.16746872,127
"CD","nega","Oxalacetic acid","C4H4O5",130.99738,14.471,55446.3277435776,127
"CD","nega","Oxalic acid","C2H2O4",88.98803,14.882,1219187.49903465,127
"CD","nega","Oxoadipic acid","C6H8O5",159.03045,12.95,1877690.43664355,127
"CD","nega","Oxoglutaric acid","C5H6O5",145.01551,14.024,1201180.49153551,127
"CD","nega","PE(16:0/18:2(9Z,12Z))","C39H74NO8P",714.50906,3.785,252229.458742123,127
"CD","nega","PE(18:4(6Z,9Z,12Z,15Z)/P-18:1(9Z))","C41H72NO7P",720.49911,2.853,15873.7457789944,127
"CD","nega","PE(20:4(5Z,8Z,11Z,14Z)/P-18:1(9Z))","C43H76NO7P",748.52984,2.966,79461.9279714485,127
"CD","nega","PE(P-16:0/20:4(5Z,8Z,11Z,14Z))","C41H74NO7P",722.51416,3.772,563878.327306883,127
"CD","nega","PE(P-18:1(11Z)/22:6(4Z,7Z,10Z,13Z,16Z,19Z))","C45H76NO7P",772.52989,2.792,685662.597049241,127
"CD","nega","PG(16:0/18:1(11Z))","C40H77O10P",747.52142,1.969,148171.451916947,127
"CD","nega","PG(16:0/18:2(9Z,12Z))","C40H75O10P",745.50331,2.02,169465.817377857,127
"CD","nega","PG(16:0/18:3(6Z,9Z,12Z))","C40H73O10P",743.48791,2.135,20435.7146307282,127
"CD","nega","PG(16:0/22:6(4Z,7Z,10Z,13Z,16Z,19Z))","C44H75O10P",793.50302,2,14505.1119545515,127
"CD","nega","PG(18:0/16:0)","C40H79O10P",749.53711,2.253,203520.392993355,127
"CD","nega","PG(18:0/20:4(5Z,8Z,11Z,14Z))","C44H79O10P",797.53505,2.099,14233.9891431621,127
"CD","nega","PG(18:2(9Z,12Z)/18:2(9Z,12Z))","C42H75O10P",769.50337,2.009,112759.339759717,127
"CD","nega","PG(18:2(9Z,12Z)/22:5(7Z,10Z,13Z,16Z,19Z))","C46H77O10P",819.52124,2.002,15151.6236108553,127
"CD","nega","PG(18:2(9Z,12Z)/22:6(4Z,7Z,10Z,13Z,16Z,19Z))","C46H75O10P",817.50361,1.992,21636.9503792875,127
"CD","nega","PS(16:0/22:6(4Z,7Z,10Z,13Z,16Z,19Z))","C44H74NO10P",806.49857,3.79,27135.5540217708,127
"CD","nega","PS(18:0/18:0)","C42H82NO10P",790.56177,2.943,212106.92223803,127
"CD","nega","PS(18:0/18:2(9Z,12Z))","C42H78NO10P",786.53076,3.759,123263.185830408,127
"CD","nega","PS(18:1(9Z)/18:0)","C42H80NO10P",788.54593,3.271,8225.00041483434,127
"CD","nega","Palmitic Acid","C16H32O2",255.23304,3.618,23983525.6009948,127
"CD","nega","Palmitic acid","C16H32O2",255.23291,2.236,558154477.552848,127
"CD","nega","Palmitic acid alkyne","C16H28O2",251.20187,2.261,4740408.3178738,127
"CD","nega","Palmitoleic acid","C16H30O2",253.21745,2.248,162773992.591518,127
"CD","nega","Pantothenic acid","C9H17NO5",218.10341,9.466,4486953.37718257,127
"CD","nega","Paraxanthine","C7H8N4O2",179.0574,4.03,142429.970711551,127
"CD","nega","Pelargonic acid","C9H18O2",157.12342,2.577,4504143.54919648,127
"CD","nega","Pentacosanoic acid","C25H50O2",381.37371,2.146,81631.5950710475,127
"CD","nega","Pentadecadienoic acid","C15H26O2",237.18606,2.305,179413.16315351,127
"CD","nega","Pentadecanoic acid","C15H30O2",241.2174,2.26,5227697.77603712,127
"CD","nega","Perillic acid","C10H14O2",165.09211,2.505,8377983.4762292,127
"CD","nega","Phenol","C6H6O",93.03453,2.016,1486032.29241136,127
"CD","nega","Phenol sulphate","C6H6O4S",172.99136,2.016,12113411.7548329,127
"CD","nega","Phenyllactic acid","C9H10O3",165.05552,8.064,167248.265926722,127
"CD","nega","Phosphocreatinine","C4H8N3O4P",192.01639,4.132,171318.677252355,127
"CD","nega","Phosphorylcholine","C5H14NO4P",182.05716,14.388,8918720.5357664,127
"CD","nega","Pimelic acid","C7H12O4",159.06723,13.692,21969141.6691013,127
"CD","nega","Porphobilinogen","C10H14N2O4",225.08944,10.707,2994174.0370547,127
"CD","nega","Portuloside A","C16H26O7",329.16007,2.718,23688.5474585108,127
"CD","nega","Propionic acid","C3H6O2",73.02946,3.854,6220544.85403488,127
"CD","nega","Prostaglandin D2","C20H32O5",351.22009,1.874,6821226.8657939,127
"CD","nega","Prostaglandin E3","C20H30O5",349.20242,3.958,35275.9757262735,127
"CD","nega","Prostaglandin F1a","C20H36O5",355.24848,2.294,54996.6282936983,127
"CD","nega","Pseudouridine","C9H12N2O6",243.06228,10.044,6013121.60997535,127
"CD","nega","Pteroic acid","C14H12N6O3",311.08984,14.319,96512.3487371039,127
"CD","nega","Pteroside B","C20H28O7",379.17943,3.762,25580.6045204035,127
"CD","nega","Pyridoxamine","C8H12N2O2",167.08267,14.274,354542.871314352,127
"CD","nega","Pyrocatechol sulfate","C6H6O5S",188.98622,1.998,217557.271914394,127
"CD","nega","Pyrogallol","C6H6O3",125.02437,12.727,3542382.68865104,127
"CD","nega","Pyrrole-2-carboxylic acid","C5H5NO2",110.02468,3.078,559247.99481659,127
"CD","nega","Pyruvaldehyde","C3H4O2",71.01379,14.547,1675813.4023448,127
"CD","nega","Pyruvic acid","C3H4O3",87.00866,3.764,99964935.9801716,127
"CD","nega","Quinaldic acid","C10H7NO2",172.04045,3.744,1645277.96870863,127
"CD","nega","Quinic acid","C7H12O6",191.05752,12.705,1731365.26864584,127
"CD","nega","Quinoline","C9H7N",128.05057,3.769,1660236.85622662,127
"CD","nega","Quinolinic acid","C7H5NO4",166.01442,15.718,29372.5782309282,127
"CD","nega","Ribothymidine","C10H14N2O6",257.07922,13.735,1616926.7787328,127
"CD","nega","Rosmarinic acid","C18H16O8",359.07401,4.996,85006.0465531659,127
"CD","nega","Rosterolone","C23H38O2",345.28002,2.696,66237.9927307374,127
"CD","nega","Saccharopine","C11H20N2O6",275.12641,13.975,105140.472994707,127
"CD","nega","Sebacic acid","C10H18O4",201.11329,12.336,404806.517889199,127
"CD","nega","Sedoheptulose","C7H14O7",209.06811,12.002,241072.582443094,127
"CD","nega","Sedoheptulose 7-phosphate","C7H15O10P",289.03538,14.529,60146.3921568774,127
"CD","nega","Sepiapterin","C9H11N5O3",236.0789,14.126,2753750.26074272,127
"CD","nega","Shikimate-3-phosphate","C7H11O8P",253.00943,14.673,12899.3546008354,127
"CD","nega","Shikimic acid","C7H10O5",173.04691,14.091,13391933.2959972,127
"CD","nega","Solasodine","C27H43NO2",412.3184,3.815,19004.6685310333,127
"CD","nega","Stearic acid","C18H36O2",283.2638,2.197,289749792.970371,127
"CD","nega","Suberic acid","C8H14O4",173.08325,12.233,11053250.283048,127
"CD","nega","Succinic acid","C4H6O4",117.02043,13.975,17290107.3198798,127
"CD","nega","Succinic acid semialdehyde","C4H6O3",101.0244,7.145,14966474.3035762,127
"CD","nega","Succinylcarnitine","C11H19NO6",260.11493,15.83,911847.891247197,127
"CD","nega","Sulfoglycolithocholate(2-)","C26H43NO7S",512.26811,3.589,2073687.9601409,127
"CD","nega","Taurine","C2H7NO3S",124.00731,11.747,332279719.848408,127
"CD","nega","Taurochenodeoxycholate-3-sulfate","C26H45NO9S2",578.24683,2.714,6874.44148607216,127
"CD","nega","Taurocholic acid","C26H45NO7S",514.28371,3.586,23301550.6926198,127
"CD","nega","Taurodeoxycholic acid","C26H45NO6S",498.28916,3.633,6154796.00120712,127
"CD","nega","Tauroursodeoxycholic acid","C26H45NO6S",498.28937,8.258,6726.6690546881,127
"CD","nega","Tetracosahexaenoic acid","C24H36O2",355.26421,2.154,1796547.78574073,127
"CD","nega","Tetracosanoic acid","C24H48O2",367.35809,2.136,526554.991391977,127
"CD","nega","Tetracosapentenoic acid","C24H38O2",357.27988,2.152,684528.384924282,127
"CD","nega","Tetracosatetraenoic acid (24:4n-6)","C24H40O2",359.29547,2.15,185678.980241121,127
"CD","nega","Tetradecanedioic acid","C14H26O4",257.17598,3.796,360594.902356932,127
"CD","nega","Tetradecenoic acid","C14H26O2",225.1861,2.299,7329136.01526674,127
"CD","nega","Tetrahydrocortisol","C21H34O5",365.23342,3.806,114359.085086331,127
"CD","nega","Thiodiacetic acid","C4H6O4S",148.99118,8.604,2918184.29955308,127
"CD","nega","Thymidine","C10H14N2O5",241.08444,3.787,2151655.58640107,127
"CD","nega","Traumatic acid","C12H20O4",227.12893,3.785,1873538.68603729,127
"CD","nega","Trehalose 6-phosphate","C12H23O14P",421.07825,11.45,8554.19616713855,127
"CD","nega","Trichocarposide","C22H24O9",431.1376,2.729,3782.78083891833,127
"CD","nega","Tricosanoic acid","C23H46O2",353.34256,2.138,241924.42974691,127
"CD","nega","Tridecanoic acid","C13H26O2",213.18602,2.333,530032.17662001,127
"CD","nega","Trihydroxycoprostanoic acid","C28H48O5",463.3431,2.646,139764.824979544,127
"CD","nega","Tyrosol 4-sulfate","C8H10O5S",217.01613,20.856,1204274.8592135,127
"CD","nega","Undecanoic acid","C11H22O2",185.15481,3.63,124066.372208242,127
"CD","nega","Ureidosuccinic acid","C5H8N2O5",175.03578,19.089,184537.048121375,127
"CD","nega","Uric acid","C5H4N4O3",167.02109,12.543,1778698.47472405,127
"CD","nega","Uridine","C9H12N2O6",243.06222,7.355,115861222.651173,127
"CD","nega","Uridine 5'-monophosphate","C9H13N2O9P",323.02869,14.909,30206.9356736729,127
"CD","nega","Urocanic acid","C6H6N2O2",137.03572,9.815,5374103.94534811,127
"CD","nega","Vanillic acid 4-O-sulfate","C8H8O7S",246.99176,5.608,619849.420445171,127
"CD","nega","Vanilloylglycine","C10H11NO5",224.05788,14.211,997717.541402345,127
"CD","nega","Vanylglycol","C9H12O4",183.06613,3.527,7193445.63971355,127
"CD","nega","Xanthine","C5H4N4O2",151.02616,8.963,510454.182388543,127
"CD","nega","Xanthosine","C10H12N4O6",283.06855,10.972,42542.2013886217,127
"CD","nega","Xanthurenic acid","C10H7NO4",204.03023,3.708,198918.321891044,127
"CD","nega","Ximenic acid","C26H50O2",393.37403,2.125,41163.7385257331,127
"CD","nega","[6]-Gingerdiol 3,5-diacetate","C21H32O6",379.21598,2.392,62620.384232904,127
"CD","nega","all-trans-Retinoic acid","C20H28O2",299.20146,2.282,18371589.2987906,127
"CD","nega","alpha-(1,2-Dihydroxyethyl)-1,2,3,4-tetrahydro-7-hydroxy-9-methoxy-3,4-dioxocyclopenta[c][1]benzopyran-6-acetaldehyde","C17H16O8",347.07452,20.397,104568.887333239,127
"CD","nega","alpha-D-Glucose","C6H12O6",179.05754,13.86,898207.319436396,127
"CD","nega","alpha-Ketoisovaleric acid","C5H8O3",115.0401,2.813,11105694.0163336,127
"CD","nega","alpha-Tocopherol","C29H50O2",429.37355,2.281,62383.8922837971,127
"CD","nega","beta-Alanine","C3H7NO2",88.04037,14.013,22756017.2383433,127
"CD","nega","beta-Glycerophosphoric acid","C3H9O6P",171.00613,12.703,966948.512845632,127
"CD","nega","c19:3","C19H32O2",291.23257,2.193,91012.1368346582,127
"CD","nega","c23:3","C23H40O2",347.2957,2.669,59307.3462434984,127
"CD","nega","c26:3","C26H46O2",389.34305,2.112,12547.2767060644,127
"CD","nega","c26:6","C26H40O2",383.29544,2.132,9481.57897144468,127
"CD","nega","cis-2-Methylaconitate","C7H8O6",187.02361,14.266,843439.595487841,127
"CD","nega","cortisol 21-acetate","C23H32O6",403.21271,2.739,18693.426317709,127
"CD","nega","dCTP","C9H16N3O13P3",465.98682,11.85,73699.8838804697,127
"CD","nega","dIMP","C10H13N4O7P",331.04545,14.621,11406.8310676813,127
"CD","nega","delta-Valerolactone","C5H8O2",99.04512,2.711,168319.523941779,127
"CD","nega","dg (39:5)","C42H72O5",655.53112,2.218,112589.909138502,127
"CD","nega","dibutyl oxopropanedioate","C11H18O5",229.10818,12.607,53194.3824095259,127
"CD","nega","ethyl 2-nitro-3-(4-nitrophenyl)acrylate","C11H10N2O6",265.04804,3.645,24772.4263694307,127
"CD","nega","ethyl 3-[(1-benzyl-4-piperidyl)amino]-2-cyanoacrylate","C18H23N3O2",312.1718,1.994,1090028.57996688,127
"CD","nega","galacturonate","C6H10O7",193.03412,15.685,273361.053452774,127
"CD","nega","gamma-Glutamylglutamic acid","C10H16N2O7",275.08993,14.292,533538.302434158,127
"CD","nega","gamma-Glutamyltyrosine","C14H18N2O6",309.11089,14.193,170732.77154245,127
"CD","nega","gamma-Linolenic acid","C18H30O2",277.21734,2.236,91154937.0858821,127
"CD","nega","glucosaminate","C6H13NO6",194.06818,16.188,43682.524806279,127
"CD","nega","hydroxyvalerylglycine","C7H13NO4",174.0784,1.275,60152.699191675,127
"CD","nega","lysops(22:0)","C28H56NO9P",580.36268,3.893,21133638.6012314,127
"CD","nega","mannosyl-glycerate","C9H16O9",267.07202,7.946,23503800.4153623,127
"CD","nega","methyl {[(2-oxo-2H-pyran-6-yl)carbonyl]amino}methanethioate","C8H7NO4S",212.00238,3.644,483674.555317035,127
"CD","nega","myo-Inositol","C6H12O6",179.05751,15.982,7324078.1361599,127
"CD","nega","o-succinyl-homoserine","C8H13NO6",218.06834,15.134,7068355.21686038,127
"CD","nega","p-Acetaminobenzaldehyde","C9H9NO2",162.05617,3.796,99753.7752142053,127
"CD","nega","p-Coumaraldehyde","C9H8O2",147.04508,3.583,437138.421376616,127
"CD","nega","p-Hydroxyphenylacetic acid","C8H8O3",151.04013,5.418,589137.120412938,127
"CD","nega","pentalenic acid","C15H22O3",249.14969,1.972,172190.106833464,127
"CD","nega","trans-4-Hydroxycyclohexylacetic acid","C8H14O3",157.08693,3.527,1349373.86311312,127
"CD","nega","trans-Aconitic acid","C6H6O6",173.01054,14.348,1704487.37747289,127
"CD","nega","trans-trans-Muconic acid","C6H6O4",141.02038,9.922,5177280.23290973,127
"CD","nega","vanillyl mandelate","C9H10O5",197.04685,13.854,2463330.13239226,127
"CD","posi","(+)-2,7-Dideoxypancratistatin","C14H15NO6",294.09452,13.503,15601.5799119936,128
"CD","posi","(+)-Estrone","C18H22O2",271.16904,2.504,371313.284241867,128
"CD","posi","(+)-Simvastatin","C25H38O5",419.28254,2.367,48721.0352633093,128
"CD","posi","(+)-castanospermine","C8H15NO4",190.10832,17.544,51917.8481073116,128
"CD","posi","(10E,12Z)-10,12-Hexadecadienal","C16H28O",254.24773,2.445,145263.691857615,128
"CD","posi","(10Z,12Z)-octadeca-10,12-dienoylcarnitine","C25H45NO4",424.34175,2.997,3095407.06581224,128
"CD","posi","(15R,21S)-18,21,22-Trihydroxy-3-methyl-18-oxido-12-oxo-13,17,19-trioxa-18λ~5~-phosphadocosan-15-yl 22-methyltetracosanoate","C44H87O10P",807.60817,3.791,125070.354716484,128
"CD","posi","(15R,21S)-18,21,22-Trihydroxy-3-methyl-18-oxido-12-oxo-13,17,19-trioxa-18λ~5~-phosphadocosan-15-yl 22-methyltricosanoate","C43H85O10P",793.59389,2.949,3921847.70767258,128
"CD","posi","(15Z,19R)-25-Amino-22-hydroxy-22-oxido-17,21,23-trioxa-22λ~5~-phosphapentacos-15-en-19-yl (6Z,9Z,12Z)-6,9,12-octadecatrienoate","C39H72NO7P",698.51133,2.982,89940.9999229137,128
"CD","posi","(19R,25S)-22,25,26-Trihydroxy-22-oxido-16-oxo-17,21,23-trioxa-22λ~5~-phosphahexacosan-19-yl (9Z)-9-hexadecenoate","C38H73O10P",721.50617,8.186,259129.633380555,128
"CD","posi","(19R,25S)-22,25,28,28-Tetrahydroxy-22,28-dioxido-16-oxo-17,21,23,27-tetraoxa-22λ~5~,28λ~5~-diphosphaoctacosan-19-yl palmitate","C38H76O13P2",803.4891,8.532,100480.839557321,128
"CD","posi","(1E)-1-(Allyldisulfanyl)-3-(methylsulfinyl)-1-propene","C7H12OS3",209.01297,5.945,49168609.6537681,128
"CD","posi","(1R,3R,5R)-2-[(2S)-2-Amino-2-(3,5-dihydroxyadamantan-1-yl)acetyl]-2-azabicyclo[3.1.0]hexane-3-carbonitrile","C18H25N3O3",395.20623,2.449,602035.996753026,128
"CD","posi","(1R,5R)-3,3,5-Trimethylcyclohexyl 5-oxo-L-prolinate","C14H23NO3",524.37071,3.957,77445718.3565114,128
"CD","posi","(1R,7R,10R)-4,10,11,11-Tetramethyl-3-methylenetricyclo[5.3.1.0~1,5~]undec-4-ene","C16H24",217.195,2.507,64693.954467594,128
"CD","posi","(1′R,2S,4′S,5S,6R,8′R,10′E,12′S,13′S,14′E,16′E,20′S,24′S)-6-[(2S)-2-Butanyl]-12′,24′-dihydroxy-5,11′,13′,22′-tetramethyl-5,6-dihydro-2′H,21′H-spiro[pyran-2,6′-[3,7,19]trioxatetracyclo[15.6.1.1~4,8~.0~
20,24~]pentacosa[10,14,16,22]tetraene]-2′,21′-dione","C34H46O8",583.32364,8.294,76476.4363746975,128
"CD","posi","(24Z)-3-Acetoxy-15-hydroxy-7-methoxylanosta-8,24-dien-26-oic acid","C33H52O6",545.38647,2.369,49796.6176937747,128
"CD","posi","(2E)-2-Cyano-N-(ethylcarbamoyl)-2-(methoxyimino)acetamide","C7H10N4O3",199.08251,16.242,11697.1896404027,128
"CD","posi","(2E)-3,7,11,15-Tetramethyl-2-hexadecenal","C20H38O",312.32597,2.431,21937063.9822766,128
"CD","posi","(2E)-3-(4-Hydroxyphenyl)-N-[2-(1H-indol-3-yl)ethyl]acrylamide","C19H18N2O2",307.14122,3.779,64945.9934172194,128
"CD","posi","(2E)-hexadecenoylcarnitine","C23H43NO4",398.32632,2.408,190594.269586635,128
"CD","posi","(2E,4E)-2,4-Hexadienoic acid","C6H8O2",113.05935,2.621,895465.387873417,128
"CD","posi","(2E,4E,12Z)-N-Isobutyl-2,4,12-octadecatrienamide","C22H39NO",334.31038,2.498,89495.232764533,128
"CD","posi","(2E,4Z)-N-Isobutyl-2,4-octadecadienamide","C22H41NO",336.32592,2.493,826272.189428145,128
"CD","posi","(2E,5Z,7E)-Decatrienoylcarnitine","C17H27NO4",310.20109,5.743,2072227.35842355,128
"CD","posi","(2E,6E)-Farnesol","C15H26O",240.23201,2.431,66632.7458658854,128
"CD","posi","(2E,6E)-farnesyl monophosphate","C15H27O4P",303.17017,2.812,22750.6684925697,128
"CD","posi","(2E,8E,10E,12E,14E,16E,18E,20E,22E,24E,26E,28E,34E)-2,8,12,16,21,25,29,35-Octamethyl-5,32-bis(1-methylethenyl)-2,8,10,12,14,16,18,20,22,24,26,28,34-hexatriacontatridecaene-1,36-diol","C50H72O2",705.55459,3.953,146415.679635913,128
"CD","posi","(2R)-1-[(5Z,8Z,11Z)-5,8,11-Icosatrienoyloxy]-3-(octadecyloxy)-2-propanyl (4Z,7Z,10Z,13Z,16Z,19Z)-4,7,10,13,16,19-docosahexaenoate","C63H106O5",480.9262,15.611,348700.415054024,128
"CD","posi","(2R)-1-[(Hydroxy{[(1s,3R)-2,3,4,5,6-pentahydroxycyclohexyl]oxy}phosphoryl)oxy]-3-(palmitoyloxy)-2-propanyl (11Z,14Z)-11,14-icosadienoate","C45H83O13P",863.56441,3.53,26788.810063415,128
"CD","posi","(2R)-1-{[(2-Aminoethoxy)(hydroxy)phosphoryl]oxy}-3-hydroxy-2-propanyl (13Z,16Z)-13,16-docosadienoate","C27H52NO7P",534.35573,4.107,81914.6438497465,128
"CD","posi","(2R)-2-(Pentadecanoyloxy)-3-(phosphonooxy)propyl (9Z)-9-hexadecenoate","C34H65O8P",633.45287,2.509,249304.046612019,128
"CD","posi","(2R)-2-Hydroxy-3-(phosphonooxy)propyl (11Z)-11-docosenoate","C25H49O7P",510.35507,2.958,5639105.67615096,128
"CD","posi","(2R)-2-Hydroxy-3-(phosphonooxy)propyl (13Z,16Z)-13,16-docosadienoate","C25H47O7P",508.33964,4.039,2381870.49143887,128
"CD","posi","(2R)-2-[(4Z,7Z,10Z,13Z,16Z,19Z)-4,7,10,13,16,19-Docosahexaenoyloxy]-3-(octadecyloxy)propyl tetracosanoate","C67H120O5",335.97573,1.991,157274.104093252,128
"CD","posi","(2R)-3-(Phosphonooxy)-1,2-propanediyl (6Z,9Z,12Z,15Z,6′Z,9′Z,12′Z,15′Z)bis(-6,9,12,15-octadecatetraenoate)","C39H61O8P",689.42145,3.077,17630.9558212138,128
"CD","posi","(2R)-3-(Phosphonooxy)-2-[(9Z)-9-tetradecenoyloxy]propyl palmitate","C33H63O8P",619.43439,1.956,14352.708596811,128
"CD","posi","(2R)-3-[(Hydroxy{[(1s,3R)-2,3,4,5,6-pentahydroxycyclohexyl]oxy}phosphoryl)oxy]-1,2-propanediyl dihexadecanoate","C41H79O13P",414.78483,14.881,68281.1151890964,128
"CD","posi","(2R,3R,3aR,4aS,4bS,6aS,8aR,11aR,15bS,15cR,17aS)-3,4b-Dihydroxy-2-isopropenyl-9,9,11,11,15b,15c-hexamethyl-3,3a,5,6,6a,8,8a,9,11,11a,15,15b,15c,16,17,17a-hexadecahydro-2H,4bH-[2]benzofuro[5,6-e]oxireno
[4′,4a′]chromeno[5′,6′:6,7]indeno[1,2-b]indol-12(7H)-one","C37H47NO6",602.3507,2.507,68151.4265076757,128
"CD","posi","(2R,3R,4R)-2-Amino-4-hydroxy-3-methylpentanoic acid","C6H13NO3",148.09649,6.167,9361973.41546818,128
"CD","posi","(2S)-1-{[11-(3,4-Dimethyl-5-pentyl-2-furyl)undecanoyl]oxy}-3-hydroxy-2-propanyl 13-(3-methyl-5-pentyl-2-furyl)tridecanoate","C48H82O7",771.60744,3.852,421983.94973788,128
"CD","posi","(2S)-1-{[11-(3,4-Dimethyl-5-propyl-2-furyl)undecanoyl]oxy}-3-hydroxy-2-propanyl 13-(3-methyl-5-pentyl-2-furyl)tridecanoate","C46H78O7",743.57737,3.679,120101.191166301,128
"CD","posi","(2S)-3-(Pentadecanoyloxy)-2-[(9Z)-9-tetradecenoyloxy]propyl (5Z,8Z,11Z,14Z,17Z)-5,8,11,14,17-icosapentaenoate","C52H88O6",809.66897,2.932,142348.575975343,128
"CD","posi","(2S)-3-Hydroxy-1,2-propanediyl bis[11-(3,4-dimethyl-5-propyl-2-furyl)undecanoate]","C43H72O7",701.53031,3.829,39520.8114590627,128
"CD","posi","(2S)-4-Methyl-2-({[(3S,4S,5R)-2,3,4-trihydroxy-5-(hydroxymethyl)tetrahydro-2-furanyl]methyl}amino)pentanoic acid (non-preferred name)","C12H23NO7",294.15457,8.122,399747.795109035,128
"CD","posi","(2S,3R,3aR,4aS,4bS,6aS,12bS,12cR,14aS)-2-(2-Hydroxy-2-propanyl)-12b,12c-dimethyl-8,9-bis(3-methyl-2-buten-1-yl)-3,3a,5,6,6a,7,12,12b,12c,13,14,14a-dodecahydro-2H,4bH-oxireno[4′,4a′]chromeno[5′,6′:6,7]
indeno[1,2-b]indole-3,4b-diol","C37H51NO5",590.38976,2.867,42540.0185529922,128
"CD","posi","(2S,3S,4S,5R,6S)-6-(Hydroxymethyl)-5-{[(2R,3S,4S,5R,6S)-3,4,5-trihydroxy-6-(hydroxymethyl)-5-{[(2R,3S,4R,5R,6S)-3,4,5-trihydroxy-6-(hydroxymethyl)tetrahydro-2H-pyran-2-yl]oxy}tetrahydro-2H-pyran-2-yl]
oxy}tetrahydro-2H-pyran-2,3,4,5-tetrol","C18H32O18",537.16433,2.868,20780.0073462795,128
"CD","posi","(2S,4S)-4-Amino-2-hydroxy-2-methylpentanedioic acid","C6H11NO5",178.07098,12.776,407753.128451255,128
"CD","posi","(2Z)-2-Methyl-5-(2-methyl-3-methylenebicyclo[2.2.1]hept-2-yl)-2-penten-1-yl phenylacetate","C23H30O2",371.25788,2.411,117140.251459984,128
"CD","posi","(2Z)-N-(3-Aminopropyl)-N-{4-[(3-aminopropyl)amino]butyl}-3-(4-hydroxy-3,5-dimethoxyphenyl)acrylamide","C21H36N4O4",410.61553,2.416,84234.5505300799,128
"CD","posi","(2Z,6Z,10E,14E)-3,7,11,15,19-Pentamethyl-2,6,10,14,18-icosapentaenal","C25H40O",357.31088,2.435,44151.7374734358,128
"CD","posi","(3E)-4,8-Dimethyl-1,3,7-nonatriene","C11H18",151.1479,2.553,85911.547988366,128
"CD","posi","(3E)-4-(5-Hydroxy-1-oxo-1H-isochromen-3-yl)-3-buten-2-yl hydrogen sulfate","C13H12O7S",391.05318,4.768,7414657.93198328,128
"CD","posi","(3E)-6-[16-(Hexopyranosyloxy)-19-methoxy-5,9,17,17-tetramethyl-18-oxapentacyclo[10.5.2.0~1,13~.0~4,12~.0~5,9~]nonadec-2-en-8-yl]-2-methyl-3-hepten-2-yl hexopyranoside","C43H70O14",414.76165,4.29,90603.3458566288,128
"CD","posi","(3E,5E,7E,9E,11E,13E,15E,17Z,19E)-5,9,14,18-Tetramethyl-20-(2,6,6-trimethyl-1-cyclohexen-1-yl)-3,5,7,9,11,13,15,17,19-icosanonaen-2-one","C33H44O",458.81044,2.488,736273.986516566,128
"CD","posi","(3E,5S,6S,7S,9R,11E,13E,15R,16R)-16-Ethyl-15-(hydroxymethyl)-5,7,9-trimethyl-2,10-dioxooxacyclohexadeca-3,11,13-trien-6-yl 3,4,6-trideoxy-3-(dimethylamino)-β-D-xylo-hexopyranoside","C29H47NO7",522.34566,4.082,13346946.3195774,128
"CD","posi","(3E,5S,6S,7S,9R,11E,13E,15S,16R)-16-Ethyl-5,7,9,15-tetramethyl-2,10-dioxooxacyclohexadeca-3,11,13-trien-6-yl 3,4,6-trideoxy-3-(dimethylamino)-β-D-xylo-hexopyranoside","C29H47NO6",506.35203,3.523,18315.174049044,128
"CD","posi","(3R,3′R)-3-Hydroxy-β,β-caroten-3′-yl 6-O-(6-methylheptanoyl)-D-glucopyranoside","C54H80O8",857.58599,2.935,376128.054578034,128
"CD","posi","(3Z,6E)-N-Hydroxy-2,4,4,7-tetramethyl-6,8-nonadien-3-imine","C13H23NO",210.18512,7.896,1501770.55340669,128
"CD","posi","(3Z,6Z,9Z,12Z,21R)-27-Amino-24-hydroxy-24-oxido-18-oxo-19,23,25-trioxa-24λ~5~-phosphaheptacosa-3,6,9,12-tetraen-21-yl (5Z,8Z,11Z,14Z,17Z)-5,8,11,14,17-icosapentaenoate","C43H68NO8P",390.7327,3.803,290516.642187646,128
"CD","posi","(3aS,4R,6aR)-2-Oxohexahydro-1H-thieno[3,4-d]imidazole-4-carboxylic acid","C6H8N2O3S",252.03981,11.847,115736.355378773,128
"CD","posi","(3α,4β,5α,6α,7β,14β,22R)-3,4,6,7,29-Pentahydroxy-22,29-epoxystigmastan-15-one","C29H48O7",509.34324,3.967,203043.159542854,128
"CD","posi","(3α,5β,12α,17ξ)-12,24-Dihydroxy-24-oxocholan-3-yl D-glucopyranosiduronic acid","C30H48O10",569.33358,8.707,99679.1302892619,128
"CD","posi","(4-{[2-(3-Chlorophenyl)-6-(trifluoromethyl)-4-pyridinyl]methyl}phenyl)acetic acid","C21H15ClF3NO2",406.07894,12.81,447493.981139872,128
"CD","posi","(5S,6R,7E,9E,12S,14Z)-6-{[(2S)-2-Amino-2-carboxyethyl]sulfanyl}-5,12-dihydroxy-7,9,14-icosatrienoic acid","C23H39NO6S",458.25346,2.594,84051.8786410494,128
"CD","posi","(5Z,8Z)-Tetradecadienoylcarnitine","C21H37NO4",368.2793,3.948,862907.249043453,128
"CD","posi","(5α)-Androst-3-en-17-one","C19H28O",255.21061,2.427,223167.494855439,128
"CD","posi","(5α,10β)-6-Allylergoline-8-carboxylic acid","C18H20N2O2",297.15681,6.911,948208.09383629,128
"CD","posi","(6E,10E)-3,7,11,15-tetramethylhexadeca-1,6,10,14-tetraene-3,5,9-triol","C20H34O3",323.25778,2.456,95002.5114619806,128
"CD","posi","(6Z,9Z,12Z,15Z)-6,9,12,15-Octadecatetraenal","C18H28O",261.22129,2.385,159832.477634267,128
"CD","posi","(6Z,9Z,12Z,15Z,23R,29S)-26,29,30-Trihydroxy-26-oxido-20-oxo-21,25,27-trioxa-26λ~5~-phosphatriaconta-6,9,12,15-tetraen-23-yl (4Z,7Z,10Z,13Z,16Z,19Z)-4,7,10,13,16,19-docosahexaenoate","C48H75O10P",843.52128,15.629,56740.527583849,128
"CD","posi","(7Z,10Z)-Hexadecadienoylcarnitine","C23H41NO4",396.51463,3.766,549925.67623021,128
"CD","posi","(8E)-2-Amino-8-octadecene-1,3,4-triol","C18H37NO3",316.28436,8.639,182878.41684807,128
"CD","posi","(8Z,10E)-Dodeca-8,10-dienoylcarnitine","C19H33NO4",340.248,4.186,97299.4071194089,128
"CD","posi","(8Z,11Z)-henicosa-8,11-dienoic acid","C21H38O2",323.29431,2.377,379493.678228781,128
"CD","posi","(9Z)-9-Octadecenamide","C18H35NO",282.27882,3.978,210123.17330314,128
"CD","posi","(Ac)2-L-Lys-D-Ala","C13H23N3O5",302.17196,7.566,213073.886828695,128
"CD","posi","(Ac)2-L-Lys-D-Ala-D-Ala","C16H28N4O6",373.97573,2.255,20551.3143243135,128
"CD","posi","(E)-Chalcone","C15H12O",256.46824,2.747,45469.8644796944,128
"CD","posi","(E)-Diethylstilbestrol","C18H20O2",269.15341,2.529,213336.42986343,128
"CD","posi","(E)-Stilbestrol","C14H12O2",251.04693,2.65,24279.2818250049,128
"CD","posi","(E,E)-2,4-Dodecadienal","C12H20O",163.14808,2.455,475373.813745074,128
"CD","posi","(E,E)-α-Farnesene","C15H24",205.19487,2.396,62318.5127590506,128
"CD","posi","(R)-3,4-Dihydro-2-(4,8,12-trimethyl-3,7,11-tridecatrienyl)-2H-1-benzopyran-6-ol","C25H36O2",754.57504,2.996,232851.023420123,128
"CD","posi","(R)-5-Deoxyindenestrol","C18H18O",251.14282,2.486,169145.815107598,128
"CD","posi","(RS)-5-diphosphomevalonate","C6H14O10P2",638.99811,15.734,1009786.83616346,128
"CD","posi","(S)-2-hydrazino-3-(4-hydroxy-3-methoxyphenyl)-2-methylpropionic acid","C11H16N2O4",241.11761,3.416,348331.87016544,128
"CD","posi","(S)-2-methylbutanal","C5H10O",104.10702,8.338,2116574.77933268,128
"CD","posi","(S)-3-(indol-3-yl)-2-oxobutyric acid","C12H11NO3",218.08106,10.281,5802.22502726714,128
"CD","posi","(S)-Homostachydrine","C8H15NO2",140.10699,2.548,1851131.28202586,128
"CD","posi","(S)-beta-Aminoisobutyric acid","C4H9NO2",104.07055,13.538,2060121.24616123,128
"CD","posi","(S,E)-Zearalenone","C18H22O5",637.3048,2.357,4921404.65024696,128
"CD","posi","(Z)-4-Methyl-2-phenylpent-2-enal","C12H14O",216.1383,3.016,254394.442917408,128
"CD","posi","(Z)-thiofanox","C9H18N2O2S",217.24749,2.498,95893.2395373175,128
"CD","posi","(Z,Z,Z)-octadeca-4,7,10-trienenitrile","C18H29N",260.23723,2.451,58294.8867754898,128
"CD","posi","(rac)-Lomedeucitinib","C18H17D3N6O4S",420.15092,14.082,24123.8376184849,128
"CD","posi","(±)-Camphoric acid","C10H16O4",201.11226,3.34,43170.4883142731,128
"CD","posi","(±)-Limonene","C10H16",137.13236,2.586,96412.9561994733,128
"CD","posi","(±)-Metanephrine","C10H15NO3",198.11215,4.107,201222.686736042,128
"CD","posi","(±)-Sakuranetin","C16H14O5",287.09135,13.822,268244.761061833,128
"CD","posi","(±)-Tetrahydropalmatine","C21H25NO4",356.18571,2.977,113644.0581065,128
"CD","posi","(±)-Tropinone","C8H13NO",122.09641,7.799,19080179.73991,128
"CD","posi","(Â±)-Metalaxyl","C15H21NO4",280.15424,8.767,89527.7539796839,128
"CD","posi","(−)-(α)-Kainic Acid","C10H15NO4",214.10773,15.029,12241.7351724444,128
"CD","posi","(−)-Brucine","C23H26N2O4",395.19549,17.06,143832.558667017,128
"CD","posi","(−)-Lupinine","C10H19NO",170.15404,2.459,60119.1259284836,128
"CD","posi",".alpha.-Aminoadipic acid","C6H11NO4",162.0758,20.478,703902.478961249,128
"CD","posi","1,1,6-Trimethyl-1,2-dihydronaphthalene","C13H16",173.13259,2.421,707174.61278278,128
"CD","posi","1,1-Dimethoxydecane","C12H26O2",446.41987,3.012,107886.50739035,128
"CD","posi","1,2,3,9,10-Pentamethoxy-7H-dibenzo[de,g]quinolin-7-one","C21H19NO6",364.12114,16.031,28782.9276378323,128
"CD","posi","1,2,3-Tris[(1-ethoxy)ethoxy]propane","C15H32O6",309.26992,3.042,203150.209950202,128
"CD","posi","1,2-DIPHENYLCYCLOBUTANE","C16H16",209.13217,3.746,41046.4177584048,128
"CD","posi","1,2-Didecanoyl-sn-glycero-3-phosphocholine","C28H56NO8P",548.37085,3.889,895776.108912155,128
"CD","posi","1,2-EPOXYPROPYLPHOSPHONIC ACID","C3H7O4P",156.04201,15.705,1694185.71261909,128
"CD","posi","1,2-dihexadecanoyl-sn-glycero-3-phosphoserine","C38H74NO10P",736.51755,2.486,58516.8822070715,128
"CD","posi","1,2-dioleoyl-sn-glycero-3-phospho-(1′-sn-glycerol)","C42H79O10P",775.54458,3.781,990190.906586289,128
"CD","posi","1,28-Octacosanediyl (2E,2′E)bis[3-(3-hydroxy-4-methoxyphenyl)acrylate]","C48H74O8",779.5417,3.257,100135.02338546,128
"CD","posi","1,2:5,6-Dianhydro-3,4-dideoxy-1-[12-(5-methyl-2-oxo-2,5-dihydro-3-furanyl)dodecyl]-6-[(3Z)-3-tetradecen-1-yl]hexitol","C37H64O4",573.48729,2.511,228889.179160357,128
"CD","posi","1,3,5-Heptatriene, (E,E)-","C7H10",95.08551,8.006,4487367.62556507,128
"CD","posi","1,3,5-Trimethoxybenzene","C9H12O3",169.08553,3.047,88250.4832920863,128
"CD","posi","1,3-Butanediol","C4H10O2",181.14474,3.719,456881.618076351,128
"CD","posi","1,4,6-Trimethyl-1H-pyrazolo[3,4-b]pyridin-3-amine","C9H12N4",177.11344,7.992,2552366.58987516,128
"CD","posi","1,4-Dimethyl-5H-pyrido[4,3-b]indol-3-amine","C13H13N3",212.11923,1.978,23024.2710962375,128
"CD","posi","1,5,6,7-tetrahydropteridin","C6H8N4",137.08219,7.441,39874912.1742806,128
"CD","posi","1,5-DAN","C10H10N2",159.09159,3.709,694412.734143357,128
"CD","posi","1,5-Dihydro-1-pyrenol","C16H12O",221.09626,2.449,105997.004907092,128
"CD","posi","1,5-Dimethylbicyclo[3.2.1]octan-8-one oxime","C10H17NO",168.13823,7.759,711681.969417401,128
"CD","posi","1,5-Naphthalenediamine","C10H10N2",159.09166,9.492,1721461.54508448,128
"CD","posi","1,7-Dimethylguanosine","C12H17N5O5",312.1296,2.171,41516.1739187384,128
"CD","posi","1-(14-methylhexadecanoyl)pyrrolidine","C21H41NO",324.32593,2.384,200640.009915872,128
"CD","posi","1-(1Z-hexadecenyl)-2-(4Z,7Z,10Z,13Z,16Z,19Z-docosahexaenoyl)-sn-glycero-3-phosphoethanolamine","C43H74NO7P",748.52688,3.433,68094.5770778919,128
"CD","posi","1-(1Z-hexadecenyl)-2-(8Z,11Z,14Z-icosatrienoyl)-sn-glycero-3-phosphoethanolamine","C41H76NO7P",748.52704,3.927,982159.915370888,128
"CD","posi","1-(2'-fluoro[1,1'-biphenyl]-4-yl)propan-1-one","C15H13FO",307.11748,2.362,105597.243766716,128
"CD","posi","1-(2,4,6-Trimethoxyphenyl)-1,3-butanedione","C13H16O5",253.10583,3.045,52801.7883908717,128
"CD","posi","1-(2,7-Dimethylpyrazolo[1,5-a]pyrimidin-6-yl)ethan-1-one","C10H11N3O",190.09743,10.204,216796.784150122,128
"CD","posi","1-(2-Methoxyphenyl)-3-(2-naphthyl)urea","C18H16N2O2",293.13,12.781,322560.630148996,128
"CD","posi","1-(2-carboxyphenylamino)-1-deoxy-D-ribulose 5-phosphate","C12H16NO9P",350.06078,14.104,25981.3562301045,128
"CD","posi","1-(3,4-difluorophenyl)-6-{5-(3,5-dimethyl-1,2-oxazol-4-yl)-1-[(1r,4r)-4-methoxycyclohexyl]-1H-1,3-benzimidazol-2-yl}piperidin-2-one","C30H32F2N4O3",535.25611,2.672,48331.3395949018,128
"CD","posi","1-(3H-Imidazo[4,5-c]pyridin-4-yl)ethanone","C8H7N3O",162.06619,7.825,3927061.01276702,128
"CD","posi","1-(4,5-dihydro-1H-imidazol-2-yl)-3,5-dimethyl-1H-pyrazole hydrobromide","C8H12N4",165.11351,7.533,15471518.835036,128
"CD","posi","1-(4-Amino-4-carboxybutanoyl)-2-piperidinecarboxylic acid","C11H18N2O5",259.12997,7.626,751848.751964133,128
"CD","posi","1-(4-Methoxyphenyl)-4-methyl-3-pentanyl hydrogen sulfate","C13H20O5S",289.1095,4.064,68981.8183035782,128
"CD","posi","1-(4Z,7Z,10Z,13Z,16Z,19Z-docosahexaenoyl)-sn-glycero-3-phosphocholine","C30H50NO7P",568.34211,2.385,18107.7232032786,128
"CD","posi","1-Acetylcyclohexyl acetate","C10H16O3",185.11676,2.674,115465.057025257,128
"CD","posi","1-Aminocyclopropanecarboxylic acid","C4H7NO2",119.08152,12.782,28086397.5605085,128
"CD","posi","1-Cyclohexenecarboxylic Acid","C7H10O2",127.07511,8.475,2062874.62076057,128
"CD","posi","1-Deoxy-D-glucitol","C6H14O5",167.09272,4.545,857829.294270542,128
"CD","posi","1-EBIO","C9H10N2O",146.06006,3.365,2159809.78745001,128
"CD","posi","1-Heptanal","C7H14O",137.09463,17.005,104431.382330981,128
"CD","posi","1-Hexadecyllysophosphatidylcholine","C24H52NO6P",482.36035,4.14,5397814.43380023,128
"CD","posi","1-Hexanal","C6H12O",218.2113,3.977,94055.6820355886,128
"CD","posi","1-Hydroxy-4-[5-hydroxy-8,8-dimethyl-10-(2-methyl-3-buten-2-yl)-2-oxo-7,8-dihydro-2H,6H-pyrano[3,2-g]chromen-6-yl]-3,5,6-trimethoxy-9(10H)-acridinone","C35H35NO9",614.24392,2.48,51857.6243893449,128
"CD","posi","1-Methoxypyrene","C17H12O",233.09591,2.428,215711.588245374,128
"CD","posi","1-Methyl-4-(1-pyrrolidinyl)-1H-pyrazolo[3,4-d]pyrimidine","C10H13N5",204.12437,6.76,7676608.15049103,128
"CD","posi","1-Methylhistamine","C6H11N3",126.10252,14.801,35391801.1444622,128
"CD","posi","1-Methylhistidine","C7H11N3O2",170.09239,17.417,1610259.06993418,128
"CD","posi","1-Naphthaleneacetic acid","C12H10O2",187.07697,15.745,67807.4944142139,128
"CD","posi","1-Nitrosonaphthalene","C10H7NO",158.06003,3.76,2250292.46188185,128
"CD","posi","1-O-[(2E,4E,6E,8E,10E,12E,14E,16E,18E)-2,6,10,15,19,23-Hexamethyl-2,4,6,8,10,12,14,16,18,22-tetracosadecaenoyl]-6-O-(12-methyltetradecanoyl)-β-D-glucopyranose","C51H78O8",819.57252,2.961,1338625.67260975,128
"CD","posi","1-Octen-3-yl glucoside","C14H26O6",291.18023,2.439,105884.348453784,128
"CD","posi","1-Palmitoyl-2-linoleoyl-sn-glycero-3-PC","C42H80NO8P",758.56906,4.617,19500748.0528961,128
"CD","posi","1-Phenyl-1H-pyrazole","C9H8N2",145.07585,4.127,2724338.31707629,128
"CD","posi","1-Phenylethanol","C8H10O",105.06983,2.611,4633695.49399592,128
"CD","posi","1-Piperideine","C5H9N",84.08082,18.42,15350611.5186814,128
"CD","posi","1-Stearoyl-2-arachidonoylplasmenylcholine","C46H84NO7P",794.60478,3.063,2982555.1431915,128
"CD","posi","1-Stearoylglycerophosphoglycerol","C24H49O9P",513.31651,2.959,104685.737102133,128
"CD","posi","1-Tetradecene","C14H28",214.25283,4.152,71771.6008633453,128
"CD","posi","1-[(9Z)-hexadecenoyl]-sn-glycero-3-phosphocholine","C24H48NO7P",494.32396,3.027,8098945.68699151,128
"CD","posi","1-[(9Z)-octadecenoyl]-2-[(4Z,7Z,10Z,13Z,16Z,19Z)-docosahexaenoyl]-sn-glycero-3-phosphocholine","C48H82NO8P",832.58399,3.016,33729110.0585994,128
"CD","posi","1-[(9Z)-octadecenyl]-2-hexadecanoyl-sn-glycero-3-phosphocholine","C42H84NO7P",746.6054,3.872,729487.063380876,128
"CD","posi","1-[2-(Allyloxy)phenoxy]-3-(isopropylamino)-2-propanol","C15H23NO3",548.37036,4.02,2115657.50198391,128
"CD","posi","1-arachidonoyl-sn-glycero-3-phosphocholine","C28H50NO7P",544.33932,8.329,308846.792677324,128
"CD","posi","1-hexadecanoyl-2-(4Z,7Z,10Z,13Z,16Z,19Z-docosahexaenoyl)-sn-glycero-3-phosphoethanolamine","C43H74NO8P",764.51958,2.389,32795.4252237376,128
"CD","posi","1-hexadecanoyl-2-[(11Z)-octadec-9-enoyl]-sn-glycero-3-phospho-(1′-sn-glycerol)","C40H77O10P",749.53191,3.869,37651.2478671503,128
"CD","posi","1-hexadecanoyl-2-octadecanoyl-sn-glycero-3-phospho-(1′-sn-glycerol)","C40H79O10P",751.54561,3.753,757908.201992624,128
"CD","posi","1-methylnicotinamide","C7H9N2O",138.07901,16.809,14040.5402950429,128
"CD","posi","1-octadecanoyl-2-(9Z-octadecenoyl)-sn-glycero-3-phospho-(1′-sn-glycerol)","C42H81O10P",777.56176,3.773,2500656.65178226,128
"CD","posi","1-stearoyl-sn-glycero-3-phospho-1D-myo-inositol","C27H53O12P",601.33499,8.446,26271.1951419866,128
"CD","posi","1-α,24R,25-Trihydroxyvitamin D2","C28H44O4",508.33975,3.01,876945.59672549,128
"CD","posi","10-(3,4-Dihydroxy-5,6-dimethyl-2-heptanyl)-5,6-dihydroxy-7a,9a-dimethylhexadecahydro-3H-benzo[c]indeno[5,4-e]oxepin-3-one","C28H48O6",481.35069,3.08,268488.339543289,128
"CD","posi","10-(3,4-Dihydroxy-6-methyl-5-methylene-2-heptanyl)-5,6-dihydroxy-7a,9a-dimethylhexadecahydro-3H-benzo[c]indeno[5,4-e]oxepin-3-one","C28H46O6",479.33286,3.946,198385.03558475,128
"CD","posi","10-Hydroxy-4-isopropyl-7,13,13-trimethyl-18-oxapentacyclo[9.5.2.0~1,12~.0~2,9~.0~4,8~]octadeca-2(9),6-diene-3,5,17-trione","C23H28O5",385.2002,2.533,204179.347998503,128
"CD","posi","10′-apo-β-carotenal","C27H36O",753.56278,3.493,21092.839373436,128
"CD","posi","11-Hydroxyiridodial glucoside pentaacetate","C26H36O13",557.21881,13.765,49856.3538982429,128
"CD","posi","11-Nitro-1-undecene","C11H21NO2",200.16448,2.644,396536.301279773,128
"CD","posi","12-oxo-PDA","C18H28O3",293.23975,2.494,697219.147325887,128
"CD","posi","1228222","C13H14N2O4",263.1001,12.504,538607.164563644,128
"CD","posi","12α-Fluoro-11β,17β-dihydroxyandrosta-1,4-dien-3-one","C19H25FO3",321.18491,2.383,52009.7576112887,128
"CD","posi","13(S)-HOTrE","C18H30O3",295.22652,3.833,1761566.12925381,128
"CD","posi","13-(3,4-Dimethyl-5-pentyl-2-furyl)tridecanoic acid","C24H42O3",379.32025,2.362,67266.5771750297,128
"CD","posi","13-(dodecan-2-yl)-6-(1-hydroxyethyl)-3-(hydroxymethyl)-12-methyl-9-(propan-2-yl)-1-oxa-4,7,10-triazacyclotridecane-2,5,8,11-tetrone","C28H51N3O7",524.37092,8.505,168817.850460204,128
"CD","posi","13-Docosenamide","C22H43NO",338.3416,2.455,13773170.8365607,128
"CD","posi","13-Hydroxy-9-methoxy-10-oxo-11-octadecenoic acid","C19H34O5",343.24749,2.736,8802.73024057762,128
"CD","posi","13-KODE","C18H30O3",295.22621,8.136,704780.759473837,128
"CD","posi","13-OxoODE","C18H30O3",295.22653,2.529,3804458.96710292,128
"CD","posi","13S-hydroxyoctadecadienoic acid","C18H32O3",297.24214,3.759,503431.869044907,128
"CD","posi","15-Ethyl-1,11-diazatetracyclo[13.3.1.0~4,12~.0~5,10~]nonadeca-5,7,9,11-tetraen-4-ol 1-oxide","C19H26N2O2",315.20375,3.854,67846.3707021085,128
"CD","posi","16-Heptadecyne-1,2,4-triol","C17H32O3",285.24234,2.491,75108.1228981428,128
"CD","posi","17alpha-Estradiol","C18H24O2",273.18468,2.504,190001.501258384,128
"CD","posi","17β-Hydroxy-7α-mercaptoandrost-4-en-3-one 7-propionate","C22H32O3S",359.20613,2.562,106722.810486217,128
"CD","posi","1H-Indol-3-ylamine","C8H8N2",133.07603,3.774,266103.130189068,128
"CD","posi","1H-indole-3-carbonyl cyanide","C10H6N2O",171.05525,3.643,166339.596216175,128
"CD","posi","1N19AGY57Y","C18H33NO4",328.24817,4.362,29842.07500815,128
"CD","posi","1β-Hydroxycholic acid","C24H40O6",447.27148,8.235,19578.8372141985,128
"CD","posi","2,2,4,4-Tetramethyl-6-(1-oxobutyl)-1,3,5-cyclohexanetrione","C14H20O4",253.14322,2.581,401047.88621077,128
"CD","posi","2,2′-(1-Phenyl-1H-1,2,4-triazole-3,5-diyl)diphenol","C20H15N3O2",330.12314,4.023,166148.696809284,128
"CD","posi","2,2′-Iminodipropan-1-ol","C6H15NO2",134.11742,11.127,421143.07003794,128
"CD","posi","2,3,3′,4,4′,5,5′-PCB","C12H3Cl7",806.60507,3.136,87792.7863285879,128
"CD","posi","2,3,4,5-tetrahydrodipicolinic acid","C7H9NO4",172.14742,15.22,33508.0460987238,128
"CD","posi","2,3,6-trihydroxypyridine","C5H5NO3",128.03422,11.94,16687.7825439418,128
"CD","posi","2,3-Dimethoxy-6-({4-methoxy-6-[2-(methylamino)ethyl]-1,3-benzodioxol-5-yl}acetyl)benzoic acid","C22H25NO8",432.16635,12.721,40949.4474794701,128
"CD","posi","2,3-Oxanthrenedione","C12H6O4",198.00736,17.671,46495.9841993214,128
"CD","posi","2,3-bis-O-(geranylgeranyl)glycerol 1-phosphate","C43H73O6P",717.5264,3.542,20942.7155731246,128
"CD","posi","2,3-dihydropyrimidin-4-amine","C4H7N3",98.07121,16.494,2534584994.70292,128
"CD","posi","2,4,6-triaminotoluene","C7H11N3",138.10259,6.003,39861321.9824495,128
"CD","posi","2,4-DIAMINOANISOLE","C7H10N2O",139.08653,11.799,228017.14482897,128
"CD","posi","2,4-DIMETHYL-2-IMIDAZOLINE","C5H10N2",99.09172,7.656,20126420.2591434,128
"CD","posi","2,4-Diamino-6-hydroxypyrimidine","C4H6N4O",127.23584,6.808,1505338.89394745,128
"CD","posi","2,4-Diamino-6-nitrotoluene","C7H9N3O2",168.07672,7.625,1900757.7822239,128
"CD","posi","2,4-Diaminobutanoic acid","C4H10N2O2",119.08157,6.828,67045129.9843266,128
"CD","posi","2,4-Diaminotoluene","C7H10N2",123.09176,7.317,3483327.21381967,128
"CD","posi","2,4-Dimethylbenzaldehyde","C9H10O",117.06977,2.539,2404476.24563453,128
"CD","posi","2,4-Dinitrotoluene","C7H6N2O4",183.03996,14.721,19359.7456792563,128
"CD","posi","2,4-Pentadiynylbenzene","C11H8",141.06975,2.564,226483.205384368,128
"CD","posi","2,4-dihydroxyheptadec-16-enyl acetate","C19H36O4",370.29503,3.91,1018519.82708488,128
"CD","posi","2,5,11,14,20,23,29,32-Octamethyl-4,13,22,31,37,38,39,40-octaoxapentacyclo[32.2.1.1~7,10~.1~16,19~.1~25,28~]tetracontane-3,12,21,30-tetrone","C40H64O12",737.45104,3.757,65552.9109990938,128
"CD","posi","2,5-Diethyl-3,6-dimethylpyrazine","C10H16N2",370.295,3.9,1160077.40617927,128
"CD","posi","2,5-Dimethylpyrazine","C6H8N2",109.07605,6.507,21204862.3696826,128
"CD","posi","2,5-Dimethylthiophene","C6H8S",247.06073,12.677,1784457.92026855,128
"CD","posi","2,5-Dimethypyrrole","C6H9N",96.0808,7.469,4745243.04266487,128
"CD","posi","2,6-Dimethylnaphthalene","C12H12",157.10103,3.142,50442.0066830696,128
"CD","posi","2-(2,3-dihydro-1H-inden-1-yliden)hydrazine-1-carboxamide","C10H11N3O",190.09743,10.651,3060324.85820667,128
"CD","posi","2-(2-pyridin-3-yl-1,3-thiazol-4-yl)-n'-[4-(trifluoromethyl)benzoyl]acetohydrazide","C18H13F3N4O2S",407.07541,12.81,1167558.70506523,128
"CD","posi","2-(3-Phenylpropyl)pyridine","C14H15N",198.12773,2.695,37517.882963993,128
"CD","posi","2-(4-Isopropyl-4-methyl-5-oxo-4,5-dihydro-1H-imidazol-2-yl)-4-methylbenzoic acid","C15H18N2O3",275.13896,2.984,147097.912206319,128
"CD","posi","2-(6′-methylthio)hexylmalic acid","C11H20O5S",265.1117,16.489,710191.4936076,128
"CD","posi","2-(Diethoxymethyl)furan","C9H14O3",171.10137,2.481,118602.337697077,128
"CD","posi","2-(Dimethylamino)-5,6-dimethylpyrimidin-4-ol","C8H13N3O",168.11308,7.599,4910932.19251571,128
"CD","posi","2-(Hydroxy{2-[(9Z)-9-octadecenoyloxy]-3-(palmitoyloxy)propoxy}phosphoryl)-N,N,N-trimethylethanaminium","C42H83NO7P",745.59359,3.772,2142458.0323869,128
"CD","posi","2-(Methyldithio)isobutyraldehyde","C5H10OS2",151.02378,20.448,294275.369894448,128
"CD","posi","2-Acetyl-6-hydroxy-7-(hydroxymethyl)-1,5,6,7-tetrahydro-4H-azepin-4-one","C9H13NO4",182.08129,12.799,1011036.59620098,128
"CD","posi","2-Amino-1H-benzimidazole","C7H7N3",134.07122,3.575,1128323.7252949,128
"CD","posi","2-Amino-3,5,6-trimethyl-3,4-dihydropyrimidin-4-one","C7H11N3O",154.09747,3.702,1607640.49827853,128
"CD","posi","2-Amino-4-[(3-aminopropyl)amino]butanoic acid","C7H17N3O2",176.1392,11.118,75665327.679844,128
"CD","posi","2-Amino-4-methylpyrimidine","C5H7N3",110.07135,7.382,57093490.9822242,128
"CD","posi","2-Amino-6-purinethiol","C5H5N5S",168.03256,5.035,364265.150518431,128
"CD","posi","2-Aminobenzoic acid","C7H7NO2",138.05501,7.296,2825038.77861006,128
"CD","posi","2-Aminoisobutyric acid","C4H9NO2",104.07068,12.766,4796879.43112887,128
"CD","posi","2-Butylfuran","C8H12O",107.0854,2.398,9955564.37182878,128
"CD","posi","2-Chloro-1-ethoxy-1,1,2-trifluoroethane","C4H6ClF3O",342.04413,4.885,18292207.6166027,128
"CD","posi","2-Cyclopropyl-5-methyl-4,7-dihydropyrazolo[1,5-a]pyrimidin-7-one","C10H11N3O",190.09721,9.156,188260.783491454,128
"CD","posi","2-Decylfuran","C14H24O",209.18999,2.499,47863.7214094715,128
"CD","posi","2-Deoxystreptidine","C8H18N6O3",510.31926,4.183,79674.7551396085,128
"CD","posi","2-Docosahexaenoyl glycerol","C25H38O4",403.28086,3.031,89885.0559993989,128
"CD","posi","2-Ethyl-2-phenylmalonamide","C11H14N2O2",207.1128,8.837,263774.608322831,128
"CD","posi","2-Guanidinobenzimidazole","C8H9N5",176.09313,6.22,2563461.49793622,128
"CD","posi","2-Heptadecylfuran","C21H38O",324.32601,2.414,185638.974111791,128
"CD","posi","2-Hexaprenyl-6-hydroxyphenol","C36H54O2",523.56549,2.515,215223.51959539,128
"CD","posi","2-Hydroxy-4-oxohenicosyl acetate","C23H44O4",426.35766,3.93,1023051.4120104,128
"CD","posi","2-Hydroxyphenethylamine","C8H11NO",138.09136,8.155,1780338.20288615,128
"CD","posi","2-Isobutyl-1,3-thiazolidine","C7H15NS",146.10043,20.834,1958647.89746948,128
"CD","posi","2-Isopropyl-3-methoxypyrazine","C8H12N2O",170.12876,11.41,28252760.2964409,128
"CD","posi","2-MeO-E1","C19H24O3",303.20317,2.461,230486.020062334,128
"CD","posi","2-Methoxyestradiol","C19H26O3",303.19509,2.577,189566.83766705,128
"CD","posi","2-Methoxyestradiol-3-methylether","C20H28O3",317.21239,2.675,3368526.65491944,128
"CD","posi","2-Methoxyethanol","C3H8O2",153.11346,3.689,9880569.86496767,128
"CD","posi","2-Methyl-2-thiazoline","C4H7NS",102.03717,11.307,1360986.3997127,128
"CD","posi","2-Methylfuran","C5H6O",83.04896,2.934,189579.484759706,128
"CD","posi","2-Methylnaphthalene","C11H10",143.08539,2.529,583796.334671644,128
"CD","posi","2-Methylthiazolidine","C4H9NS",104.05282,10.796,1666641.17134195,128
"CD","posi","2-Monolinolein","C21H38O4",355.28395,2.306,69558.7458151978,128
"CD","posi","2-Nonenoic acid","C9H16O2",330.26358,2.522,404047.771578086,128
"CD","posi","2-Octenoylcarnitine","C15H27NO4",286.20122,7.911,372142.644115063,128
"CD","posi","2-Pentadecylfuran","C19H34O",296.29477,2.457,413759.136617892,128
"CD","posi","2-Phenylbutyric acid","C10H12O2",165.09104,2.33,1409937.99695338,128
"CD","posi","2-Phenylcyclopropanamine","C9H11N",117.06976,2.45,2743436.21493984,128
"CD","posi","2-Phenylethanol glucuronide","C14H18O7",299.10993,15.496,179262.871328175,128
"CD","posi","2-Piperidinone","C5H9NO",117.10223,14.664,1859149.54867052,128
"CD","posi","2-Pyrrolidone","C4H7NO",86.06002,17.399,14930249.7321294,128
"CD","posi","2-[(2-Furanylmethyl)thio]-6-methylpyrazine","C10H10N2OS",207.05862,4.385,50735.137700379,128
"CD","posi","2-[(2S,4bR,6aS,12bS,12cS,14aS)-12b,12c-Dimethyl-3,4b,5,6,6a,7,12,12b,12c,13,14,14a-dodecahydro-2H-chromeno[5′,6′:6,7]indeno[1,2-b]indol-2-yl]-2-propanol","C27H35NO2",406.27136,2.34,45721.6905039155,128
"CD","posi","2-[(3,5-Dichlorophenyl)carbamoyl]-1,2-dimethylcyclopropanecarboxylic acid","C13H13Cl2NO3",285.00947,2.129,142488.489451294,128
"CD","posi","2-[(5Z)-5-tetradecenyl]cyclobutanone","C18H32O",265.25258,2.45,90257.7902740946,128
"CD","posi","2-[(5Z,8Z,11Z,14Z,17Z)-5,8,11,14,17-Icosapentaenoyloxy]-3-[(8Z,11Z,14Z)-8,11,14-icosatrienoyloxy]propyl docosanoate","C65H110O6",502.9396,15.575,70801.4595849097,128
"CD","posi","2-[3-Ethyl-5-(4-methoxyphenyl)-1H-pyrazol-4-yl]phenol","C18H18N2O2",295.14117,6.877,367845.781686906,128
"CD","posi","2-amino-2,3,7-trideoxy-D-lyxo-hept-6-ulosonic acid","C7H13NO5",192.08627,21.221,46040.3947865611,128
"CD","posi","2-amino-3-(3-carboxy-5-methyl-4-isoxazolyl)propionic acid","C8H10N2O5",215.06404,12.858,66458.1134213964,128
"CD","posi","2-arachidonoylglycerol","C23H38O4",361.27352,2.778,180580.3020893,128
"CD","posi","2-arachidonyl glyceryl ether","C23H40O3",365.30511,2.361,103588.408161352,128
"CD","posi","2-fluoro-6-(4-methoxyphenoxy)benzonitrile","C14H10FNO2",244.07901,10.618,174997.906581876,128
"CD","posi","2-heptyl-4-quinolone","C16H21NO",244.16968,8.888,40411.0806049308,128
"CD","posi","2-hydroxymexiletine","C11H17NO2",178.12267,8.452,116401820.866421,128
"CD","posi","2-oxa-4-azatetracyclo[6.3.1.1~6,10~.0~1,5~]tridecan-3-one","C11H15NO2",194.11759,13.23,9281261.17250016,128
"CD","posi","2-piperazinopyrimidine","C8H12N4",165.11345,14.001,5080162.95978132,128
"CD","posi","20-HETE ethanolamide","C22H37NO3",765.5238,3.83,149935.80616602,128
"CD","posi","22-Oxodocosanoic acid","C22H42O3",355.32056,2.734,63972.0702178206,128
"CD","posi","25-hydroxycholesterol","C27H46O2",385.34631,2.364,1276851.74548351,128
"CD","posi","26-Hydroxy-24-methylene-9,19-cyclolanostan-3-one","C31H50O2",455.38414,2.29,75569.8385951052,128
"CD","posi","2[5H]-furanone","C4H4O2",102.0549,18.591,7745133.57220013,128
"CD","posi","2′-Deoxysepiapterin","C9H11N5O2",222.09847,3.648,102182.696565088,128
"CD","posi","3,16,21,28-Tetrahydroxyolean-12-en-22-yl (2Z)-2-methyl-2-butenoate","C35H56O6",573.40979,2.552,76490.4295709509,128
"CD","posi","3,4-Dihydrocadalene","C15H20",201.16372,2.459,61810.3793766194,128
"CD","posi","3,4-Dihydroxy-5-(3-methyl-2-buten-1-yl)-2-(4-methylpentanoyl)-2-cyclopenten-1-one","C16H24O4",281.17315,3.246,155158.611767875,128
"CD","posi","3,4-Dihydroxy-7-methoxy-2,2,6-trimethyl-2,3,4,6-tetrahydro-5H-pyrano[3,2-c]quinolin-5-one","C16H19NO5",306.13094,2.161,72530.6214070623,128
"CD","posi","3,4-dehydrothiomorpholine-3-carboxylic acid","C5H7NO2S",146.02707,7.168,3680585.47173333,128
"CD","posi","3,4-dihydroxyglutamic acid","C5H9NO6",180.04927,12.51,445984.380207059,128
"CD","posi","3,6,8-Trimethylallantoin","C7H12N4O3",184.07316,3.825,46603996.9721091,128
"CD","posi","3,6-Anhydro-1-O-[2-(dodecanoyloxy)ethyl]-2,4,5-tris-O-(2-hydroxyethyl)hexitol","C26H50O10",523.34824,4.006,1325948.42328353,128
"CD","posi","3-((2-Methyl-3-furyl)thio)-2-butanone","C9H12O2S",391.10161,12.839,9234711.06999944,128
"CD","posi","3-(1H-Imidazol-2-ylmethyl)-2-[3-(1H-imidazol-2-ylmethyl)phenoxy]phenol","C20H18N4O2",347.14997,10.086,126311.959004445,128
"CD","posi","3-(2-Amino-4-pyrimidinyl)alanine","C7H10N4O2",183.08763,3.701,880382.003958608,128
"CD","posi","3-(2-Deoxy-β-D-erythro-pentofuranosyl)-4,6,7,8-tetrahydropyrimido[1,2-a]purin-10(3H)-one","C13H17N5O4",308.13625,6.876,21375.4325477492,128
"CD","posi","3-(Icosanoyloxy)-4-(trimethylammonio)butanoate","C27H53NO4",488.43335,2.448,896906.917152732,128
"CD","posi","3-(Trimethylsilyl)-L-alanine","C6H15NO2Si",184.075,11.879,2871927.15399479,128
"CD","posi","3-Acetyl-2,7-naphthyridine","C10H8N2O",173.07159,3.714,33472879.884319,128
"CD","posi","3-Amino-2-piperidone","C5H10N2O",97.07619,16.786,21523022.6620487,128
"CD","posi","3-Hydroxy-1-(8-hydroxy-6-methoxy-3-methyl-1-oxo-3,4-dihydro-1H-isochromen-7-yl)-3-methyl-2-butanyl acetate","C18H24O7",353.15776,7.965,7620.39338008432,128
"CD","posi","3-Hydroxy-C8-HSL","C12H21NO4",244.1557,6.861,23887.7314831356,128
"CD","posi","3-Hydroxybutyrylcarnitine","C11H21NO5",248.14924,12.858,4815431.35243043,128
"CD","posi","3-Hydroxyhexadecadienoylcarnitine","C23H41NO5",412.3055,8.488,116519.3752923,128
"CD","posi","3-Hydroxyhexadecanoylcarnitine","C23H45NO5",398.32639,2.998,1280776.73508892,128
"CD","posi","3-Hydroxyhexanoylcarnitine","C13H25NO5",276.1804,10.276,55314.6904601792,128
"CD","posi","3-Indoleacetonitrile","C10H8N2",157.07598,9.489,677739.637516028,128
"CD","posi","3-Indoleacrylic acid","C11H9NO2",188.07051,3.857,68967.78292041,128
"CD","posi","3-Ketosphingosine","C18H35NO2",298.27412,2.229,860113.994564018,128
"CD","posi","3-Methoxybenzenepropanoic acid","C10H12O3",181.08571,8.289,456628.427117101,128
"CD","posi","3-Methoxyestra-1,3,5(10),16-tetraene","C19H24O",269.18981,2.488,340919.409261611,128
"CD","posi","3-Methyl-1-phenyl-2-butene","C11H14",147.11669,2.442,756093.932948936,128
"CD","posi","3-Methyl-2-butenyl caffeate","C14H16O4",249.11201,2.652,279885.259805053,128
"CD","posi","3-Methyl-3-phenylazetidine","C10H13N",131.0854,2.436,9404476.34737022,128
"CD","posi","3-Methylcyclohexanethiol","C7H14S",131.08959,18.478,334594.25884991,128
"CD","posi","3-Methylhistamine","C6H11N3",126.10252,18.822,42002007.3015554,128
"CD","posi","3-Methylhistidine","C7H11N3O2",170.09239,14.555,4405332.81171274,128
"CD","posi","3-Methylpentanoylcarnitine","C13H25NO4",260.18556,8.636,511722.028775731,128
"CD","posi","3-Methylsulfolene","C5H8O2S",133.03176,10.799,5054108.8502662,128
"CD","posi","3-Nonyl-1H-pyrazole","C12H22N2",195.18564,8.311,708832.473154617,128
"CD","posi","3-Oxoglycyrrhetic acid","C30H44O4",547.34767,4.026,581187.525556413,128
"CD","posi","3-Oxotetradecanoic acid","C14H26O3",265.17971,3.051,129488.90495329,128
"CD","posi","3-[(17Z)-13,14-Dihydroxy-17-triaconten-1-yl]-5-methyl-2(5H)-furanone","C35H64O4",549.48743,2.439,98860.4103814509,128
"CD","posi","3-[(19Z)-15,16-Dihydroxy-19-dotriaconten-1-yl]-5-methyl-2(5H)-furanone","C37H68O4",577.51922,2.175,75945.427227928,128
"CD","posi","3-[(3-Hydroxytridecanoyl)oxy]-4-(trimethylammonio)butanoate","C20H39NO5",374.28982,2.83,29202.8112693444,128
"CD","posi","3-[2-(Dimethylamino)ethyl]-5-(1H-1,2,4-triazol-1-ylmethyl)-1H-indol-6-ol","C15H19N5O",286.16471,2.68,60867.2925679963,128
"CD","posi","3-[2-({3-[4-(Pentylcarbamoyl)-1,3-oxazol-2-yl]-7-oxabicyclo[2.2.1]hept-2-yl}methyl)phenyl]propanoic acid","C25H32N2O5",441.23774,2.615,52958.0333534619,128
"CD","posi","3-amino-5,7-dimethyladamantan-1-ol","C12H21NO",228.19552,2.656,1578719.15225903,128
"CD","posi","3-hydroxy-3-methyloxindole","C9H9NO2",164.06904,16.514,10318.5686355306,128
"CD","posi","3-hydroxyoctanoylcarnitine","C15H29NO5",624.44625,2.485,1285636.08102441,128
"CD","posi","3-methyl-1-benzothiophene-2-carbaldehyde oxime","C10H9NOS",192.04773,4.379,921145.619888566,128
"CD","posi","3-oxopalmitic acid","C16H30O3",288.25337,2.781,154468.577123105,128
"CD","posi","3β,17β-Diacetoxy-5α-androstane","C23H36O4",377.26833,4.314,38143.225728324,128
"CD","posi","3′-O-(4-benzoyl)benzoyladenosine 5′-triphosphate","C24H24N5O15P3",716.06065,4.907,2006135.64345446,128
"CD","posi","4,4′-Thiobis(2-butanone)","C8H14O2S",175.0776,3.344,44386.1170233111,128
"CD","posi","4,4′-diapolycopenedial","C30H36O2",429.28086,4.085,61088.2226662001,128
"CD","posi","4,6-Diamino-3-({3-amino-6-[1-(methylamino)ethyl]tetrahydro-2H-pyran-2-yl}oxy)-2-hydroxycyclohexyl 3-deoxy-4-C-methyl-3-(methylamino)pentopyranoside","C21H43N5O7",478.32234,3.01,166634.612354277,128
"CD","posi","4,7-dimethylpyrazolo[5,1-c][1,2,4]triazine-3-carbonitrile","C8H7N5",174.07861,3.737,6174932.22578241,128
"CD","posi","4,8a-dimethyl-decahydronaphthalen-4a-ol","C12H22O",183.17436,2.471,42001.6916872184,128
"CD","posi","4-(1,2-Dihydroxypropan-2-yl)-1-methylcyclohexane-1,2-diol","C10H20O4",205.14481,6.192,196242.053276489,128
"CD","posi","4-(1H-1,2,4-triazol-1-yl)aniline","C8H8N4",161.08221,7.295,12145991.5029577,128
"CD","posi","4-(1h-pyrazol-1-yl)-n,n-bis(2-pyridinylmethyl)benzenesulfonamide","C21H19N5O2S",406.13161,14.53,83243.1549444482,128
"CD","posi","4-(3,4-dihydro-2H-1,5-benzodioxepin-7-ylamino)-4-oxobutanoic acid","C13H15NO5",266.10474,3.178,81981.0825865216,128
"CD","posi","4-(3-Butoxy-4-methoxybenzyl)-2-imidazolidinone","C15H22N2O3",279.16993,3.724,50532.5966745547,128
"CD","posi","4-(METHYLNITROSAMINO)-1-(3-PYRIDYL-N-OXIDE)-1-BUTANONE","C10H13N3O3",207.07635,3.757,351464.86181584,128
"CD","posi","4-(Nitrosoamino)-1-(3-pyridinyl)-1-butanol","C9H13N3O2",196.10783,3.952,129056.543813328,128
"CD","posi","4-(Stearoylamino)butanoic acid","C22H43NO3",370.33144,2.523,135173.366632533,128
"CD","posi","4-AMINOPIPERIDINE-1-CARBOXYLIC ACID","C6H12N2O2",145.09712,20.397,56645131.1216373,128
"CD","posi","4-Amino-3-pyridinyl hydrogen sulfate","C5H6N2O4S",173.98475,8.325,63600.4944640734,128
"CD","posi","4-Aminoimidazole","C3H5N3",84.05567,7.205,10573376.744835,128
"CD","posi","4-Bromophenylthiourea","C7H7BrN2S",230.95768,15.116,391769.553216984,128
"CD","posi","4-Cumylphenol","C15H16O",213.12729,2.414,54066.4964137338,128
"CD","posi","4-Ethylguaiacol","C9H12O2",194.11765,12.588,1844660.65558188,128
"CD","posi","4-Fluorophenol","C6H5FO",266.0998,12.721,1754846.10170873,128
"CD","posi","4-Guanidinobutanoic acid","C5H11N3O2",146.09239,14.344,2191087.97985195,128
"CD","posi","4-Hydroxy-5-methyl-3-furanone","C5H6O3",132.06545,12.808,235295.377486082,128
"CD","posi","4-Hydroxycyclohexylcarboxylic acid","C7H12O3",162.11243,14.603,4287989.560704,128
"CD","posi","4-Hydroxyproline","C5H9NO3",132.06549,13.209,5237984.52294233,128
"CD","posi","4-Hydroxyprolylleucine","C11H20N2O4",245.15002,12.791,39379.4953265014,128
"CD","posi","4-Hydroxypropofol","C12H18O2",195.13795,2.548,495957.900075168,128
"CD","posi","4-Imidazolemethanol","C4H6N2O",99.05531,7.44,109015298.009929,128
"CD","posi","4-Methoxyaniline","C7H9NO",124.07553,8.494,675236.422652835,128
"CD","posi","4-Nitroaniline","C6H6N2O2",121.03971,5.059,965148.439692658,128
"CD","posi","4-Trimethylammoniobutanoic acid","C7H15NO2",146.12258,14.688,4762966.4187171,128
"CD","posi","4-Vinylcyclohexene","C8H12",109.10117,2.568,1300100.59640968,128
"CD","posi","4-[(2-Isopropyl-5-methylcyclohexyl)oxy]-4-oxobutanoic acid","C14H24O4",257.17407,2.552,34310.058851054,128
"CD","posi","4-[(2E)-3-(5-Methoxy-2,2-dimethyl-2H-chromen-6-yl)-2-propenoyl]phenyl hydrogen sulfate","C21H20O7S",417.09935,12.595,659761.382856381,128
"CD","posi","4-[(3E,5E,7E,9E,11E)-15-Hydroxy-3,7,12-trimethyl-3,5,7,9,11-pentadecapentaen-1-yn-1-yl]-3,5,5-trimethyl-3-cyclohexen-1-ol","C27H38O2",806.60397,3.515,44166.1831020001,128
"CD","posi","4-amino-2-hydroxyamino-6-nitrotoluene","C7H9N3O3",184.07135,4.066,2570603.24606322,128
"CD","posi","4-hydroxy-3-octaprenylbenzoic acid","C47H70O3",683.5427,2.366,86880.0489473861,128
"CD","posi","4-nitrobenzene-1,2-diamine","C6H7N3O2",154.0611,6.573,2866683.14775772,128
"CD","posi","4-one","C9H14O2",155.10632,3.013,130245.022167062,128
"CD","posi","4-{(2-Methoxyethyl)[4-(5,6,7,8-tetrahydro-1,8-naphthyridin-2-yl)butyl]amino}-2-(4-quinazolinylamino)butanoic acid","C27H36N6O3",495.24519,2.699,130876.3859846,128
"CD","posi","4H-Cyclopenta(def)chrysene","C19H12",241.1032,11.978,31248.0666718545,128
"CD","posi","4β-methylzymosterol-4-carbaldehyde","C29H46O2",428.66755,2.423,125073.312702365,128
"CD","posi","4′-METHYL-EPIGALLOCATECHIN-3′-GLUCURONIDE","C22H24O13",497.13316,12.605,14515.3734262472,128
"CD","posi","5'-Methylthioadenosine","C11H15N5O3S",330.12303,2.38,846299.71964605,128
"CD","posi","5,6,7,4′-tetramethoxyflavanone","C19H20O6",345.13435,3.689,759773.853067165,128
"CD","posi","5,6,7,8-Tetrahydro-4a(4H)-pteridinol","C6H10N4O",155.0928,7.714,3483012.57112094,128
"CD","posi","5,6-Dimethylbenzimidazole","C9H10N2",147.09172,8.873,215146.41477999,128
"CD","posi","5,7-Dihydro-4H-purin-8-ol","C5H6N4O",139.06142,7.244,4677256.4159335,128
"CD","posi","5-(5-(4-(4,5-dihydro-2-oxazolyl)phenoxy)pentyl)-3-methylisoxazole","C18H22N2O3",315.16871,3.252,35047.5353573602,128
"CD","posi","5-(6-hydroxy-6-methyloctyl)-2,5-dihydrofuran-2-one","C13H22O3",227.16417,2.438,66882.3438514177,128
"CD","posi","5-(Methylamino)-2-({3,9,11-trimethyl-8-[1-oxo-1-(1H-pyrrol-2-yl)-2-propanyl]-1,7-dioxaspiro[5.5]undec-2-yl}methyl)-1,3-benzoxazole-4-carboxylic acid","C29H37N3O6",524.27556,2.516,57110.7791710297,128
"CD","posi","5-(N,N-Dimethylcarbamimidamido)-2-oxopentanoic acid","C8H15N3O3",202.11867,19.379,316392.931769997,128
"CD","posi","5-({[3-chloro-5-(trifluoromethyl)-2-pyridyl]methyl}thio)-4-pentyl-4h-1,2,4-triazol-3-ol","C14H16ClF3N4OS",381.14263,14.746,85972.3014450201,128
"CD","posi","5-Allyl-5-sec-butyl-1,3-dimethyl-2,4,6(1H,3H,5H)-pyrimidinetrione","C13H20N2O3",291.11212,2.055,1150897.25678294,128
"CD","posi","5-Dodecenoylcarnitine","C19H35NO4",342.26349,4.021,372560.217013162,128
"CD","posi","5-Hexyltetrahydro-2-oxo-3-furancarboxylic acid","C11H18O4",215.12743,3.091,31840.8876208091,128
"CD","posi","5-Hydroxy-2,2-dimethyl-7,10-bis(3-methyl-2-buten-1-yl)-8-(2,4,5-trihydroxyphenyl)-2H,6H-pyrano[3,2-g]chromen-6-one","C30H32O7",505.22069,2.801,35877.6802771817,128
"CD","posi","5-Hydroxy-DL-tryptophan","C11H12N2O3",221.09193,3.894,1847351.8720221,128
"CD","posi","5-Hydroxy-L-tryptophan","C11H12N2O3",221.09192,10.457,648736.156130441,128
"CD","posi","5-Hydroxyindole","C8H7NO",134.06006,2.118,2191629.15211466,128
"CD","posi","5-Hydroxypyrazinecarboxamide","C5H5N3O2",172.07155,12.788,1073249.9021418,128
"CD","posi","5-Indolol","C8H7NO",134.06003,11.544,248282.639660406,128
"CD","posi","5-Methoxybenzimidazole","C8H8N2O",132.04429,4.023,775518.419356964,128
"CD","posi","5-Methoxytryptamine","C11H14N2O",191.11784,8.68,280096.782979863,128
"CD","posi","5-Methoxytryptophan","C12H14N2O3",235.10763,7.158,1153703.98984184,128
"CD","posi","5-Methoxytryptophol","C11H13NO2",192.10181,2.702,133895.425071765,128
"CD","posi","5-Methylcytidine","C10H15N3O5",258.10842,7.901,643475.737758438,128
"CD","posi","5-Methylcytosine","C5H7N3O",126.06615,7.489,13410875.9147598,128
"CD","posi","5-Methyldeoxycytidine","C10H15N3O4",242.11467,6.962,2016605.58613296,128
"CD","posi","5-Nonadecyl-1,3-benzenediol","C25H44O2",418.34955,2.497,53585.3591413369,128
"CD","posi","5-POHSA","C34H64O4",537.48722,2.219,30448.8805133482,128
"CD","posi","5-Phosphoribosylamine","C5H12NO7P",230.04468,14.05,669679.766491893,128
"CD","posi","5-[(14E)-14-Nonadecen-1-yl]-1,3-benzenediol","C25H42O2",357.31009,2.478,194186.957960108,128
"CD","posi","5-[(E)-2-(2-Thienyl)vinyl]-1H-pyrazole","C9H8N2S",209.07431,4.391,623108.451524459,128
"CD","posi","5-decanolide","C10H18O2",171.13801,7.958,2440242.94148837,128
"CD","posi","5-guanidino-2-oxopentanoic acid","C6H11N3O3",174.08732,14.718,898102.015559976,128
"CD","posi","5-guanidino-3-methyl-2-oxopentanoic acid","C7H13N3O3",188.10281,14.402,898745.064812677,128
"CD","posi","5-hydroxy-2-oxo-4-ureido-2,5-dihydro-1H-imidazole-5-carboxylic acid","C5H6N4O5",203.04062,12.867,122134.36236368,128
"CD","posi","5-methyl-1-(1,3,5-trimethyl-1h-pyrazol-4-yl)-1h-1,2,3-triazole","C9H13N5",192.12431,3.726,4145991.48303375,128
"CD","posi","6,7-Dihydropteridine","C6H6N4",135.06652,7.164,12112958.5815239,128
"CD","posi","6,7-Dihydroxy-3-isocyano-2H-chromen-2-one","C10H5NO4",204.02987,12.258,75886.1108682824,128
"CD","posi","6,7-Dihydroxycoumarin","C9H6O4",179.03479,12.227,14840412.7080544,128
"CD","posi","6-(2-Hydroxy-16,19-dimethylhexacosyl)-4-methyltetrahydro-2H-pyran-2-one","C34H66O3",540.53515,2.448,222379.420652073,128
"CD","posi","6-(5-Chloro-2-pyridyl)-7-((1-piperazinyl)carbonyloxy)-6,7-dihydro(5H)pyrrolo(3,4-b)pyrazin-5-one","C16H15ClN6O3",376.82896,15.115,183394.085828879,128
"CD","posi","6-Acetyl-1,2,3,4-tetrahydropyridine","C7H11NO",126.09141,13.548,285161.134029315,128
"CD","posi","6-Amino-1H-imidazo[4,5-c]pyridin-4-ol","C6H6N4O",151.06144,10.791,672329.020280488,128
"CD","posi","6-Benzylaminopurine","C12H11N5",226.1069,8.357,3350271.81759857,128
"CD","posi","6-Deoxohomodolichosterone","C29H50O4",463.37783,2.36,2808932.49897218,128
"CD","posi","6-Deoxy-2,3-di-O-methyl-D-allopyranose","C8H16O5",193.10838,3.751,858050.497102406,128
"CD","posi","6-Dimethylaminopurine","C7H9N5",164.09313,7.155,12807891.9809253,128
"CD","posi","6-HYDROXYMETHYL-7,8-DIHYDROPTERIN","C7H9N5O2",196.08161,12.757,243641.82866278,128
"CD","posi","6-Hydroxy-1H-indole-3-acetamide","C10H10N2O2",191.08146,3.035,3695833.23540049,128
"CD","posi","6-Hydroxydopamine","C8H11NO3",170.0808,3.504,212030.370622533,128
"CD","posi","6-Keto-decanoylcarnitine","C17H31NO5",330.22729,8.497,57322.1129589957,128
"CD","posi","6-Keto-prostaglandin F1a","C20H34O6",353.22973,2.939,147241.564693089,128
"CD","posi","6-Oxopiperidine-2-carboxylic acid","C6H11N3O2",158.09239,7.12,9359110.0430539,128
"CD","posi","6-[(1Z)-1-Propen-1-yl]-2,3,4,5-tetrahydropyridine","C8H13N",107.08545,2.594,8652699.76443684,128
"CD","posi","6-methyl-5-nitroquinoline","C10H8N2O2",189.06576,3.676,879190.431662802,128
"CD","posi","6-methyl-8-{[5-(2-naphthyl)-1,3,4-oxadiazol-2-yl]methoxy}[1,2,4]triazolo[4,3-b]pyridazine","C19H14N6O2",359.12413,12.905,25076539.3666078,128
"CD","posi","6-methyltetrahydropterin","C7H11N5O",165.07686,3.898,835634.651718736,128
"CD","posi","6-phenylundecane","C17H28",233.22633,2.593,74762.4724930248,128
"CD","posi","6-{[2-(2-Thienyl)ethyl]amino}-5,6,7,8-tetrahydro-1-naphthalenol","C16H19NOS",274.12808,3.939,53910.0939681915,128
"CD","posi","6′-[(Carboxymethyl)carbamoyl]-2′,3′,4,4′,5,6-hexahydroxy-2-biphenylcarboxylic acid","C16H13NO11",379.03126,14.513,31422.8492308577,128
"CD","posi","7-(dimethyl-$l^{5}-azanylidene)-N,N-dimethyl-phenothiazin-3-amine","C16H18N3S",285.13103,17.859,9572.23167362628,128
"CD","posi","7-Acetoxy-2-methylisoflavone","C18H14O4",295.09837,14.038,39913.381530879,128
"CD","posi","7-Aminomethyl-7-deazaguanine","C7H9N5O",180.08799,7.061,2400630.74172535,128
"CD","posi","7-Chloro-2-(3,4-dimethoxyphenyl)-3,5,6,8-tetramethoxy-4H-chromen-4-one","C21H21ClO8",437.10077,13.372,48149.0953553583,128
"CD","posi","7-Cyano-7-deazaguanine","C7H5N5O",176.05531,18.076,70593.6328165131,128
"CD","posi","7-Dehydrocholesterol","C27H44O",385.49917,2.449,1254898.20410079,128
"CD","posi","7-Epi-12-hydroxyjasmonic acid","C12H18O4",227.12755,2.44,335045.139459424,128
"CD","posi","7-Hydroxy-2-methyl-4-oxo-4H-1-benzopyran-5-carboxylic acid 7-glucoside","C17H18O10",383.0947,12.739,20982.021992065,128
"CD","posi","7-Isopropyl-4a-methyl-1-methylene-1,2,3,4,4a,9,10,10a-octahydrophenanthrene","C19H26",255.2105,2.611,119480.694949008,128
"CD","posi","7-Ketocholesterol","C27H44O2",401.34114,2.46,2191590.80008608,128
"CD","posi","7-Methylguanine","C6H7N5O",166.07241,8.149,1396115.29261959,128
"CD","posi","7-[(Hexadecylsulfanyl)methyl]-4,9-dihydroxy-N,N,N-trimethyl-3,5,8-trioxa-4,9-diphosphapentacosan-1-aminium 4,9-dioxide","C40H86NO7P2S",804.58964,2.969,101780.145929576,128
"CD","posi","7-[(Hexadecylsulfanyl)methyl]-4-hydroxy-N,N,N-trimethyl-9-oxo-3,5-dioxa-8-aza-4-phosphatetracosan-1-aminium 4-oxide","C40H84N2O5PS",718.57533,3.835,337934.775370762,128
"CD","posi","7α-Hydroxy-3-oxochol-4-en-24-oic acid","C24H36O4",389.26846,4.608,606200.895633179,128
"CD","posi","8-DEMETHYL MEIQX","C10H9N5",200.09286,14.76,75536.0248131879,128
"CD","posi","8-Hydroxyalanylclavam","C8H12N2O5",217.08178,17.279,10924.3167802435,128
"CD","posi","8-Mercaptomenthone","C10H18OS",395.20653,2.397,1086497.77971794,128
"CD","posi","8-hydroxy-guanosine","C10H13N5O6",338.05029,4.898,54998341.3535059,128
"CD","posi","9,10-Dihydroxystearic acid","C18H36O4",299.258,2.72,755801.331363214,128
"CD","posi","9-Decenoylcarnitine","C17H31NO4",314.23246,4.536,761661.692900165,128
"CD","posi","9-Hexadecenoylcarnitine","C23H43NO4",398.32618,3.874,2024832.01433881,128
"CD","posi","9-[(4Z,7Z,10Z,13Z,16Z,19Z)-4,7,10,13,16,19-Docosahexaenoyloxy]-6-hydroxy-6-oxido-5,7-dioxa-2-aza-6λ~5~-phosphadecan-10-yl (4Z,7Z,10Z,13Z,16Z,19Z)-4,7,10,13,16,19-docosahexaenoate","C50H76NO8P",850.54321,3.053,27384.6017633604,128
"CD","posi","ACETYL PROLINE","C7H11NO3",158.08119,15.872,103666.693791994,128
"CD","posi","ACPC","C4H7NO2",102.05497,17.082,90324353.621348,128
"CD","posi","ALA-PRO","C8H14N2O3",187.10762,13.163,325123.066153768,128
"CD","posi","ALLN","C20H37N3O4",830.56847,2.995,4976540.2134669,128
"CD","posi","AMICYCLINE","C21H23N3O7",430.1613,17.968,91140.136478098,128
"CD","posi","APM","C7H13NO4",176.09284,14.929,799670.47665247,128
"CD","posi","ARTOCARPIN","C26H28O6",437.19305,12.731,113979.744177792,128
"CD","posi","ATPA","C10H16N2O4",229.11958,7.18,5793426.13138634,128
"CD","posi","Aceclidine","C9H15NO2",170.11746,3.084,61783.1101935451,128
"CD","posi","Acepromazine","C19H22N2OS",327.15411,8.467,369409.452554306,128
"CD","posi","Acetaldehyde","C2H4O",86.06005,12.443,2521178.14490503,128
"CD","posi","Acetamide","C2H5NO",119.0816,7.549,77892533.1597442,128
"CD","posi","Acetanilide","C8H9NO",118.06501,2.405,4708438.34621246,128
"CD","posi","Acetonitrile","C2H3N",83.0604,7.829,48731689.1816368,128
"CD","posi","Acetophenone","C8H8O",121.06457,2.659,435138.828511406,128
"CD","posi","Aceturic acid","C4H7NO3",118.04968,18.796,2128699.68430824,128
"CD","posi","Acetyl hexamethyl tetralin","C18H26O",259.20537,2.406,77873.1313869318,128
"CD","posi","Acetyl-L-methionine","C7H13NO3S",224.0944,13.875,349617.578892161,128
"CD","posi","Acetylagmatine","C7H16N4O",155.12909,14.378,2855168.25734126,128
"CD","posi","Acetylcarnitine","C9H17NO4",204.12435,16.983,518642.893670624,128
"CD","posi","Acetylcarnosine","C11H16N4O4",269.12341,12.694,30575.6662801494,128
"CD","posi","Acetylcholine","C7H16NO2",128.69465,18.395,46448.0569340416,128
"CD","posi","Acetylene","C2H2",70.06523,13.424,2119401.99117554,128
"CD","posi","Acetylhistamine","C7H11N3O",154.09735,16.316,5157394.21767863,128
"CD","posi","Acetylisoniazid","C8H9N3O2",180.07678,14.455,106584.923117501,128
"CD","posi","Acetyllycopsamine","C17H27NO6",342.19097,12.985,15711.0018070833,128
"CD","posi","Acrylamide","C3H5NO",72.04442,14.315,1379980.17487714,128
"CD","posi","Acrylonitrile","C3H3N",124.08695,3.798,97083951.931825,128
"CD","posi","Adenine","C5H5N5",136.06185,6.712,2800472.92148778,128
"CD","posi","Adenophostin B","C18H28N5O19P3",712.06703,4.927,3234609.93904477,128
"CD","posi","Adenosine","C10H13N5O4",268.10387,6.621,1910797.49417798,128
"CD","posi","Adenosine 5'-tetraphosphate","C10H17N5O16P4",587.96695,15.419,60654.1059538393,128
"CD","posi","Aflatoxin B1","C17H12O6",313.07062,12.973,290992.044927072,128
"CD","posi","Agaritine","C12H17N3O4",268.13024,7.229,931824.611836846,128
"CD","posi","Agomelatine","C15H17NO2",244.13289,2.539,23903.9050359364,128
"CD","posi","Ala-Tyr","C12H16N2O4",253.11804,6.804,4374950.1891151,128
"CD","posi","Alanylserine","C6H12N2O4",177.08691,12.676,1671620.36071314,128
"CD","posi","Alclofenac","C11H11ClO3",298.89611,14.437,488655.994114522,128
"CD","posi","Alfentanil","C21H32N6O3",417.26075,8.429,66845.0356476698,128
"CD","posi","Allantoic acid","C4H8N4O4",177.06094,17.693,101371.708327572,128
"CD","posi","Allopumiliotoxin 267A","C16H29NO2",268.22699,2.482,54576.1128409451,128
"CD","posi","Allylamine","C3H7N",99.09149,18.318,7072231.14418424,128
"CD","posi","Amfepramone","C13H19NO",206.15376,3.733,1062317.6700373,128
"CD","posi","Amide C18","C18H37NO",284.29482,4.147,375439.482157181,128
"CD","posi","Aminotrimethylene phosphonic acid","C3H12NO9P3",299.98014,15.858,1264542.50463632,128
"CD","posi","Amitriptyline","C20H23N",278.19007,5.561,57440.242634085,128
"CD","posi","Amitrole","C2H4N4",191.07661,18.32,853439.582990469,128
"CD","posi","Ammeline","C3H5N5O",128.05631,4.335,34419.3928615154,128
"CD","posi","Amphetamine","C9H13N",119.08542,2.485,8111403.27857515,128
"CD","posi","Amrinone","C10H9N3O",188.08177,3.812,2898485.17707731,128
"CD","posi","Amylbenzene","C11H16",149.13233,2.53,453517.04739148,128
"CD","posi","Anastrozole","C17H19N5",294.17303,17.119,435200.55179867,128
"CD","posi","Anhydrovitamin A","C20H28",269.2263,2.529,198922.163835642,128
"CD","posi","Anserine","C10H16N4O3",241.1294,15.19,425904.068412834,128
"CD","posi","Apatinib","C24H23N5O",398.19821,3.06,132626.682439115,128
"CD","posi","Arborinine","C16H15NO4",286.1071,10.16,403030.103267443,128
"CD","posi","Arg-Gly","C8H17N5O3",232.13841,3.88,114238.897374534,128
"CD","posi","Argininosuccinic acid","C10H18N4O6",291.12967,15.248,53959.0729860717,128
"CD","posi","Armillaramide","C34H69NO4",556.52925,2.429,269392.767833313,128
"CD","posi","Artabsinolide A","C15H20O5",263.12784,2.356,31113566.1713149,128
"CD","posi","Ascorbyl stearate","C24H42O7",443.30357,2.94,122690.654952924,128
"CD","posi","Asparaginylglutamic acid","C9H15N3O6",262.1031,14.887,39825.3828268708,128
"CD","posi","Asymmetric dimethylarginine","C8H18N4O2",203.15036,17.859,1626222.53880911,128
"CD","posi","Atagabalin","C10H19NO2",186.1488,2.851,164792.981647546,128
"CD","posi","Atraton","C9H17N5O",212.15038,3.871,39494.1819534638,128
"CD","posi","Austalide L","C25H32O6",429.22687,2.568,50954.1035914574,128
"CD","posi","Avasimibe","C29H43NO4S",505.17366,4.022,1176196.11190871,128
"CD","posi","Avenanthramide A","C16H13NO5",300.08713,12.826,288275.700272013,128
"CD","posi","Azapropazone","C16H20N4O2",301.16446,2.502,33393.1419582412,128
"CD","posi","Aziridine","C2H5N",87.09166,7.941,66947494.8261994,128
"CD","posi","BIISOCROTYL","C8H14",111.11686,2.697,35616.6496384475,128
"CD","posi","BLAH","SSe",112.8957,14.951,282935.4591907,128
"CD","posi","Behenoylglycine","C24H47NO3",398.36221,2.506,79981.3668366796,128
"CD","posi","Bendazac","C16H14N2O3",283.10752,2.626,53407.5877407852,128
"CD","posi","Benfluorex","C19H20F3NO2",352.1531,2.224,20369.7727084908,128
"CD","posi","Benzamidine","C7H8N2",121.07605,3.705,8192802.28738471,128
"CD","posi","Benzene","C6H6",79.05425,2.492,60548.7658753874,128
"CD","posi","Benzoxazolone","C7H5NO2",136.03936,4.475,998293.857478635,128
"CD","posi","Benzoyl cyanide","C8H5NO",132.04437,3.764,2266915.25873192,128
"CD","posi","Benzyl alcohol","C7H8O",91.05418,3.894,2831234.02010999,128
"CD","posi","Benzyl butyl phthalate","C19H20O4",313.3571,2.393,660539.994073483,128
"CD","posi","Benzyl disulfide","C14H14S2",247.0608,12.817,1722207.70794009,128
"CD","posi","Benzyl formate","C8H8O2",137.05946,3.524,69488.923004049,128
"CD","posi","Benzyl isobutyl ketone","C12H16O",177.12701,2.645,153738.75882339,128
"CD","posi","Benzylamine","C7H9N",108.08078,7.812,9222441.82934086,128
"CD","posi","Benzylideneacetone","C10H10O",147.08036,2.476,816711.23283632,128
"CD","posi","Benzylpiperazine","C11H16N2",370.29488,3.927,989658.714860094,128
"CD","posi","Bergaptol","C11H6O4",235.06022,14.034,226146.730438857,128
"CD","posi","Betaine","C5H11NO2",118.08608,11.117,1201209572.7088,128
"CD","posi","Betamethasone","C22H29FO5",393.20916,3.968,76858.1988766705,128
"CD","posi","Bethanechol","C7H16N2O2",161.12847,18.879,2056965.53434798,128
"CD","posi","Bethanidine","C10H15N3",178.13389,3.834,126217.97085353,128
"CD","posi","Betulin","C29H48O3",445.3674,2.389,4560182.07981739,128
"CD","posi","Bexarotene","C24H28O2",349.21222,2.451,45188.3235326327,128
"CD","posi","Biacetyl","C4H6O2",104.07056,14.646,1223642.89163201,128
"CD","posi","Biguanide","C2H7N5",124.05915,6.141,5335.49621213757,128
"CD","posi","Biliverdin","C33H34N4O6",583.2542,3.877,48470.2623135107,128
"CD","posi","Bis(2-ethylhexyl) phthalate","C24H38O4",391.28393,4.377,1614368.95790963,128
"CD","posi","Bis(8-methyl-8-azabicyclo[3.2.1]oct-3-yl) (1S,4S)-1-phenyl-1,2,3,4-tetrahydro-1,4-naphthalenedicarboxylate","C34H42N2O4",554.25091,3.72,65500.4170307505,128
"CD","posi","Bisoprolol","C18H31NO4",326.23244,2.733,42082.3909599639,128
"CD","posi","Bisphenol B","C16H18O2",502.2928,4.608,1944621.45754586,128
"CD","posi","Bitertanol","C20H23N3O2",675.36405,2.373,40887.4130197827,128
"CD","posi","Bluensidine","C8H16N4O6",265.11541,15.601,398156.278093068,128
"CD","posi","Bosentan","C27H29N5O6S",552.19662,2.303,31188.4694171131,128
"CD","posi","Brigatinib","C29H39ClN7O2P",584.2626,2.232,36441.5897933758,128
"CD","posi","Bufa-20,22-dienolide","C24H34O2",355.26289,7.123,5620458.28188115,128
"CD","posi","Bumadizone","C19H22N2O3",327.16733,3.83,58923.2821413625,128
"CD","posi","Buprenorphine","C29H41NO4",468.3157,3.535,22398.4463409972,128
"CD","posi","Butabarbital","C10H16N2O3",213.12346,12.69,192467.94066651,128
"CD","posi","Butyl acrylate","C7H12O2",129.0908,2.892,92840.0204405626,128
"CD","posi","Butylate","C11H23NOS",435.31558,2.5,8891642.19691215,128
"CD","posi","Butylated hydroxymethylphenol","C15H24O2",237.18353,3.732,346308.267631107,128
"CD","posi","Butylated hydroxytoluene","C15H24O",203.1794,2.442,109892.558590217,128
"CD","posi","Butylphthalide","C12H14O2",191.1064,2.244,41523.3848481532,128
"CD","posi","Butyryl-L-homoserine lactone","C8H13NO3",172.09681,7.003,3006290.08592498,128
"CD","posi","C12-Carnitine","C19H37NO4",344.27916,3.947,378069.601598138,128
"CD","posi","C14-Carnitine","C21H41NO4",372.31045,2.545,75860.8406383818,128
"CD","posi","C14-Dihydroceramide","C32H65NO3",512.59448,2.392,72877.8902171626,128
"CD","posi","CUCURBITACIN P","C30H48O7",521.34295,4.361,40024205.89642,128
"CD","posi","Caffeine","C8H10N4O2",195.08762,3.664,317658.259572242,128
"CD","posi","Calcitriol","C27H44O3",417.33576,2.455,667790.138834954,128
"CD","posi","Calonectrin","C19H26O6",351.17916,3.786,100840.815026246,128
"CD","posi","Candicine","C11H18NO",181.1447,3.694,653801.052194536,128
"CD","posi","Cannabinol","C21H26O2",323.59557,2.427,65475.8162850843,128
"CD","posi","Cannabisativine","C21H39N3O3",382.3099,2.474,124935.767152662,128
"CD","posi","Caprolactam","C6H11NO",114.0913,7.943,99883703.5710618,128
"CD","posi","Caproylcholine","C11H23NO2",202.18013,13.893,21769316.402014,128
"CD","posi","Carbamazepine-O-quinone","C15H10N2O3",267.07636,14.472,58667.0507136567,128
"CD","posi","Carbaryl","C12H11NO2",466.17567,2.338,519858.567413253,128
"CD","posi","Cassaidine","C24H41NO4",408.31048,3.038,95901.2426142402,128
"CD","posi","Cathine","C9H13NO",135.08023,2.55,2606971.70698083,128
"CD","posi","Cathinone","C9H11NO",133.06446,2.668,1508807.07629592,128
"CD","posi","Cauloside A","C35H56O8",605.40611,2.979,34894.7029786533,128
"CD","posi","Cer(d18:0/16:0)","C34H69NO3",540.53477,2.456,223011.346288161,128
"CD","posi","Cer(d18:1/14:0)","C32H63NO3",510.48738,2.448,52901.0889833367,128
"CD","posi","Cer(d18:1/18:0)","C36H71NO3",566.55028,2.442,75322.6703996412,128
"CD","posi","Cer(d18:1/18:1(9Z))","C36H69NO3",564.53404,2.5,77790.2457753796,128
"CD","posi","Cer(d18:1/22:1(13Z))","C40H77NO3",620.5969,2.433,84390.0469509007,128
"CD","posi","Cer(d18:1/24:1(15Z))","C42H81NO3",648.62853,2.478,109459.243970397,128
"CD","posi","Ceramide (d18:1/16:0)","C34H67NO3",538.51899,2.464,788105.878742566,128
"CD","posi","Cetraxate","C17H23NO4",306.16693,3.872,40681.5395645769,128
"CD","posi","Cetrimonium","C19H41N",284.33034,7.02,7005680.64760184,128
"CD","posi","Chamazulene","C14H16",185.13234,2.503,91176.8863747719,128
"CD","posi","Chlorambucil","C14H19Cl2NO2",342.04417,4.92,18382278.3602004,128
"CD","posi","Chloroacetyl chloride","C2H2Cl2O",144.98215,3.763,11018676.9550636,128
"CD","posi","Chlorobenzene","C6H5Cl",247.00381,15.68,662042.636429838,128
"CD","posi","Cholest-5-en-3-ol","C27H46O",369.35135,2.419,16171258.7574305,128
"CD","posi","Cholesteryl cis-9-hexadecenoate","C43H74O2",623.57188,2.135,36344.2621612996,128
"CD","posi","Ciclophosphamide","C7H15Cl2N2O2P",339.04803,4.808,1714932.31441648,128
"CD","posi","Cindunistat","C8H17N3O2S",220.10974,2.782,42099.9272238486,128
"CD","posi","Cinnamic acid","C9H8O2",166.08625,9.544,42463101.4476456,128
"CD","posi","Cinnamyl alcohol","C9H10O",135.0803,7.758,2199065.90599325,128
"CD","posi","Citronellyl Acetate","C12H22O2",199.16936,2.565,50496.4951910498,128
"CD","posi","Citrulline","C6H13N3O3",176.10295,14.762,2924068.83083424,128
"CD","posi","Civetone","C17H30O",233.22638,2.437,95113.4924856569,128
"CD","posi","Cladinose","C8H16O4",177.11332,15.097,1322841.87798884,128
"CD","posi","Clostebol acetate","C21H29ClO3",365.18989,2.455,71917.5507622633,128
"CD","posi","Compound III(S)","C22H30N2O3",371.23612,2.706,50636.2930969665,128
"CD","posi","Cortexolone","C21H30O4",347.22149,2.79,95965.4019344402,128
"CD","posi","Coumarin","C9H6O2",147.04401,11.597,728753.256261786,128
"CD","posi","Coumarone","C8H6O",119.04912,11.488,994952.524184735,128
"CD","posi","Creatine","C4H9N3O2",132.07669,14.057,258725707.05655,128
"CD","posi","Creatinine","C4H7N3O",114.06621,7.68,249152518.849227,128
"CD","posi","Cromakalim","C16H18N2O3",287.13623,3.744,89277.5107195167,128
"CD","posi","Cumene","C9H12",121.10101,2.565,859265.181742006,128
"CD","posi","Cuminaldehyde","C10H12O",149.09459,2.391,932225.751646715,128
"CD","posi","Curcumene","C15H22",203.17936,2.474,108918.58446411,128
"CD","posi","Cyanopyrazine","C5H3N3",123.06657,3.841,1887256.43853072,128
"CD","posi","Cyclo(L-His-L-Pro)","C11H14N4O2",235.11893,5.579,133525.218751205,128
"CD","posi","Cyclodopa glucoside","C15H19NO9",358.11286,15.097,34075.3802224613,128
"CD","posi","Cyclohexanone","C6H10O",121.06332,18.816,2871766.79744985,128
"CD","posi","Cyclohexapyrazine","C8H10N2",118.06496,2.466,4666523.28726486,128
"CD","posi","Cyclohexylamine","C6H13N",100.11203,9.057,2460643.65511397,128
"CD","posi","Cyclopentadiene","C5H6",84.0808,18.283,6354557.14542611,128
"CD","posi","Cyclopiazonic acid","C20H20N2O3",337.15431,2.499,42934.6375305375,128
"CD","posi","Cyclovariegatin","C18H10O8",355.04185,8.455,48962.9333233427,128
"CD","posi","Cycluron","C11H22N2O",199.18047,3.28,7847832.79738744,128
"CD","posi","Cymarose","C7H14O4",163.09759,14.224,3141673.35480381,128
"CD","posi","Cyprodenate","C13H25NO2",228.19583,2.423,3168722.16154232,128
"CD","posi","Cytosine","C4H5N3O",112.05054,7.506,16273689.9434514,128
"CD","posi","D-(+)-Galactosamine","C6H13NO5",180.08672,12.803,1673869.24073432,128
"CD","posi","D-(−)-Quinic acid","C7H12O6",193.07208,3.747,23965.8053872124,128
"CD","posi","D-1-Amino-2-pyrrolidinecarboxylic acid","C5H10N2O2",131.08154,21.094,6212097.18533309,128
"CD","posi","D-Glycero-D-galacto-heptitol","C7H16O7",213.09794,15.981,64842.7063625514,128
"CD","posi","D-Ornithine","C5H12N2O2",133.09714,17.625,2063118.46530718,128
"CD","posi","D-PANTOTHENIC ACID","C9H17NO5",220.11908,16.432,1197606.45516513,128
"CD","posi","DEET","C12H17NO",192.15905,7.47,9728534.13883456,128
"CD","posi","DG(16:0/16:0/0:0)","C35H68O5",551.50319,2.427,75291.7152673894,128
"CD","posi","DG(16:0/18:1(9Z)/0:0)","C37H70O5",577.51824,2.481,286394.582623226,128
"CD","posi","DG(16:0/18:2(9Z,12Z)/0:0)","C37H68O5",610.54002,2.422,356126.516235512,128
"CD","posi","DG(18:0/22:6(4Z,7Z,10Z,13Z,16Z,19Z)/0:0)","C43H72O5",669.54093,2.242,23915.0913692128,128
"CD","posi","DG(18:1(11Z)/20:5(5Z,8Z,11Z,14Z,17Z)/0:0)","C41H68O5",641.50996,2.358,140254.915208168,128
"CD","posi","DG(18:2(9Z,12Z)/18:1(11Z)/0:0)","C39H70O5",601.51837,2.379,359067.984670085,128
"CD","posi","DG(18:2(9Z,12Z)/18:2(9Z,12Z)/0:0)","C39H68O5",617.51322,2.457,82823.7915205765,128
"CD","posi","DIBUTOXYETHYLPHTHALATE","C20H30O6",367.20973,3.781,76153.7818044129,128
"CD","posi","DIHYDROFARNESOL","C15H28O",242.24777,2.458,53872.4513861764,128
"CD","posi","DIPHENYLNITROSAMINE","C12H10N2O",199.08653,3.801,86947.1360027303,128
"CD","posi","DL-2,6-Diaminopimelic acid","C7H14N2O4",191.10272,12.73,14329.4592419364,128
"CD","posi","DL-Carnitine","C7H15NO3",162.11245,15.154,844387.7881412,128
"CD","posi","DL-Citrulline","C6H13N3O3",176.10292,17.767,57119.0132413464,128
"CD","posi","DL-DIHYDROZEATIN","C10H15N5O",222.13483,17.311,25666.4883179385,128
"CD","posi","DL-Glutamic acid","C5H9NO4",148.06005,21.361,410931.006537938,128
"CD","posi","DL-Glutamine","C5H10N2O3",147.07631,21.054,3883189.34380388,128
"CD","posi","DL-Histidine","C6H9N3O2",156.0768,7.229,8100451.34204798,128
"CD","posi","DL-Lysine","C6H14N2O2",147.11275,3.807,472193.821181933,128
"CD","posi","DL-Mevalonic acid","C6H12O4",149.08215,15.05,1976050.60975914,128
"CD","posi","DL-Ornithine","C5H12N2O2",115.0866,14.772,3271168.86952079,128
"CD","posi","DL-Panthenol Ethyl Ether","C11H23NO4",234.17121,3.705,77841.4732475849,128
"CD","posi","DL-Phenylalanine","C9H11NO2",166.08595,3.884,567499.353431421,128
"CD","posi","DL-TYROSINE","C9H11NO3",182.08095,6.603,8184573.4542583,128
"CD","posi","DMH","C6H14S2",151.06147,3.822,224597.917927265,128
"CD","posi","DMU","C3H8N2O",89.07086,17.237,345655.506651548,128
"CD","posi","DOA","C22H42O4",371.3156,3.845,533392.891458618,128
"CD","posi","DOET","C13H21NO2",206.15386,3.698,880995.618294107,128
"CD","posi","Dambonitol","C8H16O6",209.10314,12.732,905429.582351054,128
"CD","posi","Daminozide","C6H12N2O3",161.09207,17.434,833956.206340598,128
"CD","posi","Deanol","C4H11NO",72.08082,11.921,39907038.1107444,128
"CD","posi","Decan-1-ol","C10H22O",358.36761,3.215,284052.869684636,128
"CD","posi","Decanoylcarnitine","C17H33NO4",316.24815,4.297,311336.879717747,128
"CD","posi","Decarbamoylsaxitoxin","C9H16N6O3",239.12705,2.719,48314.8953511507,128
"CD","posi","Dedimethylchlorpromazine","C15H15ClN2S",291.06992,9.157,56818.2069272792,128
"CD","posi","Deferoxamine","C25H48N6O8",561.35637,3.103,18149.3500996241,128
"CD","posi","Dehydroepiandrosterone","C19H28O2",289.2159,2.556,618528.307585198,128
"CD","posi","Dehydrofalcarinone","C17H20O",241.15841,2.455,62383.0713650379,128
"CD","posi","Dehydroglycine","C2H3NO2",106.04977,14.707,1329820.37484215,128
"CD","posi","Deisopropylhydroxyatrazine","C5H9N5O",139.06148,12.775,1540372.15549596,128
"CD","posi","Delanzomib","C21H28BN3O5",414.22009,2.54,20443.9137124505,128
"CD","posi","Demethoxyencecalin","C13H14O2",203.1066,2.46,293713.535826992,128
"CD","posi","Demethylated antipyrine","C10H10N2O",175.08645,3.687,13154690.8284545,128
"CD","posi","Deoxyadenosine monophosphate","C10H14N5O6P",332.07616,14.467,166079.199669644,128
"CD","posi","Deoxybrevianamide E","C21H25N3O2",352.19925,3.721,15821.9577698063,128
"CD","posi","Deoxycytidine","C9H13N3O4",228.09788,8.93,1029210.20688612,128
"CD","posi","Deoxynivalenol","C15H20O6",297.13293,2.682,1069407.5959323,128
"CD","posi","Deoxyribose","C5H10O4",135.06649,6.341,5099745.60257384,128
"CD","posi","Deoxyuridine monophosphate","C9H13N2O8P",309.04663,11.937,26293.1275884484,128
"CD","posi","Dephospho-CoA","C21H35N7O13P2S",688.16125,2.341,43475.2091681092,128
"CD","posi","Diacetin","C7H12O5",177.07695,17.027,282287.62039483,128
"CD","posi","Diafenthiuron","C23H32N2OS",386.7553,2.641,33313.430602767,128
"CD","posi","Dibutyl sebacate","C18H34O4",315.25291,2.682,152084.931930427,128
"CD","posi","Dicyclohexylamine","C12H23N",182.19038,8.437,212189.515404776,128
"CD","posi","Dicyclomine","C19H35NO2",310.2741,2.255,75203.4184151003,128
"CD","posi","Diethanolamine","C4H11NO2",106.08621,14.171,10005400.7265472,128
"CD","posi","Diethyl oxalpropionate","C9H14O5",203.09136,2.708,2331123.53073237,128
"CD","posi","Diethyl succinate","C8H14O4",175.09785,7.524,6707368.18585522,128
"CD","posi","Diethylamine","C4H11N",74.09646,5.461,72718329.9134639,128
"CD","posi","Diethylpyrocarbonate","C6H10O5",163.06144,7.35,1537329.39928967,128
"CD","posi","Diftalone","C16H12N2O2",265.09705,2.115,34552.4746483916,128
"CD","posi","Dihydro-β-ionone","C13H22O",177.16379,2.386,101516.082267265,128
"CD","posi","Dihydroactinidiolide","C11H16O2",181.12199,3.12,128208.973040149,128
"CD","posi","Dihydrocarvone","C10H16O",135.11691,2.455,568320.745485747,128
"CD","posi","Dihydroceramide","C20H41NO3",344.33888,2.628,555882.292483543,128
"CD","posi","Dihydrojasmone","C11H18O",149.13252,2.449,388394.557225894,128
"CD","posi","Dihydrokavain","C14H16O3",233.11712,2.523,170615.388953493,128
"CD","posi","Dihydrouracil","C4H6N2O2",115.05018,3.508,2516402.06490332,128
"CD","posi","Diimidotricarbonic acid","C3H4N2O5",149.01868,8.739,127886.086077333,128
"CD","posi","Dimethyl fumarate","C6H8O4",145.04953,12.231,211045.331428037,128
"CD","posi","Dimethyl trisulfide","C2H6S3",126.97006,8.124,19713308.920357,128
"CD","posi","Dimethylcyanocacetamide","C4H8N2",85.07604,7.064,282761808.808214,128
"CD","posi","Dimethylguanidino valeric acid","C8H15N3O3",202.11855,10.539,316525.56755472,128
"CD","posi","Dimetridazole","C5H7N3O2",142.06113,7.418,9187185.53488915,128
"CD","posi","Dimorpholamine","C20H38N4O4",477.31027,3.006,195736.738396787,128
"CD","posi","Diosgenin","C27H42O3",415.32028,2.917,258291.376213851,128
"CD","posi","Dipyrithione","C10H8N2O2S2",253.01069,14.546,23422.7726880905,128
"CD","posi","Dityrosine","C18H20N2O6",361.13883,14.149,57941.4626611884,128
"CD","posi","Dobutamine","C18H23NO3",302.17217,3.748,99315.2084096414,128
"CD","posi","Docosahexaenoyl PAF C-16","C46H82NO7P",794.0395,3.967,174703.165195666,128
"CD","posi","Docosanamide","C22H45NO",340.42048,2.465,355187.380064113,128
"CD","posi","Docosatetraenoic acid","C22H36O2",728.55737,4.029,374215.416338978,128
"CD","posi","Dodecanedioic acid","C12H22O4",478.33833,2.466,625941.314558652,128
"CD","posi","Dodecanoylcarnitine","C19H37NO4",376.30557,2.85,75971.088607358,128
"CD","posi","Dolichotheline","C10H17N3O",178.13397,9.617,51599.1623932829,128
"CD","posi","Donepezil metabolite M4","C17H23NO3",290.1721,3.644,39906.7087094813,128
"CD","posi","Dormex","CH2N2",85.05092,7.3,73871.7231387193,128
"CD","posi","Drostanolone propionate","C23H36O3",361.27347,4.297,404421.428990762,128
"CD","posi","ENADENINE","C10H13N5",204.1242,13.772,318296.100939843,128
"CD","posi","ENU","C3H7N3O2",101.03438,18.394,306512.154208115,128
"CD","posi","ETHYL 4-(ACETYLTHIO)BUTYRATE","C8H14O3S",191.07309,20.301,7673.19661100965,128
"CD","posi","Edaravone","C10H10N2O",157.07599,9.629,734224.561872212,128
"CD","posi","Eglumetad","C8H11NO4",186.0762,6.901,739460.54856978,128
"CD","posi","Elaeokanine C","C12H21NO2",212.16434,7.971,3528484.94066987,128
"CD","posi","Emetamine","C29H36N2O4",477.27857,2.606,23681.2215886133,128
"CD","posi","Enalaprilat","C18H24N2O5",349.17298,7.962,6204.26894580266,128
"CD","posi","Enterodiol","C18H22O4",303.15954,2.78,158378.611652383,128
"CD","posi","Ephedrine","C10H15NO",166.12269,2.585,93568.1796550518,128
"CD","posi","Epinephrine","C9H13NO3",184.09648,3.752,343543.360191166,128
"CD","posi","Eplerenone","C24H30O6",415.21108,2.568,799553335.147663,128
"CD","posi","Equol","C15H14O3",243.10075,11.926,338181.739033194,128
"CD","posi","Eremopetasinorol","C13H20O2",209.15347,8.204,2916376.68882485,128
"CD","posi","Erinacine B","C25H36O6",434.35115,2.061,34521.0247396549,128
"CD","posi","Esgram","C12H14N2",390.267,2.208,53564.417965445,128
"CD","posi","Eslicarbazepine","C15H14N2O2",255.11265,2.727,37867.3974252752,128
"CD","posi","Estradiol undecylate","C29H44O3",441.33203,2.561,373690.070459887,128
"CD","posi","Estrane","C18H30",247.24205,2.492,53606.5173385222,128
"CD","posi","Estriol","C18H24O3",289.1795,2.503,93036.1223712506,128
"CD","posi","Ethanoic anhydride","C4H6O3",85.02843,12.688,1507473.90278014,128
"CD","posi","Ethephon","C2H6ClO3P",144.98217,7.232,4782962.61877009,128
"CD","posi","Ethosuximide","C7H11NO2",142.08597,8.424,1636600.50857884,128
"CD","posi","Ethoxylated Bisphenol A","C19H24O4",317.17453,2.59,62356.9617910202,128
"CD","posi","Ethyl Sorbate","C8H12O2",141.09067,3.097,130296.468530711,128
"CD","posi","Ethyl malate","C8H14O5",191.09106,6.325,463727.259929549,128
"CD","posi","Ethyl maltol","C7H8O3",141.05428,4.036,86956.5909277966,128
"CD","posi","Ethylene","C2H4",74.09641,3.529,41860267.954522,128
"CD","posi","Ethylvanillin propylene glycol acetal","C12H16O4",225.11179,2.724,146748.395851666,128
"CD","posi","Etoglucid","C12H22O6",280.17564,2.461,67449.0905112433,128
"CD","posi","Etonogestrel","C22H28O2",325.21582,2.465,82521.4399487546,128
"CD","posi","FAPy-adenine","C5H7N5O",154.07214,4.091,156907.470317341,128
"CD","posi","FOSAMINE","C3H8NO4P",154.02648,12.745,23334.1974389959,128
"CD","posi","Fabomotizole","C15H21N3O2S",291.11193,2.091,1223191.98504897,128
"CD","posi","Falcarindiol","C17H24O2",261.1847,2.494,86358.3511106176,128
"CD","posi","Famotidine","C8H15N7O2S3",338.05008,4.879,55263766.3150872,128
"CD","posi","Fasciculol C","C30H52O6",509.38021,3.597,28976.346294488,128
"CD","posi","Fasoracetam","C10H16N2O2",197.12805,6.481,145905.255049609,128
"CD","posi","Favan-3-ol","C15H14O2",227.10652,1.993,13727.1124704095,128
"CD","posi","Fenipentol","C11H16O",147.11694,2.468,678651.635510301,128
"CD","posi","Ferimzone","C15H18N4",255.15888,3.792,291441.839625544,128
"CD","posi","Flavidulol C","C34H42O4",515.3146,2.205,1351943.24042863,128
"CD","posi","Flavin mononucleotide","C17H21N4O9P",457.1083,14.62,45249.5478647584,128
"CD","posi","Flindersiachromone","C17H14O2",251.10654,2.465,208208.400083177,128
"CD","posi","Flumequine","C14H12FNO3",245.05952,9.631,119401.302076638,128
"CD","posi","Fluotrimazole","C22H16F3N3",380.1359,3.185,80447.516950211,128
"CD","posi","Fluphenazine","C22H26F3N3OS",438.17899,13.994,27115.3411292908,128
"CD","posi","Flurandrenolide","C24H33FO6",437.23565,3.938,97140.7593068824,128
"CD","posi","Fomepizole","C4H6N2",83.0604,7.25,59879267.8320673,128
"CD","posi","Formamide","CH3NO",124.04277,16.807,82612.6416439633,128
"CD","posi","Formiminoglutamic Acid","C6H10N2O4",216.09935,15.988,131558.048011013,128
"CD","posi","Fructose 1,6-bisphosphate","C6H14O12P2",341.00635,13.956,50983.4021004469,128
"CD","posi","Fucoxanthin","C42H58O6",676.45495,3.207,60661.1742075503,128
"CD","posi","Furan","C4H4O",69.03347,4.182,73750.661759843,128
"CD","posi","Furan Fatty Acid F6","C22H38O3",351.28928,2.379,63686.8149167912,128
"CD","posi","Furaneol","C6H8O3",129.05445,3.081,70837.9442763327,128
"CD","posi","Furazolidone","C8H7N3O5",226.04496,11.525,334675.684471577,128
"CD","posi","Furfural","C5H4O2",97.02827,13.146,836887.508419357,128
"CD","posi","Furfuranol","C5H6O2",81.03349,4.446,622385.107324494,128
"CD","posi","Furfuryl sulfide","C10H10O2S",212.07393,3.101,42797.1863149166,128
"CD","posi","Furmecyclox","C14H21NO3",520.33922,4.085,765028093.552377,128
"CD","posi","Gabapentin","C9H17NO2",172.1331,3.014,309153.773588847,128
"CD","posi","Ganolucidic acid B","C30H46O6",503.33217,3.983,250604.854432025,128
"CD","posi","Garcinia acid","C6H8O8",287.04399,4.85,10553674.789406,128
"CD","posi","Gentamicin C1a","C19H39N5O7",432.28005,3.95,7284573.76215794,128
"CD","posi","Geranyl acetate","C12H20O2",197.15315,2.799,152252.443301629,128
"CD","posi","Geranyl formate","C11H18O2",221.09202,10.399,673490.447851818,128
"CD","posi","Gerberinol","C21H16O6",365.1052,12.811,604797.431689496,128
"CD","posi","Gln-Gln","C10H18N4O5",275.13489,14.239,16759.9994584059,128
"CD","posi","Glucosamine","C6H13NO5",180.08673,12.611,1683243.78455144,128
"CD","posi","Glucosylceramide (d18:1/16:0)","C40H77NO8",700.57173,3.018,742502.969743215,128
"CD","posi","Glucuronamide","C6H11NO6",194.06592,19.722,25339.2714859008,128
"CD","posi","Glutaminylhistidine","C11H17N5O4",284.13509,8.203,137930.409704113,128
"CD","posi","Glutarimide","C5H7NO2",114.05504,12.967,1556167.42927891,128
"CD","posi","Glutarylcarnitine","C12H21NO6",276.14397,14.525,141690.540509043,128
"CD","posi","Glutathione","C10H17N3O6S",308.09076,14.481,95891.8981560967,128
"CD","posi","Gly-Leu","C8H16N2O3",189.12337,17.517,7650.08099689523,128
"CD","posi","Glycerol 1-myristate","C17H34O4",286.22894,2.415,184468.340765126,128
"CD","posi","Glycidyl Stearate","C21H40O3",341.30494,2.594,403304.3447287,128
"CD","posi","Glycocholic acid","C26H43NO6",488.29983,2.56,1939257.50314155,128
"CD","posi","Glycyl-Lysine","C8H17N3O3",204.13428,13.063,461597.037185119,128
"CD","posi","Glycyl-Phenylalanine","C11H14N2O3",223.10767,8.949,123475.79748554,128
"CD","posi","Glycylleucine","C8H16N2O3",189.12329,13.922,316370.264412879,128
"CD","posi","Glycylprolylhydroxyproline","C12H19N3O5",286.14091,7.472,665004.623237087,128
"CD","posi","Gonyautoxin I","C10H17N7O9S",412.08712,12.773,169574.256851046,128
"CD","posi","Guanadrel","C10H19N3O2",427.3051,2.562,312815.761981657,128
"CD","posi","Guanazodine","C9H20N4",407.30128,2.455,5267730.91835463,128
"CD","posi","Guanidinoethyl Sulfonate","C3H9N3O3S",168.0437,11.754,141965.978248773,128
"CD","posi","Guanidinosuccinic acid","C5H9N3O4",176.06661,14.604,85477.1761908538,128
"CD","posi","Guanidoacetic acid","C3H7N3O2",118.06126,14.14,999933.673106579,128
"CD","posi","Guanine","C5H5N5O",152.05669,10.355,14188.3943569146,128
"CD","posi","Guanosine","C10H13N5O5",284.09867,10.372,11584.4012363702,128
"CD","posi","Guanoxabenz","C8H8Cl2N4O",268.9981,15.748,1927554513.96675,128
"CD","posi","Guvacine","C6H9NO2",128.0706,18.394,5560171.34629042,128
"CD","posi","H-Met(O)-OH","C5H11NO3S",166.05232,11.172,2637675.42871274,128
"CD","posi","HIAA","C10H9NO3",209.09201,9.642,370024.347837112,128
"CD","posi","HO-dPEG6-OH","C12H26O7",283.17489,4.959,347231.074049678,128
"CD","posi","Hecogenin","C27H42O4",431.31515,2.764,106962.791179182,128
"CD","posi","Hendecanedioic acid","C11H20O4",450.3073,2.438,341211.877515399,128
"CD","posi","Hept-2-ulose","C7H14O7",215.98549,14.633,16997.5963987271,128
"CD","posi","Hept-3-ene","C7H14",214.25305,8.264,43903.1766827125,128
"CD","posi","Heptadec-1,7,9-trien-11,13,15-triyne","C17H18",223.14799,2.546,109655.594809444,128
"CD","posi","Heptaethylene glycol","C14H30O8",327.20101,4.022,1836083.37650366,128
"CD","posi","Heptanoylcarnitine","C14H27NO4",274.20118,8.354,95481.0644671049,128
"CD","posi","Heptenal","C7H12O",95.08534,2.532,1859320.35532362,128
"CD","posi","Heptyl 4-hydroxybenzoate","C14H20O3",237.14845,2.302,423908.49310062,128
"CD","posi","Hexaethylene glycol","C12H26O7",283.17499,3.957,4673204.21296862,128
"CD","posi","Hexahydropyridine","C5H11N",86.09638,4.566,67598310.3024362,128
"CD","posi","Hexamethylenetetramine","C6H12N4",141.11311,3.89,1138162.7867256,128
"CD","posi","Hexamethylphosphoramide","C6H18N3OP",180.12442,8.219,815945.970805245,128
"CD","posi","Hexanethiol","C6H14S",119.08956,12.134,23034617.4301049,128
"CD","posi","Hexazinone","C12H20N4O2",522.3553,3.945,303348876.104673,128
"CD","posi","Hexylbenzene","C12H18",163.14811,2.459,446360.17165384,128
"CD","posi","Histamine","C5H9N3",112.0868,15.537,82993566.6042153,128
"CD","posi","Histidinol","C6H11N3O",142.09749,15.427,4943930.88150868,128
"CD","posi","Homo-L-arginine","C7H16N4O2",394.28887,2.525,26413191.2283223,128
"CD","posi","Homocitrulline","C7H15N3O3",190.11846,14.669,92794.951645958,128
"CD","posi","Huperzine","C15H18N2O",502.31533,2.43,1271611.42864308,128
"CD","posi","Huperzine B","C16H20N2O",530.34718,2.45,327760.944889325,128
"CD","posi","Hydantoin","C3H4N2O2",101.03457,7.08,11152328.185291,128
"CD","posi","Hydrocinnamic acid","C9H10O2",151.0752,2.407,239821.931489265,128
"CD","posi","Hydrogen [1-hydroxy-2-(trimethylammonio)ethyl]phosphonate","C5H14NO4P",184.0736,3.082,69254343.8051242,128
"CD","posi","Hydroquinone","C6H6O2",111.04372,2.997,443349.685330651,128
"CD","posi","Hydroxyatrazine","C8H15N5O",181.10831,7.364,8349092.14494262,128
"CD","posi","Hydroxymethyl uracil","C5H6N2O3",323.03986,12.693,3754030.23477671,128
"CD","posi","Hydroxyprolyl-Valine","C10H18N2O4",231.1352,7.215,8239521.5101592,128
"CD","posi","Hypercalin B","C33H42O5",502.28183,2.901,179333.685025798,128
"CD","posi","Hypotaurine","C2H7NO2S",110.02709,13.942,274547.483757148,128
"CD","posi","Hypotaurocyamine","C3H9N3O2S",184.07491,11.899,2739547.00442813,128
"CD","posi","Hypoxanthin","C5H4N4O",137.04592,5.827,1329770.25804815,128
"CD","posi","Hypoxanthine","C5H4N4O",137.04578,7.638,2227987.28503813,128
"CD","posi","IBMX","C10H14N4O2",223.11881,7.251,2120232.56601525,128
"CD","posi","IMINOCTADINE","C18H41N7",356.35197,3.592,319771.042884694,128
"CD","posi","IPMP","C10H14O",168.13835,2.554,124862.336947343,128
"CD","posi","ISOCROMADURINE","C16H23NO5",310.16715,3.469,173270.80287561,128
"CD","posi","Ibopamine","C17H25NO4",308.18262,7.761,18903.803675562,128
"CD","posi","Ibuprofen","C13H18O2",239.16416,2.359,295378.526137057,128
"CD","posi","Icotidine","C21H25N5O2",380.20935,2.262,22636.9539878132,128
"CD","posi","Idelalisib","C22H18FN7O",414.85985,2.499,30005.9696260799,128
"CD","posi","Ilepcimide","C15H17NO3",298.08588,2.498,240065.491903838,128
"CD","posi","Imagabalin","C9H19NO2",174.14893,8.48,1766286.72026577,128
"CD","posi","Imetit","C6H10N4S",175.45622,14.756,12527.2759955387,128
"CD","posi","Imidazoleacetic acid ribotide","C10H15N2O9P",339.05964,12.735,615711.237039635,128
"CD","posi","Iminoaspartic acid","C4H5NO4",132.02821,14.385,146910.677198015,128
"CD","posi","Indane","C9H10",119.08536,2.579,29323463.3241398,128
"CD","posi","Indican","C14H17NO6",296.11523,4.064,79097.6871185197,128
"CD","posi","Indole","C8H7N",118.06501,2.516,5858888.03515556,128
"CD","posi","Indole-3-carbidol","C9H9NO",130.06505,9.457,987656.597929406,128
"CD","posi","Indole-3-propionic acid","C11H11NO2",190.08615,9.619,114678.74569918,128
"CD","posi","Indoleacrylic acid","C11H9NO2",188.0706,9.492,26963852.2602332,128
"CD","posi","Inosine triphosphate","C10H15N4O14P3",508.9903,15.653,1287814.07557457,128
"CD","posi","Isoalantolactone","C15H20O2",482.32416,3.88,9464161.4250918,128
"CD","posi","Isobutyryl-L-carnitine","C11H21NO4",232.15427,9.801,7955129.58497993,128
"CD","posi","Isocarboxazid","C12H13N3O2",295.11737,2.629,3553299.44182307,128
"CD","posi","Isocyanocyclohexane","C7H11N",93.06992,2.498,701074.45493143,128
"CD","posi","Isoflupredone acetate","C23H29FO6",421.19913,8.464,1252589.89347152,128
"CD","posi","Isoleucylproline","C11H20N2O3",229.15459,12.509,1006099.74217319,128
"CD","posi","Isolinderanolide","C21H36O3",337.30848,2.414,1217561.60124409,128
"CD","posi","Isoliquiritigenin","C15H12O4",257.47902,11.975,610565.914036548,128
"CD","posi","Isophorone","C9H14O",139.11171,2.504,189616.511089204,128
"CD","posi","Isoprene","C5H8",86.09635,3.115,7926631.5559385,128
"CD","posi","Isopropyl cyanide","C4H7N",70.06523,7.628,37257286.9867372,128
"CD","posi","Istamycin C1","C19H37N5O6",432.27999,4.049,7094716.84667114,128
"CD","posi","Jasmonal","C14H18O",203.14506,12.791,84077.8681946269,128
"CD","posi","Kahweofuran","C5H7NO",130.08633,18.291,6308526.93805834,128
"CD","posi","Kynuramine","C9H12N2O",174.507,17.473,125947.408133594,128
"CD","posi","Kyotorphin","C15H23N5O4",338.18324,3.705,42758.6262066321,128
"CD","posi","L-(+)-Alanine","C3H7NO2",122.08112,7.743,123122585.628265,128
"CD","posi","L-(+)-Aspartic acid","C4H7NO4",134.04446,21.368,1039227.95831347,128
"CD","posi","L-(+)-Cysteine","C3H7NO2S",122.02705,10.365,12954.0753714737,128
"CD","posi","L-(+)-Leucine","C6H13NO2",132.10185,7.797,31847690.0758853,128
"CD","posi","L-(+)-Valine","C5H11NO2",118.08625,17.063,43993812.7482508,128
"CD","posi","L-(−)-Threonine","C4H9NO3",120.06549,6.72,5225155.90385404,128
"CD","posi","L-(−)-methionine","C5H11NO2S",150.05838,5.295,283319.815708245,128
"CD","posi","L-2-Amino-4-methylenepentanedioic acid","C6H9NO4",160.06045,7.589,2984001.77171343,128
"CD","posi","L-Acetopine","C8H16N4O4",233.12442,12.905,35303.0070542467,128
"CD","posi","L-Acetylcarnitine","C9H17NO4",204.12301,12.337,204893939.708171,128
"CD","posi","L-Arginine","C6H14N4O2",175.119,18.217,25793117.2204005,128
"CD","posi","L-Azaserine","C5H7N3O4",174.05102,5.135,70585.1336022803,128
"CD","posi","L-Carnitine","C7H15NO3",162.1124,14.254,251273194.789264,128
"CD","posi","L-Formylkynurenine","C11H12N2O4",219.0763,9.664,181421.648057236,128
"CD","posi","L-Glutamine","C5H10N2O3",147.0763,14.635,60229561.2305931,128
"CD","posi","L-Histidine","C6H9N3O2",156.07677,18.256,11880926.2186972,128
"CD","posi","L-Histidinol","C6H11N3O",142.09753,7.358,33222031.5918021,128
"CD","posi","L-Kynurenine","C10H12N2O3",209.092,9.8,315151.761970664,128
"CD","posi","L-Lysine","C6H14N2O2",147.11274,18.48,16063959.4133621,128
"CD","posi","L-Pipecolic acid","C6H11NO2",130.08629,12.421,3727147.20075662,128
"CD","posi","L-Pyroglutamic acid","C5H7NO3",130.04987,3.799,275745.678495731,128
"CD","posi","L-Selenomethionine","C5H11NO2Se",198.00398,9.327,66055.5729372173,128
"CD","posi","L-Serine","C3H7NO3",106.04986,14.623,2412960.69368764,128
"CD","posi","L-Valine","C5H11NO2",118.08624,12.014,509930994.973891,128
"CD","posi","L-serine phosphoethanolamine","C5H13N2O6P",457.10852,14.586,43597.837844954,128
"CD","posi","L6V BUTJ C1","C7H10O",111.0801,2.617,461903.827935807,128
"CD","posi","LINALYL PROPIONATE","C13H22O2",193.15864,2.44,2714308.10791948,128
"CD","posi","Lanthanum","La",139.91465,14.999,630923.569029173,128
"CD","posi","Lauric acid","C12H24O2",218.21136,3.845,211596.883538739,128
"CD","posi","Leonurine","C14H21N3O5",312.15522,1.977,464269.687634355,128
"CD","posi","Leucamine","C5H13N",88.11208,9.538,498012.59570663,128
"CD","posi","Leucyl-Alanine","C9H18N2O3",203.13893,14.098,139234.985468902,128
"CD","posi","Leucyl-leucyl-norleucine","C18H35N3O4",732.55368,3.025,9177299.05450413,128
"CD","posi","Leucylasparagine","C10H19N3O4",246.146,7.523,1219911.98822207,128
"CD","posi","Levetiracetam","C8H14N2O2",171.11287,10.499,810497.557112294,128
"CD","posi","Lexibulin","C24H30N6O2",452.2778,4.048,366257.399259687,128
"CD","posi","Lilaline","C20H17NO7",384.1086,13.908,203003.991040404,128
"CD","posi","Linalyl benzoate","C17H22O2",259.16917,2.444,548142.923752493,128
"CD","posi","Linamarin","C10H17NO6",248.11278,14.434,28672.6227191173,128
"CD","posi","Linoleamide","C18H33NO",280.26334,2.517,224160.244435361,128
"CD","posi","Linolenelaidic acid","C18H30O2",279.23166,8.2,430311.94148629,128
"CD","posi","Linoleoyl Ethanolamide","C20H37NO2",324.28988,2.261,19904.513542661,128
"CD","posi","Liriodenine","C17H9NO3",276.06547,2.985,127262.211233657,128
"CD","posi","Lithocholic acid","C24H40O3",377.30477,2.375,47016.6681188442,128
"CD","posi","Lithocholic acid glycine conjugate","C26H43NO4",434.31216,2.523,48706994.0493117,128
"CD","posi","Lomefloxacin","C17H19F2N3O3",334.13718,8.436,122313.76061971,128
"CD","posi","Luteic acid","C14H8O9",338.05002,4.794,55185994.0722714,128
"CD","posi","Lycocernuine","C16H26N2O2",279.20684,2.93,78474.7761720244,128
"CD","posi","Lyso-PAF C-18","C26H56NO6P",510.39135,4.058,651435.913643664,128
"CD","posi","LysoPC(14:0/0:0)","C22H46NO7P",468.30833,4.324,9623469.98797993,128
"CD","posi","LysoPC(15:0/0:0)","C23H48NO7P",482.32385,3.98,10674504.4438348,128
"CD","posi","LysoPC(16:0/0:0)","C24H50NO7P",496.33942,4.127,1200815881.98558,128
"CD","posi","LysoPC(16:1(9Z)/0:0)","C24H48NO7P",494.32403,4.19,40658895.0222764,128
"CD","posi","LysoPC(18:0/0:0)","C26H54NO7P",506.35916,3.06,342815213.193151,128
"CD","posi","LysoPC(18:1(9Z)/0:0)","C26H52NO7P",522.35487,3,367337527.38187,128
"CD","posi","LysoPC(18:2(9Z,12Z)/0:0)","C26H50NO7P",520.33938,3.053,285656443.343205,128
"CD","posi","LysoPC(18:3(6Z,9Z,12Z)/0:0)","C26H48NO7P",518.32335,3.041,6654344.1895038,128
"CD","posi","LysoPC(20:0/0:0)","C28H58NO7P",552.40162,2.991,4179532.45199312,128
"CD","posi","LysoPC(20:1(11Z)/0:0)","C28H56NO7P",550.3864,3.972,4114216.38681382,128
"CD","posi","LysoPC(20:2(11Z,14Z)/0:0)","C28H54NO7P",548.37108,3.658,4581434.68323595,128
"CD","posi","LysoPC(20:3(8Z,11Z,14Z)/0:0)","C28H52NO7P",546.35506,3.915,28905956.0034219,128
"CD","posi","LysoPC(20:4(5Z,8Z,11Z,14Z)/0:0)","C28H50NO7P",544.33944,3.927,267033830.09994,128
"CD","posi","LysoPC(20:5(5Z,8Z,11Z,14Z,17Z)/0:0)","C28H48NO7P",542.32303,4.027,10945693.1887102,128
"CD","posi","LysoPC(22:0/0:0)","C30H62NO7P",580.43281,3.117,1004926.30618993,128
"CD","posi","LysoPC(22:1(13Z)/0:0)","C30H60NO7P",578.41772,3.914,1346787.64181959,128
"CD","posi","LysoPC(22:4(7Z,10Z,13Z,16Z)/0:0)","C30H54NO7P",572.37075,3.916,902298.258580229,128
"CD","posi","LysoPC(22:5(4Z,7Z,10Z,13Z,16Z)/0:0)","C30H52NO7P",570.36009,3.962,5851567.53157836,128
"CD","posi","LysoPC(22:6(4Z,7Z,10Z,13Z,16Z,19Z)/0:0)","C30H50NO7P",568.33939,3.955,141292899.732828,128
"CD","posi","LysoPC(24:0/0:0)","C32H66NO7P",608.46479,3.889,807873.569290664,128
"CD","posi","LysoPC(24:1(15Z)/0:0)","C32H64NO7P",606.44919,3.881,427736.6521597,128
"CD","posi","LysoPC(P-16:0/0:0)","C24H50NO6P",480.34459,3.954,1061238.03918791,128
"CD","posi","LysoPC(P-18:0/0:0)","C26H54NO6P",508.37589,3.925,1901928.25535466,128
"CD","posi","LysoPC(P-18:1(9Z)/0:0)","C26H52NO6P",506.35958,3.848,891845.95475044,128
"CD","posi","LysoPE(0:0/16:0)","C21H44NO6P",438.29748,3.914,489041.420823931,128
"CD","posi","LysoPE(0:0/16:1(9Z))","C21H42NO7P",452.27751,4.18,288587.467277857,128
"CD","posi","LysoPE(0:0/18:1(11Z))","C23H46NO7P",480.30794,3.901,6352264.22283178,128
"CD","posi","LysoPE(0:0/18:2(9Z,12Z))","C23H44NO7P",478.29251,4.06,17549235.16558,128
"CD","posi","LysoPE(0:0/18:3(6Z,9Z,12Z))","C23H42NO7P",476.27698,4.072,849241.780712723,128
"CD","posi","LysoPE(0:0/20:0)","C25H52NO7P",510.35526,3.834,13764468.925831,128
"CD","posi","LysoPE(0:0/20:5(5Z,8Z,11Z,14Z,17Z))","C25H42NO7P",500.27616,4.052,346234.483624358,128
"CD","posi","LysoPE(0:0/22:1(13Z))","C27H54NO7P",536.371,3.927,1538251.67734966,128
"CD","posi","LysoPE(0:0/22:5(4Z,7Z,10Z,13Z,16Z))","C27H46NO7P",528.30835,3.923,504241.02207482,128
"CD","posi","LysoPE(0:0/22:6(4Z,7Z,10Z,13Z,16Z,19Z))","C27H44NO7P",526.29253,3.964,17408850.778654,128
"CD","posi","LysoPE(0:0/24:0)","C29H60NO7P",566.41753,3.964,107989.931407129,128
"CD","posi","LysoPE(20:1(11Z)/0:0)","C25H50NO7P",508.33955,4.048,4030099.71882347,128
"CD","posi","LysoPE(20:4(5Z,8Z,11Z,14Z)/0:0)","C25H44NO7P",502.2924,3.654,16325523.1123836,128
"CD","posi","LysoPE(22:0/0:0)","C27H56NO7P",538.3867,3.826,3440826.80951737,128
"CD","posi","Lysyltyrosine","C15H23N3O4",310.1774,3.974,50263.2449258052,128
"CD","posi","MDMA","C11H15NO2",194.11747,15.318,1537799.6966784,128
"CD","posi","MECHLORETHAMINE OXIDE","C5H11Cl2NO",172.03057,14.054,89149.1310635592,128
"CD","posi","MEIQX","C11H11N5",214.10863,7.312,945971.544804097,128
"CD","posi","METHYLPHENANTHRENE","C15H12",193.10124,2.46,68808.3210356523,128
"CD","posi","METIPRANOLOL","C17H27NO4",310.57658,3.238,37921.4647464121,128
"CD","posi","METOQUIZINE","C22H27N5O",378.23045,2.61,33143.2729305016,128
"CD","posi","MHPG","C9H12O4",185.08045,7.772,606619.444990017,128
"CD","posi","MNU","C2H5N3O2",229.06687,14.55,465749.604599351,128
"CD","posi","MPTP N-OXIDE","C12H15NO",190.12265,2.462,90991.2653319091,128
"CD","posi","Makisterone A","C28H46O7",495.32757,3.858,137134.901983605,128
"CD","posi","Mammea E/BB","C24H30O7",431.20565,2.821,563551.060265308,128
"CD","posi","Mannitol","C6H14O6",183.08455,11.5,715960.36558093,128
"CD","posi","Maraniol","C12H12O3",205.08589,2.479,422272.588806991,128
"CD","posi","Mebicar","C8H14N4O2",199.11902,4.555,385641.37233534,128
"CD","posi","Megestrol","C22H30O3",343.22645,2.428,71379.6496285714,128
"CD","posi","Melengestrol acetate","C25H32O4",397.23619,2.551,51022.8276778227,128
"CD","posi","Melleolide M","C23H29ClO7",453.16703,2.758,207515.251364786,128
"CD","posi","Menatetrenone","C41H56O2",581.4372,4.026,271778.981131851,128
"CD","posi","Meprobamate","C9H18N2O4",219.13517,7.462,6644935.55099457,128
"CD","posi","Mesitol","C9H12O",119.08539,2.523,30576436.4024413,128
"CD","posi","Metanephrine","C10H15NO3",198.112,3.228,148119.109377602,128
"CD","posi","Methacholine","C8H17NO2",160.13318,14.799,23533183.5627099,128
"CD","posi","Methionine sulfoxide","C5H11NO3S",166.0517,14.368,6027783.56671735,128
"CD","posi","Methionyl-Glycine","C7H14N2O3S",285.09422,2.545,1776068.03175422,128
"CD","posi","Methohexital","C14H18N2O3",263.13899,8.052,273965.359664122,128
"CD","posi","Methyl 15-cyanopentadecanoate","C17H31NO2",282.24242,2.496,47296.2848511934,128
"CD","posi","Methyl 2-[(2-methoxy-2-oxoethyl)amino]acetate","C6H11NO4",162.07595,21.651,3663265.71906382,128
"CD","posi","Methyl 3-(benzoyloxy)-8-methyl-8-azabicyclo[3.2.1]octane-2-carboxylate","C17H21NO4",304.15149,3.497,18938.5543492614,128
"CD","posi","Methyl isocyanate","C2H3NO",115.05005,16.251,835072.770490009,128
"CD","posi","Methyl jasmonate","C13H20O3",208.11924,3.64,598772.464720587,128
"CD","posi","Methyl thiobutyrate","C5H10OS",119.05315,18.68,16914.9673624455,128
"CD","posi","Methylgingerol","C18H28O4",309.20606,3.046,559407.253910367,128
"CD","posi","Methylimidazole acetaldehyde","C6H8N2O",125.07093,7.205,35705367.9111264,128
"CD","posi","Methylphosphonic acid","CH5O3P",214.98375,5.546,12960701.343569,128
"CD","posi","Metronidazole","C6H9N3O3",172.07161,12.69,1213065.02779675,128
"CD","posi","Mevalonic acid","C6H12O4",149.08216,7.022,28520822.694925,128
"CD","posi","Mexiletine","C11H17NO",180.13833,9.46,301471.897057056,128
"CD","posi","Mifepristone","C29H35NO2",876.55919,2.858,604164.290163285,128
"CD","posi","Minoxidil","C9H15N5O",210.1348,7.442,2033634.33778401,128
"CD","posi","Misonidazole","C7H11N3O4",202.08199,17.386,27517.4106752862,128
"CD","posi","Modafinil","C15H15NO2S",610.18398,2.388,5955186.61155634,128
"CD","posi","Momordicilin","C36H60O3",541.46128,2.401,83071.237057096,128
"CD","posi","Montecristin","C37H66O4",575.50316,2.96,924740.440873713,128
"CD","posi","Moxisylyte","C16H25NO3",280.18768,3.954,91502.4654302534,128
"CD","posi","Mupirocin","C26H44O9",501.30736,3.093,77641.143184051,128
"CD","posi","Mycalamide A","C24H41NO10",504.28038,2.413,125648.050085753,128
"CD","posi","Myriocin","C21H39NO6",434.31193,2.571,51071434.1551031,128
"CD","posi","Myristoylcarnitine","C21H41NO4",372.31039,3.849,1288407.69272862,128
"CD","posi","N''-cyano-N,N'-diisopropylguanidine","C8H16N4",169.14474,16.665,9362901.87044934,128
"CD","posi","N'-Cyclohexylidenaminomethanehydrazonamide","C7H14N4",155.12907,6.697,7482165.37366553,128
"CD","posi","N'-Hydroxy-1,3-dimethyl-1H-pyrazole-5-carboximidamide","C6H10N4O",155.09257,19.341,2937342.12621881,128
"CD","posi","N,4-Dinitroso-N-methylaniline","C7H7N3O2",166.06095,8.667,20563.9890504858,128
"CD","posi","N,N'-Diphenylguanidine","C13H13N3",212.11815,5.581,94251.5633658922,128
"CD","posi","N,N-Bis(2-hydroxyethyl)dodecanamide","C16H33NO3",288.25288,7.813,671131.231678803,128
"CD","posi","N,N-Dimethyl-His-OH","C8H13N3O2",184.10795,20.023,5083181.88806778,128
"CD","posi","N,N-Dimethyl-p-phenylenediamine","C8H12N2",137.10733,3.75,270046.42512247,128
"CD","posi","N,N-Dimethylacetamide","C4H9NO",88.0757,7.621,48956618.2205631,128
"CD","posi","N,N-Dimethylformamide","C3H7NO",74.06006,7.529,118255740.849743,128
"CD","posi","N,N-Dimethylhistamine","C7H13N3",140.1182,7.331,7577421.63353013,128
"CD","posi","N,N′-DIACETYLBENZIDINE","C16H16N2O2",269.12825,2.936,195310.249539009,128
"CD","posi","N,N′-Diethylthiourea","C5H12N2S",133.08011,13.587,9446105.69310248,128
"CD","posi","N-(1-{[Methyl(2-methyl-2-propanyl)carbamoyl]amino}ethyl)-α-asparagine","C12H24N4O4",272.16148,3.831,69726.3928510244,128
"CD","posi","N-(1H-benzo[d]imidazol-2-yl)guanidine","C8H9N5",176.09308,7.442,19894750.1716183,128
"CD","posi","N-(3-Chlorobenzoyl)glycine","C9H8ClNO3",214.02724,8.387,31190.2684342471,128
"CD","posi","N-(3-aminopropoxy)guanidine","C4H12N4O",133.10785,10.007,27143.0103737644,128
"CD","posi","N-(9-oxodecyl)acetamide","C12H23NO2",214.18026,2.399,396717.75803365,128
"CD","posi","N-(tert-Butoxycarbonyl)-L-leucine","C11H21NO4",232.15568,17.228,9210.74408660962,128
"CD","posi","N-Acetyl-ala-ala-ala-methylester","C12H21N3O5",288.15649,3.695,53941.5895424163,128
"CD","posi","N-Acetylhistamine","C7H11N3O",154.09739,7.331,8445523.66872428,128
"CD","posi","N-Acetylimidazole","C5H6N2O",111.05531,7.883,25042870.8852113,128
"CD","posi","N-Acetylphenylalanyl-3,5-diiodo-L-tyrosine","C20H20I2N2O5",622.95026,15.845,89619.88500773,128
"CD","posi","N-Acetylvanilalanine","C12H15NO5",254.10208,7.9,223840.354226431,128
"CD","posi","N-Arachidonoyl dopamine","C28H41NO3",440.31367,4.061,82212.7286187107,128
"CD","posi","N-Benzylpalmitamide","C23H39NO",346.3102,4.476,332250.780812555,128
"CD","posi","N-Butylacetamide","C6H13NO",116.10701,14.302,2598841.53739154,128
"CD","posi","N-Carbamoylsarcosine","C4H8N2O3",133.06078,18.989,15327119.6913416,128
"CD","posi","N-Cyclopropyl (2E,6Z)-nonadienamide","C12H19NO",194.15387,3.158,1316969.9713792,128
"CD","posi","N-Hydroxy-meIQX","C11H11N5O",247.12866,14.224,131217.324296829,128
"CD","posi","N-Isobutylhexacosanamide","C30H61NO",452.48236,2.406,43396.4485830586,128
"CD","posi","N-LINOLEOYL-4-AMINOBUTYRIC ACID","C22H39NO3",383.33022,2.462,1088700.59073179,128
"CD","posi","N-Methyl-L-isoleucine","C7H15NO2",146.11752,10.051,154636.497349417,128
"CD","posi","N-Methyl-L-valyl-N-[(3R,5S)-1-{(2S)-2-[(1R,2R)-3-{[(1S,2R)-1-hydroxy-1-phenyl-2-propanyl]amino}-1-methoxy-2-methyl-3-oxopropyl]-1-pyrrolidinyl}-3-methoxy-5-methyl-1-oxo-4-heptanyl]-N-methyl-L-valinami
de","C39H67N5O7",718.50632,15.291,17113.2972456535,128
"CD","posi","N-Methylethanolaminium phosphate","C3H10NO4P",156.04211,14.941,7838703.16763732,128
"CD","posi","N-Methylhistamine","C6H11N3",126.10256,14.036,16874734.108062,128
"CD","posi","N-Methylpyrrolidone","C5H9NO",100.07528,4.491,2483082.3315491,128
"CD","posi","N-NITROSOMETHYLVINYLAMINE","C3H6N2O",87.05529,7.397,23922003.2330598,128
"CD","posi","N-Nitrosodiethylamine","C4H10N2O",103.08656,7.223,41125201.5430154,128
"CD","posi","N-Nitrosoproline","C5H8N2O3",145.0608,16.097,101950.385919343,128
"CD","posi","N-Octanoyl-DL-homoserine lactone","C12H21NO3",245.18591,8.378,347893.179661018,128
"CD","posi","N-Palmitoyl Glutamic acid","C21H39NO5",788.60527,3.052,28094846.5522487,128
"CD","posi","N-Phenyl-β-D-glucopyranosylamine","C12H17NO5",256.11732,4.211,108937.174648706,128
"CD","posi","N-Propionylmethionine","C8H15NO3S",189.05737,3.609,138019.215753783,128
"CD","posi","N-Stearoyltyrosine","C27H45NO4",448.33754,2.823,194734.671921231,128
"CD","posi","N-Tridecanoylglycine","C15H29NO3",272.22182,8.553,384501.732937803,128
"CD","posi","N-Undecanoylglycine","C13H25NO3",226.17988,2.971,919210.907902513,128
"CD","posi","N-Vinylmethanimine","C3H5N",111.09171,7.576,85155740.398456,128
"CD","posi","N-[(15Z)-tetracosenoyl]sphing-4-enine-1-phosphocholine","C47H93N2O6P",813.68346,8.246,94948.7131432057,128
"CD","posi","N-[(4-Amino-2-methyl-5-pyrimidinyl)methyl]formamide","C7H10N4O",167.09274,7.318,10967648.8490306,128
"CD","posi","N-[cis-3-(Methyl-7H-pyrrolo[2,3-d]pyrimidin-4-ylamino)cyclobutyl]-1-propanesulfonamide","C14H21N5O2S",324.14647,8.385,328680.400686168,128
"CD","posi","N-a-Acetyl-L-arginine","C8H16N4O3",217.12896,14.919,269452.977234544,128
"CD","posi","N-acetyl-β-D-glucosaminylamine","C8H16N2O5",221.11436,7.565,973046.857188664,128
"CD","posi","N-amidinoaspartic acid","C5H9N3O4",176.06576,10.104,2409649.20441582,128
"CD","posi","N-cyclooctylurea","C9H18N2O",171.14918,1.045,34231723.9471212,128
"CD","posi","N-cyclopropylammelide","C6H8N4O2",169.07195,7.353,3653843.52608521,128
"CD","posi","N-ethylmaleimide","C6H7NO2",143.08148,13.893,1576349.83790075,128
"CD","posi","N-isobutyl-(2E,4E,14Z)-eicosatrienamide","C24H43NO",362.34157,2.438,1063933.20156062,128
"CD","posi","N-methyl-L-glutamic Acid","C6H11NO4",162.07594,12.726,1123909.54927462,128
"CD","posi","N-methyl-γ-oxo-3-Pyridinebutanamide","C10H12N2O2",193.09727,4.316,82421.2583281424,128
"CD","posi","N-methylpyrrole","C5H7N",99.09162,13.563,10261116.3140713,128
"CD","posi","N-{4-[(4-Cycloheptyl-1-piperazinyl)sulfonyl]phenyl}acetamide","C19H29N3O3S",362.19006,2.376,102739.167191014,128
"CD","posi","N-{4-[(4R)-4-methyl-6-oxo-1,4,5,6-tetrahydropyridazin-3-yl]phenyl}acetamide","C13H15N3O2",246.12383,9.048,129569.041648085,128
"CD","posi","N.pi.-Methyl-L-histidine","C7H11N3O2",170.0924,6.621,2101003.0059304,128
"CD","posi","N1-(2-METHOXY-4-METHYLBENZYL)-N2-(2-(PYRIDIN-2-YL)ETHYL)OXALAMIDE","C18H21N3O3",328.16253,7.925,20630.46330742,128
"CD","posi","N1-Methyl-4-pyridone-3-carboxamide","C7H8N2O2",153.06587,4.685,2229164.39652552,128
"CD","posi","N2-Acetylornithine","C7H14N2O3",175.16362,14.167,123696.307996933,128
"CD","posi","N2-gamma-Glutamylglutamine","C10H17N3O6",276.11886,14.909,574932.853157224,128
"CD","posi","N3-Metyladenine","C6H9N5",152.09318,7.989,2124006.78849438,128
"CD","posi","N3-Phenyl-1H-1,2,4-triazole-3,5-diamine","C8H9N5",176.09308,5.357,2236237.60045819,128
"CD","posi","N6,N6,N6-Trimethyl-L-lysine","C9H20N2O2",189.15971,18.983,541563.132486319,128
"CD","posi","NAB","C10H13N3O",175.08647,3.734,9582503.22837069,128
"CD","posi","NAPROXOL","C14H16O2",217.37734,2.573,446560.559084306,128
"CD","posi","NITRILACARB","C9H15N3O2",198.12368,14.394,176452.064712575,128
"CD","posi","NITROSOMORPHOLINE","C4H8N2O2",117.06587,7.105,18148516.4100577,128
"CD","posi","NP-004713","C15H24O2",219.17442,2.42,1632635.0272409,128
"CD","posi","NP-016516","C16H24O4",281.17452,2.558,172753.765399961,128
"CD","posi","NP-021114","C16H26O6",315.17991,2.507,44871.1317621219,128
"CD","posi","NPC","C28H30N4O6",519.2249,2.598,64805.054746854,128
"CD","posi","NPPB","C16H16N2O4",301.11812,4.082,270909.935343148,128
"CD","posi","NPYR","C4H8N2O",101.07094,7.384,171469772.097111,128
"CD","posi","Naltrexone","C20H23NO4",342.16942,10.61,20980.5276076491,128
"CD","posi","Nandrolone","C18H26O2",275.37023,2.381,369078.016609996,128
"CD","posi","Naphthalen-2-amine","C10H9N",144.08065,9.788,1617993.10682443,128
"CD","posi","Naphthalene","C10H8",129.0698,2.51,982041.865589621,128
"CD","posi","Naproxen","C14H14O3",231.10141,2.485,95799.8448094091,128
"CD","posi","Narasin","C43H72O11",773.3403,3.564,20105.6068415233,128
"CD","posi","Nelarabine","C11H15N5O5",298.11437,8.713,55177.7110652162,128
"CD","posi","Netilmicin","C21H41N5O7",476.30629,3.939,8214276.49809154,128
"CD","posi","Niacinamide","C6H6N2O",123.12427,3.897,9865969.52582737,128
"CD","posi","Nicotinamide","C6H6N2O",123.05552,6.518,3642173.47763527,128
"CD","posi","Nicotine","C10H14N2",342.26351,4.151,181370.811293585,128
"CD","posi","Nipecotic acid","C6H11NO2",130.08626,4.785,3564200.14748947,128
"CD","posi","Nitrosobenzene","C6H5NO",108.04437,4.447,251953.590356363,128
"CD","posi","Nitrosoguvacoline","C7H10N2O3",154.04987,4.48,1553151.21054505,128
"CD","posi","Nonoxynol-9","C19H32O3",309.2421,2.487,136368.692426326,128
"CD","posi","Noramidopyrine","C12H15N3O",281.13801,2.501,32116697.1605466,128
"CD","posi","Norepinephrine","C8H11NO3",170.08116,7.458,5033715.22443738,128
"CD","posi","Norethisterone enanthate","C27H38O3",411.28601,2.416,16802.3424931389,128
"CD","posi","Nornorcapsaicin","C16H23NO3",572.37046,3.892,344514.291614574,128
"CD","posi","N~2~-(1-Carboxyethyl)-N~5~-(diaminomethylene)ornithine","C9H18N4O4",247.14002,13.913,62973.1794665574,128
"CD","posi","N~2~-[2-(Carboxymethyl)-2-hydroxy-3-methoxy-3-oxopropanoyl]arginine","C12H20N4O8",349.13745,18.442,13782.100470795,128
"CD","posi","N~6~-(5-Oxo-D-isoleucyl)-L-lysine","C12H23N3O4",274.17717,6.96,794587.715974614,128
"CD","posi","O-Phosphoethanolamine","C2H8NO4P",142.02642,15.217,103250.48106898,128
"CD","posi","O-Succinyl-L-homoserine","C8H13NO6",220.08279,3.999,53641.2129937057,128
"CD","posi","O-[{(2R)-2-[(4Z,7Z,10Z,13Z,16Z)-4,7,10,13,16-Docosapentaenoyloxy]-3-[(7Z,10Z,13Z,16Z)-7,10,13,16-docosatetraenoyloxy]propoxy}(hydroxy)phosphoryl]-L-serine","C50H80NO10P",886.55122,2.848,1746488.3343644,128
"CD","posi","O-[{(2R)-2-[(4Z,7Z,10Z,13Z,16Z,19Z)-4,7,10,13,16,19-Docosahexaenoyloxy]-3-[(11Z)-11-icosenoyloxy]propoxy}(hydroxy)phosphoryl]-L-serine","C48H80NO10P",862.55111,3.143,97281.8175212408,128
"CD","posi","O-[{(2R)-2-[(4Z,7Z,10Z,13Z,16Z,19Z)-4,7,10,13,16,19-Docosahexaenoyloxy]-3-[(5Z,8Z,11Z,14Z,17Z)-5,8,11,14,17-icosapentaenoyloxy]propoxy}(hydroxy)phosphoryl]-L-serine","C48H72NO10P",854.50248,14.895,18151.8650516184,128
"CD","posi","O-[{(2R)-3-[(13Z,16Z)-13,16-Docosadienoyloxy]-2-[(4Z,7Z,10Z,13Z,16Z,19Z)-4,7,10,13,16,19-docosahexaenoyloxy]propoxy}(hydroxy)phosphoryl]-L-serine","C50H82NO10P",888.56624,3.345,18695.6430425766,128
"CD","posi","O-propenoyl-D-carnitine","C10H17NO4",216.12427,16.683,27835.0988733773,128
"CD","posi","O-ureido-D-serine","C4H9N3O4",164.06684,13.891,232347.905033585,128
"CD","posi","O-{Hydroxy[2-hydroxy-3-(stearoyloxy)propoxy]phosphoryl}serine","C24H48NO9P",526.31375,2.658,18439.0835765662,128
"CD","posi","ODA","C18H39N",270.31549,5.961,85938.725804729,128
"CD","posi","Oclacitinib","C15H23N5O2S",338.16275,3.829,156246.193897438,128
"CD","posi","Octadeca-2,4,6,8-tetraenoic acid","C18H28O2",277.21601,2.466,1736015.82063712,128
"CD","posi","Octadecan-1-ol","C18H38O",312.32599,2.444,20358755.4595257,128
"CD","posi","Octadecanamide","C18H37NO",284.29462,2.424,11877462.4448988,128
"CD","posi","Octanal","C8H16O",274.27388,3.814,12572398.711346,128
"CD","posi","Octanoylcarnitine","C15H29NO4",288.21687,5.996,388412.685604492,128
"CD","posi","Octanoylglucuronide","C14H24O8",704.3093,2.651,44205.3958309845,128
"CD","posi","Octyl hydrogen phthalate","C16H22O4",279.15875,3.97,3887560.10969775,128
"CD","posi","Octylamine","C8H19N",130.15906,8.445,10511141.9797076,128
"CD","posi","Oleamide","C18H35NO",282.27896,2.125,1927545.49374078,128
"CD","posi","Olean-12-ene-3,16,21,22,23,28-hexol","C30H50O6",507.36314,3.031,225072.829498843,128
"CD","posi","Oleoyl glycine","C20H37NO3",720.59065,3.786,535814.7452955,128
"CD","posi","Ormetoprim","C14H18N4O2",566.32142,3.793,390656.30050859,128
"CD","posi","Oryzalin metabolite","C6H14N2O",131.11784,12.068,2355955.31662573,128
"CD","posi","Oxaceprol","C7H11NO4",174.0776,7.413,1786778.74019957,128
"CD","posi","Oxadiazon","C15H18Cl2N2O3",345.07748,13.971,8125.34155143833,128
"CD","posi","Oxadixyl","C14H18N2O4",357.14708,2.037,26577.9168087761,128
"CD","posi","Oxidized glutathione","C20H32N6O12S2",613.15884,15.078,33683.5244394452,128
"CD","posi","PALGLY","C18H35NO3",314.26866,2.755,113269.099396275,128
"CD","posi","PC(14:0/16:0)","C38H76NO8P",706.53656,3.838,698919.933500905,128
"CD","posi","PC(16:0/0:0)","C24H50NO7P",496.33962,8.416,1332269.91428215,128
"CD","posi","PC(16:0/15:0)","C39H78NO8P",720.55418,3.759,341167.59404368,128
"CD","posi","PC(16:0/16:1(9Z))","C40H78NO8P",732.55381,3.8,7783666.25007654,128
"CD","posi","PC(16:0/18:4(6Z,9Z,12Z,15Z))","C42H76NO8P",754.53832,3.15,612279.378440674,128
"CD","posi","PC(18:0/18:2(9Z,12Z))","C44H84NO8P",786.60015,3.667,337235684.796389,128
"CD","posi","PC(18:0/18:3(9Z,12Z,15Z))","C46H78NO8P",804.55281,3.03,4175930.27207057,128
"CD","posi","PC(18:1(9Z)/15:0)","C41H80NO8P",746.56242,2.772,553662.564759878,128
"CD","posi","PC(18:1(9Z)/16:0)","C42H82NO8P",760.58464,3.388,12114634.3388193,128
"CD","posi","PC(18:1(9Z)/18:3(6Z,9Z,12Z))","C44H80NO8P",782.56866,3.057,283732948.609847,128
"CD","posi","PC(18:1(9Z)/20:2(11Z,14Z))","C46H86NO8P",812.60908,3.022,25027936.2692376,128
"CD","posi","PC(18:1(9Z)/22:5(7Z,10Z,13Z,16Z,19Z))","C48H84NO8P",834.59941,3.003,44111500.1965193,128
"CD","posi","PC(18:2(9Z,12Z)/14:0)","C40H76NO8P",730.53741,3.104,3411150.16336037,128
"CD","posi","PC(18:2(9Z,12Z)/16:0)","C42H80NO8P",758.5688,3.055,671477892.707803,128
"CD","posi","PC(18:2(9Z,12Z)/16:1(9Z))","C42H78NO8P",756.55341,3.029,26193641.2056474,128
"CD","posi","PC(18:2(9Z,12Z)/17:0)","C43H82NO8P",772.58444,2.986,10264583.3531346,128
"CD","posi","PC(18:2(9Z,12Z)/18:1(11Z))","C44H82NO8P",806.56846,3.784,126008654.63357,128
"CD","posi","PC(18:2(9Z,12Z)/20:2(11Z,14Z))","C46H84NO8P",810.60032,3.626,104489594.829048,128
"CD","posi","PC(18:2(9Z,12Z)/20:4(5Z,8Z,11Z,14Z))","C46H80NO8P",806.56847,3.038,232409172.511256,128
"CD","posi","PC(18:3(9Z,12Z,15Z)/19:1(9Z))","C45H82NO8P",796.58405,3.021,4741607.30960034,128
"CD","posi","PC(20:4(5Z,8Z,11Z,14Z)/20:1(11Z))","C48H86NO8P",836.6135,3.373,126370.057400982,128
"CD","posi","PC(20:5(5Z,8Z,11Z,14Z,17Z)/15:0)","C43H76NO8P",748.52709,3.874,837481.394052151,128
"CD","posi","PC(20:5(5Z,8Z,11Z,14Z,17Z)/16:1(9Z))","C44H76NO8P",778.53625,3.16,325680.424249531,128
"CD","posi","PC(22:5(4Z,7Z,10Z,13Z,16Z)/16:0)","C46H82NO8P",830.56852,3.053,2928110.28851045,128
"CD","posi","PC(22:6(4Z,7Z,10Z,13Z,16Z,19Z)/18:3(9Z,12Z,15Z))","C48H78NO8P",828.55189,3.062,880444.094456683,128
"CD","posi","PC(P-16:0/16:0)","C40H80NO7P",718.57924,14.901,41008.4165618783,128
"CD","posi","PC(P-16:0/18:3(9Z,12Z,15Z))","C42H78NO7P",740.56199,14.862,18597.4304182944,128
"CD","posi","PC(o-18:0/18:2(9Z,12Z))","C44H86NO7P",772.62191,3.709,613997.828256149,128
"CD","posi","PC(o-18:1(9Z)/18:2(9Z,12Z))","C44H84NO7P",770.60412,3.683,558841.623277823,128
"CD","posi","PE(15:0/22:6(4Z,7Z,10Z,13Z,16Z,19Z))","C42H72NO8P",767.90487,3.612,22106.295301012,128
"CD","posi","PE(16:0/18:1(9Z))","C39H76NO8P",740.52242,3.916,500989.574312254,128
"CD","posi","PE(16:0/18:3(6Z,9Z,12Z))","C39H72NO8P",714.50591,3.082,47755.0508062041,128
"CD","posi","PE(16:0/20:0)","C41H82NO8P",748.58495,3.838,154844.525016029,128
"CD","posi","PE(16:0/20:4(5Z,8Z,11Z,14Z))","C41H74NO8P",740.52213,3.057,1400584.45319402,128
"CD","posi","PE(16:0/22:2(13Z,16Z))","C43H82NO8P",772.58463,4.625,314216.66584792,128
"CD","posi","PE(16:1(9Z)/22:0)","C43H84NO8P",774.60039,3.775,1212899.67568543,128
"CD","posi","PE(18:0/18:2(9Z,12Z))","C41H78NO8P",744.5537,3.078,3572535.65663964,128
"CD","posi","PE(18:0/18:3(9Z,12Z,15Z))","C41H76NO8P",764.52166,3.856,1392672.71852248,128
"CD","posi","PE(18:0/20:4(8Z,11Z,14Z,17Z))","C43H78NO8P",768.55384,3.048,1247137.9115346,128
"CD","posi","PE(18:1(11Z)/P-18:1(11Z))","C41H78NO7P",728.5592,2.883,214619.04591765,128
"CD","posi","PE(18:2(9Z,12Z)/22:4(7Z,10Z,13Z,16Z))","C45H78NO8P",792.55374,2.975,925397.142321812,128
"CD","posi","PE(18:2(9Z,12Z)/24:1(15Z))","C47H88NO8P",826.63,3.694,14547.9666411768,128
"CD","posi","PE(18:3(6Z,9Z,12Z)/18:2(9Z,12Z))","C41H72NO8P",738.50629,2.957,149749.403634526,128
"CD","posi","PE(20:0/22:5(7Z,10Z,13Z,16Z,19Z))","C47H84NO8P",822.06022,3.205,344517.44376194,128
"CD","posi","PE(20:1(11Z)/20:4(5Z,8Z,11Z,14Z))","C45H80NO8P",794.56929,2.951,522863.414616119,128
"CD","posi","PE(20:3(5Z,8Z,11Z)/20:4(5Z,8Z,11Z,14Z))","C45H76NO8P",790.53765,2.953,684970.964389214,128
"CD","posi","PE(20:3(8Z,11Z,14Z)/18:0)","C43H80NO8P",770.56947,3.85,723446.943898364,128
"CD","posi","PE(20:4(5Z,8Z,11Z,14Z)/20:4(5Z,8Z,11Z,14Z))","C45H74NO8P",788.52215,2.927,172911.042739484,128
"CD","posi","PE(20:4(6E,8Z,11Z,14Z)+=O(5)/P-18:1(9Z))","C43H74NO8P",764.52206,2.986,2930531.87880218,128
"CD","posi","PE(20:4(8Z,11Z,14Z,17Z)/20:5(5Z,8Z,11Z,14Z,17Z))","C45H72NO8P",402.26504,4.045,123807.960547594,128
"CD","posi","PE(20:4(8Z,11Z,14Z,17Z)/22:0)","C47H86NO8P",824.61642,3.854,778070.549835206,128
"CD","posi","PE(20:4(8Z,11Z,14Z,17Z)/22:6(4Z,7Z,10Z,13Z,16Z,19Z))","C47H74NO8P",812.52194,2.921,79266.836497802,128
"CD","posi","PE(20:5(5Z,8Z,11Z,14Z,17Z)/18:2(9Z,12Z))","C43H72NO8P",762.50618,2.974,121911.4965612,128
"CD","posi","PE(22:1(13Z)/18:1(9Z))","C45H86NO8P",800.61581,3.858,2064340.5437283,128
"CD","posi","PE(22:1(13Z)/22:5(7Z,10Z,13Z,16Z,19Z))","C49H86NO8P",848.61402,3.806,208272.254025162,128
"CD","posi","PE(22:2(13Z,16Z)/18:1(11Z))","C45H84NO8P",798.3607,3.089,1044280.73091498,128
"CD","posi","PE(22:2(13Z,16Z)/20:4(8Z,11Z,14Z,17Z))","C47H82NO8P",820.58391,3.029,2608983.00627514,128
"CD","posi","PE(22:2(13Z,16Z)/22:5(4Z,7Z,10Z,13Z,16Z))","C49H84NO8P",846.59932,3.041,86745.3601487823,128
"CD","posi","PE(22:4(7Z,10Z,13Z,16Z)/20:3(5Z,8Z,11Z))","C47H80NO8P",818.56729,3.021,138799.069125828,128
"CD","posi","PE(P-18:0/22:4(7Z,10Z,13Z,16Z))","C45H82NO7P",783.82502,3.804,394517.105031503,128
"CD","posi","PE(P-18:0/22:6(4Z,7Z,10Z,13Z,16Z,19Z))","C45H78NO7P",776.5582,2.89,1652152.81428222,128
"CD","posi","PE(P-18:1(11Z)/18:3(6Z,9Z,12Z))","C41H74NO7P",724.5272,2.98,681701.291842113,128
"CD","posi","PE(P-18:1(11Z)/20:4(5Z,8Z,11Z,14Z))","C43H76NO7P",767.57604,3.128,627454.119344017,128
"CD","posi","PE(P-18:1(9Z)/22:4(7Z,10Z,13Z,16Z))","C45H80NO7P",778.57442,2.944,957714.313549421,128
"CD","posi","PEG n10","C20H42O11",476.30648,3.947,3701752.05177303,128
"CD","posi","PEG n14","C28H58O15",326.70916,4.088,127819.521497091,128
"CD","posi","PEG n15","C30H62O16",348.72228,4.203,210886.154763887,128
"CD","posi","PEG n5","C10H22O6",239.14878,3.896,5829604.26340545,128
"CD","posi","PEG n8","C16H34O9",371.22719,4.021,449999.055546127,128
"CD","posi","PG(16:0/16:1(9Z))","C38H73O10P",721.5064,2.332,46158551.7866578,128
"CD","posi","PG(18:1(11Z)/20:4(5Z,8Z,11Z,14Z))","C44H77O10P",797.53008,2.472,40669.1839676163,128
"CD","posi","PG(18:1(9Z)/18:1(9Z))","C42H79O10P",775.54616,2.947,1273472.15117597,128
"CD","posi","PG(18:1(9Z)/18:2(9Z,12Z))","C42H77O10P",773.53013,2.869,577903.465020598,128
"CD","posi","PG(18:2(9Z,12Z)/18:3(6Z,9Z,12Z))","C42H73O10P",769.49889,2.188,8697.06684567321,128
"CD","posi","PI(16:0/18:2(9Z,12Z))","C43H79O13P",842.45092,3.117,185524.723019314,128
"CD","posi","PI(18:0/20:4(8Z,11Z,14Z,17Z))","C47H83O13P",887.56372,3.005,2169090.20721897,128
"CD","posi","PI(18:1(9Z)/18:3(6Z,9Z,12Z))","C45H79O13P",859.53246,2.955,391624.286002559,128
"CD","posi","PI(20:4(8Z,11Z,14Z,17Z)/18:1(9Z))","C47H81O13P",885.548,2.96,218381.741468547,128
"CD","posi","PLONDREL","C12H14NO4PS",300.04275,9.594,12003.9691033196,128
"CD","posi","PS(16:1(9Z)/14:0)","C36H68NO10P",706.46458,3.344,13798.992802759,128
"CD","posi","PS(18:0/22:5(7Z,10Z,13Z,16Z,19Z))","C46H80NO10P",838.56017,2.486,56765.7272134954,128
"CD","posi","Palmitic amide","C16H33NO",256.26333,2.516,2439064.11929141,128
"CD","posi","Palmitoyl Serinol","C19H39NO3",371.3266,3.872,138553.716000972,128
"CD","posi","Palmitoylcarnitine","C23H45NO4",400.34179,3.844,3356391.87171107,128
"CD","posi","Pantetheine","C11H22N2O4S",311.16393,2.457,218459.622647236,128
"CD","posi","Paracetamol","C8H9NO2",152.07039,6.385,3024615.36288565,128
"CD","posi","Parafluorofentanyl","C22H27FN2O",355.22014,4.003,69421.9802498817,128
"CD","posi","Paxilline","C27H33NO4",437.58438,4.264,31231.5220833354,128
"CD","posi","Pemoline","C9H8N2O2",177.06585,4.439,469510.828023835,128
"CD","posi","Pencycuron","C19H21ClN2O",329.13915,4.219,118387.243730558,128
"CD","posi","Pentifylline","C13H20N4O2",546.34597,4.149,606018.993962449,128
"CD","posi","Pentoxyverine","C20H31NO3",334.24084,2.113,46289.3232381857,128
"CD","posi","Phanquinone","C12H6N2O2",289.06406,2.925,160194.104780414,128
"CD","posi","Phenelzine","C8H12N2",137.10738,7.114,2669114.97999556,128
"CD","posi","Phenethylamine","C8H11N",122.0965,7.863,19080179.73991,128
"CD","posi","Pheniramine","C16H20N2",522.35509,3.218,61249195.2091611,128
"CD","posi","Phenmetrazine","C11H15NO",178.12268,8.417,126069268.442594,128
"CD","posi","Phentermine","C10H15N",133.10104,2.38,1279452.47643232,128
"CD","posi","Phenylacetaldehyde","C8H8O",121.06414,3.045,391683.380314898,128
"CD","posi","Phenylalanylphenylalanine","C18H20N2O3",313.15181,3.961,90195.2487760132,128
"CD","posi","Phenylbutazone","C19H20N2O2",309.1568,3.755,70617.2711283797,128
"CD","posi","Phenylethyl alcohol","C8H10O",123.07976,4.372,701923.168345043,128
"CD","posi","Phenylglyoxylic acid","C8H6O3",151.03911,12.803,1006570.39998396,128
"CD","posi","Phenylisocyanate","C7H5NO",120.04416,3.968,332866.171311716,128
"CD","posi","Phoenicoxanthin","C40H52O3",581.40019,4.163,10154.0715499889,128
"CD","posi","Phosphocreatine","C4H10N3O5P",212.04302,14.961,149325.732535393,128
"CD","posi","Phosphonic acid","H3O3P",186.95248,13.962,544940.510076017,128
"CD","posi","Phosphoric acid","H3O4P",136.94019,14.935,10002090.7072676,128
"CD","posi","Phosphoric acid, triphenyl ester","C18H15O4P",327.07815,2.493,63507.613682749,128
"CD","posi","Phytosphingosine","C18H39NO3",318.29992,8.102,440374.549619983,128
"CD","posi","Piperazin-2-carboxamid","C5H11N3O",130.09749,15.861,17031260.8146617,128
"CD","posi","Pipercitine","C23H43NO",350.3416,2.46,61365.469679347,128
"CD","posi","Piperidolate","C21H25NO2",324.19575,2.464,124619.727729082,128
"CD","posi","Piracetam","C6H10N2O2",143.0815,7.936,5297358.23834237,128
"CD","posi","Pirimicarb","C11H18N4O2",494.32399,4.171,36921243.973516,128
"CD","posi","Piroctone","C14H23NO2",238.18017,2.969,219089.428050859,128
"CD","posi","Precocene II","C13H16O3",221.11727,2.488,71941.4822770952,128
"CD","posi","Pregnanetriol","C21H36O3",337.2734,3.839,413437.271897744,128
"CD","posi","Pregnenolone sulfate","C21H32O5S",397.20085,2.349,805170.506109071,128
"CD","posi","Proline betaine","C7H13NO2",144.10179,11.129,2189183.34125031,128
"CD","posi","Prometon","C10H19N5O",226.16617,7.467,19657.5261812691,128
"CD","posi","Propachlor","C11H14ClNO",275.0937,4.256,609836.23292844,128
"CD","posi","Propamocarb","C9H20N2O2",172.13319,2.828,190974.425249215,128
"CD","posi","Propane","C3H8",86.09634,3.662,15753124.2328666,128
"CD","posi","Propionylcarnitine","C10H19NO4",218.13857,10.884,7478724.63743743,128
"CD","posi","Propofol","C12H18O",161.13253,2.412,685309.799191722,128
"CD","posi","Prostaglandin D2 Ethanolamide","C22H37NO5",791.54128,4.068,119472.625693126,128
"CD","posi","Prostaglandin J2","C20H30O4",335.22221,3.913,62020.7067485243,128
"CD","posi","Protirelin","C16H22N6O4",363.1741,2.39,139722.094260476,128
"CD","posi","Pulcherriminic acid","C12H20N2O4",260.84892,15.454,65534.5976019426,128
"CD","posi","Purine","C5H4N4",121.05087,3.819,188276.441092672,128
"CD","posi","Pyrantel","C11H14N2S",270.10268,2.496,1753790.99717411,128
"CD","posi","Pyridine","C5H5N",80.04949,8.011,550703576.937048,128
"CD","posi","Pyridoxal","C8H9NO3",168.06551,7.275,1117331.196903,128
"CD","posi","Pyrimethanil","C12H13N3",263.12754,2.474,1246436.43330119,128
"CD","posi","Pyrimidine","C4H4N2",81.04475,14.919,1184720013.10983,128
"CD","posi","Pyroglutamic acid","C5H7NO3",130.04992,14.546,39824923.0039266,128
"CD","posi","Pyrrole","C4H5N",68.04961,7.114,8859661.28393793,128
"CD","posi","Pyrrolidine","C4H9N",72.08083,11.971,39907038.1107444,128
"CD","posi","Quingestrone","C26H38O2",383.29037,2.417,31636.672917915,128
"CD","posi","Quinone","C6H4O2",239.03133,13.894,72332.3765217002,128
"CD","posi","Randilongin","C41H72O3",613.55896,2.456,63168.0800770406,128
"CD","posi","Razupenem","C18H21N3O4S2",408.10825,2.507,44696.4553955828,128
"CD","posi","Retinal","C20H28O",285.22122,2.376,253291.052036193,128
"CD","posi","Rhamnose","C6H12O5",165.07711,7.428,14106537.9362023,128
"CD","posi","Riboflavin","C17H20N4O6",377.14523,8.702,68652.5690181091,128
"CD","posi","Ricinin","C8H8N2O2",147.05533,3.721,1821699.44013188,128
"CD","posi","Ricinoleic Acid","C18H34O3",299.25784,3.743,297780.090666239,128
"CD","posi","Rilmenidine","C10H16N2O",181.13306,4.43,42417.1178854499,128
"CD","posi","Rimexolone","C24H34O3",371.25756,3.949,227829.847906638,128
"CD","posi","Rolgamidine","C9H16N4O",197.13956,3.791,336500.326778323,128
"CD","posi","S-Allyl-L-cysteine","C6H11NO2S",162.05731,14.348,22628.934536352,128
"CD","posi","S-Isopropyl thiosenecioate","C8H14OS",197.03971,2.775,200236.604321071,128
"CD","posi","S-Sulfocysteine","C3H7NO5S2",201.98375,10.531,665533.936263905,128
"CD","posi","S-acetylcysteamine","C4H9NOS",102.03718,10.803,4143581.62484128,128
"CD","posi","SM(d16:1/24:1(15Z))","C45H89N2O6P",785.65103,3.835,1788543.95878348,128
"CD","posi","SM(d18:0/22:3(10Z,13Z,16Z))","C45H85N2O6P",763.60443,3.9,64827.3367192451,128
"CD","posi","SM(d18:1/14:0)","C37H75N2O6P",675.5435,3.842,1650965.52825405,128
"CD","posi","SM(d18:1/16:0)","C39H79N2O6P",703.57442,3.608,40450549.7485583,128
"CD","posi","SM(d18:1/16:1(9Z))","C39H77N2O6P",701.5589,3.827,4925594.1815719,128
"CD","posi","SM(d18:1/18:0)","C41H83N2O6P",731.60594,3.868,2531235.90861364,128
"CD","posi","SM(d18:1/18:1(9Z))","C41H81N2O6P",729.5908,3.857,1380173.90029657,128
"CD","posi","SM(d18:1/20:0)","C43H87N2O6P",759.63633,3.885,22623.8540924143,128
"CD","posi","SM(d18:1/20:1(11Z))","C43H85N2O6P",769.91291,3.678,270880.585876946,128
"CD","posi","SM(d18:1/22:0)","C45H91N2O6P",787.66724,3.967,149287.63897526,128
"CD","posi","SM(d18:1/22:2(13Z,16Z))","C45H87N2O6P",783.63541,3.978,280262.665413979,128
"CD","posi","SM(d18:1/23:0)","C46H93N2O6P",816.29226,3.523,28996.6659822758,128
"CD","posi","SM(d18:1/24:1(15Z))","C47H93N2O6P",813.68357,3.849,11114013.0162783,128
"CD","posi","SPF","C11H14O3",195.10122,3.12,51221.6546700014,128
"CD","posi","Safrole","C10H10O2",163.07506,2.853,136413.652161143,128
"CD","posi","Sakuranin","C22H24O10",449.14343,12.824,111017.086907274,128
"CD","posi","Salbutamol","C13H21NO3",496.33954,4.081,1189514331.86485,128
"CD","posi","Salsolinol","C10H13NO2",180.65002,3.995,212328.943382745,128
"CD","posi","Salvigenin","C18H16O6",329.10246,12.736,429981.056648856,128
"CD","posi","Santene","C9H14",123.11656,2.753,438008.076355098,128
"CD","posi","Secnidazole","C7H11N3O3",186.08733,8.073,275060.336878455,128
"CD","posi","Selodenoson","C17H24N6O4",377.19442,4.048,55136.9960967229,128
"CD","posi","Sembragiline","C19H19FN2O3",344.00409,2.83,27250.5906094546,128
"CD","posi","Serotonin","C10H12N2O",160.0757,9.852,47069.8401859925,128
"CD","posi","Sesamex","C15H22O6",299.14851,2.573,357987.507071356,128
"CD","posi","Simetride","C28H38N2O6",499.27962,2.593,201096.809168904,128
"CD","posi","Sorbitol","C6H14O6",183.08751,14.515,109769.185026728,128
"CD","posi","Sorbitol-6-phosphate","C6H15O9P",245.04439,14.451,668724.307136881,128
"CD","posi","Sphinganine","C18H39NO2",302.30511,3.752,425372.306599715,128
"CD","posi","Sphingosine","C18H37NO2",300.28939,3.789,210074.161009155,128
"CD","posi","Sphingosine 1-phosphate","C18H38NO5P",380.25583,8.794,258920.711646505,128
"CD","posi","Stachydrine","C7H13NO2",144.10195,12.375,1130500.48672304,128
"CD","posi","Stavudine","C10H12N2O4",207.07643,3.671,576465.857892451,128
"CD","posi","Stearoylcarnitine","C25H49NO4",428.37303,3.787,596482.865685456,128
"CD","posi","Stearoylethanolamide","C20H41NO2",328.32073,3.442,241552.028494455,128
"CD","posi","Stigmatellin Y","C29H40O6",485.28939,2.488,1207031.29089088,128
"CD","posi","Stiripentol","C14H18O3",252.15931,2.664,127633.272705591,128
"CD","posi","Styrene","C8H8",105.06978,2.574,5523550.69900263,128
"CD","posi","Sulcatone","C8H14O",109.10099,2.516,1219796.8910809,128
"CD","posi","Sulfuric acid","H2O4S",98.97528,14.016,25430160.0259852,128
"CD","posi","Sulfurol acetate","C8H11NO2S",186.05803,13.693,1292118.64605252,128
"CD","posi","THREO-SPHINGOSINE, (−)-","C18H37NO2",300.28932,2.53,750943.43385766,128
"CD","posi","TKK","C16H33N5O5",376.25907,3.06,983011.809685767,128
"CD","posi","Tacrolimus","C44H69NO12",804.48704,8.588,33960864.3732877,128
"CD","posi","Talampicillin","C24H23N3O6S",482.13639,2.431,41757.853662041,128
"CD","posi","Talarozole","C21H23N5S",378.57268,3.166,17933.6450156433,128
"CD","posi","Talinolol","C20H33N3O3",364.261,2.833,42176.8256674431,128
"CD","posi","Tangeritin","C20H20O7",373.12996,3.993,89836.2094832408,128
"CD","posi","Tasimelteon","C15H19NO2",508.31859,2.069,37933.536753216,128
"CD","posi","Tegaserod","C16H23N5O",302.19549,8.895,65301.5424022696,128
"CD","posi","Temodox","C12H12N2O5",265.07944,4.338,62924.2120820378,128
"CD","posi","Tepilamide fumarate","C11H17NO5",261.14415,13.815,19902.5220036618,128
"CD","posi","Tepoxalin","C20H20ClN3O3",386.12393,17.507,98681.4035806886,128
"CD","posi","Terbutaline","C12H19NO3",473.26463,8.394,2695105.40033995,128
"CD","posi","Terodiline","C20H27N",282.22152,8.423,87518.1847254635,128
"CD","posi","Testriol","C19H40O3",317.3049,2.332,29833.1809247941,128
"CD","posi","Tetraglycol","C8H18O5",195.1229,3.701,2633445.15714463,128
"CD","posi","Tetrahydrodeoxycorticosterone","C21H34O3",335.73806,2.433,65270.543705471,128
"CD","posi","Tetralin","C10H12",133.10112,2.54,1631275.08633565,128
"CD","posi","Tetramethrin","C19H25NO4",332.18914,2.518,60344.7968812622,128
"CD","posi","Tetramethylurea","C5H12N2O",117.10221,16.086,3420700.05324849,128
"CD","posi","Thalassemine","C8H19N4O6P",299.10939,13.705,146401.994221976,128
"CD","posi","Thalicpureine","C22H27NO5",386.19849,3.103,20580.6697686199,128
"CD","posi","Thiazopyr","C16H17F5N2O2S",419.07957,12.58,52208.8384292735,128
"CD","posi","Thiorphan","C12H15NO3S",254.08436,3.781,324968.013762915,128
"CD","posi","Thiram","C6H12N2S4",278.95168,14.841,584728.017437365,128
"CD","posi","Threonylleucine","C10H20N2O4",233.15088,14.171,86179.2071944365,128
"CD","posi","Thymine","C5H6N2O2",127.05014,4.357,6265112.6452485,128
"CD","posi","Tiformin","C5H12N4O",127.09775,6.417,1656695.8480079,128
"CD","posi","Tiglylcarnitine","C12H21NO4",244.15423,9.613,56948.4346844544,128
"CD","posi","Tofisopam","C22H26N2O4",383.20033,2.422,52361.4004399205,128
"CD","posi","Toluene","C7H8",93.06978,2.543,975493.114641067,128
"CD","posi","Toxopyrimidine","C6H9N3O",140.08171,13.33,72346722.8129054,128
"CD","posi","Triacetonamine","C9H17NO",156.13808,2.996,163644.550913422,128
"CD","posi","Triazolealanine","C5H8N4O2",139.06151,6.606,3211647.72247218,128
"CD","posi","Tridemorph","C19H39NO",298.3104,2.413,1398095.12187363,128
"CD","posi","Triethanolamine","C6H15NO3",150.11246,7.008,6686576.92724612,128
"CD","posi","Triethyl citrate","C12H20O7",277.12754,3.181,810014.550551705,128
"CD","posi","Triethylamine","C6H15N",102.1276,3.898,629403.341433419,128
"CD","posi","Triethylene glycol monomethyl ether","C7H16O4",165.1134,14.724,5349794.02160061,128
"CD","posi","Triisopropanolamine","C9H21NO3",192.15931,3.828,414798.632731855,128
"CD","posi","Trimecaine","C15H24N2O",249.19596,8.187,249763.240192809,128
"CD","posi","Trimethylamine N-oxide","C3H9NO",76.07573,17.631,58182.9350087487,128
"CD","posi","Trimethylaminoacetone","C6H13NO",116.10704,10.537,891279.878960358,128
"CD","posi","Triphenylcarbethoxymethylenephosphorane","C33H58NO9P",644.39037,3.27,19016.7865656438,128
"CD","posi","Tripropylamine","C9H21N",144.17474,1.017,10789.5031794623,128
"CD","posi","Tris(2-butoxyethyl) phosphate","C18H39O7P",399.25044,2.456,1698693.92212329,128
"CD","posi","Tris(hydroxymethyl)aminomethane","C4H11NO3",122.08116,7.492,123883327.29184,128
"CD","posi","Triundecanoin","C36H68O6",597.51115,16.041,15019.9852333082,128
"CD","posi","Tryptamine","C10H12N2",161.10737,8.683,310222.084911685,128
"CD","posi","Tryptophol","C10H11NO",184.07319,4.045,43058604.7673524,128
"CD","posi","Tyrosol","C8H10O2",139.07478,2.457,368654.29662874,128
"CD","posi","Ubiquinone-4","C29H42O4",496.33921,3.058,267815514.226577,128
"CD","posi","Uracil","C4H4N2O2",113.03457,4.899,4992272.51553798,128
"CD","posi","Uralenol","C20H18O7",371.11325,12.439,184727.060726047,128
"CD","posi","Urolithin B 3-O-glucuronide","C19H16O9",389.08584,12.778,70569.9652085387,128
"CD","posi","VES","C33H54O5",531.40715,2.397,56387.9186777675,128
"CD","posi","Val-Met","C10H20N2O3S",249.12722,2.459,118776.01828745,128
"CD","posi","Val-Ser","C8H16N2O4",205.11849,17.162,20274.7259582934,128
"CD","posi","Valeramide","C5H11NO",84.08078,18.403,12831300.7573306,128
"CD","posi","Valerenic acid","C15H22O2",235.16912,2.557,1683321.05550237,128
"CD","posi","Valerophenone","C11H14O",163.11169,2.534,2121550.59963386,128
"CD","posi","Valerylcarnitine","C12H23NO4",246.17002,9.088,1621155.49688035,128
"CD","posi","Valylvaline","C10H20N2O3",217.15412,15.019,28238.6747650061,128
"CD","posi","Vanillyl alcohol","C8H10O3",155.07006,8.22,3807760.40308507,128
"CD","posi","Venlafaxine","C17H27NO2",278.21133,2.745,78823.3970665064,128
"CD","posi","Vesnarinone","C22H25N3O4",396.18815,7.148,9713.7915673735,128
"CD","posi","Vicenistatin","C30H48N2O4",501.37243,2.81,96656.1229537657,128
"CD","posi","Vigabatrin","C6H11NO2",130.08613,18.426,3959445.50488633,128
"CD","posi","Viloxazine","C13H19NO3",238.14343,4.148,18212.9450535483,128
"CD","posi","Vinpocetine","C22H26N2O2",351.20642,2.707,37979.3840437946,128
"CD","posi","Vitamin A","C20H30O",269.22631,2.699,185661.34673931,128
"CD","posi","Z-Leu-OH","C14H19NO4",548.30046,2.357,3739887.9783586,128
"CD","posi","ZAPA","C4H6N2O2S",147.022,14.426,34288.8983819053,128
"CD","posi","ZINGEROL","C11H16O3",197.11679,3.029,82791.3044983446,128
"CD","posi","Zanoterone","C23H32N2O3S",439.20298,2.792,56438.8367426162,128
"CD","posi","[4]-Gingerol","C15H22O4",267.15889,2.478,115833.169677552,128
"CD","posi","[N-(4-Aminobutyl)carbamimidoyl]phosphoramidic acid","C5H15N4O3P",211.09607,4.065,91685.601092002,128
"CD","posi","agmatine","C5H14N4",169.08593,3.818,49164.080584586,128
"CD","posi","alanycarb","C17H25N3O4S2",400.13952,12.632,813997.50393663,128
"CD","posi","alendronic acid","C4H13NO7P2",250.02453,8.124,3724668.82492062,128
"CD","posi","allylprodine","C18H25NO2",288.1929,3.888,27701.8020178389,128
"CD","posi","amesergide","C25H35N3O",394.28913,2.474,34728555.3130779,128
"CD","posi","aminophenazone","C13H17N3O",480.30801,3.077,1552698.19640207,128
"CD","posi","ammodendrine","C12H20N2O",209.1647,8.374,1343357.87414528,128
"CD","posi","androstenol","C19H30O",278.42373,2.376,81309.209337435,128
"CD","posi","apronalide","C9H16N2O2",185.1285,17.573,31875.858285224,128
"CD","posi","artecanin","C15H18O5",279.12234,2.566,953648.585133033,128
"CD","posi","asn-phe","C13H17N3O4",576.27999,4.207,129258.177591224,128
"CD","posi","asn-val","C9H17N3O4",232.13027,7.122,997074.45389857,128
"CD","posi","asp-ser","C7H12N2O6",221.07672,8.266,15125.3443084043,128
"CD","posi","astromicin","C17H35N5O6",388.25375,3.982,5536228.95706419,128
"CD","posi","azatyrosine","C8H10N2O3",205.05923,12.807,310949.988989509,128
"CD","posi","azolimine","C10H11N3O",173.07104,3.604,15084427.7128016,128
"CD","posi","bendiocarb","C11H13NO4",224.09134,8.316,406761.282862986,128
"CD","posi","benzquinamide","C22H32N2O5",405.23813,2.808,18155.7825715082,128
"CD","posi","beta-Damascenone","C13H18O",173.13248,2.444,731849.239859998,128
"CD","posi","binifibrate","C25H23ClN2O7",499.13013,14.66,31452.943576329,128
"CD","posi","bisphenol A","C15H16O2",211.1117,2.073,797726.195976016,128
"CD","posi","butadiene","C4H6",109.10103,3.386,304537.256836264,128
"CD","posi","butalbital","C11H16N2O3",225.12274,4.644,27862.6003525022,128
"CD","posi","butoctamide","C16H29NO5",316.21061,2.826,34359.4531844942,128
"CD","posi","c19:2","C19H34O2",295.26328,2.479,63923.4043625754,128
"CD","posi","c19:4","C19H30O2",291.23167,2.479,192672.510410808,128
"CD","posi","c20:7","C20H26O2",299.31342,2.524,596405.08910731,128
"CD","posi","c23:2","C23H42O2",351.32556,2.409,106439.753156231,128
"CD","posi","calcitroic acid","C23H34O4",375.25126,2.505,36626.4956216617,128
"CD","posi","capuride","C9H18N2O2",187.14413,17.497,8010.72401217662,128
"CD","posi","carboxyphosphoric acid","CH3O6P",175.00089,11.372,393143.050945231,128
"CD","posi","carisoprodol","C12H24N2O4",261.18194,13.18,1270.36319837127,128
"CD","posi","cetrimonium","C19H41N",284.33101,8.359,15652161.050939,128
"CD","posi","chloroneb","C8H8Cl2O2",244.95377,15.845,473266.57785786,128
"CD","posi","cholic acid","C24H40O5",409.29503,2.72,87413.4597094741,128
"CD","posi","cis-3-Hexenyl phenylacetate","C14H18O2",454.29234,2.954,3366843.12210857,128
"CD","posi","cis-5-Tetradecenoylcarnitine","C21H39NO4",370.29492,3.866,1819933.85479992,128
"CD","posi","cuscohygrine","C13H24N2O",225.19599,8.001,2564840.81731488,128
"CD","posi","cyclohexenone","C6H8O",193.12219,2.642,856300.309465672,128
"CD","posi","cyclohexylformamide","C7H13NO",160.13323,14.804,14235529.7043166,128
"CD","posi","dTDP-4-amino-4,6-dideoxy-5-C-methyl-L-mannose","C17H29N3O14P2",290.07539,12.992,5282157.56123409,128
"CD","posi","danegaptide","C14H17N3O4",292.12654,12.789,2538234.36214289,128
"CD","posi","dehydrocarnitine","C7H13NO3",160.09691,12.977,27306.3474776765,128
"CD","posi","dehydroeburicoic acid","C31H48O3",469.36315,2.573,66058.2271673163,128
"CD","posi","delgocitinib","C16H18N6O",638.33628,2.303,1409475.21124635,128
"CD","posi","deoxyhypusine","C10H23N3O2",452.39385,2.515,467766.554921831,128
"CD","posi","deracoxib","C17H14F3N3O3S",398.07672,9.853,14915.8195175143,128
"CD","posi","desciclovir","C8H11N5O2",210.09844,7.424,1015404.95685085,128
"CD","posi","dibutylnitrosamine","C8H18N2O",142.12265,2.842,409277.130813528,128
"CD","posi","didecyldimethylammonium","C22H47N",326.37816,8.373,46695.8294451596,128
"CD","posi","diethylcarbamazine","C10H21N3O",200.17572,11.988,456996.860351807,128
"CD","posi","diethylmaleate","C8H12O4",173.08148,7.662,318484.089766235,128
"CD","posi","dihydralazine","C8H10N6",191.10394,5.697,585259.195644012,128
"CD","posi","disophenol","C6H3I2NO3",799.66882,3.929,425663.140744039,128
"CD","posi","ditiocarb","C5H11NS2",150.03953,18.51,77629.8117945442,128
"CD","posi","dl-2,5-Dimethoxy-4-methylamphetamine","C12H19NO2",227.17528,3.892,130272.897673948,128
"CD","posi","docarpamine","C21H30N2O8S",471.17645,12.78,260833.623565928,128
"CD","posi","doramapimod","C31H37N5O3",537.21172,3.182,122654.814903167,128
"CD","posi","doxefazepam","C17H14ClFN2O3",349.07413,15.98,19109.5504716519,128
"CD","posi","enniatin B4","C34H59N3O9",636.42199,3.638,116494.640231325,128
"CD","posi","epetirimod","C13H15N5",225.11225,2.501,213936.711191696,128
"CD","posi","epi-Tulipinolide","C17H22O4",291.15873,2.416,20701.840467059,128
"CD","posi","epicainide","C21H26N2O2",339.20656,2.665,62509.7330504464,128
"CD","posi","ethirimol","C11H19N3O",482.32378,3.551,1779395.84733809,128
"CD","posi","ethoate-methyl","C6H14NO3PS2",244.02272,14.552,140807.457800245,128
"CD","posi","ethyl 1-{[1-benzyl-3-(tert-butyl)-1h-pyrazol-5-yl]carbonyl}-4-piperidinecarboxylate","C23H31N3O3",398.24069,2.503,6299256.45139965,128
"CD","posi","ethylmethylthiambutene","C15H19NS2",278.58273,12.816,299923.800586709,128
"CD","posi","etofylline","C9H12N4O3",225.09774,13.37,28309.0514573785,128
"CD","posi","exalamide","C13H19NO2",204.13828,2.667,362195.393749097,128
"CD","posi","fagaramide","C14H17NO3",289.15459,2.79,21834.1614519202,128
"CD","posi","fenamole","C7H7N5",162.07752,8.073,1023150.89482904,128
"CD","posi","filibuvir","C29H37N5O3",504.29676,3.226,30555.0099539423,128
"CD","posi","g-Butyrobetaine","C7H15NO2",184.07323,3.418,14209573.0680587,128
"CD","posi","g-Guanidinobutyrate","C5H11N3O2",128.08182,7.761,31475530.8459166,128
"CD","posi","galegine","C6H13N3",128.11813,8.021,24495011.7055727,128
"CD","posi","gamma-Aminobutyric acid","C5H11NO2",118.0863,9.217,49835495.7478835,128
"CD","posi","gamma-Glutamylphenylalanine","C14H18N2O5",295.12866,12.806,409355.832345088,128
"CD","posi","gemeprost","C23H38O5",377.26835,8.391,50616.1516785982,128
"CD","posi","gemopatrilat","C19H26N2O4S",379.1692,2.456,211171.9449611,128
"CD","posi","geranyl quinone","C16H20O2",246.05423,2.414,158666.884771781,128
"CD","posi","geroquinol","C16H22O2",247.16646,3.945,200829.29566799,128
"CD","posi","glu-thr","C9H16N2O6",249.108,14.766,151366.427640634,128
"CD","posi","glucoraphanin","C12H23NO10S3",438.05158,14.476,39735.7985235231,128
"CD","posi","glutaral","C5H8O2",101.0597,14.714,81942.1401257532,128
"CD","posi","glycidyl oleate","C21H38O3",339.28951,2.491,1069838.06623815,128
"CD","posi","glycodehydrocholate","C26H37NO6",460.26877,2.568,147568079.483795,128
"CD","posi","guancydine","C7H14N4",155.12917,17.178,1072947.90756482,128
"CD","posi","hesperetin 3'-O-sulfate","C16H14O9S",383.04073,8.471,148464.728513492,128
"CD","posi","histidinol","C6H11N3O",142.09751,18.084,7015739.42648961,128
"CD","posi","hodgkinsine","C33H38N6",519.32694,2.794,78219.0453683938,128
"CD","posi","hydralazine","C8H8N4",161.08195,17.406,581448.799204296,128
"CD","posi","hydroxyacetone phosphate","C3H7O5P",155.01036,9.888,57306.6636392367,128
"CD","posi","ibufenac","C12H16O2",193.12207,2.634,870585.687156523,128
"CD","posi","ibuprofen piconol","C19H23NO2",298.17726,3.55,26629.5371251696,128
"CD","posi","imazamethabenz-methyl","C16H20N2O3",289.15206,3.903,24397.4862514182,128
"CD","posi","imidazolinone","C3H4N2O",85.03961,16.72,38167887.0827378,128
"CD","posi","iminoquinoline","C9H8N2",145.07601,8.09,7005489.13794765,128
"CD","posi","indeloxazine","C14H17NO2",232.13316,2.704,119604.390814913,128
"CD","posi","indospicine","C7H15N3O2",157.09722,11.939,2704333.56003178,128
"CD","posi","ionene","C13H18",175.14815,2.49,534400.866124711,128
"CD","posi","irgafos 168","C42H63O3P",647.45854,2.407,1173832.38322566,128
"CD","posi","irganox 330","C54H78O3",758.56866,2.917,451106875.470739,128
"CD","posi","isometheptene","C9H19N",142.15902,9.22,45276.5291144699,128
"CD","posi","isoxazolin-5-one","C3H3NO2",127.05021,12.622,505185.102973351,128
"CD","posi","laurolactam","C12H23NO",198.18532,2.434,270244.413398435,128
"CD","posi","leu-gln","C11H21N3O4",260.16157,7.529,1777122.5041629,128
"CD","posi","linsidomine","C6H10N4O2",153.07704,3.843,1702438.51940578,128
"CD","posi","lobendazole","C10H11N3O2",269.09952,2.425,12698453.6185477,128
"CD","posi","m-Coumaric acid","C9H8O3",165.05446,11.566,2142944.46527032,128
"CD","posi","medorinone","C9H8N2O",161.07096,10.479,74216.6235885115,128
"CD","posi","mephenesin","C10H14O3",183.1012,3.143,109187.004984912,128
"CD","posi","mephentermine","C11H17N",181.16987,8.207,3532560.65929511,128
"CD","posi","met-gln","C10H19N3O4S",278.11693,2.21,27705.6974512078,128
"CD","posi","methoxyfenozide","C22H28N2O3",384.88083,2.271,28882.0875015615,128
"CD","posi","methyl 2,6-dimethyl-5-nitro-4-[2-(trifluoromethyl)phenyl]-1,4-dihydropyridine-3-carboxylate","C16H15F3N2O4",357.10815,13.206,127129.786699051,128
"CD","posi","methyl 3-hydroxypalmitate","C17H34O3",269.2474,2.426,127479.947154941,128
"CD","posi","miglustat","C10H21NO4",220.15551,7.494,1805546.4479446,128
"CD","posi","moroxydine","C6H13N5O",172.11922,7.789,613235.826667449,128
"CD","posi","morpholine-4-carboximidamide hydrobromide","C5H11N3O",130.09749,14.981,16238147.8013275,128
"CD","posi","n-Pentadecanol","C15H32O",520.50861,2.447,703607.078204192,128
"CD","posi","n6-(delta2-isopentenyl)-adenine","C10H13N5",204.12435,3.75,1843431.09806092,128
"CD","posi","nabilone","C24H36O3",373.27344,6.75,8109294.78900004,128
"CD","posi","naloxone","C19H21NO4",328.15671,3.26,31468.3551348198,128
"CD","posi","nialamide","C16H18N4O2",299.14851,4.033,309280.500105819,128
"CD","posi","norhaman","C11H8N2",169.07579,3.778,279911.488416548,128
"CD","posi","noxytiolin","C3H8N2OS",263.06111,12.624,4942179.77156299,128
"CD","posi","nylon cyclic dimer","C12H22N2O2",227.17533,4.071,123435.498591208,128
"CD","posi","okenone","C41H54O2",579.42114,3.914,137856.683143836,128
"CD","posi","oleoyl ethyl amide","C20H39NO",310.3103,2.076,114217.455707161,128
"CD","posi","opipramol","C23H29N3O",381.26298,2.762,51808.6942849605,128
"CD","posi","oxazolidinone","C3H5NO2",88.03932,14.308,537230.190387203,128
"CD","posi","oxeladin","C20H33NO3",336.25296,2.496,86369.4807264512,128
"CD","posi","oxiracetam","C6H10N2O3",159.07634,14.742,3816901.27797996,128
"CD","posi","p-Cresol","C7H8O",91.05415,2.566,16857120.5187215,128
"CD","posi","p-Isopropyl-α-methylstyrene","C12H16",161.1324,2.417,761283.417181129,128
"CD","posi","p-Synephrine","C9H13NO2",168.10185,6.81,177642.709932678,128
"CD","posi","p-Xylene","C8H10",107.0854,2.569,10928896.7179242,128
"CD","posi","p-cymene","C10H14",135.11684,2.423,694589.788193786,128
"CD","posi","pentahomomethionine","C10H21NO2S",220.13653,8.6,38282.629331298,128
"CD","posi","pentetrazol","C6H10N4",139.09785,7.405,11451847.8387528,128
"CD","posi","persin","C23H40O4",398.32632,3.824,1967375.28563438,128
"CD","posi","phenacemide","C9H10N2O2",179.08132,8.088,1460569.4478658,128
"CD","posi","phenicarbazide","C7H9N3O",152.08184,7.547,11881581.548154,128
"CD","posi","phenylamide","C7H7NO",122.06005,3.979,394517.587796853,128
"CD","posi","phenylurea","C7H8N2O",137.07262,14.188,4675982.14306467,128
"CD","posi","phosphinic-acid","HO2P",128.95078,8.934,61771.2866184567,128
"CD","posi","phospho(1-aminoethyl)(2-carboxypropyl)phosphinic acid","C6H15NO7P2",276.03885,14.176,62942.2396478489,128
"CD","posi","phosphoglycolate","C2H5O6P",157.33258,14.767,1309042.81270225,128
"CD","posi","phosphonoacetaldehyde","C2H5O4P",124.99973,2.974,8975534.5333718,128
"CD","posi","phthalazone","C8H6N2O",147.05532,7.857,7940993.53979617,128
"CD","posi","piroximone","C11H11N3O2",218.09231,8.151,8213285.9977351,128
"CD","posi","pro-gln","C10H17N3O4",244.12912,14.548,19203.8366069208,128
"CD","posi","pro-met","C10H18N2O3S",247.1117,2.435,840430.817405921,128
"CD","posi","propyphenazone","C14H18N2O",478.3212,4.11,106250.522427751,128
"CD","posi","psychosine sulfate","C24H47NO10S",555.51158,2.537,72127.2153984191,128
"CD","posi","pyrazinamide","C5H5N3O",124.05068,7.374,3387598.36945244,128
"CD","posi","pyrazole","C3H4N2",69.04485,7.563,12487739.8127479,128
"CD","posi","quercetin 3,3′,7-trissulfate","C15H10O16S3",542.92167,8.722,43654.6649891855,128
"CD","posi","quinbolone","C24H32O2",353.24718,4.364,574697.325096113,128
"CD","posi","quindoxin","C8H6N2O2",163.05015,7.855,1406090.16485775,128
"CD","posi","quinoclamine","C10H6ClNO2",208.01468,2.573,91487.1725472884,128
"CD","posi","quinolone","C9H7NO",146.0597,10.038,1062593.1359292,128
"CD","posi","resmethrin","C22H26O3",377.15364,2.478,190283.219944044,128
"CD","posi","riboprine","C15H21N5O4",336.16768,3.786,137573.73545535,128
"CD","posi","saridegib","C29H48N2O3S",505.34718,4.027,60216.4874309671,128
"CD","posi","selenophosphoric acid","H3O3PSe",162.90702,17.077,36387.0334532888,128
"CD","posi","shrimp shell","C8H15NO6",222.09776,17.517,9707.39587271632,128
"CD","posi","soyasapogenol C","C30H48O2",441.36832,2.342,33519.8360164271,128
"CD","posi","sphinganine-1-phosphocholine","C23H51N2O5P",467.72523,2.403,49986.6578166266,128
"CD","posi","sphingosine d20:1","C20H41NO2",328.56737,2.435,1015980.39075903,128
"CD","posi","sphingosylphosphorylcholine","C23H50N2O5P",467.77683,2.863,49989.11136216,128
"CD","posi","spiro[3H-indole-3,5′(4′H)-thiazol]-2-ol, 2′-(methylthio)-","C11H10N2OS2",539.01219,11.917,195990.672759134,128
"CD","posi","streptidine","C8H18N6O4",263.14601,14.039,1611290.99048537,128
"CD","posi","sulfadimidine","C12H14N4O2S",279.09262,8.802,1271195.70591653,128
"CD","posi","sulfamidic acid","H3NO3S",97.99149,17.387,35218.5745672309,128
"CD","posi","temelastine","C21H24BrN5O",442.12562,14.637,20299.5706068587,128
"CD","posi","tetridamine","C9H15N3",166.13397,7.853,3844561.16147255,128
"CD","posi","thioacetazone","C10H12N4OS",536.16548,2.282,43800221.7313676,128
"CD","posi","thiomorpholine-3-carboxylic acid","C5H9NO2S",148.04263,10.827,2555973.89187275,128
"CD","posi","thiopentane","C5H12S",105.07393,17.624,15863.7154371907,128
"CD","posi","thymol sulfate","C10H14O4S",231.07611,3.514,113201.763414032,128
"CD","posi","tilisolol","C17H24N2O3",288.15662,3.795,107907.050137688,128
"CD","posi","tolimidone","C11H10N2O2",203.08144,4.024,609824.913417756,128
"CD","posi","toxoflavin","C7H7N5O2",216.04782,12.743,744907.524484091,128
"CD","posi","trans-3,3',4',5,5',7-Hexahydroxyflavanone","C15H12O8",304.03541,8.503,86293.1270603307,128
"CD","posi","trans-Cinnamaldehyde","C9H8O",133.06464,2.563,1760546.14749177,128
"CD","posi","tretamine","C9H12N6",205.1196,7.683,4118041.28359978,128
"CD","posi","trimethadione","C6H9NO3",144.06557,7.663,3257684.45496309,128
"CD","posi","trovafloxacin","C20H15F3N4O3",850.25013,2.314,1905307.23365973,128
"CD","posi","udp-glucuronic acid","C15H22N2O18P2",644.0539,8.643,69853.2172337903,128
"CD","posi","ureidoacrylic acid","C4H6N2O3",131.04511,15.302,12224.3147839417,128
"CD","posi","verofylline","C12H18N4O2",518.32259,3.298,5589256.27279269,128
"CD","posi","vinyl sulfide","C4H6S",104.0528,10.816,1733258.75386562,128
"CD","posi","viprostol","C23H36O5",393.26297,7.094,513458.000392586,128
"CD","posi","zindotrine","C11H15N5",218.13988,17.15,12764.7105726531,128
"CD","posi","zopolrestat","C19H12F3N3O3S",219.04749,12.737,10103446.9928077,128
"CD","posi","α-Acetyldigitoxin","C43H66O14",412.74589,4.075,173358.26524764,128
"CD","posi","α-L-Fucopyranose","C6H12O5",165.07694,16.727,1186861.33667419,128
"CD","posi","β-Aminopropionitrile","C3H6N2",103.08658,3.547,9087990.22651125,128
"CD","posi","β-Ionone","C13H20O",175.14813,2.429,623156.412825305,128
"CD","posi","β-NAPHTHYL ANTHRANILATE","C17H13NO2",246.0911,2.546,30634.414779573,128
"CD","posi","β-Naphthol ethyl ether","C12H12O",173.09601,2.504,621767.706840277,128
"CD","posi","γ-Coniceine","C8H15N",109.10123,2.72,983769.920921613,128
"CD","posi","γ-HYDROXYHOMOARGININE","C7H16N4O3",205.12948,14.663,79995.9137083985,128
"CD","posi","δ-guanidinovaleric acid","C6H13N3O2",160.10804,12.699,106528.42619736,128
"CD","posi","ε-(γ-Glutamyl)-lysine","C11H21N3O5",278.90703,7.258,573957.933739634,128
"CD","posi","ε-Caprolactone","C6H10O2",97.06382,14.053,4030066.098506,128
