"webcsea_job","direction","Tissue_cell_type_name","Developmental_stage","Organ_system","Tissue","Specific_cell_type","General_cell_type","Cell_Ontology_ID","General_tissue_name","Uber_anatomy_ontology_ID","input_list_raw_p","input_list_permutated_p","input_list_rank_p","input_list_combined_p","input_list_combined_log10p","delabel"
"JOB2770_IDvCD_downregulated","Downregulated","Madissoon_2020_spleen_Plasma_IgG","Adult","Lymphatic system","Madissoon_2020_spleen","Plasma_IgG","Plasma cell","CL:0000786","Spleen","UBERON:0002106",4.83836995131892e-06,4.11708882651482e-05,0.0612546125461255,3.5030534605851e-05,4.45555323480336,"Madissoon_2020_spleen_Plasma_IgG"
"JOB2770_IDvCD_downregulated","Downregulated","Madissoon_2020_spleen_Plasma_IgM","Adult","Lymphatic system","Madissoon_2020_spleen","Plasma_IgM","Plasma cell","CL:0000786","Spleen","UBERON:0002106",1.76580381581566e-05,0.00012351266479544,0.0745387453874539,0.00011596115612277,3.93568746341673,"Madissoon_2020_spleen_Plasma_IgM"
"JOB2770_IDvCD_downregulated","Downregulated","AdultEpityphlon_B cell (Plasmocyte)","Adult","Digestive system","AdultEpityphlon","B cell (Plasmocyte)","B cell","CL:0000236","Caecum","UBERON:0001153",0.0007168810884069,0.00065873421224237,0.135793357933579,0.00092330389336936,3.03465533311124,"AdultEpityphlon_B cell (Plasmocyte)"
"JOB2770_IDvCD_downregulated","Downregulated","TS_Spleen_plasma cell","Adult","Lymphatic system","TS_Spleen","plasma cell","Plasma cell","CL:0000786","Spleen","UBERON:0002106",3.78370741991721e-18,0.145621431793829,0.0007380073800738,0.0010895601536518,2.96274878774184,"TS_Spleen_plasma cell"
"JOB2770_IDvCD_downregulated","Downregulated","TS_Lymph_Node_plasma cell","Adult","Lymphatic system","TS_Lymph_Node","plasma cell","Plasma cell","CL:0000786","Lymph node","UBERON:0000029",8.19415023343602e-15,0.199390611868113,0.0014760147601476,0.00268725542424419,2.5706910518148,"TS_Lymph_Node_plasma cell"
"JOB2770_IDvCD_downregulated","Downregulated","FetalIntestine_Hepatocyte/Endodermal cell","Fetal","Digestive system","FetalIntestine","Hepatocyte/Endodermal cell","Hepatocyte","CL:0000182","Intestine","UBERON:0000160",9.16848343300666e-05,0.003334841949477,0.0966789667896679,0.00291447789019061,2.53543923497642,NA
"JOB2770_IDvCD_downregulated","Downregulated","Fetal_HCA_Placenta_AFP_ALB positive cells","Fetal","Reproductive system","Fetal_HCA_Placenta","AFP_ALB positive cells","Hepatocyte","CL:0000182","Placenta","UBERON:0001987",0.0001779227832735,0.00337601283774215,0.0981549815498155,0.00298641741363326,2.52484949072748,NA
"JOB2770_IDvCD_downregulated","Downregulated","AdultThyroid_Thyroid follicular cell","Adult","Endocrine system","AdultThyroid","Thyroid follicular cell","Thyroid follicular cell","CL:0002258","Thyroid gland","UBERON:0002046",0.00013272784506475,0.00424060149131026,0.0974169741697417,0.00363195235933789,2.43985985679533,NA
"JOB2770_IDvCD_downregulated","Downregulated","Madissoon_2020_lung_Plasma_cells","Adult","Respiratory system","Madissoon_2020_lung","Plasma_cells","Plasma cell","CL:0000786","Lung","UBERON:0002048",0.0011746849112539,0.00366420905559819,0.138376383763838,0.00435391224085124,2.36112032901522,NA
"JOB2770_IDvCD_downregulated","Downregulated","TS_Small_Intestine_immature enterocyte","Adult","Digestive system","TS_Small_Intestine","immature enterocyte","Enterocyte","CL:0000584","Small intestine","UBERON:0002108",5.05216904721864e-14,0.23063931606136,0.0022140221402214,0.00438121660226531,2.35840527527578,NA
"JOB2770_IDvCD_downregulated","Downregulated","TS_Thymus_plasma cell","Adult","Lymphatic system","TS_Thymus","plasma cell","Plasma cell","CL:0000786","Thymus","UBERON:0002370",3.00565778376773e-13,0.187821592265606,0.0029520295202952,0.00471149431039275,2.32684132900013,NA
"JOB2770_IDvCD_downregulated","Downregulated","AdultFallopiantube_Stratified epithelial cell","Adult","Reproductive system","AdultFallopiantube","Stratified epithelial cell","Epithelial cell","CL:0000066","Fallopian tube","UBERON:0003889",0.00041568726703343,0.00489933570355263,0.115129151291513,0.00478339896333679,2.32026339492781,NA
"JOB2770_IDvCD_downregulated","Downregulated","AdultSpleen_B cell (Plasmocyte)","Adult","Lymphatic system","AdultSpleen","B cell (Plasmocyte)","B cell","CL:0000236","Spleen","UBERON:0002106",0.00079601663021477,0.00477582303875719,0.137269372693727,0.00546093271227721,2.26273317465778,NA
"JOB2770_IDvCD_downregulated","Downregulated","AdultRectum_B cell (Plasmocyte)","Adult","Digestive system","AdultRectum","B cell (Plasmocyte)","B cell","CL:0000236","Rectum","UBERON:0001052",0.002675283645828,0.00510519014487837,0.155719557195572,0.00646889152870889,2.18917013110996,NA
"JOB2770_IDvCD_downregulated","Downregulated","MacParland_2018_liver_Hepatocyte","Adult","Digestive system","MacParland_2018_liver","Hepatocyte","Hepatocyte","CL:0000182","Liver","UBERON:0002107",0.00025978094638196,0.00765778521731756,0.113653136531365,0.00700323976730266,2.1547010046196,NA
"JOB2770_IDvCD_downregulated","Downregulated","TS_Small_Intestine_intestinal crypt stem cell of small intestine","Adult","Digestive system","TS_Small_Intestine","intestinal crypt stem cell of small intestine","Intestinal crypt stem cell","CL:0002250","Small intestine","UBERON:0002108",1.73147062672931e-12,0.242949411652639,0.003690036900369,0.00718719742181728,2.14344042554422,NA
"JOB2770_IDvCD_downregulated","Downregulated","AdultJeJunum_Enterocyte","Adult","Digestive system","AdultJeJunum","Enterocyte","Enterocyte","CL:0000584","Jejunum","UBERON:0002115",0.00017847000511702,0.00942813341271893,0.0988929889298893,0.00743828742170971,2.12852704414715,NA
"JOB2770_IDvCD_downregulated","Downregulated","TS_Large_Intestine_immature enterocyte","Adult","Digestive system","TS_Large_Intestine","immature enterocyte","Enterocyte","CL:0000584","Large intestine","UBERON:0000059",9.50276046720204e-12,0.261517482260221,0.0044280442804428,0.00898738283654676,2.04636675822496,NA
"JOB2770_IDvCD_downregulated","Downregulated","TS_Small_Intestine_paneth cell of epithelium of small intestine","Adult","Digestive system","TS_Small_Intestine","paneth cell of epithelium of small intestine","Paneth cell","CL:0000510","Small intestine","UBERON:0002108",9.53816188965385e-12,0.246942987814359,0.00516605166051661,0.00977743161004985,2.00977521311368,NA
"JOB2770_IDvCD_downregulated","Downregulated","TS_Small_Intestine_duodenum glandular cell","Adult","Digestive system","TS_Small_Intestine","duodenum glandular cell","Duodenum glandular cell","CL:1001589","Small intestine","UBERON:0002108",2.55146273964012e-10,0.124747791443399,0.0103321033210332,0.00986524399996991,2.0058921687463,NA
"JOB2770_IDvCD_downregulated","Downregulated","Lake_2017_VisualCortex_In2","Adult","Nervous system","Lake_2017_VisualCortex","In2","Inhibitory neuron","CL:0008029","Visual cortex","UBERON:0000411",8.54303798678548e-05,0.0134628804627035,0.0959409594095941,0.00988343700689387,2.00509200140868,NA
"JOB2770_IDvCD_downregulated","Downregulated","TS_Small_Intestine_plasma cell","Adult","Digestive system","TS_Small_Intestine","plasma cell","Plasma cell","CL:0000786","Small intestine","UBERON:0002108",2.55146273964012e-10,0.131499817118883,0.0103321033210332,0.0103275869782841,1.98600113873533,NA
"JOB2770_IDvCD_downregulated","Downregulated","TS_Thymus_fast muscle cell","Adult","Lymphatic system","TS_Thymus","fast muscle cell","Cell of skeletal muscle","CL:0000188","Thymus","UBERON:0002370",1.6446356866455e-06,0.0269669318136721,0.0523985239852399,0.0106853427211653,1.97121154373633,NA
"JOB2770_IDvCD_downregulated","Downregulated","TS_Heart_cardiac muscle cell","Adult","Cardiovascular system","TS_Heart","cardiac muscle cell","Muscle cell","CL:0000187","Heart","UBERON:0000948",4.10738099844094e-11,0.212977004995611,0.00664206642066421,0.0106957097640864,1.97079039048484,NA
"JOB2770_IDvCD_downregulated","Downregulated","TS_Blood_classical monocyte","Adult","Lymphatic system","TS_Blood","classical monocyte","Monocyte","CL:0000576","Blood","UBERON:0000178",9.64764780497045e-12,0.308658149323816,0.00590405904059041,0.0133169679139369,1.87559464664807,NA
"JOB2770_IDvCD_downregulated","Downregulated","AdultGallbladder_Goblet cell","Adult","Digestive system","AdultGallbladder","Goblet cell","Goblet cell","CL:0000160","Gall bladder","UBERON:0002110",0.0005949951369384,0.0158919628703472,0.121033210332103,0.0139520369629467,1.85536238183937,NA
"JOB2770_IDvCD_downregulated","Downregulated","TS_Blood_plasma cell","Adult","Lymphatic system","TS_Blood","plasma cell","Plasma cell","CL:0000786","Blood","UBERON:0000178",5.09288859355163e-11,0.27238659676222,0.00738007380073801,0.0144927853051586,1.83884814134626,NA
"JOB2770_IDvCD_downregulated","Downregulated","TS_Lung_type ii pneumocyte","Adult","Respiratory system","TS_Lung","type ii pneumocyte","Pneumocyte","CL:0000322","Lung","UBERON:0002048",2.14508591045674e-10,0.299559383017218,0.00811808118081181,0.0170693899059429,1.76778200115928,NA
"JOB2770_IDvCD_downregulated","Downregulated","TS_Skin_endothelial cell","Adult","Integumentary system","TS_Skin","endothelial cell","Endothelial cell","CL:0000115","Skin of body","UBERON:0002097",2.52699312820156e-10,0.281938242839735,0.00885608856088561,0.0174599064069298,1.75795808864092,NA
"JOB2770_IDvCD_downregulated","Downregulated","TS_Small_Intestine_transit amplifying cell of small intestine","Adult","Digestive system","TS_Small_Intestine","transit amplifying cell of small intestine","Transit amplifying cell","CL:0009010","Small intestine","UBERON:0002108",2.55146273964012e-10,0.252995108389336,0.0103321033210332,0.0181589588633441,1.74090905520186,NA
"JOB2770_IDvCD_downregulated","Downregulated","Fetal_HCA_Spleen_AFP_ALB positive cells","Fetal","Lymphatic system","Fetal_HCA_Spleen","AFP_ALB positive cells","Hepatocyte","CL:0000182","Spleen","UBERON:0002106",0.00177737416871018,0.0185268997193167,0.152767527675277,0.0194367754175413,1.71137578336691,NA
"JOB2770_IDvCD_downregulated","Downregulated","FetalKidney_Ureteric bud cell","Fetal","Urinary system","FetalKidney","Ureteric bud cell","Epithelial cell","CL:0000066","Kidney","UBERON:0002113",0.00183920269194192,0.0202560770264529,0.153505535055351,0.0210610934337527,1.67651908519622,NA
"JOB2770_IDvCD_downregulated","Downregulated","TS_Bone_Marrow_myeloid progenitor","Adult","Lymphatic system","TS_Bone_Marrow","myeloid progenitor","Myeloid cell","CL:0000763","Bone marrow","UBERON:0002371",2.55853134078765e-10,0.280209065532599,0.0118081180811808,0.0222055855085516,1.65353777102529,NA
"JOB2770_IDvCD_downregulated","Downregulated","Madissoon_2020_lung_Alveolar_Type2","Adult","Respiratory system","Madissoon_2020_lung","Alveolar_Type2","Alveolar capillary type 2 endothelial cell","CL:4028003","Lung","UBERON:0002048",0.0011746849112539,0.0253612671713313,0.138376383763838,0.0233456198832953,1.6317945899996,NA
"JOB2770_IDvCD_downregulated","Downregulated","TS_Salivary_Gland_duct epithelial cell","Adult","Digestive system","TS_Salivary_Gland","duct epithelial cell","Epithelial cell","CL:0000066","Saliva-secreting gland","UBERON:0001044",1.04938965960099e-09,0.27238659676222,0.0132841328413284,0.0239601546806891,1.62051038257852,NA
"JOB2770_IDvCD_downregulated","Downregulated","Madissoon_2020_spleen_DC_plasmacytoid","Adult","Lymphatic system","Madissoon_2020_spleen","DC_plasmacytoid","Plasmacytoid dendritic cell","CL:0000784","Spleen","UBERON:0002106",0.00169309995611616,0.0251142418417404,0.152029520295203,0.0250773240057813,1.60071880881134,NA
"JOB2770_IDvCD_downregulated","Downregulated","TS_Mammary_luminal epithelial cell of mammary gland","Adult","Endocrine system","TS_Mammary","luminal epithelial cell of mammary gland","Epithelial cell","CL:0000066","Mammary gland","UBERON:0001911",1.22559855087664e-09,0.268640045930092,0.014760147601476,0.0258933610184887,1.58681157347225,NA
"JOB2770_IDvCD_downregulated","Downregulated","TS_Blood_monocyte","Adult","Lymphatic system","TS_Blood","monocyte","Monocyte","CL:0000576","Blood","UBERON:0000178",2.57625433783134e-10,0.32660865660742,0.0125461254612546,0.0266239594147067,1.57472735742296,NA
"JOB2770_IDvCD_downregulated","Downregulated","TS_Eye_retinal pigment epithelial cell","Adult","Sensory system","TS_Eye","retinal pigment epithelial cell","Retinal pigment epithelial cell","CL:0002586","Eye","UBERON:0000970",1.25166006785659e-09,0.233974158010837,0.0188191881918819,0.0282924459036971,1.54832950582821,NA
"JOB2770_IDvCD_downregulated","Downregulated","TS_Spleen_hematopoietic stem cell","Adult","Lymphatic system","TS_Spleen","hematopoietic stem cell","Hematopoietic stem cell","CL:0000037","Spleen","UBERON:0002106",1.2416789670699e-09,0.259623621400024,0.0169741697416974,0.0283124734279457,1.54802218824051,NA
"JOB2770_IDvCD_downregulated","Downregulated","TS_Pancreas_pancreatic ductal cell","Adult","Digestive system","TS_Pancreas","pancreatic ductal cell","Pancreatic ductal cell","CL:0002079","Pancreas","UBERON:0001264",1.05397477820725e-09,0.317139352306436,0.0140221402214022,0.028529693096861,1.54470290016405,NA
"JOB2770_IDvCD_downregulated","Downregulated","TS_Thymus_fibroblast","Adult","Lymphatic system","TS_Thymus","fibroblast","Fibroblast","CL:0000057","Thymus","UBERON:0002370",1.23337483832275e-09,0.297047958833044,0.0154981549815498,0.029375700811457,1.53201176370172,NA
"JOB2770_IDvCD_downregulated","Downregulated","TS_Eye_melanocyte","Adult","Sensory system","TS_Eye","melanocyte","Melanocyte","CL:0000148","Eye","UBERON:0000970",1.25166006785659e-09,0.259294254293903,0.0188191881918819,0.0308527795170471,1.51070570441715,NA
"JOB2770_IDvCD_downregulated","Downregulated","TS_Lymph_Node_macrophage","Adult","Lymphatic system","TS_Lymph_Node","macrophage","Macrophage","CL:0000235","Lymph node","UBERON:0000029",1.24306087186438e-09,0.281114825074432,0.0177121771217712,0.0313811029351058,1.5033317965613,NA
"JOB2770_IDvCD_downregulated","Downregulated","FetalAdrenalGland_Hepatocyte/Endodermal cell","Fetal","Endocrine system","FetalAdrenalGland","Hepatocyte/Endodermal cell","Hepatocyte","CL:0000182","Adrenal gland","UBERON:0002369",0.00310490177207148,0.0319074384054898,0.156457564575646,0.0314500424300823,1.50237876430017,NA
"JOB2770_IDvCD_downregulated","Downregulated","TS_Bone_Marrow_granulocyte","Adult","Lymphatic system","TS_Bone_Marrow","granulocyte","Granulocyte","CL:0000094","Bone marrow","UBERON:0002371",1.23946487351444e-09,0.328131979473231,0.0162361623616236,0.0332168318628852,1.47864179181478,NA
"JOB2770_IDvCD_downregulated","Downregulated","Lake_2017_VisualCortex_In1c","Adult","Nervous system","Lake_2017_VisualCortex","In1c","Inhibitory neuron","CL:0008029","Visual cortex","UBERON:0000411",0.00078882188835582,0.0415002553712694,0.136531365313653,0.0349782060838405,1.45620246780952,NA
"JOB2770_IDvCD_downregulated","Downregulated","TS_Spleen_endothelial cell","Adult","Lymphatic system","TS_Spleen","endothelial cell","Endothelial cell","CL:0000115","Spleen","UBERON:0002106",5.75153300324007e-09,0.27773881223669,0.0214022140221402,0.036410372719262,1.43877487533438,NA
"JOB2770_IDvCD_downregulated","Downregulated","TS_Bladder_bladder urothelial cell","Adult","Urinary system","TS_Bladder","bladder urothelial cell","Urothelial cell","CL:0000731","Bladder organ","UBERON:0018707",5.7338239023052e-09,0.294824730866726,0.0206642066420664,0.037167572682846,1.42983580061715,NA
"JOB2770_IDvCD_downregulated","Downregulated","Placenta_Epithelial cell","Adult","Reproductive system","Placenta","Epithelial cell","Epithelial cell","CL:0000066","Placenta","UBERON:0001987",0.00481043428029408,0.035283451243232,0.174169741697417,0.0374376325701239,1.42669162238691,NA
"JOB2770_IDvCD_downregulated","Downregulated","AdultKidney_Epithelial cell","Adult","Urinary system","AdultKidney","Epithelial cell","Epithelial cell","CL:0000066","Kidney","UBERON:0002113",0.00232425318541839,0.0415002553712694,0.154981549815498,0.0388897523782658,1.41016482211598,NA
"JOB2770_IDvCD_downregulated","Downregulated","Madissoon_2020_spleen_Plasmablast","Adult","Lymphatic system","Madissoon_2020_spleen","Plasmablast","Plasma cell","CL:0000786","Spleen","UBERON:0002106",0.00448609071729167,0.0380830716452621,0.172693726937269,0.0396195400676674,1.40209057037328,NA
"JOB2770_IDvCD_downregulated","Downregulated","AdultIleum_B cell (Plasmocyte)","Adult","Digestive system","AdultIleum","B cell (Plasmocyte)","B cell","CL:0000236","Ileum","UBERON:0002116",0.0239166631729739,0.0286961091208083,0.236531365313653,0.0406754143586285,1.39066801423009,NA
"JOB2770_IDvCD_downregulated","Downregulated","TS_Bladder_smooth muscle cell","Adult","Urinary system","TS_Bladder","smooth muscle cell","Smooth muscle cell","CL:0000192","Bladder organ","UBERON:0018707",2.53739706421417e-08,0.275433242493841,0.0250922509225092,0.0412919375680919,1.38413473796841,NA
"JOB2770_IDvCD_downregulated","Downregulated","van_Zyl_eye_2020_SchwalbeLine","Adult","Sensory system","van_Zyl_eye_2020","SchwalbeLine","Schwalbe line",NA,"Eye","UBERON:0000970",0.00595645430431506,0.0391946856284211,0.176383763837638,0.0413022154947191,1.38402665170136,NA
"JOB2770_IDvCD_downregulated","Downregulated","FetalStomach_Fetal enterocyte","Fetal","Digestive system","FetalStomach","Fetal enterocyte","Enterocyte","CL:0000584","Stomach","UBERON:0000945",0.0118107209906491,0.0338012992656867,0.205166051660517,0.0414094922922065,1.38290009420288,NA
"JOB2770_IDvCD_downregulated","Downregulated","TS_Pancreas_myeloid cell","Adult","Digestive system","TS_Pancreas","myeloid cell","Myeloid cell","CL:0000763","Pancreas","UBERON:0001264",4.92404908153015e-09,0.351187676901714,0.0199261992619926,0.0417221762976659,1.37963304613677,NA
"JOB2770_IDvCD_downregulated","Downregulated","TS_Large_Intestine_plasma cell","Adult","Digestive system","TS_Large_Intestine","plasma cell","Plasma cell","CL:0000786","Large intestine","UBERON:0000059",1.06774131326649e-07,0.206842542644104,0.0343173431734317,0.0422199115839325,1.37448268051795,NA
"JOB2770_IDvCD_downregulated","Downregulated","TS_Thymus_macrophage","Adult","Lymphatic system","TS_Thymus","macrophage","Macrophage","CL:0000235","Thymus","UBERON:0002370",2.53082596357133e-08,0.292107452241226,0.0243542435424354,0.0422979200861201,1.37368098764456,NA
"JOB2770_IDvCD_downregulated","Downregulated","TS_Salivary_Gland_basal cell","Adult","Digestive system","TS_Salivary_Gland","basal cell","Basal cell","CL:0000646","Saliva-secreting gland","UBERON:0001044",2.18994564565412e-08,0.301823781871801,0.0236162361623616,0.0423665807095085,1.37297658530076,NA
"JOB2770_IDvCD_downregulated","Downregulated","TS_Tongue_keratinocyte","Adult","Digestive system","TS_Tongue","keratinocyte","Keratinocyte","CL:0000312","Tongue","UBERON:0001723",5.76785879177485e-09,0.322409226004375,0.022140221402214,0.0424173451225972,1.37245651721239,NA
"JOB2770_IDvCD_downregulated","Downregulated","AdultCervix_Stratified epithelial cell","Adult","Reproductive system","AdultCervix","Stratified epithelial cell","Epithelial cell","CL:0000066","Uterine cervix","UBERON:0000002",0.00231926835718099,0.0469348126222689,0.154243542435424,0.0429166931835292,1.36737374866958,NA
"JOB2770_IDvCD_downregulated","Downregulated","TS_Large_Intestine_intestinal enteroendocrine cell","Adult","Digestive system","TS_Large_Intestine","intestinal enteroendocrine cell","Endocrine cell","CL:0000163","Large intestine","UBERON:0000059",1.06774131326649e-07,0.211741878347657,0.0343173431734317,0.0430498374558058,1.36602848398222,NA
"JOB2770_IDvCD_downregulated","Downregulated","TS_Trachea_goblet cell","Adult","Respiratory system","TS_Trachea","goblet cell","Goblet cell","CL:0000160","Trachea","UBERON:0003126",1.63417921971671e-06,0.144839184916791,0.0505535055350554,0.0433239670538765,1.36327178310105,NA
"JOB2770_IDvCD_downregulated","Downregulated","TS_Skin_muscle cell","Adult","Integumentary system","TS_Skin","muscle cell","Cell of skeletal muscle","CL:0000188","Skin of body","UBERON:0002097",4.28329207531255e-07,0.171229724294751,0.0428044280442804,0.0433596690407313,1.36291404137587,NA
"JOB2770_IDvCD_downregulated","Downregulated","TS_Salivary_Gland_ionocyte","Adult","Digestive system","TS_Salivary_Gland","ionocyte","Ionocyte","CL:0005006","Saliva-secreting gland","UBERON:0001044",9.32455012759715e-08,0.241714285004685,0.0317343173431734,0.045029371019218,1.34650411932156,NA
"JOB2770_IDvCD_downregulated","Downregulated","AdultPeripheralBlood_Neutrophil","Adult","Lymphatic system","AdultPeripheralBlood","Neutrophil","Neutrophil","CL:0000775","Blood","UBERON:0000178",0.00716697036757332,0.0443822175498297,0.177859778597786,0.0461130900695713,1.33617577443645,NA
"JOB2770_IDvCD_downregulated","Downregulated","TS_Lymph_Node_cd1c-positive myeloid dendritic cell","Adult","Lymphatic system","TS_Lymph_Node","cd1c-positive myeloid dendritic cell","Dendritic cell","CL:0000451","Lymph node","UBERON:0000029",2.54807309624479e-08,0.286549382325431,0.0280442804428044,0.0468005919565549,1.32974865372418,NA
"JOB2770_IDvCD_downregulated","Downregulated","TS_Eye_corneal epithelial cell","Adult","Sensory system","TS_Eye","corneal epithelial cell","Epithelial cell","CL:0000066","Eye","UBERON:0000970",5.7938427222536e-09,0.360698152090963,0.0228782287822878,0.0478399638807208,1.32020915691282,NA
"JOB2770_IDvCD_downregulated","Downregulated","TS_Pancreas_pancreatic beta cell","Adult","Digestive system","TS_Pancreas","pancreatic beta cell","Type B pancreatic cell","CL:0000169","Pancreas","UBERON:0001264",3.79004859073622e-07,0.20017285874515,0.0416974169741697,0.0482930376316759,1.3161154766211,NA
"JOB2770_IDvCD_downregulated","Downregulated","TS_Trachea_basal cell","Adult","Respiratory system","TS_Trachea","basal cell","Basal cell","CL:0000646","Trachea","UBERON:0003126",1.06029994447179e-07,0.274774508281599,0.0324723247232472,0.0510296920041959,1.2921770528961,NA
"JOB2770_IDvCD_downregulated","Downregulated","TS_Spleen_macrophage","Adult","Lymphatic system","TS_Spleen","macrophage","Macrophage","CL:0000235","Spleen","UBERON:0002106",2.54452428987853e-08,0.341183151053283,0.0261992619926199,0.0511060321395551,1.29152783625841,NA
"JOB2770_IDvCD_downregulated","Downregulated","TS_Fat_macrophage","Adult","Integumentary system","TS_Fat","macrophage","Macrophage","CL:0000235","Perirenal fat","UBERON:0005406",9.27453233794611e-08,0.299188845022832,0.0298892988929889,0.0511239481129108,1.29137561460236,NA
"JOB2770_IDvCD_downregulated","Downregulated","TS_Salivary_Gland_plasma cell","Adult","Digestive system","TS_Salivary_Gland","plasma cell","Plasma cell","CL:0000786","Saliva-secreting gland","UBERON:0001044",1.45867008416616e-06,0.183992699656947,0.0490774907749078,0.0515355716649274,1.28789290212411,NA
"JOB2770_IDvCD_downregulated","Downregulated","TS_Vasculature_fibroblast","Adult","Cardiovascular system","TS_Vasculature","fibroblast","Fibroblast","CL:0000057","Vasculature","UBERON:0002049",8.02711322317833e-08,0.313928023021755,0.0287822878228782,0.0515622442294884,1.28766818838474,NA
"JOB2770_IDvCD_downregulated","Downregulated","TS_Spleen_classical monocyte","Adult","Lymphatic system","TS_Spleen","classical monocyte","Monocyte","CL:0000576","Spleen","UBERON:0002106",2.54452428987853e-08,0.345629606985919,0.0261992619926199,0.0516548197952895,1.28688914921041,NA
"JOB2770_IDvCD_downregulated","Downregulated","TS_Fat_mesenchymal stem cell","Adult","Integumentary system","TS_Fat","mesenchymal stem cell","Mesenchymal stem cell","CL:0000134","Perirenal fat","UBERON:0005406",9.27453233794611e-08,0.308081756888104,0.0298892988929889,0.0523738114219242,1.28088581984917,NA
"JOB2770_IDvCD_downregulated","Downregulated","TS_Pancreas_plasma cell","Adult","Digestive system","TS_Pancreas","plasma cell","Plasma cell","CL:0000786","Pancreas","UBERON:0001264",3.79004859073622e-07,0.221787575084353,0.0416974169741697,0.0525594568060092,1.27934913179249,NA
"JOB2770_IDvCD_downregulated","Downregulated","AdultTrachea_Chondrocyte","Adult","Respiratory system","AdultTrachea","Chondrocyte","Chondrocyte","CL:0000138","Trachea","UBERON:0003126",0.0085620525284275,0.0532751294151017,0.178966789667897,0.0538968902192455,1.26843629231945,NA
"JOB2770_IDvCD_downregulated","Downregulated","TS_Skin_epithelial cell","Adult","Integumentary system","TS_Skin","epithelial cell","Epithelial cell","CL:0000066","Skin of body","UBERON:0002097",0.00418165656797708,0.060850572855889,0.162361623616236,0.0554974249632757,1.2557271673311,NA
"JOB2770_IDvCD_downregulated","Downregulated","TS_Muscle_mesenchymal stem cell","Adult","Muscular system","TS_Muscle","mesenchymal stem cell","Mesenchymal stem cell","CL:0000134","Muscle organ","UBERON:0001630",2.54726518331303e-08,0.368150082866955,0.0273062730627306,0.0562947464755684,1.24953213238006,NA
"JOB2770_IDvCD_downregulated","Downregulated","Fetal_HCA_Eye_Bipolar cells","Fetal","Sensory system","Fetal_HCA_Eye","Bipolar cells","Bipolar neuron","CL:0000103","Eye","UBERON:0000970",0.0110502315482468,0.0505166799013368,0.202214022140221,0.0570403484004098,1.24381783049291,NA
"JOB2770_IDvCD_downregulated","Downregulated","TS_Bone_Marrow_plasma cell","Adult","Lymphatic system","TS_Bone_Marrow","plasma cell","Plasma cell","CL:0000786","Bone marrow","UBERON:0002371",1.64836457723169e-06,0.188315642924788,0.0553505535055351,0.0579925776550939,1.23662758729413,NA
"JOB2770_IDvCD_downregulated","Downregulated","TS_Lymph_Node_hematopoietic stem cell","Adult","Lymphatic system","TS_Lymph_Node","hematopoietic stem cell","Hematopoietic stem cell","CL:0000037","Lymph node","UBERON:0000029",4.32371147446105e-07,0.23352127823992,0.0464944649446494,0.0599646377599057,1.2221047855028,NA
"JOB2770_IDvCD_downregulated","Downregulated","AdultSigmoidColon_B cell (Plasmocyte)","Adult","Digestive system","AdultSigmoidColon","B cell (Plasmocyte)","B cell","CL:0000236","Sigmoid colon","UBERON:0001159",0.0132262484816621,0.0530281040855108,0.20590405904059,0.0602415157334788,1.2201041094102,NA
"JOB2770_IDvCD_downregulated","Downregulated","AdultLiver_Sinusoidal endothelial cell","Adult","Digestive system","AdultLiver","Sinusoidal endothelial cell","Endothelial cell","CL:0000115","Liver","UBERON:0002107",0.00915280249138105,0.0606858893028284,0.180811808118081,0.0604854214726027,1.21834928876824,NA
"JOB2770_IDvCD_downregulated","Downregulated","TS_Large_Intestine_paneth cell of epithelium of large intestine","Adult","Digestive system","TS_Large_Intestine","paneth cell of epithelium of large intestine","Paneth cell","CL:0000510","Large intestine","UBERON:0000059",1.06774131326649e-07,0.32236805511611,0.0343173431734317,0.0608915687044317,1.21544283739395,NA
"JOB2770_IDvCD_downregulated","Downregulated","TS_Liver_hepatocyte","Adult","Digestive system","TS_Liver","hepatocyte","Hepatocyte","CL:0000182","Liver","UBERON:0002107",4.28391511850293e-07,0.261352798707161,0.0435424354243542,0.0623154371688649,1.20540435387417,NA
"JOB2770_IDvCD_downregulated","Downregulated","TS_Large_Intestine_transit amplifying cell of large intestine","Adult","Digestive system","TS_Large_Intestine","transit amplifying cell of large intestine","Transit amplifying cell","CL:0009010","Large intestine","UBERON:0000059",1.06774131326649e-07,0.344188625896639,0.0343173431734317,0.0642396060847167,1.19219713080158,NA
"JOB2770_IDvCD_downregulated","Downregulated","AdultTrachea_Stratified epithelial cell","Adult","Respiratory system","AdultTrachea","Stratified epithelial cell","Epithelial cell","CL:0000066","Trachea","UBERON:0003126",0.0085620525284275,0.0660381047772977,0.178966789667897,0.0642706232912713,1.19198748831666,NA
"JOB2770_IDvCD_downregulated","Downregulated","TS_Lung_macrophage","Adult","Respiratory system","TS_Lung","macrophage","Macrophage","CL:0000235","Lung","UBERON:0002048",9.31330215821721e-08,0.381612963329658,0.0309963099630996,0.0643148493770997,1.19168874312577,NA
"JOB2770_IDvCD_downregulated","Downregulated","Fetal_HCA_Liver_Hepatoblasts","Fetal","Digestive system","Fetal_HCA_Liver","Hepatoblasts","Hepatoblast","CL:0005026","Liver","UBERON:0002107",0.00676981084253778,0.0671908896487218,0.177121771217712,0.0646357763709705,1.18952703030759,NA
"JOB2770_IDvCD_downregulated","Downregulated","TS_Salivary_Gland_pericyte cell","Adult","Digestive system","TS_Salivary_Gland","pericyte cell","Pericyte cell","CL:0000669","Saliva-secreting gland","UBERON:0001044",3.7816465575002e-07,0.294042483989688,0.040590405904059,0.0647878672400241,1.18850631641421,NA
"JOB2770_IDvCD_downregulated","Downregulated","TS_Lymph_Node_intermediate monocyte","Adult","Lymphatic system","TS_Lymph_Node","intermediate monocyte","Monocyte","CL:0000576","Lymph node","UBERON:0000029",1.07543251224731e-07,0.311581282390641,0.0383763837638376,0.0648855301267958,1.18785214274879,NA
"JOB2770_IDvCD_downregulated","Downregulated","TS_Eye_muller cell","Adult","Sensory system","TS_Eye","muller cell","Mueller cell","CL:0000636","Eye","UBERON:0000970",1.08035045907325e-07,0.309111029094732,0.0391143911439114,0.0654749485283158,1.18392483431361,NA
"JOB2770_IDvCD_downregulated","Downregulated","TS_Large_Intestine_intestinal crypt stem cell","Adult","Digestive system","TS_Large_Intestine","intestinal crypt stem cell","Intestinal crypt stem cell","CL:0002250","Large intestine","UBERON:0000059",1.64306987538765e-06,0.238050075949087,0.0516605166051661,0.0663875984473281,1.17791304154946,NA
"JOB2770_IDvCD_downregulated","Downregulated","TS_Bladder_plasma cell","Adult","Urinary system","TS_Bladder","plasma cell","Plasma cell","CL:0000786","Bladder organ","UBERON:0018707",0.00059408352081512,0.102268486450628,0.12029520295203,0.066407910993511,1.17778018123172,NA
"JOB2770_IDvCD_downregulated","Downregulated","TS_Thymus_endothelial cell of artery","Adult","Lymphatic system","TS_Thymus","endothelial cell of artery","Endothelial cell","CL:0000115","Thymus","UBERON:0002370",1.06867949733594e-07,0.342706473919093,0.0361623616236162,0.0668063280422926,1.17518239824773,NA
"JOB2770_IDvCD_downregulated","Downregulated","TS_Bone_Marrow_monocyte","Adult","Lymphatic system","TS_Bone_Marrow","monocyte","Monocyte","CL:0000576","Bone marrow","UBERON:0002371",1.07212084381802e-07,0.331919701193625,0.0376383763837638,0.0672443002309745,1.1723445214838,NA
"JOB2770_IDvCD_downregulated","Downregulated","TS_Bladder_myofibroblast cell","Adult","Urinary system","TS_Bladder","myofibroblast cell","Myofibroblast cell","CL:0000186","Bladder organ","UBERON:0018707",1.07109376898125e-07,0.338589385092579,0.03690036900369,0.0672493603546326,1.17231184211774,NA
"JOB2770_IDvCD_downregulated","Downregulated","TS_Kidney_kidney epithelial cell","Adult","Urinary system","TS_Kidney","kidney epithelial cell","Epithelial cell","CL:0000066","Kidney","UBERON:0002113",1.43882697529089e-06,0.266210963522448,0.0479704797047971,0.0684567519046712,1.16458371085609,NA
"JOB2770_IDvCD_downregulated","Downregulated","TS_Prostate_basal cell of prostate epithelium","Adult","Reproductive system","TS_Prostate","basal cell of prostate epithelium","Basal cell","CL:0000646","Prostate gland","UBERON:0002367",4.28462817319764e-07,0.299312357687627,0.044280442804428,0.0705557169434921,1.15146779074847,NA
"JOB2770_IDvCD_downregulated","Downregulated","Fetal_HCA_Stomach_MUC13_DMBT1 positive cells","Fetal","Digestive system","Fetal_HCA_Stomach","MUC13_DMBT1 positive cells","Epithelial cell","CL:0000066","Stomach","UBERON:0000945",0.0149470585693878,0.0643912692466917,0.209594095940959,0.0716012932341119,1.14507913356691,NA
"JOB2770_IDvCD_downregulated","Downregulated","TS_Blood_alpha-beta t cell","Adult","Lymphatic system","TS_Blood","alpha-beta t cell","T cell","CL:0000084","Blood","UBERON:0000178",4.33160667504375e-07,0.29173691424684,0.0472324723247232,0.0728185880814587,1.13775774608837,NA
"JOB2770_IDvCD_downregulated","Downregulated","VentoTormo_2018_decidua_maternal endothelial cell (Endo m)","Maternal-Fetal","Reproductive system","VentoTormo_2018_decidua","maternal endothelial cell (Endo m)","Endothelial cell","CL:0000115","Decidua","UBERON:0002450",6.5882718654701e-06,0.188603839142644,0.0738007380073801,0.0734162102029431,1.13420803784388,NA
"JOB2770_IDvCD_downregulated","Downregulated","TS_Fat_fibroblast","Adult","Integumentary system","TS_Fat","fibroblast","Fibroblast","CL:0000057","Perirenal fat","UBERON:0005406",3.76262379696097e-07,0.351105335125184,0.0398523985239852,0.0737292833181128,1.13235998761462,NA
"JOB2770_IDvCD_downregulated","Downregulated","VentoTormo_2018_decidua_decidual stromal cell (dS3)","Maternal-Fetal","Reproductive system","VentoTormo_2018_decidua","decidual stromal cell (dS3)","Stromal cell","CL:0000499","Decidua","UBERON:0002450",0.00022373701850419,0.126971019409717,0.112915129151292,0.075196082366475,1.12380478508578,NA
"JOB2770_IDvCD_downregulated","Downregulated","AdultOmentum_Epithelial cell","Adult","Integumentary system","AdultOmentum","Epithelial cell","Epithelial cell","CL:0000066","Omentum","UBERON:0003688",0.017952962072647,0.0695376302798353,0.212546125461255,0.0770698254410963,1.11311562466592,NA
"JOB2770_IDvCD_downregulated","Downregulated","TS_Small_Intestine_intestinal enteroendocrine cell","Adult","Digestive system","TS_Small_Intestine","intestinal enteroendocrine cell","Endocrine cell","CL:0000163","Small intestine","UBERON:0002108",1.64711763368515e-06,0.277203590689243,0.0535055350553506,0.0772887716201625,1.11188359505459,NA
"JOB2770_IDvCD_downregulated","Downregulated","TS_Spleen_memory b cell","Adult","Lymphatic system","TS_Spleen","memory b cell","B cell","CL:0000236","Spleen","UBERON:0002106",4.31683464564412e-07,0.324261915976307,0.0457564575645756,0.0773104579081474,1.11176175440512,NA
"JOB2770_IDvCD_downregulated","Downregulated","Lake_2017_FrontalCortex_In6b","Adult","Nervous system","Lake_2017_FrontalCortex","In6b","Inhibitory neuron","CL:0008029","Frontal cortex","UBERON:0001870",0.0045041628269882,0.0868294033511975,0.173431734317343,0.0782431338502925,1.10655376319703,NA
"JOB2770_IDvCD_downregulated","Downregulated","AdultIleum_Enterocyte","Adult","Digestive system","AdultIleum","Enterocyte","Enterocyte","CL:0000584","Ileum","UBERON:0002116",0.0103775967024224,0.0765778521731756,0.200738007380074,0.0795536481145596,1.09933989999358,NA
"JOB2770_IDvCD_downregulated","Downregulated","TS_Eye_epithelial cell of lacrimal sac","Adult","Sensory system","TS_Eye","epithelial cell of lacrimal sac","Epithelial cell","CL:0000066","Eye","UBERON:0000970",2.07217999280772e-05,0.186874661835508,0.0841328413284133,0.08101188969606,1.09145123728861,NA
"JOB2770_IDvCD_downregulated","Downregulated","TS_Salivary_Gland_acinar cell of salivary gland","Adult","Digestive system","TS_Salivary_Gland","acinar cell of salivary gland","Acinar cell","CL:0000622","Saliva-secreting gland","UBERON:0001044",1.45867008416616e-06,0.33212555563495,0.0490774907749078,0.0833999624068152,1.07883414512385,NA
"JOB2770_IDvCD_downregulated","Downregulated","TS_Trachea_fibroblast","Adult","Respiratory system","TS_Trachea","fibroblast","Fibroblast","CL:0000057","Trachea","UBERON:0003126",1.63417921971671e-06,0.331549163199238,0.0505535055350554,0.085291596797624,1.06909375481366,NA
"JOB2770_IDvCD_downregulated","Downregulated","AdultDuodenum_Goblet cell","Adult","Digestive system","AdultDuodenum","Goblet cell","Goblet cell","CL:0000160","Duodenum","UBERON:0002114",0.0202060282825814,0.0787187383629633,0.214022140221402,0.0856453750431782,1.06729608450768,NA
"JOB2770_IDvCD_downregulated","Downregulated","Fetal_HCA_Pancreas_Erythroblasts","Fetal","Digestive system","Fetal_HCA_Pancreas","Erythroblasts","Erythroblast","CL:0000765","Pancreas","UBERON:0001264",0.0140974977816581,0.0815595296532585,0.207380073800738,0.0859158552751711,1.06592668223274,NA
"JOB2770_IDvCD_downregulated","Downregulated","Lake_2017_VisualCortex_In6b","Adult","Nervous system","Lake_2017_VisualCortex","In6b","Inhibitory neuron","CL:0008029","Visual cortex","UBERON:0000411",0.00026790811693984,0.148215197754533,0.114391143911439,0.0860817848209865,1.06508873691619,NA
"JOB2770_IDvCD_downregulated","Downregulated","TS_Small_Intestine_b cell","Adult","Digestive system","TS_Small_Intestine","b cell","B cell","CL:0000236","Small intestine","UBERON:0002108",1.64711763368515e-06,0.32380903620539,0.0535055350553506,0.0875906869708194,1.05754206748711,NA
"JOB2770_IDvCD_downregulated","Downregulated","AdultEsophagus_Fibroblast","Adult","Digestive system","AdultEsophagus","Fibroblast","Fibroblast","CL:0000057","Esophagus","UBERON:0001043",0.009183087638514,0.0961751949873861,0.181549815498155,0.0881377178275928,1.0548381989783,NA
"JOB2770_IDvCD_downregulated","Downregulated","Madissoon_2020_oesophagus_Glands_mucous","Adult","Digestive system","Madissoon_2020_oesophagus","Glands_mucous","Mucus secreting cell","CL:0000319","Esophagus","UBERON:0001043",0.0177624309667516,0.0830416816308039,0.210332103321033,0.0881609620549999,1.05472367923528,NA
"JOB2770_IDvCD_downregulated","Downregulated","Lake_2017_VisualCortex_In4a","Adult","Nervous system","Lake_2017_VisualCortex","In4a","Inhibitory neuron","CL:0008029","Visual cortex","UBERON:0000411",0.00560086242197177,0.100415796478696,0.175276752767528,0.0887037132684317,1.05205819957938,NA
"JOB2770_IDvCD_downregulated","Downregulated","TS_Pancreas_pancreatic alpha cell","Adult","Digestive system","TS_Pancreas","pancreatic alpha cell","Pancreatic A cell","CL:0000171","Pancreas","UBERON:0001264",0.00055303200950103,0.15146769792748,0.118819188191882,0.0903019313164446,1.04430296119142,NA
"JOB2770_IDvCD_downregulated","Downregulated","TS_Bone_Marrow_erythroid progenitor","Adult","Lymphatic system","TS_Bone_Marrow","erythroid progenitor","Erythroid progenitor cell","CL:0000038","Bone marrow","UBERON:0002371",4.31032455310219e-07,0.408044673595884,0.0450184501845018,0.0917937149024105,1.03718705383848,NA
"JOB2770_IDvCD_downregulated","Downregulated","TS_Prostate_luminal cell of prostate epithelium","Adult","Reproductive system","TS_Prostate","luminal cell of prostate epithelium","Luminal cell of prostate epithelium","CL:0002340","Prostate gland","UBERON:0002367",5.96184357144513e-06,0.289884224274908,0.0634686346863469,0.0919096752110951,1.03663876859628,NA
"JOB2770_IDvCD_downregulated","Downregulated","TS_Spleen_cd141-positive myeloid dendritic cell","Adult","Lymphatic system","TS_Spleen","cd141-positive myeloid dendritic cell","Dendritic cell","CL:0000451","Spleen","UBERON:0002106",1.65073249250387e-06,0.332660777182397,0.0560885608856089,0.0929463073032702,1.03176785978848,NA
"JOB2770_IDvCD_downregulated","Downregulated","TS_Vasculature_macrophage","Adult","Cardiovascular system","TS_Vasculature","macrophage","Macrophage","CL:0000235","Vasculature","UBERON:0002049",4.72700219578614e-06,0.321503466462542,0.0601476014760148,0.0956382896870362,1.01936819903602,NA
"JOB2770_IDvCD_downregulated","Downregulated","TS_Small_Intestine_small intestine goblet cell","Adult","Digestive system","TS_Small_Intestine","small intestine goblet cell","Goblet cell","CL:0000160","Small intestine","UBERON:0002108",5.98363515144138e-06,0.290913496481537,0.0671586715867159,0.0964252247732101,1.01580934009323,NA
"JOB2770_IDvCD_downregulated","Downregulated","TS_Uterus_vascular associated smooth muscle cell","Adult","Reproductive system","TS_Uterus","vascular associated smooth muscle cell","Smooth muscle cell","CL:0000192","Uterus","UBERON:0000995",6.04836188916781e-05,0.222281625743535,0.0881918819188192,0.0966851304327976,1.01464031255134,NA
"JOB2770_IDvCD_downregulated","Downregulated","Braga_2020_lung_Secretory","Adult","Respiratory system","Braga_2020_lung","Secretory","Club cell","CL:0000158","Lung","UBERON:0002048",0.0342306839713575,0.0800362067874481,0.251660516605166,0.0987952815065305,1.00526379695702,NA
"JOB2770_IDvCD_downregulated","Downregulated","TS_Blood_memory b cell","Adult","Lymphatic system","TS_Blood","memory b cell","B cell","CL:0000236","Blood","UBERON:0000178",1.65589683625578e-06,0.347729322287442,0.0583025830258303,0.0993086057476434,1.00301311538404,NA
"JOB2770_IDvCD_downregulated","Downregulated","TS_Thymus_immature natural killer cell","Adult","Lymphatic system","TS_Thymus","immature natural killer cell","Natural killer cell","CL:0000623","Thymus","UBERON:0002370",0.00418362064655547,0.123512664795445,0.164944649446494,0.0996952269476794,1.00132563366333,NA
"JOB2770_IDvCD_downregulated","Downregulated","TS_Muscle_macrophage","Adult","Muscular system","TS_Muscle","macrophage","Macrophage","CL:0000235","Muscle organ","UBERON:0001630",1.65146992985558e-06,0.361768595185857,0.0568265682656827,0.100415919500004,0.998197430588016,NA
"JOB2770_IDvCD_downregulated","Downregulated","AdultIleum_Smooth muscle cell","Adult","Digestive system","AdultIleum","Smooth muscle cell","Smooth muscle cell","CL:0000192","Ileum","UBERON:0002116",0.0239166631729739,0.0886820933231292,0.236531365313653,0.102035531705925,0.991248568074298,NA
"JOB2770_IDvCD_downregulated","Downregulated","VentoTormo_2018_decidua_decidual macrophage (dM1)","Maternal-Fetal","Reproductive system","VentoTormo_2018_decidua","decidual macrophage (dM1)","Macrophage","CL:0000235","Decidua","UBERON:0002450",2.2561901064989e-05,0.246572449819972,0.0856088560885609,0.102547871605613,0.989073349040423,NA
"JOB2770_IDvCD_downregulated","Downregulated","FetalHeart_Fetal neuron","Fetal","Cardiovascular system","FetalHeart","Fetal neuron","Neuron","CL:0000540","Heart","UBERON:0000948",0.0227378807653096,0.0924698150435228,0.2309963099631,0.103516300880177,0.98499125576377,NA
"JOB2770_IDvCD_downregulated","Downregulated","FetalMuscle_Primordial germ cell","Fetal","Muscular system","FetalMuscle","Primordial germ cell","Primordial germ cell","CL:0000670","Muscle organ","UBERON:0001630",0.0267752564635222,0.0885174097700686,0.241328413284133,0.103522377820498,0.98496576118792,NA
"JOB2770_IDvCD_downregulated","Downregulated","TS_Blood_type i nk t cell","Adult","Lymphatic system","TS_Blood","type i nk t cell","T cell","CL:0000084","Blood","UBERON:0000178",1.65589683625578e-06,0.368685304414402,0.0583025830258303,0.104035574670261,0.982818129536154,NA
"JOB2770_IDvCD_downregulated","Downregulated","TS_Vasculature_smooth muscle cell","Adult","Cardiovascular system","TS_Vasculature","smooth muscle cell","Smooth muscle cell","CL:0000192","Vasculature","UBERON:0002049",4.72700219578614e-06,0.362468500286365,0.0601476014760148,0.105209590745809,0.977944668755194,NA
"JOB2770_IDvCD_downregulated","Downregulated","TS_Bladder_fibroblast","Adult","Urinary system","TS_Bladder","fibroblast","Fibroblast","CL:0000057","Bladder organ","UBERON:0018707",1.64735423856321e-06,0.40153967324999,0.0546125461254613,0.105696977855036,0.975937430096974,NA
"JOB2770_IDvCD_downregulated","Downregulated","TS_Liver_macrophage","Adult","Digestive system","TS_Liver","macrophage","Macrophage","CL:0000235","Liver","UBERON:0002107",5.96372642982097e-06,0.342871157472154,0.0642066420664207,0.106023423013021,0.974598178494156,NA
"JOB2770_IDvCD_downregulated","Downregulated","TS_Salivary_Gland_monocyte","Adult","Digestive system","TS_Salivary_Gland","monocyte","Monocyte","CL:0000576","Saliva-secreting gland","UBERON:0001044",5.34282401810073e-06,0.359957076102191,0.0619926199261993,0.107166493873762,0.969940977705756,NA
"JOB2770_IDvCD_downregulated","Downregulated","TS_Blood_nk cell","Adult","Lymphatic system","TS_Blood","nk cell","Natural killer cell","CL:0000623","Blood","UBERON:0000178",1.65589683625578e-06,0.387088691468923,0.0583025830258303,0.10812933078535,0.966056484858794,NA
"JOB2770_IDvCD_downregulated","Downregulated","TS_Thymus_memory b cell","Adult","Lymphatic system","TS_Thymus","memory b cell","B cell","CL:0000236","Thymus","UBERON:0002370",0.00020658503298576,0.214665011414483,0.105166051660517,0.108156630549243,0.9659468509574,NA
"JOB2770_IDvCD_downregulated","Downregulated","TS_Skin_stromal cell","Adult","Integumentary system","TS_Skin","stromal cell","Stromal cell","CL:0000499","Skin of body","UBERON:0002097",5.96043931868092e-06,0.360904006532289,0.0627306273062731,0.108400153395598,0.964970103232921,NA
"JOB2770_IDvCD_downregulated","Downregulated","MacParland_2018_liver_B cell","Adult","Digestive system","MacParland_2018_liver","B cell","B cell","CL:0000236","Liver","UBERON:0002107",0.0295873559101185,0.0940343087975984,0.244280442804428,0.109651619252281,0.959984950606267,NA
"JOB2770_IDvCD_downregulated","Downregulated","TS_Lymph_Node_non-classical monocyte","Adult","Lymphatic system","TS_Lymph_Node","non-classical monocyte","Monocyte","CL:0000576","Lymph node","UBERON:0000029",2.06769953823981e-05,0.284614350576969,0.0811808118081181,0.110158696637791,0.957981211153129,NA
"JOB2770_IDvCD_downregulated","Downregulated","FetalKidney_Fetal epithelial progenitor","Fetal","Urinary system","FetalKidney","Fetal epithelial progenitor","Epithelial fate stem cell","CL:0000036","Kidney","UBERON:0002113",0.0267541237417665,0.0962163658756513,0.240590405904059,0.110322590012327,0.957335550903473,NA
"JOB2770_IDvCD_downregulated","Downregulated","Lake_2017_FrontalCortex_In6a","Adult","Nervous system","Lake_2017_FrontalCortex","In6a","Inhibitory neuron","CL:0008029","Frontal cortex","UBERON:0001870",0.0111655229204968,0.114743265594968,0.203690036900369,0.111162518691455,0.954041621651698,NA
"JOB2770_IDvCD_downregulated","Downregulated","TS_Small_Intestine_goblet cell","Adult","Digestive system","TS_Small_Intestine","goblet cell","Goblet cell","CL:0000160","Small intestine","UBERON:0002108",2.06085304634801e-05,0.300794509665173,0.0793357933579336,0.113004354134448,0.946904822533098,NA
"JOB2770_IDvCD_downregulated","Downregulated","TS_Small_Intestine_enterocyte of epithelium of small intestine","Adult","Digestive system","TS_Small_Intestine","enterocyte of epithelium of small intestine","Enterocyte","CL:0000584","Small intestine","UBERON:0002108",5.98363515144138e-06,0.356663405040979,0.0671586715867159,0.1133376438288,0.945625820129205,NA
"JOB2770_IDvCD_downregulated","Downregulated","TS_Eye_eye photoreceptor cell","Adult","Sensory system","TS_Eye","eye photoreceptor cell","Photoreceptor cell","CL:0000210","Eye","UBERON:0000970",6.02127362937195e-06,0.333937074718617,0.0726937269372694,0.114537418455604,0.941052609620809,NA
"JOB2770_IDvCD_downregulated","Downregulated","TS_Bladder_pericyte cell","Adult","Urinary system","TS_Bladder","pericyte cell","Pericyte cell","CL:0000669","Bladder organ","UBERON:0018707",5.98394472123892e-06,0.355263594839964,0.0690036900369004,0.115426286572787,0.937695275985416,NA
"JOB2770_IDvCD_downregulated","Downregulated","TS_Eye_retinal bipolar neuron","Adult","Sensory system","TS_Eye","retinal bipolar neuron","Bipolar neuron","CL:0000103","Eye","UBERON:0000970",2.07217999280772e-05,0.292066281352961,0.0841328413284133,0.115640818020103,0.936888844877891,NA
"JOB2770_IDvCD_downregulated","Downregulated","TS_Small_Intestine_cd8-positive, alpha-beta t cell","Adult","Digestive system","TS_Small_Intestine","cd8-positive, alpha-beta t cell","T cell","CL:0000084","Small intestine","UBERON:0002108",5.98363515144138e-06,0.367820715760834,0.0671586715867159,0.116122214813674,0.935084689407846,NA
"JOB2770_IDvCD_downregulated","Downregulated","FetalSpinalCord_Fetal neuron","Fetal","Nervous system","FetalSpinalCord","Fetal neuron","Neuron","CL:0000540","Spinal cord","UBERON:0002240",0.0253214750722251,0.10420351819909,0.237638376383764,0.116345688414994,0.934249706337473,NA
"JOB2770_IDvCD_downregulated","Downregulated","TS_Thymus_vascular associated smooth muscle cell","Adult","Lymphatic system","TS_Thymus","vascular associated smooth muscle cell","Smooth muscle cell","CL:0000192","Thymus","UBERON:0002370",5.97567435392366e-06,0.380624862011295,0.0653136531365314,0.116705151280733,0.932909974088111,NA
"JOB2770_IDvCD_downregulated","Downregulated","AdultAscendingColon_Enterocyte progenitor","Adult","Digestive system","AdultAscendingColon","Enterocyte progenitor","Enterocyte","CL:0000584","Ascending colon","UBERON:0001156",0.0290459246843669,0.102186144674098,0.243542435424354,0.116803640830614,0.932543619826345,NA
"JOB2770_IDvCD_downregulated","Downregulated","TS_Prostate_hillock-club cell of prostate epithelium","Adult","Reproductive system","TS_Prostate","hillock-club cell of prostate epithelium","Club cell","CL:0000158","Prostate gland","UBERON:0002367",2.0545370499621e-05,0.326032264171708,0.0774907749077491,0.118196274171687,0.927396213236319,NA
"JOB2770_IDvCD_downregulated","Downregulated","TS_Lymph_Node_mast cell","Adult","Lymphatic system","TS_Lymph_Node","mast cell","Mast cell","CL:0000097","Lymph node","UBERON:0000029",0.00020734411261639,0.236979632854193,0.108118081180812,0.119508000594071,0.922603019422551,NA
"JOB2770_IDvCD_downregulated","Downregulated","Fetal_HCA_Lung_Bronchiolar and alveolar epithelial cells","Fetal","Respiratory system","Fetal_HCA_Lung","Bronchiolar and alveolar epithelial cells","Epithelial cell","CL:0000066","Lung","UBERON:0002048",0.0142103354004163,0.124006715454626,0.208487084870849,0.120357130254971,0.919528175944326,NA
"JOB2770_IDvCD_downregulated","Downregulated","TS_Muscle_skeletal muscle satellite stem cell","Adult","Muscular system","TS_Muscle","skeletal muscle satellite stem cell","Skeletal muscle satellite cell","CL:0000594","Muscle organ","UBERON:0001630",5.99651773463221e-06,0.381118912670477,0.0701107011070111,0.123510865602042,0.908294834603206,NA
"JOB2770_IDvCD_downregulated","Downregulated","TS_Lymph_Node_cd141-positive myeloid dendritic cell","Adult","Lymphatic system","TS_Lymph_Node","cd141-positive myeloid dendritic cell","Dendritic cell","CL:0000451","Lymph node","UBERON:0000029",6.00510830542991e-06,0.377454703614878,0.0708487084870849,0.123589331172231,0.908019018025617,NA
"JOB2770_IDvCD_downregulated","Downregulated","TS_Uterus_myometrial cell","Adult","Reproductive system","TS_Uterus","myometrial cell","Myometrial cell","CL:0002366","Uterus","UBERON:0000995",0.00054959321642162,0.230268778066974,0.116236162361624,0.12367399487003,0.907721610571005,NA
"JOB2770_IDvCD_downregulated","Downregulated","TS_Lung_respiratory goblet cell","Adult","Respiratory system","TS_Lung","respiratory goblet cell","Goblet cell","CL:0000160","Lung","UBERON:0002048",1.85236463108083e-05,0.360368784984842,0.0756457564575646,0.125460978582777,0.901491329333017,NA
"JOB2770_IDvCD_downregulated","Downregulated","Enge_2017_Pancreas_pancreatic A cell","Adult","Digestive system","Enge_2017_Pancreas","pancreatic A cell","Pancreatic A cell","CL:0000171","Pancreas","UBERON:0001264",0.00059137852011694,0.228333746318512,0.119557195571956,0.125599903718682,0.901010693516507,NA
"JOB2770_IDvCD_downregulated","Downregulated","TS_Lung_type i pneumocyte","Adult","Respiratory system","TS_Lung","type i pneumocyte","Pneumocyte","CL:0000322","Lung","UBERON:0002048",1.85236463108083e-05,0.36106869008535,0.0756457564575646,0.1256516515654,0.900831798666902,NA
"JOB2770_IDvCD_downregulated","Downregulated","TS_Thymus_vein endothelial cell","Adult","Lymphatic system","TS_Thymus","vein endothelial cell","Endothelial cell","CL:0000115","Thymus","UBERON:0002370",5.97567435392366e-06,0.418460908326966,0.0653136531365314,0.125716079644901,0.90060917056834,NA
"JOB2770_IDvCD_downregulated","Downregulated","Lake_2017_VisualCortex_In3","Adult","Nervous system","Lake_2017_VisualCortex","In3","Inhibitory neuron","CL:0008029","Visual cortex","UBERON:0000411",0.0134285496556684,0.132652601990307,0.206642066420664,0.126005369308126,0.89961094844428,NA
"JOB2770_IDvCD_downregulated","Downregulated","TS_Small_Intestine_monocyte","Adult","Digestive system","TS_Small_Intestine","monocyte","Monocyte","CL:0000576","Small intestine","UBERON:0002108",2.06085304634801e-05,0.352422803549668,0.0793357933579336,0.127971450613519,0.892886907101723,NA
"JOB2770_IDvCD_downregulated","Downregulated","TS_Small_Intestine_intestinal crypt stem cell","Adult","Digestive system","TS_Small_Intestine","intestinal crypt stem cell","Intestinal crypt stem cell","CL:0002250","Small intestine","UBERON:0002108",0.00020676462052724,0.26246441269032,0.106642066420664,0.128078760711396,0.892522883296799,NA
"JOB2770_IDvCD_downregulated","Downregulated","TS_Bladder_macrophage","Adult","Urinary system","TS_Bladder","macrophage","Macrophage","CL:0000235","Bladder organ","UBERON:0018707",5.98394472123892e-06,0.412202933310664,0.0690036900369004,0.129697767781232,0.887067498462071,NA
"JOB2770_IDvCD_downregulated","Downregulated","TS_Blood_cd8-positive, alpha-beta cytokine secreting effector t cell","Adult","Lymphatic system","TS_Blood","cd8-positive, alpha-beta cytokine secreting effector t cell","T cell","CL:0000084","Blood","UBERON:0000178",6.01193192116993e-06,0.410062047120876,0.0715867158671587,0.132928006351547,0.876383508729616,NA
"JOB2770_IDvCD_downregulated","Downregulated","Enge_2017_Pancreas_type B pancreatic cell","Adult","Digestive system","Enge_2017_Pancreas","type B pancreatic cell","Type B pancreatic cell","CL:0000169","Pancreas","UBERON:0001264",0.00414829827824946,0.186586465617652,0.158671586715867,0.133812450815046,0.873503474993494,NA
"JOB2770_IDvCD_downregulated","Downregulated","TS_Thymus_endothelial cell of lymphatic vessel","Adult","Lymphatic system","TS_Thymus","endothelial cell of lymphatic vessel","Endothelial cell","CL:0000115","Thymus","UBERON:0002370",2.05845163956928e-05,0.380460178458234,0.0782287822878229,0.134364520796666,0.871715392415844,NA
"JOB2770_IDvCD_downregulated","Downregulated","AdultEpityphlon_Enterocyte progenitor","Adult","Digestive system","AdultEpityphlon","Enterocyte progenitor","Enterocyte","CL:0000584","Caecum","UBERON:0001153",0.0322056209558414,0.119066208862809,0.250184501845018,0.134454423431518,0.871424905301608,NA
"JOB2770_IDvCD_downregulated","Downregulated","TS_Eye_conjunctival epithelial cell","Adult","Sensory system","TS_Eye","conjunctival epithelial cell","Epithelial cell","CL:0000066","Eye","UBERON:0000970",6.02127362937195e-06,0.409815021791285,0.0726937269372694,0.134463070863445,0.871396974564118,NA
"JOB2770_IDvCD_downregulated","Downregulated","TS_Liver_erythrocyte","Adult","Digestive system","TS_Liver","erythrocyte","Erythrocyte","CL:0000232","Liver","UBERON:0002107",0.00163571068664288,0.205483903331355,0.145387453874539,0.134757389368909,0.870447411119675,NA
"JOB2770_IDvCD_downregulated","Downregulated","FetalFemaleGonad_Fetal epithelial progenitor","Fetal","Reproductive system","FetalFemaleGonad","Fetal epithelial progenitor","Epithelial fate stem cell","CL:0000036","Immature gonad","UBERON:2005272",0.0296949933085309,0.125653550985232,0.245018450184502,0.137947689919693,0.8602855678454,NA
"JOB2770_IDvCD_downregulated","Downregulated","TS_Large_Intestine_enterocyte of epithelium of large intestine","Adult","Digestive system","TS_Large_Intestine","enterocyte of epithelium of large intestine","Enterocyte","CL:0000584","Large intestine","UBERON:0000059",6.70356192018222e-05,0.337354258444624,0.0918819188191882,0.138675543277684,0.858000124046292,NA
"JOB2770_IDvCD_downregulated","Downregulated","FetalAdrenalGland_Fetal enterocyte","Fetal","Endocrine system","FetalAdrenalGland","Fetal enterocyte","Enterocyte","CL:0000584","Adrenal gland","UBERON:0002369",0.038196886013934,0.120795386169945,0.257933579335793,0.139232441299878,0.856259561880553,NA
"JOB2770_IDvCD_downregulated","Downregulated","Fetal_HCA_Lung_Visceral neurons","Fetal","Respiratory system","Fetal_HCA_Lung","Visceral neurons","Neuron","CL:0000540","Lung","UBERON:0002048",0.0142103354004163,0.1500267168382,0.208487084870849,0.13965346773262,0.854948275871007,NA
"JOB2770_IDvCD_downregulated","Downregulated","TS_Salivary_Gland_macrophage","Adult","Digestive system","TS_Salivary_Gland","macrophage","Macrophage","CL:0000235","Saliva-secreting gland","UBERON:0001044",1.85516332678961e-05,0.408168186260679,0.0767527675276753,0.139824608399141,0.854416388308174,NA
"JOB2770_IDvCD_downregulated","Downregulated","CordBlood_Neutrophil","Neonatal","Reproductive system","CordBlood","Neutrophil","Neutrophil","CL:0000775","Umbilical cord blood","UBERON:0012168",0.0415765289827017,0.121659974823513,0.259040590405904,0.140471102992972,0.852413007441813,NA
"JOB2770_IDvCD_downregulated","Downregulated","TS_Tongue_basal cell","Adult","Digestive system","TS_Tongue","basal cell","Basal cell","CL:0000646","Tongue","UBERON:0001723",2.06912654000366e-05,0.385236001496991,0.0819188191881919,0.140620451535443,0.851951511869044,NA
"JOB2770_IDvCD_downregulated","Downregulated","Madissoon_2020_lung_Macrophage_Dividing","Adult","Respiratory system","Madissoon_2020_lung","Macrophage_Dividing","Macrophage","CL:0000235","Lung","UBERON:0002048",0.0178438288093904,0.150850134603503,0.211439114391144,0.141785167726944,0.848369198710498,NA
"JOB2770_IDvCD_downregulated","Downregulated","TS_Liver_intrahepatic cholangiocyte","Adult","Digestive system","TS_Liver","intrahepatic cholangiocyte","Intrahepatic cholangiocyte","CL:0002538","Liver","UBERON:0002107",0.00059939843901632,0.257976785869418,0.123985239852399,0.142094066042928,0.84742405816417,NA
"JOB2770_IDvCD_downregulated","Downregulated","FetalEyes_Fetal epithelial progenitor","Fetal","Sensory system","FetalEyes","Fetal epithelial progenitor","Epithelial fate stem cell","CL:0000036","Eye","UBERON:0000970",0.0464923684612212,0.115978392242922,0.276752767527675,0.142479521836338,0.846247551041924,NA
"JOB2770_IDvCD_downregulated","Downregulated","TS_Small_Intestine_intestinal tuft cell","Adult","Digestive system","TS_Small_Intestine","intestinal tuft cell","Intestinal tuft cell","CL:0019032","Small intestine","UBERON:0002108",0.00020676462052724,0.303182421184551,0.106642066420664,0.143285653794529,0.843797290340753,NA
"JOB2770_IDvCD_downregulated","Downregulated","TS_Muscle_tendon cell","Adult","Muscular system","TS_Muscle","tendon cell","Cell of skeletal muscle","CL:0000188","Muscle organ","UBERON:0001630",6.72572207835378e-05,0.34731761340479,0.0933579335793358,0.143604170152821,0.842832948338408,NA
"JOB2770_IDvCD_downregulated","Downregulated","TS_Blood_macrophage","Adult","Lymphatic system","TS_Blood","macrophage","Macrophage","CL:0000235","Blood","UBERON:0000178",2.06943634152842e-05,0.393799546256142,0.0826568265682657,0.144033787207164,0.841535619873906,NA
"JOB2770_IDvCD_downregulated","Downregulated","TS_Heart_hepatocyte","Adult","Cardiovascular system","TS_Heart","hepatocyte","Hepatocyte","CL:0000182","Heart","UBERON:0000948",6.04239869407963e-05,0.375890209860803,0.0870848708487085,0.144663905895875,0.839639813218405,NA
"JOB2770_IDvCD_downregulated","Downregulated","TS_Uterus_epithelial cell of uterus","Adult","Reproductive system","TS_Uterus","epithelial cell of uterus","Epithelial cell","CL:0000066","Uterus","UBERON:0000995",0.00389979072418713,0.211453682129801,0.157564575645756,0.146653096477081,0.833708762763808,NA
"JOB2770_IDvCD_downregulated","Downregulated","TS_Vasculature_pericyte cell","Adult","Cardiovascular system","TS_Vasculature","pericyte cell","Pericyte cell","CL:0000669","Vasculature","UBERON:0002049",5.488563128479e-05,0.38610059015056,0.0863468634686347,0.146724406725342,0.833497637864354,NA
"JOB2770_IDvCD_downregulated","Downregulated","van_Zyl_eye_2020_CiliaryMuscle","Adult","Sensory system","van_Zyl_eye_2020","CiliaryMuscle","Muscle cell","CL:0000187","Eye","UBERON:0000970",0.0314020452165154,0.133928899526527,0.249446494464945,0.146960773078285,0.832798572116305,NA
"JOB2770_IDvCD_downregulated","Downregulated","TS_Lung_basal cell","Adult","Respiratory system","TS_Lung","basal cell","Basal cell","CL:0000646","Lung","UBERON:0002048",6.08589874050167e-05,0.374902108542439,0.0892988929889299,0.147199471850796,0.832093748236947,NA
"JOB2770_IDvCD_downregulated","Downregulated","Fetal_HCA_Intestine_Smooth muscle cells","Fetal","Digestive system","Fetal_HCA_Intestine","Smooth muscle cells","Smooth muscle cell","CL:0000192","Intestine","UBERON:0000160",0.0282578164278857,0.138622380788754,0.242435424354244,0.147636170987665,0.830807226958447,NA
"JOB2770_IDvCD_downregulated","Downregulated","Voigt_2019_retina_2_RPE/Rod/melanocyte","Adult","Sensory system","Voigt_2019_retina_2","RPE/Rod/melanocyte","Retinal pigment epithelial cell","CL:0002586","Retina","UBERON:0000966",0.0380899066730466,0.133517190643876,0.254243542435424,0.148784389394443,0.827442633007219,NA
"JOB2770_IDvCD_downregulated","Downregulated","Madissoon_2020_lung_Macrophage_MARCOneg","Adult","Respiratory system","Madissoon_2020_lung","Macrophage_MARCOneg","Melanocyte","CL:0000148","Lung","UBERON:0002048",0.0178438288093904,0.162789692200396,0.211439114391144,0.150385388990403,0.822794356490968,NA
"JOB2770_IDvCD_downregulated","Downregulated","TS_Muscle_endothelial cell of artery","Adult","Muscular system","TS_Muscle","endothelial cell of artery","Endothelial cell","CL:0000115","Muscle organ","UBERON:0001630",2.06437269355315e-05,0.435176288962616,0.0804428044280443,0.152357052024125,0.81713743914867,NA
"JOB2770_IDvCD_downregulated","Downregulated","Lake_2017_FrontalCortex_In1b","Adult","Nervous system","Lake_2017_FrontalCortex","In1b","Inhibitory neuron","CL:0008029","Frontal cortex","UBERON:0001870",0.0254659494807443,0.149079786408102,0.239114391143911,0.154497724420718,0.811077912865705,NA
"JOB2770_IDvCD_downregulated","Downregulated","TS_Prostate_epithelial cell","Adult","Reproductive system","TS_Prostate","epithelial cell","Epithelial cell","CL:0000066","Prostate gland","UBERON:0002367",0.00020633945419886,0.345917803203775,0.103321033210332,0.154809214010014,0.810203194333885,NA
"JOB2770_IDvCD_downregulated","Downregulated","AdultTemporalLobe_Astrocyte","Adult","Nervous system","AdultTemporalLobe","Astrocyte","Astrocyte","CL:0000127","Temporal lobe","UBERON:0001871",0.0419728714771623,0.139281115000996,0.259778597785978,0.156277898926007,0.80610243626844,NA
"JOB2770_IDvCD_downregulated","Downregulated","Fetal_HCA_Placenta_Trophoblast giant cells","Fetal","Reproductive system","Fetal_HCA_Placenta","Trophoblast giant cells","Trophoblast cell","CL:0000351","Placenta","UBERON:0001987",0.0511140351495689,0.130141177806133,0.280073800738007,0.157162746712988,0.803650389685441,NA
"JOB2770_IDvCD_downregulated","Downregulated","TS_Eye_limbal stromal cell","Adult","Sensory system","TS_Eye","limbal stromal cell","Stromal cell","CL:0000499","Eye","UBERON:0000970",6.74890140193483e-05,0.38330096974853,0.0952029520295203,0.157302645833831,0.803263972472905,NA
"JOB2770_IDvCD_downregulated","Downregulated","TS_Uterus_fibroblast","Adult","Reproductive system","TS_Uterus","fibroblast","Fibroblast","CL:0000057","Uterus","UBERON:0000995",6.04836188916781e-05,0.433076573661094,0.0881918819188192,0.162899816178723,0.788079405762769,NA
"JOB2770_IDvCD_downregulated","Downregulated","TS_Lymph_Node_classical monocyte","Adult","Lymphatic system","TS_Lymph_Node","classical monocyte","Monocyte","CL:0000576","Lymph node","UBERON:0000029",6.73749899278928e-05,0.406191983623952,0.0944649446494465,0.163477538625775,0.78654190979878,NA
"JOB2770_IDvCD_downregulated","Downregulated","TS_Salivary_Gland_fibroblast","Adult","Digestive system","TS_Salivary_Gland","fibroblast","Fibroblast","CL:0000057","Saliva-secreting gland","UBERON:0001044",6.09524305267042e-05,0.428506605063662,0.0900369003690037,0.164163298841089,0.784723929386949,NA
"JOB2770_IDvCD_downregulated","Downregulated","Madissoon_2020_oesophagus_Muscle","Adult","Digestive system","Madissoon_2020_oesophagus","Muscle","Muscle cell","CL:0000187","Esophagus","UBERON:0001043",0.0381215131231493,0.151097159933094,0.256088560885609,0.16453045162544,0.7837537101823,NA
"JOB2770_IDvCD_downregulated","Downregulated","FetalAdrenalGland_Fasciculata cell","Fetal","Endocrine system","FetalAdrenalGland","Fasciculata cell","Type II cell of adrenal cortex","CL:0002136","Adrenal gland","UBERON:0002369",0.038196886013934,0.150232571279526,0.257933579335793,0.16471178102842,0.78327533675828,NA
"JOB2770_IDvCD_downregulated","Downregulated","FetalPancreas_Fetal acinar cell","Fetal","Digestive system","FetalPancreas","Fetal acinar cell","Acinar cell","CL:0000622","Pancreas","UBERON:0001264",0.0312784350869057,0.156284691854502,0.247970479704797,0.164724670091223,0.783241353579818,NA
"JOB2770_IDvCD_downregulated","Downregulated","TS_Lymph_Node_memory b cell","Adult","Lymphatic system","TS_Lymph_Node","memory b cell","B cell","CL:0000236","Lymph node","UBERON:0000029",0.00163990943649279,0.258264982087274,0.150553505535055,0.165142826027391,0.782140287757546,NA
"JOB2770_IDvCD_downregulated","Downregulated","FetalPancreas_Fetal endocrine cell","Fetal","Digestive system","FetalPancreas","Fetal endocrine cell","Endocrine cell","CL:0000163","Pancreas","UBERON:0001264",0.0312784350869057,0.158384407156025,0.247970479704797,0.166413628660436,0.778811109477684,NA
"JOB2770_IDvCD_downregulated","Downregulated","TS_Salivary_Gland_myoepithelial cell","Adult","Digestive system","TS_Salivary_Gland","myoepithelial cell","Epithelial cell","CL:0000066","Saliva-secreting gland","UBERON:0001044",0.00055293294227097,0.332948973400253,0.118081180811808,0.166544229631384,0.778470410001698,NA
"JOB2770_IDvCD_downregulated","Downregulated","TS_Mammary_endothelial cell of artery","Adult","Endocrine system","TS_Mammary","endothelial cell of artery","Endothelial cell","CL:0000115","Mammary gland","UBERON:0001911",0.00020620785694693,0.386059419262294,0.102583025830258,0.167475625575923,0.776048391302714,NA
"JOB2770_IDvCD_downregulated","Downregulated","Madissoon_2020_oesophagus_Epi_stratified","Adult","Digestive system","Madissoon_2020_oesophagus","Epi_stratified","Epithelial cell","CL:0000066","Esophagus","UBERON:0001043",0.0381215131231493,0.15690225517848,0.256088560885609,0.169336831525627,0.771248570605523,NA
"JOB2770_IDvCD_downregulated","Downregulated","TS_Mammary_plasma cell","Adult","Endocrine system","TS_Mammary","plasma cell","Plasma cell","CL:0000786","Mammary gland","UBERON:0001911",0.004179712211193,0.256494633891873,0.160516605166052,0.172509427661732,0.763187165694555,NA
"JOB2770_IDvCD_downregulated","Downregulated","TS_Blood_platelet","Adult","Lymphatic system","TS_Blood","platelet","Platelet","CL:0000233","Blood","UBERON:0000178",0.00020741532959635,0.379348564475075,0.109225092250923,0.17334671425028,0.761084385888152,NA
"JOB2770_IDvCD_downregulated","Downregulated","TS_Spleen_innate lymphoid cell","Adult","Lymphatic system","TS_Spleen","innate lymphoid cell","Innate lymphoid cell","CL:0001065","Spleen","UBERON:0002106",0.00060034036039873,0.32100941580336,0.129151291512915,0.173424383813552,0.760889839898055,NA
"JOB2770_IDvCD_downregulated","Downregulated","TS_Eye_radial glial cell","Adult","Sensory system","TS_Eye","radial glial cell","Glial cell","CL:0000125","Eye","UBERON:0000970",2.07217999280772e-05,0.493021386975149,0.0841328413284133,0.173489661566045,0.760726400173368,NA
"JOB2770_IDvCD_downregulated","Downregulated","TS_Large_Intestine_fibroblast","Adult","Digestive system","TS_Large_Intestine","fibroblast","Fibroblast","CL:0000057","Large intestine","UBERON:0000059",6.70356192018222e-05,0.453826701346728,0.0918819188191882,0.174186630897503,0.758985180845299,NA
"JOB2770_IDvCD_downregulated","Downregulated","Lake_2017_FrontalCortex_In4a","Adult","Nervous system","Lake_2017_FrontalCortex","In4a","Inhibitory neuron","CL:0008029","Frontal cortex","UBERON:0001870",0.0254659494807443,0.174770420685554,0.239114391143911,0.174477743569988,0.758259963897946,NA
"JOB2770_IDvCD_downregulated","Downregulated","Lake_2017_VisualCortex_Ex6a","Adult","Nervous system","Lake_2017_VisualCortex","Ex6a","Excitatory neuron","CL:0008030","Visual cortex","UBERON:0000411",0.0298822601906513,0.172011971171789,0.246125461254613,0.176209068568344,0.753971744460614,NA
"JOB2770_IDvCD_downregulated","Downregulated","TS_Pancreas_pancreatic stellate cell","Adult","Digestive system","TS_Pancreas","pancreatic stellate cell","Pancreatic stellate cell","CL:0002410","Pancreas","UBERON:0001264",6.09954050654733e-05,0.46679553115025,0.0907749077490775,0.176325403921095,0.753685112613083,NA
"JOB2770_IDvCD_downregulated","Downregulated","TS_Mammary_vascular associated smooth muscle cell","Adult","Endocrine system","TS_Mammary","vascular associated smooth muscle cell","Smooth muscle cell","CL:0000192","Mammary gland","UBERON:0001911",0.00059849139406846,0.350570113577737,0.121771217712177,0.177323268628776,0.751234271877794,NA
"JOB2770_IDvCD_downregulated","Downregulated","Madissoon_2020_oesophagus_Epi_basal","Adult","Digestive system","Madissoon_2020_oesophagus","Epi_basal","Basal cell","CL:0000646","Esophagus","UBERON:0001043",0.0381215131231493,0.166700926585585,0.256088560885609,0.177325951763936,0.751227700478635,NA
"JOB2770_IDvCD_downregulated","Downregulated","VentoTormo_2018_decidua_Hofbauer cell (HB)","Maternal-Fetal","Reproductive system","VentoTormo_2018_decidua","Hofbauer cell (HB)","Hofbauer cell","CL:3000001","Decidua","UBERON:0002450",0.00064521599157928,0.318868529613573,0.134686346863469,0.178135819153542,0.749248744789222,NA
"JOB2770_IDvCD_downregulated","Downregulated","Fetal_HCA_Intestine_ENS neurons","Fetal","Digestive system","Fetal_HCA_Intestine","ENS neurons","Enteric neuron","CL:0007011","Intestine","UBERON:0000160",0.0282578164278857,0.17794057908197,0.242435424354244,0.178739332470675,0.74777986833733,NA
"JOB2770_IDvCD_downregulated","Downregulated","TS_Eye_endothelial cell","Adult","Sensory system","TS_Eye","endothelial cell","Endothelial cell","CL:0000115","Eye","UBERON:0000970",0.00020760705114713,0.389723628317893,0.111439114391144,0.179654178152824,0.745562678110789,NA
"JOB2770_IDvCD_downregulated","Downregulated","TS_Lymph_Node_stromal cell","Adult","Lymphatic system","TS_Lymph_Node","stromal cell","Stromal cell","CL:0000499","Lymph node","UBERON:0000029",0.00020734411261639,0.40417461009896,0.108118081180812,0.180494358777347,0.743536367110981,NA
"JOB2770_IDvCD_downregulated","Downregulated","AdultPancreas_Fetal endocrine cell","Adult","Digestive system","AdultPancreas","Fetal endocrine cell","Endocrine cell","CL:0000163","Pancreas","UBERON:0001264",0.0715467868109338,0.146238995117806,0.302583025830258,0.182215317513384,0.739415117857391,NA
"JOB2770_IDvCD_downregulated","Downregulated","AdultPleura_Mesothelial cell","Adult","Respiratory system","AdultPleura","Mesothelial cell","Mesothelial cell","CL:0000077","Pleura","UBERON:0000977",0.0509746081690301,0.158796116038677,0.278966789667897,0.182369330621288,0.739048195952016,NA
"JOB2770_IDvCD_downregulated","Downregulated","TS_Trachea_plasma cell","Adult","Respiratory system","TS_Trachea","plasma cell","Plasma cell","CL:0000786","Trachea","UBERON:0003126",0.0223152196347376,0.204125264018605,0.220664206642066,0.184682934250378,0.733573233976732,NA
"JOB2770_IDvCD_downregulated","Downregulated","AdultSpleen_Endothelial cell (APC)","Adult","Lymphatic system","AdultSpleen","Endothelial cell (APC)","Endothelial cell","CL:0000115","Spleen","UBERON:0002106",0.0342394710401429,0.178763996847273,0.25239852398524,0.184920430885966,0.733015103276464,NA
"JOB2770_IDvCD_downregulated","Downregulated","Lake_2017_FrontalCortex_Ex1","Adult","Nervous system","Lake_2017_FrontalCortex","Ex1","Excitatory neuron","CL:0008030","Frontal cortex","UBERON:0001870",0.0111655229204968,0.222858018179247,0.203690036900369,0.185769156195798,0.731026391558386,NA
"JOB2770_IDvCD_downregulated","Downregulated","TS_Uterus_endothelial cell","Adult","Reproductive system","TS_Uterus","endothelial cell","Endothelial cell","CL:0000115","Uterus","UBERON:0000995",0.00018782379980157,0.457532081290592,0.0996309963099631,0.186357605046509,0.729652879473919,NA
"JOB2770_IDvCD_downregulated","Downregulated","AdultUterus_Endothelial cell (APC)","Adult","Reproductive system","AdultUterus","Endothelial cell (APC)","Endothelial cell","CL:0000115","Uterus","UBERON:0000995",0.0323113618944414,0.181892984355425,0.250922509225092,0.186532568136166,0.729245330466647,NA
"JOB2770_IDvCD_downregulated","Downregulated","TS_Muscle_pericyte cell","Adult","Muscular system","TS_Muscle","pericyte cell","Pericyte cell","CL:0000669","Muscle organ","UBERON:0001630",6.72572207835378e-05,0.489563032360877,0.0933579335793358,0.186728696406264,0.728788934685037,NA
"JOB2770_IDvCD_downregulated","Downregulated","VentoTormo_2018_decidua_decidual stromal cell (dS2)","Maternal-Fetal","Reproductive system","VentoTormo_2018_decidua","decidual stromal cell (dS2)","Stromal cell","CL:0000499","Decidua","UBERON:0002450",0.00064521599157928,0.34044207506451,0.134686346863469,0.187186063669874,0.727726488378761,NA
"JOB2770_IDvCD_downregulated","Downregulated","TS_Thymus_medullary thymic epithelial cell","Adult","Lymphatic system","TS_Thymus","medullary thymic epithelial cell","Epithelial cell","CL:0000066","Thymus","UBERON:0002370",0.00020658503298576,0.43760537137026,0.105166051660517,0.187704600490057,0.726525083036825,NA
"JOB2770_IDvCD_downregulated","Downregulated","FetalPancreas_Endothelial cell (APC)","Fetal","Digestive system","FetalPancreas","Endothelial cell (APC)","Endothelial cell","CL:0000115","Pancreas","UBERON:0001264",0.0312784350869057,0.185721876964083,0.247970479704797,0.187804072201262,0.726294995055193,NA
"JOB2770_IDvCD_downregulated","Downregulated","AdultProstate_Gastric endocrine cell","Adult","Reproductive system","AdultProstate","Gastric endocrine cell","Endocrine cell","CL:0000163","Prostate gland","UBERON:0002367",0.0684200414495327,0.153361558787677,0.300369003690037,0.187839515501604,0.726213040615887,NA
"JOB2770_IDvCD_downregulated","Downregulated","TS_Trachea_macrophage","Adult","Respiratory system","TS_Trachea","macrophage","Macrophage","CL:0000235","Trachea","UBERON:0003126",0.00020578786979117,0.455144169771213,0.101845018450184,0.188728397249254,0.724162748267643,NA
"JOB2770_IDvCD_downregulated","Downregulated","Madissoon_2020_spleen_Neutrophil","Adult","Lymphatic system","Madissoon_2020_spleen","Neutrophil","Neutrophil","CL:0000775","Spleen","UBERON:0002106",0.053373292876718,0.164724723948858,0.281918819188192,0.188988880404961,0.723563747788828,NA
"JOB2770_IDvCD_downregulated","Downregulated","TS_Large_Intestine_monocyte","Adult","Digestive system","TS_Large_Intestine","monocyte","Monocyte","CL:0000576","Large intestine","UBERON:0000059",0.00020638449059407,0.447856922548282,0.104059040590406,0.189493731316314,0.722405152449282,NA
"JOB2770_IDvCD_downregulated","Downregulated","TS_Fat_endothelial cell","Adult","Integumentary system","TS_Fat","endothelial cell","Endothelial cell","CL:0000115","Perirenal fat","UBERON:0005406",0.00018846928840806,0.470336227541053,0.100369003690037,0.191340575622444,0.718192923854765,NA
"JOB2770_IDvCD_downregulated","Downregulated","Fetal_HCA_Placenta_Extravillous trophoblasts","Fetal","Reproductive system","Fetal_HCA_Placenta","Extravillous trophoblasts","Trophoblast cell","CL:0000351","Placenta","UBERON:0001987",0.0511140351495689,0.169747572317206,0.280073800738007,0.192361207197356,0.71588250609654,NA
"JOB2770_IDvCD_downregulated","Downregulated","Segerstolpe_2016_PancreaticIslets_acinar cell","Adult","Digestive system","Segerstolpe_2016_PancreaticIslets","acinar cell","Acinar cell","CL:0000622","Pancreas","UBERON:0001264",0.00442975103134607,0.278932767996379,0.171217712177122,0.193019848413506,0.714398029783725,NA
"JOB2770_IDvCD_downregulated","Downregulated","Lake_2017_FrontalCortex_Ex3e","Adult","Nervous system","Lake_2017_FrontalCortex","Ex3e","Excitatory neuron","CL:0008030","Frontal cortex","UBERON:0001870",0.0111655229204968,0.235126942882261,0.203690036900369,0.193429621835472,0.71347701725097,NA
"JOB2770_IDvCD_downregulated","Downregulated","Lake_2017_FrontalCortex_In7","Adult","Nervous system","Lake_2017_FrontalCortex","In7","Inhibitory neuron","CL:0008029","Frontal cortex","UBERON:0001870",0.0254659494807443,0.201490327169635,0.239114391143911,0.194298533220319,0.71153047792171,NA
"JOB2770_IDvCD_downregulated","Downregulated","TS_Muscle_smooth muscle cell","Adult","Muscular system","TS_Muscle","smooth muscle cell","Smooth muscle cell","CL:0000192","Muscle organ","UBERON:0001630",0.00060021116191117,0.396887362876028,0.128044280442804,0.202233914298248,0.694146012159852,NA
"JOB2770_IDvCD_downregulated","Downregulated","TS_Eye_limbal stem cell","Adult","Sensory system","TS_Eye","limbal stem cell","Stem cell","CL:0000034","Eye","UBERON:0000970",0.00020760705114713,0.467001385591576,0.111439114391144,0.205863410376386,0.686420836887214,NA
"JOB2770_IDvCD_downregulated","Downregulated","TS_Pancreas_endothelial cell","Adult","Digestive system","TS_Pancreas","endothelial cell","Endothelial cell","CL:0000115","Pancreas","UBERON:0001264",0.00018919792490798,0.518259141481685,0.101107011070111,0.206918588281832,0.684200493260741,NA
"JOB2770_IDvCD_downregulated","Downregulated","Voigt_2019_retina_2_Artery","Adult","Sensory system","Voigt_2019_retina_2","Artery","Endothelial cell","CL:0000115","Retina","UBERON:0000966",0.0380899066730466,0.208036498403794,0.254243542435424,0.208368014994897,0.68116894553235,NA
"JOB2770_IDvCD_downregulated","Downregulated","TS_Blood_naive b cell","Adult","Lymphatic system","TS_Blood","naive b cell","B cell","CL:0000236","Blood","UBERON:0000178",0.00060144528903773,0.403968755657634,0.131365313653137,0.208883742188668,0.680095360654038,NA
"JOB2770_IDvCD_downregulated","Downregulated","TS_Bone_Marrow_hematopoietic stem cell","Adult","Lymphatic system","TS_Bone_Marrow","hematopoietic stem cell","Hematopoietic stem cell","CL:0000037","Bone marrow","UBERON:0002371",0.00059971611337892,0.42648923153867,0.125092250922509,0.209713976901823,0.678372623950234,NA
"JOB2770_IDvCD_downregulated","Downregulated","Fetal_HCA_Spleen_Vascular endothelial cells","Fetal","Lymphatic system","Fetal_HCA_Spleen","Vascular endothelial cells","Endothelial cell","CL:0000115","Spleen","UBERON:0002106",0.0622550863150724,0.181440104584508,0.294464944649447,0.209940337850811,0.677904108235551,NA
"JOB2770_IDvCD_downregulated","Downregulated","TS_Prostate_smooth muscle cell","Adult","Reproductive system","TS_Prostate","smooth muscle cell","Smooth muscle cell","CL:0000192","Prostate gland","UBERON:0002367",0.00059885528984004,0.43497043452129,0.122878228782288,0.210000815394544,0.677779018977207,NA
"JOB2770_IDvCD_downregulated","Downregulated","TS_Small_Intestine_gut endothelial cell","Adult","Digestive system","TS_Small_Intestine","gut endothelial cell","Endothelial cell","CL:0000115","Small intestine","UBERON:0002108",0.00059982981917487,0.422989706036132,0.126568265682657,0.210260480021242,0.6772423484339,NA
"JOB2770_IDvCD_downregulated","Downregulated","TS_Uterus_endothelial cell of lymphatic vessel","Adult","Reproductive system","TS_Uterus","endothelial cell of lymphatic vessel","Endothelial cell","CL:0000115","Uterus","UBERON:0000995",0.00054959321642162,0.461607999228841,0.116236162361624,0.210607152494137,0.676526883691899,NA
"JOB2770_IDvCD_downregulated","Downregulated","Lake_2017_VisualCortex_Ex5a","Adult","Nervous system","Lake_2017_VisualCortex","Ex5a","Excitatory neuron","CL:0008030","Visual cortex","UBERON:0000411",0.00560086242197177,0.306352579580968,0.175276752767528,0.210726902148045,0.676280017269737,NA
"JOB2770_IDvCD_downregulated","Downregulated","TS_Prostate_club cell of prostate epithelium","Adult","Reproductive system","TS_Prostate","club cell of prostate epithelium","Club cell","CL:0000158","Prostate gland","UBERON:0002367",0.00059885528984004,0.437234833375874,0.122878228782288,0.210815083689174,0.676098318845554,NA
"JOB2770_IDvCD_downregulated","Downregulated","TS_Tongue_epithelial cell","Adult","Digestive system","TS_Tongue","epithelial cell","Epithelial cell","CL:0000066","Tongue","UBERON:0001723",0.00020744278469102,0.489357177919551,0.109963099630996,0.211062345942463,0.675589239018382,NA
"JOB2770_IDvCD_downregulated","Downregulated","AdultMuscle_Smooth muscle cell","Adult","Muscular system","AdultMuscle","Smooth muscle cell","Smooth muscle cell","CL:0000192","Muscle organ","UBERON:0001630",0.0593606668074747,0.187286370718159,0.290036900369004,0.212546586018529,0.672545866397737,NA
"JOB2770_IDvCD_downregulated","Downregulated","Madissoon_2020_spleen_B_Hypermutation","Adult","Lymphatic system","Madissoon_2020_spleen","B_Hypermutation","B cell","CL:0000236","Spleen","UBERON:0002106",0.053373292876718,0.192720927969159,0.281918819188192,0.21258065944121,0.67247625006691,NA
"JOB2770_IDvCD_downregulated","Downregulated","TS_Muscle_fast muscle cell","Adult","Muscular system","TS_Muscle","fast muscle cell","Cell of skeletal muscle","CL:0000188","Muscle organ","UBERON:0001630",0.00163673975548294,0.36810891197869,0.14760147601476,0.2125857923619,0.672465763825005,NA
"JOB2770_IDvCD_downregulated","Downregulated","TS_Lung_bronchial vessel endothelial cell","Adult","Respiratory system","TS_Lung","bronchial vessel endothelial cell","Endothelial cell","CL:0000115","Lung","UBERON:0002048",0.0005520913423439,0.464489961407402,0.117343173431734,0.213084475100832,0.671448190941137,NA
"JOB2770_IDvCD_downregulated","Downregulated","TS_Lung_club cell","Adult","Respiratory system","TS_Lung","club cell","Club cell","CL:0000158","Lung","UBERON:0002048",0.00151759051720305,0.39025884986534,0.140221402214022,0.213718062720589,0.670158771198711,NA
"JOB2770_IDvCD_downregulated","Downregulated","TS_Blood_naive thymus-derived cd4-positive, alpha-beta t cell","Adult","Lymphatic system","TS_Blood","naive thymus-derived cd4-positive, alpha-beta t cell","T cell","CL:0000084","Blood","UBERON:0000178",0.00060144528903773,0.422125117382564,0.131365313653137,0.215834084544846,0.665879970399823,NA
"JOB2770_IDvCD_downregulated","Downregulated","AdultCervix_Basal cell","Adult","Reproductive system","AdultCervix","Basal cell","Basal cell","CL:0000646","Uterine cervix","UBERON:0000002",0.064130794862273,0.188850864472235,0.297416974169742,0.217897017037918,0.661748715108675,NA
"JOB2770_IDvCD_downregulated","Downregulated","AdultAdrenalGland_B cell (Plasmocyte)","Adult","Endocrine system","AdultAdrenalGland","B cell (Plasmocyte)","B cell","CL:0000236","Adrenal gland","UBERON:0002369",0.108015981301116,0.167936053233539,0.33690036900369,0.219076848461541,0.659403515258347,NA
"JOB2770_IDvCD_downregulated","Downregulated","TS_Prostate_hillock cell of prostate epithelium","Adult","Reproductive system","TS_Prostate","hillock cell of prostate epithelium","Epithelial cell","CL:0000066","Prostate gland","UBERON:0002367",0.00163411164794538,0.393634862703082,0.143911439114391,0.219280270188671,0.659000442347359,NA
"JOB2770_IDvCD_downregulated","Downregulated","Lake_2017_FrontalCortex_In3","Adult","Nervous system","Lake_2017_FrontalCortex","In3","Inhibitory neuron","CL:0008029","Frontal cortex","UBERON:0001870",0.0536864233535465,0.201902036052287,0.284870848708487,0.221763999810686,0.65410895391513,NA
"JOB2770_IDvCD_downregulated","Downregulated","Fetal_HCA_Stomach_PDE1C_ACSM3 positive cells","Fetal","Digestive system","Fetal_HCA_Stomach","PDE1C_ACSM3 positive cells","Epithelial cell","CL:0000066","Stomach","UBERON:0000945",0.0712895017096002,0.190991750662022,0.301476014760148,0.221945094186633,0.653754450058399,NA
"JOB2770_IDvCD_downregulated","Downregulated","AdultKidney_Intercalated cell","Adult","Urinary system","AdultKidney","Intercalated cell","Renal intercalated cell","CL:0005010","Kidney","UBERON:0002113",0.0641865609944562,0.193873712840583,0.298523985239852,0.222790779389889,0.65210278720996,NA
"JOB2770_IDvCD_downregulated","Downregulated","TS_Blood_hematopoietic stem cell","Adult","Lymphatic system","TS_Blood","hematopoietic stem cell","Hematopoietic stem cell","CL:0000037","Blood","UBERON:0000178",0.00060144528903773,0.442010656414631,0.131365313653137,0.223328776234532,0.651055313853411,NA
"JOB2770_IDvCD_downregulated","Downregulated","TS_Small_Intestine_fibroblast","Adult","Digestive system","TS_Small_Intestine","fibroblast","Fibroblast","CL:0000057","Small intestine","UBERON:0002108",0.00059982981917487,0.462266733441084,0.126568265682657,0.224589175963079,0.648611178318472,NA
"JOB2770_IDvCD_downregulated","Downregulated","FetalStomach_Fetal neuron","Fetal","Digestive system","FetalStomach","Fetal neuron","Neuron","CL:0000540","Stomach","UBERON:0000945",0.0560868664978587,0.2042487766834,0.287084870848708,0.224953608810159,0.64790703528896,NA
"JOB2770_IDvCD_downregulated","Downregulated","TS_Eye_retinal blood vessel endothelial cell","Adult","Sensory system","TS_Eye","retinal blood vessel endothelial cell","Endothelial cell","CL:0000115","Eye","UBERON:0000970",0.00020760705114713,0.528469521771442,0.111439114391144,0.225677586828634,0.646511570740546,NA
"JOB2770_IDvCD_downregulated","Downregulated","TS_Trachea_connective tissue cell","Adult","Respiratory system","TS_Trachea","connective tissue cell","Connective tissue cell","CL:0002320","Trachea","UBERON:0003126",0.00163048347202816,0.415620117036671,0.14169741697417,0.225677931028929,0.64651090836119,NA
"JOB2770_IDvCD_downregulated","Downregulated","VentoTormo_2018_decidua_decidual perivascular cell (dP1)","Maternal-Fetal","Reproductive system","VentoTormo_2018_decidua","decidual perivascular cell (dP1)","Pericyte cell","CL:0000669","Decidua","UBERON:0002450",0.00444833142885482,0.343365208131336,0.171955719557196,0.226106266016715,0.645687402012114,NA
"JOB2770_IDvCD_downregulated","Downregulated","Fetal_HCA_Stomach_Neuroendocrine cells","Fetal","Digestive system","Fetal_HCA_Stomach","Neuroendocrine cells","Epithelial cell","CL:0000066","Stomach","UBERON:0000945",0.0712895017096002,0.196096940806901,0.301476014760148,0.226318182662883,0.645280552925803,NA
"JOB2770_IDvCD_downregulated","Downregulated","Fetal_HCA_Intestine_Chromaffin cells","Fetal","Digestive system","Fetal_HCA_Intestine","Chromaffin cells","Neuron","CL:0000540","Intestine","UBERON:0000160",0.0587173084683408,0.204783998230847,0.28929889298893,0.226672311108814,0.644601527368323,NA
"JOB2770_IDvCD_downregulated","Downregulated","TS_Fat_myofibroblast cell","Adult","Integumentary system","TS_Fat","myofibroblast cell","Myofibroblast cell","CL:0000186","Perirenal fat","UBERON:0005406",0.00151555750938233,0.434394042085578,0.139483394833948,0.230463782611997,0.637397314298633,NA
"JOB2770_IDvCD_downregulated","Downregulated","van_Zyl_eye_2020_BeamCellb","Adult","Sensory system","van_Zyl_eye_2020","BeamCellb","Beam B cell",NA,"Eye","UBERON:0000970",0.0642390763783028,0.202354915823203,0.299630996309963,0.230578855200618,0.637180521372359,NA
"JOB2770_IDvCD_downregulated","Downregulated","FetalPancreas_Fetal epithelial progenitor","Fetal","Digestive system","FetalPancreas","Fetal epithelial progenitor","Epithelial fate stem cell","CL:0000036","Pancreas","UBERON:0001264",0.0640242520752786,0.205648586884415,0.295940959409594,0.231217594548166,0.635979121270354,NA
"JOB2770_IDvCD_downregulated","Downregulated","TS_Bone_Marrow_cd24 neutrophil","Adult","Lymphatic system","TS_Bone_Marrow","cd24 neutrophil","Neutrophil","CL:0000775","Bone marrow","UBERON:0002371",0.00059971611337892,0.489974741243528,0.125092250922509,0.232425878738583,0.633715518417436,NA
"JOB2770_IDvCD_downregulated","Downregulated","TS_Lymph_Node_b cell","Adult","Lymphatic system","TS_Lymph_Node","b cell","B cell","CL:0000236","Lymph node","UBERON:0000029",0.00060135938042058,0.474659170808893,0.129889298892989,0.233433056440891,0.631837643520598,NA
"JOB2770_IDvCD_downregulated","Downregulated","AdultKidney_Loop of Henle","Adult","Urinary system","AdultKidney","Loop of Henle","Kidney loop of Henle epithelial cell","CL:1000909","Kidney","UBERON:0002113",0.0641865609944562,0.206554346426248,0.298523985239852,0.23345612519305,0.63179472699064,NA
"JOB2770_IDvCD_downregulated","Downregulated","FetalKidney_Proximal tubule progenitor","Fetal","Urinary system","FetalKidney","Proximal tubule progenitor","Epithelial cell of proximal tubule","CL:0002306","Kidney","UBERON:0002113",0.0560409120226338,0.215488429179786,0.286346863468635,0.23357593783655,0.631571898730249,NA
"JOB2770_IDvCD_downregulated","Downregulated","TS_Spleen_neutrophil","Adult","Lymphatic system","TS_Spleen","neutrophil","Neutrophil","CL:0000775","Spleen","UBERON:0002106",0.00163721532519964,0.417102269014216,0.148339483394834,0.23404448930219,0.63070158010298,NA
"JOB2770_IDvCD_downregulated","Downregulated","FetalSpinalCord_Macrophage","Fetal","Nervous system","FetalSpinalCord","Macrophage","Microglial cell","CL:0000129","Spinal cord","UBERON:0002240",0.0534935345128016,0.218329220470081,0.283394833948339,0.234046264848572,0.630698285400022,NA
"JOB2770_IDvCD_downregulated","Downregulated","CordBlood_CB CD34+","Neonatal","Reproductive system","CordBlood","CB CD34+","Hematopoietic stem cell","CL:0000037","Umbilical cord blood","UBERON:0012168",0.0875205837311584,0.19737323834312,0.315129151291513,0.234948912200049,0.629026561394848,NA
"JOB2770_IDvCD_downregulated","Downregulated","Madissoon_2020_oesophagus_Epi_upper","Adult","Digestive system","Madissoon_2020_oesophagus","Epi_upper","Basal cell","CL:0000646","Esophagus","UBERON:0001043",0.0757412844465686,0.203631213359423,0.308118081180812,0.236458563794217,0.626244952567469,NA
"JOB2770_IDvCD_downregulated","Downregulated","TS_Trachea_serous cell of epithelium of trachea","Adult","Respiratory system","TS_Trachea","serous cell of epithelium of trachea","Serous cell of epithelium of trachea","CL:1000330","Trachea","UBERON:0003126",0.0223152196347376,0.285725964560128,0.220664206642066,0.237307905534769,0.624687793712968,NA
"JOB2770_IDvCD_downregulated","Downregulated","VentoTormo_2018_decidua_decidual perivascular cell (dP2)","Maternal-Fetal","Reproductive system","VentoTormo_2018_decidua","decidual perivascular cell (dP2)","Pericyte cell","CL:0000669","Decidua","UBERON:0002450",0.010580139035558,0.314545586345732,0.201476014760148,0.238202275455338,0.623054094184152,NA
"JOB2770_IDvCD_downregulated","Downregulated","TS_Muscle_slow muscle cell","Adult","Muscular system","TS_Muscle","slow muscle cell","Cell of skeletal muscle","CL:0000188","Muscle organ","UBERON:0001630",0.00418631830457283,0.387253375021984,0.166051660516605,0.240762937819172,0.618410365999885,NA
"JOB2770_IDvCD_downregulated","Downregulated","TS_Tongue_pericyte cell","Adult","Digestive system","TS_Tongue","pericyte cell","Pericyte cell","CL:0000669","Tongue","UBERON:0001723",0.00419532531149882,0.380130811352113,0.169372693726937,0.240981632897622,0.618016057156203,NA
"JOB2770_IDvCD_downregulated","Downregulated","Lake_2017_FrontalCortex_In1a","Adult","Nervous system","Lake_2017_FrontalCortex","In1a","Excitatory neuron","CL:0008030","Frontal cortex","UBERON:0001870",0.0536864233535465,0.22639871457005,0.284870848708487,0.241284941671679,0.617469781087325,NA
"JOB2770_IDvCD_downregulated","Downregulated","VentoTormo_2018_decidua_innate lymphoid cell (ILC3)","Maternal-Fetal","Reproductive system","VentoTormo_2018_decidua","innate lymphoid cell (ILC3)","Innate lymphoid cell","CL:0001065","Decidua","UBERON:0002450",0.0484266543006389,0.232203809815436,0.277859778597786,0.241355399103646,0.617342981598991,NA
"JOB2770_IDvCD_downregulated","Downregulated","TS_Eye_ocular surface cell","Adult","Sensory system","TS_Eye","ocular surface cell","Epithelial cell","CL:0000066","Eye","UBERON:0000970",0.00060189685329251,0.49030410834965,0.133210332103321,0.243525276127439,0.613455955545978,NA
"JOB2770_IDvCD_downregulated","Downregulated","TS_Vasculature_plasma cell","Adult","Cardiovascular system","TS_Vasculature","plasma cell","Plasma cell","CL:0000786","Vasculature","UBERON:0002049",0.0423224311218122,0.25287159572454,0.260885608856089,0.245314608571351,0.610276588634152,NA
"JOB2770_IDvCD_downregulated","Downregulated","TS_Large_Intestine_mast cell","Adult","Digestive system","TS_Large_Intestine","mast cell","Mast cell","CL:0000097","Large intestine","UBERON:0000059",0.001633633706934,0.461237461234455,0.143173431734317,0.245495059372892,0.609957243698573,NA
"JOB2770_IDvCD_downregulated","Downregulated","TS_Muscle_endothelial cell of vascular tree","Adult","Muscular system","TS_Muscle","endothelial cell of vascular tree","Endothelial cell","CL:0000115","Muscle organ","UBERON:0001630",0.00060021116191117,0.519082559246988,0.128044280442804,0.246658416607363,0.607904060725782,NA
"JOB2770_IDvCD_downregulated","Downregulated","Lake_2017_FrontalCortex_In1c","Adult","Nervous system","Lake_2017_FrontalCortex","In1c","Inhibitory neuron","CL:0008029","Frontal cortex","UBERON:0001870",0.0536864233535465,0.234509379558284,0.284870848708487,0.247577508407173,0.606288812068457,NA
"JOB2770_IDvCD_downregulated","Downregulated","Madissoon_2020_spleen_Macrophage","Adult","Lymphatic system","Madissoon_2020_spleen","Macrophage","Macrophage","CL:0000235","Spleen","UBERON:0002106",0.053373292876718,0.240026278585814,0.281918819188192,0.24990732313481,0.602221017381195,NA
"JOB2770_IDvCD_downregulated","Downregulated","Fetal_HCA_Kidney_Metanephric cells","Fetal","Urinary system","Fetal_HCA_Kidney","Metanephric cells","Epithelial cell","CL:0000066","Kidney","UBERON:0002113",0.0365288774610082,0.267569602835198,0.253136531365314,0.250078889788792,0.601922967346608,NA
"JOB2770_IDvCD_downregulated","Downregulated","TS_Mammary_fibroblast of breast","Adult","Endocrine system","TS_Mammary","fibroblast of breast","Fibroblast","CL:0000057","Mammary gland","UBERON:0001911",0.00163317413000641,0.480176069836423,0.142435424354244,0.251859086011776,0.598842377013543,NA
"JOB2770_IDvCD_downregulated","Downregulated","FetalBrain_Fetal neuron","Fetal","Nervous system","FetalBrain","Fetal neuron","Neuron","CL:0000540","Brain","UBERON:0000955",0.064043380292516,0.232492006033292,0.296678966789668,0.253416224965226,0.596165582872906,NA
"JOB2770_IDvCD_downregulated","Downregulated","TS_Salivary_Gland_salivary gland cell","Adult","Digestive system","TS_Salivary_Gland","salivary gland cell","Salivary gland cell","CL:0009005","Saliva-secreting gland","UBERON:0001044",0.00151985094293639,0.498414773337884,0.140959409594096,0.256829175308369,0.590355642769373,NA
"JOB2770_IDvCD_downregulated","Downregulated","TS_Eye_corneal keratocyte","Adult","Sensory system","TS_Eye","corneal keratocyte","Fibroblast","CL:0000057","Eye","UBERON:0000970",0.00060189685329251,0.530816262402555,0.133210332103321,0.258033246525526,0.588324333368749,NA
"JOB2770_IDvCD_downregulated","Downregulated","Fetal_HCA_Kidney_Erythroblasts","Fetal","Urinary system","Fetal_HCA_Kidney","Erythroblasts","Erythroblast","CL:0000765","Kidney","UBERON:0002113",0.0730322249126024,0.231627417379724,0.306273062730627,0.258644900704599,0.587296079472896,NA
"JOB2770_IDvCD_downregulated","Downregulated","TS_Lymph_Node_regulatory t cell","Adult","Lymphatic system","TS_Lymph_Node","regulatory t cell","T cell","CL:0000084","Lymph node","UBERON:0000029",0.00163990943649279,0.475359075909401,0.150553505535055,0.260297788060041,0.584529522391725,NA
"JOB2770_IDvCD_downregulated","Downregulated","ChorionicVillus_Epithelial cell","Adult","Reproductive system","ChorionicVillus","Epithelial cell","Epithelial cell","CL:0000066","Chorionic villus","UBERON:0007106",0.0640023497019493,0.244184538300594,0.29520295202952,0.261659372943076,0.582263703712204,NA
"JOB2770_IDvCD_downregulated","Downregulated","AdultTransverseColon_Enterocyte","Adult","Digestive system","AdultTransverseColon","Enterocyte","Enterocyte","CL:0000584","Transverse colon","UBERON:0001157",0.0585016646081112,0.250524855093427,0.288191881918819,0.261962334594114,0.581761147817128,NA
"JOB2770_IDvCD_downregulated","Downregulated","TS_Bone_Marrow_macrophage","Adult","Lymphatic system","TS_Bone_Marrow","macrophage","Macrophage","CL:0000235","Bone marrow","UBERON:0002371",0.00163564984624839,0.503437621706232,0.144649446494465,0.263596430429092,0.579060475168485,NA
"JOB2770_IDvCD_downregulated","Downregulated","TS_Lymph_Node_endothelial cell","Adult","Lymphatic system","TS_Lymph_Node","endothelial cell","Endothelial cell","CL:0000115","Lymph node","UBERON:0000029",0.00163990943649279,0.484293158662938,0.150553505535055,0.263832306804234,0.578672025288024,NA
"JOB2770_IDvCD_downregulated","Downregulated","AdultBladder_Epithelial cell (intermediated)","Adult","Urinary system","AdultBladder","Epithelial cell (intermediated)","Epithelial cell","CL:0000066","Bladder organ","UBERON:0018707",0.0997534690122237,0.221211182648641,0.330627306273063,0.264424849012793,0.577697734957774,NA
"JOB2770_IDvCD_downregulated","Downregulated","TS_Liver_plasma cell","Adult","Digestive system","TS_Liver","plasma cell","Plasma cell","CL:0000786","Liver","UBERON:0002107",0.0464505965894882,0.266828526846425,0.274169741697417,0.264471533955277,0.577621065827054,NA
"JOB2770_IDvCD_downregulated","Downregulated","TS_Lymph_Node_mature nk t cell","Adult","Lymphatic system","TS_Lymph_Node","mature nk t cell","Natural killer cell","CL:0000623","Lymph node","UBERON:0000029",0.00419436776154874,0.437317175152404,0.168265682656827,0.265592610698634,0.575784012050444,NA
"JOB2770_IDvCD_downregulated","Downregulated","TS_Blood_cd4-positive, alpha-beta memory t cell","Adult","Lymphatic system","TS_Blood","cd4-positive, alpha-beta memory t cell","T cell","CL:0000084","Blood","UBERON:0000178",0.00163986616369521,0.493844804740452,0.149077490774908,0.265685679471805,0.575631853545995,NA
"JOB2770_IDvCD_downregulated","Downregulated","NeonatalAdrenalGland_Adrenal gland inflammatory cell","Neonatal","Endocrine system","NeonatalAdrenalGland","Adrenal gland inflammatory cell","Inflammatory cell","CL:0009002","Adrenal gland","UBERON:0002369",0.0963328383978529,0.223516752391489,0.329889298892989,0.265984666811473,0.575143398373077,NA
"JOB2770_IDvCD_downregulated","Downregulated","Lake_2017_VisualCortex_In7","Adult","Nervous system","Lake_2017_VisualCortex","In7","Inhibitory neuron","CL:0008029","Visual cortex","UBERON:0000411",0.0615128393552755,0.253077450165866,0.292250922509225,0.266574431780073,0.57418150784538,NA
"JOB2770_IDvCD_downregulated","Downregulated","Madissoon_2020_oesophagus_Glands_duct","Adult","Digestive system","Madissoon_2020_oesophagus","Glands_duct","Salivary gland cell","CL:0009005","Esophagus","UBERON:0001043",0.0757412844465686,0.240561500133261,0.308118081180812,0.266988926452997,0.573506750920403,NA
"JOB2770_IDvCD_downregulated","Downregulated","TS_Uterus_pericyte cell","Adult","Reproductive system","TS_Uterus","pericyte cell","Pericyte cell","CL:0000669","Uterus","UBERON:0000995",0.00940802038467905,0.406068470959156,0.182656826568266,0.267118571107744,0.573295917110626,NA
"JOB2770_IDvCD_downregulated","Downregulated","Lake_2017_VisualCortex_In4b","Adult","Nervous system","Lake_2017_VisualCortex","In4b","Inhibitory neuron","CL:0008029","Visual cortex","UBERON:0000411",0.0298822601906513,0.301617927430475,0.246125461254613,0.267286782561078,0.573022516749319,NA
"JOB2770_IDvCD_downregulated","Downregulated","AdultTransverseColon_Epithelial cell","Adult","Digestive system","AdultTransverseColon","Epithelial cell","Epithelial cell","CL:0000066","Transverse colon","UBERON:0001157",0.0585016646081112,0.261146944265835,0.288191881918819,0.269944167304957,0.568726051910605,NA
"JOB2770_IDvCD_downregulated","Downregulated","TS_Trachea_endothelial cell","Adult","Respiratory system","TS_Trachea","endothelial cell","Endothelial cell","CL:0000115","Trachea","UBERON:0003126",0.00417359986288,0.472929993501757,0.159409594095941,0.270278139226091,0.568189079707927,NA
"JOB2770_IDvCD_downregulated","Downregulated","FetalKidney_Intermediated cell","Fetal","Urinary system","FetalKidney","Intermediated cell","Kidney cell","CL:1000497","Kidney","UBERON:0002113",0.108124043867015,0.225287100586891,0.338007380073801,0.27223673190851,0.565053277409968,NA
"JOB2770_IDvCD_downregulated","Downregulated","TS_Bladder_nk cell","Adult","Urinary system","TS_Bladder","nk cell","Natural killer cell","CL:0000623","Bladder organ","UBERON:0018707",0.00163574861629216,0.520729394777594,0.146494464944649,0.27258494487131,0.564498134340931,NA
"JOB2770_IDvCD_downregulated","Downregulated","TS_Uterus_macrophage","Adult","Reproductive system","TS_Uterus","macrophage","Macrophage","CL:0000235","Uterus","UBERON:0000995",0.00389979072418713,0.48495189287518,0.157564575645756,0.272912329190802,0.563976844034825,NA
"JOB2770_IDvCD_downregulated","Downregulated","FetalSkin_Epithelial cell","Fetal","Integumentary system","FetalSkin","Epithelial cell","Epithelial cell","CL:0000066","Skin of body","UBERON:0002097",0.100097642020044,0.231339221161868,0.331365313653137,0.273545977346092,0.562969667394427,NA
"JOB2770_IDvCD_downregulated","Downregulated","TS_Bladder_capillary endothelial cell","Adult","Urinary system","TS_Bladder","capillary endothelial cell","Capillary endothelial cell","CL:0002144","Bladder organ","UBERON:0018707",0.00163574861629216,0.527193224235222,0.146494464944649,0.275015781781515,0.560642383464406,NA
"JOB2770_IDvCD_downregulated","Downregulated","AdultEsophagus_Smooth muscle cell","Adult","Digestive system","AdultEsophagus","Smooth muscle cell","Smooth muscle cell","CL:0000192","Esophagus","UBERON:0001043",0.0925136989399791,0.241220234345503,0.327675276752768,0.279632648551434,0.553412123849257,NA
"JOB2770_IDvCD_downregulated","Downregulated","FetalFemaleGonad_Erythroid progenitor cell (RP high)","Fetal","Reproductive system","FetalFemaleGonad","Erythroid progenitor cell (RP high)","Erythroid progenitor cell","CL:0000038","Immature gonad","UBERON:2005272",0.116492773124745,0.234344696005223,0.340959409594096,0.281810783853447,0.550042392069682,NA
"JOB2770_IDvCD_downregulated","Downregulated","TS_Spleen_erythrocyte","Adult","Lymphatic system","TS_Spleen","erythrocyte","Erythrocyte","CL:0000232","Spleen","UBERON:0002106",0.010020053073363,0.418749104544822,0.191143911439114,0.282162698917473,0.549500399245869,NA
"JOB2770_IDvCD_downregulated","Downregulated","Lake_2017_VisualCortex_Ex3c","Adult","Nervous system","Lake_2017_VisualCortex","Ex3c","Excitatory neuron","CL:0008030","Visual cortex","UBERON:0000411",0.0615128393552755,0.275556755158637,0.292250922509225,0.283399498511387,0.547600922592193,NA
"JOB2770_IDvCD_downregulated","Downregulated","TS_Lung_bronchial smooth muscle cell","Adult","Respiratory system","TS_Lung","bronchial smooth muscle cell","Smooth muscle cell","CL:0000192","Lung","UBERON:0002048",0.0212085925548371,0.372390684358265,0.216605166051661,0.283726953018117,0.547099405864249,NA
"JOB2770_IDvCD_downregulated","Downregulated","TS_Prostate_macrophage","Adult","Reproductive system","TS_Prostate","macrophage","Macrophage","CL:0000235","Prostate gland","UBERON:0002367",0.00418195417898979,0.494668222505755,0.163468634686347,0.284232700680199,0.546325958400151,NA
"JOB2770_IDvCD_downregulated","Downregulated","AdultLiver_Neutrophil","Adult","Digestive system","AdultLiver","Neutrophil","Neutrophil","CL:0000775","Liver","UBERON:0002107",0.0924084399168289,0.247601722026601,0.326937269372694,0.284452695770489,0.545989946049136,NA
"JOB2770_IDvCD_downregulated","Downregulated","TS_Thymus_capillary endothelial cell","Adult","Lymphatic system","TS_Thymus","capillary endothelial cell","Capillary endothelial cell","CL:0002144","Thymus","UBERON:0002370",0.00418362064655547,0.492197969209846,0.164944649446494,0.285043604967029,0.545088698068675,NA
"JOB2770_IDvCD_downregulated","Downregulated","FetalEyes_Fetal mesenchymal progenitor","Fetal","Sensory system","FetalEyes","Fetal mesenchymal progenitor","Mesenchymal stem cell","CL:0000134","Eye","UBERON:0000970",0.0925191660369098,0.249948462657715,0.328413284132841,0.287300987325451,0.541662881528907,NA
"JOB2770_IDvCD_downregulated","Downregulated","TS_Eye_fibroblast","Adult","Sensory system","TS_Eye","fibroblast","Fibroblast","CL:0000057","Eye","UBERON:0000970",0.00419559635089881,0.482893348461923,0.170479704797048,0.28789344116182,0.540768229181231,NA
"JOB2770_IDvCD_downregulated","Downregulated","TS_Heart_smooth muscle cell","Adult","Cardiovascular system","TS_Heart","smooth muscle cell","Smooth muscle cell","CL:0000192","Heart","UBERON:0000948",0.085844282042427,0.271192641002531,0.309963099630996,0.29221071307897,0.534303865931523,NA
"JOB2770_IDvCD_downregulated","Downregulated","TS_Tongue_endothelial cell of lymphatic vessel","Adult","Digestive system","TS_Tongue","endothelial cell of lymphatic vessel","Endothelial cell","CL:0000115","Tongue","UBERON:0001723",0.00419532531149882,0.497714868237376,0.169372693726937,0.292803667075635,0.533423488471774,NA
"JOB2770_IDvCD_downregulated","Downregulated","Fetal_HCA_Adrenal_Erythroblasts","Fetal","Endocrine system","Fetal_HCA_Adrenal","Erythroblasts","Erythroblast","CL:0000765","Adrenal gland","UBERON:0002369",0.0757339914568157,0.275556755158637,0.307011070110701,0.293544324289262,0.532326312335148,NA
"JOB2770_IDvCD_downregulated","Downregulated","TS_Prostate_myeloid cell","Adult","Reproductive system","TS_Prostate","myeloid cell","Myeloid cell","CL:0000763","Prostate gland","UBERON:0002367",0.00418195417898979,0.51813562881689,0.163468634686347,0.293791123974333,0.531961329264614,NA
"JOB2770_IDvCD_downregulated","Downregulated","TS_Thymus_innate lymphoid cell","Adult","Lymphatic system","TS_Thymus","innate lymphoid cell","Innate lymphoid cell","CL:0001065","Thymus","UBERON:0002370",0.0100125777342918,0.453167967134486,0.187453874538745,0.294405865605345,0.53105354156736,NA
"JOB2770_IDvCD_downregulated","Downregulated","TS_Spleen_type i nk t cell","Adult","Lymphatic system","TS_Spleen","type i nk t cell","Natural killer cell","CL:0000623","Spleen","UBERON:0002106",0.00418777234787804,0.510889552482224,0.167158671586716,0.295518006204775,0.529416051983643,NA
"JOB2770_IDvCD_downregulated","Downregulated","TS_Skin_melanocyte","Adult","Integumentary system","TS_Skin","melanocyte","Melanocyte","CL:0000148","Skin of body","UBERON:0002097",0.089330413766649,0.264646469768372,0.322878228782288,0.295638465073998,0.529239061202131,NA
"JOB2770_IDvCD_downregulated","Downregulated","VentoTormo_2018_decidua_proliferating decidual natural killer cell (dNK p)","Maternal-Fetal","Reproductive system","VentoTormo_2018_decidua","proliferating decidual natural killer cell (dNK p)","Natural killer cell","CL:0000623","Decidua","UBERON:0002450",0.0234717432395333,0.36666793088941,0.233579335793358,0.29612397769246,0.52852642557957,NA
"JOB2770_IDvCD_downregulated","Downregulated","TS_Mammary_vein endothelial cell","Adult","Endocrine system","TS_Mammary","vein endothelial cell","Endothelial cell","CL:0000115","Mammary gland","UBERON:0001911",0.004179712211193,0.538556389396403,0.160516605166052,0.298089195902817,0.525653764473307,NA
"JOB2770_IDvCD_downregulated","Downregulated","AdultHeart_Smooth muscle cell","Adult","Cardiovascular system","AdultHeart","Smooth muscle cell","Smooth muscle cell","CL:0000192","Heart","UBERON:0000948",0.117659082219824,0.250977734864343,0.345756457564576,0.298896306733364,0.524479451221107,NA
"JOB2770_IDvCD_downregulated","Downregulated","Fetal_HCA_Eye_Amacrine cells","Fetal","Sensory system","Fetal_HCA_Eye","Amacrine cells","Neuron","CL:0000540","Eye","UBERON:0000970",0.103888670880122,0.260611722718388,0.334317343173432,0.299750770618118,0.523239691716133,NA
"JOB2770_IDvCD_downregulated","Downregulated","TS_Lung_plasma cell","Adult","Respiratory system","TS_Lung","plasma cell","Plasma cell","CL:0000786","Lung","UBERON:0002048",0.0859447553655445,0.280456090862189,0.31070110701107,0.299777612144127,0.52320080406052,NA
"JOB2770_IDvCD_downregulated","Downregulated","TS_Bone_Marrow_erythrocyte","Adult","Lymphatic system","TS_Bone_Marrow","erythrocyte","Erythrocyte","CL:0000232","Bone marrow","UBERON:0002371",0.0223476859439732,0.392111539837271,0.222878228782288,0.300399768425281,0.52230040646035,NA
"JOB2770_IDvCD_downregulated","Downregulated","TS_Spleen_intermediate monocyte","Adult","Lymphatic system","TS_Spleen","intermediate monocyte","Monocyte","CL:0000576","Spleen","UBERON:0002106",0.010020053073363,0.457737935731917,0.191143911439114,0.300645135733263,0.521945818398532,NA
"JOB2770_IDvCD_downregulated","Downregulated","AdultHeart_Stromal cell","Adult","Cardiovascular system","AdultHeart","Stromal cell","Stromal cell","CL:0000499","Heart","UBERON:0000948",0.117659082219824,0.253200962830661,0.345756457564576,0.300771920165785,0.521762711585344,NA
"JOB2770_IDvCD_downregulated","Downregulated","TS_Spleen_cd1c-positive myeloid dendritic cell","Adult","Lymphatic system","TS_Spleen","cd1c-positive myeloid dendritic cell","Dendritic cell","CL:0000451","Spleen","UBERON:0002106",0.00418777234787804,0.524805312715844,0.167158671586716,0.301209876516448,0.52113079194587,NA
"JOB2770_IDvCD_downregulated","Downregulated","TS_Uterus_ciliated epithelial cell","Adult","Reproductive system","TS_Uterus","ciliated epithelial cell","Ciliated cell","CL:0000064","Uterus","UBERON:0000995",0.0211657170713571,0.411091319327505,0.214760147601476,0.302571538990232,0.519171925753708,NA
"JOB2770_IDvCD_downregulated","Downregulated","TS_Large_Intestine_cd8-positive, alpha-beta t cell","Adult","Digestive system","TS_Large_Intestine","cd8-positive, alpha-beta t cell","T cell","CL:0000084","Large intestine","UBERON:0000059",0.00417995805318701,0.546790567049433,0.161623616236162,0.302785659839742,0.518864697203488,NA
"JOB2770_IDvCD_downregulated","Downregulated","TS_Large_Intestine_large intestine goblet cell","Adult","Digestive system","TS_Large_Intestine","large intestine goblet cell","Goblet cell","CL:0000160","Large intestine","UBERON:0000059",0.0100043259560027,0.475894297456848,0.185977859778598,0.303104686797061,0.518407348243514,NA
"JOB2770_IDvCD_downregulated","Downregulated","Lake_2017_VisualCortex_In8","Adult","Nervous system","Lake_2017_VisualCortex","In8","Inhibitory neuron","CL:0008029","Visual cortex","UBERON:0000411",0.0615128393552755,0.304170522502915,0.292250922509225,0.304045373445942,0.517061600711053,NA
"JOB2770_IDvCD_downregulated","Downregulated","VentoTormo_2018_decidua_glandular epithelial cell (Epi2)","Maternal-Fetal","Reproductive system","VentoTormo_2018_decidua","glandular epithelial cell (Epi2)","Epithelial cell","CL:0000066","Decidua","UBERON:0002450",0.0234717432395333,0.380995400005681,0.233579335793358,0.304283808080023,0.516721157233004,NA
"JOB2770_IDvCD_downregulated","Downregulated","TS_Uterus_epithelial cell","Adult","Reproductive system","TS_Uterus","epithelial cell","Epithelial cell","CL:0000066","Uterus","UBERON:0000995",0.00940802038467905,0.496479741589422,0.182656826568266,0.30836294118301,0.510937820656082,NA
"JOB2770_IDvCD_downregulated","Downregulated","TS_Small_Intestine_mast cell","Adult","Digestive system","TS_Small_Intestine","mast cell","Mast cell","CL:0000097","Small intestine","UBERON:0002108",0.0100166790079789,0.481699392702234,0.188929889298893,0.309135283033554,0.509851424078433,NA
"JOB2770_IDvCD_downregulated","Downregulated","VentoTormo_2018_decidua_plasmacytoid dendritic cell (DC2)","Maternal-Fetal","Reproductive system","VentoTormo_2018_decidua","plasmacytoid dendritic cell (DC2)","Plasmacytoid dendritic cell","CL:0000784","Decidua","UBERON:0002450",0.0234717432395333,0.390670558747991,0.233579335793358,0.30972254818559,0.509027176315428,NA
"JOB2770_IDvCD_downregulated","Downregulated","AdultLung_Smooth muscle cell","Adult","Respiratory system","AdultLung","Smooth muscle cell","Smooth muscle cell","CL:0000192","Lung","UBERON:0002048",0.116498231814814,0.268269507935706,0.342066420664207,0.31095029948782,0.507309020565058,NA
"JOB2770_IDvCD_downregulated","Downregulated","TS_Thymus_monocyte","Adult","Lymphatic system","TS_Thymus","monocyte","Monocyte","CL:0000576","Thymus","UBERON:0002370",0.0100125777342918,0.491498064109339,0.187453874538745,0.311826690178658,0.506086714993146,NA
"JOB2770_IDvCD_downregulated","Downregulated","TS_Pancreas_nk cell","Adult","Digestive system","TS_Pancreas","nk cell","Natural killer cell","CL:0000623","Pancreas","UBERON:0001264",0.00944184315668017,0.51134243225314,0.183763837638376,0.316179474646216,0.50006632648862,NA
"JOB2770_IDvCD_downregulated","Downregulated","AdultSigmoidColon_Enterocyte","Adult","Digestive system","AdultSigmoidColon","Enterocyte","Enterocyte","CL:0000584","Sigmoid colon","UBERON:0001159",0.126863851374824,0.26806365349438,0.350553505535055,0.316189893325279,0.500052015944639,NA
"JOB2770_IDvCD_downregulated","Downregulated","Fetal_HCA_Spleen_Mesothelial cells","Fetal","Lymphatic system","Fetal_HCA_Spleen","Mesothelial cells","Mesothelial cell","CL:0000077","Spleen","UBERON:0002106",0.12213132529222,0.270533906790289,0.349077490774908,0.317292243403075,0.498540544629553,NA
"JOB2770_IDvCD_downregulated","Downregulated","AdultLung_Mesothelial cell","Adult","Respiratory system","AdultLung","Mesothelial cell","Mesothelial cell","CL:0000077","Lung","UBERON:0002048",0.116498231814814,0.276668369141796,0.342066420664207,0.317767912662697,0.497889958787176,NA
"JOB2770_IDvCD_downregulated","Downregulated","TS_Lymph_Node_type i nk t cell","Adult","Lymphatic system","TS_Lymph_Node","type i nk t cell","Natural killer cell","CL:0000623","Lymph node","UBERON:0000029",0.0100349448065264,0.485692968863953,0.195940959409594,0.319011741903593,0.496193331519344,NA
"JOB2770_IDvCD_downregulated","Downregulated","TS_Tongue_fibroblast","Adult","Digestive system","TS_Tongue","fibroblast","Fibroblast","CL:0000057","Tongue","UBERON:0001723",0.0100366024206159,0.477952841870105,0.2,0.320006741088238,0.494840872972007,NA
"JOB2770_IDvCD_downregulated","Downregulated","Madissoon_2020_spleen_NK_dividing","Adult","Lymphatic system","Madissoon_2020_spleen","NK_dividing","Natural killer cell","CL:0000623","Spleen","UBERON:0002106",0.103802374899712,0.289266660950931,0.333579335793358,0.322122006390692,0.491979604495504,NA
"JOB2770_IDvCD_downregulated","Downregulated","AdultAdrenalGland_Fasciculata cell","Adult","Endocrine system","AdultAdrenalGland","Fasciculata cell","Type II cell of adrenal cortex","CL:0002136","Adrenal gland","UBERON:0002369",0.108015981301116,0.286549382325431,0.33690036900369,0.322227714192387,0.491837109468609,NA
"JOB2770_IDvCD_downregulated","Downregulated","TS_Liver_nk cell","Adult","Digestive system","TS_Liver","nk cell","Natural killer cell","CL:0000623","Liver","UBERON:0002107",0.0100208392064652,0.50006160886849,0.193726937269373,0.323014528944502,0.490777942998566,NA
"JOB2770_IDvCD_downregulated","Downregulated","TS_Eye_microglial cell","Adult","Sensory system","TS_Eye","microglial cell","Microglial cell","CL:0000129","Eye","UBERON:0000970",0.0100355994807096,0.492774361645559,0.198154981549816,0.324809586786227,0.488371160998245,NA
"JOB2770_IDvCD_downregulated","Downregulated","AdultPancreas_Pancreas exocrine cell","Adult","Digestive system","AdultPancreas","Pancreas exocrine cell","Pancreas exocrine glandular cell","CL:1001599","Pancreas","UBERON:0001264",0.136861345691399,0.278932767996379,0.352767527675277,0.326557847599803,0.48603987512987,NA
"JOB2770_IDvCD_downregulated","Downregulated","Lake_2017_VisualCortex_Ex3a","Adult","Nervous system","Lake_2017_VisualCortex","Ex3a","Excitatory neuron","CL:0008030","Visual cortex","UBERON:0000411",0.0615128393552755,0.337189574891564,0.292250922509225,0.326895211228764,0.485591441463547,NA
"JOB2770_IDvCD_downregulated","Downregulated","TS_Lung_vascular associated smooth muscle cell","Adult","Respiratory system","TS_Lung","vascular associated smooth muscle cell","Smooth muscle cell","CL:0000192","Lung","UBERON:0002048",0.0212085925548371,0.460167018139561,0.216605166051661,0.329508610600575,0.482133232094387,NA
"JOB2770_IDvCD_downregulated","Downregulated","Fetal_HCA_Pancreas_Ductal cells","Fetal","Digestive system","Fetal_HCA_Pancreas","Ductal cells","Pancreatic ductal cell","CL:0002079","Pancreas","UBERON:0001264",0.12065137192078,0.290090078716234,0.34760147601476,0.332179388089049,0.478627319256415,NA
"JOB2770_IDvCD_downregulated","Downregulated","CordBloodCD34P_CB CD34+","Neonatal","Reproductive system","CordBloodCD34P","CB CD34+","Hematopoietic stem cell","CL:0000037","Umbilical cord blood","UBERON:0012168",0.122248003597977,0.288278559632568,0.349815498154982,0.332199045897573,0.478601619211579,NA
"JOB2770_IDvCD_downregulated","Downregulated","FetalStomach_Fetal stromal cell","Fetal","Digestive system","FetalStomach","Fetal stromal cell","Stromal cell","CL:0000499","Stomach","UBERON:0000945",0.108219561177175,0.299559383017218,0.338745387453875,0.333642531314032,0.476718592513816,NA
"JOB2770_IDvCD_downregulated","Downregulated","Fetal_HCA_Heart_SATB2_LRRC7 positive cells","Fetal","Cardiovascular system","Fetal_HCA_Heart","SATB2_LRRC7 positive cells","Neuron","CL:0000540","Heart","UBERON:0000948",0.107937197650154,0.302482516084044,0.335793357933579,0.333865011854995,0.476429091441243,NA
"JOB2770_IDvCD_downregulated","Downregulated","AdultSpleen_CB CD34+","Adult","Lymphatic system","AdultSpleen","CB CD34+","Hematopoietic stem cell","CL:0000037","Spleen","UBERON:0002106",0.136877913683967,0.288690268515219,0.353505535055351,0.33496617244614,0.474999049266934,NA
"JOB2770_IDvCD_downregulated","Downregulated","AdultStomach_Fetal endocrine cell","Adult","Digestive system","AdultStomach","Fetal endocrine cell","Endocrine cell","CL:0000163","Stomach","UBERON:0000945",0.116566704695164,0.297459667715696,0.343173431734317,0.335026984580725,0.474920211522761,NA
"JOB2770_IDvCD_downregulated","Downregulated","VentoTormo_2018_decidua_placental extravillous trophoblast cell (EVT)","Maternal-Fetal","Reproductive system","VentoTormo_2018_decidua","placental extravillous trophoblast cell (EVT)","Trophoblast cell","CL:0000351","Decidua","UBERON:0002450",0.0234717432395333,0.437934738476381,0.233579335793358,0.335511118540765,0.474293083122738,NA
"JOB2770_IDvCD_downregulated","Downregulated","AdultJeJunum_B cell (Plasmocyte)","Adult","Digestive system","AdultJeJunum","B cell (Plasmocyte)","B cell","CL:0000236","Jejunum","UBERON:0002115",0.177087937061395,0.264646469768372,0.387453874538745,0.336071215584516,0.473568683151303,NA
"JOB2770_IDvCD_downregulated","Downregulated","TS_Vasculature_vein or capillary endothelial cell","Adult","Cardiovascular system","TS_Vasculature","vein or capillary endothelial cell","Capillary endothelial cell","CL:0002144","Vasculature","UBERON:0002049",0.00886619861566964,0.572934081097802,0.180073800738007,0.337508930628246,0.471714731066281,NA
"JOB2770_IDvCD_downregulated","Downregulated","AdultTransverseColon_Enterocyte progenitor","Adult","Digestive system","AdultTransverseColon","Enterocyte progenitor","Enterocyte","CL:0000584","Transverse colon","UBERON:0001157",0.112056774481571,0.304170522502915,0.339483394833948,0.337714277729365,0.471450578073503,NA
"JOB2770_IDvCD_downregulated","Downregulated","Lake_2017_FrontalCortex_In8","Adult","Nervous system","Lake_2017_FrontalCortex","In8","Inhibitory neuron","CL:0008029","Frontal cortex","UBERON:0001870",0.104250093318644,0.30828761132943,0.335055350553506,0.337788227444159,0.471355490481805,NA
"JOB2770_IDvCD_downregulated","Downregulated","TS_Lymph_Node_cd8-positive alpha-beta t cell","Adult","Lymphatic system","TS_Lymph_Node","cd8-positive alpha-beta t cell","T cell","CL:0000084","Lymph node","UBERON:0000029",0.0100349448065264,0.532874806815813,0.195940959409594,0.34032158864348,0.46811050012151,NA
"JOB2770_IDvCD_downregulated","Downregulated","TS_Lung_basophil","Adult","Respiratory system","TS_Lung","basophil","Basophil","CL:0000767","Lung","UBERON:0002048",0.0443430006284689,0.397998976859187,0.262361623616236,0.340338888384754,0.468088423969217,NA
"JOB2770_IDvCD_downregulated","Downregulated","TS_Salivary_Gland_memory b cell","Adult","Digestive system","TS_Salivary_Gland","memory b cell","B cell","CL:0000236","Saliva-secreting gland","UBERON:0001044",0.00944492759882166,0.56531746676875,0.184870848708487,0.340544588702449,0.467826016322021,NA
"JOB2770_IDvCD_downregulated","Downregulated","TS_Thymus_dn4 thymocyte","Adult","Lymphatic system","TS_Thymus","dn4 thymocyte","Thymocyte","CL:0000893","Thymus","UBERON:0002370",0.0100125777342918,0.559471200635099,0.187453874538745,0.341366768513571,0.466778759008153,NA
"JOB2770_IDvCD_downregulated","Downregulated","TS_Salivary_Gland_endothelial cell","Adult","Digestive system","TS_Salivary_Gland","endothelial cell","Endothelial cell","CL:0000115","Saliva-secreting gland","UBERON:0001044",0.00944492759882166,0.568322941612105,0.184870848708487,0.341797973595617,0.466230516392492,NA
"JOB2770_IDvCD_downregulated","Downregulated","TS_Spleen_cd8-positive, alpha-beta memory t cell","Adult","Lymphatic system","TS_Spleen","cd8-positive, alpha-beta memory t cell","T cell","CL:0000084","Spleen","UBERON:0002106",0.010020053073363,0.550372434328501,0.191143911439114,0.342099801452501,0.465847177870208,NA
"JOB2770_IDvCD_downregulated","Downregulated","TS_Liver_monocyte","Adult","Digestive system","TS_Liver","monocyte","Monocyte","CL:0000576","Liver","UBERON:0002107",0.0100208392064652,0.549343162121872,0.193726937269373,0.344845051322634,0.462376001946153,NA
"JOB2770_IDvCD_downregulated","Downregulated","TS_Spleen_cd8-positive, alpha-beta t cell","Adult","Lymphatic system","TS_Spleen","cd8-positive, alpha-beta t cell","T cell","CL:0000084","Spleen","UBERON:0002106",0.010020053073363,0.560706327283053,0.191143911439114,0.346529439898634,0.460259863382909,NA
"JOB2770_IDvCD_downregulated","Downregulated","Fetal_HCA_Intestine_Intestinal epithelial cells","Fetal","Digestive system","Fetal_HCA_Intestine","Intestinal epithelial cells","Epithelial cell","CL:0000066","Intestine","UBERON:0000160",0.112412814194343,0.315574858552361,0.340221402214022,0.346952971926244,0.459729388082503,NA
"JOB2770_IDvCD_downregulated","Downregulated","TS_Trachea_smooth muscle cell","Adult","Respiratory system","TS_Trachea","smooth muscle cell","Smooth muscle cell","CL:0000192","Trachea","UBERON:0003126",0.0223152196347376,0.487545658835885,0.220664206642066,0.347440459342852,0.459119609474937,NA
"JOB2770_IDvCD_downregulated","Downregulated","Fetal_HCA_Cerebellum_10k_Granule neurons","Fetal","Nervous system","Fetal_HCA_Cerebellum_10k","Granule neurons","Neuron","CL:0000540","Cerebellum","UBERON:0002037",0.0729025194974802,0.354769544180782,0.304428044280443,0.348371400382154,0.457957505690893,NA
"JOB2770_IDvCD_downregulated","Downregulated","Lake_2017_VisualCortex_Ex5b","Adult","Nervous system","Lake_2017_VisualCortex","Ex5b","Excitatory neuron","CL:0008030","Visual cortex","UBERON:0000411",0.0615128393552755,0.370167456391947,0.292250922509225,0.348771820009479,0.457458612354116,NA
"JOB2770_IDvCD_downregulated","Downregulated","TS_Lung_non-classical monocyte","Adult","Respiratory system","TS_Lung","non-classical monocyte","Monocyte","CL:0000576","Lung","UBERON:0002048",0.0212085925548371,0.503766988812353,0.216605166051661,0.350851057604921,0.454877209996534,NA
"JOB2770_IDvCD_downregulated","Downregulated","TS_Eye_monocyte","Adult","Sensory system","TS_Eye","monocyte","Monocyte","CL:0000576","Eye","UBERON:0000970",0.0100355994807096,0.550825314099417,0.198154981549816,0.350918061740672,0.454794278087142,NA
"JOB2770_IDvCD_downregulated","Downregulated","TS_Eye_adipocyte","Adult","Sensory system","TS_Eye","adipocyte","Epicardial adipocyte","CL:1000309","Eye","UBERON:0000970",0.0100355994807096,0.552019269859107,0.198154981549816,0.351441858819507,0.454146512699372,NA
"JOB2770_IDvCD_downregulated","Downregulated","FetalAdrenalGland_Neutrophil","Fetal","Endocrine system","FetalAdrenalGland","Neutrophil","Neutrophil","CL:0000775","Adrenal gland","UBERON:0002369",0.139102632225032,0.307175997346271,0.357564575645756,0.35243647982439,0.452919145190549,NA
"JOB2770_IDvCD_downregulated","Downregulated","TS_Spleen_nk cell","Adult","Lymphatic system","TS_Spleen","nk cell","Natural killer cell","CL:0000623","Spleen","UBERON:0002106",0.010020053073363,0.575569017946771,0.191143911439114,0.35283668881066,0.452426262203558,NA
"JOB2770_IDvCD_downregulated","Downregulated","TS_Eye_macrophage","Adult","Sensory system","TS_Eye","macrophage","Macrophage","CL:0000235","Eye","UBERON:0000970",0.0100355994807096,0.556342213126947,0.198154981549816,0.353334093028893,0.451814455687247,NA
"JOB2770_IDvCD_downregulated","Downregulated","TS_Blood_neutrophil","Adult","Lymphatic system","TS_Blood","neutrophil","Neutrophil","CL:0000775","Blood","UBERON:0000178",0.0100322111929573,0.567170156740681,0.194833948339483,0.353911556390919,0.451105255969819,NA
"JOB2770_IDvCD_downregulated","Downregulated","Fetal_HCA_Cerebellum_10k_SLC24A4_PEX5L positive cells","Fetal","Nervous system","Fetal_HCA_Cerebellum_10k","SLC24A4_PEX5L positive cells","Neuron","CL:0000540","Cerebellum","UBERON:0002037",0.0729025194974802,0.363744797822584,0.304428044280443,0.354418195168607,0.450483990344577,NA
"JOB2770_IDvCD_downregulated","Downregulated","Fetal_HCA_Cerebellum_10k_Astrocytes","Fetal","Nervous system","Fetal_HCA_Cerebellum_10k","Astrocytes","Astrocyte","CL:0000127","Cerebellum","UBERON:0002037",0.0729025194974802,0.36819125375522,0.304428044280443,0.357388775885731,0.446859091022976,NA
"JOB2770_IDvCD_downregulated","Downregulated","AdultBladder_B cell (Plasmocyte)","Adult","Urinary system","AdultBladder","B cell (Plasmocyte)","B cell","CL:0000236","Bladder organ","UBERON:0018707",0.179427134817872,0.288196217856037,0.388929889298893,0.357389607078716,0.446858080968572,NA
"JOB2770_IDvCD_downregulated","Downregulated","AdultEsophagus_B cell (Plasmocyte)","Adult","Digestive system","AdultEsophagus","B cell (Plasmocyte)","B cell","CL:0000236","Esophagus","UBERON:0001043",0.168752182633616,0.29589517396162,0.385608856088561,0.361774155417757,0.441562461689483,NA
"JOB2770_IDvCD_downregulated","Downregulated","TS_Skin_langerhans cell","Adult","Integumentary system","TS_Skin","langerhans cell","Langerhans cell","CL:0000453","Skin of body","UBERON:0002097",0.0223493057897186,0.511301261364875,0.223985239852399,0.362694032611419,0.440459589788333,NA
"JOB2770_IDvCD_downregulated","Downregulated","Fetal_HCA_Pancreas_ENS glia","Fetal","Digestive system","Fetal_HCA_Pancreas","ENS glia","Glial cell","CL:0000125","Pancreas","UBERON:0001264",0.12065137192078,0.330272865663019,0.34760147601476,0.363299143730513,0.439735625736381,NA
"JOB2770_IDvCD_downregulated","Downregulated","Fetal_HCA_Cerebrum_10k_Excitatory neurons","Fetal","Nervous system","Fetal_HCA_Cerebrum_10k","Excitatory neurons","Excitatory neuron","CL:0008030","Cerebral hemisphere","UBERON:0001869",0.0825133467603592,0.374943279430704,0.309225092250922,0.365757914377591,0.436806267708932,NA
"JOB2770_IDvCD_downregulated","Downregulated","AdultUterus_Endothelial cell","Adult","Reproductive system","AdultUterus","Endothelial cell","Endothelial cell","CL:0000115","Uterus","UBERON:0000995",0.131525260637431,0.332372580964541,0.352029520295203,0.368043659754738,0.43410065940836,NA
"JOB2770_IDvCD_downregulated","Downregulated","Fetal_HCA_Pancreas_Islet endocrine cells","Fetal","Digestive system","Fetal_HCA_Pancreas","Islet endocrine cells","Endocrine cell","CL:0000163","Pancreas","UBERON:0001264",0.12065137192078,0.33756011288595,0.34760147601476,0.368754293721314,0.433262914122616,NA
"JOB2770_IDvCD_downregulated","Downregulated","AdultFallopiantube_Mast cell","Adult","Reproductive system","AdultFallopiantube","Mast cell","Mast cell","CL:0000097","Fallopian tube","UBERON:0003889",0.16294703769038,0.311622453278907,0.377859778597786,0.369638930053788,0.43222229552231,NA
"JOB2770_IDvCD_downregulated","Downregulated","TS_Liver_fibroblast","Adult","Digestive system","TS_Liver","fibroblast","Fibroblast","CL:0000057","Liver","UBERON:0002107",0.0223729051320231,0.518341483258215,0.227306273062731,0.369794383319083,0.432039689477694,NA
"JOB2770_IDvCD_downregulated","Downregulated","Fetal_HCA_Cerebellum_10k_Purkinje neurons","Fetal","Nervous system","Fetal_HCA_Cerebellum_10k","Purkinje neurons","Neuron","CL:0000540","Cerebellum","UBERON:0002037",0.0729025194974802,0.387088691468923,0.304428044280443,0.369833694452346,0.431993524090568,NA
"JOB2770_IDvCD_downregulated","Downregulated","AdultEpityphlon_B cell","Adult","Digestive system","AdultEpityphlon","B cell","B cell","CL:0000236","Caecum","UBERON:0001153",0.131272188314463,0.336160302684935,0.351291512915129,0.370367197521651,0.431367484641788,NA
"JOB2770_IDvCD_downregulated","Downregulated","AdultIleum_Epithelial cell","Adult","Digestive system","AdultIleum","Epithelial cell","Epithelial cell","CL:0000066","Ileum","UBERON:0002116",0.179480571681804,0.302564857860574,0.390405904059041,0.370437361116176,0.431285218241917,NA
"JOB2770_IDvCD_downregulated","Downregulated","TS_Lung_lung microvascular endothelial cell","Adult","Respiratory system","TS_Lung","lung microvascular endothelial cell","Endothelial cell","CL:0000115","Lung","UBERON:0002048",0.0212085925548371,0.546255345501986,0.216605166051661,0.370861458384008,0.430788298191705,NA
"JOB2770_IDvCD_downregulated","Downregulated","AdultRectum_Epithelial cell","Adult","Digestive system","AdultRectum","Epithelial cell","Epithelial cell","CL:0000066","Rectum","UBERON:0001052",0.147202693050135,0.32916125167986,0.361992619926199,0.372634772810042,0.428716620897407,NA
"JOB2770_IDvCD_downregulated","Downregulated","TS_Salivary_Gland_nk cell","Adult","Digestive system","TS_Salivary_Gland","nk cell","Natural killer cell","CL:0000623","Saliva-secreting gland","UBERON:0001044",0.0212355997187126,0.545061389742297,0.218819188191882,0.372881374869094,0.428429308764164,NA
"JOB2770_IDvCD_downregulated","Downregulated","VentoTormo_2018_decidua_monocyte","Maternal-Fetal","Reproductive system","VentoTormo_2018_decidua","monocyte","Monocyte","CL:0000576","Decidua","UBERON:0002450",0.0234717432395333,0.512289362683239,0.233579335793358,0.373710696495056,0.427464471424389,NA
"JOB2770_IDvCD_downregulated","Downregulated","Braga_2020_lung_B cell","Adult","Respiratory system","Braga_2020_lung","B cell","B cell","CL:0000236","Lung","UBERON:0002048",0.136902220937598,0.338260017986457,0.354243542435424,0.374063478325006,0.427054692058936,NA
"JOB2770_IDvCD_downregulated","Downregulated","TS_Thymus_cd4-positive helper t cell","Adult","Lymphatic system","TS_Thymus","cd4-positive helper t cell","T cell","CL:0000084","Thymus","UBERON:0002370",0.0223513450376102,0.53349237013979,0.225092250922509,0.374611813351088,0.426418531305963,NA
"JOB2770_IDvCD_downregulated","Downregulated","FetalAdrenalGland_Smooth muscle cell","Fetal","Endocrine system","FetalAdrenalGland","Smooth muscle cell","Smooth muscle cell","CL:0000192","Adrenal gland","UBERON:0002369",0.139102632225032,0.338671726869109,0.357564575645756,0.376752580418767,0.423943764473732,NA
"JOB2770_IDvCD_downregulated","Downregulated","AdultRectum_Enterocyte progenitor","Adult","Digestive system","AdultRectum","Enterocyte progenitor","Enterocyte","CL:0000584","Rectum","UBERON:0001052",0.147202693050135,0.334678150707389,0.361992619926199,0.376866588729294,0.423812363409222,NA
"JOB2770_IDvCD_downregulated","Downregulated","AdultDuodenum_Enterocyte","Adult","Digestive system","AdultDuodenum","Enterocyte","Enterocyte","CL:0000584","Duodenum","UBERON:0002114",0.16297516386315,0.320021314484997,0.37859778597786,0.376884192929542,0.423792077109788,NA
"JOB2770_IDvCD_downregulated","Downregulated","VentoTormo_2018_decidua_decidual stromal cell (dS1)","Maternal-Fetal","Reproductive system","VentoTormo_2018_decidua","decidual stromal cell (dS1)","Stromal cell","CL:0000499","Decidua","UBERON:0002450",0.0234717432395333,0.519041388358723,0.233579335793358,0.377048759617594,0.423602483577845,NA
"JOB2770_IDvCD_downregulated","Downregulated","TS_Vasculature_artery endothelial cell","Adult","Cardiovascular system","TS_Vasculature","artery endothelial cell","Endothelial cell","CL:0000115","Vasculature","UBERON:0002049",0.0200909173871652,0.569064017600878,0.213284132841328,0.37733349886892,0.423274637343092,NA
"JOB2770_IDvCD_downregulated","Downregulated","TS_Trachea_mast cell","Adult","Respiratory system","TS_Trachea","mast cell","Mast cell","CL:0000097","Trachea","UBERON:0003126",0.0463425648633049,0.459220087709463,0.264944649446494,0.377956484881546,0.42255819874397,NA
"JOB2770_IDvCD_downregulated","Downregulated","FetalThymus_Proliferating T cell","Fetal","Lymphatic system","FetalThymus","Proliferating T cell","T cell","CL:0000084","Thymus","UBERON:0002370",0.197018766227111,0.302029636313127,0.407749077490775,0.381074296494388,0.418990343453268,NA
"JOB2770_IDvCD_downregulated","Downregulated","TS_Skin_macrophage","Adult","Integumentary system","TS_Skin","macrophage","Macrophage","CL:0000235","Skin of body","UBERON:0002097",0.0223493057897186,0.556259871350417,0.223985239852399,0.384085280852695,0.415572335810452,NA
"JOB2770_IDvCD_downregulated","Downregulated","Madissoon_2020_lung_Muscle_cells","Adult","Respiratory system","Madissoon_2020_lung","Muscle_cells","Muscle cell","CL:0000187","Lung","UBERON:0002048",0.139239591825041,0.352134607331812,0.359778597785978,0.388434098863692,0.410682652352301,NA
"JOB2770_IDvCD_downregulated","Downregulated","AdultBoneMarrow_Erythroid cell","Adult","Lymphatic system","AdultBoneMarrow","Erythroid cell","Erythroid lineage cell","CL:0000764","Bone marrow","UBERON:0002371",0.151873617915467,0.350940651572123,0.365682656826568,0.391816740494556,0.406917012575344,NA
"JOB2770_IDvCD_downregulated","Downregulated","TS_Blood_cd4-positive, alpha-beta t cell","Adult","Lymphatic system","TS_Blood","cd4-positive, alpha-beta t cell","T cell","CL:0000084","Blood","UBERON:0000178",0.0223863349963482,0.561859112154477,0.229151291512915,0.392673922070555,0.405967939770883,NA
"JOB2770_IDvCD_downregulated","Downregulated","Madissoon_2020_lung_Monocyte","Adult","Respiratory system","Madissoon_2020_lung","Monocyte","Monocyte","CL:0000576","Lung","UBERON:0002048",0.139239591825041,0.35835141145985,0.359778597785978,0.393035455161939,0.405568270778137,NA
"JOB2770_IDvCD_downregulated","Downregulated","VentoTormo_2018_decidua_villous cytotrophoblast (VCT)","Maternal-Fetal","Reproductive system","VentoTormo_2018_decidua","villous cytotrophoblast (VCT)","Trophoblast cell","CL:0000351","Decidua","UBERON:0002450",0.0926432145722521,0.391905685395946,0.329151291512915,0.39317697658403,0.405411921244939,NA
"JOB2770_IDvCD_downregulated","Downregulated","TS_Liver_endothelial cell","Adult","Digestive system","TS_Liver","endothelial cell","Endothelial cell","CL:0000115","Liver","UBERON:0002107",0.0223729051320231,0.567664207399863,0.227306273062731,0.393253509686399,0.405327392720862,NA
"JOB2770_IDvCD_downregulated","Downregulated","AdultBladder_Mast cell","Adult","Urinary system","AdultBladder","Mast cell","Mast cell","CL:0000097","Bladder organ","UBERON:0018707",0.179427134817872,0.332660777182397,0.388929889298893,0.393965805821564,0.404541471035988,NA
"JOB2770_IDvCD_downregulated","Downregulated","Voigt_2019_retina_2_Macrophage 3","Adult","Sensory system","Voigt_2019_retina_2","Macrophage 3","Macrophage","CL:0000235","Retina","UBERON:0000966",0.138802368791013,0.366256222006758,0.355350553505535,0.395533331409307,0.402816912830803,NA
"JOB2770_IDvCD_downregulated","Downregulated","AdultThyroid_Smooth muscle cell","Adult","Endocrine system","AdultThyroid","Smooth muscle cell","Smooth muscle cell","CL:0000192","Thyroid gland","UBERON:0002046",0.163016827614411,0.343200524578275,0.379335793357934,0.395612629327564,0.402729852667066,NA
"JOB2770_IDvCD_downregulated","Downregulated","FetalMuscle_Fetal mesenchymal progenitor","Fetal","Muscular system","FetalMuscle","Fetal mesenchymal progenitor","Mesenchymal stem cell","CL:0000134","Muscle organ","UBERON:0001630",0.191531752840408,0.321956346233459,0.404428044280443,0.395653265007376,0.402685246039502,NA
"JOB2770_IDvCD_downregulated","Downregulated","AdultCerebellum_Smooth muscle cell","Adult","Nervous system","AdultCerebellum","Smooth muscle cell","Smooth muscle cell","CL:0000192","Cerebellum","UBERON:0002037",0.180028937573083,0.332002042970155,0.393357933579336,0.396442577403625,0.401819709034262,NA
"JOB2770_IDvCD_downregulated","Downregulated","TS_Liver_endothelial cell of hepatic sinusoid","Adult","Digestive system","TS_Liver","endothelial cell of hepatic sinusoid","Endothelial cell","CL:0000115","Liver","UBERON:0002107",0.0223729051320231,0.575321992617181,0.227306273062731,0.39680614517107,0.401421610728493,NA
"JOB2770_IDvCD_downregulated","Downregulated","AdultBoneMarrow_Erythroid progenitor cell (RP high)","Adult","Lymphatic system","AdultBoneMarrow","Erythroid progenitor cell (RP high)","Erythroid progenitor cell","CL:0000038","Bone marrow","UBERON:0002371",0.151873617915467,0.360327614096577,0.365682656826568,0.398818903147784,0.399224265259547,NA
"JOB2770_IDvCD_downregulated","Downregulated","AdultAdipose_Fibroblast","Adult","Integumentary system","AdultAdipose","Fibroblast","Fibroblast","CL:0000057","Adipose tissue","UBERON:0001013",0.191533832338265,0.326114605948239,0.405166051660517,0.399558171144106,0.398419983389366,NA
"JOB2770_IDvCD_downregulated","Downregulated","TS_Large_Intestine_gut endothelial cell","Adult","Digestive system","TS_Large_Intestine","gut endothelial cell","Endothelial cell","CL:0000115","Large intestine","UBERON:0000059",0.0223342743818465,0.595742753196694,0.222140221402214,0.399978708657439,0.39796312606876,NA
"JOB2770_IDvCD_downregulated","Downregulated","Fetal_HCA_Heart_CLC_IL5RA positive cells","Fetal","Cardiovascular system","Fetal_HCA_Heart","CLC_IL5RA positive cells","Endothelial cell","CL:0000115","Heart","UBERON:0000948",0.191264990302041,0.330108182109958,0.401476014760148,0.400367051352069,0.397541670465374,NA
"JOB2770_IDvCD_downregulated","Downregulated","TS_Spleen_plasmacytoid dendritic cell","Adult","Lymphatic system","TS_Spleen","plasmacytoid dendritic cell","Plasmacytoid dendritic cell","CL:0000784","Spleen","UBERON:0002106",0.0464188733433334,0.486969266400173,0.272693726937269,0.400898190926341,0.396965903521192,NA
"JOB2770_IDvCD_downregulated","Downregulated","TS_Small_Intestine_cd4-positive, alpha-beta t cell","Adult","Digestive system","TS_Small_Intestine","cd4-positive, alpha-beta t cell","T cell","CL:0000084","Small intestine","UBERON:0002108",0.022358555147461,0.590966930157937,0.225830258302583,0.402238634352919,0.395516218472056,NA
"JOB2770_IDvCD_downregulated","Downregulated","Voigt_2019_retina_2_Vein cell 2","Adult","Sensory system","Voigt_2019_retina_2","Vein cell 2","Endothelial cell","CL:0000115","Retina","UBERON:0000966",0.138802368791013,0.375725526307742,0.355350553505535,0.402351524059424,0.395394349278385,NA
"JOB2770_IDvCD_downregulated","Downregulated","TS_Skin_nk cell","Adult","Integumentary system","TS_Skin","nk cell","Natural killer cell","CL:0000623","Skin of body","UBERON:0002097",0.089330413766649,0.414673186606572,0.322878228782288,0.403105415013982,0.394581367823391,NA
"JOB2770_IDvCD_downregulated","Downregulated","TS_Salivary_Gland_endothelial cell of lymphatic vessel","Adult","Digestive system","TS_Salivary_Gland","endothelial cell of lymphatic vessel","Endothelial cell","CL:0000115","Saliva-secreting gland","UBERON:0001044",0.0212355997187126,0.612005254061428,0.218819188191882,0.403164826939768,0.394517363795381,NA
"JOB2770_IDvCD_downregulated","Downregulated","AdultBladder_Stromal cell","Adult","Urinary system","AdultBladder","Stromal cell","Stromal cell","CL:0000499","Bladder organ","UBERON:0018707",0.179427134817872,0.34604131586857,0.388929889298893,0.404504825492234,0.393076293156407,NA
"JOB2770_IDvCD_downregulated","Downregulated","TS_Tongue_endothelial cell of artery","Adult","Digestive system","TS_Tongue","endothelial cell of artery","Endothelial cell","CL:0000115","Tongue","UBERON:0001723",0.0223966801270001,0.584585442476839,0.230258302583026,0.404544616264398,0.393033574103891,NA
"JOB2770_IDvCD_downregulated","Downregulated","FetalSpinalCord_Neutrophil","Fetal","Nervous system","FetalSpinalCord","Neutrophil","Neutrophil","CL:0000775","Spinal cord","UBERON:0002240",0.185701027171959,0.339289290193086,0.397785977859779,0.405263819061809,0.392262167250664,NA
"JOB2770_IDvCD_downregulated","Downregulated","NeonatalAdrenalGland_Fasciculata cell","Neonatal","Endocrine system","NeonatalAdrenalGland","Fasciculata cell","Type II cell of adrenal cortex","CL:0002136","Adrenal gland","UBERON:0002369",0.174448337299468,0.354604860627721,0.386715867158672,0.40958607026374,0.387654821833159,NA
"JOB2770_IDvCD_downregulated","Downregulated","AdultEsophagus_Stratified epithelial cell","Adult","Digestive system","AdultEsophagus","Stratified epithelial cell","Epithelial cell","CL:0000066","Esophagus","UBERON:0001043",0.168752182633616,0.35715745570016,0.385608856088561,0.410760497325557,0.386411328995007,NA
"JOB2770_IDvCD_downregulated","Downregulated","TS_Mammary_basal cell","Adult","Endocrine system","TS_Mammary","basal cell","Basal cell","CL:0000646","Mammary gland","UBERON:0001911",0.0463865658711042,0.517929774375564,0.266051660516605,0.410905198394413,0.386258364409271,NA
"JOB2770_IDvCD_downregulated","Downregulated","FetalSkin_Fetal epithelial progenitor","Fetal","Integumentary system","FetalSkin","Fetal epithelial progenitor","Epithelial fate stem cell","CL:0000036","Skin of body","UBERON:0002097",0.179932434636574,0.35291685420885,0.391512915129151,0.411648782095688,0.385473165154452,NA
"JOB2770_IDvCD_downregulated","Downregulated","FetalThymus_Erythroid cell","Fetal","Lymphatic system","FetalThymus","Erythroid cell","Erythroid lineage cell","CL:0000764","Thymus","UBERON:0002370",0.197018766227111,0.340318562399715,0.407749077490775,0.412821357450636,0.384237842429728,NA
"JOB2770_IDvCD_downregulated","Downregulated","Madissoon_2020_lung_DC_2","Adult","Respiratory system","Madissoon_2020_lung","DC_2","Dendritic cell","CL:0000451","Lung","UBERON:0002048",0.139239591825041,0.387953280122491,0.359778597785978,0.414424059873696,0.3825550390566,NA
"JOB2770_IDvCD_downregulated","Downregulated","TS_Thymus_cd8-positive, alpha-beta t cell","Adult","Lymphatic system","TS_Thymus","cd8-positive, alpha-beta t cell","T cell","CL:0000084","Thymus","UBERON:0002370",0.0893181799001978,0.43624673205751,0.32029520295203,0.414720232404355,0.382244776771916,NA
"JOB2770_IDvCD_downregulated","Downregulated","TS_Vasculature_lymphatic endothelial cells","Adult","Cardiovascular system","TS_Vasculature","lymphatic endothelial cells","Endothelial cell","CL:0000115","Vasculature","UBERON:0002049",0.0423224311218122,0.535756768994373,0.260885608856089,0.414805826966314,0.382155151507823,NA
"JOB2770_IDvCD_downregulated","Downregulated","TS_Blood_cd8-positive, alpha-beta t cell","Adult","Lymphatic system","TS_Blood","cd8-positive, alpha-beta t cell","T cell","CL:0000084","Blood","UBERON:0000178",0.0223863349963482,0.616657564435389,0.229151291512915,0.417821144141963,0.379009586012425,NA
"JOB2770_IDvCD_downregulated","Downregulated","TS_Mammary_macrophage","Adult","Endocrine system","TS_Mammary","macrophage","Macrophage","CL:0000235","Mammary gland","UBERON:0001911",0.0463865658711042,0.536868382977532,0.266051660516605,0.420800681665591,0.375923565329211,NA
"JOB2770_IDvCD_downregulated","Downregulated","Madissoon_2020_lung_DC_1","Adult","Respiratory system","Madissoon_2020_lung","DC_1","Dendritic cell","CL:0000451","Lung","UBERON:0002048",0.139239591825041,0.398204831300513,0.359778597785978,0.421638497582806,0.375059742851295,NA
"JOB2770_IDvCD_downregulated","Downregulated","AdultOmentum_Macrophage","Adult","Integumentary system","AdultOmentum","Macrophage","Macrophage","CL:0000235","Omentum","UBERON:0003688",0.151818831151982,0.395981603334195,0.364575645756458,0.423771013080568,0.372868753358354,NA
"JOB2770_IDvCD_downregulated","Downregulated","Fetal_HCA_Thymus_Thymic epithelial cells","Fetal","Lymphatic system","Fetal_HCA_Thymus","Thymic epithelial cells","Epithelial cell","CL:0000066","Thymus","UBERON:0002370",0.196970787953208,0.356786917705774,0.406273062730627,0.424907190686306,0.371705919301261,NA
"JOB2770_IDvCD_downregulated","Downregulated","TS_Thymus_nk cell","Adult","Lymphatic system","TS_Thymus","nk cell","Natural killer cell","CL:0000623","Thymus","UBERON:0002370",0.0464022365333897,0.539338636273441,0.269372693726937,0.425544521290846,0.37105499647374,NA
"JOB2770_IDvCD_downregulated","Downregulated","Fetal_HCA_Thymus_Vascular endothelial cells","Fetal","Lymphatic system","Fetal_HCA_Thymus","Vascular endothelial cells","Endothelial cell","CL:0000115","Thymus","UBERON:0002370",0.196970787953208,0.358145557018524,0.406273062730627,0.425972202806059,0.370618740244282,NA
"JOB2770_IDvCD_downregulated","Downregulated","Lake_2017_CerebellarHemisphere_Purk2","Adult","Nervous system","Lake_2017_CerebellarHemisphere","Purk2","Purkinje cell","CL:0000121","Cerebellar hemisphere","UBERON:0002245",0.10032320293183,0.440899042431472,0.332472324723247,0.428053481576644,0.3685019662612,NA
"JOB2770_IDvCD_downregulated","Downregulated","TS_Bladder_vein endothelial cell","Adult","Urinary system","TS_Bladder","vein endothelial cell","Endothelial cell","CL:0000115","Bladder organ","UBERON:0018707",0.0464005685864828,0.550578288769827,0.26789667896679,0.429800601817957,0.366732980733745,NA
"JOB2770_IDvCD_downregulated","Downregulated","TS_Liver_liver dendritic cell","Adult","Digestive system","TS_Liver","liver dendritic cell","Dendritic cell","CL:0000451","Liver","UBERON:0002107",0.0464505965894882,0.53892692739079,0.274169741697417,0.430296776090274,0.366231907766966,NA
"JOB2770_IDvCD_downregulated","Downregulated","FetalKidney_Loop of Henle","Fetal","Urinary system","FetalKidney","Loop of Henle","Kidney loop of Henle epithelial cell","CL:1000909","Kidney","UBERON:0002113",0.191514005088747,0.366544418224614,0.403321033210332,0.430445173626534,0.366082157352721,NA
"JOB2770_IDvCD_downregulated","Downregulated","Fetal_HCA_Eye_Retinal progenitors and Muller glia","Fetal","Sensory system","Fetal_HCA_Eye","Retinal progenitors and Muller glia","Mueller cell","CL:0000636","Eye","UBERON:0000970",0.185461355325435,0.373543469229689,0.396678966789668,0.431098114672956,0.365423876447718,NA
"JOB2770_IDvCD_downregulated","Downregulated","TS_Skin_regulatory t cell","Adult","Integumentary system","TS_Skin","regulatory t cell","T cell","CL:0000084","Skin of body","UBERON:0002097",0.0464041431549792,0.547778668367797,0.270848708487085,0.431457539666632,0.36506193736666,NA
"JOB2770_IDvCD_downregulated","Downregulated","TS_Lung_lung ciliated cell","Adult","Respiratory system","TS_Lung","lung ciliated cell","Ciliated cell","CL:0000064","Lung","UBERON:0002048",0.0443430006284689,0.569887435366181,0.262361623616236,0.433650136533287,0.362860512537482,NA
"JOB2770_IDvCD_downregulated","Downregulated","Fetal_HCA_Adrenal_Adrenocortical cells","Fetal","Endocrine system","Fetal_HCA_Adrenal","Adrenocortical cells","Cortical cell of adrenal gland","CL:0002097","Adrenal gland","UBERON:0002369",0.138849600658248,0.420931161622875,0.356457564575646,0.434651648032109,0.36185866935781,NA
"JOB2770_IDvCD_downregulated","Downregulated","TS_Spleen_naive thymus-derived cd4-positive, alpha-beta t cell","Adult","Lymphatic system","TS_Spleen","naive thymus-derived cd4-positive, alpha-beta t cell","T cell","CL:0000084","Spleen","UBERON:0002106",0.0464188733433334,0.554324839601955,0.272693726937269,0.436765895748966,0.359751280253589,NA
"JOB2770_IDvCD_downregulated","Downregulated","TS_Bone_Marrow_nampt neutrophil","Adult","Lymphatic system","TS_Bone_Marrow","nampt neutrophil","Neutrophil","CL:0000775","Bone marrow","UBERON:0002371",0.0463904678626813,0.567128985852416,0.267158671586716,0.437431540034096,0.359089906325965,NA
"JOB2770_IDvCD_downregulated","Downregulated","Fetal_HCA_Intestine_Erythroblasts","Fetal","Digestive system","Fetal_HCA_Intestine","Erythroblasts","Erythroblast","CL:0000765","Intestine","UBERON:0000160",0.197639943336782,0.370249798168478,0.409225092250923,0.437435467663318,0.359086006881402,NA
"JOB2770_IDvCD_downregulated","Downregulated","Fetal_HCA_Heart_Cardiomyocytes","Fetal","Cardiovascular system","Fetal_HCA_Heart","Cardiomyocytes","Fetal cardiomyocyte","CL:0002495","Heart","UBERON:0000948",0.191264990302041,0.378731001151098,0.401476014760148,0.438445810211081,0.358084075685872,NA
"JOB2770_IDvCD_downregulated","Downregulated","MacParland_2018_liver_Erythroid cell","Adult","Digestive system","MacParland_2018_liver","Erythroid cell","Erythroid lineage cell","CL:0000764","Liver","UBERON:0002107",0.202980719485901,0.370785019715924,0.410332103321033,0.438622050326208,0.357909539338199,NA
"JOB2770_IDvCD_downregulated","Downregulated","Placenta_Fibroblast","Adult","Reproductive system","Placenta","Fibroblast","Fibroblast","CL:0000057","Placenta","UBERON:0001987",0.191262028505306,0.381201254447007,0.4,0.439253409727873,0.35728485858565,NA
"JOB2770_IDvCD_downregulated","Downregulated","TS_Salivary_Gland_adventitial cell","Adult","Digestive system","TS_Salivary_Gland","adventitial cell","Adventitial cell","CL:0002503","Saliva-secreting gland","UBERON:0001044",0.0443947527305834,0.577462878806968,0.264206642066421,0.4394208172492,0.357119372535441,NA
"JOB2770_IDvCD_downregulated","Downregulated","Madissoon_2020_spleen_T_CD4_reg","Adult","Lymphatic system","Madissoon_2020_spleen","T_CD4_reg","T cell","CL:0000084","Spleen","UBERON:0002106",0.18527356658506,0.38610059015056,0.39520295202952,0.439455720598351,0.357084877742848,NA
"JOB2770_IDvCD_downregulated","Downregulated","AdultCerebellum_Astrocyte","Adult","Nervous system","AdultCerebellum","Astrocyte","Astrocyte","CL:0000127","Cerebellum","UBERON:0002037",0.180028937573083,0.389641286541362,0.393357933579336,0.440733363667263,0.355824072003949,NA
"JOB2770_IDvCD_downregulated","Downregulated","AdultPeripheralBlood_Monocyte","Adult","Lymphatic system","AdultPeripheralBlood","Monocyte","Monocyte","CL:0000576","Blood","UBERON:0000178",0.167359702879171,0.40001635038418,0.383763837638376,0.441189529932549,0.355374802547516,NA
"JOB2770_IDvCD_downregulated","Downregulated","Lake_2017_CerebellarHemisphere_Purk1","Adult","Nervous system","Lake_2017_CerebellarHemisphere","Purk1","Purkinje cell","CL:0000121","Cerebellar hemisphere","UBERON:0002245",0.10032320293183,0.463748885418629,0.332472324723247,0.442447113077428,0.354138634279889,NA
"JOB2770_IDvCD_downregulated","Downregulated","VentoTormo_2018_decidua_decidual macrophage (dM2)","Maternal-Fetal","Reproductive system","VentoTormo_2018_decidua","decidual macrophage (dM2)","Macrophage","CL:0000235","Decidua","UBERON:0002450",0.0484266543006389,0.555848162467766,0.277859778597786,0.442940795664183,0.353654318550383,NA
"JOB2770_IDvCD_downregulated","Downregulated","AdultSigmoidColon_Mast cell","Adult","Digestive system","AdultSigmoidColon","Mast cell","Mast cell","CL:0000097","Sigmoid colon","UBERON:0001159",0.224724373822608,0.365432804241455,0.423985239852398,0.443855788983342,0.352758111466628,NA
"JOB2770_IDvCD_downregulated","Downregulated","Madissoon_2020_spleen_Monocyte","Adult","Lymphatic system","Madissoon_2020_spleen","Monocyte","Monocyte","CL:0000576","Spleen","UBERON:0002106",0.18527356658506,0.393099641155635,0.39520295202952,0.444631002188524,0.35200025911342,NA
"JOB2770_IDvCD_downregulated","Downregulated","Fetal_HCA_Eye_Corneal and conjunctival epithelial cells","Fetal","Sensory system","Fetal_HCA_Eye","Corneal and conjunctival epithelial cells","Epithelial cell","CL:0000066","Eye","UBERON:0000970",0.185461355325435,0.392564419608188,0.396678966789668,0.445315632490524,0.351332059000355,NA
"JOB2770_IDvCD_downregulated","Downregulated","FetalSkin_Fetal stromal cell","Fetal","Integumentary system","FetalSkin","Fetal stromal cell","Stromal cell","CL:0000499","Skin of body","UBERON:0002097",0.179932434636574,0.397998976859187,0.391512915129151,0.445500994725783,0.351151321922423,NA
"JOB2770_IDvCD_downregulated","Downregulated","TS_Pancreas_pancreatic acinar cell","Adult","Digestive system","TS_Pancreas","pancreatic acinar cell","Acinar cell","CL:0000622","Pancreas","UBERON:0001264",0.0443733393748749,0.591460980817119,0.263468634686347,0.445518985194176,0.351133784355754,NA
"JOB2770_IDvCD_downregulated","Downregulated","AdultLiver_B cell (Plasmocyte)","Adult","Digestive system","AdultLiver","B cell (Plasmocyte)","B cell","CL:0000236","Liver","UBERON:0002107",0.28121608411134,0.335336884919632,0.465313653136531,0.445900710244269,0.350761835892328,NA
"JOB2770_IDvCD_downregulated","Downregulated","AdultCerebellum_Endothelial cell (APC)","Adult","Nervous system","AdultCerebellum","Endothelial cell (APC)","Endothelial cell","CL:0000115","Cerebellum","UBERON:0002037",0.180028937573083,0.397052046429089,0.393357933579336,0.446173237650125,0.350496483109653,NA
"JOB2770_IDvCD_downregulated","Downregulated","TS_Thymus_dendritic cell","Adult","Lymphatic system","TS_Thymus","dendritic cell","Dendritic cell","CL:0000451","Thymus","UBERON:0002370",0.0464022365333897,0.582897436057968,0.269372693726937,0.447717818771238,0.348995620738229,NA
"JOB2770_IDvCD_downregulated","Downregulated","TS_Salivary_Gland_neutrophil","Adult","Digestive system","TS_Salivary_Gland","neutrophil","Neutrophil","CL:0000775","Saliva-secreting gland","UBERON:0001044",0.0860346405010018,0.500679172192467,0.314022140221402,0.448102204440791,0.348622919568063,NA
"JOB2770_IDvCD_downregulated","Downregulated","FetalBrain_Fetal endocrine cell","Fetal","Nervous system","FetalBrain","Fetal endocrine cell","Endocrine cell","CL:0000163","Brain","UBERON:0000955",0.20952567191582,0.380460178458234,0.419188191881919,0.452267349778215,0.344604763841476,NA
"JOB2770_IDvCD_downregulated","Downregulated","TS_Small_Intestine_neutrophil","Adult","Digestive system","TS_Small_Intestine","neutrophil","Neutrophil","CL:0000775","Small intestine","UBERON:0002108",0.0464136787608886,0.591460980817119,0.271586715867159,0.454371707814833,0.342588718499569,NA
"JOB2770_IDvCD_downregulated","Downregulated","FetalLung_Endothelial cell","Fetal","Respiratory system","FetalLung","Endothelial cell","Endothelial cell","CL:0000115","Lung","UBERON:0002048",0.168486335420671,0.422207459159095,0.38450184501845,0.457483422854162,0.339624638195124,NA
"JOB2770_IDvCD_downregulated","Downregulated","FetalKidney_Fetal mesenchymal progenitor","Fetal","Urinary system","FetalKidney","Fetal mesenchymal progenitor","Mesenchymal stem cell","CL:0000134","Kidney","UBERON:0002113",0.191514005088747,0.403186508780596,0.403321033210332,0.45798143655202,0.339152124979559,NA
"JOB2770_IDvCD_downregulated","Downregulated","Fetal_HCA_Heart_Visceral neurons","Fetal","Cardiovascular system","Fetal_HCA_Heart","Visceral neurons","Neuron","CL:0000540","Heart","UBERON:0000948",0.191264990302041,0.406439008953543,0.401476014760148,0.459001115767607,0.338186258752225,NA
"JOB2770_IDvCD_downregulated","Downregulated","TS_Thymus_t follicular helper cell","Adult","Lymphatic system","TS_Thymus","t follicular helper cell","T cell","CL:0000084","Thymus","UBERON:0002370",0.0464022365333897,0.613322722485912,0.269372693726937,0.462681174572056,0.334718170579636,NA
"JOB2770_IDvCD_downregulated","Downregulated","FetalPancreas_Stromal cell","Fetal","Digestive system","FetalPancreas","Stromal cell","Stromal cell","CL:0000499","Pancreas","UBERON:0001264",0.209479939387051,0.396310970440316,0.417712177121771,0.463277759605417,0.334158548302099,NA
"JOB2770_IDvCD_downregulated","Downregulated","FetalPancreas_Fetal stromal cell","Fetal","Digestive system","FetalPancreas","Fetal stromal cell","Stromal cell","CL:0000499","Pancreas","UBERON:0001264",0.209479939387051,0.397257900870415,0.417712177121771,0.463988681401467,0.33349261355038,NA
"JOB2770_IDvCD_downregulated","Downregulated","FetalPancreas_Smooth muscle cell","Fetal","Digestive system","FetalPancreas","Smooth muscle cell","Smooth muscle cell","CL:0000192","Pancreas","UBERON:0001264",0.209479939387051,0.398534198406634,0.417712177121771,0.464945388954448,0.332598054999419,NA
"JOB2770_IDvCD_downregulated","Downregulated","Fetal_HCA_Cerebrum_10k_SKOR2_NPSR1 positive cells","Fetal","Nervous system","Fetal_HCA_Cerebrum_10k","SKOR2_NPSR1 positive cells","Neuron","CL:0000540","Cerebral hemisphere","UBERON:0001869",0.149012937700744,0.461072777681394,0.36309963099631,0.466633035975608,0.331024517933976,NA
"JOB2770_IDvCD_downregulated","Downregulated","AdultSigmoidColon_Stromal cell","Adult","Digestive system","AdultSigmoidColon","Stromal cell","Stromal cell","CL:0000499","Sigmoid colon","UBERON:0001159",0.224724373822608,0.395981603334195,0.423985239852398,0.467481318863759,0.330235739393577,NA
"JOB2770_IDvCD_downregulated","Downregulated","AdultUterus_Loop of Henle","Adult","Reproductive system","AdultUterus","Loop of Henle","Kidney loop of Henle epithelial cell","CL:1000909","Uterus","UBERON:0000995",0.23121374169211,0.396475653993377,0.426568265682657,0.46967804740987,0.328199738116855,NA
"JOB2770_IDvCD_downregulated","Downregulated","TS_Tongue_vein endothelial cell","Adult","Digestive system","TS_Tongue","vein endothelial cell","Endothelial cell","CL:0000115","Tongue","UBERON:0001723",0.0464804141161546,0.614640190910397,0.275645756457565,0.47020919336539,0.327708883954534,NA
"JOB2770_IDvCD_downregulated","Downregulated","Lake_2017_FrontalCortex_Ex2","Adult","Nervous system","Lake_2017_FrontalCortex","Ex2","Excitatory neuron","CL:0008030","Frontal cortex","UBERON:0001870",0.185833122340031,0.425954009991223,0.398892988929889,0.471073284054414,0.326911525175371,NA
"JOB2770_IDvCD_downregulated","Downregulated","TS_Tongue_capillary endothelial cell","Adult","Digestive system","TS_Tongue","capillary endothelial cell","Capillary endothelial cell","CL:0002144","Tongue","UBERON:0001723",0.0464804141161546,0.619086646843033,0.275645756457565,0.472380731128493,0.325707825993414,NA
"JOB2770_IDvCD_downregulated","Downregulated","Madissoon_2020_lung_Mast_cells","Adult","Respiratory system","Madissoon_2020_lung","Mast_cells","Mast cell","CL:0000097","Lung","UBERON:0002048",0.234809018604196,0.39882239462449,0.434686346863469,0.47715809342617,0.321337705389265,NA
"JOB2770_IDvCD_downregulated","Downregulated","TS_Spleen_naive b cell","Adult","Lymphatic system","TS_Spleen","naive b cell","B cell","CL:0000236","Spleen","UBERON:0002106",0.0893373866407484,0.544279142865259,0.324723247232472,0.483043930359782,0.316013370604058,NA
"JOB2770_IDvCD_downregulated","Downregulated","Fetal_HCA_Pancreas_Acinar cells","Fetal","Digestive system","Fetal_HCA_Pancreas","Acinar cells","Acinar cell","CL:0000622","Pancreas","UBERON:0001264",0.20927442961872,0.425871668214693,0.415129151291513,0.483133442226488,0.315932899852021,NA
"JOB2770_IDvCD_downregulated","Downregulated","AdultUreter_Epithelial cell (intermediated)","Adult","Urinary system","AdultUreter","Epithelial cell (intermediated)","Epithelial cell","CL:0000066","Uterus","UBERON:0000995",0.252816129992026,0.399316445283672,0.44280442804428,0.483180824751741,0.315890309216706,NA
"JOB2770_IDvCD_downregulated","Downregulated","TS_Thymus_dn3 thymocyte","Adult","Lymphatic system","TS_Thymus","dn3 thymocyte","Thymocyte","CL:0000893","Thymus","UBERON:0002370",0.0893181799001978,0.554613035819811,0.32029520295203,0.484601071925716,0.314615629548681,NA
"JOB2770_IDvCD_downregulated","Downregulated","FetalIntestine_CB CD34+","Fetal","Digestive system","FetalIntestine","CB CD34+","Hematopoietic stem cell","CL:0000037","Intestine","UBERON:0000160",0.209370557239571,0.429124168387639,0.416236162361624,0.486286819023489,0.313107501978081,NA
"JOB2770_IDvCD_downregulated","Downregulated","Fetal_HCA_Intestine_ENS glia","Fetal","Digestive system","Fetal_HCA_Intestine","ENS glia","Enteric neural system glia",NA,"Intestine","UBERON:0000160",0.197639943336782,0.438634643576889,0.409225092250923,0.487806142291306,0.31175273549743,NA
"JOB2770_IDvCD_downregulated","Downregulated","TS_Trachea_secretory cell","Adult","Respiratory system","TS_Trachea","secretory cell","Endocrine cell","CL:0000163","Trachea","UBERON:0003126",0.0892292897855683,0.568364112500371,0.315867158671587,0.487852952519199,0.311711062286379,NA
"JOB2770_IDvCD_downregulated","Downregulated","TS_Pancreas_t cell","Adult","Digestive system","TS_Pancreas","t cell","T cell","CL:0000084","Pancreas","UBERON:0001264",0.0859908373298775,0.574128036857491,0.312915129151291,0.488068946116361,0.311518823893047,NA
"JOB2770_IDvCD_downregulated","Downregulated","AdultEpityphlon_Dendritic cell","Adult","Digestive system","AdultEpityphlon","Dendritic cell","Dendritic cell","CL:0000451","Caecum","UBERON:0001153",0.230892843904871,0.421919262941239,0.425830258302583,0.48809064494996,0.3114995162229,NA
"JOB2770_IDvCD_downregulated","Downregulated","AdultFallopiantube_B cell (Plasmocyte)","Adult","Reproductive system","AdultFallopiantube","B cell (Plasmocyte)","B cell","CL:0000236","Fallopian tube","UBERON:0003889",0.273714888012762,0.389600115653097,0.461623616236162,0.48840405737328,0.311220736849376,NA
"JOB2770_IDvCD_downregulated","Downregulated","Voigt_2019_retina_2_Vein cell 1","Adult","Sensory system","Voigt_2019_retina_2","Vein cell 1","Endothelial cell","CL:0000115","Retina","UBERON:0000966",0.234231956221815,0.420354769187163,0.428044280442804,0.488544447461565,0.311095918313345,NA
"JOB2770_IDvCD_downregulated","Downregulated","Fetal_HCA_Lung_Ciliated epithelial cells","Fetal","Respiratory system","Fetal_HCA_Lung","Ciliated epithelial cells","Ciliated cell","CL:0000064","Lung","UBERON:0002048",0.209944150229908,0.428959484834579,0.420664206642066,0.489431220816943,0.310308330456145,NA
"JOB2770_IDvCD_downregulated","Downregulated","AdultStomach_Endothelial cell (APC)","Adult","Digestive system","AdultStomach","Endothelial cell (APC)","Endothelial cell","CL:0000115","Stomach","UBERON:0000945",0.203523830252202,0.44048733354882,0.411070110701107,0.490497388656929,0.309363300404124,NA
"JOB2770_IDvCD_downregulated","Downregulated","Madissoon_2020_lung_Basal","Adult","Respiratory system","Madissoon_2020_lung","Basal","Basal cell","CL:0000646","Lung","UBERON:0002048",0.234809018604196,0.417390465232072,0.434686346863469,0.491116932706121,0.308815092025881,NA
"JOB2770_IDvCD_downregulated","Downregulated","Segerstolpe_2016_PancreaticIslets_beta cell","Adult","Digestive system","Segerstolpe_2016_PancreaticIslets","beta cell","Type B pancreatic cell","CL:0000169","Pancreas","UBERON:0001264",0.163777061524163,0.477211765881333,0.380442804428044,0.491318041449146,0.308637288057424,NA
"JOB2770_IDvCD_downregulated","Downregulated","FetalSkin_Fetal mesenchymal progenitor","Fetal","Integumentary system","FetalSkin","Fetal mesenchymal progenitor","Mesenchymal stem cell","CL:0000134","Skin of body","UBERON:0002097",0.295814525596644,0.389476602988302,0.470110701107011,0.493948158339574,0.306318629474139,NA
"JOB2770_IDvCD_downregulated","Downregulated","Fetal_HCA_Pancreas_Lymphatic endothelial cells","Fetal","Digestive system","Fetal_HCA_Pancreas","Lymphatic endothelial cells","Endothelial cell","CL:0000115","Pancreas","UBERON:0001264",0.20927442961872,0.445139643922782,0.415129151291513,0.496815173177256,0.30380514888919,NA
"JOB2770_IDvCD_downregulated","Downregulated","VentoTormo_2018_decidua_T cell","Maternal-Fetal","Reproductive system","VentoTormo_2018_decidua","T cell","T cell","CL:0000084","Decidua","UBERON:0002450",0.163861834301517,0.48486955109865,0.382287822878229,0.497775549348933,0.302966439675255,NA
"JOB2770_IDvCD_downregulated","Downregulated","VentoTormo_2018_decidua_decidual natural killer cell (dNK2)","Maternal-Fetal","Reproductive system","VentoTormo_2018_decidua","decidual natural killer cell (dNK2)","Natural killer cell","CL:0000623","Decidua","UBERON:0002450",0.163861834301517,0.486557557517521,0.382287822878229,0.498862059952823,0.302019524282278,NA
"JOB2770_IDvCD_downregulated","Downregulated","TS_Mammary_pericyte cell","Adult","Endocrine system","TS_Mammary","pericyte cell","Pericyte cell","CL:0000669","Mammary gland","UBERON:0001911",0.0893000862542818,0.588702531303354,0.317343173431734,0.500232266559761,0.300828298337429,NA
"JOB2770_IDvCD_downregulated","Downregulated","TS_Bone_Marrow_memory b cell","Adult","Lymphatic system","TS_Bone_Marrow","memory b cell","B cell","CL:0000236","Bone marrow","UBERON:0002371",0.0892904541964566,0.590925759269672,0.316605166051661,0.500684050666537,0.300436242868791,NA
"JOB2770_IDvCD_downregulated","Downregulated","TS_Kidney_endothelial cell","Adult","Urinary system","TS_Kidney","endothelial cell","Endothelial cell","CL:0000115","Kidney","UBERON:0002113",0.0859471810525943,0.60002452557627,0.311808118081181,0.500688023136246,0.300432797153218,NA
"JOB2770_IDvCD_downregulated","Downregulated","FetalLiver_Erythroid progenitor cell (RP high)","Fetal","Digestive system","FetalLiver","Erythroid progenitor cell (RP high)","Erythroid progenitor cell","CL:0000038","Liver","UBERON:0002107",0.238214373931702,0.426695085979996,0.439483394833948,0.501413106853652,0.299804317845256,NA
"JOB2770_IDvCD_downregulated","Downregulated","Fetal_HCA_Stomach_ENS glia","Fetal","Digestive system","Fetal_HCA_Stomach","ENS glia","ENS glia","CL:0000125","Stomach","UBERON:0000945",0.238132024903493,0.428712459504988,0.438007380073801,0.501837783189009,0.29943664391267,NA
"JOB2770_IDvCD_downregulated","Downregulated","Fetal_HCA_Liver_Stellate cells","Fetal","Digestive system","Fetal_HCA_Liver","Stellate cells","Hepatic stellate cell","CL:0000632","Liver","UBERON:0002107",0.222069389614663,0.445963061688085,0.422509225092251,0.502914240690688,0.298506066574698,NA
"JOB2770_IDvCD_downregulated","Downregulated","Fetal_HCA_Stomach_Lymphatic endothelial cells","Fetal","Digestive system","Fetal_HCA_Stomach","Lymphatic endothelial cells","Epithelial cell","CL:0000066","Stomach","UBERON:0000945",0.238132024903493,0.430894516583041,0.438007380073801,0.503433847635777,0.298057588654022,NA
"JOB2770_IDvCD_downregulated","Downregulated","Lake_2017_VisualCortex_In1b","Adult","Nervous system","Lake_2017_VisualCortex","In1b","Inhibitory neuron","CL:0008029","Visual cortex","UBERON:0000411",0.203612394959377,0.45712037240794,0.412915129151292,0.503462091681923,0.298033224203016,NA
"JOB2770_IDvCD_downregulated","Downregulated","Lake_2017_VisualCortex_Ex1","Adult","Nervous system","Lake_2017_VisualCortex","Ex1","Excitatory neuron","CL:0008030","Visual cortex","UBERON:0000411",0.11674192103198,0.549219649457077,0.344280442804428,0.504018126344732,0.297553844447458,NA
"JOB2770_IDvCD_downregulated","Downregulated","van_Zyl_eye_2020_VascularEndo","Adult","Sensory system","van_Zyl_eye_2020","VascularEndo","Endothelial cell","CL:0000115","Eye","UBERON:0000970",0.209948905810141,0.451850498710001,0.42140221402214,0.506220714833614,0.295660087242044,NA
"JOB2770_IDvCD_downregulated","Downregulated","AdultKidney_Smooth muscle cell","Adult","Urinary system","AdultKidney","Smooth muscle cell","Smooth muscle cell","CL:0000192","Kidney","UBERON:0002113",0.209810134639898,0.453950214011524,0.419926199261993,0.506576834082981,0.295354674513826,NA
"JOB2770_IDvCD_downregulated","Downregulated","AdultPeripheralBlood_B cell (Plasmocyte)","Adult","Lymphatic system","AdultPeripheralBlood","B cell (Plasmocyte)","B cell","CL:0000236","Blood","UBERON:0000178",0.288633904413726,0.407427110271906,0.46789667896679,0.50659043123471,0.295343017666693,NA
"JOB2770_IDvCD_downregulated","Downregulated","FetalMaleGonad_Fetal epithelial progenitor","Fetal","Reproductive system","FetalMaleGonad","Fetal epithelial progenitor","Epithelial fate stem cell","CL:0000036","Immature gonad","UBERON:2005272",0.228230914124318,0.449956637849804,0.425092250922509,0.507648917390864,0.294436535652749,NA
"JOB2770_IDvCD_downregulated","Downregulated","TS_Tongue_tongue muscle cell","Adult","Digestive system","TS_Tongue","tongue muscle cell","Muscle cell","CL:0000187","Tongue","UBERON:0001723",0.0894405110472777,0.58779677176152,0.32619926199262,0.508418797312997,0.293778401040148,NA
"JOB2770_IDvCD_downregulated","Downregulated","TS_Bone_Marrow_neutrophil","Adult","Lymphatic system","TS_Bone_Marrow","neutrophil","Neutrophil","CL:0000775","Bone marrow","UBERON:0002371",0.260687290382746,0.423195560477458,0.453505535055351,0.508720388696454,0.29352085619424,NA
"JOB2770_IDvCD_downregulated","Downregulated","Lake_2017_VisualCortex_Ex3b","Adult","Nervous system","Lake_2017_VisualCortex","Ex3b","Excitatory neuron","CL:0008030","Visual cortex","UBERON:0000411",0.11674192103198,0.563341264132023,0.344280442804428,0.512053742520104,0.290684455322891,NA
"JOB2770_IDvCD_downregulated","Downregulated","TS_Kidney_macrophage","Adult","Urinary system","TS_Kidney","macrophage","Macrophage","CL:0000235","Kidney","UBERON:0002113",0.0859471810525943,0.622668514122101,0.311808118081181,0.512391045145969,0.290398468852557,NA
"JOB2770_IDvCD_downregulated","Downregulated","FetalHeart_Smooth muscle cell","Fetal","Cardiovascular system","FetalHeart","Smooth muscle cell","Smooth muscle cell","CL:0000192","Heart","UBERON:0000948",0.288773475540644,0.416237680360648,0.468634686346863,0.513881022848245,0.289137420112971,NA
"JOB2770_IDvCD_downregulated","Downregulated","Fetal_HCA_Liver_Erythroblasts","Fetal","Digestive system","Fetal_HCA_Liver","Erythroblasts","Erythroblast","CL:0000765","Liver","UBERON:0002107",0.222069389614663,0.465560404502296,0.422509225092251,0.51655485952075,0.286883548448432,NA
"JOB2770_IDvCD_downregulated","Downregulated","TS_Salivary_Gland_naive b cell","Adult","Digestive system","TS_Salivary_Gland","naive b cell","B cell","CL:0000236","Saliva-secreting gland","UBERON:0001044",0.0860346405010018,0.62657974850729,0.314022140221402,0.516646476381357,0.286806528228398,NA
"JOB2770_IDvCD_downregulated","Downregulated","AdultArtery_B cell (Plasmocyte)","Adult","Cardiovascular system","AdultArtery","B cell (Plasmocyte)","B cell","CL:0000236","Artery","UBERON:0001637",0.303028104121385,0.411338344657095,0.481180811808118,0.518542249045028,0.285215853007605,NA
"JOB2770_IDvCD_downregulated","Downregulated","Madissoon_2020_lung_Lymph_vessel","Adult","Respiratory system","Madissoon_2020_lung","Lymph_vessel","Endothelial cell","CL:0000115","Lung","UBERON:0002048",0.234809018604196,0.455555878653865,0.434686346863469,0.518697410983051,0.285085919730688,NA
"JOB2770_IDvCD_downregulated","Downregulated","TS_Thymus_b cell","Adult","Lymphatic system","TS_Thymus","b cell","B cell","CL:0000236","Thymus","UBERON:0002370",0.0893181799001978,0.619292501284359,0.32029520295203,0.519235566329335,0.284635567109951,NA
"JOB2770_IDvCD_downregulated","Downregulated","AdultSpleen_Neutrophil","Adult","Lymphatic system","AdultSpleen","Neutrophil","Neutrophil","CL:0000775","Spleen","UBERON:0002106",0.238615101135577,0.450903568279903,0.440590405904059,0.51973255565045,0.284220078450344,NA
"JOB2770_IDvCD_downregulated","Downregulated","FetalSkin_Erythroid cell","Fetal","Integumentary system","FetalSkin","Erythroid cell","Erythroid lineage cell","CL:0000764","Skin of body","UBERON:0002097",0.295814525596644,0.422907364259602,0.470110701107011,0.519974098568555,0.284018289305421,NA
"JOB2770_IDvCD_downregulated","Downregulated","Madissoon_2020_lung_DC_plasmacytoid","Adult","Respiratory system","Madissoon_2020_lung","DC_plasmacytoid","Plasmacytoid dendritic cell","CL:0000784","Lung","UBERON:0002048",0.234809018604196,0.458684866162016,0.434686346863469,0.520895297862482,0.283249562938956,NA
"JOB2770_IDvCD_downregulated","Downregulated","FetalAdrenalGland_Fetal mesenchymal progenitor","Fetal","Endocrine system","FetalAdrenalGland","Fetal mesenchymal progenitor","Mesenchymal stem cell","CL:0000134","Adrenal gland","UBERON:0002369",0.23465664006845,0.462801954988531,0.431734317343173,0.521577650637059,0.282681026196668,NA
"JOB2770_IDvCD_downregulated","Downregulated","Lake_2017_VisualCortex_OPC","Adult","Nervous system","Lake_2017_VisualCortex","OPC","Oligodendrocyte precursor cell","CL:0002453","Visual cortex","UBERON:0000411",0.203612394959377,0.484334329551203,0.412915129151292,0.521869833686206,0.282437806502006,NA
"JOB2770_IDvCD_downregulated","Downregulated","Fetal_HCA_Adrenal_SLC26A4_PAEP positive cells","Fetal","Endocrine system","Fetal_HCA_Adrenal","SLC26A4_PAEP positive cells","Cortical cell of adrenal gland","CL:0002097","Adrenal gland","UBERON:0002369",0.234268282010006,0.464901670290053,0.430258302583026,0.521932328604791,0.282385802014371,NA
"JOB2770_IDvCD_downregulated","Downregulated","Enge_2017_Pancreas_acinar cell","Adult","Digestive system","Enge_2017_Pancreas","acinar cell","Acinar cell","CL:0000622","Pancreas","UBERON:0001264",0.158777488966579,0.546214174613721,0.369372693726937,0.524707031147544,0.28008311615592,NA
"JOB2770_IDvCD_downregulated","Downregulated","TS_Lymph_Node_neutrophil","Adult","Lymphatic system","TS_Lymph_Node","neutrophil","Neutrophil","CL:0000775","Lymph node","UBERON:0000029",0.0894376113349716,0.624027153434851,0.325461254612546,0.526847614443305,0.278314982086244,NA
"JOB2770_IDvCD_downregulated","Downregulated","Lake_2017_VisualCortex_Ex6b","Adult","Nervous system","Lake_2017_VisualCortex","Ex6b","Excitatory neuron","CL:0008030","Visual cortex","UBERON:0000411",0.203612394959377,0.491950943880256,0.412915129151292,0.526907113398884,0.278265938286142,NA
"JOB2770_IDvCD_downregulated","Downregulated","Lake_2017_VisualCortex_In6a","Adult","Nervous system","Lake_2017_VisualCortex","In6a","Inhibitory neuron","CL:0008029","Visual cortex","UBERON:0000411",0.203612394959377,0.494091830070043,0.412915129151292,0.528314197816168,0.277107718008189,NA
"JOB2770_IDvCD_downregulated","Downregulated","Madissoon_2020_lung_DC_activated","Adult","Respiratory system","Madissoon_2020_lung","DC_activated","Dendritic cell","CL:0000451","Lung","UBERON:0002048",0.234809018604196,0.470830278200235,0.434686346863469,0.529339233231621,0.276265916051147,NA
"JOB2770_IDvCD_downregulated","Downregulated","Voigt_2019_retina_2_Fibroblasts","Adult","Sensory system","Voigt_2019_retina_2","Fibroblasts","Fibroblast","CL:0000057","Retina","UBERON:0000966",0.234231956221815,0.478158696311431,0.428044280442804,0.529354464674921,0.27625341964772,NA
"JOB2770_IDvCD_downregulated","Downregulated","FetalLiver_Neutrophil","Fetal","Digestive system","FetalLiver","Neutrophil","Neutrophil","CL:0000775","Liver","UBERON:0002107",0.238214373931702,0.466342651379333,0.439483394833948,0.529793307867185,0.275893531834767,NA
"JOB2770_IDvCD_downregulated","Downregulated","Voigt_2019_retina_2_Choriocapillaris","Adult","Sensory system","Voigt_2019_retina_2","Choriocapillaris","Capillary endothelial cell","CL:0002144","Retina","UBERON:0000966",0.234231956221815,0.4835109117859,0.428044280442804,0.532975974622737,0.273292367566186,NA
"JOB2770_IDvCD_downregulated","Downregulated","AdultTransverseColon_B cell (Plasmocyte)","Adult","Digestive system","AdultTransverseColon","B cell (Plasmocyte)","B cell","CL:0000236","Transverse colon","UBERON:0001157",0.317551926790836,0.422166288270829,0.492619926199262,0.534554183323576,0.272008267394768,NA
"JOB2770_IDvCD_downregulated","Downregulated","TS_Muscle_capillary endothelial cell","Adult","Muscular system","TS_Muscle","capillary endothelial cell","Capillary endothelial cell","CL:0002144","Muscle organ","UBERON:0001630",0.0893018293193584,0.654123072756674,0.318081180811808,0.534706037308777,0.271884912299351,NA
"JOB2770_IDvCD_downregulated","Downregulated","FetalSpinalCord_Erythroid progenitor cell (RP high)","Fetal","Nervous system","FetalSpinalCord","Erythroid progenitor cell (RP high)","Erythroid progenitor cell","CL:0000038","Spinal cord","UBERON:0002240",0.303229911854847,0.430976858359571,0.48450184501845,0.535874041990112,0.270937279891444,NA
"JOB2770_IDvCD_downregulated","Downregulated","TS_Thymus_naive regulatory t cell","Adult","Lymphatic system","TS_Thymus","naive regulatory t cell","T cell","CL:0000084","Thymus","UBERON:0002370",0.0893181799001978,0.658610699577575,0.32029520295203,0.539216259901251,0.268237020258125,NA
"JOB2770_IDvCD_downregulated","Downregulated","AdultOmentum_Stromal cell","Adult","Integumentary system","AdultOmentum","Stromal cell","Stromal cell","CL:0000499","Omentum","UBERON:0003688",0.258884735718125,0.471365499747681,0.448708487084871,0.540080509768018,0.267541495099719,NA
"JOB2770_IDvCD_downregulated","Downregulated","TS_Skin_cd4-positive helper t cells","Adult","Integumentary system","TS_Skin","cd4-positive helper t cells","T cell","CL:0000084","Skin of body","UBERON:0002097",0.158969712416315,0.566264397198848,0.374169741697417,0.540660107942739,0.267075673219779,NA
"JOB2770_IDvCD_downregulated","Downregulated","Enge_2017_Pancreas_mesenchymal cell","Adult","Digestive system","Enge_2017_Pancreas","mesenchymal cell","Mesenchymal stem cell","CL:0000134","Pancreas","UBERON:0001264",0.158777488966579,0.576557119265135,0.369372693726937,0.542341673032706,0.265727023495949,NA
"JOB2770_IDvCD_downregulated","Downregulated","TS_Thymus_cd8-positive, alpha-beta cytotoxic t cell","Adult","Lymphatic system","TS_Thymus","cd8-positive, alpha-beta cytotoxic t cell","T cell","CL:0000084","Thymus","UBERON:0002370",0.0893181799001978,0.664909845482143,0.32029520295203,0.542346278370433,0.265723335665251,NA
"JOB2770_IDvCD_downregulated","Downregulated","FetalLung_Fetal chondrocyte","Fetal","Respiratory system","FetalLung","Fetal chondrocyte","Chondrocyte","CL:0000138","Lung","UBERON:0002048",0.280973610068546,0.460167018139561,0.463468634686347,0.542818621197651,0.265345262440686,NA
"JOB2770_IDvCD_downregulated","Downregulated","TS_Salivary_Gland_b cell","Adult","Digestive system","TS_Salivary_Gland","b cell","B cell","CL:0000236","Saliva-secreting gland","UBERON:0001044",0.154095864344289,0.58067420809165,0.368265682656827,0.543697694799837,0.264642508340634,NA
"JOB2770_IDvCD_downregulated","Downregulated","FetalSpinalCord_Erythroid cell","Fetal","Nervous system","FetalSpinalCord","Erythroid cell","Erythroid lineage cell","CL:0000764","Spinal cord","UBERON:0002240",0.303229911854847,0.443245783062585,0.48450184501845,0.545101013867179,0.263523010200313,NA
"JOB2770_IDvCD_downregulated","Downregulated","FetalEyes_Erythroid cell","Fetal","Sensory system","FetalEyes","Erythroid cell","Erythroid lineage cell","CL:0000764","Eye","UBERON:0000970",0.281384331173303,0.460372872580887,0.466789667896679,0.545322322921874,0.26334672398316,NA
"JOB2770_IDvCD_downregulated","Downregulated","FetalSkin_Erythroid progenitor cell (RP high)","Fetal","Integumentary system","FetalSkin","Erythroid progenitor cell (RP high)","Erythroid progenitor cell","CL:0000038","Skin of body","UBERON:0002097",0.295814525596644,0.457408568625796,0.470110701107011,0.545530413142944,0.263181032624726,NA
"JOB2770_IDvCD_downregulated","Downregulated","TS_Prostate_endothelial cell","Adult","Reproductive system","TS_Prostate","endothelial cell","Endothelial cell","CL:0000115","Prostate gland","UBERON:0002367",0.0893316791462873,0.664621649264287,0.323985239852399,0.545983525916578,0.26282046116241,NA
"JOB2770_IDvCD_downregulated","Downregulated","Lake_2017_FrontalCortex_Ex5b","Adult","Nervous system","Lake_2017_FrontalCortex","Ex5b","Excitatory neuron","CL:0008030","Frontal cortex","UBERON:0001870",0.185833122340031,0.539997370485684,0.398892988929889,0.546096472740051,0.262730628581613,NA
"JOB2770_IDvCD_downregulated","Downregulated","Madissoon_2020_lung_DC_Monocyte_Dividing","Adult","Respiratory system","Madissoon_2020_lung","DC_Monocyte_Dividing","Dendritic cell","CL:0000451","Lung","UBERON:0002048",0.234809018604196,0.495779836488914,0.434686346863469,0.54626157900989,0.262599344260781,NA
"JOB2770_IDvCD_downregulated","Downregulated","Fetal_HCA_Adrenal_Schwann cells","Fetal","Endocrine system","Fetal_HCA_Adrenal","Schwann cells","Schwann cell","CL:0002573","Adrenal gland","UBERON:0002369",0.234268282010006,0.510189647381716,0.430258302583026,0.552370684491601,0.25776937843043,NA
"JOB2770_IDvCD_downregulated","Downregulated","VentoTormo_2018_decidua_decidual natural killer cell (dNK1)","Maternal-Fetal","Reproductive system","VentoTormo_2018_decidua","decidual natural killer cell (dNK1)","Natural killer cell","CL:0000623","Decidua","UBERON:0002450",0.163861834301517,0.574580916628408,0.382287822878229,0.552585892501441,0.257600206800951,NA
"JOB2770_IDvCD_downregulated","Downregulated","AdultGallbladder_Fibroblast","Adult","Digestive system","AdultGallbladder","Fibroblast","Fibroblast","CL:0000057","Gall bladder","UBERON:0002110",0.302854372939859,0.462596100547205,0.477859778597786,0.55470459564656,0.255938236039906,NA
"JOB2770_IDvCD_downregulated","Downregulated","TS_Skin_mast cell","Adult","Integumentary system","TS_Skin","mast cell","Mast cell","CL:0000097","Skin of body","UBERON:0002097",0.260833117419272,0.4835109117859,0.45830258302583,0.555516311813247,0.255303184200206,NA
"JOB2770_IDvCD_downregulated","Downregulated","AdultFallopiantube_Dendritic cell","Adult","Reproductive system","AdultFallopiantube","Dendritic cell","Dendritic cell","CL:0000451","Fallopian tube","UBERON:0003889",0.273714888012762,0.480340753389484,0.461623616236162,0.555730752949134,0.255135569623542,NA
"JOB2770_IDvCD_downregulated","Downregulated","AdultAscendingColon_B cell (Plasmocyte)","Adult","Digestive system","AdultAscendingColon","B cell (Plasmocyte)","B cell","CL:0000236","Ascending colon","UBERON:0001156",0.353507324911298,0.425830497326428,0.521771217712177,0.556407305855418,0.25460717617844,NA
"JOB2770_IDvCD_downregulated","Downregulated","Madissoon_2020_lung_Macrophage_MARCOpos","Adult","Respiratory system","Madissoon_2020_lung","Macrophage_MARCOpos","Macrophage","CL:0000235","Lung","UBERON:0002048",0.234809018604196,0.51126009047661,0.434686346863469,0.556485044829032,0.254546502552095,NA
"JOB2770_IDvCD_downregulated","Downregulated","Fetal_HCA_Eye_Lens fibre cells","Fetal","Sensory system","Fetal_HCA_Eye","Lens fibre cells","Lens fibre cell","CL:0011004","Eye","UBERON:0000970",0.302912052558333,0.465642746278826,0.479335793357934,0.55792900227104,0.253421062502699,NA
"JOB2770_IDvCD_downregulated","Downregulated","AdultAdipose_Stromal cell","Adult","Integumentary system","AdultAdipose","Stromal cell","Stromal cell","CL:0000499","Adipose tissue","UBERON:0001013",0.320019533336667,0.452591574698774,0.494464944649447,0.55881518539556,0.252731800761345,NA
"JOB2770_IDvCD_downregulated","Downregulated","TS_Spleen_regulatory t cell","Adult","Lymphatic system","TS_Spleen","regulatory t cell","T cell","CL:0000084","Spleen","UBERON:0002106",0.15895476320632,0.602947658643095,0.372324723247232,0.559864490947037,0.251917076485718,NA
"JOB2770_IDvCD_downregulated","Downregulated","TS_Skin_cd4-positive, alpha-beta memory t cell","Adult","Integumentary system","TS_Skin","cd4-positive, alpha-beta memory t cell","T cell","CL:0000084","Skin of body","UBERON:0002097",0.158969712416315,0.600436234458921,0.374169741697417,0.560122499023376,0.251716982222434,NA
"JOB2770_IDvCD_downregulated","Downregulated","Fetal_HCA_Adrenal_Megakaryocytes","Fetal","Endocrine system","Fetal_HCA_Adrenal","Megakaryocytes","Megakaryocyte","CL:0000556","Adrenal gland","UBERON:0002369",0.234268282010006,0.525711072257677,0.430258302583026,0.562396584455256,0.249957325535778,NA
"JOB2770_IDvCD_downregulated","Downregulated","FetalEyes_Fetal neuron","Fetal","Sensory system","FetalEyes","Fetal neuron","Neuron","CL:0000540","Eye","UBERON:0000970",0.281384331173303,0.487051608176703,0.466789667896679,0.564116481824101,0.248631211282069,NA
"JOB2770_IDvCD_downregulated","Downregulated","FetalLung_Fetal epithelial progenitor","Fetal","Respiratory system","FetalLung","Fetal epithelial progenitor","Epithelial fate stem cell","CL:0000036","Lung","UBERON:0002048",0.280973610068546,0.492527336315968,0.463468634686347,0.565477847027844,0.247584404181524,NA
"JOB2770_IDvCD_downregulated","Downregulated","TS_Skin_cd1c-positive myeloid dendritic cell","Adult","Integumentary system","TS_Skin","cd1c-positive myeloid dendritic cell","Myeloid cell","CL:0000763","Skin of body","UBERON:0002097",0.158969712416315,0.611099494519594,0.374169741697417,0.566044730073323,0.24714924857064,NA
"JOB2770_IDvCD_downregulated","Downregulated","TS_Heart_fibroblast of cardiac tissue","Adult","Cardiovascular system","TS_Heart","fibroblast of cardiac tissue","Fibroblast","CL:0000057","Heart","UBERON:0000948",0.254078512180424,0.516365280621488,0.443542435424354,0.566597712550277,0.246725183131497,NA
"JOB2770_IDvCD_downregulated","Downregulated","Segerstolpe_2016_PancreaticIslets_pancreatic ductal cell","Adult","Digestive system","Segerstolpe_2016_PancreaticIslets","pancreatic ductal cell","Pancreatic ductal cell","CL:0002079","Pancreas","UBERON:0001264",0.163777061524163,0.603524051078807,0.380442804428044,0.567446645972836,0.246074966643899,NA
"JOB2770_IDvCD_downregulated","Downregulated","Fetal_HCA_Placenta_IGFBP1_DKK1 positive cells","Fetal","Reproductive system","Fetal_HCA_Placenta","IGFBP1_DKK1 positive cells","Epithelial cell","CL:0000066","Placenta","UBERON:0001987",0.296099125985576,0.486557557517521,0.473431734317343,0.568542219030119,0.245237279769539,NA
"JOB2770_IDvCD_downregulated","Downregulated","Madissoon_2020_spleen_ILC","Adult","Lymphatic system","Madissoon_2020_spleen","ILC","Innate lymphoid cell","CL:0001065","Spleen","UBERON:0002106",0.302592082611961,0.488698443707309,0.475645756457565,0.571609296613552,0.242900716488602,NA
"JOB2770_IDvCD_downregulated","Downregulated","AdultGallbladder_Smooth muscle cell","Adult","Digestive system","AdultGallbladder","Smooth muscle cell","Smooth muscle cell","CL:0000192","Gall bladder","UBERON:0002110",0.302854372939859,0.486557557517521,0.477859778597786,0.571695296421589,0.242835380894967,NA
"JOB2770_IDvCD_downregulated","Downregulated","CordBloodCD34P_Neutrophil (RPS high)","Neonatal","Reproductive system","CordBloodCD34P","Neutrophil (RPS high)","Neutrophil","CL:0000775","Umbilical cord blood","UBERON:0012168",0.353358531568578,0.447898093436547,0.519926199261993,0.572231371985711,0.242428336137896,NA
"JOB2770_IDvCD_downregulated","Downregulated","FetalSpinalCord_Fetal chondrocyte","Fetal","Nervous system","FetalSpinalCord","Fetal chondrocyte","Chondrocyte","CL:0000138","Spinal cord","UBERON:0002240",0.303229911854847,0.48198758892009,0.48450184501845,0.573177570963266,0.241710812338666,NA
"JOB2770_IDvCD_downregulated","Downregulated","TS_Vasculature_endothelial cell","Adult","Cardiovascular system","TS_Vasculature","endothelial cell","Endothelial cell","CL:0000115","Vasculature","UBERON:0002049",0.149036283438661,0.642430540489372,0.363837638376384,0.573492413838593,0.241472322574969,NA
"JOB2770_IDvCD_downregulated","Downregulated","AdultBoneMarrow_Neutrophil","Adult","Lymphatic system","AdultBoneMarrow","Neutrophil","Neutrophil","CL:0000775","Bone marrow","UBERON:0002371",0.258976084156176,0.523117306296973,0.449446494464945,0.575483857491222,0.239966853964355,NA
"JOB2770_IDvCD_downregulated","Downregulated","FetalStomach_Goblet cell","Fetal","Digestive system","FetalStomach","Goblet cell","Goblet cell","CL:0000160","Stomach","UBERON:0000945",0.310777294536885,0.478611576082348,0.491512915129151,0.575672790101204,0.239824297534915,NA
"JOB2770_IDvCD_downregulated","Downregulated","TS_Spleen_mature nk t cell","Adult","Lymphatic system","TS_Spleen","mature nk t cell","T cell","CL:0000084","Spleen","UBERON:0002106",0.15895476320632,0.631973134870024,0.372324723247232,0.575753029355209,0.239763768294187,NA
"JOB2770_IDvCD_downregulated","Downregulated","TS_Mammary_b cell","Adult","Endocrine system","TS_Mammary","b cell","B cell","CL:0000236","Mammary gland","UBERON:0001911",0.260768126685386,0.515088983085269,0.456826568265683,0.575763316621144,0.239756008607848,NA
"JOB2770_IDvCD_downregulated","Downregulated","Fetal_HCA_Eye_Horizontal cells","Fetal","Sensory system","Fetal_HCA_Eye","Horizontal cells","Retina horizontal cell","CL:0000745","Eye","UBERON:0000970",0.302912052558333,0.492527336315968,0.479335793357934,0.576890074904097,0.238906932789928,NA
"JOB2770_IDvCD_downregulated","Downregulated","AdultAdrenalGland_Smooth muscle cell","Adult","Endocrine system","AdultAdrenalGland","Smooth muscle cell","Smooth muscle cell","CL:0000192","Adrenal gland","UBERON:0002369",0.310354327024826,0.486269361299665,0.486715867158672,0.577739643780279,0.238267830685528,NA
"JOB2770_IDvCD_downregulated","Downregulated","Lake_2017_CerebellarHemisphere_OPC","Adult","Nervous system","Lake_2017_CerebellarHemisphere","OPC","Oligodendrocyte precursor cell","CL:0002453","Cerebellar hemisphere","UBERON:0002245",0.295875887357937,0.50557850789602,0.471955719557196,0.580521158507794,0.236181946716587,NA
"JOB2770_IDvCD_downregulated","Downregulated","FetalSpinalCord_Fetal mesenchymal progenitor","Fetal","Nervous system","FetalSpinalCord","Fetal mesenchymal progenitor","Mesenchymal stem cell","CL:0000134","Spinal cord","UBERON:0002240",0.303229911854847,0.494050659181778,0.48450184501845,0.581605806784975,0.235371266106923,NA
"JOB2770_IDvCD_downregulated","Downregulated","FetalFemaleGonad_Fetal mesenchymal progenitor","Fetal","Reproductive system","FetalFemaleGonad","Fetal mesenchymal progenitor","Mesenchymal stem cell","CL:0000134","Immature gonad","UBERON:2005272",0.3255247048881,0.477458791210923,0.501476014760148,0.581699698008783,0.235301161666912,NA
"JOB2770_IDvCD_downregulated","Downregulated","TS_Eye_plasma cell","Adult","Sensory system","TS_Eye","plasma cell","Plasma cell","CL:0000786","Eye","UBERON:0000970",0.159048131566538,0.636831299685312,0.376383763837638,0.582069549210721,0.235025120102971,NA
"JOB2770_IDvCD_downregulated","Downregulated","FetalMuscle_Smooth muscle cell","Fetal","Muscular system","FetalMuscle","Smooth muscle cell","Smooth muscle cell","CL:0000192","Muscle organ","UBERON:0001630",0.310518068379501,0.490509962790975,0.488929889298893,0.582258090197567,0.234884468437333,NA
"JOB2770_IDvCD_downregulated","Downregulated","TS_Lymph_Node_innate lymphoid cell","Adult","Lymphatic system","TS_Lymph_Node","innate lymphoid cell","Innate lymphoid cell","CL:0001065","Lymph node","UBERON:0000029",0.393998102377124,0.436411415610571,0.550184501845018,0.582660313764907,0.234584561624744,NA
"JOB2770_IDvCD_downregulated","Downregulated","Fetal_HCA_Placenta_Myeloid cells","Fetal","Reproductive system","Fetal_HCA_Placenta","Myeloid cells","Myeloid cell","CL:0000763","Placenta","UBERON:0001987",0.296099125985576,0.50998379294039,0.473431734317343,0.584562230778713,0.233169248325634,NA
"JOB2770_IDvCD_downregulated","Downregulated","TS_Thymus_dn1 thymic pro-t cell","Adult","Lymphatic system","TS_Thymus","dn1 thymic pro-t cell","T cell","CL:0000084","Thymus","UBERON:0002370",0.158938235642005,0.652311553673008,0.371217712177122,0.585566060319841,0.232424103129592,NA
"JOB2770_IDvCD_downregulated","Downregulated","AdultLung_Basal cell","Adult","Respiratory system","AdultLung","Basal cell","Basal cell","CL:0000646","Lung","UBERON:0002048",0.325389815476086,0.488986639925165,0.496309963099631,0.586330349944093,0.231857625050912,NA
"JOB2770_IDvCD_downregulated","Downregulated","FetalLung_Macrophage","Fetal","Respiratory system","FetalLung","Macrophage","Macrophage","CL:0000235","Lung","UBERON:0002048",0.280973610068546,0.524228920280132,0.463468634686347,0.586719192121847,0.231569705381266,NA
"JOB2770_IDvCD_downregulated","Downregulated","TS_Lung_vein endothelial cell","Adult","Respiratory system","TS_Lung","vein endothelial cell","Endothelial cell","CL:0000115","Lung","UBERON:0002048",0.153955483267171,0.662892471957151,0.367527675276753,0.587662920148688,0.230871711162152,NA
"JOB2770_IDvCD_downregulated","Downregulated","AdultLiver_Macrophage","Adult","Digestive system","AdultLiver","Macrophage","Macrophage","CL:0000235","Liver","UBERON:0002107",0.28121608411134,0.525299363375026,0.465313653136531,0.588787957798691,0.230041080999124,NA
"JOB2770_IDvCD_downregulated","Downregulated","TS_Lymph_Node_nk cell","Adult","Lymphatic system","TS_Lymph_Node","nk cell","Natural killer cell","CL:0000623","Lymph node","UBERON:0000029",0.159109484848665,0.648317977511288,0.377121771217712,0.588880732011565,0.22997265542384,NA
"JOB2770_IDvCD_downregulated","Downregulated","FetalKidney_Intercalated cell","Fetal","Urinary system","FetalKidney","Intercalated cell","Renal intercalated cell","CL:0005010","Kidney","UBERON:0002113",0.310525327904564,0.499649899985838,0.490774907749078,0.589894974888864,0.229225303419482,NA
"JOB2770_IDvCD_downregulated","Downregulated","Fetal_HCA_Cerebrum_10k_Oligodendrocytes","Fetal","Nervous system","Fetal_HCA_Cerebrum_10k","Oligodendrocytes","Oligodendrocyte","CL:0000128","Cerebral hemisphere","UBERON:0001869",0.247859000557585,0.556506896680008,0.44169741697417,0.590726421700217,0.228613603812977,NA
"JOB2770_IDvCD_downregulated","Downregulated","AdultArtery_Smooth muscle cell","Adult","Cardiovascular system","AdultArtery","Smooth muscle cell","Smooth muscle cell","CL:0000192","Artery","UBERON:0001637",0.303028104121385,0.513400976666398,0.481180811808118,0.592450746762392,0.22734774877512,NA
"JOB2770_IDvCD_downregulated","Downregulated","TS_Heart_cardiac endothelial cell","Adult","Cardiovascular system","TS_Heart","cardiac endothelial cell","Endothelial cell","CL:0000115","Heart","UBERON:0000948",0.153833508477205,0.680101903251983,0.366789667896679,0.595816564567691,0.224887426934433,NA
"JOB2770_IDvCD_downregulated","Downregulated","AdultStomach_Smooth muscle cell","Adult","Digestive system","AdultStomach","Smooth muscle cell","Smooth muscle cell","CL:0000192","Stomach","UBERON:0000945",0.325567497773796,0.496438570701157,0.503321033210332,0.596390528971498,0.224469262013269,NA
"JOB2770_IDvCD_downregulated","Downregulated","AdultTrachea_Endothelial cell (APC)","Adult","Respiratory system","AdultTrachea","Endothelial cell (APC)","Endothelial cell","CL:0000115","Trachea","UBERON:0003126",0.273502440174791,0.545843636619335,0.460516605166052,0.598469147354071,0.222958233694084,NA
"JOB2770_IDvCD_downregulated","Downregulated","Madissoon_2020_spleen_CD34_progenitor","Adult","Lymphatic system","Madissoon_2020_spleen","CD34_progenitor","Hematopoietic stem cell","CL:0000037","Spleen","UBERON:0002106",0.302592082611961,0.529992844637252,0.475645756457565,0.599460645432614,0.222239323044646,NA
"JOB2770_IDvCD_downregulated","Downregulated","TS_Large_Intestine_b cell","Adult","Digestive system","TS_Large_Intestine","b cell","B cell","CL:0000236","Large intestine","UBERON:0000059",0.158853073088424,0.681460542564733,0.370479704797048,0.599981859956304,0.22186188001631,NA
"JOB2770_IDvCD_downregulated","Downregulated","TS_Prostate_fibroblast","Adult","Reproductive system","TS_Prostate","fibroblast","Fibroblast","CL:0000057","Prostate gland","UBERON:0002367",0.158970690845871,0.672938168693847,0.375645756457565,0.600420845415204,0.221544238328097,NA
"JOB2770_IDvCD_downregulated","Downregulated","TS_Trachea_mucus secreting cell","Adult","Respiratory system","TS_Trachea","mucus secreting cell","Mucus secreting cell","CL:0000319","Trachea","UBERON:0003126",0.260635253322902,0.563547118573348,0.451291512915129,0.602530790345371,0.220020755001365,NA
"JOB2770_IDvCD_downregulated","Downregulated","Madissoon_2020_spleen_B_mature","Adult","Lymphatic system","Madissoon_2020_spleen","B_mature","B cell","CL:0000236","Spleen","UBERON:0002106",0.302592082611961,0.540079712262214,0.475645756457565,0.606026485286397,0.217508395367733,NA
"JOB2770_IDvCD_downregulated","Downregulated","Madissoon_2020_spleen_DC_1","Adult","Lymphatic system","Madissoon_2020_spleen","DC_1","Dendritic cell","CL:0000451","Spleen","UBERON:0002106",0.302592082611961,0.544814364412706,0.475645756457565,0.609077405387674,0.215327510985297,NA
"JOB2770_IDvCD_downregulated","Downregulated","FetalFemaleGonad_Erythroid cell","Fetal","Reproductive system","FetalFemaleGonad","Erythroid cell","Erythroid lineage cell","CL:0000764","Immature gonad","UBERON:2005272",0.3255247048881,0.518629679476072,0.501476014760148,0.610347366421406,0.214422925017663,NA
"JOB2770_IDvCD_downregulated","Downregulated","Fetal_HCA_Cerebrum_10k_Limbic system neurons","Fetal","Nervous system","Fetal_HCA_Cerebrum_10k","Limbic system neurons","Neuron","CL:0000540","Cerebral hemisphere","UBERON:0001869",0.247859000557585,0.596319145632406,0.44169741697417,0.614787227184082,0.211275163978238,NA
"JOB2770_IDvCD_downregulated","Downregulated","van_Zyl_eye_2020_BCell","Adult","Sensory system","van_Zyl_eye_2020","BCell","B cell","CL:0000236","Eye","UBERON:0000970",0.333508354208202,0.51405971087864,0.514391143911439,0.61616618108202,0.210302142066662,NA
"JOB2770_IDvCD_downregulated","Downregulated","AdultStomach_Endothelial cell","Adult","Digestive system","AdultStomach","Endothelial cell","Endothelial cell","CL:0000115","Stomach","UBERON:0000945",0.325567497773796,0.525505217816351,0.503321033210332,0.616259373321115,0.210236462034099,NA
"JOB2770_IDvCD_downregulated","Downregulated","Voigt_2019_retina_1_Retinal pigment epithelium","Adult","Sensory system","Voigt_2019_retina_1","Retinal pigment epithelium","Retinal pigment epithelial cell","CL:0002586","Retina","UBERON:0000966",0.333611646491995,0.514430248873026,0.516605166051661,0.617931409658122,0.209059728892064,NA
"JOB2770_IDvCD_downregulated","Downregulated","CordBloodCD34P_Neutrophil","Neonatal","Reproductive system","CordBloodCD34P","Neutrophil","Neutrophil","CL:0000775","Umbilical cord blood","UBERON:0012168",0.353358531568578,0.513030438672011,0.519926199261993,0.619229121552883,0.20814862753136,NA
"JOB2770_IDvCD_downregulated","Downregulated","van_Zyl_eye_2020_Melanocyte","Adult","Sensory system","van_Zyl_eye_2020","Melanocyte","Melanocyte","CL:0000148","Eye","UBERON:0000970",0.333508354208202,0.51957660990617,0.514391143911439,0.619925871060051,0.207660239073218,NA
"JOB2770_IDvCD_downregulated","Downregulated","AdultArtery_Fibroblast","Adult","Cardiovascular system","AdultArtery","Fibroblast","Fibroblast","CL:0000057","Artery","UBERON:0001637",0.303028104121385,0.557494997998371,0.481180811808118,0.621230737226414,0.206747064409071,NA
"JOB2770_IDvCD_downregulated","Downregulated","FetalMuscle_Dendritic cell","Fetal","Muscular system","FetalMuscle","Dendritic cell","Dendritic cell","CL:0000451","Muscle organ","UBERON:0001630",0.310518068379501,0.550166579887175,0.488929889298893,0.622199466532105,0.206070365587107,NA
"JOB2770_IDvCD_downregulated","Downregulated","AdultTransverseColon_Stromal cell","Adult","Digestive system","AdultTransverseColon","Stromal cell","Stromal cell","CL:0000499","Transverse colon","UBERON:0001157",0.317551926790836,0.546790567049433,0.492619926199262,0.622681170540848,0.205734266852628,NA
"JOB2770_IDvCD_downregulated","Downregulated","FetalRib_Fetal mesenchymal progenitor","Fetal","Skeletal system","FetalRib","Fetal mesenchymal progenitor","Mesenchymal stem cell","CL:0000134","Rib","UBERON:0002228",0.344799363507649,0.521182274548511,0.517343173431734,0.623035409822723,0.205487269787704,NA
"JOB2770_IDvCD_downregulated","Downregulated","FetalAdrenalGland_Erythroid cell","Fetal","Endocrine system","FetalAdrenalGland","Erythroid cell","Erythroid lineage cell","CL:0000764","Adrenal gland","UBERON:0002369",0.363449829563533,0.510560185376102,0.528413284132841,0.623240741768873,0.205344164213768,NA
"JOB2770_IDvCD_downregulated","Downregulated","Fetal_HCA_Intestine_Mesothelial cells","Fetal","Digestive system","Fetal_HCA_Intestine","Mesothelial cells","Mesothelial cell","CL:0000077","Intestine","UBERON:0000160",0.318229139889331,0.547613984814736,0.493726937269373,0.624006518642489,0.204810873465532,NA
"JOB2770_IDvCD_downregulated","Downregulated","van_Zyl_eye_2020_CribiformJCT","Adult","Sensory system","van_Zyl_eye_2020","CribiformJCT","Trabecular meshwork cell","CL:0002367","Eye","UBERON:0000970",0.333508354208202,0.533327686586729,0.514391143911439,0.629166564440417,0.201234364982092,NA
"JOB2770_IDvCD_downregulated","Downregulated","van_Zyl_eye_2020_CornealEpi","Adult","Sensory system","van_Zyl_eye_2020","CornealEpi","Epithelial cell","CL:0000066","Eye","UBERON:0000970",0.333508354208202,0.535345060111722,0.514391143911439,0.630506780330176,0.200310238759182,NA
"JOB2770_IDvCD_downregulated","Downregulated","AdultSigmoidColon_Epithelial cell","Adult","Digestive system","AdultSigmoidColon","Epithelial cell","Epithelial cell","CL:0000066","Sigmoid colon","UBERON:0001159",0.361340728304643,0.525711072257677,0.524354243542435,0.630870402486743,0.200059847198877,NA
"JOB2770_IDvCD_downregulated","Downregulated","AdultHeart_Macrophage","Adult","Cardiovascular system","AdultHeart","Macrophage","Macrophage","CL:0000235","Heart","UBERON:0000948",0.345403393149869,0.532463097933161,0.518081180811808,0.631128407396043,0.199882271579793,NA
"JOB2770_IDvCD_downregulated","Downregulated","CordBloodCD34P_Erythroid progenitor cell (RP high)","Neonatal","Reproductive system","CordBloodCD34P","Erythroid progenitor cell (RP high)","Erythroid progenitor cell","CL:0000038","Umbilical cord blood","UBERON:0012168",0.353358531568578,0.53061040796123,0.519926199261993,0.631153059281223,0.199865308362023,NA
"JOB2770_IDvCD_downregulated","Downregulated","AdultAdrenalGland_Macrophage","Adult","Endocrine system","AdultAdrenalGland","Macrophage","Macrophage","CL:0000235","Adrenal gland","UBERON:0002369",0.310354327024826,0.56811708717078,0.486715867158672,0.631967955653247,0.199304942343869,NA
"JOB2770_IDvCD_downregulated","Downregulated","FetalMuscle_Macrophage","Fetal","Muscular system","FetalMuscle","Macrophage","Macrophage","CL:0000235","Muscle organ","UBERON:0001630",0.310518068379501,0.56684078963456,0.488929889298893,0.632781986190039,0.198745892673494,NA
"JOB2770_IDvCD_downregulated","Downregulated","FetalIntestine_Fetal mesenchymal progenitor","Fetal","Digestive system","FetalIntestine","Fetal mesenchymal progenitor","Mesenchymal stem cell","CL:0000134","Intestine","UBERON:0000160",0.332816117678398,0.548931453239221,0.50590405904059,0.633501616186618,0.198252272808899,NA
"JOB2770_IDvCD_downregulated","Downregulated","TS_Trachea_tracheal goblet cell","Adult","Respiratory system","TS_Trachea","tracheal goblet cell","Goblet cell","CL:0000160","Trachea","UBERON:0003126",0.260635253322902,0.618386741742526,0.451291512915129,0.635248415949741,0.197056409229414,NA
"JOB2770_IDvCD_downregulated","Downregulated","AdultSigmoidColon_B cell","Adult","Digestive system","AdultSigmoidColon","B cell","B cell","CL:0000236","Sigmoid colon","UBERON:0001159",0.361340728304643,0.532957148592343,0.524354243542435,0.635740353556206,0.196720220895224,NA
"JOB2770_IDvCD_downregulated","Downregulated","AdultLung_Endothelial cell (endothelial to mesenchymal transition)","Adult","Respiratory system","AdultLung","Endothelial cell (endothelial to mesenchymal transition)","Endothelial cell","CL:0000115","Lung","UBERON:0002048",0.325389815476086,0.563876485679469,0.496309963099631,0.636248978019757,0.196372902243769,NA
"JOB2770_IDvCD_downregulated","Downregulated","FetalMuscle_Fetal stromal cell","Fetal","Muscular system","FetalMuscle","Fetal stromal cell","Stromal cell","CL:0000499","Muscle organ","UBERON:0001630",0.310518068379501,0.572687055768211,0.488929889298893,0.636435250376999,0.196245773996787,NA
"JOB2770_IDvCD_downregulated","Downregulated","Braga_2020_lung_Lymphatic","Adult","Respiratory system","Braga_2020_lung","Lymphatic","Endothelial cell","CL:0000115","Lung","UBERON:0002048",0.3781433097823,0.525505217816351,0.533579335793358,0.636937668805278,0.195903065966729,NA
"JOB2770_IDvCD_downregulated","Downregulated","CordBloodCD34P_Dendritic cell","Neonatal","Reproductive system","CordBloodCD34P","Dendritic cell","Dendritic cell","CL:0000451","Umbilical cord blood","UBERON:0012168",0.353358531568578,0.539873857820888,0.519926199261993,0.637313683309134,0.19564675699188,NA
"JOB2770_IDvCD_downregulated","Downregulated","van_Zyl_eye_2020_Macrophage","Adult","Sensory system","van_Zyl_eye_2020","Macrophage","Macrophage","CL:0000235","Eye","UBERON:0000970",0.333508354208202,0.548025693697387,0.514391143911439,0.638842039384022,0.194606512584011,NA
"JOB2770_IDvCD_downregulated","Downregulated","FetalAdrenalGland_Fetal endocrine cell","Fetal","Endocrine system","FetalAdrenalGland","Fetal endocrine cell","Endocrine cell","CL:0000163","Adrenal gland","UBERON:0002369",0.363449829563533,0.535180376558661,0.528413284132841,0.639976218417991,0.193836164143822,NA
"JOB2770_IDvCD_downregulated","Downregulated","FetalIntestine_Fetal neuron","Fetal","Digestive system","FetalIntestine","Fetal neuron","Neuron","CL:0000540","Intestine","UBERON:0000160",0.332816117678398,0.559635884188159,0.50590405904059,0.64038732976956,0.193557269297397,NA
"JOB2770_IDvCD_downregulated","Downregulated","Madissoon_2020_oesophagus_NK_T_CD8_Cytotoxic","Adult","Digestive system","Madissoon_2020_oesophagus","NK_T_CD8_Cytotoxic","T cell","CL:0000084","Esophagus","UBERON:0001043",0.363036798987205,0.539997370485684,0.526568265682657,0.641928487771324,0.192513350585613,NA
"JOB2770_IDvCD_downregulated","Downregulated","FetalBrain_Fetal mesenchymal progenitor","Fetal","Nervous system","FetalBrain","Fetal mesenchymal progenitor","Mesenchymal stem cell","CL:0000134","Brain","UBERON:0000955",0.332990956108517,0.559059491752447,0.509225092250922,0.642357920254591,0.192222916670533,NA
"JOB2770_IDvCD_downregulated","Downregulated","Fetal_HCA_Pancreas_ENS neurons","Fetal","Digestive system","Fetal_HCA_Pancreas","ENS neurons","Neuron","CL:0000540","Pancreas","UBERON:0001264",0.332696397007108,0.564205852785591,0.50479704797048,0.642511582124466,0.192119039191365,NA
"JOB2770_IDvCD_downregulated","Downregulated","AdultUterus_Fibroblast","Adult","Reproductive system","AdultUterus","Fibroblast","Fibroblast","CL:0000057","Uterus","UBERON:0000995",0.369161324333639,0.537979996960691,0.529889298892989,0.642838501638192,0.191898119854769,NA
"JOB2770_IDvCD_downregulated","Downregulated","AdultLung_AT2 cell","Adult","Respiratory system","AdultLung","AT2 cell","Alveolar capillary type 2 endothelial cell","CL:4028003","Lung","UBERON:0002048",0.325389815476086,0.574869112846264,0.496309963099631,0.643143900957283,0.191691844494726,NA
"JOB2770_IDvCD_downregulated","Downregulated","Fetal_HCA_Stomach_Erythroblasts","Fetal","Digestive system","Fetal_HCA_Stomach","Erythroblasts","Erythroblast","CL:0000765","Stomach","UBERON:0000945",0.377521598908492,0.539256294496911,0.530627306273063,0.644184713407587,0.190989585262217,NA
"JOB2770_IDvCD_downregulated","Downregulated","TS_Thymus_naive b cell","Adult","Lymphatic system","TS_Thymus","naive b cell","B cell","CL:0000236","Thymus","UBERON:0002370",0.260774004968416,0.632508356417471,0.457564575645756,0.648256854409656,0.188252882477543,NA
"JOB2770_IDvCD_downregulated","Downregulated","Braga_2020_lung_Alveolar cells type 2","Adult","Respiratory system","Braga_2020_lung","Alveolar cells type 2","Alveolar capillary type 2 endothelial cell","CL:4028003","Lung","UBERON:0002048",0.3781433097823,0.544073288423933,0.533579335793358,0.649362517756101,0.187512783159188,NA
"JOB2770_IDvCD_downregulated","Downregulated","FetalPancreas_Endothelial cell","Fetal","Digestive system","FetalPancreas","Endothelial cell","Endothelial cell","CL:0000115","Pancreas","UBERON:0001264",0.33293229048505,0.574910283734529,0.508118081180812,0.651602969652217,0.18601694508079,NA
"JOB2770_IDvCD_downregulated","Downregulated","AdultLung_Endothelial cell (APC)","Adult","Respiratory system","AdultLung","Endothelial cell (APC)","Endothelial cell","CL:0000115","Lung","UBERON:0002048",0.325389815476086,0.590225854169164,0.496309963099631,0.652601887718341,0.185351674304697,NA
"JOB2770_IDvCD_downregulated","Downregulated","Fetal_HCA_Lung_Stromal cells","Fetal","Respiratory system","Fetal_HCA_Lung","Stromal cells","Stromal cell","CL:0000499","Lung","UBERON:0002048",0.333471602941801,0.5738810115279,0.511808118081181,0.653560974126358,0.184713888586398,NA
"JOB2770_IDvCD_downregulated","Downregulated","FetalPancreas_Fetal neuron","Fetal","Digestive system","FetalPancreas","Fetal neuron","Neuron","CL:0000540","Pancreas","UBERON:0001264",0.33293229048505,0.578327467460536,0.508118081180812,0.653734520731005,0.184598581322676,NA
"JOB2770_IDvCD_downregulated","Downregulated","TS_Lung_capillary endothelial cell","Adult","Respiratory system","TS_Lung","capillary endothelial cell","Endothelial cell","CL:0000115","Lung","UBERON:0002048",0.254204050373592,0.659804655337265,0.445756457564576,0.654044914189281,0.184392427035371,NA
"JOB2770_IDvCD_downregulated","Downregulated","FetalCalvaria_Erythroid cell","Fetal","Skeletal system","FetalCalvaria","Erythroid cell","Erythroid lineage cell","CL:0000764","Vault of skull","UBERON:0004339",0.401975007688883,0.533204173921934,0.552767527675277,0.654810058998308,0.183884657705569,NA
"JOB2770_IDvCD_downregulated","Downregulated","ChorionicVillus_Stromal cell","Adult","Reproductive system","ChorionicVillus","Stromal cell","Stromal cell","CL:0000499","Chorionic villus","UBERON:0007106",0.332874308572877,0.581785822074809,0.507011070110701,0.655095713598445,0.183695242220682,NA
"JOB2770_IDvCD_downregulated","Downregulated","AdultCervix_Smooth muscle cell","Adult","Reproductive system","AdultCervix","Smooth muscle cell","Smooth muscle cell","CL:0000192","Uterine cervix","UBERON:0000002",0.33322218112598,0.579850790326347,0.509963099630996,0.655986847034012,0.183104868425889,NA
"JOB2770_IDvCD_downregulated","Downregulated","AdultStomach_Goblet cell","Adult","Digestive system","AdultStomach","Goblet cell","Goblet cell","CL:0000160","Stomach","UBERON:0000945",0.325567497773796,0.588043797091111,0.503321033210332,0.656318498682531,0.182885354751876,NA
"JOB2770_IDvCD_downregulated","Downregulated","Fetal_HCA_Lung_Neuroendocrine cells","Fetal","Respiratory system","Fetal_HCA_Lung","Neuroendocrine cells","Epithelial cell","CL:0000066","Lung","UBERON:0002048",0.333471602941801,0.578903859896248,0.511808118081181,0.656699263125818,0.18263347102864,NA
"JOB2770_IDvCD_downregulated","Downregulated","Lake_2017_FrontalCortex_End","Adult","Nervous system","Lake_2017_FrontalCortex","End","Endothelial cell","CL:0000115","Frontal cortex","UBERON:0001870",0.303191682954461,0.616081171999677,0.482656826568266,0.657996588880911,0.181776357805554,NA
"JOB2770_IDvCD_downregulated","Downregulated","AdultPancreas_Enterocyte progenitor","Adult","Digestive system","AdultPancreas","Enterocyte progenitor","Enterocyte","CL:0000584","Pancreas","UBERON:0001264",0.378067150904228,0.55980056774122,0.53210332103321,0.658621908537971,0.181363826920656,NA
"JOB2770_IDvCD_downregulated","Downregulated","AdultTrachea_B cell (Plasmocyte)","Adult","Respiratory system","AdultTrachea","B cell (Plasmocyte)","B cell","CL:0000236","Trachea","UBERON:0003126",0.418675450077383,0.539132781832115,0.556457564575646,0.661197276913502,0.179668943702942,NA
"JOB2770_IDvCD_downregulated","Downregulated","Lake_2017_CerebellarHemisphere_Gran","Adult","Nervous system","Lake_2017_CerebellarHemisphere","Gran","Cerebellar granule cell","CL:0001031","Cerebellar hemisphere","UBERON:0002245",0.295875887357937,0.637160666791433,0.471955719557196,0.662047770250776,0.179110672784147,NA
"JOB2770_IDvCD_downregulated","Downregulated","TS_Salivary_Gland_cd4-positive helper t cell","Adult","Digestive system","TS_Salivary_Gland","cd4-positive helper t cell","T cell","CL:0000084","Saliva-secreting gland","UBERON:0001044",0.254399286758029,0.671950067375483,0.447970479704797,0.662410710689323,0.178872653947114,NA
"JOB2770_IDvCD_downregulated","Downregulated","Braga_2020_lung_Alveolar cells type 1","Adult","Respiratory system","Braga_2020_lung","Alveolar cells type 1","Alveolar capillary type 1 endothelial cell","CL:4028002","Lung","UBERON:0002048",0.3781433097823,0.564617561668242,0.533579335793358,0.662716119048428,0.178672466064025,NA
"JOB2770_IDvCD_downregulated","Downregulated","Enge_2017_Pancreas_pancreatic ductal cell","Adult","Digestive system","Enge_2017_Pancreas","pancreatic ductal cell","Pancreatic ductal cell","CL:0002079","Pancreas","UBERON:0001264",0.260689718412188,0.663839402387249,0.454612546125461,0.663341288716824,0.178262969829905,NA
"JOB2770_IDvCD_downregulated","Downregulated","TS_Lymph_Node_naive b cell","Adult","Lymphatic system","TS_Lymph_Node","naive b cell","B cell","CL:0000236","Lymph node","UBERON:0000029",0.260993025598496,0.657457914706151,0.459040590405904,0.663353446576294,0.178255010061709,NA
"JOB2770_IDvCD_downregulated","Downregulated","TS_Lung_capillary aerocyte","Adult","Respiratory system","TS_Lung","capillary aerocyte","Alveolar capillary type 1 endothelial cell","CL:4028002","Lung","UBERON:0002048",0.254204050373592,0.677219941073422,0.445756457564576,0.663443637044265,0.178195966786586,NA
"JOB2770_IDvCD_downregulated","Downregulated","TS_Lung_endothelial cell of artery","Adult","Respiratory system","TS_Lung","endothelial cell of artery","Endothelial cell","CL:0000115","Lung","UBERON:0002048",0.254204050373592,0.678496238609642,0.445756457564576,0.664124517951079,0.177750486310909,NA
"JOB2770_IDvCD_downregulated","Downregulated","TS_Fat_neutrophil","Adult","Integumentary system","TS_Fat","neutrophil","Neutrophil","CL:0000775","Perirenal fat","UBERON:0005406",0.254160282364775,0.681295859011672,0.444280442804428,0.664414232652063,0.177561072945434,NA
"JOB2770_IDvCD_downregulated","Downregulated","Lake_2017_VisualCortex_Ex8","Adult","Nervous system","Lake_2017_VisualCortex","Ex8","Excitatory neuron","CL:0008030","Visual cortex","UBERON:0000411",0.325479186297187,0.607311772799201,0.499261992619926,0.665036719848841,0.177154374565379,NA
"JOB2770_IDvCD_downregulated","Downregulated","Madissoon_2020_oesophagus_Endothelia_Lymphatic","Adult","Digestive system","Madissoon_2020_oesophagus","Endothelia_Lymphatic","Endothelial cell","CL:0000115","Esophagus","UBERON:0001043",0.363036798987205,0.576310093935544,0.526568265682657,0.665345589206851,0.176952717854658,NA
"JOB2770_IDvCD_downregulated","Downregulated","Segerstolpe_2016_PancreaticIslets_pancreatic A cell","Adult","Digestive system","Segerstolpe_2016_PancreaticIslets","pancreatic A cell","Pancreatic A cell","CL:0000171","Pancreas","UBERON:0001264",0.267234055663568,0.665897946800507,0.459778597785978,0.66855215665232,0.174864705884855,NA
"JOB2770_IDvCD_downregulated","Downregulated","Fetal_HCA_Muscle_Skeletal muscle cells","Fetal","Muscular system","Fetal_HCA_Muscle","Skeletal muscle cells","Cell of skeletal muscle","CL:0000188","Muscle organ","UBERON:0001630",0.410466186316369,0.552760345847879,0.554243542435424,0.668786720860588,0.174712358646529,NA
"JOB2770_IDvCD_downregulated","Downregulated","TS_Bladder_b cell","Adult","Urinary system","TS_Bladder","b cell","B cell","CL:0000236","Bladder organ","UBERON:0018707",0.260739287782436,0.672526459811195,0.456088560885609,0.669221568991983,0.174430070185371,NA
"JOB2770_IDvCD_downregulated","Downregulated","TS_Muscle_t cell","Adult","Muscular system","TS_Muscle","t cell","T cell","CL:0000084","Muscle organ","UBERON:0001630",0.260694146374586,0.674132124453536,0.455350553505535,0.669498974329863,0.174250083989122,NA
"JOB2770_IDvCD_downregulated","Downregulated","Fetal_HCA_Muscle_Erythroblasts","Fetal","Muscular system","Fetal_HCA_Muscle","Erythroblasts","Erythroblast","CL:0000765","Muscle organ","UBERON:0001630",0.410466186316369,0.555765820691235,0.554243542435424,0.670752770233829,0.173437524999995,NA
"JOB2770_IDvCD_downregulated","Downregulated","NeonatalAdrenalGland_Erythroid cell","Neonatal","Endocrine system","NeonatalAdrenalGland","Erythroid cell","Erythroid lineage cell","CL:0000764","Adrenal gland","UBERON:0002369",0.436064497952581,0.549096136792281,0.562730627306273,0.671885956418993,0.172704436322793,NA
"JOB2770_IDvCD_downregulated","Downregulated","Lake_2017_VisualCortex_In1a","Adult","Nervous system","Lake_2017_VisualCortex","In1a","Inhibitory neuron","CL:0008029","Visual cortex","UBERON:0000411",0.325479186297187,0.619498355725685,0.499261992619926,0.672236698251372,0.17247778253446,NA
"JOB2770_IDvCD_downregulated","Downregulated","FetalAdrenalGland_Fetal neuron","Fetal","Endocrine system","FetalAdrenalGland","Fetal neuron","Neuron","CL:0000540","Adrenal gland","UBERON:0002369",0.363449829563533,0.585779398236528,0.528413284132841,0.672520151787475,0.172294697676517,NA
"JOB2770_IDvCD_downregulated","Downregulated","TS_Large_Intestine_mature enterocyte","Adult","Digestive system","TS_Large_Intestine","mature enterocyte","Enterocyte","CL:0000584","Large intestine","UBERON:0000059",0.393609929952267,0.571904808891173,0.54169741697417,0.672831670510448,0.172093574278797,NA
"JOB2770_IDvCD_downregulated","Downregulated","TS_Trachea_ciliated cell","Adult","Respiratory system","TS_Trachea","ciliated cell","Ciliated cell","CL:0000064","Trachea","UBERON:0003126",0.260635253322902,0.687800859357565,0.451291512915129,0.673533407414091,0.171640858299166,NA
"JOB2770_IDvCD_downregulated","Downregulated","FetalLiver_Macrophage","Fetal","Digestive system","FetalLiver","Macrophage","Macrophage","CL:0000235","Liver","UBERON:0002107",0.377567703058561,0.586643986890096,0.531365313653137,0.675079037648798,0.170645377383418,NA
"JOB2770_IDvCD_downregulated","Downregulated","TS_Trachea_b cell","Adult","Respiratory system","TS_Trachea","b cell","B cell","CL:0000236","Trachea","UBERON:0003126",0.260635253322902,0.691218043083573,0.451291512915129,0.675333735929481,0.170481554793279,NA
"JOB2770_IDvCD_downregulated","Downregulated","AdultStomach_B cell (Plasmocyte)","Adult","Digestive system","AdultStomach","B cell (Plasmocyte)","B cell","CL:0000236","Stomach","UBERON:0000945",0.476395172163625,0.525669901369412,0.593726937269373,0.675524212456826,0.170359080175714,NA
"JOB2770_IDvCD_downregulated","Downregulated","TS_Pancreas_fibroblast","Adult","Digestive system","TS_Pancreas","fibroblast","Fibroblast","CL:0000057","Pancreas","UBERON:0001264",0.254279432332564,0.702169499362102,0.447232472324723,0.677763985626022,0.168921512010052,NA
"JOB2770_IDvCD_downregulated","Downregulated","AdultKidney_Endothelial cell (APC)","Adult","Urinary system","AdultKidney","Endothelial cell (APC)","Endothelial cell","CL:0000115","Kidney","UBERON:0002113",0.333322795713691,0.617851520195079,0.51070110701107,0.679502932474212,0.167808664678918,NA
"JOB2770_IDvCD_downregulated","Downregulated","Fetal_HCA_Kidney_Ureteric bud cells","Fetal","Urinary system","Fetal_HCA_Kidney","Ureteric bud cells","Epithelial cell","CL:0000066","Kidney","UBERON:0002113",0.356208358467222,0.604512152397171,0.522878228782288,0.680135470562134,0.167404575149844,NA
"JOB2770_IDvCD_downregulated","Downregulated","AdultLiver_T cell","Adult","Digestive system","AdultLiver","T cell","T cell","CL:0000084","Liver","UBERON:0002107",0.427523069514263,0.5666761060815,0.559040590405904,0.680950916527056,0.166884191243889,NA
"JOB2770_IDvCD_downregulated","Downregulated","AdultOmentum_Dendritic cell","Adult","Integumentary system","AdultOmentum","Dendritic cell","Dendritic cell","CL:0000451","Omentum","UBERON:0003688",0.401838242772745,0.574992625511059,0.551660516605166,0.681417105603544,0.166586968543333,NA
"JOB2770_IDvCD_downregulated","Downregulated","CordBlood_Erythroid cell","Neonatal","Reproductive system","CordBlood","Erythroid cell","Erythroid lineage cell","CL:0000764","Umbilical cord blood","UBERON:0012168",0.448079814725766,0.556753922009599,0.572693726937269,0.683305956310035,0.165384793559025,NA
"JOB2770_IDvCD_downregulated","Downregulated","AdultPeripheralBlood_T cell","Adult","Lymphatic system","AdultPeripheralBlood","T cell","T cell","CL:0000084","Blood","UBERON:0000178",0.44828005005285,0.556054016909091,0.573431734317343,0.683316861540998,0.165377862485477,NA
"JOB2770_IDvCD_downregulated","Downregulated","AdultEsophagus_Basal cell","Adult","Digestive system","AdultEsophagus","Basal cell","Basal cell","CL:0000646","Esophagus","UBERON:0001043",0.427562263321831,0.570546169578423,0.560885608856089,0.684631658830001,0.164543022029473,NA
"JOB2770_IDvCD_downregulated","Downregulated","Fetal_HCA_Muscle_Satellite cells","Fetal","Muscular system","Fetal_HCA_Muscle","Satellite cells","Skeletal muscle satellite cell","CL:0000594","Muscle organ","UBERON:0001630",0.410466186316369,0.578162783907476,0.554243542435424,0.685123421511834,0.164231185510132,NA
"JOB2770_IDvCD_downregulated","Downregulated","Lake_2017_VisualCortex_Ex3d","Adult","Nervous system","Lake_2017_VisualCortex","Ex3d","Excitatory neuron","CL:0008030","Visual cortex","UBERON:0000411",0.325479186297187,0.642224686048046,0.499261992619926,0.685345722317235,0.164090293590909,NA
"JOB2770_IDvCD_downregulated","Downregulated","Fetal_HCA_Kidney_Mesangial cells","Fetal","Urinary system","Fetal_HCA_Kidney","Mesangial cells","Mesangial cell","CL:0000650","Kidney","UBERON:0002113",0.356208358467222,0.614969558016518,0.522878228782288,0.686386103543569,0.163431517722636,NA
"JOB2770_IDvCD_downregulated","Downregulated","NeonatalAdrenalGland_Smooth muscle cell","Neonatal","Endocrine system","NeonatalAdrenalGland","Smooth muscle cell","Smooth muscle cell","CL:0000192","Adrenal gland","UBERON:0002369",0.436064497952581,0.574086865969226,0.562730627306273,0.688086831906184,0.162356753278738,NA
"JOB2770_IDvCD_downregulated","Downregulated","TS_Bone_Marrow_cd4-positive, alpha-beta t cell","Adult","Lymphatic system","TS_Bone_Marrow","cd4-positive, alpha-beta t cell","T cell","CL:0000084","Bone marrow","UBERON:0002371",0.260687290382746,0.721066937075805,0.453505535055351,0.692527771709975,0.159562805861268,NA
"JOB2770_IDvCD_downregulated","Downregulated","FetalLung_Fetal mesenchymal progenitor","Fetal","Respiratory system","FetalLung","Fetal mesenchymal progenitor","Mesenchymal stem cell","CL:0000134","Lung","UBERON:0002048",0.427199331469536,0.588249651532437,0.55719557195572,0.693378909415345,0.159029372463062,NA
"JOB2770_IDvCD_downregulated","Downregulated","FetalStomach_Fetal epithelial progenitor","Fetal","Digestive system","FetalStomach","Fetal epithelial progenitor","Epithelial fate stem cell","CL:0000036","Stomach","UBERON:0000945",0.460384398647367,0.557042118227455,0.588560885608856,0.693471593727783,0.158971323977779,NA
"JOB2770_IDvCD_downregulated","Downregulated","AdultLiver_Monocyte","Adult","Digestive system","AdultLiver","Monocyte","Monocyte","CL:0000576","Liver","UBERON:0002107",0.427523069514263,0.587879113538051,0.559040590405904,0.694357299934527,0.158416994301901,NA
"JOB2770_IDvCD_downregulated","Downregulated","AdultLiver_Antigen presenting cell (RPS high)","Adult","Digestive system","AdultLiver","Antigen presenting cell (RPS high)","Professional antigen presenting cell","CL:0000145","Liver","UBERON:0002107",0.427523069514263,0.591666835258444,0.559040590405904,0.696706766507064,0.156949971520247,NA
"JOB2770_IDvCD_downregulated","Downregulated","TS_Lung_neutrophil","Adult","Respiratory system","TS_Lung","neutrophil","Neutrophil","CL:0000775","Lung","UBERON:0002048",0.386113306641301,0.615175412457844,0.538745387453875,0.69743313649693,0.156497422236945,NA
"JOB2770_IDvCD_downregulated","Downregulated","AdultPleura_T cell","Adult","Respiratory system","AdultPleura","T cell","T cell","CL:0000084","Pleura","UBERON:0000977",0.44331658165201,0.58619110711918,0.566051660516605,0.697865299402978,0.156228395960483,NA
"JOB2770_IDvCD_downregulated","Downregulated","TS_Large_Intestine_intestinal crypt stem cell of large intestine","Adult","Digestive system","TS_Large_Intestine","intestinal crypt stem cell of large intestine","Intestinal crypt stem cell","CL:0002250","Large intestine","UBERON:0000059",0.393609929952267,0.615628292228761,0.54169741697417,0.699703200579668,0.15508613953518,NA
"JOB2770_IDvCD_downregulated","Downregulated","FetalSkin_Smooth muscle cell","Fetal","Integumentary system","FetalSkin","Smooth muscle cell","Smooth muscle cell","CL:0000192","Skin of body","UBERON:0002097",0.443872298829331,0.585203005800816,0.570479704797048,0.700100737931255,0.154839464585873,NA
"JOB2770_IDvCD_downregulated","Downregulated","AdultTemporalLobe_Macrophage","Adult","Nervous system","AdultTemporalLobe","Macrophage","Microglial cell","CL:0000129","Temporal lobe","UBERON:0001871",0.410494754038253,0.603812247296663,0.555719557195572,0.701965632627562,0.153684149872431,NA
"JOB2770_IDvCD_downregulated","Downregulated","Fetal_HCA_Adrenal_Chromaffin cells","Fetal","Endocrine system","Fetal_HCA_Adrenal","Chromaffin cells","Neuron","CL:0000540","Adrenal gland","UBERON:0002369",0.362931644397923,0.638807502322039,0.525461254612546,0.702094811902805,0.15360423615249,NA
"JOB2770_IDvCD_downregulated","Downregulated","FetalSpinalCord_B cell","Fetal","Nervous system","FetalSpinalCord","B cell","B cell","CL:0000236","Spinal cord","UBERON:0002240",0.452132032147606,0.579727277661551,0.580811808118081,0.703232696799696,0.152900944945713,NA
"JOB2770_IDvCD_downregulated","Downregulated","AdultOmentum_Neutrophil","Adult","Integumentary system","AdultOmentum","Neutrophil","Neutrophil","CL:0000775","Omentum","UBERON:0003688",0.401838242772745,0.613693260480299,0.551660516605166,0.705228283995353,0.151670278141319,NA
"JOB2770_IDvCD_downregulated","Downregulated","AdultJeJunum_Mast cell","Adult","Digestive system","AdultJeJunum","Mast cell","Mast cell","CL:0000097","Jejunum","UBERON:0002115",0.443445734166232,0.600559747123716,0.568265682656827,0.708171061475741,0.149861824115865,NA
"JOB2770_IDvCD_downregulated","Downregulated","AdultBladder_Macrophage","Adult","Urinary system","AdultBladder","Macrophage","Macrophage","CL:0000235","Bladder organ","UBERON:0018707",0.443141227632083,0.605829620821655,0.563837638376384,0.708506388969157,0.14965622914053,NA
"JOB2770_IDvCD_downregulated","Downregulated","FetalEyes_Endothelial cell","Fetal","Sensory system","FetalEyes","Endothelial cell","Endothelial cell","CL:0000115","Eye","UBERON:0000970",0.427686863055202,0.610276076754291,0.561623616236162,0.709746055647939,0.148897012349262,NA
"JOB2770_IDvCD_downregulated","Downregulated","TS_Small_Intestine_mature enterocyte","Adult","Digestive system","TS_Small_Intestine","mature enterocyte","Enterocyte","CL:0000584","Small intestine","UBERON:0002108",0.546872950141294,0.541479522463229,0.633210332103321,0.70987984784216,0.148815152456876,NA
"JOB2770_IDvCD_downregulated","Downregulated","Lake_2017_VisualCortex_Ex4","Adult","Nervous system","Lake_2017_VisualCortex","Ex4","Excitatory neuron","CL:0008030","Visual cortex","UBERON:0000411",0.325479186297187,0.689365353111641,0.499261992619926,0.711272634103369,0.147963900266761,NA
"JOB2770_IDvCD_downregulated","Downregulated","Fetal_HCA_Eye_PDE11A_FAM19A2 positive cells","Fetal","Sensory system","Fetal_HCA_Eye","PDE11A_FAM19A2 positive cells","Neuron","CL:0000540","Eye","UBERON:0000970",0.45176724308455,0.596854367179853,0.577490774907749,0.711809805071654,0.147636033950626,NA
"JOB2770_IDvCD_downregulated","Downregulated","Placenta_Fetal stromal cell","Adult","Reproductive system","Placenta","Fetal stromal cell","Stromal cell","CL:0000499","Placenta","UBERON:0001987",0.459776469991803,0.592119715029361,0.583394833948339,0.712620276263287,0.147141824780427,NA
"JOB2770_IDvCD_downregulated","Downregulated","FetalStomach_Smooth muscle cell","Fetal","Digestive system","FetalStomach","Smooth muscle cell","Smooth muscle cell","CL:0000192","Stomach","UBERON:0000945",0.460384398647367,0.588702531303354,0.588560885608856,0.713732329075689,0.146464631082237,NA
"JOB2770_IDvCD_downregulated","Downregulated","AdultLiver_Endothelial cell (APC)","Adult","Digestive system","AdultLiver","Endothelial cell (APC)","Endothelial cell","CL:0000115","Liver","UBERON:0002107",0.427523069514263,0.620115919049662,0.559040590405904,0.713925911829172,0.146346855105135,NA
"JOB2770_IDvCD_downregulated","Downregulated","AdultCerebellum_Neutrophil","Adult","Nervous system","AdultCerebellum","Neutrophil","Neutrophil","CL:0000775","Cerebellum","UBERON:0002037",0.443984499962117,0.611099494519594,0.571586715867159,0.716698331746444,0.144663606433427,NA
"JOB2770_IDvCD_downregulated","Downregulated","AdultCerebellum_Macrophage","Adult","Nervous system","AdultCerebellum","Macrophage","Microglial cell","CL:0000129","Cerebellum","UBERON:0002037",0.443984499962117,0.613528576927238,0.571586715867159,0.718155975900465,0.143781221334023,NA
"JOB2770_IDvCD_downregulated","Downregulated","Fetal_HCA_Heart_ELF3_AGBL2 positive cells","Fetal","Cardiovascular system","Fetal_HCA_Heart","ELF3_AGBL2 positive cells","Endothelial cell","CL:0000115","Heart","UBERON:0000948",0.459774015728902,0.603688734631868,0.581918819188192,0.718797836831726,0.143393238537825,NA
"JOB2770_IDvCD_downregulated","Downregulated","TS_Lung_b cell","Adult","Respiratory system","TS_Lung","b cell","B cell","CL:0000236","Lung","UBERON:0002048",0.386113306641301,0.655275857628098,0.538745387453875,0.720602342558264,0.142304330392088,NA
"JOB2770_IDvCD_downregulated","Downregulated","AdultStomach_Fibroblast","Adult","Digestive system","AdultStomach","Fibroblast","Fibroblast","CL:0000057","Stomach","UBERON:0000945",0.476395172163625,0.594795822766596,0.593726937269373,0.720726701630951,0.142229387811288,NA
"JOB2770_IDvCD_downregulated","Downregulated","Lake_2017_CerebellarHemisphere_Per","Adult","Nervous system","Lake_2017_CerebellarHemisphere","Per","Pericyte cell","CL:0000669","Cerebellar hemisphere","UBERON:0002245",0.443737400740243,0.620404115267518,0.569372693726937,0.720825426254391,0.142169902540619,NA
"JOB2770_IDvCD_downregulated","Downregulated","Fetal_HCA_Cerebellum_10k_Unipolar brush cells","Fetal","Nervous system","Fetal_HCA_Cerebellum_10k","Unipolar brush cells","Neuron","CL:0000540","Cerebellum","UBERON:0002037",0.508196851100821,0.583432657605415,0.605535055350554,0.720875126767642,0.1421399592093,NA
"JOB2770_IDvCD_downregulated","Downregulated","Fetal_HCA_Eye_Skeletal muscle cells","Fetal","Sensory system","Fetal_HCA_Eye","Skeletal muscle cells","Cell of skeletal muscle","CL:0000188","Eye","UBERON:0000970",0.45176724308455,0.612293450279284,0.577490774907749,0.721192226412406,0.141948963098265,NA
"JOB2770_IDvCD_downregulated","Downregulated","Fetal_HCA_Cerebrum_10k_Inhibitory neurons","Fetal","Nervous system","Fetal_HCA_Cerebrum_10k","Inhibitory neurons","Inhibitory neuron","CL:0008029","Cerebral hemisphere","UBERON:0001869",0.378943367589848,0.660586902214302,0.535424354243542,0.721296688905723,0.141886061423235,NA
"JOB2770_IDvCD_downregulated","Downregulated","FetalKidney_Fetal fibroblast","Fetal","Urinary system","FetalKidney","Fetal fibroblast","Fibroblast","CL:0000057","Kidney","UBERON:0002113",0.460064984322531,0.603647563743603,0.586715867158672,0.721790347393441,0.141588930120506,NA
"JOB2770_IDvCD_downregulated","Downregulated","AdultAdrenalGland_Stromal cell","Adult","Endocrine system","AdultAdrenalGland","Stromal cell","Stromal cell","CL:0000499","Adrenal gland","UBERON:0002369",0.45989153945631,0.607023576581345,0.58450184501845,0.722450757056151,0.141191749495446,NA
"JOB2770_IDvCD_downregulated","Downregulated","AdultPleura_Dendritic cell","Adult","Respiratory system","AdultPleura","Dendritic cell","Dendritic cell","CL:0000451","Pleura","UBERON:0000977",0.44331658165201,0.627320824496063,0.566051660516605,0.722750711178739,0.141011472316108,NA
"JOB2770_IDvCD_downregulated","Downregulated","Madissoon_2020_spleen_T_CD8_gd","Adult","Lymphatic system","Madissoon_2020_spleen","T_CD8_gd","Thymocyte","CL:0000893","Spleen","UBERON:0002106",0.451324205202116,0.620115919049662,0.575276752767528,0.724447279852373,0.13999321392267,NA
"JOB2770_IDvCD_downregulated","Downregulated","FetalFemaleGonad_Primordial germ cell","Fetal","Reproductive system","FetalFemaleGonad","Primordial germ cell","Primordial germ cell","CL:0000670","Immature gonad","UBERON:2005272",0.476396312424036,0.599365791364027,0.595571955719557,0.724681378407215,0.139852898277273,NA
"JOB2770_IDvCD_downregulated","Downregulated","AdultPleura_Macrophage","Adult","Respiratory system","AdultPleura","Macrophage","Macrophage","CL:0000235","Pleura","UBERON:0000977",0.44331658165201,0.632426014640941,0.566051660516605,0.725730989531282,0.139224331658598,NA
"JOB2770_IDvCD_downregulated","Downregulated","Fetal_HCA_Cerebrum_10k_Astrocytes","Fetal","Nervous system","Fetal_HCA_Cerebrum_10k","Astrocytes","Astrocyte","CL:0000127","Cerebral hemisphere","UBERON:0001869",0.378943367589848,0.671620700269362,0.535424354243542,0.727387693381267,0.138234051015455,NA
"JOB2770_IDvCD_downregulated","Downregulated","Voigt_2019_retina_1_Melanocyte","Adult","Sensory system","Voigt_2019_retina_1","Melanocyte","Melanocyte","CL:0000148","Retina","UBERON:0000966",0.485051218909169,0.597595443168626,0.601845018450184,0.727446763997118,0.13819878371423,NA
"JOB2770_IDvCD_downregulated","Downregulated","AdultPleura_Fibroblast","Adult","Respiratory system","AdultPleura","Fibroblast","Fibroblast","CL:0000057","Pleura","UBERON:0000977",0.44331658165201,0.635390318596032,0.566051660516605,0.727450756599862,0.138196400088833,NA
"JOB2770_IDvCD_downregulated","Downregulated","TS_Lung_endothelial cell of lymphatic vessel","Adult","Respiratory system","TS_Lung","endothelial cell of lymphatic vessel","Endothelial cell","CL:0000115","Lung","UBERON:0002048",0.386113306641301,0.669562155856105,0.538745387453875,0.728532910793178,0.137550824603625,NA
"JOB2770_IDvCD_downregulated","Downregulated","AdultPleura_Monocyte","Adult","Respiratory system","AdultPleura","Monocyte","Monocyte","CL:0000576","Pleura","UBERON:0000977",0.44331658165201,0.638025255445001,0.566051660516605,0.728972865474021,0.137288637106201,NA
"JOB2770_IDvCD_downregulated","Downregulated","Madissoon_2020_spleen_T_cell_dividing","Adult","Lymphatic system","Madissoon_2020_spleen","T_cell_dividing","T cell","CL:0000084","Spleen","UBERON:0002106",0.451324205202116,0.632920065300123,0.575276752767528,0.731964203410385,0.135510157522863,NA
"JOB2770_IDvCD_downregulated","Downregulated","FetalFemaleGonad_Fetal fibroblast","Fetal","Reproductive system","FetalFemaleGonad","Fetal fibroblast","Fibroblast","CL:0000057","Immature gonad","UBERON:2005272",0.476396312424036,0.617563323977223,0.595571955719557,0.735682829953086,0.133309379805871,NA
"JOB2770_IDvCD_downregulated","Downregulated","FetalKidney_Fetal stromal cell","Fetal","Urinary system","FetalKidney","Fetal stromal cell","Stromal cell","CL:0000499","Kidney","UBERON:0002113",0.460064984322531,0.62785604604351,0.586715867158672,0.736252214597355,0.13297338587416,NA
"JOB2770_IDvCD_downregulated","Downregulated","FetalMuscle_Fetal skeletal muscle cell","Fetal","Muscular system","FetalMuscle","Fetal skeletal muscle cell","Cell of skeletal muscle","CL:0000188","Muscle organ","UBERON:0001630",0.460024321214478,0.629873419568502,0.585239852398524,0.7365057091804,0.132823882282404,NA
"JOB2770_IDvCD_downregulated","Downregulated","Madissoon_2020_spleen_DC_2","Adult","Lymphatic system","Madissoon_2020_spleen","DC_2","Dendritic cell","CL:0000451","Spleen","UBERON:0002106",0.451324205202116,0.64321278736641,0.575276752767528,0.73789855813925,0.132003338269738,NA
"JOB2770_IDvCD_downregulated","Downregulated","AdultMuscle_T cell","Adult","Muscular system","AdultMuscle","T cell","T cell","CL:0000084","Muscle organ","UBERON:0001630",0.509163756439578,0.609411488100723,0.608118081180812,0.738463594165971,0.131670910294556,NA
"JOB2770_IDvCD_downregulated","Downregulated","AdultLung_Endothelial cell","Adult","Respiratory system","AdultLung","Endothelial cell","Endothelial cell","CL:0000115","Lung","UBERON:0002048",0.476172462396169,0.625468134524131,0.592619926199262,0.738533802284324,0.131629622478502,NA
"JOB2770_IDvCD_downregulated","Downregulated","FetalRib_Fetal chondrocyte","Fetal","Skeletal system","FetalRib","Fetal chondrocyte","Chondrocyte","CL:0000138","Rib","UBERON:0002228",0.509224030932803,0.609987880536435,0.608856088560886,0.739257533175887,0.131204241235325,NA
"JOB2770_IDvCD_downregulated","Downregulated","AdultTransverseColon_B cell","Adult","Digestive system","AdultTransverseColon","B cell","B cell","CL:0000236","Transverse colon","UBERON:0001157",0.467703276683907,0.629708736015441,0.590405904059041,0.739642551363697,0.130978111992486,NA
"JOB2770_IDvCD_downregulated","Downregulated","Madissoon_2020_spleen_DC_activated","Adult","Lymphatic system","Madissoon_2020_spleen","DC_activated","Dendritic cell","CL:0000451","Spleen","UBERON:0002106",0.451324205202116,0.646424116651092,0.575276752767528,0.739730612165721,0.130926408580015,NA
"JOB2770_IDvCD_downregulated","Downregulated","TS_Lung_cd4-positive alpha-beta t cell","Adult","Respiratory system","TS_Lung","cd4-positive alpha-beta t cell","T cell","CL:0000084","Lung","UBERON:0002048",0.386113306641301,0.690271112653474,0.538745387453875,0.739738141209578,0.130921988314709,NA
"JOB2770_IDvCD_downregulated","Downregulated","Placenta_Macrophage","Adult","Reproductive system","Placenta","Macrophage","Macrophage","CL:0000235","Placenta","UBERON:0001987",0.459776469991803,0.645065477338342,0.583394833948339,0.744111032509515,0.128362256378339,NA
"JOB2770_IDvCD_downregulated","Downregulated","Fetal_HCA_Heart_Lymphatic endothelial cells","Fetal","Cardiovascular system","Fetal_HCA_Heart","Lymphatic endothelial cells","Endothelial cell","CL:0000115","Heart","UBERON:0000948",0.459774015728902,0.647041679975069,0.581918819188192,0.744304351261619,0.128249442081101,NA
"JOB2770_IDvCD_downregulated","Downregulated","Voigt_2019_retina_1_Fibroblast","Adult","Sensory system","Voigt_2019_retina_1","Fibroblast","Fibroblast","CL:0000057","Retina","UBERON:0000966",0.485051218909169,0.629749906903706,0.601845018450184,0.74672452042698,0.126839587373652,NA
"JOB2770_IDvCD_downregulated","Downregulated","FetalAdrenalGland_Fetal epithelial progenitor","Fetal","Endocrine system","FetalAdrenalGland","Fetal epithelial progenitor","Epithelial fate stem cell","CL:0000036","Adrenal gland","UBERON:0002369",0.516363694791581,0.616698735323654,0.61549815498155,0.747272342260304,0.126521091376928,NA
"JOB2770_IDvCD_downregulated","Downregulated","CordBloodCD34P_Antigen presenting cell (RPS high)","Neonatal","Reproductive system","CordBloodCD34P","Antigen presenting cell (RPS high)","Professional antigen presenting cell","CL:0000145","Umbilical cord blood","UBERON:0012168",0.518162353877115,0.613158038932852,0.619557195571956,0.747572068085617,0.12634693375509,NA
"JOB2770_IDvCD_downregulated","Downregulated","Lake_2017_CerebellarHemisphere_Mic","Adult","Nervous system","Lake_2017_CerebellarHemisphere","Mic","Microglial cell","CL:0000129","Cerebellar hemisphere","UBERON:0002245",0.443737400740243,0.667338927889787,0.569372693726937,0.747647640053322,0.126303033198657,NA
"JOB2770_IDvCD_downregulated","Downregulated","TS_Fat_t cell","Adult","Integumentary system","TS_Fat","t cell","T cell","CL:0000084","Perirenal fat","UBERON:0005406",0.386074621809039,0.71135060744523,0.536531365313653,0.749286341229505,0.125352184101114,NA
"JOB2770_IDvCD_downregulated","Downregulated","Voigt_2019_retina_1_Macrophage","Adult","Sensory system","Voigt_2019_retina_1","Macrophage","Macrophage","CL:0000235","Retina","UBERON:0000966",0.485051218909169,0.634278704612873,0.601845018450184,0.74935912048905,0.125310002502264,NA
"JOB2770_IDvCD_downregulated","Downregulated","Lake_2017_FrontalCortex_Ex8","Adult","Nervous system","Lake_2017_FrontalCortex","Ex8","Excitatory neuron","CL:0008030","Frontal cortex","UBERON:0001870",0.451860348443924,0.660381047772977,0.579335793357934,0.750171843138526,0.124839240637245,NA
"JOB2770_IDvCD_downregulated","Downregulated","AdultSigmoidColon_Smooth muscle cell","Adult","Digestive system","AdultSigmoidColon","Smooth muscle cell","Smooth muscle cell","CL:0000192","Sigmoid colon","UBERON:0001159",0.526444465903095,0.617028102429776,0.621771217712177,0.751196439331894,0.124246479291167,NA
"JOB2770_IDvCD_downregulated","Downregulated","AdultAscendingColon_B cell","Adult","Digestive system","AdultAscendingColon","B cell","B cell","CL:0000236","Ascending colon","UBERON:0001156",0.51838275328356,0.618222058189465,0.620664206642066,0.751251989469105,0.124214364886961,NA
"JOB2770_IDvCD_downregulated","Downregulated","FetalIntestine_Fetal stromal cell","Fetal","Digestive system","FetalIntestine","Fetal stromal cell","Stromal cell","CL:0000499","Intestine","UBERON:0000160",0.484185222783154,0.644324401349569,0.597047970479705,0.752193536204252,0.123670402903632,NA
"JOB2770_IDvCD_downregulated","Downregulated","AdultHeart_Endothelial cell (APC)","Adult","Cardiovascular system","AdultHeart","Endothelial cell (APC)","Endothelial cell","CL:0000115","Heart","UBERON:0000948",0.50990082678735,0.632714210858797,0.609594095940959,0.753153522971322,0.123116488097587,NA
"JOB2770_IDvCD_downregulated","Downregulated","AdultSigmoidColon_T cell","Adult","Digestive system","AdultSigmoidColon","T cell","T cell","CL:0000084","Sigmoid colon","UBERON:0001159",0.526444465903095,0.621227533032821,0.621771217712177,0.753689055630147,0.122807791102026,NA
"JOB2770_IDvCD_downregulated","Downregulated","Voigt_2019_retina_1_Pericyte","Adult","Sensory system","Voigt_2019_retina_1","Pericyte","Pericyte cell","CL:0000669","Retina","UBERON:0000966",0.485051218909169,0.643459812696001,0.601845018450184,0.754640599952303,0.122259833297587,NA
"JOB2770_IDvCD_downregulated","Downregulated","AdultTransverseColon_Dendritic cell","Adult","Digestive system","AdultTransverseColon","Dendritic cell","Dendritic cell","CL:0000451","Transverse colon","UBERON:0001157",0.467703276683907,0.657581427370947,0.590405904059041,0.755566081674468,0.121727546346082,NA
"JOB2770_IDvCD_downregulated","Downregulated","TS_Bladder_mast cell","Adult","Urinary system","TS_Bladder","mast cell","Mast cell","CL:0000097","Bladder organ","UBERON:0018707",0.546795321240643,0.618222058189465,0.63210332103321,0.757961208791629,0.120353020276694,NA
"JOB2770_IDvCD_downregulated","Downregulated","FetalKidney_Endothelial cell","Fetal","Urinary system","FetalKidney","Endothelial cell","Endothelial cell","CL:0000115","Kidney","UBERON:0002113",0.460064984322531,0.667791807660703,0.586715867158672,0.758921872834345,0.11980293022223,NA
"JOB2770_IDvCD_downregulated","Downregulated","TS_Thymus_thymocyte","Adult","Lymphatic system","TS_Thymus","thymocyte","Thymocyte","CL:0000893","Thymus","UBERON:0002370",0.393751328768445,0.719378930656934,0.545387453874539,0.759423916221922,0.119515729925145,NA
"JOB2770_IDvCD_downregulated","Downregulated","TS_Prostate_cd8b-positive nk t cell","Adult","Reproductive system","TS_Prostate","cd8b-positive nk t cell","Natural killer cell","CL:0000623","Prostate gland","UBERON:0002367",0.393839226102888,0.718020291344184,0.546863468634686,0.759722086422086,0.119345247727863,NA
"JOB2770_IDvCD_downregulated","Downregulated","FetalFemaleGonad_Endothelial cell","Fetal","Reproductive system","FetalFemaleGonad","Endothelial cell","Endothelial cell","CL:0000115","Immature gonad","UBERON:2005272",0.476396312424036,0.660833927543893,0.595571955719557,0.760576457204798,0.118857121817267,NA
"JOB2770_IDvCD_downregulated","Downregulated","Braga_2020_lung_Transformed epithelium","Adult","Respiratory system","Braga_2020_lung","Transformed epithelium","Epithelial cell","CL:0000066","Lung","UBERON:0002048",0.543599735607764,0.627361995384328,0.630258302583026,0.762274902050413,0.117888379167986,NA
"JOB2770_IDvCD_downregulated","Downregulated","TS_Skin_cd8-positive, alpha-beta cytotoxic t cell","Adult","Integumentary system","TS_Skin","cd8-positive, alpha-beta cytotoxic t cell","T cell","CL:0000084","Skin of body","UBERON:0002097",0.393840441362991,0.722713772606411,0.548339483394834,0.763101906541332,0.117417461398575,NA
"JOB2770_IDvCD_downregulated","Downregulated","Lake_2017_FrontalCortex_In4b","Adult","Nervous system","Lake_2017_FrontalCortex","In4b","Inhibitory neuron","CL:0008029","Frontal cortex","UBERON:0001870",0.451860348443924,0.68479538451421,0.579335793357934,0.7635033626794,0.117189045850662,NA
"JOB2770_IDvCD_downregulated","Downregulated","TS_Spleen_naive thymus-derived cd8-positive, alpha-beta t cell","Adult","Lymphatic system","TS_Spleen","naive thymus-derived cd8-positive, alpha-beta t cell","T cell","CL:0000084","Spleen","UBERON:0002106",0.39374056471011,0.729095260287509,0.544280442804428,0.763601174241272,0.117133412433802,NA
"JOB2770_IDvCD_downregulated","Downregulated","AdultBoneMarrow_B cell (Plasmocyte)","Adult","Lymphatic system","AdultBoneMarrow","B cell (Plasmocyte)","B cell","CL:0000236","Bone marrow","UBERON:0002371",0.567324149138577,0.61826322907773,0.642066420664207,0.763724785090149,0.117063115049855,NA
"JOB2770_IDvCD_downregulated","Downregulated","TS_Lung_intermediate monocyte","Adult","Respiratory system","TS_Lung","intermediate monocyte","Monocyte","CL:0000576","Lung","UBERON:0002048",0.386113306641301,0.739635007683387,0.538745387453875,0.765115991530959,0.116272720842113,NA
"JOB2770_IDvCD_downregulated","Downregulated","AdultUreter_B cell (Plasmocyte)","Adult","Urinary system","AdultUreter","B cell (Plasmocyte)","B cell","CL:0000236","Uterus","UBERON:0000995",0.560393839132741,0.625838672518517,0.638376383763838,0.766076761801148,0.115727711364277,NA
"JOB2770_IDvCD_downregulated","Downregulated","TS_Bladder_t cell","Adult","Urinary system","TS_Bladder","t cell","T cell","CL:0000084","Bladder organ","UBERON:0018707",0.393699661965528,0.736053140404319,0.543173431734317,0.766337119490852,0.115580137774103,NA
"JOB2770_IDvCD_downregulated","Downregulated","AdultTransverseColon_Endothelial cell (APC)","Adult","Digestive system","AdultTransverseColon","Endothelial cell (APC)","Endothelial cell","CL:0000115","Transverse colon","UBERON:0001157",0.467703276683907,0.677302282849953,0.590405904059041,0.766409314007129,0.115539226010251,NA
"JOB2770_IDvCD_downregulated","Downregulated","FetalAdrenalGland_Antigen presenting cell (RPS high)","Fetal","Endocrine system","FetalAdrenalGland","Antigen presenting cell (RPS high)","Professional antigen presenting cell","CL:0000145","Adrenal gland","UBERON:0002369",0.516363694791581,0.650500034589341,0.61549815498155,0.766865740879091,0.115280663559752,NA
"JOB2770_IDvCD_downregulated","Downregulated","Madissoon_2020_oesophagus_B_CD27pos","Adult","Digestive system","Madissoon_2020_oesophagus","B_CD27pos","B cell","CL:0000236","Esophagus","UBERON:0001043",0.515909792295413,0.653299654991371,0.612915129151292,0.76689839056771,0.115262173650757,NA
"JOB2770_IDvCD_downregulated","Downregulated","TS_Skin_nkt cell","Adult","Integumentary system","TS_Skin","nkt cell","Natural killer cell","CL:0000623","Skin of body","UBERON:0002097",0.393840441362991,0.731030292035971,0.548339483394834,0.767296772072388,0.115036628821421,NA
"JOB2770_IDvCD_downregulated","Downregulated","FetalBrain_Macrophage","Fetal","Nervous system","FetalBrain","Macrophage","Macrophage","CL:0000235","Brain","UBERON:0000955",0.48435444095248,0.66976801029743,0.598523985239852,0.767314548402841,0.115026567430473,NA
"JOB2770_IDvCD_downregulated","Downregulated","TS_Skin_cd8-positive, alpha-beta memory t cell","Adult","Integumentary system","TS_Skin","cd8-positive, alpha-beta memory t cell","T cell","CL:0000084","Skin of body","UBERON:0002097",0.393840441362991,0.732635956678312,0.548339483394834,0.768100678344678,0.114581851343666,NA
"JOB2770_IDvCD_downregulated","Downregulated","Fetal_HCA_Lung_Squamous epithelial cells","Fetal","Respiratory system","Fetal_HCA_Lung","Squamous epithelial cells","Epithelial cell","CL:0000066","Lung","UBERON:0002048",0.484830228274176,0.671991238263749,0.599630996309963,0.769205568221016,0.113957580597223,NA
"JOB2770_IDvCD_downregulated","Downregulated","Fetal_HCA_Stomach_ENS neurons","Fetal","Digestive system","Fetal_HCA_Stomach","ENS neurons","ENS neuron","CL:0000540","Stomach","UBERON:0000945",0.543006323070145,0.641977660718456,0.628413284132841,0.769642045774564,0.113711214685043,NA
"JOB2770_IDvCD_downregulated","Downregulated","TS_Spleen_cd4-positive, alpha-beta memory t cell","Adult","Lymphatic system","TS_Spleen","cd4-positive, alpha-beta memory t cell","T cell","CL:0000084","Spleen","UBERON:0002106",0.39374056471011,0.742269944532356,0.544280442804428,0.770164253793218,0.113416642478571,NA
"JOB2770_IDvCD_downregulated","Downregulated","Fetal_HCA_Liver_Vascular endothelial cells","Fetal","Digestive system","Fetal_HCA_Liver","Vascular endothelial cells","Endothelial cell","CL:0000115","Liver","UBERON:0002107",0.500642471407018,0.671456016716302,0.604059040590406,0.771607669837887,0.1126034640871,NA
"JOB2770_IDvCD_downregulated","Downregulated","Voigt_2019_retina_2_Macrophage 1","Adult","Sensory system","Voigt_2019_retina_2","Macrophage 1","Macrophage","CL:0000235","Retina","UBERON:0000966",0.515794661273962,0.66408642771684,0.611070110701107,0.771791967351231,0.112499745786894,NA
"JOB2770_IDvCD_downregulated","Downregulated","FetalMaleGonad_Fetal fibroblast","Fetal","Reproductive system","FetalMaleGonad","Fetal fibroblast","Fibroblast","CL:0000057","Immature gonad","UBERON:2005272",0.50839547810934,0.668574054537741,0.607011070110701,0.771817656944594,0.112485290255566,NA
"JOB2770_IDvCD_downregulated","Downregulated","Fetal_HCA_Stomach_Stromal cells","Fetal","Digestive system","Fetal_HCA_Stomach","Stromal cells","Stromal cell","CL:0000499","Stomach","UBERON:0000945",0.543006323070145,0.647041679975069,0.628413284132841,0.77251828615569,0.112091231666858,NA
"JOB2770_IDvCD_downregulated","Downregulated","FetalLiver_Erythroid cell","Fetal","Digestive system","FetalLiver","Erythroid cell","Erythroid lineage cell","CL:0000764","Liver","UBERON:0002107",0.542999726321589,0.649676616824038,0.626568265682657,0.772929431932892,0.111860155138782,NA
"JOB2770_IDvCD_downregulated","Downregulated","Fetal_HCA_Lung_Megakaryocytes","Fetal","Respiratory system","Fetal_HCA_Lung","Megakaryocytes","Megakaryocyte","CL:0000556","Lung","UBERON:0002048",0.484830228274176,0.67944316903974,0.599630996309963,0.77324244709821,0.111684313419306,NA
"JOB2770_IDvCD_downregulated","Downregulated","TS_Mammary_endothelial cell of lymphatic vessel","Adult","Endocrine system","TS_Mammary","endothelial cell of lymphatic vessel","Endothelial cell","CL:0000115","Mammary gland","UBERON:0001911",0.393761466849133,0.746551716911932,0.546125461254613,0.773507870179525,0.111535263143475,NA
"JOB2770_IDvCD_downregulated","Downregulated","AdultProstate_Endothelial cell (APC)","Adult","Reproductive system","AdultProstate","Endothelial cell (APC)","Endothelial cell","CL:0000115","Prostate gland","UBERON:0002367",0.535507381737536,0.654740636080651,0.622878228782288,0.773609046699355,0.111478460191037,NA
"JOB2770_IDvCD_downregulated","Downregulated","ChorionicVillus_Macrophage","Adult","Reproductive system","ChorionicVillus","Macrophage","Macrophage","CL:0000235","Chorionic villus","UBERON:0007106",0.484227825707728,0.684342504743293,0.597785977859779,0.774743179857798,0.110842238209894,NA
"JOB2770_IDvCD_downregulated","Downregulated","AdultThyroid_B cell (Plasmocyte)","Adult","Endocrine system","AdultThyroid","B cell (Plasmocyte)","B cell","CL:0000236","Thyroid gland","UBERON:0002046",0.583939018680206,0.633908166618486,0.646863468634686,0.775601620317968,0.110361292302954,NA
"JOB2770_IDvCD_downregulated","Downregulated","Fetal_HCA_Liver_Hematopoietic stem cells","Fetal","Digestive system","Fetal_HCA_Liver","Hematopoietic stem cells","Hematopoietic stem cell","CL:0000037","Liver","UBERON:0002107",0.500642471407018,0.682819181877482,0.604059040590406,0.777743940306656,0.109163363956493,NA
"JOB2770_IDvCD_downregulated","Downregulated","TS_Large_Intestine_cd4-positive, alpha-beta t cell","Adult","Digestive system","TS_Large_Intestine","cd4-positive, alpha-beta t cell","T cell","CL:0000084","Large intestine","UBERON:0000059",0.393609929952267,0.762031970899628,0.54169741697417,0.778033980180189,0.109001435037965,NA
"JOB2770_IDvCD_downregulated","Downregulated","CordBloodCD34P_Monocyte","Neonatal","Reproductive system","CordBloodCD34P","Monocyte","Monocyte","CL:0000576","Umbilical cord blood","UBERON:0012168",0.518162353877115,0.666762535454075,0.619557195571956,0.778305306315417,0.108850008616308,NA
"JOB2770_IDvCD_downregulated","Downregulated","Fetal_HCA_Stomach_Vascular endothelial cells","Fetal","Digestive system","Fetal_HCA_Stomach","Vascular endothelial cells","Epithelial cell","CL:0000066","Stomach","UBERON:0000945",0.543006323070145,0.657951965365333,0.628413284132841,0.778630682842524,0.108668486404342,NA
"JOB2770_IDvCD_downregulated","Downregulated","Lake_2017_FrontalCortex_Ex4","Adult","Nervous system","Lake_2017_FrontalCortex","Ex4","Excitatory neuron","CL:0008030","Frontal cortex","UBERON:0001870",0.451860348443924,0.714026715182465,0.579335793357934,0.778803279158229,0.108572228547324,NA
"JOB2770_IDvCD_downregulated","Downregulated","FetalMaleGonad_Endothelial cell","Fetal","Reproductive system","FetalMaleGonad","Endothelial cell","Endothelial cell","CL:0000115","Immature gonad","UBERON:2005272",0.50839547810934,0.682983865430543,0.607011070110701,0.779612176416702,0.10812138644861,NA
"JOB2770_IDvCD_downregulated","Downregulated","Fetal_HCA_Stomach_Myeloid cells","Fetal","Digestive system","Fetal_HCA_Stomach","Myeloid cells","Myeloid cell","CL:0000763","Stomach","UBERON:0000945",0.543006323070145,0.66256310485103,0.628413284132841,0.781179746002869,0.107249025385746,NA
"JOB2770_IDvCD_downregulated","Downregulated","Madissoon_2020_oesophagus_Mast_cell","Adult","Digestive system","Madissoon_2020_oesophagus","Mast_cell","Mast cell","CL:0000097","Esophagus","UBERON:0001043",0.515909792295413,0.679566681704536,0.612915129151292,0.78131398953501,0.107174399518061,NA
"JOB2770_IDvCD_downregulated","Downregulated","TS_Lymph_Node_cd4-positive alpha-beta t cell","Adult","Lymphatic system","TS_Lymph_Node","cd4-positive alpha-beta t cell","T cell","CL:0000084","Lymph node","UBERON:0000029",0.393998102377124,0.757050293419545,0.550184501845018,0.781314548377012,0.107174088885058,NA
"JOB2770_IDvCD_downregulated","Downregulated","Madissoon_2020_oesophagus_Epi_suprabasal","Adult","Digestive system","Madissoon_2020_oesophagus","Epi_suprabasal","Basal cell","CL:0000646","Esophagus","UBERON:0001043",0.515909792295413,0.681254688123407,0.612915129151292,0.782218842133733,0.106671726946724,NA
"JOB2770_IDvCD_downregulated","Downregulated","AdultRectum_Stromal cell","Adult","Digestive system","AdultRectum","Stromal cell","Stromal cell","CL:0000499","Rectum","UBERON:0001052",0.560269324463775,0.65568756651075,0.637638376383764,0.782690319108595,0.10641003782151,NA
"JOB2770_IDvCD_downregulated","Downregulated","AdultLiver_Dendritic cell","Adult","Digestive system","AdultLiver","Dendritic cell","Dendritic cell","CL:0000451","Liver","UBERON:0002107",0.592250060218959,0.643624496249061,0.650922509225092,0.783437763967976,0.105995498032447,NA
"JOB2770_IDvCD_downregulated","Downregulated","AdultBoneMarrow_Neutrophil (RPS high)","Adult","Lymphatic system","AdultBoneMarrow","Neutrophil (RPS high)","Neutrophil","CL:0000775","Bone marrow","UBERON:0002371",0.567324149138577,0.653711363874023,0.642066420664207,0.784112554199978,0.105621592724392,NA
"JOB2770_IDvCD_downregulated","Downregulated","Madissoon_2020_lung_T_cells_Dividing","Adult","Respiratory system","Madissoon_2020_lung","T_cells_Dividing","T cell","CL:0000084","Lung","UBERON:0002048",0.516469174237336,0.684424846519823,0.617712177121771,0.786750610898425,0.104162911192356,NA
"JOB2770_IDvCD_downregulated","Downregulated","AdultBoneMarrow_B cell","Adult","Lymphatic system","AdultBoneMarrow","B cell","B cell","CL:0000236","Bone marrow","UBERON:0002371",0.567324149138577,0.660134022443386,0.642066420664207,0.787672428136781,0.103654356406556,NA
"JOB2770_IDvCD_downregulated","Downregulated","Madissoon_2020_oesophagus_Endothelia_vascular_venous","Adult","Digestive system","Madissoon_2020_oesophagus","Endothelia_vascular_venous","Endothelial cell","CL:0000115","Esophagus","UBERON:0001043",0.515909792295413,0.691547410189694,0.612915129151292,0.787680995711196,0.103649632577306,NA
"JOB2770_IDvCD_downregulated","Downregulated","CordBlood_T cell","Neonatal","Reproductive system","CordBlood","T cell","T cell","CL:0000084","Umbilical cord blood","UBERON:0012168",0.626226838013211,0.624891742088419,0.681918819188192,0.789619607868724,0.102582075784901,NA
"JOB2770_IDvCD_downregulated","Downregulated","Madissoon_2020_lung_Blood_vessel","Adult","Respiratory system","Madissoon_2020_lung","Blood_vessel","Endothelial cell","CL:0000115","Lung","UBERON:0002048",0.516469174237336,0.69327658749683,0.617712177121771,0.791422707367921,0.101591493186607,NA
"JOB2770_IDvCD_downregulated","Downregulated","Madissoon_2020_lung_Fibroblast","Adult","Respiratory system","Madissoon_2020_lung","Fibroblast","Fibroblast","CL:0000057","Lung","UBERON:0002048",0.516469174237336,0.693729467267747,0.617712177121771,0.791659859942435,0.101461374824649,NA
"JOB2770_IDvCD_downregulated","Downregulated","AdultPeripheralBlood_Antigen presenting cell (RPS high)","Adult","Lymphatic system","AdultPeripheralBlood","Antigen presenting cell (RPS high)","Professional antigen presenting cell","CL:0000145","Blood","UBERON:0000178",0.626362945418066,0.627691362490449,0.684132841328413,0.792420850219851,0.101044105803484,NA
"JOB2770_IDvCD_downregulated","Downregulated","VentoTormo_2018_decidua_CD16-negative natural killer cell (NK CD16-)","Maternal-Fetal","Reproductive system","VentoTormo_2018_decidua","CD16-negative natural killer cell (NK CD16-)","Natural killer cell","CL:0000623","Decidua","UBERON:0002450",0.554527633704226,0.675614276431082,0.636531365313653,0.792949053935233,0.100754714707062,NA
"JOB2770_IDvCD_downregulated","Downregulated","Fetal_HCA_Cerebellum_10k_Inhibitory interneurons","Fetal","Nervous system","Fetal_HCA_Cerebellum_10k","Inhibitory interneurons","Inhibitory neuron","CL:0008029","Cerebellum","UBERON:0002037",0.508196851100821,0.710650702344723,0.605535055350554,0.793180380611626,0.100628036647127,NA
"JOB2770_IDvCD_downregulated","Downregulated","TS_Muscle_endothelial cell of lymphatic vessel","Adult","Muscular system","TS_Muscle","endothelial cell of lymphatic vessel","Endothelial cell","CL:0000115","Muscle organ","UBERON:0001630",0.546709225124555,0.684260162966763,0.6309963099631,0.794393655736019,0.0999642329037136,NA
"JOB2770_IDvCD_downregulated","Downregulated","Lake_2017_VisualCortex_Ast","Adult","Nervous system","Lake_2017_VisualCortex","Ast","Astrocyte","CL:0000127","Visual cortex","UBERON:0000411",0.476085019938843,0.730371557823729,0.591881918819188,0.794836853728594,0.0997220044209235,NA
"JOB2770_IDvCD_downregulated","Downregulated","FetalAdrenalGland_Endothelial cell","Fetal","Endocrine system","FetalAdrenalGland","Endothelial cell","Endothelial cell","CL:0000115","Adrenal gland","UBERON:0002369",0.516363694791581,0.703281113345261,0.61549815498155,0.795318283791387,0.099459033316849,NA
"JOB2770_IDvCD_downregulated","Downregulated","AdultOmentum_Fibroblast","Adult","Integumentary system","AdultOmentum","Fibroblast","Fibroblast","CL:0000057","Omentum","UBERON:0003688",0.567178040456802,0.679319656374945,0.639852398523985,0.796818463060153,0.0986406114414791,NA
"JOB2770_IDvCD_downregulated","Downregulated","Fetal_HCA_Adrenal_Vascular endothelial cells","Fetal","Endocrine system","Fetal_HCA_Adrenal","Vascular endothelial cells","Endothelial cell","CL:0000115","Adrenal gland","UBERON:0002369",0.515770444123411,0.716002917819192,0.610332103321033,0.798757892059408,0.0975848378026586,NA
"JOB2770_IDvCD_downregulated","Downregulated","AdultFallopiantube_Macrophage","Adult","Reproductive system","AdultFallopiantube","Macrophage","Macrophage","CL:0000235","Fallopian tube","UBERON:0003889",0.58395186993071,0.679484339928005,0.648708487084871,0.801877062672877,0.0958922091414218,NA
"JOB2770_IDvCD_downregulated","Downregulated","AdultTrachea_Basal cell","Adult","Respiratory system","AdultTrachea","Basal cell","Basal cell","CL:0000646","Trachea","UBERON:0003126",0.583637157921506,0.68496006806727,0.644280442804428,0.802302014743394,0.095662117194439,NA
"JOB2770_IDvCD_downregulated","Downregulated","AdultTrachea_Endothelial cell (endothelial to mesenchymal transition)","Adult","Respiratory system","AdultTrachea","Endothelial cell (endothelial to mesenchymal transition)","Endothelial cell","CL:0000115","Trachea","UBERON:0003126",0.583637157921506,0.685330606061657,0.644280442804428,0.802497235435587,0.0955564550441339,NA
"JOB2770_IDvCD_downregulated","Downregulated","AdultOmentum_Monocyte","Adult","Integumentary system","AdultOmentum","Monocyte","Monocyte","CL:0000576","Omentum","UBERON:0003688",0.567178040456802,0.690312283541739,0.639852398523985,0.802622171502455,0.0954888475573557,NA
"JOB2770_IDvCD_downregulated","Downregulated","CordBlood_Neutrophil (RPS high)","Neonatal","Reproductive system","CordBlood","Neutrophil (RPS high)","Neutrophil","CL:0000775","Umbilical cord blood","UBERON:0012168",0.626226838013211,0.649017882611796,0.681918819188192,0.803339992180565,0.0951006122834375,NA
"JOB2770_IDvCD_downregulated","Downregulated","AdultLung_B cell (Plasmocyte)","Adult","Respiratory system","AdultLung","B cell (Plasmocyte)","B cell","CL:0000236","Lung","UBERON:0002048",0.637744424527836,0.641483610059274,0.690405904059041,0.803589778181474,0.0949655961990684,NA
"JOB2770_IDvCD_downregulated","Downregulated","AdultOmentum_Endothelial cell (APC)","Adult","Integumentary system","AdultOmentum","Endothelial cell (APC)","Endothelial cell","CL:0000115","Omentum","UBERON:0003688",0.567178040456802,0.693400100161626,0.639852398523985,0.804232199223739,0.0946185429400854,NA
"JOB2770_IDvCD_downregulated","Downregulated","NeonatalAdrenalGland_Monocyte","Neonatal","Endocrine system","NeonatalAdrenalGland","Monocyte","Monocyte","CL:0000576","Adrenal gland","UBERON:0002369",0.600431470161731,0.684301333855028,0.652767527675277,0.806672949502865,0.0933025061890671,NA
"JOB2770_IDvCD_downregulated","Downregulated","AdultThyroid_Macrophage","Adult","Endocrine system","AdultThyroid","Macrophage","Macrophage","CL:0000235","Thyroid gland","UBERON:0002046",0.583939018680206,0.69471756858611,0.646863468634686,0.808838893225105,0.0921379737536858,NA
"JOB2770_IDvCD_downregulated","Downregulated","AdultThyroid_Stromal cell","Adult","Endocrine system","AdultThyroid","Stromal cell","Stromal cell","CL:0000499","Thyroid gland","UBERON:0002046",0.583939018680206,0.696199720563656,0.646863468634686,0.809604746486654,0.0917269543494841,NA
"JOB2770_IDvCD_downregulated","Downregulated","FetalSkin_Fetal skeletal muscle cell","Fetal","Integumentary system","FetalSkin","Fetal skeletal muscle cell","Cell of skeletal muscle","CL:0000188","Skin of body","UBERON:0002097",0.607791127657035,0.682283960330036,0.660885608856089,0.810055500437908,0.0914852246914877,NA
"JOB2770_IDvCD_downregulated","Downregulated","FetalLung_Dendritic cell","Fetal","Respiratory system","FetalLung","Dendritic cell","Dendritic cell","CL:0000451","Lung","UBERON:0002048",0.591891361058953,0.694676397697845,0.649446494464945,0.810249379108034,0.091381293094343,NA
"JOB2770_IDvCD_downregulated","Downregulated","AdultIleum_Dendritic cell","Adult","Digestive system","AdultIleum","Dendritic cell","Dendritic cell","CL:0000451","Ileum","UBERON:0002116",0.60704425776623,0.690641650647861,0.654243542435424,0.810800189096995,0.0910861586916931,NA
"JOB2770_IDvCD_downregulated","Downregulated","AdultPeripheralBlood_B cell","Adult","Lymphatic system","AdultPeripheralBlood","B cell","B cell","CL:0000236","Blood","UBERON:0000178",0.626362945418066,0.661163294650015,0.684132841328413,0.811177826250847,0.0908839293969787,NA
"JOB2770_IDvCD_downregulated","Downregulated","AdultPleura_Stromal cell","Adult","Respiratory system","AdultPleura","Stromal cell","Stromal cell","CL:0000499","Pleura","UBERON:0000977",0.607221821090156,0.688130226463687,0.657564575645756,0.811309918992703,0.0908132143494445,NA
"JOB2770_IDvCD_downregulated","Downregulated","AdultCerebellum_Monocyte","Adult","Nervous system","AdultCerebellum","Monocyte","Monocyte","CL:0000576","Cerebellum","UBERON:0002037",0.607884831341697,0.685454118726452,0.662361623616236,0.812519379408878,0.0901662718629736,NA
"JOB2770_IDvCD_downregulated","Downregulated","AdultBladder_Smooth muscle cell","Adult","Urinary system","AdultBladder","Smooth muscle cell","Smooth muscle cell","CL:0000192","Bladder organ","UBERON:0018707",0.607096316269154,0.693729467267747,0.656088560885609,0.813409820682687,0.0896905884564469,NA
"JOB2770_IDvCD_downregulated","Downregulated","Fetal_HCA_Placenta_Syncytiotrophoblasts and villous cytotrophoblasts","Fetal","Reproductive system","Fetal_HCA_Placenta","Syncytiotrophoblasts and villous cytotrophoblasts","Trophoblast cell","CL:0000351","Placenta","UBERON:0001987",0.60822623595023,0.687718517581035,0.663468634686347,0.814299211476479,0.0892159857543565,NA
"JOB2770_IDvCD_downregulated","Downregulated","CordBlood_Erythroid progenitor cell (RP high)","Neonatal","Reproductive system","CordBlood","Erythroid progenitor cell (RP high)","Erythroid progenitor cell","CL:0000038","Umbilical cord blood","UBERON:0012168",0.626226838013211,0.671744212934158,0.681918819188192,0.815704407755775,0.0884671909246154,NA
"JOB2770_IDvCD_downregulated","Downregulated","TS_Eye_b cell","Adult","Sensory system","TS_Eye","b cell","B cell","CL:0000236","Eye","UBERON:0000970",0.546928478554219,0.724113582807426,0.634686346863469,0.816880800029993,0.0878413114798752,NA
"JOB2770_IDvCD_downregulated","Downregulated","AdultBladder_Fibroblast","Adult","Urinary system","AdultBladder","Fibroblast","Fibroblast","CL:0000057","Bladder organ","UBERON:0018707",0.607096316269154,0.702004815809042,0.656088560885609,0.817651193881133,0.087431924787582,NA
"JOB2770_IDvCD_downregulated","Downregulated","AdultBladder_Dendritic cell","Adult","Urinary system","AdultBladder","Dendritic cell","Dendritic cell","CL:0000451","Bladder organ","UBERON:0018707",0.607096316269154,0.70295174623914,0.656088560885609,0.818132430024889,0.0871763919595223,NA
"JOB2770_IDvCD_downregulated","Downregulated","Fetal_HCA_Eye_Retinal pigment cells","Fetal","Sensory system","Fetal_HCA_Eye","Retinal pigment cells","Retinal pigment epithelial cell","CL:0002586","Eye","UBERON:0000970",0.61524603737214,0.687512663139709,0.671586715867159,0.81853903933809,0.0869606025504047,NA
"JOB2770_IDvCD_downregulated","Downregulated","AdultIleum_Stromal cell","Adult","Digestive system","AdultIleum","Stromal cell","Stromal cell","CL:0000499","Ileum","UBERON:0002116",0.60704425776623,0.706780638847799,0.654243542435424,0.819065806083958,0.086681204379948,NA
"JOB2770_IDvCD_downregulated","Downregulated","NeonatalAdrenalGland_Macrophage","Neonatal","Endocrine system","NeonatalAdrenalGland","Macrophage","Macrophage","CL:0000235","Adrenal gland","UBERON:0002369",0.600431470161731,0.709086208590647,0.652767527675277,0.819421753217683,0.0864925109991771,NA
"JOB2770_IDvCD_downregulated","Downregulated","AdultTrachea_Endothelial cell","Adult","Respiratory system","AdultTrachea","Endothelial cell","Endothelial cell","CL:0000115","Trachea","UBERON:0003126",0.583637157921506,0.718473171115101,0.644280442804428,0.819444677942904,0.0864803610381138,NA
"JOB2770_IDvCD_downregulated","Downregulated","AdultJeJunum_Smooth muscle cell","Adult","Digestive system","AdultJeJunum","Smooth muscle cell","Smooth muscle cell","CL:0000192","Jejunum","UBERON:0002115",0.607350901192477,0.704022189334034,0.65830258302583,0.819876764861598,0.0862514212293159,NA
"JOB2770_IDvCD_downregulated","Downregulated","TS_Lung_alveolar fibroblast","Adult","Respiratory system","TS_Lung","alveolar fibroblast","Fibroblast","CL:0000057","Lung","UBERON:0002048",0.53915136968055,0.741528868543584,0.625092250922509,0.819926227728399,0.0862252211916109,NA
"JOB2770_IDvCD_downregulated","Downregulated","Madissoon_2020_spleen_Unknown","Adult","Lymphatic system","Madissoon_2020_spleen","Unknown","Unknown",NA,"Spleen","UBERON:0002106",0.614746027014452,0.699040511853951,0.665682656826568,0.821318376992762,0.0854884597280711,NA
"JOB2770_IDvCD_downregulated","Downregulated","TS_Lung_classical monocyte","Adult","Respiratory system","TS_Lung","classical monocyte","Monocyte","CL:0000576","Lung","UBERON:0002048",0.53915136968055,0.744452001610409,0.625092250922509,0.82132758135839,0.0854835926960958,NA
"JOB2770_IDvCD_downregulated","Downregulated","FetalHeart_Endothelial cell","Fetal","Cardiovascular system","FetalHeart","Endothelial cell","Endothelial cell","CL:0000115","Heart","UBERON:0000948",0.600390350930656,0.717773266014593,0.651660516605166,0.823152238469601,0.0845198364609515,NA
"JOB2770_IDvCD_downregulated","Downregulated","AdultThyroid_Endothelial cell (APC)","Adult","Endocrine system","AdultThyroid","Endothelial cell (APC)","Endothelial cell","CL:0000115","Thyroid gland","UBERON:0002046",0.583939018680206,0.725389880343646,0.646863468634686,0.824277264813672,0.0839266786861225,NA
"JOB2770_IDvCD_downregulated","Downregulated","Placenta_Erythroid cell","Adult","Reproductive system","Placenta","Erythroid cell","Erythroid lineage cell","CL:0000764","Placenta","UBERON:0001987",0.622682923453091,0.698422948529974,0.674907749077491,0.825893798096224,0.0830757951325578,NA
"JOB2770_IDvCD_downregulated","Downregulated","AdultEsophagus_Endothelial cell (APC)","Adult","Digestive system","AdultEsophagus","Endothelial cell (APC)","Endothelial cell","CL:0000115","Esophagus","UBERON:0001043",0.592225347138801,0.725678076561502,0.650184501845018,0.826234720803254,0.0828965586496493,NA
"JOB2770_IDvCD_downregulated","Downregulated","AdultCerebellum_Oligodendrocyte","Adult","Nervous system","AdultCerebellum","Oligodendrocyte","Oligodendrocyte","CL:0000128","Cerebellum","UBERON:0002037",0.607884831341697,0.713450322746753,0.662361623616236,0.826788097873098,0.0826057839378818,NA
"JOB2770_IDvCD_downregulated","Downregulated","Madissoon_2020_spleen_Platelet","Adult","Lymphatic system","Madissoon_2020_spleen","Platelet","Platelet","CL:0000233","Spleen","UBERON:0002106",0.614746027014452,0.710815385897783,0.665682656826568,0.827248963023691,0.0823637685662612,NA
"JOB2770_IDvCD_downregulated","Downregulated","Fetal_HCA_Eye_Ganglion cells","Fetal","Sensory system","Fetal_HCA_Eye","Ganglion cells","Retinal ganglion cell","CL:0000740","Eye","UBERON:0000970",0.61524603737214,0.705051461540663,0.671586715867159,0.827492582980242,0.082235890223167,NA
"JOB2770_IDvCD_downregulated","Downregulated","TS_Uterus_nk cell","Adult","Reproductive system","TS_Uterus","nk cell","Natural killer cell","CL:0000623","Uterus","UBERON:0000995",0.539051462897455,0.759849913821575,0.623616236162362,0.827755268406521,0.0820980464169098,NA
"JOB2770_IDvCD_downregulated","Downregulated","Fetal_HCA_Eye_Photoreceptor cells","Fetal","Sensory system","Fetal_HCA_Eye","Photoreceptor cells","Photoreceptor cell","CL:0000210","Eye","UBERON:0000970",0.61524603737214,0.708221619937079,0.671586715867159,0.829079464002767,0.0814038420383903,NA
"JOB2770_IDvCD_downregulated","Downregulated","AdultGallbladder_Macrophage","Adult","Digestive system","AdultGallbladder","Macrophage","Macrophage","CL:0000235","Gall bladder","UBERON:0002110",0.615135114585932,0.712462221428389,0.668634686346864,0.829632291993017,0.0811143521331922,NA
"JOB2770_IDvCD_downregulated","Downregulated","TS_Mammary_t cell","Adult","Endocrine system","TS_Mammary","t cell","T cell","CL:0000084","Mammary gland","UBERON:0001911",0.546886112997214,0.752109786827727,0.633948339483395,0.829944886751306,0.0809507463883784,NA
"JOB2770_IDvCD_downregulated","Downregulated","FetalKidney_Fetal neuron","Fetal","Urinary system","FetalKidney","Fetal neuron","Neuron","CL:0000540","Kidney","UBERON:0002113",0.622922919824974,0.702910575350875,0.67970479704797,0.830664512879657,0.0805743427907481,NA
"JOB2770_IDvCD_downregulated","Downregulated","AdultPeripheralBlood_Dendritic cell","Adult","Lymphatic system","AdultPeripheralBlood","Dendritic cell","Dendritic cell","CL:0000451","Blood","UBERON:0000178",0.626362945418066,0.698916999189156,0.684132841328413,0.830945320527139,0.0804275535620293,NA
"JOB2770_IDvCD_downregulated","Downregulated","AdultLung_T cell","Adult","Respiratory system","AdultLung","T cell","T cell","CL:0000084","Lung","UBERON:0002048",0.637744424527836,0.692782536837648,0.690405904059041,0.831055293307804,0.0803700799708952,NA
"JOB2770_IDvCD_downregulated","Downregulated","TS_Lung_pericyte cell","Adult","Respiratory system","TS_Lung","pericyte cell","Pericyte cell","CL:0000669","Lung","UBERON:0002048",0.53915136968055,0.767095990156241,0.625092250922509,0.831942191957691,0.0799068498943813,NA
"JOB2770_IDvCD_downregulated","Downregulated","Madissoon_2020_spleen_T_CD8_MAIT","Adult","Lymphatic system","Madissoon_2020_spleen","T_CD8_MAIT","T cell","CL:0000084","Spleen","UBERON:0002106",0.614746027014452,0.720408202863563,0.665682656826568,0.831984441657083,0.0798847950622256,NA
"JOB2770_IDvCD_downregulated","Downregulated","VentoTormo_2018_decidua_decidual natural killer cell (dNK3)","Maternal-Fetal","Reproductive system","VentoTormo_2018_decidua","decidual natural killer cell (dNK3)","Natural killer cell","CL:0000623","Decidua","UBERON:0002450",0.554527633704226,0.754127160352719,0.636531365313653,0.832323986361059,0.0797075894543471,NA
"JOB2770_IDvCD_downregulated","Downregulated","TS_Bladder_endothelial cell of lymphatic vessel","Adult","Urinary system","TS_Bladder","endothelial cell of lymphatic vessel","Endothelial cell","CL:0000115","Bladder organ","UBERON:0018707",0.546795321240643,0.760508648033817,0.63210332103321,0.832833152948897,0.079441995005464,NA
"JOB2770_IDvCD_downregulated","Downregulated","FetalSkin_Endothelial cell","Fetal","Integumentary system","FetalSkin","Endothelial cell","Endothelial cell","CL:0000115","Skin of body","UBERON:0002097",0.607791127657035,0.728436526075267,0.660885608856089,0.833340383429966,0.0791775718814894,NA
"JOB2770_IDvCD_downregulated","Downregulated","Placenta_Smooth muscle cell","Adult","Reproductive system","Placenta","Smooth muscle cell","Smooth muscle cell","CL:0000192","Placenta","UBERON:0001987",0.622682923453091,0.713573835411548,0.674907749077491,0.833474341832085,0.079107765208812,NA
"JOB2770_IDvCD_downregulated","Downregulated","Fetal_HCA_Heart_Epicardial fat cells","Fetal","Cardiovascular system","Fetal_HCA_Heart","Epicardial fat cells","Epicardial adipocyte","CL:1000309","Heart","UBERON:0000948",0.62267756382128,0.71534418360695,0.673431734317343,0.833575855014618,0.0790548734420825,NA
"JOB2770_IDvCD_downregulated","Downregulated","AdultAdrenalGland_T cell","Adult","Endocrine system","AdultAdrenalGland","T cell","T cell","CL:0000084","Adrenal gland","UBERON:0002369",0.622774588212964,0.715303012718684,0.676383763837638,0.835093329769702,0.0782649851883274,NA
"JOB2770_IDvCD_downregulated","Downregulated","AdultKidney_B cell (Plasmocyte)","Adult","Urinary system","AdultKidney","B cell (Plasmocyte)","B cell","CL:0000236","Kidney","UBERON:0002113",0.645508966643926,0.688994815117255,0.703690036900369,0.835832416557419,0.0778807893792774,NA
"JOB2770_IDvCD_downregulated","Downregulated","AdultAdrenalGland_Myeloid cell","Adult","Endocrine system","AdultAdrenalGland","Myeloid cell","Myeloid cell","CL:0000763","Adrenal gland","UBERON:0002369",0.622774588212964,0.718349658450305,0.676383763837638,0.836585106965613,0.0774898710728935,NA
"JOB2770_IDvCD_downregulated","Downregulated","AdultLung_Epithelial cell","Adult","Respiratory system","AdultLung","Epithelial cell","Epithelial cell","CL:0000066","Lung","UBERON:0002048",0.637744424527836,0.705339657758519,0.690405904059041,0.837371085106996,0.0770820396178049,NA
"JOB2770_IDvCD_downregulated","Downregulated","FetalMuscle_Fetal neuron","Fetal","Muscular system","FetalMuscle","Fetal neuron","Neuron","CL:0000540","Muscle organ","UBERON:0001630",0.622854500813699,0.71958478509826,0.677859778597786,0.837951036647483,0.0767813574258906,NA
"JOB2770_IDvCD_downregulated","Downregulated","Lake_2017_CerebellarHemisphere_End","Adult","Nervous system","Lake_2017_CerebellarHemisphere","End","Endothelial cell","CL:0000115","Cerebellar hemisphere","UBERON:0002245",0.607470267300401,0.740087887454304,0.659409594095941,0.8381257622256,0.07669080983911,NA
"JOB2770_IDvCD_downregulated","Downregulated","Lake_2017_CerebellarHemisphere_Oli","Adult","Nervous system","Lake_2017_CerebellarHemisphere","Oli","Oligodendrocyte","CL:0000128","Cerebellar hemisphere","UBERON:0002245",0.607470267300401,0.74189940653797,0.659409594095941,0.838981255598637,0.0762477420092208,NA
"JOB2770_IDvCD_downregulated","Downregulated","FetalKidney_Macrophage","Fetal","Urinary system","FetalKidney","Macrophage","Macrophage","CL:0000235","Kidney","UBERON:0002113",0.622922919824974,0.723043139712532,0.67970479704797,0.840577843674222,0.0754220615074065,NA
"JOB2770_IDvCD_downregulated","Downregulated","MacParland_2018_liver_Cholangiocytes","Adult","Digestive system","MacParland_2018_liver","Cholangiocytes","Cholangiocyte","CL:1000488","Liver","UBERON:0002107",0.637378686284907,0.71534418360695,0.687084870848709,0.840610714807432,0.0754050785798261,NA
"JOB2770_IDvCD_downregulated","Downregulated","AdultArtery_Macrophage","Adult","Cardiovascular system","AdultArtery","Macrophage","Macrophage","CL:0000235","Artery","UBERON:0001637",0.615161173568653,0.734241621320653,0.669741697416974,0.840788268734512,0.0753133565176476,NA
"JOB2770_IDvCD_downregulated","Downregulated","FetalKidney_Smooth muscle cell","Fetal","Urinary system","FetalKidney","Smooth muscle cell","Smooth muscle cell","CL:0000192","Kidney","UBERON:0002113",0.622922919824974,0.723619532148244,0.67970479704797,0.84085599910273,0.0752783729890228,NA
"JOB2770_IDvCD_downregulated","Downregulated","TS_Tongue_immune cell","Adult","Digestive system","TS_Tongue","immune cell","Immune cell",NA,"Tongue","UBERON:0001723",0.547086362507301,0.774877288038354,0.635424354243542,0.841230542504987,0.0750849677967236,NA
"JOB2770_IDvCD_downregulated","Downregulated","AdultLung_Stratified epithelial cell","Adult","Respiratory system","AdultLung","Stratified epithelial cell","Epithelial cell","CL:0000066","Lung","UBERON:0002048",0.637744424527836,0.714273740512056,0.690405904059041,0.841770481304741,0.0748063078957179,NA
"JOB2770_IDvCD_downregulated","Downregulated","Fetal_HCA_Heart_Endocardial cells","Fetal","Cardiovascular system","Fetal_HCA_Heart","Endocardial cells","Endocardial cell","CL:0002350","Heart","UBERON:0000948",0.62267756382128,0.732553614901782,0.673431734317343,0.841901972593557,0.0747384729185108,NA
"JOB2770_IDvCD_downregulated","Downregulated","AdultArtery_Endothelial cell","Adult","Cardiovascular system","AdultArtery","Endothelial cell","Endothelial cell","CL:0000115","Artery","UBERON:0001637",0.615161173568653,0.739223298800735,0.669741697416974,0.843145113034079,0.0740976728647873,NA
"JOB2770_IDvCD_downregulated","Downregulated","Lake_2017_FrontalCortex_Mic","Adult","Nervous system","Lake_2017_FrontalCortex","Mic","Microglial cell","CL:0000129","Frontal cortex","UBERON:0001870",0.615129801976887,0.742722824303273,0.667527675276753,0.843636291646219,0.0738447459990788,NA
"JOB2770_IDvCD_downregulated","Downregulated","FetalFemaleGonad_Smooth muscle cell","Fetal","Reproductive system","FetalFemaleGonad","Smooth muscle cell","Smooth muscle cell","CL:0000192","Immature gonad","UBERON:2005272",0.63802148136919,0.713532664523283,0.69520295202952,0.843820025505269,0.0737501721714443,NA
"JOB2770_IDvCD_downregulated","Downregulated","AdultTransverseColon_Smooth muscle cell","Adult","Digestive system","AdultTransverseColon","Smooth muscle cell","Smooth muscle cell","CL:0000192","Transverse colon","UBERON:0001157",0.62997314381493,0.726295639885479,0.685608856088561,0.84515172331167,0.0730653186454608,NA
"JOB2770_IDvCD_downregulated","Downregulated","Lake_2017_FrontalCortex_Ast","Adult","Nervous system","Lake_2017_FrontalCortex","Ast","Astrocyte","CL:0000127","Frontal cortex","UBERON:0001870",0.61332623909428,0.751327539950689,0.664206642066421,0.845904982530609,0.0726784169611661,NA
"JOB2770_IDvCD_downregulated","Downregulated","AdultStomach_Mast cell","Adult","Digestive system","AdultStomach","Mast cell","Mast cell","CL:0000097","Stomach","UBERON:0000945",0.637976967728624,0.721231620628866,0.693357933579336,0.84662326030718,0.0723098037993053,NA
"JOB2770_IDvCD_downregulated","Downregulated","Fetal_HCA_Intestine_Stromal cells","Fetal","Digestive system","Fetal_HCA_Intestine","Stromal cells","Stromal cell","CL:0000499","Intestine","UBERON:0000160",0.63069431612383,0.729959848941077,0.686346863468635,0.847269645008027,0.0719783527122743,NA
"JOB2770_IDvCD_downregulated","Downregulated","AdultStomach_T cell","Adult","Digestive system","AdultStomach","T cell","T cell","CL:0000084","Stomach","UBERON:0000945",0.637976967728624,0.722631430829881,0.693357933579336,0.84729492746012,0.0719653935962722,NA
"JOB2770_IDvCD_downregulated","Downregulated","AdultHeart_T cell","Adult","Cardiovascular system","AdultHeart","T cell","T cell","CL:0000084","Heart","UBERON:0000948",0.681506101558259,0.690929846865717,0.725830258302583,0.847609537518718,0.0718041651414622,NA
"JOB2770_IDvCD_downregulated","Downregulated","Lake_2017_FrontalCortex_Oli","Adult","Nervous system","Lake_2017_FrontalCortex","Oli","Oligodendrocyte","CL:0000128","Frontal cortex","UBERON:0001870",0.615129801976887,0.754044818576189,0.667527675276753,0.848881542189879,0.0711529094764389,NA
"JOB2770_IDvCD_downregulated","Downregulated","FetalThymus_CB CD34+","Fetal","Lymphatic system","FetalThymus","CB CD34+","Hematopoietic stem cell","CL:0000037","Thymus","UBERON:0002370",0.706273303552689,0.678537409497907,0.742066420664207,0.849000988059365,0.0710918043279198,NA
"JOB2770_IDvCD_downregulated","Downregulated","AdultCervix_Macrophage","Adult","Reproductive system","AdultCervix","Macrophage","Macrophage","CL:0000235","Uterine cervix","UBERON:0000002",0.645444488588192,0.717526240685002,0.702214022140221,0.849232212017899,0.0709735410765699,NA
"JOB2770_IDvCD_downregulated","Downregulated","FetalIntestine_Erythroid cell","Fetal","Digestive system","FetalIntestine","Erythroid cell","Erythroid lineage cell","CL:0000764","Intestine","UBERON:0000160",0.645086510457785,0.723454848595184,0.698892988929889,0.850435920435445,0.070358404508464,NA
"JOB2770_IDvCD_downregulated","Downregulated","van_Zyl_eye_2020_SchwannCell-my","Adult","Sensory system","van_Zyl_eye_2020","SchwannCell-my","Schwann cell","CL:0002573","Eye","UBERON:0000970",0.645717244850653,0.716702822919699,0.706642066420664,0.851004572996416,0.0700681061647974,NA
"JOB2770_IDvCD_downregulated","Downregulated","TS_Bone_Marrow_naive b cell","Adult","Lymphatic system","TS_Bone_Marrow","naive b cell","B cell","CL:0000236","Bone marrow","UBERON:0002371",0.699740590688486,0.691012188642247,0.733579335793358,0.851317244747773,0.0699085692119452,NA
"JOB2770_IDvCD_downregulated","Downregulated","FetalMuscle_Endothelial cell","Fetal","Muscular system","FetalMuscle","Endothelial cell","Endothelial cell","CL:0000115","Muscle organ","UBERON:0001630",0.622854500813699,0.749063141096106,0.677859778597786,0.851892351424572,0.0696152809797826,NA
"JOB2770_IDvCD_downregulated","Downregulated","AdultHeart_Monocyte","Adult","Cardiovascular system","AdultHeart","Monocyte","Monocyte","CL:0000576","Heart","UBERON:0000948",0.681506101558259,0.699905100507519,0.725830258302583,0.852063436596877,0.0695280705638322,NA
"JOB2770_IDvCD_downregulated","Downregulated","FetalPancreas_CB CD34+","Fetal","Digestive system","FetalPancreas","CB CD34+","Hematopoietic stem cell","CL:0000037","Pancreas","UBERON:0001264",0.645162613244882,0.725719247449767,0.700369003690037,0.852238755502365,0.0694387201729822,NA
"JOB2770_IDvCD_downregulated","Downregulated","AdultStomach_Macrophage","Adult","Digestive system","AdultStomach","Macrophage","Macrophage","CL:0000235","Stomach","UBERON:0000945",0.637976967728624,0.733212349114024,0.693357933579336,0.852311380677027,0.0694017125051494,NA
"JOB2770_IDvCD_downregulated","Downregulated","Fetal_HCA_Pancreas_CCL19_CCL21 positive cells","Fetal","Digestive system","Fetal_HCA_Pancreas","CCL19_CCL21 positive cells","Mesenchymal stem cell","CL:0000134","Pancreas","UBERON:0001264",0.644968037407076,0.731483171806888,0.697047970479705,0.853324139051482,0.0688859687602169,NA
"JOB2770_IDvCD_downregulated","Downregulated","Fetal_HCA_Pancreas_Smooth muscle cells","Fetal","Digestive system","Fetal_HCA_Pancreas","Smooth muscle cells","Smooth muscle cell","CL:0000192","Pancreas","UBERON:0001264",0.644968037407076,0.732306589572191,0.697047970479705,0.853710426444384,0.0686894144672686,NA
"JOB2770_IDvCD_downregulated","Downregulated","AdultStomach_Gastric chief cell","Adult","Digestive system","AdultStomach","Gastric chief cell","Peptic cell","CL:0000155","Stomach","UBERON:0000945",0.637976967728624,0.736876558169622,0.693357933579336,0.85402383776815,0.0685300069846665,NA
"JOB2770_IDvCD_downregulated","Downregulated","FetalPancreas_Monocyte","Fetal","Digestive system","FetalPancreas","Monocyte","Monocyte","CL:0000576","Pancreas","UBERON:0001264",0.645162613244882,0.730289216047198,0.700369003690037,0.854394716592166,0.06834144589834,NA
"JOB2770_IDvCD_downregulated","Downregulated","FetalPancreas_Fetal mesenchymal progenitor","Fetal","Digestive system","FetalPancreas","Fetal mesenchymal progenitor","Mesenchymal stem cell","CL:0000134","Pancreas","UBERON:0001264",0.645162613244882,0.731894880689539,0.700369003690037,0.855147455110013,0.0679589923839955,NA
"JOB2770_IDvCD_downregulated","Downregulated","Fetal_HCA_Pancreas_Mesothelial cells","Fetal","Digestive system","Fetal_HCA_Pancreas","Mesothelial cells","Mesothelial cell","CL:0000077","Pancreas","UBERON:0001264",0.644968037407076,0.736053140404319,0.697047970479705,0.855459896265417,0.0678003452565746,NA
"JOB2770_IDvCD_downregulated","Downregulated","AdultAdipose_Macrophage","Adult","Integumentary system","AdultAdipose","Macrophage","Macrophage","CL:0000235","Adipose tissue","UBERON:0001013",0.657687127342389,0.723454848595184,0.709225092250923,0.855478570770349,0.0677908648052307,NA
"JOB2770_IDvCD_downregulated","Downregulated","Voigt_2019_retina_1_Schwann cell 2","Adult","Sensory system","Voigt_2019_retina_1","Schwann cell 2","Schwann cell","CL:0002573","Retina","UBERON:0000966",0.645886842602501,0.727860133639555,0.708118081180812,0.85702053347276,0.0670087726309624,NA
"JOB2770_IDvCD_downregulated","Downregulated","Fetal_HCA_Thymus_Stromal cells","Fetal","Lymphatic system","Fetal_HCA_Thymus","Stromal cells","Stromal cell","CL:0000499","Thymus","UBERON:0002370",0.706354022468372,0.693811809044277,0.743173431734317,0.857160724588155,0.0669377367032536,NA
"JOB2770_IDvCD_downregulated","Downregulated","Fetal_HCA_Spleen_Erythroblasts","Fetal","Lymphatic system","Fetal_HCA_Spleen","Erythroblasts","Erythroblast","CL:0000765","Spleen","UBERON:0002106",0.688635740009496,0.712750417646245,0.728782287822878,0.85967518399487,0.0656656097391717,NA
"JOB2770_IDvCD_downregulated","Downregulated","AdultKidney_Endothelial cell","Adult","Urinary system","AdultKidney","Endothelial cell","Endothelial cell","CL:0000115","Kidney","UBERON:0002113",0.645508966643926,0.738235197482372,0.703690036900369,0.859707193937855,0.0656494391167616,NA
"JOB2770_IDvCD_downregulated","Downregulated","van_Zyl_eye_2020_BeamCella","Adult","Sensory system","van_Zyl_eye_2020","BeamCella","Beam A cell",NA,"Eye","UBERON:0000970",0.645717244850653,0.735270893527281,0.706642066420664,0.859762586044431,0.0656214578326294,NA
"JOB2770_IDvCD_downregulated","Downregulated","Fetal_HCA_Spleen_Stromal cells","Fetal","Lymphatic system","Fetal_HCA_Spleen","Stromal cells","Stromal cell","CL:0000499","Spleen","UBERON:0002106",0.688635740009496,0.713038613864101,0.728782287822878,0.859812713576308,0.0655961374985951,NA
"JOB2770_IDvCD_downregulated","Downregulated","FetalThymus_Dendritic cell","Fetal","Lymphatic system","FetalThymus","Dendritic cell","Dendritic cell","CL:0000451","Thymus","UBERON:0002370",0.706273303552689,0.700769689161087,0.742066420664207,0.860053307788058,0.0654746294998038,NA
"JOB2770_IDvCD_downregulated","Downregulated","Fetal_HCA_Pancreas_Vascular endothelial cells","Fetal","Digestive system","Fetal_HCA_Pancreas","Vascular endothelial cells","Endothelial cell","CL:0000115","Pancreas","UBERON:0001264",0.644968037407076,0.746839913129788,0.697047970479705,0.860422835895337,0.0652880718181337,NA
"JOB2770_IDvCD_downregulated","Downregulated","FetalMaleGonad_Primordial germ cell","Fetal","Reproductive system","FetalMaleGonad","Primordial germ cell","Primordial germ cell","CL:0000670","Immature gonad","UBERON:2005272",0.666779270058928,0.730330386935463,0.713284132841328,0.860651089977186,0.0651728768955799,NA
"JOB2770_IDvCD_downregulated","Downregulated","Voigt_2019_retina_1_Endothelial cell","Adult","Sensory system","Voigt_2019_retina_1","Endothelial cell","Endothelial cell","CL:0000115","Retina","UBERON:0000966",0.645886842602501,0.736341336622175,0.708118081180812,0.860966196828658,0.0650138994394621,NA
"JOB2770_IDvCD_downregulated","Downregulated","Lake_2017_VisualCortex_Oli","Adult","Nervous system","Lake_2017_VisualCortex","Oli","Oligodendrocyte","CL:0000128","Visual cortex","UBERON:0000411",0.637495226541687,0.758203078290969,0.688191881918819,0.861208695862435,0.06489159363489,NA
"JOB2770_IDvCD_downregulated","Downregulated","Madissoon_2020_lung_T_CD4","Adult","Respiratory system","Madissoon_2020_lung","T_CD4","T cell","CL:0000084","Lung","UBERON:0002048",0.673853715557363,0.72526636767885,0.722509225092251,0.862649646819624,0.0641655511525635,NA
"JOB2770_IDvCD_downregulated","Downregulated","AdultCervix_Endothelial cell","Adult","Reproductive system","AdultCervix","Endothelial cell","Endothelial cell","CL:0000115","Uterine cervix","UBERON:0000002",0.645444488588192,0.746263520694076,0.702214022140221,0.86266584564705,0.0641573960511976,NA
"JOB2770_IDvCD_downregulated","Downregulated","AdultEpityphlon_T cell","Adult","Digestive system","AdultEpityphlon","T cell","T cell","CL:0000084","Caecum","UBERON:0001153",0.702167141666252,0.709003866814117,0.739483394833948,0.862833712665048,0.064072894470784,NA
"JOB2770_IDvCD_downregulated","Downregulated","AdultSigmoidColon_Dendritic cell","Adult","Digestive system","AdultSigmoidColon","Dendritic cell","Dendritic cell","CL:0000451","Sigmoid colon","UBERON:0001159",0.695664657908984,0.717690924238063,0.73210332103321,0.863560411318614,0.0637072754855178,NA
"JOB2770_IDvCD_downregulated","Downregulated","Fetal_HCA_Liver_Megakaryocytes","Fetal","Digestive system","Fetal_HCA_Liver","Megakaryocytes","Megakaryocyte","CL:0000556","Liver","UBERON:0002107",0.659901406635004,0.740499596336955,0.71070110701107,0.864106724708678,0.0634326150562545,NA
"JOB2770_IDvCD_downregulated","Downregulated","FetalAdrenalGland_Fetal stromal cell","Fetal","Endocrine system","FetalAdrenalGland","Fetal stromal cell","Stromal cell","CL:0000499","Adrenal gland","UBERON:0002369",0.673797676163846,0.732553614901782,0.718819188191882,0.864299034502958,0.0633359721442863,NA
"JOB2770_IDvCD_downregulated","Downregulated","Lake_2017_VisualCortex_Mic","Adult","Nervous system","Lake_2017_VisualCortex","Mic","Microglial cell","CL:0000129","Visual cortex","UBERON:0000411",0.637495226541687,0.765737350843491,0.688191881918819,0.864555834276728,0.0632069541132919,NA
"JOB2770_IDvCD_downregulated","Downregulated","AdultUterus_Macrophage","Adult","Reproductive system","AdultUterus","Macrophage","Macrophage","CL:0000235","Uterus","UBERON:0000995",0.702400911901251,0.711597632774821,0.740590405904059,0.864573867263132,0.0631978956528643,NA
"JOB2770_IDvCD_downregulated","Downregulated","Madissoon_2020_lung_B_cell_naive","Adult","Respiratory system","Madissoon_2020_lung","B_cell_naive","B cell","CL:0000236","Lung","UBERON:0002048",0.673853715557363,0.729918678052812,0.722509225092251,0.864811124104806,0.0630787326691521,NA
"JOB2770_IDvCD_downregulated","Downregulated","FetalRib_Kidney intercalated cell","Fetal","Skeletal system","FetalRib","Kidney intercalated cell","Renal intercalated cell","CL:0005010","Rib","UBERON:0002228",0.680883169502201,0.727695450086494,0.724723247232472,0.864814215263201,0.0630771803410229,NA
"JOB2770_IDvCD_downregulated","Downregulated","Voigt_2019_retina_2_Schwann cell","Adult","Sensory system","Voigt_2019_retina_2","Schwann cell","Schwann cell","CL:0002573","Retina","UBERON:0000966",0.673277682553932,0.738935102582879,0.714760147601476,0.865314980776063,0.0628257774914157,NA
"JOB2770_IDvCD_downregulated","Downregulated","FetalAdrenalGland_Monocyte","Fetal","Endocrine system","FetalAdrenalGland","Monocyte","Monocyte","CL:0000576","Adrenal gland","UBERON:0002369",0.673797676163846,0.735970798627789,0.718819188191882,0.865868720988613,0.0625479487125578,NA
"JOB2770_IDvCD_downregulated","Downregulated","Fetal_HCA_Liver_Lymphoid cells","Fetal","Digestive system","Fetal_HCA_Liver","Lymphoid cells","Innate lymphoid cell","CL:0001065","Liver","UBERON:0002107",0.659901406635004,0.744987223157856,0.71070110701107,0.866144437910082,0.0624096791642491,NA
"JOB2770_IDvCD_downregulated","Downregulated","FetalAdrenalGland_Erythroid progenitor cell (RP high)","Fetal","Endocrine system","FetalAdrenalGland","Erythroid progenitor cell (RP high)","Erythroid progenitor cell","CL:0000038","Adrenal gland","UBERON:0002369",0.673797676163846,0.737535292381864,0.718819188191882,0.866583563343244,0.062189552570311,NA
"JOB2770_IDvCD_downregulated","Downregulated","Fetal_HCA_Liver_Mesothelial cells","Fetal","Digestive system","Fetal_HCA_Liver","Mesothelial cells","Mesothelial cell","CL:0000077","Liver","UBERON:0002107",0.659901406635004,0.746798742241523,0.71070110701107,0.866961551564848,0.0620001624009329,NA
"JOB2770_IDvCD_downregulated","Downregulated","Fetal_HCA_Lung_Mesothelial cells","Fetal","Respiratory system","Fetal_HCA_Lung","Mesothelial cells","Mesothelial cell","CL:0000077","Lung","UBERON:0002048",0.645621240286885,0.752850862816499,0.705166051660517,0.867046531131203,0.0619575949444829,NA
"JOB2770_IDvCD_downregulated","Downregulated","Madissoon_2020_lung_B_cell_mature","Adult","Respiratory system","Madissoon_2020_lung","B_cell_mature","B cell","CL:0000236","Lung","UBERON:0002048",0.673853715557363,0.735806115074728,0.722509225092251,0.867515750860276,0.0617226312925889,NA
"JOB2770_IDvCD_downregulated","Downregulated","FetalAdrenalGland_Neutrophil (RPS high)","Fetal","Endocrine system","FetalAdrenalGland","Neutrophil (RPS high)","Neutrophil","CL:0000775","Adrenal gland","UBERON:0002369",0.673797676163846,0.740870134331341,0.718819188191882,0.868099350659673,0.0614305686320967,NA
"JOB2770_IDvCD_downregulated","Downregulated","Fetal_HCA_Lung_Lymphatic endothelial cells","Fetal","Respiratory system","Fetal_HCA_Lung","Lymphatic endothelial cells","Endothelial cell","CL:0000115","Lung","UBERON:0002048",0.645621240286885,0.756679755425158,0.705166051660517,0.868749347302788,0.0611055086900645,NA
"JOB2770_IDvCD_downregulated","Downregulated","Voigt_2019_retina_2_Pericytes","Adult","Sensory system","Voigt_2019_retina_2","Pericytes","Pericyte cell","CL:0000669","Retina","UBERON:0000966",0.673277682553932,0.748033868889477,0.714760147601476,0.869426594964574,0.0607670792708933,NA
"JOB2770_IDvCD_downregulated","Downregulated","AdultUterus_Smooth muscle cell","Adult","Reproductive system","AdultUterus","Smooth muscle cell","Smooth muscle cell","CL:0000192","Uterus","UBERON:0000995",0.702400911901251,0.724484120801812,0.740590405904059,0.870601131542876,0.060180772714449,NA
"JOB2770_IDvCD_downregulated","Downregulated","Madissoon_2020_oesophagus_Fibroblast","Adult","Digestive system","Madissoon_2020_oesophagus","Fibroblast","Fibroblast","CL:0000057","Esophagus","UBERON:0001043",0.673375230629713,0.749516020867023,0.716236162361624,0.870778180038019,0.0600924620468954,NA
"JOB2770_IDvCD_downregulated","Downregulated","FetalMaleGonad_Immature sertoli cell (Pre-Sertoli cell)","Fetal","Reproductive system","FetalMaleGonad","Immature sertoli cell (Pre-Sertoli cell)","Sertoli cell","CL:0000216","Immature gonad","UBERON:2005272",0.666779270058928,0.752686179263439,0.713284132841328,0.870808429405128,0.0600773756502194,NA
"JOB2770_IDvCD_downregulated","Downregulated","Fetal_HCA_Stomach_Parietal and chief cells","Fetal","Digestive system","Fetal_HCA_Stomach","Parietal and chief cells","Epithelial cell","CL:0000066","Stomach","UBERON:0000945",0.709643636674091,0.720202348422237,0.747232472324723,0.871602715436458,0.0596814254000447,NA
"JOB2770_IDvCD_downregulated","Downregulated","Madissoon_2020_lung_Secretory_club","Adult","Respiratory system","Madissoon_2020_lung","Secretory_club","Club cell","CL:0000158","Lung","UBERON:0002048",0.673853715557363,0.745028394046121,0.722509225092251,0.871684057045601,0.0596408971145288,NA
"JOB2770_IDvCD_downregulated","Downregulated","FetalCalvaria_Fetal chondrocyte","Fetal","Skeletal system","FetalCalvaria","Fetal chondrocyte","Chondrocyte","CL:0000138","Vault of skull","UBERON:0004339",0.729768173701997,0.714191398735525,0.754243542435424,0.8719219781075,0.0595223751515746,NA
"JOB2770_IDvCD_downregulated","Downregulated","FetalLiver_T cell","Fetal","Digestive system","FetalLiver","T cell","T cell","CL:0000084","Liver","UBERON:0002107",0.709593287768039,0.723043139712532,0.745756457564576,0.872255676592567,0.0593561955057549,NA
"JOB2770_IDvCD_downregulated","Downregulated","Fetal_HCA_Cerebellum_10k_Oligodendrocytes","Fetal","Nervous system","Fetal_HCA_Cerebellum_10k","Oligodendrocytes","Oligodendrocyte","CL:0000128","Cerebellum","UBERON:0002037",0.666480487142772,0.758902983391476,0.712177121771218,0.873031974928459,0.05896984990189,NA
"JOB2770_IDvCD_downregulated","Downregulated","Madissoon_2020_oesophagus_Endothelia_vascular_arterial","Adult","Digestive system","Madissoon_2020_oesophagus","Endothelia_vascular_arterial","Endothelial cell","CL:0000115","Esophagus","UBERON:0001043",0.673375230629713,0.755238774335878,0.716236162361624,0.873312351046061,0.0588303976759262,NA
"JOB2770_IDvCD_downregulated","Downregulated","Braga_2020_lung_Fibroblast","Adult","Respiratory system","Braga_2020_lung","Fibroblast","Fibroblast","CL:0000057","Lung","UBERON:0002048",0.710108767777963,0.721437475070192,0.750184501845019,0.873485490504879,0.0587443047005148,NA
"JOB2770_IDvCD_downregulated","Downregulated","FetalAdrenalGland_Fetal fibroblast","Fetal","Endocrine system","FetalAdrenalGland","Fetal fibroblast","Fibroblast","CL:0000057","Adrenal gland","UBERON:0002369",0.673797676163846,0.754044818576189,0.718819188191882,0.873982591915473,0.0584972176062639,NA
"JOB2770_IDvCD_downregulated","Downregulated","Fetal_HCA_Stomach_Mesothelial cells","Fetal","Digestive system","Fetal_HCA_Stomach","Mesothelial cells","Mesothelial cell","CL:0000077","Stomach","UBERON:0000945",0.709643636674091,0.72925994384057,0.747232472324723,0.875753879719892,0.0576179300168835,NA
"JOB2770_IDvCD_downregulated","Downregulated","FetalLiver_Antigen presenting cell (RPS high)","Fetal","Digestive system","FetalLiver","Antigen presenting cell (RPS high)","Professional antigen presenting cell","CL:0000145","Liver","UBERON:0002107",0.709593287768039,0.735929627739524,0.745756457564576,0.878106199268464,0.0564529567964578,NA
"JOB2770_IDvCD_downregulated","Downregulated","AdultPancreas_Stromal cell","Adult","Digestive system","AdultPancreas","Stromal cell","Stromal cell","CL:0000499","Pancreas","UBERON:0001264",0.710036771138084,0.732759469343107,0.749077490774908,0.878147804752332,0.0564323800097028,NA
"JOB2770_IDvCD_downregulated","Downregulated","AdultRectum_B cell","Adult","Digestive system","AdultRectum","B cell","B cell","CL:0000236","Rectum","UBERON:0001052",0.723896343151566,0.73086560848291,0.752029520295203,0.878590530261296,0.056213482014732,NA
"JOB2770_IDvCD_downregulated","Downregulated","AdultRectum_Dendritic cell","Adult","Digestive system","AdultRectum","Dendritic cell","Dendritic cell","CL:0000451","Rectum","UBERON:0001052",0.723896343151566,0.732018393354335,0.752029520295203,0.879108708149161,0.0559574179521828,NA
"JOB2770_IDvCD_downregulated","Downregulated","AdultRectum_Enterocyte","Adult","Digestive system","AdultRectum","Enterocyte","Enterocyte","CL:0000584","Rectum","UBERON:0001052",0.723896343151566,0.734118108655857,0.752029520295203,0.880049025659694,0.0554931335539091,NA
"JOB2770_IDvCD_downregulated","Downregulated","Braga_2020_lung_Macrophages","Adult","Respiratory system","Braga_2020_lung","Macrophages","Macrophage","CL:0000235","Lung","UBERON:0002048",0.710108767777963,0.736670703728296,0.750184501845019,0.8803816884846,0.0553289991409499,NA
"JOB2770_IDvCD_downregulated","Downregulated","Madissoon_2020_lung_Alveolar_Type1","Adult","Respiratory system","Madissoon_2020_lung","Alveolar_Type1","Alveolar capillary type 2 endothelial cell","CL:4028003","Lung","UBERON:0002048",0.673853715557363,0.765325641960839,0.722509225092251,0.880568937866219,0.0552366383759557,NA
"JOB2770_IDvCD_downregulated","Downregulated","AdultSpleen_Macrophage","Adult","Lymphatic system","AdultSpleen","Macrophage","Macrophage","CL:0000235","Spleen","UBERON:0002106",0.709937008901795,0.744081463616023,0.748339483394834,0.882848731054258,0.0541137028734761,NA
"JOB2770_IDvCD_downregulated","Downregulated","Segerstolpe_2016_PancreaticIslets_pancreatic D cell","Adult","Digestive system","Segerstolpe_2016_PancreaticIslets","pancreatic D cell","Pancreatic D cell","CL:0000173","Pancreas","UBERON:0001264",0.706609854900558,0.750915831068037,0.744649446494465,0.884215944991994,0.0534416577635544,NA
"JOB2770_IDvCD_downregulated","Downregulated","AdultTemporalLobe_Smooth muscle cell","Adult","Nervous system","AdultTemporalLobe","Smooth muscle cell","Smooth muscle cell","CL:0000192","Temporal lobe","UBERON:0001871",0.73639367501936,0.740993646996137,0.755350553505535,0.884530112476302,0.0532873776104627,NA
"JOB2770_IDvCD_downregulated","Downregulated","TS_Kidney_nk cell","Adult","Urinary system","TS_Kidney","nk cell","Natural killer cell","CL:0000623","Kidney","UBERON:0002113",0.693585957487369,0.768825167463377,0.7309963099631,0.88585924480765,0.0526352781801324,NA
"JOB2770_IDvCD_downregulated","Downregulated","AdultOmentum_T cell","Adult","Integumentary system","AdultOmentum","T cell","T cell","CL:0000084","Omentum","UBERON:0003688",0.729462763154375,0.74614000802928,0.753505535055351,0.885981520322874,0.0525753364713028,NA
"JOB2770_IDvCD_downregulated","Downregulated","AdultEsophagus_Stromal cell","Adult","Digestive system","AdultEsophagus","Stromal cell","Stromal cell","CL:0000499","Esophagus","UBERON:0001043",0.749588689183039,0.737617634158395,0.762730627306273,0.886201907154724,0.0524673196780454,NA
"JOB2770_IDvCD_downregulated","Downregulated","TS_Kidney_b cell","Adult","Urinary system","TS_Kidney","b cell","B cell","CL:0000236","Kidney","UBERON:0002113",0.693585957487369,0.76973092700521,0.7309963099631,0.886240386455888,0.052448462817965,NA
"JOB2770_IDvCD_downregulated","Downregulated","Fetal_HCA_Muscle_Stromal cells","Fetal","Muscular system","Fetal_HCA_Muscle","Stromal cells","Stromal cell","CL:0000499","Muscle organ","UBERON:0001630",0.736501237437864,0.743957950951228,0.756457564575646,0.88629912106931,0.0524196813793489,NA
"JOB2770_IDvCD_downregulated","Downregulated","TS_Large_Intestine_intestinal tuft cell","Adult","Digestive system","TS_Large_Intestine","intestinal tuft cell","Intestinal tuft cell","CL:0019032","Large intestine","UBERON:0000059",0.829822654392648,0.68088415012902,0.826568265682657,0.886313269111402,0.0524127487677475,NA
"JOB2770_IDvCD_downregulated","Downregulated","AdultTrachea_Smooth muscle cell","Adult","Respiratory system","AdultTrachea","Smooth muscle cell","Smooth muscle cell","CL:0000192","Trachea","UBERON:0003126",0.742739354545961,0.745604786481833,0.75719557195572,0.887328755224384,0.0519154442863968,NA
"JOB2770_IDvCD_downregulated","Downregulated","Fetal_HCA_Cerebrum_10k_Microglia","Fetal","Nervous system","Fetal_HCA_Cerebrum_10k","Microglia","Microglial cell","CL:0000129","Cerebral hemisphere","UBERON:0001869",0.687430282610892,0.778212129987831,0.727675276752768,0.8883077922902,0.0514365282166128,NA
"JOB2770_IDvCD_downregulated","Downregulated","AdultFallopiantube_Smooth muscle cell","Adult","Reproductive system","AdultFallopiantube","Smooth muscle cell","Smooth muscle cell","CL:0000192","Fallopian tube","UBERON:0003889",0.743023233648982,0.745028394046121,0.760147601476015,0.888333846109764,0.0514237906674916,NA
"JOB2770_IDvCD_downregulated","Downregulated","TS_Vasculature_t cell","Adult","Cardiovascular system","TS_Vasculature","t cell","T cell","CL:0000084","Vasculature","UBERON:0002049",0.686663102285813,0.780476528842414,0.726937269372694,0.888916236136674,0.0511391612992531,NA
"JOB2770_IDvCD_downregulated","Downregulated","TS_Thymus_erythrocyte","Adult","Lymphatic system","TS_Thymus","erythrocyte","Erythrocyte","CL:0000232","Thymus","UBERON:0002370",0.699470037071728,0.776194756462839,0.732841328413284,0.889747546567468,0.0507332008668863,NA
"JOB2770_IDvCD_downregulated","Downregulated","TS_Prostate_cd8-positive, alpha-beta t cell","Adult","Reproductive system","TS_Prostate","cd8-positive, alpha-beta t cell","T cell","CL:0000084","Prostate gland","UBERON:0002367",0.699985683718822,0.772324692965915,0.736531365313653,0.88975531182545,0.0507294105850373,NA
"JOB2770_IDvCD_downregulated","Downregulated","NeonatalAdrenalGland_Dendritic cell","Neonatal","Endocrine system","NeonatalAdrenalGland","Dendritic cell","Dendritic cell","CL:0000451","Adrenal gland","UBERON:0002369",0.756124783588098,0.742228773644091,0.767158671586716,0.890074273417557,0.0505737515691151,NA
"JOB2770_IDvCD_downregulated","Downregulated","CordBlood_B cell","Neonatal","Reproductive system","CordBlood","B cell","B cell","CL:0000236","Umbilical cord blood","UBERON:0012168",0.789969191826365,0.720078835757442,0.792250922509225,0.890679150626926,0.05027871370389,NA
"JOB2770_IDvCD_downregulated","Downregulated","FetalSpinalCord_Neutrophil (RPS high)","Fetal","Nervous system","FetalSpinalCord","Neutrophil (RPS high)","Neutrophil","CL:0000775","Spinal cord","UBERON:0002240",0.767944277494355,0.734365133985448,0.777490774907749,0.890947796029794,0.0501477421588565,NA
"JOB2770_IDvCD_downregulated","Downregulated","AdultTemporalLobe_Oligodendrocyte","Adult","Nervous system","AdultTemporalLobe","Oligodendrocyte","Oligodendrocyte","CL:0000128","Temporal lobe","UBERON:0001871",0.73639367501936,0.757750198520052,0.755350553505535,0.891733428759365,0.0497649524860876,NA
"JOB2770_IDvCD_downregulated","Downregulated","FetalHeart_Ventricle cardiomyocyte","Fetal","Cardiovascular system","FetalHeart","Ventricle cardiomyocyte","Fetal cardiomyocyte","CL:0002495","Heart","UBERON:0000948",0.756080729778035,0.748445577772129,0.765313653136531,0.891972409333398,0.0496485790987396,NA
"JOB2770_IDvCD_downregulated","Downregulated","FetalHeart_Erythroid cell","Fetal","Cardiovascular system","FetalHeart","Erythroid cell","Erythroid lineage cell","CL:0000764","Heart","UBERON:0000948",0.756080729778035,0.748816115766515,0.765313653136531,0.8921303561523,0.0495716828196804,NA
"JOB2770_IDvCD_downregulated","Downregulated","AdultThyroid_Monocyte","Adult","Endocrine system","AdultThyroid","Monocyte","Monocyte","CL:0000576","Thyroid gland","UBERON:0002046",0.742981922906967,0.75581516677159,0.758671586715867,0.892317483333834,0.0494805977222582,NA
"JOB2770_IDvCD_downregulated","Downregulated","FetalLung_Fetal stromal cell","Fetal","Respiratory system","FetalLung","Fetal stromal cell","Stromal cell","CL:0000499","Lung","UBERON:0002048",0.749335636715468,0.755773995883325,0.760885608856089,0.893228360278255,0.0490374963968159,NA
"JOB2770_IDvCD_downregulated","Downregulated","TS_Lung_dendritic cell","Adult","Respiratory system","TS_Lung","dendritic cell","Dendritic cell","CL:0000451","Lung","UBERON:0002048",0.693263455918167,0.789122415378095,0.729889298892989,0.893733584905609,0.0487919217507311,NA
"JOB2770_IDvCD_downregulated","Downregulated","AdultEsophagus_T cell","Adult","Digestive system","AdultEsophagus","T cell","T cell","CL:0000084","Esophagus","UBERON:0001043",0.749588689183039,0.755444628777204,0.762730627306273,0.893859739501778,0.048730623418134,NA
"JOB2770_IDvCD_downregulated","Downregulated","AdultEsophagus_B cell","Adult","Digestive system","AdultEsophagus","B cell","B cell","CL:0000236","Esophagus","UBERON:0001043",0.749588689183039,0.75709146430781,0.762730627306273,0.894550853772474,0.0483949654543559,NA
"JOB2770_IDvCD_downregulated","Downregulated","FetalHeart_Stromal cell","Fetal","Cardiovascular system","FetalHeart","Stromal cell","Stromal cell","CL:0000499","Heart","UBERON:0000948",0.756080729778035,0.754703552788431,0.765313653136531,0.894621174089025,0.0483608270652196,NA
"JOB2770_IDvCD_downregulated","Downregulated","AdultThyroid_Fibroblast","Adult","Endocrine system","AdultThyroid","Fibroblast","Fibroblast","CL:0000057","Thyroid gland","UBERON:0002046",0.742981922906967,0.761537920240446,0.758671586715867,0.894715695995052,0.0483149437629404,NA
"JOB2770_IDvCD_downregulated","Downregulated","TS_Thymus_mature nk t cell","Adult","Lymphatic system","TS_Thymus","mature nk t cell","Natural killer cell","CL:0000623","Thymus","UBERON:0002370",0.699876819518312,0.786405136752595,0.735793357933579,0.895194783303236,0.0480824572987632,NA
"JOB2770_IDvCD_downregulated","Downregulated","Fetal_HCA_Placenta_Megakaryocytes","Fetal","Reproductive system","Fetal_HCA_Placenta","Megakaryocytes","Megakaryocyte","CL:0000556","Placenta","UBERON:0001987",0.762242196801211,0.749639533531818,0.772324723247232,0.895377124502006,0.0479940053618396,NA
"JOB2770_IDvCD_downregulated","Downregulated","AdultEsophagus_Macrophage","Adult","Digestive system","AdultEsophagus","Macrophage","Macrophage","CL:0000235","Esophagus","UBERON:0001043",0.749588689183039,0.761043869581264,0.762730627306273,0.89619839164654,0.0475958398245147,NA
"JOB2770_IDvCD_downregulated","Downregulated","TS_Trachea_cd4-positive, alpha-beta t cell","Adult","Respiratory system","TS_Trachea","cd4-positive, alpha-beta t cell","T cell","CL:0000084","Trachea","UBERON:0003126",0.699788617631336,0.791098618014822,0.734686346863469,0.896599269637539,0.0474016192428299,NA
"JOB2770_IDvCD_downregulated","Downregulated","TS_Trachea_t cell","Adult","Respiratory system","TS_Trachea","t cell","T cell","CL:0000084","Trachea","UBERON:0003126",0.699788617631336,0.791139788903087,0.734686346863469,0.89661568258536,0.0473936692169149,NA
"JOB2770_IDvCD_downregulated","Downregulated","TS_Skin_naive thymus-derived cd8-positive, alpha-beta t cell","Adult","Integumentary system","TS_Skin","naive thymus-derived cd8-positive, alpha-beta t cell","T cell","CL:0000084","Skin of body","UBERON:0002097",0.699989067759928,0.788875390048504,0.737638376383764,0.896976213047845,0.0472190738779135,NA
"JOB2770_IDvCD_downregulated","Downregulated","TS_Skin_naive thymus-derived cd4-positive, alpha-beta t cell","Adult","Integumentary system","TS_Skin","naive thymus-derived cd4-positive, alpha-beta t cell","T cell","CL:0000084","Skin of body","UBERON:0002097",0.699989067759928,0.788875390048504,0.737638376383764,0.896976213047845,0.0472190738779135,NA
"JOB2770_IDvCD_downregulated","Downregulated","Fetal_HCA_Placenta_Smooth muscle cells","Fetal","Reproductive system","Fetal_HCA_Placenta","Smooth muscle cells","Smooth muscle cell","CL:0000192","Placenta","UBERON:0001987",0.762242196801211,0.754580040123636,0.772324723247232,0.89744989461837,0.0469897890986098,NA
"JOB2770_IDvCD_downregulated","Downregulated","AdultThyroid_Endothelial cell","Adult","Endocrine system","AdultThyroid","Endothelial cell","Endothelial cell","CL:0000115","Thyroid gland","UBERON:0002046",0.742981922906967,0.769072192792968,0.758671586715867,0.897823340846953,0.046809108369352,NA
"JOB2770_IDvCD_downregulated","Downregulated","TS_Lymph_Node_t cell","Adult","Lymphatic system","TS_Lymph_Node","t cell","T cell","CL:0000084","Lymph node","UBERON:0000029",0.700076960636722,0.790028174919928,0.738745387453875,0.897907608026793,0.0467683486205044,NA
"JOB2770_IDvCD_downregulated","Downregulated","NeonatalAdrenalGland_Endothelial cell (APC)","Neonatal","Endocrine system","NeonatalAdrenalGland","Endothelial cell (APC)","Endothelial cell","CL:0000115","Adrenal gland","UBERON:0002369",0.756124783588098,0.761784945570037,0.767158671586716,0.898327246050217,0.0465654280715887,NA
"JOB2770_IDvCD_downregulated","Downregulated","FetalStomach_Fetal mesenchymal progenitor","Fetal","Digestive system","FetalStomach","Fetal mesenchymal progenitor","Mesenchymal stem cell","CL:0000134","Stomach","UBERON:0000945",0.773812039624147,0.748157381554273,0.782287822878229,0.898790965907541,0.0463413014912509,NA
"JOB2770_IDvCD_downregulated","Downregulated","VentoTormo_2018_decidua_conventional dendritic cell (DC1)","Maternal-Fetal","Reproductive system","VentoTormo_2018_decidua","conventional dendritic cell (DC1)","Dendritic cell","CL:0000451","Decidua","UBERON:0002450",0.70647088332291,0.787763776065345,0.743911439114391,0.899193350361445,0.0461469134209319,NA
"JOB2770_IDvCD_downregulated","Downregulated","AdultIleum_Macrophage","Adult","Digestive system","AdultIleum","Macrophage","Macrophage","CL:0000235","Ileum","UBERON:0002116",0.761231031811533,0.764255198865946,0.768634686346863,0.899943321446943,0.0457848416250667,NA
"JOB2770_IDvCD_downregulated","Downregulated","FetalSkin_Fetal neuron","Fetal","Integumentary system","FetalSkin","Fetal neuron","Neuron","CL:0000540","Skin of body","UBERON:0002097",0.761849480735157,0.761743774681772,0.771217712177122,0.899963129614089,0.0457752827086204,NA
"JOB2770_IDvCD_downregulated","Downregulated","CordBlood_Monocyte","Neonatal","Reproductive system","CordBlood","Monocyte","Monocyte","CL:0000576","Umbilical cord blood","UBERON:0012168",0.789969191826365,0.743093362297659,0.792250922509225,0.900624652080226,0.0454561696139462,NA
"JOB2770_IDvCD_downregulated","Downregulated","Fetal_HCA_Eye_Astrocytes","Fetal","Sensory system","Fetal_HCA_Eye","Astrocytes","Astrocyte","CL:0000127","Eye","UBERON:0000970",0.767659570987959,0.760796844251673,0.776014760147602,0.901508744722774,0.0450300562223036,NA
"JOB2770_IDvCD_downregulated","Downregulated","FetalSpinalCord_Endothelial cell","Fetal","Nervous system","FetalSpinalCord","Endothelial cell","Endothelial cell","CL:0000115","Spinal cord","UBERON:0002240",0.767944277494355,0.762073141787893,0.777490774907749,0.90261964251156,0.0444952197394713,NA
"JOB2770_IDvCD_downregulated","Downregulated","FetalMuscle_Fetal epithelial progenitor","Fetal","Muscular system","FetalMuscle","Fetal epithelial progenitor","Epithelial fate stem cell","CL:0000036","Muscle organ","UBERON:0001630",0.773445338753467,0.760673331586878,0.779335793357934,0.902784489686546,0.0444159109383271,NA
"JOB2770_IDvCD_downregulated","Downregulated","AdultBladder_Endothelial cell (APC)","Adult","Urinary system","AdultBladder","Endothelial cell (APC)","Endothelial cell","CL:0000115","Bladder organ","UBERON:0018707",0.761304479533769,0.770389661217453,0.769741697416974,0.902879148166195,0.0443703768149691,NA
"JOB2770_IDvCD_downregulated","Downregulated","FetalStomach_T cell","Fetal","Digestive system","FetalStomach","T cell","T cell","CL:0000084","Stomach","UBERON:0000945",0.773812039624147,0.758491274508825,0.782287822878229,0.903065825198034,0.0442805924568516,NA
"JOB2770_IDvCD_downregulated","Downregulated","AdultPleura_Neutrophil","Adult","Respiratory system","AdultPleura","Neutrophil","Neutrophil","CL:0000775","Pleura","UBERON:0000977",0.761370757418064,0.77244820563071,0.770479704797048,0.904001154879234,0.0438310147045501,NA
"JOB2770_IDvCD_downregulated","Downregulated","Lake_2017_FrontalCortex_Ex6b","Adult","Nervous system","Lake_2017_FrontalCortex","Ex6b","Excitatory neuron","CL:0008030","Frontal cortex","UBERON:0001870",0.767411059506799,0.770595515658778,0.773431734317343,0.904440274762838,0.0436201067448393,NA
"JOB2770_IDvCD_downregulated","Downregulated","AdultIleum_Endothelial cell (APC)","Adult","Digestive system","AdultIleum","Endothelial cell (APC)","Endothelial cell","CL:0000115","Ileum","UBERON:0002116",0.761231031811533,0.775988902021513,0.768634686346863,0.904672446881976,0.0435086365533574,NA
"JOB2770_IDvCD_downregulated","Downregulated","Fetal_HCA_Heart_Schwann cells","Fetal","Cardiovascular system","Fetal_HCA_Heart","Schwann cells","Schwann cell","CL:0002573","Heart","UBERON:0000948",0.773352640915588,0.766396085055733,0.77859778597786,0.904807938941685,0.043443597490824,NA
"JOB2770_IDvCD_downregulated","Downregulated","Fetal_HCA_Eye_Vascular endothelial cells","Fetal","Sensory system","Fetal_HCA_Eye","Vascular endothelial cells","Endothelial cell","CL:0000115","Eye","UBERON:0000970",0.767659570987959,0.769031021904703,0.776014760147602,0.904841562589042,0.0434274589352662,NA
"JOB2770_IDvCD_downregulated","Downregulated","FetalKidney_Erythroid progenitor cell (RP high)","Fetal","Urinary system","FetalKidney","Erythroid progenitor cell (RP high)","Erythroid progenitor cell","CL:0000038","Kidney","UBERON:0002113",0.773521502049554,0.767507699038892,0.780442804428044,0.90598159364324,0.0428806255686339,NA
"JOB2770_IDvCD_downregulated","Downregulated","AdultArtery_Mast cell","Adult","Cardiovascular system","AdultArtery","Mast cell","Mast cell","CL:0000097","Artery","UBERON:0001637",0.767513799963758,0.773559819613869,0.774538745387454,0.906061621316234,0.0428422649197084,NA
"JOB2770_IDvCD_downregulated","Downregulated","FetalKidney_Neutrophil","Fetal","Urinary system","FetalKidney","Neutrophil","Neutrophil","CL:0000775","Kidney","UBERON:0002113",0.773521502049554,0.769442730787354,0.780442804428044,0.90675366047895,0.0425106825381536,NA
"JOB2770_IDvCD_downregulated","Downregulated","AdultTransverseColon_Mast cell","Adult","Digestive system","AdultTransverseColon","Mast cell","Mast cell","CL:0000097","Transverse colon","UBERON:0001157",0.778893796852275,0.767713553480218,0.784132841328413,0.907508321384645,0.0421493840165175,NA
"JOB2770_IDvCD_downregulated","Downregulated","AdultLung_Monocyte","Adult","Respiratory system","AdultLung","Monocyte","Monocyte","CL:0000576","Lung","UBERON:0002048",0.784781504841617,0.764255198865946,0.787822878228782,0.907563285941601,0.0421230811382209,NA
"JOB2770_IDvCD_downregulated","Downregulated","FetalStomach_Endothelial cell","Fetal","Digestive system","FetalStomach","Endothelial cell","Endothelial cell","CL:0000115","Stomach","UBERON:0000945",0.773812039624147,0.77388918671999,0.782287822878229,0.909231656327852,0.0413254520394902,NA
"JOB2770_IDvCD_downregulated","Downregulated","MacParland_2018_liver_NK-like cell","Adult","Digestive system","MacParland_2018_liver","NK-like cell","Natural killer cell","CL:0000623","Liver","UBERON:0002107",0.784544277088132,0.770554344770513,0.785977859778598,0.909349330842378,0.0412692484469627,NA
"JOB2770_IDvCD_downregulated","Downregulated","FetalFemaleGonad_Dendritic cell","Fetal","Reproductive system","FetalFemaleGonad","Dendritic cell","Dendritic cell","CL:0000451","Immature gonad","UBERON:2005272",0.785045681205945,0.766190230614407,0.790774907749077,0.909472319343878,0.0412105145654797,NA
"JOB2770_IDvCD_downregulated","Downregulated","AdultLung_Mast cell","Adult","Respiratory system","AdultLung","Mast cell","Mast cell","CL:0000097","Lung","UBERON:0002048",0.784781504841617,0.769113363681233,0.787822878228782,0.909492909250459,0.0412006825107808,NA
"JOB2770_IDvCD_downregulated","Downregulated","AdultLung_Stromal cell","Adult","Respiratory system","AdultLung","Stromal cell","Stromal cell","CL:0000499","Lung","UBERON:0002048",0.784781504841617,0.769401559899089,0.787822878228782,0.909606617299839,0.0411463888586334,NA
"JOB2770_IDvCD_downregulated","Downregulated","FetalIntestine_Fetal epithelial progenitor","Fetal","Digestive system","FetalIntestine","Fetal epithelial progenitor","Epithelial fate stem cell","CL:0000036","Intestine","UBERON:0000160",0.790336431525074,0.76269070511187,0.794833948339483,0.909636808485958,0.0411319742230228,NA
"JOB2770_IDvCD_downregulated","Downregulated","AdultArtery_Endothelial cell (APC)","Adult","Cardiovascular system","AdultArtery","Endothelial cell (APC)","Endothelial cell","CL:0000115","Artery","UBERON:0001637",0.767513799963758,0.783687858127096,0.774538745387454,0.910028785986038,0.0409448698798235,NA
"JOB2770_IDvCD_downregulated","Downregulated","AdultTransverseColon_Macrophage","Adult","Digestive system","AdultTransverseColon","Macrophage","Macrophage","CL:0000235","Transverse colon","UBERON:0001157",0.778893796852275,0.777018174228142,0.784132841328413,0.911167147472989,0.0404019473227312,NA
"JOB2770_IDvCD_downregulated","Downregulated","FetalFemaleGonad_Macrophage","Fetal","Reproductive system","FetalFemaleGonad","Macrophage","Macrophage","CL:0000235","Immature gonad","UBERON:2005272",0.785045681205945,0.771665958753672,0.790774907749077,0.911626536391543,0.0401830414988131,NA
"JOB2770_IDvCD_downregulated","Downregulated","AdultStomach_Fetal stromal cell","Adult","Digestive system","AdultStomach","Fetal stromal cell","Stromal cell","CL:0000499","Stomach","UBERON:0000945",0.784979039513585,0.773477477837339,0.789667896678967,0.911910903259982,0.0400475916197869,NA
"JOB2770_IDvCD_downregulated","Downregulated","Fetal_HCA_Intestine_Lymphatic endothelial cells","Fetal","Digestive system","Fetal_HCA_Intestine","Lymphatic endothelial cells","Endothelial cell","CL:0000115","Intestine","UBERON:0000160",0.779459351883251,0.779653111077111,0.785239852398524,0.912611455810418,0.0397140839262509,NA
"JOB2770_IDvCD_downregulated","Downregulated","FetalIntestine_Fetal enterocyte","Fetal","Digestive system","FetalIntestine","Fetal enterocyte","Enterocyte","CL:0000584","Intestine","UBERON:0000160",0.790336431525074,0.770842540988369,0.794833948339483,0.912845382687797,0.039602776827197,NA
"JOB2770_IDvCD_downregulated","Downregulated","FetalIntestine_T cell","Fetal","Digestive system","FetalIntestine","T cell","T cell","CL:0000084","Intestine","UBERON:0000160",0.790336431525074,0.770883711876634,0.794833948339483,0.912861413088938,0.0395951502852194,NA
"JOB2770_IDvCD_downregulated","Downregulated","FetalIntestine_Smooth muscle cell","Fetal","Digestive system","FetalIntestine","Smooth muscle cell","Smooth muscle cell","CL:0000192","Intestine","UBERON:0000160",0.790336431525074,0.771460104312347,0.794833948339483,0.913085655238393,0.0394884800204595,NA
"JOB2770_IDvCD_downregulated","Downregulated","FetalBrain_Erythroid cell","Fetal","Nervous system","FetalBrain","Erythroid cell","Erythroid lineage cell","CL:0000764","Brain","UBERON:0000955",0.7904273072335,0.768454629468991,0.799261992619926,0.913580707090954,0.0392530803902689,NA
"JOB2770_IDvCD_downregulated","Downregulated","FetalPancreas_T cell","Fetal","Digestive system","FetalPancreas","T cell","T cell","CL:0000084","Pancreas","UBERON:0001264",0.790379628620765,0.770183806776127,0.797785977859779,0.913700209200092,0.0391962756524908,NA
"JOB2770_IDvCD_downregulated","Downregulated","AdultKidney_B cell","Adult","Urinary system","AdultKidney","B cell","B cell","CL:0000236","Kidney","UBERON:0002113",0.790626935709083,0.769113363681233,0.800369003690037,0.914250815395137,0.0389346436544511,NA
"JOB2770_IDvCD_downregulated","Downregulated","Madissoon_2020_lung_T_regulatory","Adult","Respiratory system","Madissoon_2020_lung","T_regulatory","T cell","CL:0000084","Lung","UBERON:0002048",0.811507010012446,0.756473900983833,0.816236162361624,0.915163428380108,0.0385013434134452,NA
"JOB2770_IDvCD_downregulated","Downregulated","AdultLung_M2 Macrophage","Adult","Respiratory system","AdultLung","M2 Macrophage","Macrophage","CL:0000235","Lung","UBERON:0002048",0.784781504841617,0.784799472110255,0.787822878228782,0.915559019304691,0.0383136547132508,NA
"JOB2770_IDvCD_downregulated","Downregulated","FetalIntestine_Endothelial cell","Fetal","Digestive system","FetalIntestine","Endothelial cell","Endothelial cell","CL:0000115","Intestine","UBERON:0000160",0.790336431525074,0.780188332624558,0.794833948339483,0.916439631872412,0.0378961378028909,NA
"JOB2770_IDvCD_downregulated","Downregulated","AdultKidney_Dendritic cell","Adult","Urinary system","AdultKidney","Dendritic cell","Dendritic cell","CL:0000451","Kidney","UBERON:0002113",0.790626935709083,0.775288996921005,0.800369003690037,0.916629260186872,0.0378062835358384,NA
"JOB2770_IDvCD_downregulated","Downregulated","FetalThymus_T cell","Fetal","Lymphatic system","FetalThymus","T cell","T cell","CL:0000084","Thymus","UBERON:0002370",0.86063283573791,0.735229722639016,0.844280442804428,0.91673553778123,0.0377559326478073,NA
"JOB2770_IDvCD_downregulated","Downregulated","Voigt_2019_retina_1_Mast cell","Adult","Sensory system","Voigt_2019_retina_1","Mast cell","Mast cell","CL:0000097","Retina","UBERON:0000966",0.790946974296261,0.771871813194998,0.80479704797048,0.916954753595329,0.0376520937178524,NA
"JOB2770_IDvCD_downregulated","Downregulated","FetalPancreas_Dendritic cell","Fetal","Digestive system","FetalPancreas","Dendritic cell","Dendritic cell","CL:0000451","Pancreas","UBERON:0001264",0.790379628620765,0.779200231306194,0.797785977859779,0.917161639971127,0.0375541178073962,NA
"JOB2770_IDvCD_downregulated","Downregulated","AdultHeart_Dendritic cell","Adult","Cardiovascular system","AdultHeart","Dendritic cell","Dendritic cell","CL:0000451","Heart","UBERON:0000948",0.829091011827463,0.755444628777204,0.824354243542435,0.917692592801491,0.037302773709652,NA
"JOB2770_IDvCD_downregulated","Downregulated","Voigt_2019_retina_1_T/NK cell","Adult","Sensory system","Voigt_2019_retina_1","T/NK cell","T cell","CL:0000084","Retina","UBERON:0000966",0.790946974296261,0.774918458926619,0.80479704797048,0.918117290283727,0.0371018337561164,NA
"JOB2770_IDvCD_downregulated","Downregulated","FetalPancreas_Macrophage","Fetal","Digestive system","FetalPancreas","Macrophage","Macrophage","CL:0000235","Pancreas","UBERON:0001264",0.790379628620765,0.783234978356179,0.797785977859779,0.918683575724718,0.0368340478958768,NA
"JOB2770_IDvCD_downregulated","Downregulated","van_Zyl_eye_2020_Pericyte","Adult","Sensory system","van_Zyl_eye_2020","Pericyte","Pericyte cell","CL:0000669","Eye","UBERON:0000970",0.790793702100457,0.779035547753134,0.802952029520295,0.919000288928275,0.0366843520742415,NA
"JOB2770_IDvCD_downregulated","Downregulated","Madissoon_2020_oesophagus_T_CD8","Adult","Digestive system","Madissoon_2020_oesophagus","T_CD8","T cell","CL:0000084","Esophagus","UBERON:0001043",0.811169278532928,0.771954154971528,0.812915129151291,0.919937760111508,0.0362415545615099,NA
"JOB2770_IDvCD_downregulated","Downregulated","van_Zyl_eye_2020_ScEndo","Adult","Sensory system","van_Zyl_eye_2020","ScEndo","Endothelial cell","CL:0000115","Eye","UBERON:0000970",0.790793702100457,0.781876339043429,0.802952029520295,0.920066295494272,0.036180878382689,NA
"JOB2770_IDvCD_downregulated","Downregulated","van_Zyl_eye_2020_CollectorChnlAqVein","Adult","Sensory system","van_Zyl_eye_2020","CollectorChnlAqVein","Smooth muscle cell","CL:0000192","Eye","UBERON:0000970",0.790793702100457,0.782658585920467,0.802952029520295,0.920358377002219,0.0360430304282164,NA
"JOB2770_IDvCD_downregulated","Downregulated","AdultDuodenum_B cell (Plasmocyte)","Adult","Digestive system","AdultDuodenum","B cell (Plasmocyte)","B cell","CL:0000236","Duodenum","UBERON:0002114",0.869842173089213,0.735888456851258,0.854243542435424,0.920446914315011,0.0360012538572785,NA
"JOB2770_IDvCD_downregulated","Downregulated","AdultAscendingColon_Stromal cell","Adult","Digestive system","AdultAscendingColon","Stromal cell","Stromal cell","CL:0000499","Ascending colon","UBERON:0001156",0.834089150350187,0.753550767917007,0.836162361623616,0.921124281067237,0.0356817694336291,NA
"JOB2770_IDvCD_downregulated","Downregulated","Fetal_HCA_Liver_Myeloid cells","Fetal","Digestive system","Fetal_HCA_Liver","Myeloid cells","Myeloid cell","CL:0000763","Liver","UBERON:0002107",0.801348967593432,0.781917509931694,0.80590405904059,0.921151855639597,0.0356687686848498,NA
"JOB2770_IDvCD_downregulated","Downregulated","FetalRib_Endothelial cell","Fetal","Skeletal system","FetalRib","Endothelial cell","Endothelial cell","CL:0000115","Rib","UBERON:0002228",0.828638652009228,0.766272572390938,0.823616236162362,0.921596307548778,0.0354592739538524,NA
"JOB2770_IDvCD_downregulated","Downregulated","FetalMaleGonad_Fetal mesenchymal progenitor","Fetal","Reproductive system","FetalMaleGonad","Fetal mesenchymal progenitor","Mesenchymal stem cell","CL:0000134","Immature gonad","UBERON:2005272",0.806387631553685,0.782617415032202,0.807380073800738,0.921943438453258,0.0352957222447858,NA
"JOB2770_IDvCD_downregulated","Downregulated","Fetal_HCA_Lung_Vascular endothelial cells","Fetal","Respiratory system","Fetal_HCA_Lung","Vascular endothelial cells","Endothelial cell","CL:0000115","Lung","UBERON:0002048",0.790698971919305,0.788834219160239,0.801476014760148,0.922109518853288,0.0352174947717682,NA
"JOB2770_IDvCD_downregulated","Downregulated","AdultMuscle_Dendritic cell","Adult","Muscular system","AdultMuscle","Dendritic cell","Dendritic cell","CL:0000451","Muscle organ","UBERON:0001630",0.828558730162878,0.769689756116945,0.822878228782288,0.922626265362327,0.0349741860386602,NA
"JOB2770_IDvCD_downregulated","Downregulated","FetalAdrenalGland_T cell","Fetal","Endocrine system","FetalAdrenalGland","T cell","T cell","CL:0000084","Adrenal gland","UBERON:0002369",0.811493121285266,0.779117889529664,0.814391143911439,0.923148517958631,0.0347284231982133,NA
"JOB2770_IDvCD_downregulated","Downregulated","Fetal_HCA_Spleen_Lymphoid cells","Fetal","Lymphatic system","Fetal_HCA_Spleen","Lymphoid cells","Innate lymphoid cell","CL:0001065","Spleen","UBERON:0002106",0.833963212184669,0.760796844251673,0.834317343173432,0.923257328772847,0.0346772362543203,NA
"JOB2770_IDvCD_downregulated","Downregulated","Fetal_HCA_Spleen_Megakaryocytes","Fetal","Lymphatic system","Fetal_HCA_Spleen","Megakaryocytes","Megakaryocyte","CL:0000556","Spleen","UBERON:0002106",0.833963212184669,0.762155483564423,0.834317343173432,0.923771543912432,0.0344354199982725,NA
"JOB2770_IDvCD_downregulated","Downregulated","Voigt_2019_retina_2_Macrophage 2","Adult","Sensory system","Voigt_2019_retina_2","Macrophage 2","Macrophage","CL:0000235","Retina","UBERON:0000966",0.811101129704471,0.784264250562808,0.811439114391144,0.923999144480275,0.0343284308877588,NA
"JOB2770_IDvCD_downregulated","Downregulated","Fetal_HCA_Spleen_Myeloid cells","Fetal","Lymphatic system","Fetal_HCA_Spleen","Myeloid cells","Myeloid cell","CL:0000763","Spleen","UBERON:0002106",0.833963212184669,0.763678806430234,0.834317343173432,0.924345685419089,0.0341655816003213,NA
"JOB2770_IDvCD_downregulated","Downregulated","FetalAdrenalGland_CB CD34+","Fetal","Endocrine system","FetalAdrenalGland","CB CD34+","Hematopoietic stem cell","CL:0000037","Adrenal gland","UBERON:0002369",0.811493121285266,0.782452731479141,0.814391143911439,0.924378181377398,0.0341503139709769,NA
"JOB2770_IDvCD_downregulated","Downregulated","Fetal_HCA_Adrenal_CSH1_CSH2 positive cells","Fetal","Endocrine system","Fetal_HCA_Adrenal","CSH1_CSH2 positive cells","Trophoblast cell","CL:0000351","Adrenal gland","UBERON:0002369",0.811040923290896,0.787146212741368,0.809594095940959,0.924399067328107,0.0341405013738683,NA
"JOB2770_IDvCD_downregulated","Downregulated","Voigt_2019_retina_2_White blood cell 1","Adult","Sensory system","Voigt_2019_retina_2","White blood cell 1","Leukocyte","CL:0000738","Retina","UBERON:0000966",0.811101129704471,0.786158111423004,0.811439114391144,0.924691833863351,0.0340029776948291,NA
"JOB2770_IDvCD_downregulated","Downregulated","Fetal_HCA_Spleen_STC2_TLX1 positive cells","Fetal","Lymphatic system","Fetal_HCA_Spleen","STC2_TLX1 positive cells","Mesenchymal stem cell","CL:0000134","Spleen","UBERON:0002106",0.833963212184669,0.765160958407779,0.834317343173432,0.924901876238415,0.0339043395513816,NA
"JOB2770_IDvCD_downregulated","Downregulated","Fetal_HCA_Adrenal_Sympathoblasts","Fetal","Endocrine system","Fetal_HCA_Adrenal","Sympathoblasts","Neuron","CL:0000540","Adrenal gland","UBERON:0002369",0.811040923290896,0.790069345808194,0.809594095940959,0.925460960274047,0.0336418968410192,NA
"JOB2770_IDvCD_downregulated","Downregulated","Madissoon_2020_oesophagus_Mono_macro","Adult","Digestive system","Madissoon_2020_oesophagus","Mono_macro","Macrophage","CL:0000235","Esophagus","UBERON:0001043",0.811169278532928,0.787434408959224,0.812915129151291,0.925676104153869,0.0335409472116934,NA
"JOB2770_IDvCD_downregulated","Downregulated","Madissoon_2020_lung_Ciliated","Adult","Respiratory system","Madissoon_2020_lung","Ciliated","Ciliated cell","CL:0000064","Lung","UBERON:0002048",0.811507010012446,0.784799472110255,0.816236162361624,0.925883090773718,0.0334438472675501,NA
"JOB2770_IDvCD_downregulated","Downregulated","Fetal_HCA_Adrenal_Stromal cells","Fetal","Endocrine system","Fetal_HCA_Adrenal","Stromal cells","Stromal cell","CL:0000499","Adrenal gland","UBERON:0002369",0.811040923290896,0.791386814232678,0.809594095940959,0.92593669550512,0.0334187041740042,NA
"JOB2770_IDvCD_downregulated","Downregulated","AdultSigmoidColon_Enterocyte progenitor","Adult","Digestive system","AdultSigmoidColon","Enterocyte progenitor","Enterocyte","CL:0000584","Sigmoid colon","UBERON:0001159",0.838682520545763,0.765531496402165,0.837638376383764,0.926175301220983,0.0333068047354105,NA
"JOB2770_IDvCD_downregulated","Downregulated","Fetal_HCA_Cerebellum_10k_Microglia","Fetal","Nervous system","Fetal_HCA_Cerebellum_10k","Microglia","Microglial cell","CL:0000129","Cerebellum","UBERON:0002037",0.806078525794277,0.795668586612254,0.806642066420664,0.926433293266096,0.033185846080004,NA
"JOB2770_IDvCD_downregulated","Downregulated","Fetal_HCA_Kidney_Stromal cells","Fetal","Urinary system","Fetal_HCA_Kidney","Stromal cells","Stromal cell","CL:0000499","Kidney","UBERON:0002113",0.806538524531069,0.79468048529389,0.808118081180812,0.926599882329367,0.0331077592847197,NA
"JOB2770_IDvCD_downregulated","Downregulated","Braga_2020_lung_NK cell","Adult","Respiratory system","Braga_2020_lung","NK cell","Natural killer cell","CL:0000623","Lung","UBERON:0002048",0.848311093648171,0.763596464653703,0.843173431734317,0.927327863097622,0.0327666909258107,NA
"JOB2770_IDvCD_downregulated","Downregulated","Fetal_HCA_Stomach_Squamous epithelial cells","Fetal","Digestive system","Fetal_HCA_Stomach","Squamous epithelial cells","Epithelial cell","CL:0000066","Stomach","UBERON:0000945",0.848023824112613,0.766560768608794,0.840221402214022,0.92743195566505,0.0327179440991529,NA
"JOB2770_IDvCD_downregulated","Downregulated","FetalLiver_CB CD34+","Fetal","Digestive system","FetalLiver","CB CD34+","Hematopoietic stem cell","CL:0000037","Liver","UBERON:0002107",0.847960659154906,0.769236876346029,0.838745387453875,0.927920689646329,0.0324891417993488,NA
"JOB2770_IDvCD_downregulated","Downregulated","Madissoon_2020_lung_NK_Dividing","Adult","Respiratory system","Madissoon_2020_lung","NK_Dividing","Natural killer cell","CL:0000623","Lung","UBERON:0002048",0.811507010012446,0.791057447126557,0.816236162361624,0.928137766612358,0.032387555204803,NA
"JOB2770_IDvCD_downregulated","Downregulated","TS_Kidney_cd4-positive helper t cell","Adult","Urinary system","TS_Kidney","cd4-positive helper t cell","T cell","CL:0000084","Kidney","UBERON:0002113",0.825503260858835,0.786034598758209,0.821771217712177,0.928247476976724,0.0323362225344193,NA
"JOB2770_IDvCD_downregulated","Downregulated","TS_Vasculature_nk cell","Adult","Cardiovascular system","TS_Vasculature","nk cell","Natural killer cell","CL:0000623","Vasculature","UBERON:0002049",0.820534344273708,0.79052222557911,0.817712177121771,0.928456663056132,0.0322383627209967,NA
"JOB2770_IDvCD_downregulated","Downregulated","FetalLiver_Dendritic cell","Fetal","Digestive system","FetalLiver","Dendritic cell","Dendritic cell","CL:0000451","Liver","UBERON:0002107",0.847960659154906,0.770719028323574,0.838745387453875,0.928464245778338,0.0322348158446637,NA
"JOB2770_IDvCD_downregulated","Downregulated","Fetal_HCA_Stomach_Lymphoid cells","Fetal","Digestive system","Fetal_HCA_Stomach","Lymphoid cells","Innate lymphoid cell","CL:0001065","Stomach","UBERON:0000945",0.848023824112613,0.77108956631796,0.840221402214022,0.929094760135224,0.0319399892301649,NA
"JOB2770_IDvCD_downregulated","Downregulated","FetalCalvaria_Fetal stromal cell","Fetal","Skeletal system","FetalCalvaria","Fetal stromal cell","Stromal cell","CL:0000499","Vault of skull","UBERON:0004339",0.861153250567699,0.768413458580726,0.846494464944649,0.930205920671462,0.0314209005729844,NA
"JOB2770_IDvCD_downregulated","Downregulated","AdultSpleen_Erythroid progenitor cell (RP high)","Adult","Lymphatic system","AdultSpleen","Erythroid progenitor cell (RP high)","Erythroid progenitor cell","CL:0000038","Spleen","UBERON:0002106",0.848174338539149,0.773189281619483,0.841328413284133,0.93022672264996,0.0314111886551601,NA
"JOB2770_IDvCD_downregulated","Downregulated","AdultPancreas_Macrophage","Adult","Digestive system","AdultPancreas","Macrophage","Macrophage","CL:0000235","Pancreas","UBERON:0001264",0.848260954753864,0.772654060072036,0.842066420664207,0.930278280886154,0.0313871183544204,NA
"JOB2770_IDvCD_downregulated","Downregulated","TS_Salivary_Gland_cd8-positive, alpha-beta t cell","Adult","Digestive system","TS_Salivary_Gland","cd8-positive, alpha-beta t cell","T cell","CL:0000084","Saliva-secreting gland","UBERON:0001044",0.825397019627656,0.794803997958686,0.820664206642066,0.9309816138412,0.0310588959103422,NA
"JOB2770_IDvCD_downregulated","Downregulated","TS_Lung_adventitial cell","Adult","Respiratory system","TS_Lung","adventitial cell","Adventitial cell","CL:0002503","Lung","UBERON:0002048",0.825227965865376,0.79595678283011,0.819557195571956,0.931009349415762,0.0310459577090047,NA
"JOB2770_IDvCD_downregulated","Downregulated","Braga_2020_lung_Endothelium","Adult","Respiratory system","Braga_2020_lung","Endothelium","Endothelial cell","CL:0000115","Lung","UBERON:0002048",0.848311093648171,0.774506750043968,0.843173431734317,0.931312875167201,0.0309043929911566,NA
"JOB2770_IDvCD_downregulated","Downregulated","TS_Muscle_mature nk t cell","Adult","Muscular system","TS_Muscle","mature nk t cell","Natural killer cell","CL:0000623","Muscle organ","UBERON:0001630",0.829794557637688,0.792045548444921,0.825092250922509,0.931511757633884,0.0308116590250762,NA
"JOB2770_IDvCD_downregulated","Downregulated","TS_Fat_nk cell","Adult","Integumentary system","TS_Fat","nk cell","Natural killer cell","CL:0000623","Perirenal fat","UBERON:0005406",0.825227213681305,0.799085770338261,0.818450184501845,0.931724796175416,0.0307123463927279,NA
"JOB2770_IDvCD_downregulated","Downregulated","FetalCalvaria_Endothelial cell","Fetal","Skeletal system","FetalCalvaria","Endothelial cell","Endothelial cell","CL:0000115","Vault of skull","UBERON:0004339",0.861153250567699,0.773106939842952,0.846494464944649,0.931902517917106,0.0306295148401095,NA
"JOB2770_IDvCD_downregulated","Downregulated","FetalCalvaria_Fetal mesenchymal progenitor","Fetal","Skeletal system","FetalCalvaria","Fetal mesenchymal progenitor","Mesenchymal stem cell","CL:0000134","Vault of skull","UBERON:0004339",0.861153250567699,0.773353965172543,0.846494464944649,0.93199114308407,0.0305882148219758,NA
"JOB2770_IDvCD_downregulated","Downregulated","TS_Lung_cd8-positive, alpha-beta t cell","Adult","Respiratory system","TS_Lung","cd8-positive, alpha-beta t cell","T cell","CL:0000084","Lung","UBERON:0002048",0.825227965865376,0.801308998304579,0.819557195571956,0.932868531083581,0.0301795569480676,NA
"JOB2770_IDvCD_downregulated","Downregulated","TS_Prostate_nkt cell","Adult","Reproductive system","TS_Prostate","nkt cell","Natural killer cell","CL:0000623","Prostate gland","UBERON:0002367",0.830008171002125,0.792333744662777,0.829151291512915,0.93297192469648,0.0301314249918192,NA
"JOB2770_IDvCD_downregulated","Downregulated","TS_Kidney_cd8-positive, alpha-beta t cell","Adult","Urinary system","TS_Kidney","cd8-positive, alpha-beta t cell","T cell","CL:0000084","Kidney","UBERON:0002113",0.825503260858835,0.799785675438768,0.821771217712177,0.933087947503069,0.0300774202243494,NA
"JOB2770_IDvCD_downregulated","Downregulated","Fetal_HCA_Muscle_Smooth muscle cells","Fetal","Muscular system","Fetal_HCA_Muscle","Smooth muscle cells","Smooth muscle cell","CL:0000192","Muscle organ","UBERON:0001630",0.865465925607693,0.776565294457225,0.848339483394834,0.933736727133503,0.0297755585352038,NA
"JOB2770_IDvCD_downregulated","Downregulated","AdultBoneMarrow_Antigen presenting cell (RPS high)","Adult","Lymphatic system","AdultBoneMarrow","Antigen presenting cell (RPS high)","Professional antigen presenting cell","CL:0000145","Bone marrow","UBERON:0002371",0.860991318977493,0.780311845289353,0.845018450184502,0.933981410144967,0.0296617678296565,NA
"JOB2770_IDvCD_downregulated","Downregulated","TS_Lymph_Node_cd4-positive, alpha-beta memory t cell","Adult","Lymphatic system","TS_Lymph_Node","cd4-positive, alpha-beta memory t cell","T cell","CL:0000084","Lymph node","UBERON:0000029",0.830056605314004,0.79315716242808,0.831365313653136,0.933992007251937,0.0296568402808612,NA
"JOB2770_IDvCD_downregulated","Downregulated","AdultDuodenum_Endothelial cell (APC)","Adult","Digestive system","AdultDuodenum","Endothelial cell (APC)","Endothelial cell","CL:0000115","Duodenum","UBERON:0002114",0.869842173089213,0.772901085401627,0.854243542435424,0.934342264815459,0.0294940054700474,NA
"JOB2770_IDvCD_downregulated","Downregulated","Fetal_HCA_Muscle_Lymphatic endothelial cells","Fetal","Muscular system","Fetal_HCA_Muscle","Lymphatic endothelial cells","Endothelial cell","CL:0000115","Muscle organ","UBERON:0001630",0.865465925607693,0.77948842752405,0.848339483394834,0.93476701149354,0.0292966225304722,NA
"JOB2770_IDvCD_downregulated","Downregulated","Enge_2017_Pancreas_pancreatic D cell","Adult","Digestive system","Enge_2017_Pancreas","pancreatic D cell","Pancreatic D cell","CL:0000173","Pancreas","UBERON:0001264",0.830220270211763,0.795792099277049,0.832472324723247,0.935263917265637,0.0290658205297054,NA
"JOB2770_IDvCD_downregulated","Downregulated","TS_Bone_Marrow_cd8-positive, alpha-beta t cell","Adult","Lymphatic system","TS_Bone_Marrow","cd8-positive, alpha-beta t cell","T cell","CL:0000084","Bone marrow","UBERON:0002371",0.829811274959351,0.803202859164776,0.825830258302583,0.935606944608976,0.0289065632692933,NA
"JOB2770_IDvCD_downregulated","Downregulated","TS_Trachea_neutrophil","Adult","Respiratory system","TS_Trachea","neutrophil","Neutrophil","CL:0000775","Trachea","UBERON:0003126",0.829868914875986,0.802461783176003,0.827306273062731,0.935841693310077,0.0287976101684802,NA
"JOB2770_IDvCD_downregulated","Downregulated","AdultFallopiantube_Stromal cell","Adult","Reproductive system","AdultFallopiantube","Stromal cell","Stromal cell","CL:0000499","Fallopian tube","UBERON:0003889",0.869577275659241,0.779076718641399,0.853136531365314,0.936159596020658,0.0286501066436681,NA
"JOB2770_IDvCD_downregulated","Downregulated","TS_Eye_dendritic cell","Adult","Sensory system","TS_Eye","dendritic cell","Dendritic cell","CL:0000451","Eye","UBERON:0000970",0.829921481698595,0.802832321170389,0.828044280442804,0.936209379665561,0.0286270120906647,NA
"JOB2770_IDvCD_downregulated","Downregulated","AdultTrachea_Stromal cell","Adult","Respiratory system","AdultTrachea","Stromal cell","Stromal cell","CL:0000499","Trachea","UBERON:0003126",0.86937686460841,0.78220570614955,0.850184501845018,0.936306698400105,0.0285818696324167,NA
"JOB2770_IDvCD_downregulated","Downregulated","TS_Prostate_t cell","Adult","Reproductive system","TS_Prostate","t cell","T cell","CL:0000084","Prostate gland","UBERON:0002367",0.830008171002125,0.802214757846412,0.829151291512915,0.936363075096781,0.0285557207741095,NA
"JOB2770_IDvCD_downregulated","Downregulated","TS_Skin_t cell","Adult","Integumentary system","TS_Skin","t cell","T cell","CL:0000084","Skin of body","UBERON:0002097",0.830011393261401,0.802379441399473,0.830258302583026,0.936780125510246,0.0283623317196287,NA
"JOB2770_IDvCD_downregulated","Downregulated","FetalEyes_Primordial germ cell","Fetal","Sensory system","FetalEyes","Primordial germ cell","Primordial germ cell","CL:0000670","Eye","UBERON:0000970",0.87381950522983,0.776853490675081,0.857564575645756,0.936788184482401,0.0283585955685441,NA
"JOB2770_IDvCD_downregulated","Downregulated","TS_Lymph_Node_cd8-positive, alpha-beta memory t cell","Adult","Lymphatic system","TS_Lymph_Node","cd8-positive, alpha-beta memory t cell","T cell","CL:0000084","Lymph node","UBERON:0000029",0.830056605314004,0.801350169192844,0.831365313653136,0.936793342901703,0.0283562041348056,NA
"JOB2770_IDvCD_downregulated","Downregulated","NeonatalAdrenalGland_T cell","Neonatal","Endocrine system","NeonatalAdrenalGland","T cell","T cell","CL:0000084","Adrenal gland","UBERON:0002369",0.877829426074778,0.775741876691922,0.859409594095941,0.936982149417213,0.0282686828405556,NA
"JOB2770_IDvCD_downregulated","Downregulated","FetalLung_Smooth muscle cell","Fetal","Respiratory system","FetalLung","Smooth muscle cell","Smooth muscle cell","CL:0000192","Lung","UBERON:0002048",0.873553361195744,0.780970579501596,0.855350553505535,0.937517485949159,0.0280206233544723,NA
"JOB2770_IDvCD_downregulated","Downregulated","AdultThyroid_B cell","Adult","Endocrine system","AdultThyroid","B cell","B cell","CL:0000236","Thyroid gland","UBERON:0002046",0.869531292604206,0.785417035434232,0.852029520295203,0.937998507227473,0.0277978527759324,NA
"JOB2770_IDvCD_downregulated","Downregulated","Segerstolpe_2016_PancreaticIslets_pancreatic PP cell","Adult","Digestive system","Segerstolpe_2016_PancreaticIslets","pancreatic PP cell","Pancreatic PP cell","CL:0002275","Pancreas","UBERON:0001264",0.834747542242334,0.799991529880094,0.83690036900369,0.938124842881848,0.0277393631487526,NA
"JOB2770_IDvCD_downregulated","Downregulated","AdultTrachea_Macrophage","Adult","Respiratory system","AdultTrachea","Macrophage","Macrophage","CL:0000235","Trachea","UBERON:0003126",0.86937686460841,0.787969630506671,0.850184501845018,0.9382877534928,0.027663952037471,NA
"JOB2770_IDvCD_downregulated","Downregulated","AdultThyroid_Dendritic cell","Adult","Endocrine system","AdultThyroid","Dendritic cell","Dendritic cell","CL:0000451","Thyroid gland","UBERON:0002046",0.869531292604206,0.7862816240878,0.852029520295203,0.938293997509579,0.0276610619507156,NA
"JOB2770_IDvCD_downregulated","Downregulated","AdultTrachea_Fibroblast","Adult","Respiratory system","AdultTrachea","Fibroblast","Fibroblast","CL:0000057","Trachea","UBERON:0003126",0.86937686460841,0.788751877383709,0.850184501845018,0.93855384260945,0.0275408078828765,NA
"JOB2770_IDvCD_downregulated","Downregulated","NeonatalAdrenalGland_Endothelial cell","Neonatal","Endocrine system","NeonatalAdrenalGland","Endothelial cell","Endothelial cell","CL:0000115","Adrenal gland","UBERON:0002369",0.877829426074778,0.780311845289353,0.859409594095941,0.938562978907128,0.0275365802891315,NA
"JOB2770_IDvCD_downregulated","Downregulated","FetalHeart_Macrophage","Fetal","Cardiovascular system","FetalHeart","Macrophage","Macrophage","CL:0000235","Heart","UBERON:0000948",0.877794637709527,0.781505801049043,0.85830258302583,0.938627275168942,0.0275068299623726,NA
"JOB2770_IDvCD_downregulated","Downregulated","AdultEsophagus_Dendritic cell","Adult","Digestive system","AdultEsophagus","Dendritic cell","Dendritic cell","CL:0000451","Esophagus","UBERON:0001043",0.87370488151409,0.787228554517898,0.856457564575646,0.939999817553303,0.0268722306934944,NA
"JOB2770_IDvCD_downregulated","Downregulated","AdultEsophagus_Endothelial cell","Adult","Digestive system","AdultEsophagus","Endothelial cell","Endothelial cell","CL:0000115","Esophagus","UBERON:0001043",0.87370488151409,0.787599092512285,0.856457564575646,0.940124838203457,0.0268144730566274,NA
"JOB2770_IDvCD_downregulated","Downregulated","Fetal_HCA_Placenta_Vascular endothelial cells","Fetal","Reproductive system","Fetal_HCA_Placenta","Vascular endothelial cells","Endothelial cell","CL:0000115","Placenta","UBERON:0001987",0.881633159868052,0.781629313713838,0.863837638376384,0.940382648090903,0.0266953930603866,NA
"JOB2770_IDvCD_downregulated","Downregulated","Fetal_HCA_Placenta_PAEP_MECOM positive cells","Fetal","Reproductive system","Fetal_HCA_Placenta","PAEP_MECOM positive cells","Epithelial cell","CL:0000066","Placenta","UBERON:0001987",0.881633159868052,0.782411560590876,0.863837638376384,0.940647701416683,0.0265730014173296,NA
"JOB2770_IDvCD_downregulated","Downregulated","AdultIleum_Enterocyte progenitor","Adult","Digestive system","AdultIleum","Enterocyte progenitor","Enterocyte","CL:0000584","Ileum","UBERON:0002116",0.880952723531864,0.78780494695361,0.860885608856089,0.941557770338358,0.026153028202326,NA
"JOB2770_IDvCD_downregulated","Downregulated","AdultIleum_Mast cell","Adult","Digestive system","AdultIleum","Mast cell","Mast cell","CL:0000097","Ileum","UBERON:0002116",0.880952723531864,0.788381339389322,0.860885608856089,0.941750265608596,0.0260642486374834,NA
"JOB2770_IDvCD_downregulated","Downregulated","FetalSkin_Macrophage","Fetal","Integumentary system","FetalSkin","Macrophage","Macrophage","CL:0000235","Skin of body","UBERON:0002097",0.881357312512844,0.788216655836262,0.862730627306273,0.942257679279636,0.0258303144194233,NA
"JOB2770_IDvCD_downregulated","Downregulated","FetalSpinalCord_CB CD34+","Fetal","Nervous system","FetalSpinalCord","CB CD34+","Hematopoietic stem cell","CL:0000037","Spinal cord","UBERON:0002240",0.885126233911798,0.778623838870482,0.87380073800738,0.942390033181026,0.0257693156781238,NA
"JOB2770_IDvCD_downregulated","Downregulated","AdultGallbladder_Stromal cell","Adult","Digestive system","AdultGallbladder","Stromal cell","Stromal cell","CL:0000499","Gall bladder","UBERON:0002110",0.884868238596289,0.784099567009747,0.870479704797048,0.943226385713746,0.0253840588357825,NA
"JOB2770_IDvCD_downregulated","Downregulated","FetalSpinalCord_Antigen presenting cell (RPS high)","Fetal","Nervous system","FetalSpinalCord","Antigen presenting cell (RPS high)","Professional antigen presenting cell","CL:0000145","Spinal cord","UBERON:0002240",0.885126233911798,0.781135263054656,0.87380073800738,0.943231659921286,0.025381630412594,NA
"JOB2770_IDvCD_downregulated","Downregulated","CordBlood_Antigen presenting cell (RPS high)","Neonatal","Reproductive system","CordBlood","Antigen presenting cell (RPS high)","Professional antigen presenting cell","CL:0000145","Umbilical cord blood","UBERON:0012168",0.909007611717011,0.759767572045044,0.899630996309963,0.943595293109519,0.0252142341510683,NA
"JOB2770_IDvCD_downregulated","Downregulated","AdultGallbladder_Endothelial cell","Adult","Digestive system","AdultGallbladder","Endothelial cell","Endothelial cell","CL:0000115","Gall bladder","UBERON:0002110",0.884868238596289,0.785458206322497,0.870479704797048,0.943677058168512,0.0251766030016146,NA
"JOB2770_IDvCD_downregulated","Downregulated","Madissoon_2020_spleen_B_T_doublet","Adult","Lymphatic system","Madissoon_2020_spleen","B_T_doublet","B/T doublet",NA,"Spleen","UBERON:0002106",0.884627026523585,0.789781149590338,0.866051660516605,0.943778081780155,0.0251301128931169,NA
"JOB2770_IDvCD_downregulated","Downregulated","AdultArtery_Stromal cell","Adult","Cardiovascular system","AdultArtery","Stromal cell","Stromal cell","CL:0000499","Artery","UBERON:0001637",0.884806637729977,0.787269725406163,0.8690036900369,0.943834664997511,0.0251040760069862,NA
"JOB2770_IDvCD_downregulated","Downregulated","FetalSpinalCord_Monocyte","Fetal","Nervous system","FetalSpinalCord","Monocyte","Monocyte","CL:0000576","Spinal cord","UBERON:0002240",0.885126233911798,0.783193807467914,0.87380073800738,0.94391625513759,0.0250665348809211,NA
"JOB2770_IDvCD_downregulated","Downregulated","Fetal_HCA_Eye_Smooth muscle cells","Fetal","Sensory system","Fetal_HCA_Eye","Smooth muscle cells","Smooth muscle cell","CL:0000192","Eye","UBERON:0000970",0.884945470948867,0.786569820305656,0.871955719557196,0.944483049316778,0.0248058319763952,NA
"JOB2770_IDvCD_downregulated","Downregulated","Fetal_HCA_Eye_Microglia","Fetal","Sensory system","Fetal_HCA_Eye","Microglia","Microglial cell","CL:0000129","Eye","UBERON:0000970",0.884945470948867,0.786734503858716,0.871955719557196,0.944537183250784,0.0247809406931536,NA
"JOB2770_IDvCD_downregulated","Downregulated","Madissoon_2020_spleen_T_CD8_activated","Adult","Lymphatic system","Madissoon_2020_spleen","T_CD8_activated","T cell","CL:0000084","Spleen","UBERON:0002106",0.884627026523585,0.794639314405625,0.866051660516605,0.945363189043339,0.0244013124483765,NA
"JOB2770_IDvCD_downregulated","Downregulated","Madissoon_2020_spleen_NK_CD160pos","Adult","Lymphatic system","Madissoon_2020_spleen","NK_CD160pos","Natural killer cell","CL:0000623","Spleen","UBERON:0002106",0.884627026523585,0.795545073947458,0.866051660516605,0.945655867832256,0.0242668782833166,NA
"JOB2770_IDvCD_downregulated","Downregulated","Madissoon_2020_spleen_B_naive","Adult","Lymphatic system","Madissoon_2020_spleen","B_naive","B cell","CL:0000236","Spleen","UBERON:0002106",0.884627026523585,0.795545073947458,0.866051660516605,0.945655867832256,0.0242668782833166,NA
"JOB2770_IDvCD_downregulated","Downregulated","Lake_2017_CerebellarHemisphere_Ast","Adult","Nervous system","Lake_2017_CerebellarHemisphere","Ast","Astrocyte","CL:0000127","Cerebellar hemisphere","UBERON:0002245",0.881014048526905,0.80147368185764,0.861992619926199,0.946354145957684,0.0239463108991423,NA
"JOB2770_IDvCD_downregulated","Downregulated","AdultArtery_T cell","Adult","Cardiovascular system","AdultArtery","T cell","T cell","CL:0000084","Artery","UBERON:0001637",0.884806637729977,0.795133365064807,0.8690036900369,0.946394605597476,0.0239277438301748,NA
"JOB2770_IDvCD_downregulated","Downregulated","FetalKidney_Erythroid cell","Fetal","Urinary system","FetalKidney","Erythroid cell","Erythroid lineage cell","CL:0000764","Kidney","UBERON:0002113",0.888492189049185,0.78908124448983,0.87859778597786,0.947245089593432,0.0235376373783889,NA
"JOB2770_IDvCD_downregulated","Downregulated","AdultAdrenalGland_Endothelial cell","Adult","Endocrine system","AdultAdrenalGland","Endothelial cell","Endothelial cell","CL:0000115","Adrenal gland","UBERON:0002369",0.888435131282288,0.790481054690845,0.877490774907749,0.947374966634679,0.0234780952213824,NA
"JOB2770_IDvCD_downregulated","Downregulated","AdultTransverseColon_T cell","Adult","Digestive system","AdultTransverseColon","T cell","T cell","CL:0000084","Transverse colon","UBERON:0001157",0.891736832860826,0.788628364718913,0.87970479704797,0.947418970388879,0.0234579235422757,NA
"JOB2770_IDvCD_downregulated","Downregulated","Lake_2017_FrontalCortex_OPC","Adult","Nervous system","Lake_2017_FrontalCortex","OPC","Oligodendrocyte precursor cell","CL:0002453","Frontal cortex","UBERON:0001870",0.884695144037733,0.799662162773973,0.86789667896679,0.947515438849131,0.023413704893021,NA
"JOB2770_IDvCD_downregulated","Downregulated","Fetal_HCA_Heart_Stromal cells","Fetal","Cardiovascular system","Fetal_HCA_Heart","Stromal cells","Stromal cell","CL:0000499","Heart","UBERON:0000948",0.888401387152662,0.792663111768898,0.876014760147601,0.94764699923409,0.0233534082681319,NA
"JOB2770_IDvCD_downregulated","Downregulated","Fetal_HCA_Heart_Megakaryocytes","Fetal","Cardiovascular system","Fetal_HCA_Heart","Megakaryocytes","Hematopoietic stem cell","CL:0000037","Heart","UBERON:0000948",0.888401387152662,0.792827795321958,0.876014760147601,0.94769960200475,0.0233293017611517,NA
"JOB2770_IDvCD_downregulated","Downregulated","FetalKidney_Dendritic cell","Fetal","Urinary system","FetalKidney","Dendritic cell","Dendritic cell","CL:0000451","Kidney","UBERON:0002113",0.888492189049185,0.79052222557911,0.87859778597786,0.947707703579571,0.0233255891351328,NA
"JOB2770_IDvCD_downregulated","Downregulated","Fetal_HCA_Heart_Myeloid cells","Fetal","Cardiovascular system","Fetal_HCA_Heart","Myeloid cells","Myeloid cell","CL:0000763","Heart","UBERON:0000948",0.888401387152662,0.793115991539814,0.876014760147601,0.947791584750759,0.0232871516321165,NA
"JOB2770_IDvCD_downregulated","Downregulated","FetalFemaleGonad_T cell","Fetal","Reproductive system","FetalFemaleGonad","T cell","T cell","CL:0000084","Heart","UBERON:0000948",0.895463983839274,0.785664060763823,0.887084870848708,0.948578201268666,0.0229268598417571,NA
"JOB2770_IDvCD_downregulated","Downregulated","FetalPancreas_Erythroid cell","Fetal","Digestive system","FetalPancreas","Erythroid cell","Erythroid lineage cell","CL:0000764","Pancreas","UBERON:0001264",0.898621782892333,0.785869915205148,0.890405904059041,0.949580823920418,0.0224680642194677,NA
"JOB2770_IDvCD_downregulated","Downregulated","AdultStomach_Stromal cell","Adult","Digestive system","AdultStomach","Stromal cell","Stromal cell","CL:0000499","Stomach","UBERON:0000945",0.895404206910252,0.790069345808194,0.885977859778598,0.949666735253909,0.0224287741143802,NA
"JOB2770_IDvCD_downregulated","Downregulated","MacParland_2018_liver_Stellate cell","Adult","Digestive system","MacParland_2018_liver","Stellate cell","Hepatic stellate cell","CL:0000632","Liver","UBERON:0002107",0.895154242728315,0.793280675092875,0.883025830258303,0.949846108404495,0.0223467522738934,NA
"JOB2770_IDvCD_downregulated","Downregulated","Fetal_HCA_Intestine_Lymphoid cells","Fetal","Digestive system","Fetal_HCA_Intestine","Lymphoid cells","Innate lymphoid cell","CL:0001065","Intestine","UBERON:0000160",0.892088137001707,0.795092194176542,0.881180811808118,0.949893319440218,0.0223251666900989,NA
"JOB2770_IDvCD_downregulated","Downregulated","AdultAscendingColon_T cell","Adult","Digestive system","AdultAscendingColon","T cell","T cell","CL:0000084","Ascending colon","UBERON:0001156",0.932085907691869,0.769360389010824,0.91070110701107,0.949906615311373,0.0223190878147719,NA
"JOB2770_IDvCD_downregulated","Downregulated","AdultProstate_Dendritic cell","Adult","Reproductive system","AdultProstate","Dendritic cell","Dendritic cell","CL:0000451","Prostate gland","UBERON:0002367",0.936980201408318,0.769031021904703,0.911439114391144,0.95000175768027,0.0222755911846933,NA
"JOB2770_IDvCD_downregulated","Downregulated","Fetal_HCA_Intestine_Myeloid cells","Fetal","Digestive system","Fetal_HCA_Intestine","Myeloid cells","Myeloid cell","CL:0000763","Intestine","UBERON:0000160",0.892088137001707,0.795586244835723,0.881180811808118,0.950048076506542,0.0222544169919955,NA
"JOB2770_IDvCD_downregulated","Downregulated","AdultLung_Macrophage","Adult","Respiratory system","AdultLung","Macrophage","Macrophage","CL:0000235","Lung","UBERON:0002048",0.895272751310489,0.792745453545428,0.88450184501845,0.950094052899613,0.0222334003601305,NA
"JOB2770_IDvCD_downregulated","Downregulated","Fetal_HCA_Intestine_Vascular endothelial cells","Fetal","Digestive system","Fetal_HCA_Intestine","Vascular endothelial cells","Endothelial cell","CL:0000115","Intestine","UBERON:0000160",0.892088137001707,0.79603912460664,0.881180811808118,0.950189699654682,0.0221896817755585,NA
"JOB2770_IDvCD_downregulated","Downregulated","FetalBrain_Fetal epithelial progenitor","Fetal","Nervous system","FetalBrain","Fetal epithelial progenitor","Epithelial fate stem cell","CL:0000036","Brain","UBERON:0000955",0.898651114808724,0.787434408959224,0.891512915129151,0.950385767432202,0.0221000761212368,NA
"JOB2770_IDvCD_downregulated","Downregulated","MacParland_2018_liver_Endothelial cell","Adult","Digestive system","MacParland_2018_liver","Endothelial cell","Endothelial cell","CL:0000115","Liver","UBERON:0002107",0.895154242728315,0.795092194176542,0.883025830258303,0.950413713841003,0.0220873057356682,NA
"JOB2770_IDvCD_downregulated","Downregulated","AdultStomach_Dendritic cell","Adult","Digestive system","AdultStomach","Dendritic cell","Dendritic cell","CL:0000451","Stomach","UBERON:0000945",0.895404206910252,0.792663111768898,0.885977859778598,0.950482665794418,0.0220557990704775,NA
"JOB2770_IDvCD_downregulated","Downregulated","Fetal_HCA_Thymus_Thymocytes","Fetal","Lymphatic system","Fetal_HCA_Thymus","Thymocytes","Thymocyte","CL:0000893","Thymus","UBERON:0002370",0.954785042430804,0.751739248833341,0.934317343173432,0.950511305987357,0.0220427129924156,NA
"JOB2770_IDvCD_downregulated","Downregulated","AdultLung_Fetal mesenchymal progenitor","Adult","Respiratory system","AdultLung","Fetal mesenchymal progenitor","Mesenchymal stem cell","CL:0000134","Lung","UBERON:0002048",0.895272751310489,0.794268776411239,0.88450184501845,0.950571057892625,0.022015412836207,NA
"JOB2770_IDvCD_downregulated","Downregulated","FetalPancreas_Fetal fibroblast","Fetal","Digestive system","FetalPancreas","Fetal fibroblast","Fibroblast","CL:0000057","Pancreas","UBERON:0001264",0.898621782892333,0.791263301567883,0.890405904059041,0.951279005678186,0.0216920878414192,NA
"JOB2770_IDvCD_downregulated","Downregulated","FetalIntestine_Macrophage","Fetal","Digestive system","FetalIntestine","Macrophage","Macrophage","CL:0000235","Intestine","UBERON:0000160",0.898604389301609,0.792457257327572,0.88929889298893,0.951344064979024,0.0216623868504061,NA
"JOB2770_IDvCD_downregulated","Downregulated","Fetal_HCA_Pancreas_Myeloid cells","Fetal","Digestive system","Fetal_HCA_Pancreas","Myeloid cells","Myeloid cell","CL:0000763","Pancreas","UBERON:0001264",0.898550600081205,0.794803997958686,0.888191881918819,0.951765441619329,0.0214700683820853,NA
"JOB2770_IDvCD_downregulated","Downregulated","Fetal_HCA_Pancreas_Stromal cells","Fetal","Digestive system","Fetal_HCA_Pancreas","Stromal cells","Stromal cell","CL:0000499","Pancreas","UBERON:0001264",0.898550600081205,0.795380390394398,0.888191881918819,0.951943529938273,0.0213888135520772,NA
"JOB2770_IDvCD_downregulated","Downregulated","FetalRib_Fetal stromal cell","Fetal","Skeletal system","FetalRib","Fetal stromal cell","Stromal cell","CL:0000499","Rib","UBERON:0002228",0.929309811500981,0.777388712222528,0.909963099630996,0.952271161956701,0.0212393674001198,NA
"JOB2770_IDvCD_downregulated","Downregulated","AdultCervix_T cell","Adult","Reproductive system","AdultCervix","T cell","T cell","CL:0000084","Uterine cervix","UBERON:0000002",0.898747574906919,0.793074820651549,0.892250922509225,0.952349600830991,0.0212035959006637,NA
"JOB2770_IDvCD_downregulated","Downregulated","AdultKidney_T cell","Adult","Urinary system","AdultKidney","T cell","T cell","CL:0000084","Kidney","UBERON:0002113",0.89876138156738,0.79179852311533,0.89409594095941,0.952460926206189,0.021152831800494,NA
"JOB2770_IDvCD_downregulated","Downregulated","AdultKidney_Mast cell","Adult","Urinary system","AdultKidney","Mast cell","Mast cell","CL:0000097","Kidney","UBERON:0002113",0.89876138156738,0.79179852311533,0.89409594095941,0.952460926206189,0.021152831800494,NA
"JOB2770_IDvCD_downregulated","Downregulated","FetalLiver_Neutrophil (RPS high)","Fetal","Digestive system","FetalLiver","Neutrophil (RPS high)","Neutrophil","CL:0000775","Liver","UBERON:0002107",0.938962788787063,0.776318269127634,0.912915129151291,0.952726061434068,0.0210319546709352,NA
"JOB2770_IDvCD_downregulated","Downregulated","FetalLiver_B cell","Fetal","Digestive system","FetalLiver","B cell","B cell","CL:0000236","Liver","UBERON:0002107",0.938962788787063,0.776400610904164,0.912915129151291,0.952751939221967,0.0210201585961601,NA
"JOB2770_IDvCD_downregulated","Downregulated","FetalLiver_Monocyte","Fetal","Digestive system","FetalLiver","Monocyte","Monocyte","CL:0000576","Liver","UBERON:0002107",0.938962788787063,0.777141686892937,0.912915129151291,0.952984480659841,0.0209141717842063,NA
"JOB2770_IDvCD_downregulated","Downregulated","AdultKidney_Fetal epithelial progenitor","Adult","Urinary system","AdultKidney","Fetal epithelial progenitor","Epithelial fate stem cell","CL:0000036","Kidney","UBERON:0002113",0.89876138156738,0.793774725752057,0.89409594095941,0.95306899864544,0.0208756569207045,NA
"JOB2770_IDvCD_downregulated","Downregulated","AdultKidney_Macrophage","Adult","Urinary system","AdultKidney","Macrophage","Macrophage","CL:0000235","Kidney","UBERON:0002113",0.89876138156738,0.794309947299504,0.89409594095941,0.953232927446829,0.0208009642678049,NA
"JOB2770_IDvCD_downregulated","Downregulated","AdultMuscle_Macrophage","Adult","Muscular system","AdultMuscle","Macrophage","Macrophage","CL:0000235","Muscle organ","UBERON:0001630",0.92925780490817,0.78484064299852,0.909225092250923,0.954390895334195,0.0202737123856811,NA
"JOB2770_IDvCD_downregulated","Downregulated","Fetal_HCA_Stomach_Ciliated epithelial cells","Fetal","Digestive system","Fetal_HCA_Stomach","Ciliated epithelial cells","Ciliated cell","CL:0000064","Stomach","UBERON:0000945",0.939008565948445,0.780517699730679,0.914760147601476,0.954522281533555,0.0202139293613279,NA
"JOB2770_IDvCD_downregulated","Downregulated","AdultSpleen_B cell","Adult","Lymphatic system","AdultSpleen","B cell","B cell","CL:0000236","Spleen","UBERON:0002106",0.93906095368412,0.779529598412316,0.916605166051661,0.954702106451077,0.0201321192083559,NA
"JOB2770_IDvCD_downregulated","Downregulated","AdultSpleen_T cell","Adult","Lymphatic system","AdultSpleen","T cell","T cell","CL:0000084","Spleen","UBERON:0002106",0.93906095368412,0.779694281965376,0.916605166051661,0.954752831238205,0.0201090450894377,NA
"JOB2770_IDvCD_downregulated","Downregulated","Fetal_HCA_Stomach_Goblet cells","Fetal","Digestive system","Fetal_HCA_Stomach","Goblet cells","Goblet cell","CL:0000160","Stomach","UBERON:0000945",0.939008565948445,0.781341117495982,0.914760147601476,0.954775640867676,0.0200986696524032,NA
"JOB2770_IDvCD_downregulated","Downregulated","van_Zyl_eye_2020_Fibroblast","Adult","Sensory system","van_Zyl_eye_2020","Fibroblast","Fibroblast","CL:0000057","Eye","UBERON:0000970",0.898866830753005,0.798591719679079,0.896678966789668,0.955224634694156,0.0198944858652743,NA
"JOB2770_IDvCD_downregulated","Downregulated","Fetal_HCA_Lung_Myeloid cells","Fetal","Respiratory system","Fetal_HCA_Lung","Myeloid cells","Myeloid cell","CL:0000763","Lung","UBERON:0002048",0.898796950534318,0.799250453891322,0.895940959409594,0.955224908669887,0.0198943613017666,NA
"JOB2770_IDvCD_downregulated","Downregulated","AdultSpleen_Dendritic cell","Adult","Lymphatic system","AdultSpleen","Dendritic cell","Dendritic cell","CL:0000451","Spleen","UBERON:0002106",0.93906095368412,0.781258775719452,0.916605166051661,0.955233127504782,0.0198906246118472,NA
"JOB2770_IDvCD_downregulated","Downregulated","AdultRectum_T cell","Adult","Digestive system","AdultRectum","T cell","T cell","CL:0000084","Rectum","UBERON:0001052",0.943530748601114,0.780105990848028,0.919557195571956,0.955648199734912,0.0197019539922727,NA
"JOB2770_IDvCD_downregulated","Downregulated","Braga_2020_lung_Mast cell","Adult","Respiratory system","Braga_2020_lung","Mast cell","Mast cell","CL:0000097","Lung","UBERON:0002048",0.939139539410816,0.782535073255671,0.918450184501845,0.956101133610216,0.0194961668810013,NA
"JOB2770_IDvCD_downregulated","Downregulated","Madissoon_2020_oesophagus_B_CD27neg","Adult","Digestive system","Madissoon_2020_oesophagus","B_CD27neg","B cell","CL:0000236","Esophagus","UBERON:0001043",0.910769013582225,0.797521276584185,0.902583025830258,0.956466788610914,0.019330105378899,NA
"JOB2770_IDvCD_downregulated","Downregulated","Braga_2020_lung_Ciliated","Adult","Respiratory system","Braga_2020_lung","Ciliated","Ciliated cell","CL:0000064","Lung","UBERON:0002048",0.939139539410816,0.783852541680156,0.918450184501845,0.956499769019718,0.0193151305122462,NA
"JOB2770_IDvCD_downregulated","Downregulated","AdultDuodenum_T cell","Adult","Digestive system","AdultDuodenum","T cell","T cell","CL:0000084","Duodenum","UBERON:0002114",0.94949173283778,0.778459155317422,0.925092250922509,0.956571049748016,0.019282767019294,NA
"JOB2770_IDvCD_downregulated","Downregulated","Madissoon_2020_oesophagus_T_CD4","Adult","Digestive system","Madissoon_2020_oesophagus","T_CD4","T cell","CL:0000084","Esophagus","UBERON:0001043",0.910769013582225,0.798015327243367,0.902583025830258,0.956613243439338,0.0192636110107688,NA
"JOB2770_IDvCD_downregulated","Downregulated","AdultDuodenum_Macrophage","Adult","Digestive system","AdultDuodenum","Macrophage","Macrophage","CL:0000235","Duodenum","UBERON:0002114",0.94949173283778,0.778829693311808,0.925092250922509,0.956683503650279,0.0192317146288101,NA
"JOB2770_IDvCD_downregulated","Downregulated","TS_Eye_lacrimal gland functional unit cell","Adult","Sensory system","TS_Eye","lacrimal gland functional unit cell","Epithelial cell","CL:0000066","Eye","UBERON:0000970",0.921281778034752,0.79332184598114,0.908487084870849,0.95675995954973,0.0191970082202887,NA
"JOB2770_IDvCD_downregulated","Downregulated","Fetal_HCA_Kidney_Megakaryocytes","Fetal","Urinary system","Fetal_HCA_Kidney","Megakaryocytes","Megakaryocyte","CL:0000556","Kidney","UBERON:0002113",0.908079035958499,0.802132416069882,0.898523985239852,0.956764074147432,0.0191951405175102,NA
"JOB2770_IDvCD_downregulated","Downregulated","Voigt_2019_retina_2_White blood cell 2","Adult","Sensory system","Voigt_2019_retina_2","White blood cell 2","Leukocyte","CL:0000738","Retina","UBERON:0000966",0.910731330744668,0.800156213433155,0.901107011070111,0.956859365001841,0.0191518882334577,NA
"JOB2770_IDvCD_downregulated","Downregulated","Fetal_HCA_Kidney_Vascular endothelial cells","Fetal","Urinary system","Fetal_HCA_Kidney","Vascular endothelial cells","Endothelial cell","CL:0000115","Kidney","UBERON:0002113",0.908079035958499,0.802667637617329,0.898523985239852,0.956921403611608,0.0191237313762689,NA
"JOB2770_IDvCD_downregulated","Downregulated","Fetal_HCA_Adrenal_Myeloid cells","Fetal","Endocrine system","Fetal_HCA_Adrenal","Myeloid cells","Myeloid cell","CL:0000763","Adrenal gland","UBERON:0002369",0.910683638236077,0.801803048963761,0.900369003690037,0.957150646146821,0.0190197031412303,NA
"JOB2770_IDvCD_downregulated","Downregulated","Fetal_HCA_Cerebellum_10k_Vascular endothelial cells","Fetal","Nervous system","Fetal_HCA_Cerebellum_10k","Vascular endothelial cells","Endothelial cell","CL:0000115","Cerebellum","UBERON:0002037",0.907788374539653,0.804808523807117,0.897416974169742,0.957258169773704,0.0189709184537693,NA
"JOB2770_IDvCD_downregulated","Downregulated","AdultBoneMarrow_T cell","Adult","Lymphatic system","AdultBoneMarrow","T cell","T cell","CL:0000084","Bone marrow","UBERON:0002371",0.945265136275621,0.784881813886785,0.920295202952029,0.957282289397904,0.0189599758595337,NA
"JOB2770_IDvCD_downregulated","Downregulated","Madissoon_2020_oesophagus_Dendritic_Cells","Adult","Digestive system","Madissoon_2020_oesophagus","Dendritic_Cells","Dendritic cell","CL:0000451","Esophagus","UBERON:0001043",0.910769013582225,0.801432510969374,0.902583025830258,0.957618673508605,0.0188073938018608,NA
"JOB2770_IDvCD_downregulated","Downregulated","Fetal_HCA_Muscle_Myeloid cells","Fetal","Muscular system","Fetal_HCA_Muscle","Myeloid cells","Myeloid cell","CL:0000763","Muscle organ","UBERON:0001630",0.947419182381808,0.784881813886785,0.921771217712177,0.957658200195098,0.0187894682245514,NA
"JOB2770_IDvCD_downregulated","Downregulated","Fetal_HCA_Muscle_Lymphoid cells","Fetal","Muscular system","Fetal_HCA_Muscle","Lymphoid cells","Innate lymphoid cell","CL:0001065","Muscle organ","UBERON:0001630",0.947419182381808,0.785087668328111,0.921771217712177,0.957719593886819,0.0187616273029017,NA
"JOB2770_IDvCD_downregulated","Downregulated","Fetal_HCA_Muscle_Schwann cells","Fetal","Muscular system","Fetal_HCA_Muscle","Schwann cells","Schwann cell","CL:0002573","Muscle organ","UBERON:0001630",0.947419182381808,0.785128839216376,0.921771217712177,0.9577318666543,0.0187560620402944,NA
"JOB2770_IDvCD_downregulated","Downregulated","TS_Muscle_cd4-positive, alpha-beta t cell","Adult","Muscular system","TS_Muscle","cd4-positive, alpha-beta t cell","T cell","CL:0000084","Muscle organ","UBERON:0001630",0.921212138304058,0.798715232343875,0.906273062730627,0.957778718719591,0.0187348169544347,NA
"JOB2770_IDvCD_downregulated","Downregulated","Fetal_HCA_Cerebrum_10k_Vascular endothelial cells","Fetal","Nervous system","Fetal_HCA_Cerebrum_10k","Vascular endothelial cells","Endothelial cell","CL:0000115","Cerebral hemisphere","UBERON:0001869",0.916478933048541,0.805302574466298,0.904059040590406,0.959119717605411,0.0181271806808381,NA
"JOB2770_IDvCD_downregulated","Downregulated","AdultFallopiantube_T cell","Adult","Reproductive system","AdultFallopiantube","T cell","T cell","CL:0000084","Fallopian tube","UBERON:0003889",0.949343673145047,0.788875390048504,0.923616236162362,0.959302642026225,0.018044359433049,NA
"JOB2770_IDvCD_downregulated","Downregulated","AdultFallopiantube_Fibroblast","Adult","Reproductive system","AdultFallopiantube","Fibroblast","Fibroblast","CL:0000057","Fallopian tube","UBERON:0003889",0.949343673145047,0.789492953372481,0.923616236162362,0.959483007927355,0.0179627120475613,NA
"JOB2770_IDvCD_downregulated","Downregulated","FetalLung_Proliferating T cell","Fetal","Respiratory system","FetalLung","Proliferating T cell","T cell","CL:0000084","Lung","UBERON:0002048",0.951203950869489,0.787352067182694,0.926568265682657,0.959592493660504,0.0179131579265629,NA
"JOB2770_IDvCD_downregulated","Downregulated","TS_Lung_nk cell","Adult","Respiratory system","TS_Lung","nk cell","Natural killer cell","CL:0000623","Lung","UBERON:0002048",0.918650357704686,0.807319947991291,0.905166051660517,0.959977192338552,0.0177390850429088,NA
"JOB2770_IDvCD_downregulated","Downregulated","FetalLung_T cell","Fetal","Respiratory system","FetalLung","T cell","T cell","CL:0000084","Lung","UBERON:0002048",0.951203950869489,0.788957731825034,0.926568265682657,0.960060138166842,0.0177015619021101,NA
"JOB2770_IDvCD_downregulated","Downregulated","TS_Lung_cd8-positive alpha-beta t cell","Adult","Respiratory system","TS_Lung","cd8-positive alpha-beta t cell","T cell","CL:0000084","Lung","UBERON:0002048",0.918650357704686,0.807896340427003,0.905166051660517,0.960140658548406,0.0176651390889602,NA
"JOB2770_IDvCD_downregulated","Downregulated","FetalHeart_Fetal mesenchymal progenitor","Fetal","Cardiovascular system","FetalHeart","Fetal mesenchymal progenitor","Mesenchymal stem cell","CL:0000134","Heart","UBERON:0000948",0.953184998049901,0.786816845635247,0.929889298892989,0.960257054559589,0.0176124935925725,NA
"JOB2770_IDvCD_downregulated","Downregulated","TS_Bone_Marrow_nk cell","Adult","Lymphatic system","TS_Bone_Marrow","nk cell","Natural killer cell","CL:0000623","Bone marrow","UBERON:0002371",0.921224567413733,0.807525802432616,0.907011070110701,0.960501058657682,0.0175021521256232,NA
"JOB2770_IDvCD_downregulated","Downregulated","TS_Trachea_cd8-positive, alpha-beta t cell","Adult","Respiratory system","TS_Trachea","cd8-positive, alpha-beta t cell","T cell","CL:0000084","Trachea","UBERON:0003126",0.921270243393991,0.807361118879556,0.907749077490775,0.960639944419177,0.0174393589003048,NA
"JOB2770_IDvCD_downregulated","Downregulated","AdultEsophagus_Monocyte","Adult","Digestive system","AdultEsophagus","Monocyte","Monocyte","CL:0000576","Esophagus","UBERON:0001043",0.951271154235504,0.79323950420461,0.928413284132841,0.961741568884915,0.0169416122504761,NA
"JOB2770_IDvCD_downregulated","Downregulated","AdultEsophagus_Mast cell","Adult","Digestive system","AdultEsophagus","Mast cell","Mast cell","CL:0000097","Esophagus","UBERON:0001043",0.951271154235504,0.79332184598114,0.928413284132841,0.961764950755824,0.0169310538069156,NA
"JOB2770_IDvCD_downregulated","Downregulated","AdultBladder_Sinusoidal endothelial cell","Adult","Urinary system","AdultBladder","Sinusoidal endothelial cell","Endothelial cell","CL:0000115","Bladder organ","UBERON:0018707",0.954663010657319,0.790110516696459,0.932472324723247,0.961833920962655,0.0168999107440914,NA
"JOB2770_IDvCD_downregulated","Downregulated","AdultJeJunum_T cell","Adult","Digestive system","AdultJeJunum","T cell","T cell","CL:0000084","Jejunum","UBERON:0002115",0.954429708723998,0.792127890221451,0.930627306273063,0.961962005157856,0.0168420810558987,NA
"JOB2770_IDvCD_downregulated","Downregulated","AdultEsophagus_Neutrophil","Adult","Digestive system","AdultEsophagus","Neutrophil","Neutrophil","CL:0000775","Esophagus","UBERON:0001043",0.951271154235504,0.794104092858178,0.928413284132841,0.961986682900905,0.0168309400023985,NA
"JOB2770_IDvCD_downregulated","Downregulated","AdultBladder_Monocyte","Adult","Urinary system","AdultBladder","Monocyte","Monocyte","CL:0000576","Bladder organ","UBERON:0018707",0.954663010657319,0.790810421796966,0.932472324723247,0.96203301301625,0.0168100245060688,NA
"JOB2770_IDvCD_downregulated","Downregulated","Fetal_HCA_Placenta_Stromal cells","Fetal","Reproductive system","Fetal_HCA_Placenta","Stromal cells","Stromal cell","CL:0000499","Placenta","UBERON:0001987",0.954961349931009,0.787269725406163,0.93690036900369,0.962089179986777,0.0167846695619174,NA
"JOB2770_IDvCD_downregulated","Downregulated","Fetal_HCA_Placenta_Lymphoid cells","Fetal","Reproductive system","Fetal_HCA_Placenta","Lymphoid cells","Innate lymphoid cell","CL:0001065","Placenta","UBERON:0001987",0.954961349931009,0.787393238070959,0.93690036900369,0.962124391475205,0.0167687751151134,NA
"JOB2770_IDvCD_downregulated","Downregulated","FetalSkin_Neutrophil","Fetal","Integumentary system","FetalSkin","Neutrophil","Neutrophil","CL:0000775","Skin of body","UBERON:0002097",0.954819409815118,0.791386814232678,0.935055350553506,0.962814900574526,0.0164571971805359,NA
"JOB2770_IDvCD_downregulated","Downregulated","AdultIleum_T cell","Adult","Digestive system","AdultIleum","T cell","T cell","CL:0000084","Ileum","UBERON:0002116",0.95462329634229,0.794639314405625,0.931365313653137,0.962847720212998,0.0164423935615281,NA
"JOB2770_IDvCD_downregulated","Downregulated","AdultCerebellum_T cell","Adult","Nervous system","AdultCerebellum","T cell","T cell","CL:0000084","Cerebellum","UBERON:0002037",0.954831854377008,0.791098618014822,0.935793357933579,0.962909492413615,0.0164145319747234,NA
"JOB2770_IDvCD_downregulated","Downregulated","AdultJeJunum_Stromal cell","Adult","Digestive system","AdultJeJunum","Stromal cell","Stromal cell","CL:0000499","Jejunum","UBERON:0002115",0.954696977634208,0.792992478875019,0.933579335793358,0.96291447156073,0.0164122862698646,NA
"JOB2770_IDvCD_downregulated","Downregulated","CordBlood_Dendritic cell","Neonatal","Reproductive system","CordBlood","Dendritic cell","Dendritic cell","CL:0000451","Umbilical cord blood","UBERON:0012168",0.973183152653147,0.764172857089415,0.9690036900369,0.962964041824661,0.0163899296238489,NA
"JOB2770_IDvCD_downregulated","Downregulated","Fetal_HCA_Thymus_Antigen presenting cells","Fetal","Lymphatic system","Fetal_HCA_Thymus","Antigen presenting cells","Professional antigen presenting cell","CL:0000145","Thymus","UBERON:0002370",0.992524887775379,0.753921305911393,0.985977859778598,0.963818815030585,0.0160045999437101,NA
"JOB2770_IDvCD_downregulated","Downregulated","Fetal_HCA_Eye_Stromal cells","Fetal","Sensory system","Fetal_HCA_Eye","Stromal cells","Stromal cell","CL:0000499","Eye","UBERON:0000970",0.956465710761795,0.791551497785739,0.942435424354244,0.964596088142281,0.0156545036640493,NA
"JOB2770_IDvCD_downregulated","Downregulated","AdultProstate_Basal cell","Adult","Reproductive system","AdultProstate","Basal cell","Basal cell","CL:0000646","Prostate gland","UBERON:0002367",0.982760242584855,0.770513173882248,0.971217712177122,0.965281016231536,0.0153462348095413,NA
"JOB2770_IDvCD_downregulated","Downregulated","FetalStomach_Erythroid cell","Fetal","Digestive system","FetalStomach","Erythroid cell","Erythroid lineage cell","CL:0000764","Stomach","UBERON:0000945",0.958157189736946,0.791098618014822,0.948339483394834,0.965827701678351,0.0151003424089435,NA
"JOB2770_IDvCD_downregulated","Downregulated","Placenta_Stromal cell","Adult","Reproductive system","Placenta","Stromal cell","Stromal cell","CL:0000499","Placenta","UBERON:0001987",0.958027391736037,0.793857067528587,0.945387453874539,0.965905949670273,0.0150651588098934,NA
"JOB2770_IDvCD_downregulated","Downregulated","Madissoon_2020_spleen_T_CD4_conv","Adult","Lymphatic system","Madissoon_2020_spleen","T_CD4_conv","T cell","CL:0000084","Spleen","UBERON:0002106",0.956301943741497,0.799291624779587,0.939114391143911,0.965941458884624,0.0150491933089094,NA
"JOB2770_IDvCD_downregulated","Downregulated","Madissoon_2020_spleen_T_CD4_naive","Adult","Lymphatic system","Madissoon_2020_spleen","T_CD4_naive","T cell","CL:0000084","Spleen","UBERON:0002106",0.956301943741497,0.799415137444382,0.939114391143911,0.965974722075835,0.0150342381876291,NA
"JOB2770_IDvCD_downregulated","Downregulated","Madissoon_2020_spleen_T_CD4_fh","Adult","Lymphatic system","Madissoon_2020_spleen","T_CD4_fh","T cell","CL:0000084","Spleen","UBERON:0002106",0.956301943741497,0.799579820997443,0.939114391143911,0.966019045120377,0.0150143113597107,NA
"JOB2770_IDvCD_downregulated","Downregulated","Madissoon_2020_spleen_NK_FCGR3Apos","Adult","Lymphatic system","Madissoon_2020_spleen","NK_FCGR3Apos","Natural killer cell","CL:0000623","Spleen","UBERON:0002106",0.956301943741497,0.799826846327034,0.939114391143911,0.96608546996393,0.0149844496800733,NA
"JOB2770_IDvCD_downregulated","Downregulated","FetalStomach_Dendritic cell","Fetal","Digestive system","FetalStomach","Dendritic cell","Dendritic cell","CL:0000451","Stomach","UBERON:0000945",0.958157189736946,0.792333744662777,0.948339483394834,0.966163396123047,0.0149494201334008,NA
"JOB2770_IDvCD_downregulated","Downregulated","FetalStomach_Macrophage","Fetal","Digestive system","FetalStomach","Macrophage","Macrophage","CL:0000235","Stomach","UBERON:0000945",0.958157189736946,0.792374915551042,0.948339483394834,0.966174554475885,0.0149444044361588,NA
"JOB2770_IDvCD_downregulated","Downregulated","Fetal_HCA_Heart_Smooth muscle cells","Fetal","Cardiovascular system","Fetal_HCA_Heart","Smooth muscle cells","Smooth muscle cell","CL:0000192","Heart","UBERON:0000948",0.95802428642549,0.796574346154087,0.943542435424354,0.966220625225974,0.0149236961744587,NA
"JOB2770_IDvCD_downregulated","Downregulated","FetalMuscle_Erythroid cell","Fetal","Muscular system","FetalMuscle","Erythroid cell","Erythroid lineage cell","CL:0000764","Muscle organ","UBERON:0001630",0.958025829018788,0.795668586612254,0.944649446494465,0.966228103682492,0.0149203347891341,NA
"JOB2770_IDvCD_downregulated","Downregulated","AdultAdrenalGland_Endothelial cell (APC)","Adult","Endocrine system","AdultAdrenalGland","Endothelial cell (APC)","Endothelial cell","CL:0000115","Adrenal gland","UBERON:0002369",0.958036900283073,0.794474630852564,0.946125461254612,0.966240889554988,0.0149145879089608,NA
"JOB2770_IDvCD_downregulated","Downregulated","Fetal_HCA_Heart_Vascular endothelial cells","Fetal","Cardiovascular system","Fetal_HCA_Heart","Vascular endothelial cells","Endothelial cell","CL:0000115","Heart","UBERON:0000948",0.95802428642549,0.796780200595413,0.943542435424354,0.9662760629505,0.0148987788765355,NA
"JOB2770_IDvCD_downregulated","Downregulated","FetalKidney_Primordial germ cell","Fetal","Urinary system","FetalKidney","Primordial germ cell","Primordial germ cell","CL:0000670","Kidney","UBERON:0002113",0.958059906564599,0.795792099277049,0.946863468634686,0.966762118025673,0.0146803754910515,NA
"JOB2770_IDvCD_downregulated","Downregulated","Lake_2017_FrontalCortex_Ex6a","Adult","Nervous system","Lake_2017_FrontalCortex","Ex6a","Excitatory neuron","CL:0008030","Frontal cortex","UBERON:0001870",0.956306703566531,0.803326371829571,0.941328413284133,0.967517933063855,0.0143409765328262,NA
"JOB2770_IDvCD_downregulated","Downregulated","AdultStomach_Epithelial cell","Adult","Digestive system","AdultStomach","Epithelial cell","Epithelial cell","CL:0000066","Stomach","UBERON:0000945",0.961158704709348,0.793198333316345,0.953505535055351,0.967552872299987,0.0143252934710864,NA
"JOB2770_IDvCD_downregulated","Downregulated","Lake_2017_FrontalCortex_Per","Adult","Nervous system","Lake_2017_FrontalCortex","Per","Pericyte cell","CL:0000669","Frontal cortex","UBERON:0001870",0.956306703566531,0.803532226270897,0.941328413284133,0.967572060553112,0.0143166807429795,NA
"JOB2770_IDvCD_downregulated","Downregulated","MacParland_2018_liver_T cell","Adult","Digestive system","MacParland_2018_liver","T cell","T cell","CL:0000084","Liver","UBERON:0002107",0.961052116398241,0.797109567701534,0.951660516605166,0.968180340323,0.0140437403027751,NA
"JOB2770_IDvCD_downregulated","Downregulated","FetalIntestine_Dendritic cell","Fetal","Digestive system","FetalIntestine","Dendritic cell","Dendritic cell","CL:0000451","Intestine","UBERON:0000160",0.962579411245996,0.795545073947458,0.954243542435424,0.968336533528852,0.0139736827179688,NA
"JOB2770_IDvCD_downregulated","Downregulated","MacParland_2018_liver_Kupffer cell","Adult","Digestive system","MacParland_2018_liver","Kupffer cell","Kupffer cell","CL:0000091","Liver","UBERON:0002107",0.961052116398241,0.797727131025511,0.951660516605166,0.968342503066048,0.0139710054162428,NA
"JOB2770_IDvCD_downregulated","Downregulated","AdultDuodenum_Dendritic cell","Adult","Digestive system","AdultDuodenum","Dendritic cell","Dendritic cell","CL:0000451","Duodenum","UBERON:0002114",0.986741435666288,0.779982478183232,0.974907749077491,0.968684674791029,0.0138175710243385,NA
"JOB2770_IDvCD_downregulated","Downregulated","FetalBrain_Primordial germ cell","Fetal","Nervous system","FetalBrain","Primordial germ cell","Primordial germ cell","CL:0000670","Brain","UBERON:0000955",0.9625968164962,0.795915611941845,0.955719557195572,0.968756159076055,0.0137855233560939,NA
"JOB2770_IDvCD_downregulated","Downregulated","AdultLung_Dendritic cell","Adult","Respiratory system","AdultLung","Dendritic cell","Dendritic cell","CL:0000451","Lung","UBERON:0002048",0.96109430833331,0.798591719679079,0.952767527675277,0.968810882214194,0.013760991604236,NA
"JOB2770_IDvCD_downregulated","Downregulated","FetalPancreas_Antigen presenting cell (RPS high)","Fetal","Digestive system","FetalPancreas","Antigen presenting cell (RPS high)","Professional antigen presenting cell","CL:0000145","Pancreas","UBERON:0001264",0.962583418496128,0.796944884148473,0.954981549815498,0.96886425855294,0.0137370649419181,NA
"JOB2770_IDvCD_downregulated","Downregulated","AdultUterus_Stromal cell","Adult","Reproductive system","AdultUterus","Stromal cell","Stromal cell","CL:0000499","Ureter","UBERON:0000056",0.98262725704491,0.784470105004133,0.970479704797048,0.968931018219735,0.0137071408779452,NA
"JOB2770_IDvCD_downregulated","Downregulated","AdultKidney_Monocyte","Adult","Urinary system","AdultKidney","Monocyte","Monocyte","CL:0000576","Kidney","UBERON:0002113",0.962641805458168,0.796944884148473,0.956457564575646,0.969184519371404,0.0135935313951064,NA
"JOB2770_IDvCD_downregulated","Downregulated","Braga_2020_lung_T cell","Adult","Respiratory system","Braga_2020_lung","T cell","T cell","CL:0000084","Lung","UBERON:0002048",0.983455730664215,0.786158111423004,0.971955719557196,0.969689079765104,0.0133674952060376,NA
"JOB2770_IDvCD_downregulated","Downregulated","TS_Pancreas_b cell","Adult","Digestive system","TS_Pancreas","b cell","B cell","CL:0000236","Pancreas","UBERON:0001264",0.9711499235221,0.792786624433693,0.964206642066421,0.969769533757983,0.0133314637847628,NA
"JOB2770_IDvCD_downregulated","Downregulated","Fetal_HCA_Muscle_Vascular endothelial cells","Fetal","Muscular system","Fetal_HCA_Muscle","Vascular endothelial cells","Endothelial cell","CL:0000115","Muscle organ","UBERON:0001630",0.986093484923538,0.786569820305656,0.972693726937269,0.969952289076761,0.0132496276928199,NA
"JOB2770_IDvCD_downregulated","Downregulated","Lake_2017_VisualCortex_End","Adult","Nervous system","Lake_2017_VisualCortex","End","Endothelial cell","CL:0000115","Visual cortex","UBERON:0000411",0.960940413152731,0.806125992231601,0.950184501845018,0.970186583809795,0.0131447352940207,NA
"JOB2770_IDvCD_downregulated","Downregulated","Lake_2017_VisualCortex_Per","Adult","Nervous system","Lake_2017_VisualCortex","Per","Pericyte cell","CL:0000669","Visual cortex","UBERON:0000411",0.960940413152731,0.806249504896397,0.950184501845018,0.970217864629389,0.0131307329685249,NA
"JOB2770_IDvCD_downregulated","Downregulated","AdultLiver_B cell","Adult","Digestive system","AdultLiver","B cell","B cell","CL:0000236","Liver","UBERON:0002107",0.98730238237999,0.785622889875558,0.975645756457565,0.970325369726301,0.013082613586708,NA
"JOB2770_IDvCD_downregulated","Downregulated","TS_Pancreas_pancreatic pp cell","Adult","Digestive system","TS_Pancreas","pancreatic pp cell","Pancreatic PP cell","CL:0002275","Pancreas","UBERON:0001264",0.9711499235221,0.796244979047966,0.964206642066421,0.970658105700583,0.0129337144324325,NA
"JOB2770_IDvCD_downregulated","Downregulated","FetalAdrenalGland_Primordial germ cell","Fetal","Endocrine system","FetalAdrenalGland","Primordial germ cell","Primordial germ cell","CL:0000670","Adrenal gland","UBERON:0002369",0.96794805124529,0.79883874500867,0.961254612546125,0.970695815905297,0.0129168423581151,NA
"JOB2770_IDvCD_downregulated","Downregulated","van_Zyl_eye_2020_MastCell","Adult","Sensory system","van_Zyl_eye_2020","MastCell","Mast cell","CL:0000097","Eye","UBERON:0000970",0.962691194896867,0.801926561628556,0.957564575645756,0.970698203258014,0.0129157742450983,NA
"JOB2770_IDvCD_downregulated","Downregulated","TS_Eye_erythroid lineage cell","Adult","Sensory system","TS_Eye","erythroid lineage cell","Erythroid lineage cell","CL:0000764","Eye","UBERON:0000970",0.971654417843227,0.795174535953072,0.966051660516605,0.970772947739245,0.0128823345354732,NA
"JOB2770_IDvCD_downregulated","Downregulated","van_Zyl_eye_2020_SchwannCell-nmy","Adult","Sensory system","van_Zyl_eye_2020","SchwannCell-nmy","Schwann cell","CL:0002573","Eye","UBERON:0000970",0.962691194896867,0.802297099622942,0.957564575645756,0.970791827819199,0.0128738882403556,NA
"JOB2770_IDvCD_downregulated","Downregulated","FetalAdrenalGland_Macrophage","Fetal","Endocrine system","FetalAdrenalGland","Macrophage","Macrophage","CL:0000235","Adrenal gland","UBERON:0002369",0.96794805124529,0.799373966556117,0.961254612546125,0.970831525106866,0.0128561295819044,NA
"JOB2770_IDvCD_downregulated","Downregulated","TS_Heart_macrophage","Adult","Cardiovascular system","TS_Heart","macrophage","Macrophage","CL:0000235","Heart","UBERON:0000948",0.971160861377173,0.797768301913776,0.965313653136531,0.971276119010489,0.0126572892313306,NA
"JOB2770_IDvCD_downregulated","Downregulated","AdultFallopiantube_Endothelial cell (APC)","Adult","Reproductive system","AdultFallopiantube","Endothelial cell (APC)","Endothelial cell","CL:0000115","Fallopian tube","UBERON:0003889",0.986688121485966,0.79060456735564,0.974169741697417,0.971298688707176,0.0126471975790649,NA
"JOB2770_IDvCD_downregulated","Downregulated","Fetal_HCA_Kidney_Myeloid cells","Fetal","Urinary system","Fetal_HCA_Kidney","Myeloid cells","Myeloid cell","CL:0000763","Kidney","UBERON:0002113",0.966697969853917,0.804232131371404,0.958671586715867,0.971510151991944,0.0125526567924072,NA
"JOB2770_IDvCD_downregulated","Downregulated","AdultThyroid_T cell","Adult","Endocrine system","AdultThyroid","T cell","T cell","CL:0000084","Thyroid gland","UBERON:0002046",0.986675538913398,0.79323950420461,0.973431734317343,0.971813554645875,0.0124170477849963,NA
"JOB2770_IDvCD_downregulated","Downregulated","Madissoon_2020_lung_T_CD8_CytT","Adult","Respiratory system","Madissoon_2020_lung","T_CD8_CytT","T cell","CL:0000084","Lung","UBERON:0002048",0.967938142951804,0.804561498477526,0.959778597785978,0.971822965424936,0.0124128422153083,NA
"JOB2770_IDvCD_downregulated","Downregulated","Madissoon_2020_lung_NK","Adult","Respiratory system","Madissoon_2020_lung","NK","Natural killer cell","CL:0000623","Lung","UBERON:0002048",0.967938142951804,0.804932036471912,0.959778597785978,0.971914818787842,0.0123717961349079,NA
"JOB2770_IDvCD_downregulated","Downregulated","AdultBladder_T cell","Adult","Urinary system","AdultBladder","T cell","T cell","CL:0000084","Bladder organ","UBERON:0018707",0.988321280018869,0.791469156009209,0.976383763837638,0.971971840021584,0.0123463172757776,NA
"JOB2770_IDvCD_downregulated","Downregulated","AdultJeJunum_Dendritic cell","Adult","Digestive system","AdultJeJunum","Dendritic cell","Dendritic cell","CL:0000451","Jejunum","UBERON:0002115",0.988329281593424,0.793898238416852,0.977121771217712,0.972728555063214,0.0120083349476306,NA
"JOB2770_IDvCD_downregulated","Downregulated","TS_Eye_t cell","Adult","Sensory system","TS_Eye","t cell","T cell","CL:0000084","Eye","UBERON:0000970",0.972242696200833,0.803449884494367,0.966789667896679,0.972989887089977,0.0118916736102126,NA
"JOB2770_IDvCD_downregulated","Downregulated","TS_Vasculature_mast cell","Adult","Cardiovascular system","TS_Vasculature","mast cell","Mast cell","CL:0000097","Vasculature","UBERON:0002049",0.970032493847387,0.808225707533124,0.962361623616236,0.97325149774489,0.0117749192698667,NA
"JOB2770_IDvCD_downregulated","Downregulated","TS_Uterus_t cell","Adult","Reproductive system","TS_Uterus","t cell","T cell","CL:0000084","Uterus","UBERON:0000995",0.971149734900904,0.807855169538737,0.96309963099631,0.973311670165421,0.0117480693318442,NA
"JOB2770_IDvCD_downregulated","Downregulated","AdultBoneMarrow_Dendritic cell","Adult","Lymphatic system","AdultBoneMarrow","Dendritic cell","Dendritic cell","CL:0000451","Bone marrow","UBERON:0002371",0.998033867130397,0.787063870964838,0.990405904059041,0.973678633946472,0.0115843598909503,NA
"JOB2770_IDvCD_downregulated","Downregulated","FetalIntestine_Enterocyte progenitor","Fetal","Digestive system","FetalIntestine","Enterocyte progenitor","Enterocyte","CL:0000584","Intestine","UBERON:0000160",0.990675497525708,0.796080295494905,0.979335793357934,0.973707823797747,0.0115713403988132,NA
"JOB2770_IDvCD_downregulated","Downregulated","Fetal_HCA_Heart_Lymphoid cells","Fetal","Cardiovascular system","Fetal_HCA_Heart","Lymphoid cells","Innate lymphoid cell","CL:0001065","Heart","UBERON:0000948",0.989332033295454,0.797356593031125,0.977859778597786,0.973725996126635,0.0115632352277117,NA
"JOB2770_IDvCD_downregulated","Downregulated","TS_Lymph_Node_naive thymus-derived cd4-positive, alpha-beta t cell","Adult","Lymphatic system","TS_Lymph_Node","naive thymus-derived cd4-positive, alpha-beta t cell","T cell","CL:0000084","Lymph node","UBERON:0000029",0.972281773597691,0.806043650455071,0.967527675276753,0.973767434898212,0.0115447533889042,NA
"JOB2770_IDvCD_downregulated","Downregulated","TS_Liver_t cell","Adult","Digestive system","TS_Liver","t cell","T cell","CL:0000084","Liver","UBERON:0002107",0.972322620173468,0.807031751773435,0.968265682656827,0.974151667254595,0.0113734218442568,NA
"JOB2770_IDvCD_downregulated","Downregulated","FetalPancreas_B cell","Fetal","Digestive system","FetalPancreas","B cell","B cell","CL:0000236","Pancreas","UBERON:0001264",0.990675588909234,0.797644789248981,0.980073800738007,0.974232893142767,0.0113372113796922,NA
"JOB2770_IDvCD_downregulated","Downregulated","AdultKidney_Ureteric bud cell","Adult","Urinary system","AdultKidney","Ureteric bud cell","Epithelial cell","CL:0000066","Kidney","UBERON:0002113",0.990691667706061,0.797562447472451,0.980811808118081,0.974357784438156,0.0112815407854278,NA
"JOB2770_IDvCD_downregulated","Downregulated","AdultLung_B cell","Adult","Respiratory system","AdultLung","B cell","B cell","CL:0000236","Lung","UBERON:0002048",0.990238127503452,0.799456308332647,0.97859778597786,0.974379268653308,0.0112719648643726,NA
"JOB2770_IDvCD_downregulated","Downregulated","VentoTormo_2018_decidua_CD16-positive natural killer cell (NK CD16+)","Maternal-Fetal","Reproductive system","VentoTormo_2018_decidua","CD16-positive natural killer cell (NK CD16+)","Natural killer cell","CL:0000623","Decidua","UBERON:0002450",0.973361519524042,0.808390391086184,0.969741697416974,0.974766397764138,0.0110994502681317,NA
"JOB2770_IDvCD_downregulated","Downregulated","FetalSpinalCord_Dendritic cell","Fetal","Nervous system","FetalSpinalCord","Dendritic cell","Dendritic cell","CL:0000451","Spinal cord","UBERON:0002240",0.998567053376874,0.789822320478603,0.992619926199262,0.974781854196528,0.0110925639104432,NA
"JOB2770_IDvCD_downregulated","Downregulated","Voigt_2019_retina_1_B cell","Adult","Sensory system","Voigt_2019_retina_1","B cell","B cell","CL:0000236","Retina","UBERON:0000966",0.990724690123331,0.800485580539276,0.983025830258303,0.975483335266962,0.0107801455041333,NA
"JOB2770_IDvCD_downregulated","Downregulated","AdultJeJunum_Macrophage","Adult","Digestive system","AdultJeJunum","Macrophage","Macrophage","CL:0000235","Jejunum","UBERON:0002115",0.998481753081913,0.794351118187769,0.991143911439114,0.975583465764545,0.0107355687396825,NA
"JOB2770_IDvCD_downregulated","Downregulated","Fetal_HCA_Lung_Lymphoid cells","Fetal","Respiratory system","Fetal_HCA_Lung","Lymphoid cells","Innate lymphoid cell","CL:0001065","Lung","UBERON:0002048",0.99069437311189,0.802338270511208,0.981549815498155,0.975635733765797,0.0107123015388116,NA
"JOB2770_IDvCD_downregulated","Downregulated","FetalAdrenalGland_Dendritic cell","Fetal","Endocrine system","FetalAdrenalGland","Dendritic cell","Dendritic cell","CL:0000451","Adrenal gland","UBERON:0002369",0.992216322951739,0.800403238762746,0.98450184501845,0.975746299380037,0.0106630871508666,NA
"JOB2770_IDvCD_downregulated","Downregulated","van_Zyl_eye_2020_NKT","Adult","Sensory system","van_Zyl_eye_2020","NKT","Natural killer cell","CL:0000623","Eye","UBERON:0000970",0.990706905179844,0.80291466294692,0.982287822878229,0.975911542941586,0.0105895451953393,NA
"JOB2770_IDvCD_downregulated","Downregulated","Fetal_HCA_Kidney_Lymphoid cells","Fetal","Urinary system","Fetal_HCA_Kidney","Lymphoid cells","Innate lymphoid cell","CL:0001065","Kidney","UBERON:0002113",0.991858513391064,0.805137890913238,0.983763837638376,0.976704839777162,0.0102366602557202,NA
"JOB2770_IDvCD_downregulated","Downregulated","TS_Vasculature_erythrocyte","Adult","Cardiovascular system","TS_Vasculature","erythrocyte","Erythrocyte","CL:0000232","Vasculature","UBERON:0002049",0.99239470996185,0.805920137790276,0.985239852398524,0.977159106099666,0.0100347164498078,NA
"JOB2770_IDvCD_downregulated","Downregulated","Fetal_HCA_Pancreas_Lymphoid cells","Fetal","Digestive system","Fetal_HCA_Pancreas","Lymphoid cells","Innate lymphoid cell","CL:0001065","Pancreas","UBERON:0001264",0.998826769914122,0.799456308332647,0.993357933579336,0.977187149354017,0.0100222529156863,NA
"JOB2770_IDvCD_downregulated","Downregulated","Madissoon_2020_spleen_T_CD8_CTL","Adult","Lymphatic system","Madissoon_2020_spleen","T_CD8_CTL","T cell","CL:0000084","Spleen","UBERON:0002106",0.998553940204461,0.801226656528049,0.991881918819188,0.977319693815383,0.00996334974175518,NA
"JOB2770_IDvCD_downregulated","Downregulated","TS_Prostate_stromal cell","Adult","Reproductive system","TS_Prostate","stromal cell","Stromal cell","CL:0000499","Prostate gland","UBERON:0002367",0.993409965176156,0.803202859164776,0.989667896678967,0.977361455515417,0.00994479236641175,NA
"JOB2770_IDvCD_downregulated","Downregulated","TS_Pancreas_mast cell","Adult","Digestive system","TS_Pancreas","mast cell","Mast cell","CL:0000097","Pancreas","UBERON:0001264",0.993096186379883,0.805549599795889,0.987453874538745,0.977484989078117,0.00988990320124969,NA
"JOB2770_IDvCD_downregulated","Downregulated","TS_Lung_cd4-positive, alpha-beta t cell","Adult","Respiratory system","TS_Lung","cd4-positive, alpha-beta t cell","T cell","CL:0000084","Lung","UBERON:0002048",0.993095145050239,0.809213808851487,0.986715867158672,0.978170640710266,0.00958537644509137,NA
"JOB2770_IDvCD_downregulated","Downregulated","Fetal_HCA_Adrenal_Lymphoid cells","Fetal","Endocrine system","Fetal_HCA_Adrenal","Lymphoid cells","Innate lymphoid cell","CL:0001065","Adrenal gland","UBERON:0002369",0.999041095445293,0.804314473147935,0.99409594095941,0.978417823758295,0.00947564439228662,NA
"JOB2770_IDvCD_downregulated","Downregulated","TS_Blood_erythrocyte","Adult","Lymphatic system","TS_Blood","erythrocyte","Erythrocyte","CL:0000232","Blood","UBERON:0000178",0.993383895830025,0.809254979739753,0.988191881918819,0.978447663222369,0.00946239962438867,NA
"JOB2770_IDvCD_downregulated","Downregulated","TS_Muscle_mast cell","Adult","Muscular system","TS_Muscle","mast cell","Mast cell","CL:0000097","Muscle organ","UBERON:0001630",0.993390469317589,0.809378492404548,0.988929889298893,0.978608135636793,0.00939117806363513,NA
"JOB2770_IDvCD_downregulated","Downregulated","TS_Fat_leucocyte","Adult","Integumentary system","TS_Fat","leucocyte","Leukocyte","CL:0000738","Perirenal fat","UBERON:0005406",0.999167013734662,0.807772827762207,0.994833948339483,0.979310033138424,0.00907979607664509,NA
"JOB2770_IDvCD_downregulated","Downregulated","TS_Prostate_erythroid progenitor","Adult","Reproductive system","TS_Prostate","erythroid progenitor","Erythroid progenitor cell","CL:0000038","Prostate gland","UBERON:0002367",0.999187633192419,0.808061023980063,0.995571955719557,0.979502633119065,0.00899439218834327,NA
"JOB2770_IDvCD_downregulated","Downregulated","TS_Large_Intestine_goblet cell","Adult","Digestive system","TS_Large_Intestine","goblet cell","Goblet cell","CL:0000160","Large intestine","UBERON:0000059",0.999207933951065,0.807649315097412,0.997047970479705,0.979672428518435,0.0089191143771589,NA
"JOB2770_IDvCD_downregulated","Downregulated","TS_Muscle_cd8-positive, alpha-beta t cell","Adult","Muscular system","TS_Muscle","cd8-positive, alpha-beta t cell","T cell","CL:0000084","Muscle organ","UBERON:0001630",0.999207197111663,0.808555074639245,0.996309963099631,0.979738724158361,0.00888972612899485,NA
"JOB2770_IDvCD_downregulated","Downregulated","TS_Liver_neutrophil","Adult","Digestive system","TS_Liver","neutrophil","Neutrophil","CL:0000775","Liver","UBERON:0002107",0.99920905034584,0.807690485985677,0.997785977859779,0.979810168715988,0.00885805763910313,NA
"JOB2770_IDvCD_downregulated","Downregulated","TS_Prostate_monocyte","Adult","Reproductive system","TS_Prostate","monocyte","Monocyte","CL:0000576","Prostate gland","UBERON:0002367",1,0.808308049309654,0.999261992619926,0.980198566940617,0.00868593676547979,NA
"JOB2770_IDvCD_downregulated","Downregulated","TS_Salivary_Gland_cd4-positive, alpha-beta t cell","Adult","Digestive system","TS_Salivary_Gland","cd4-positive, alpha-beta t cell","T cell","CL:0000084","Saliva-secreting gland","UBERON:0001044",1,0.80867858730404,0.999261992619926,0.980277552198019,0.00865094234639446,NA
"JOB2770_IDvCD_downregulated","Downregulated","TS_Salivary_Gland_t cell","Adult","Digestive system","TS_Salivary_Gland","t cell","T cell","CL:0000084","Saliva-secreting gland","UBERON:0001044",1,0.808843270857101,0.999261992619926,0.980312602294798,0.00863541430389357,NA
"JOB3494_IDvCD_upregulated","Upregulated","TS_Heart_fibroblast of cardiac tissue","Adult","Cardiovascular system","TS_Heart","fibroblast of cardiac tissue","Fibroblast","CL:0000057","Heart","UBERON:0000948",3.73873111413008e-16,8.23417765302964e-05,0.0269372693726937,3.10947457340394e-05,4.50731299012092,"TS_Heart_fibroblast of cardiac tissue"
"JOB3494_IDvCD_upregulated","Upregulated","AdultTransverseColon_Stromal cell","Adult","Digestive system","AdultTransverseColon","Stromal cell","Stromal cell","CL:0000499","Transverse colon","UBERON:0001157",9.21136243681922e-16,8.23417765302964e-05,0.0324723247232472,3.69843989266316e-05,4.43198143509289,"AdultTransverseColon_Stromal cell"
"JOB3494_IDvCD_upregulated","Upregulated","AdultTrachea_Fibroblast","Adult","Respiratory system","AdultTrachea","Fibroblast","Fibroblast","CL:0000057","Trachea","UBERON:0003126",2.28703674642206e-12,4.11708882651482e-05,0.0656826568265683,3.7374119779221e-05,4.42742902688233,"AdultTrachea_Fibroblast"
"JOB3494_IDvCD_upregulated","Upregulated","van_Zyl_eye_2020_BeamCella","Adult","Sensory system","van_Zyl_eye_2020","BeamCella","Beam A cell",NA,"Eye","UBERON:0000970",8.59459596734434e-12,4.11708882651482e-05,0.0715867158671587,4.04799044999571e-05,4.39276052075301,"van_Zyl_eye_2020_BeamCella"
"JOB3494_IDvCD_upregulated","Upregulated","Madissoon_2020_oesophagus_Fibroblast","Adult","Digestive system","Madissoon_2020_oesophagus","Fibroblast","Fibroblast","CL:0000057","Esophagus","UBERON:0001043",2.23885051597665e-14,8.23417765302964e-05,0.0435424354243542,4.85409588022456e-05,4.31389164954483,"Madissoon_2020_oesophagus_Fibroblast"
"JOB3494_IDvCD_upregulated","Upregulated","TS_Tongue_fibroblast","Adult","Digestive system","TS_Tongue","fibroblast","Fibroblast","CL:0000057","Tongue","UBERON:0001723",5.00920680570305e-31,0.00098810131836355,0.003690036900369,4.93024059736724e-05,4.30713188649167,NA
"JOB3494_IDvCD_upregulated","Upregulated","AdultMuscle_Smooth muscle cell","Adult","Muscular system","AdultMuscle","Smooth muscle cell","Smooth muscle cell","CL:0000192","Muscle organ","UBERON:0001630",4.24518964458193e-10,4.11708882651482e-05,0.103321033210332,5.68637445893527e-05,4.2451645445586,NA
"JOB3494_IDvCD_upregulated","Upregulated","AdultLung_Stromal cell","Adult","Respiratory system","AdultLung","Stromal cell","Stromal cell","CL:0000499","Lung","UBERON:0002048",8.92052450459445e-10,4.11708882651482e-05,0.106273062730627,5.83651653797146e-05,4.2338462795504,NA
"JOB3494_IDvCD_upregulated","Upregulated","FetalHeart_Fetal mesenchymal progenitor","Fetal","Cardiovascular system","FetalHeart","Fetal mesenchymal progenitor","Mesenchymal stem cell","CL:0000134","Heart","UBERON:0000948",2.86282406210885e-08,4.11708882651482e-05,0.152029520295203,8.12534279136523e-05,4.09015830797887,NA
"JOB3494_IDvCD_upregulated","Upregulated","AdultSigmoidColon_Stromal cell","Adult","Digestive system","AdultSigmoidColon","Stromal cell","Stromal cell","CL:0000499","Sigmoid colon","UBERON:0001159",7.88030888152393e-08,4.11708882651482e-05,0.158671586715867,8.45239866908987e-05,4.07302002703589,NA
"JOB3494_IDvCD_upregulated","Upregulated","Fetal_HCA_Adrenal_Stromal cells","Fetal","Endocrine system","Fetal_HCA_Adrenal","Stromal cells","Stromal cell","CL:0000499","Adrenal gland","UBERON:0002369",4.49502315714071e-17,0.00028819621785603,0.0236162361623616,8.77830949692626e-05,4.05658911129718,NA
"JOB3494_IDvCD_upregulated","Upregulated","AdultThyroid_Stromal cell","Adult","Endocrine system","AdultThyroid","Stromal cell","Stromal cell","CL:0000499","Thyroid gland","UBERON:0002046",9.03865927291714e-10,8.23417765302964e-05,0.107011070110701,0.00011137232505897,3.9532227137167,NA
"JOB3494_IDvCD_upregulated","Upregulated","Fetal_HCA_Kidney_Stromal cells","Fetal","Urinary system","Fetal_HCA_Kidney","Stromal cells","Stromal cell","CL:0000499","Kidney","UBERON:0002113",2.47775690190223e-13,0.00016468355306059,0.0546125461254613,0.00011349240048785,3.94503321808923,NA
"JOB3494_IDvCD_upregulated","Upregulated","AdultThyroid_Fibroblast","Adult","Endocrine system","AdultThyroid","Fibroblast","Fibroblast","CL:0000057","Thyroid gland","UBERON:0002046",1.08327124551401e-11,0.00012351266479544,0.0730627306273063,0.00011384538507308,3.94368456959794,NA
"JOB3494_IDvCD_upregulated","Upregulated","AdultIleum_Macrophage","Adult","Digestive system","AdultIleum","Macrophage","Macrophage","CL:0000235","Ileum","UBERON:0002116",1.18327162660688e-09,8.23417765302964e-05,0.109963099630996,0.0001141982673537,3.94234048527085,NA
"JOB3494_IDvCD_upregulated","Upregulated","AdultTrachea_Stromal cell","Adult","Respiratory system","AdultTrachea","Stromal cell","Stromal cell","CL:0000499","Trachea","UBERON:0003126",3.64045717450191e-09,8.23417765302964e-05,0.122509225092251,0.00012613771767,3.89915503137576,NA
"JOB3494_IDvCD_upregulated","Upregulated","Lake_2017_VisualCortex_Mic","Adult","Nervous system","Lake_2017_VisualCortex","Mic","Microglial cell","CL:0000129","Visual cortex","UBERON:0000411",2.21282222864375e-14,0.00024702532959088,0.0428044280442804,0.00013171896241448,3.88035169900051,NA
"JOB3494_IDvCD_upregulated","Upregulated","van_Zyl_eye_2020_Fibroblast","Adult","Sensory system","van_Zyl_eye_2020","Fibroblast","Fibroblast","CL:0000057","Eye","UBERON:0000970",1.86530052523048e-12,0.00016468355306059,0.0649446494464945,0.0001331107399678,3.87578690229709,NA
"JOB3494_IDvCD_upregulated","Upregulated","TS_Heart_macrophage","Adult","Cardiovascular system","TS_Heart","macrophage","Macrophage","CL:0000235","Heart","UBERON:0000948",2.46351169318105e-05,4.11708882651482e-05,0.284870848708487,0.00014488659752864,3.8389717862925,NA
"JOB3494_IDvCD_upregulated","Upregulated","Fetal_HCA_Muscle_Stromal cells","Fetal","Muscular system","Fetal_HCA_Muscle","Stromal cells","Stromal cell","CL:0000499","Muscle organ","UBERON:0001630",4.05485361402082e-14,0.00028819621785603,0.044280442804428,0.00015657134123014,3.80528772813135,NA
"JOB3494_IDvCD_upregulated","Upregulated","Fetal_HCA_Heart_Stromal cells","Fetal","Cardiovascular system","Fetal_HCA_Heart","Stromal cells","Stromal cell","CL:0000499","Heart","UBERON:0000948",4.47252096030424e-14,0.00028819621785603,0.0450184501845018,0.00015896640998935,3.79869463352481,NA
"JOB3494_IDvCD_upregulated","Upregulated","AdultArtery_Fibroblast","Adult","Cardiovascular system","AdultArtery","Fibroblast","Fibroblast","CL:0000057","Artery","UBERON:0001637",7.35368185032146e-12,0.00020585444132574,0.0693726937269373,0.00017360452485137,3.76043895950299,NA
"JOB3494_IDvCD_upregulated","Upregulated","AdultStomach_Fibroblast","Adult","Digestive system","AdultStomach","Fibroblast","Fibroblast","CL:0000057","Stomach","UBERON:0000945",2.18318823690641e-07,8.23417765302964e-05,0.174538745387454,0.00017462119528399,3.75790304335545,NA
"JOB3494_IDvCD_upregulated","Upregulated","AdultStomach_Endothelial cell (APC)","Adult","Digestive system","AdultStomach","Endothelial cell (APC)","Endothelial cell","CL:0000115","Stomach","UBERON:0000945",2.18318823690641e-07,8.23417765302964e-05,0.174538745387454,0.00017462119528399,3.75790304335545,NA
"JOB3494_IDvCD_upregulated","Upregulated","Lake_2017_CerebellarHemisphere_Mic","Adult","Nervous system","Lake_2017_CerebellarHemisphere","Mic","Microglial cell","CL:0000129","Cerebellar hemisphere","UBERON:0002245",1.06798646625679e-12,0.00024702532959088,0.0605166051660517,0.00018104683067465,3.74220907334658,NA
"JOB3494_IDvCD_upregulated","Upregulated","AdultAdrenalGland_Stromal cell","Adult","Endocrine system","AdultAdrenalGland","Stromal cell","Stromal cell","CL:0000499","Adrenal gland","UBERON:0002369",3.19480185765799e-09,0.00012351266479544,0.121771217712177,0.00018205934416282,3.73978702607248,NA
"JOB3494_IDvCD_upregulated","Upregulated","AdultPleura_Fibroblast","Adult","Respiratory system","AdultPleura","Fibroblast","Fibroblast","CL:0000057","Pleura","UBERON:0000977",6.57071007785074e-14,0.00028819621785603,0.0531365313653137,0.0001850935832155,3.73260863701373,NA
"JOB3494_IDvCD_upregulated","Upregulated","TS_Lung_adventitial cell","Adult","Respiratory system","TS_Lung","adventitial cell","Adventitial cell","CL:0002503","Lung","UBERON:0002048",2.35287281779203e-11,0.00020585444132574,0.0793357933579336,0.00019634544971958,3.70697915899542,NA
"JOB3494_IDvCD_upregulated","Upregulated","TS_Large_Intestine_fibroblast","Adult","Digestive system","TS_Large_Intestine","fibroblast","Fibroblast","CL:0000057","Large intestine","UBERON:0000059",6.31662046306932e-33,0.0228086720988921,0.0007380073800738,0.00020186383801101,3.69494147381952,NA
"JOB3494_IDvCD_upregulated","Upregulated","FetalKidney_Fetal mesenchymal progenitor","Fetal","Urinary system","FetalKidney","Fetal mesenchymal progenitor","Mesenchymal stem cell","CL:0000134","Kidney","UBERON:0002113",1.28074167353259e-11,0.00024702532959088,0.0738007380073801,0.00021717092796635,3.66319831291763,NA
"JOB3494_IDvCD_upregulated","Upregulated","Voigt_2019_retina_2_Fibroblasts","Adult","Sensory system","Voigt_2019_retina_2","Fibroblasts","Fibroblast","CL:0000057","Retina","UBERON:0000966",1.35140203735709e-11,0.00024702532959088,0.0745387453874539,0.00021915942222039,3.65923985318543,NA
"JOB3494_IDvCD_upregulated","Upregulated","AdultTransverseColon_Macrophage","Adult","Digestive system","AdultTransverseColon","Macrophage","Macrophage","CL:0000235","Transverse colon","UBERON:0001157",1.50143341625001e-11,0.00024702532959088,0.0752767527675277,0.00022114611143009,3.65532069273707,NA
"JOB3494_IDvCD_upregulated","Upregulated","AdultIleum_Stromal cell","Adult","Digestive system","AdultIleum","Stromal cell","Stromal cell","CL:0000499","Ileum","UBERON:0002116",6.76925677304104e-08,0.00012351266479544,0.155719557195572,0.00022808556136577,3.64190220625181,NA
"JOB3494_IDvCD_upregulated","Upregulated","TS_Small_Intestine_fibroblast","Adult","Digestive system","TS_Small_Intestine","fibroblast","Fibroblast","CL:0000057","Small intestine","UBERON:0002108",4.09326965801442e-32,0.00934579163618864,0.0022140221402214,0.00024386874707205,3.61284385300252,NA
"JOB3494_IDvCD_upregulated","Upregulated","TS_Salivary_Gland_fibroblast","Adult","Digestive system","TS_Salivary_Gland","fibroblast","Fibroblast","CL:0000057","Saliva-secreting gland","UBERON:0001044",6.3833980657073e-33,0.0153155704346351,0.0014760147601476,0.00026442914110502,3.57769068563222,NA
"JOB3494_IDvCD_upregulated","Upregulated","Fetal_HCA_Intestine_Myeloid cells","Fetal","Digestive system","Fetal_HCA_Intestine","Myeloid cells","Myeloid cell","CL:0000763","Intestine","UBERON:0000160",8.00893222877359e-12,0.00032936710612118,0.0708487084870849,0.0002722182500916,3.56508276212906,NA
"JOB3494_IDvCD_upregulated","Upregulated","TS_Lung_alveolar fibroblast","Adult","Respiratory system","TS_Lung","alveolar fibroblast","Fibroblast","CL:0000057","Lung","UBERON:0002048",5.28098084658133e-14,0.00053522154744692,0.0479704797047971,0.00029705781458577,3.52715901831897,NA
"JOB3494_IDvCD_upregulated","Upregulated","AdultRectum_Stromal cell","Adult","Digestive system","AdultRectum","Stromal cell","Stromal cell","CL:0000499","Rectum","UBERON:0001052",7.54536778152406e-08,0.00016468355306059,0.157933579335793,0.00030058844470426,3.52202771868468,NA
"JOB3494_IDvCD_upregulated","Upregulated","Fetal_HCA_Pancreas_Stromal cells","Fetal","Digestive system","Fetal_HCA_Pancreas","Stromal cells","Stromal cell","CL:0000499","Pancreas","UBERON:0001264",1.16962439000948e-12,0.00045287977091663,0.0612546125461255,0.00031881592809535,3.49645998931132,NA
"JOB3494_IDvCD_upregulated","Upregulated","FetalKidney_Fetal stromal cell","Fetal","Urinary system","FetalKidney","Fetal stromal cell","Stromal cell","CL:0000499","Kidney","UBERON:0002113",1.63295697844964e-08,0.00020585444132574,0.139483394833948,0.00032900105439526,3.4828027102041,NA
"JOB3494_IDvCD_upregulated","Upregulated","AdultDuodenum_Dendritic cell","Adult","Digestive system","AdultDuodenum","Dendritic cell","Dendritic cell","CL:0000451","Duodenum","UBERON:0002114",7.24934687452627e-11,0.00037053799438633,0.0841328413284133,0.00035463742022723,3.45021544092695,NA
"JOB3494_IDvCD_upregulated","Upregulated","Voigt_2019_retina_2_Vein cell 1","Adult","Sensory system","Voigt_2019_retina_2","Vein cell 1","Endothelial cell","CL:0000115","Retina","UBERON:0000966",6.47126120333545e-07,0.00016468355306059,0.192619926199262,0.00036030744007753,3.44332676993056,NA
"JOB3494_IDvCD_upregulated","Upregulated","FetalStomach_Fetal stromal cell","Fetal","Digestive system","FetalStomach","Fetal stromal cell","Stromal cell","CL:0000499","Stomach","UBERON:0000945",1.21180035824205e-07,0.00020585444132574,0.166789667896679,0.00038727009114336,3.41198604226763,NA
"JOB3494_IDvCD_upregulated","Upregulated","AdultUterus_Stromal cell","Adult","Reproductive system","AdultUterus","Stromal cell","Stromal cell","CL:0000499","Ureter","UBERON:0000056",1.29730433980006e-07,0.00020585444132574,0.168265682656827,0.00039039207540281,3.40849900669121,NA
"JOB3494_IDvCD_upregulated","Upregulated","AdultTrachea_Endothelial cell (endothelial to mesenchymal transition)","Adult","Respiratory system","AdultTrachea","Endothelial cell (endothelial to mesenchymal transition)","Endothelial cell","CL:0000115","Trachea","UBERON:0003126",6.65010676835896e-07,0.00020585444132574,0.19409594095941,0.00044461470067325,3.35201618195254,NA
"JOB3494_IDvCD_upregulated","Upregulated","AdultOmentum_Stromal cell","Adult","Integumentary system","AdultOmentum","Stromal cell","Stromal cell","CL:0000499","Omentum","UBERON:0003688",9.95354411133327e-11,0.00045287977091663,0.0900369003690037,0.0004529149273027,3.34398336547654,NA
"JOB3494_IDvCD_upregulated","Upregulated","AdultDuodenum_Endothelial cell (APC)","Adult","Digestive system","AdultDuodenum","Endothelial cell (APC)","Endothelial cell","CL:0000115","Duodenum","UBERON:0002114",1.50081865813547e-06,0.00020585444132574,0.212546125461255,0.00048290534976569,3.31613798333262,NA
"JOB3494_IDvCD_upregulated","Upregulated","Braga_2020_lung_Fibroblast","Adult","Respiratory system","Braga_2020_lung","Fibroblast","Fibroblast","CL:0000057","Lung","UBERON:0002048",1.17465291864846e-09,0.00041170888265148,0.109225092250923,0.00049508728441405,3.30531822773785,NA
"JOB3494_IDvCD_upregulated","Upregulated","TS_Lymph_Node_stromal cell","Adult","Lymphatic system","TS_Lymph_Node","stromal cell","Stromal cell","CL:0000499","Lymph node","UBERON:0000029",2.54957061272284e-29,0.00918110808312804,0.00516605166051661,0.00051965598710657,3.28428406471686,NA
"JOB3494_IDvCD_upregulated","Upregulated","AdultBladder_Stromal cell","Adult","Urinary system","AdultBladder","Stromal cell","Stromal cell","CL:0000499","Bladder organ","UBERON:0018707",1.8920863947532e-07,0.00028819621785603,0.172693726937269,0.00054289286468856,3.2652858662956,NA
"JOB3494_IDvCD_upregulated","Upregulated","TS_Trachea_connective tissue cell","Adult","Respiratory system","TS_Trachea","connective tissue cell","Connective tissue cell","CL:0002320","Trachea","UBERON:0003126",8.40937816714802e-25,0.00522870280967382,0.00959409594095941,0.00054680497744596,3.26216754079866,NA
"JOB3494_IDvCD_upregulated","Upregulated","AdultEsophagus_Macrophage","Adult","Digestive system","AdultEsophagus","Macrophage","Macrophage","CL:0000235","Esophagus","UBERON:0001043",1.38417270422443e-10,0.00053522154744692,0.0959409594095941,0.00055852275104884,3.25295913149425,NA
"JOB3494_IDvCD_upregulated","Upregulated","FetalPancreas_Fetal stromal cell","Fetal","Digestive system","FetalPancreas","Fetal stromal cell","Stromal cell","CL:0000499","Pancreas","UBERON:0001264",3.31940888324415e-06,0.00024702532959088,0.233210332103321,0.00061997699049154,3.2076244283856,NA
"JOB3494_IDvCD_upregulated","Upregulated","Fetal_HCA_Spleen_Myeloid cells","Fetal","Lymphatic system","Fetal_HCA_Spleen","Myeloid cells","Myeloid cell","CL:0000763","Spleen","UBERON:0002106",9.32457110993726e-07,0.00028819621785603,0.200738007380074,0.00062234933970772,3.20596576688733,NA
"JOB3494_IDvCD_upregulated","Upregulated","Madissoon_2020_spleen_Monocyte","Adult","Lymphatic system","Madissoon_2020_spleen","Monocyte","Monocyte","CL:0000576","Spleen","UBERON:0002106",9.53356280442217e-07,0.00028819621785603,0.201476014760148,0.00062442430731735,3.2045201992542,NA
"JOB3494_IDvCD_upregulated","Upregulated","TS_Salivary_Gland_adventitial cell","Adult","Digestive system","TS_Salivary_Gland","adventitial cell","Adventitial cell","CL:0002503","Saliva-secreting gland","UBERON:0001044",4.3798843821931e-23,0.00514636103314352,0.0118081180811808,0.00065073906399415,3.18659312170033,NA
"JOB3494_IDvCD_upregulated","Upregulated","FetalPancreas_Macrophage","Fetal","Digestive system","FetalPancreas","Macrophage","Macrophage","CL:0000235","Pancreas","UBERON:0001264",6.23501221139561e-09,0.00053522154744692,0.129151291512915,0.000731310170474,3.13589838671519,NA
"JOB3494_IDvCD_upregulated","Upregulated","Fetal_HCA_Lung_Stromal cells","Fetal","Respiratory system","Fetal_HCA_Lung","Stromal cells","Stromal cell","CL:0000499","Lung","UBERON:0002048",2.99322994188454e-10,0.00069990510050751,0.0988929889298893,0.00073218332220126,3.13538016777688,NA
"JOB3494_IDvCD_upregulated","Upregulated","Fetal_HCA_Eye_Stromal cells","Fetal","Sensory system","Fetal_HCA_Eye","Stromal cells","Stromal cell","CL:0000499","Eye","UBERON:0000970",7.50693365705162e-11,0.0009469304300984,0.0848708487084871,0.00083813797499054,3.07668448155519,NA
"JOB3494_IDvCD_upregulated","Upregulated","TS_Kidney_macrophage","Adult","Urinary system","TS_Kidney","macrophage","Macrophage","CL:0000235","Kidney","UBERON:0002113",2.17230621666485e-21,0.0056404116923253,0.014760147601476,0.00086530348183644,3.06283154875311,NA
"JOB3494_IDvCD_upregulated","Upregulated","AdultAdrenalGland_Endothelial cell (APC)","Adult","Endocrine system","AdultAdrenalGland","Endothelial cell (APC)","Endothelial cell","CL:0000115","Adrenal gland","UBERON:0002369",1.2551353179609e-08,0.00061756332397722,0.135793357933579,0.00087100966479358,3.05997702599895,NA
"JOB3494_IDvCD_upregulated","Upregulated","Madissoon_2020_spleen_ILC","Adult","Lymphatic system","Madissoon_2020_spleen","ILC","Innate lymphoid cell","CL:0001065","Spleen","UBERON:0002106",3.17793758404938e-06,0.00037053799438633,0.232472324723247,0.00089236888855381,3.04945557931708,NA
"JOB3494_IDvCD_upregulated","Upregulated","AdultKidney_Macrophage","Adult","Urinary system","AdultKidney","Macrophage","Macrophage","CL:0000235","Kidney","UBERON:0002113",7.02142565736635e-10,0.00082341776530296,0.105535055350554,0.00089947515280319,3.04601082914945,NA
"JOB3494_IDvCD_upregulated","Upregulated","AdultFallopiantube_Fibroblast","Adult","Reproductive system","AdultFallopiantube","Fibroblast","Fibroblast","CL:0000057","Fallopian tube","UBERON:0003889",2.8577998644834e-08,0.00057639243571207,0.151291512915129,0.00090231579604804,3.04464143975474,NA
"JOB3494_IDvCD_upregulated","Upregulated","FetalAdrenalGland_Fetal mesenchymal progenitor","Fetal","Endocrine system","FetalAdrenalGland","Fetal mesenchymal progenitor","Mesenchymal stem cell","CL:0000134","Adrenal gland","UBERON:0002369",2.49530727130697e-10,0.00090575954183326,0.0981549815498155,0.00091820393709651,3.03706084938787,NA
"JOB3494_IDvCD_upregulated","Upregulated","TS_Heart_smooth muscle cell","Adult","Cardiovascular system","TS_Heart","smooth muscle cell","Smooth muscle cell","CL:0000192","Heart","UBERON:0000948",8.84710680633621e-07,0.00045287977091663,0.196309963099631,0.00091820393709651,3.03706084938787,NA
"JOB3494_IDvCD_upregulated","Upregulated","FetalRib_Fetal stromal cell","Fetal","Skeletal system","FetalRib","Fetal stromal cell","Stromal cell","CL:0000499","Rib","UBERON:0002228",1.53874310275844e-05,0.00032936710612118,0.270479704797048,0.00091990429533639,3.03625735327328,NA
"JOB3494_IDvCD_upregulated","Upregulated","Fetal_HCA_Kidney_Vascular endothelial cells","Fetal","Urinary system","Fetal_HCA_Kidney","Vascular endothelial cells","Endothelial cell","CL:0000115","Kidney","UBERON:0002113",7.41071209732484e-09,0.00069990510050751,0.132841328413284,0.00095609093744886,3.01950079835781,NA
"JOB3494_IDvCD_upregulated","Upregulated","Fetal_HCA_Stomach_Stromal cells","Fetal","Digestive system","Fetal_HCA_Stomach","Stromal cells","Stromal cell","CL:0000499","Stomach","UBERON:0000945",2.33426444863121e-09,0.00078224687703781,0.119557195571956,0.00096116647679578,3.0172013847642,NA
"JOB3494_IDvCD_upregulated","Upregulated","Fetal_HCA_Adrenal_Vascular endothelial cells","Fetal","Endocrine system","Fetal_HCA_Adrenal","Vascular endothelial cells","Endothelial cell","CL:0000115","Adrenal gland","UBERON:0002369",1.61507356258158e-09,0.00082341776530296,0.115129151291513,0.00097299699591069,3.01188850059642,NA
"JOB3494_IDvCD_upregulated","Upregulated","Fetal_HCA_Cerebellum_10k_Microglia","Fetal","Nervous system","Fetal_HCA_Cerebellum_10k","Microglia","Microglial cell","CL:0000129","Cerebellum","UBERON:0002037",2.01206396510576e-10,0.00098810131836355,0.0966789667896679,0.00097974956457014,3.00888492086321,NA
"JOB3494_IDvCD_upregulated","Upregulated","AdultLung_Endothelial cell (endothelial to mesenchymal transition)","Adult","Respiratory system","AdultLung","Endothelial cell (endothelial to mesenchymal transition)","Endothelial cell","CL:0000115","Lung","UBERON:0002048",2.17800181231863e-10,0.00098810131836355,0.0974169741697417,0.00098649656656424,3.00590442194225,NA
"JOB3494_IDvCD_upregulated","Upregulated","FetalIntestine_Endothelial cell","Fetal","Digestive system","FetalIntestine","Endothelial cell","Endothelial cell","CL:0000115","Intestine","UBERON:0000160",1.21218264290375e-07,0.00057639243571207,0.167527675276753,0.00098930618450443,3.004669275985,NA
"JOB3494_IDvCD_upregulated","Upregulated","Voigt_2019_retina_2_Macrophage 1","Adult","Sensory system","Voigt_2019_retina_2","Macrophage 1","Macrophage","CL:0000235","Retina","UBERON:0000966",1.50608960198625e-08,0.00069990510050751,0.138745387453875,0.00099436108947159,3.00245587849192,NA
"JOB3494_IDvCD_upregulated","Upregulated","FetalFemaleGonad_Fetal fibroblast","Fetal","Reproductive system","FetalFemaleGonad","Fetal fibroblast","Fibroblast","CL:0000057","Immature gonad","UBERON:2005272",1.1103851705779e-05,0.00037053799438633,0.263468634686347,0.00099913233773896,3.0003769845034,NA
"JOB3494_IDvCD_upregulated","Upregulated","Fetal_HCA_Lung_Myeloid cells","Fetal","Respiratory system","Fetal_HCA_Lung","Myeloid cells","Myeloid cell","CL:0000763","Lung","UBERON:0002048",7.07473816610911e-13,0.00168800641887108,0.0590405904059041,0.00101791019444952,2.99229053612053,NA
"JOB3494_IDvCD_upregulated","Upregulated","FetalRib_Fetal mesenchymal progenitor","Fetal","Skeletal system","FetalRib","Fetal mesenchymal progenitor","Mesenchymal stem cell","CL:0000134","Rib","UBERON:0002228",1.53874310275844e-05,0.00037053799438633,0.270479704797048,0.00102308776220661,2.99008711017129,NA
"JOB3494_IDvCD_upregulated","Upregulated","FetalLiver_Monocyte","Fetal","Digestive system","FetalLiver","Monocyte","Monocyte","CL:0000576","Liver","UBERON:0002107",6.07310538795741e-10,0.00098810131836355,0.10479704797048,0.00105366939481499,2.9772956344085,NA
"JOB3494_IDvCD_upregulated","Upregulated","MacParland_2018_liver_Kupffer cell","Adult","Digestive system","MacParland_2018_liver","Kupffer cell","Kupffer cell","CL:0000091","Liver","UBERON:0002107",1.80797683423224e-08,0.00074107598877266,0.140221402214022,0.00105701424411309,2.97591916018734,NA
"JOB3494_IDvCD_upregulated","Upregulated","van_Zyl_eye_2020_ScEndo","Adult","Sensory system","van_Zyl_eye_2020","ScEndo","Endothelial cell","CL:0000115","Eye","UBERON:0000970",1.56735144161104e-06,0.00049405065918177,0.214760147601476,0.0010770566291024,2.96776146192009,NA
"JOB3494_IDvCD_upregulated","Upregulated","FetalLiver_Antigen presenting cell (RPS high)","Fetal","Digestive system","FetalLiver","Antigen presenting cell (RPS high)","Professional antigen presenting cell","CL:0000145","Liver","UBERON:0002107",6.02998604998892e-08,0.00069990510050751,0.154243542435424,0.00109400164758511,2.96098202394721,NA
"JOB3494_IDvCD_upregulated","Upregulated","AdultKidney_Monocyte","Adult","Urinary system","AdultKidney","Monocyte","Monocyte","CL:0000576","Kidney","UBERON:0002113",1.13562779630767e-08,0.00082341776530296,0.134686346863469,0.00112088168783009,2.95044022597257,NA
"JOB3494_IDvCD_upregulated","Upregulated","TS_Lung_vein endothelial cell","Adult","Respiratory system","TS_Lung","vein endothelial cell","Endothelial cell","CL:0000115","Lung","UBERON:0002048",9.91164763647676e-21,0.00732841811119638,0.0162361623616236,0.001194198004836,2.92292365873575,NA
"JOB3494_IDvCD_upregulated","Upregulated","FetalIntestine_Macrophage","Fetal","Digestive system","FetalIntestine","Macrophage","Macrophage","CL:0000235","Intestine","UBERON:0000160",8.51946067314989e-09,0.00090575954183326,0.133579335793358,0.00121230276077011,2.91638890582024,NA
"JOB3494_IDvCD_upregulated","Upregulated","Fetal_HCA_Heart_Myeloid cells","Fetal","Cardiovascular system","Fetal_HCA_Heart","Myeloid cells","Myeloid cell","CL:0000763","Heart","UBERON:0000948",2.6017022897701e-11,0.00152332286581048,0.0804428044280443,0.00122627000457476,2.91141389475526,NA
"JOB3494_IDvCD_upregulated","Upregulated","Fetal_HCA_Adrenal_Myeloid cells","Fetal","Endocrine system","Fetal_HCA_Adrenal","Myeloid cells","Myeloid cell","CL:0000763","Adrenal gland","UBERON:0002369",9.29991623185064e-11,0.00156449375407563,0.0863468634686347,0.00133867595748938,2.87332453643501,NA
"JOB3494_IDvCD_upregulated","Upregulated","TS_Eye_corneal keratocyte","Adult","Sensory system","TS_Eye","corneal keratocyte","Fibroblast","CL:0000057","Eye","UBERON:0000970",6.08689709039396e-32,0.0460702239687008,0.0029520295202952,0.00134679425765327,2.87069874398785,NA
"JOB3494_IDvCD_upregulated","Upregulated","TS_Eye_fibroblast","Adult","Sensory system","TS_Eye","fibroblast","Fibroblast","CL:0000057","Eye","UBERON:0000970",4.59208371269053e-23,0.0104162347310825,0.0132841328413284,0.00136787334688304,2.86395411262775,NA
"JOB3494_IDvCD_upregulated","Upregulated","AdultTransverseColon_Dendritic cell","Adult","Digestive system","AdultTransverseColon","Dendritic cell","Dendritic cell","CL:0000451","Transverse colon","UBERON:0001157",1.20041758078891e-09,0.00127629753621959,0.11070110701107,0.00139376118647083,2.85581163390153,NA
"JOB3494_IDvCD_upregulated","Upregulated","Fetal_HCA_Stomach_Mesothelial cells","Fetal","Digestive system","Fetal_HCA_Stomach","Mesothelial cells","Mesothelial cell","CL:0000077","Stomach","UBERON:0000945",6.52203891723069e-07,0.00074107598877266,0.193357933579336,0.00141152406682055,2.85031171262988,NA
"JOB3494_IDvCD_upregulated","Upregulated","FetalAdrenalGland_Fetal stromal cell","Fetal","Endocrine system","FetalAdrenalGland","Fetal stromal cell","Stromal cell","CL:0000499","Adrenal gland","UBERON:0002369",1.93382165971628e-05,0.00057639243571207,0.278966789667897,0.00156539477384243,2.80537612043001,NA
"JOB3494_IDvCD_upregulated","Upregulated","Madissoon_2020_oesophagus_Endothelia_Lymphatic","Adult","Digestive system","Madissoon_2020_oesophagus","Endothelia_Lymphatic","Endothelial cell","CL:0000115","Esophagus","UBERON:0001043",1.90129412649811e-06,0.00074107598877266,0.217712177121771,0.00157017139723081,2.80405293815847,NA
"JOB3494_IDvCD_upregulated","Upregulated","FetalBrain_Macrophage","Fetal","Nervous system","FetalBrain","Macrophage","Macrophage","CL:0000235","Brain","UBERON:0000955",4.81180617857588e-09,0.00131746842448474,0.123985239852399,0.0015876698687608,2.79923979729977,NA
"JOB3494_IDvCD_upregulated","Upregulated","TS_Tongue_vein endothelial cell","Adult","Digestive system","TS_Tongue","vein endothelial cell","Endothelial cell","CL:0000115","Tongue","UBERON:0001723",4.45727397230379e-23,0.0132981969096429,0.0125461254612546,0.00161810098334325,2.79099437818716,NA
"JOB3494_IDvCD_upregulated","Upregulated","FetalHeart_Stromal cell","Fetal","Cardiovascular system","FetalHeart","Stromal cell","Stromal cell","CL:0000499","Heart","UBERON:0000948",3.81455044481058e-07,0.00090575954183326,0.188191881918819,0.00164951354150644,2.78264411480952,NA
"JOB3494_IDvCD_upregulated","Upregulated","TS_Pancreas_fibroblast","Adult","Digestive system","TS_Pancreas","fibroblast","Fibroblast","CL:0000057","Pancreas","UBERON:0001264",4.76811974395077e-19,0.00893408275353715,0.0199261992619926,0.0017149960517866,2.76573687544002,NA
"JOB3494_IDvCD_upregulated","Upregulated","Fetal_HCA_Cerebrum_10k_Microglia","Fetal","Nervous system","Fetal_HCA_Cerebrum_10k","Microglia","Microglial cell","CL:0000129","Cerebral hemisphere","UBERON:0001869",1.43075037754092e-09,0.00160566464234078,0.111439114391144,0.00172286353129625,2.76374912182779,NA
"JOB3494_IDvCD_upregulated","Upregulated","AdultEsophagus_Fibroblast","Adult","Digestive system","AdultEsophagus","Fibroblast","Fibroblast","CL:0000057","Esophagus","UBERON:0001043",2.45892749140246e-09,0.00168800641887108,0.12029520295203,0.00192947009237954,2.71456194879261,NA
"JOB3494_IDvCD_upregulated","Upregulated","Voigt_2019_retina_2_Schwann cell","Adult","Sensory system","Voigt_2019_retina_2","Schwann cell","Schwann cell","CL:0002573","Retina","UBERON:0000966",1.92584766364565e-05,0.00074107598877266,0.277490774907749,0.0019514116807684,2.70965109973652,NA
"JOB3494_IDvCD_upregulated","Upregulated","AdultAdrenalGland_Smooth muscle cell","Adult","Endocrine system","AdultAdrenalGland","Smooth muscle cell","Smooth muscle cell","CL:0000192","Adrenal gland","UBERON:0002369",5.66331781533239e-05,0.00069990510050751,0.303321033210332,0.00200779506072213,2.69728061848904,NA
"JOB3494_IDvCD_upregulated","Upregulated","FetalLung_Fetal mesenchymal progenitor","Fetal","Respiratory system","FetalLung","Fetal mesenchymal progenitor","Mesenchymal stem cell","CL:0000134","Lung","UBERON:0002048",3.50279460405469e-06,0.00090575954183326,0.234686346863469,0.00201010767873577,2.69678067739136,NA
"JOB3494_IDvCD_upregulated","Upregulated","Fetal_HCA_Thymus_Stromal cells","Fetal","Lymphatic system","Fetal_HCA_Thymus","Stromal cells","Stromal cell","CL:0000499","Thymus","UBERON:0002370",1.38639390848867e-06,0.0010292722066287,0.208856088560886,0.00203039227914781,2.69242004671208,NA
"JOB3494_IDvCD_upregulated","Upregulated","Fetal_HCA_Liver_Mesothelial cells","Fetal","Digestive system","Fetal_HCA_Liver","Mesothelial cells","Mesothelial cell","CL:0000077","Liver","UBERON:0002107",2.57197377817396e-08,0.00144098108928019,0.150553505535055,0.00204706202782134,2.68886899762455,NA
"JOB3494_IDvCD_upregulated","Upregulated","FetalIntestine_Fetal mesenchymal progenitor","Fetal","Digestive system","FetalIntestine","Fetal mesenchymal progenitor","Mesenchymal stem cell","CL:0000134","Intestine","UBERON:0000160",1.46021525665114e-06,0.00107044309489385,0.211070110701107,0.00212274853402006,2.6731014503728,NA
"JOB3494_IDvCD_upregulated","Upregulated","MacParland_2018_liver_Endothelial cell","Adult","Digestive system","MacParland_2018_liver","Endothelial cell","Endothelial cell","CL:0000115","Liver","UBERON:0002107",2.38899672500064e-07,0.00131746842448474,0.175645756457565,0.00216859811648396,2.66382092376489,NA
"JOB3494_IDvCD_upregulated","Upregulated","AdultTrachea_Macrophage","Adult","Respiratory system","AdultTrachea","Macrophage","Macrophage","CL:0000235","Trachea","UBERON:0003126",1.42133160469085e-08,0.00172917730713622,0.137269372693727,0.00221837629838817,2.65396478350152,NA
"JOB3494_IDvCD_upregulated","Upregulated","Fetal_HCA_Placenta_Vascular endothelial cells","Fetal","Reproductive system","Fetal_HCA_Placenta","Vascular endothelial cells","Endothelial cell","CL:0000115","Placenta","UBERON:0001987",1.9255390844227e-05,0.00086458865356811,0.276752767527675,0.00223434451344873,2.65084986221676,NA
"JOB3494_IDvCD_upregulated","Upregulated","Braga_2020_lung_Endothelium","Adult","Respiratory system","Braga_2020_lung","Endothelium","Endothelial cell","CL:0000115","Lung","UBERON:0002048",1.18524414232923e-05,0.00090575954183326,0.264206642066421,0.00223459785338764,2.65080062276429,NA
"JOB3494_IDvCD_upregulated","Upregulated","AdultThyroid_Macrophage","Adult","Endocrine system","AdultThyroid","Macrophage","Macrophage","CL:0000235","Thyroid gland","UBERON:0002046",1.43104442996975e-08,0.00181151908366652,0.138007380073801,0.00232353731447166,2.63385034864713,NA
"JOB3494_IDvCD_upregulated","Upregulated","FetalAdrenalGland_Fetal fibroblast","Fetal","Endocrine system","FetalAdrenalGland","Fetal fibroblast","Fibroblast","CL:0000057","Adrenal gland","UBERON:0002369",1.92882696723128e-07,0.00152332286581048,0.173431734317343,0.00244083048816823,2.61246238060306,NA
"JOB3494_IDvCD_upregulated","Upregulated","AdultBladder_Fibroblast","Adult","Urinary system","AdultBladder","Fibroblast","Fibroblast","CL:0000057","Bladder organ","UBERON:0018707",2.17499187190988e-06,0.00123512664795445,0.219188191881919,0.00249457179001589,2.6030039932044,NA
"JOB3494_IDvCD_upregulated","Upregulated","Fetal_HCA_Kidney_Myeloid cells","Fetal","Urinary system","Fetal_HCA_Kidney","Myeloid cells","Myeloid cell","CL:0000763","Kidney","UBERON:0002113",1.10721899100298e-10,0.00300547484335582,0.0922509225092251,0.00254815544246745,2.59377408271551,NA
"JOB3494_IDvCD_upregulated","Upregulated","Madissoon_2020_lung_Blood_vessel","Adult","Respiratory system","Madissoon_2020_lung","Blood_vessel","Endothelial cell","CL:0000115","Lung","UBERON:0002048",8.11665965852405e-07,0.00144098108928019,0.19520295202952,0.00258110103123532,2.58819499566952,NA
"JOB3494_IDvCD_upregulated","Upregulated","Lake_2017_FrontalCortex_Mic","Adult","Nervous system","Lake_2017_FrontalCortex","Mic","Microglial cell","CL:0000129","Frontal cortex","UBERON:0001870",2.22577432807626e-08,0.00197620263672711,0.143173431734317,0.00259463546329364,2.58592365030143,NA
"JOB3494_IDvCD_upregulated","Upregulated","Madissoon_2020_oesophagus_Mono_macro","Adult","Digestive system","Madissoon_2020_oesophagus","Mono_macro","Macrophage","CL:0000235","Esophagus","UBERON:0001043",1.72766239308395e-07,0.00172917730713622,0.171955719557196,0.00271194505792716,2.56671911321233,NA
"JOB3494_IDvCD_upregulated","Upregulated","FetalSpinalCord_Macrophage","Fetal","Nervous system","FetalSpinalCord","Macrophage","Microglial cell","CL:0000129","Spinal cord","UBERON:0002240",1.93756109150093e-08,0.00218205707805285,0.140959409594096,0.00279492230726164,2.55363026004823,NA
"JOB3494_IDvCD_upregulated","Upregulated","Fetal_HCA_Intestine_Stromal cells","Fetal","Digestive system","Fetal_HCA_Intestine","Stromal cells","Stromal cell","CL:0000499","Intestine","UBERON:0000160",2.84308493218786e-09,0.00255259507243919,0.121033210332103,0.00280597630495039,2.55191600068925,NA
"JOB3494_IDvCD_upregulated","Upregulated","Fetal_HCA_Pancreas_Myeloid cells","Fetal","Digestive system","Fetal_HCA_Pancreas","Myeloid cells","Myeloid cell","CL:0000763","Pancreas","UBERON:0001264",1.17839394210146e-10,0.00325250017294671,0.0952029520295203,0.00281162378749689,2.55104279102943,NA
"JOB3494_IDvCD_upregulated","Upregulated","TS_Trachea_fibroblast","Adult","Respiratory system","TS_Trachea","fibroblast","Fibroblast","CL:0000057","Trachea","UBERON:0003126",5.98403543174138e-24,0.0300547484335582,0.0103321033210332,0.00281874227875101,2.54994463041891,NA
"JOB3494_IDvCD_upregulated","Upregulated","TS_Bone_Marrow_monocyte","Adult","Lymphatic system","TS_Bone_Marrow","monocyte","Monocyte","CL:0000576","Bone marrow","UBERON:0002371",1.24572790883298e-25,0.0467701290692083,0.00664206642066421,0.00281972394323304,2.54979340792146,NA
"JOB3494_IDvCD_upregulated","Upregulated","TS_Lymph_Node_endothelial cell","Adult","Lymphatic system","TS_Lymph_Node","endothelial cell","Endothelial cell","CL:0000115","Lymph node","UBERON:0000029",3.44215433862404e-23,0.0295606977743764,0.011070110701107,0.00295328259960947,2.52969499340786,NA
"JOB3494_IDvCD_upregulated","Upregulated","TS_Eye_retinal blood vessel endothelial cell","Adult","Sensory system","TS_Eye","retinal blood vessel endothelial cell","Endothelial cell","CL:0000115","Eye","UBERON:0000970",4.41145018899192e-30,0.0744781368716531,0.0044280442804428,0.00297375433992664,2.52669491114053,NA
"JOB3494_IDvCD_upregulated","Upregulated","NeonatalAdrenalGland_Endothelial cell (APC)","Neonatal","Endocrine system","NeonatalAdrenalGland","Endothelial cell (APC)","Endothelial cell","CL:0000115","Adrenal gland","UBERON:0002369",4.08182428785766e-06,0.00139981020101504,0.238376383763838,0.00300491144151205,2.52216832267268,NA
"JOB3494_IDvCD_upregulated","Upregulated","AdultStomach_Macrophage","Adult","Digestive system","AdultStomach","Macrophage","Macrophage","CL:0000235","Stomach","UBERON:0000945",1.04932486686856e-09,0.00312898750815126,0.108487084870849,0.00305107683480044,2.51554685544849,NA
"JOB3494_IDvCD_upregulated","Upregulated","Fetal_HCA_Liver_Vascular endothelial cells","Fetal","Digestive system","Fetal_HCA_Liver","Vascular endothelial cells","Endothelial cell","CL:0000115","Liver","UBERON:0002107",1.18874102866505e-06,0.00168800641887108,0.206642066420664,0.00312570550271307,2.50505194268651,NA
"JOB3494_IDvCD_upregulated","Upregulated","Madissoon_2020_lung_Fibroblast","Adult","Respiratory system","Madissoon_2020_lung","Fibroblast","Fibroblast","CL:0000057","Lung","UBERON:0002048",1.96528642791695e-08,0.00247025329590889,0.14169741697417,0.00313537897095129,2.50370995880586,NA
"JOB3494_IDvCD_upregulated","Upregulated","TS_Tongue_immune cell","Adult","Digestive system","TS_Tongue","immune cell","Immune cell",NA,"Tongue","UBERON:0001723",8.86697230097793e-17,0.0137922475688246,0.025830258302583,0.00318488957384999,2.49690562087933,NA
"JOB3494_IDvCD_upregulated","Upregulated","Enge_2017_Pancreas_mesenchymal cell","Adult","Digestive system","Enge_2017_Pancreas","mesenchymal cell","Mesenchymal stem cell","CL:0000134","Pancreas","UBERON:0001264",9.90207238737455e-12,0.00506401925661323,0.0723247232472325,0.00326412119524588,2.48623372447413,NA
"JOB3494_IDvCD_upregulated","Upregulated","TS_Vasculature_fibroblast","Adult","Cardiovascular system","TS_Vasculature","fibroblast","Fibroblast","CL:0000057","Vasculature","UBERON:0002049",5.07087170350697e-25,0.0451644644268675,0.00811808118081181,0.00326724627486186,2.48581812852351,NA
"JOB3494_IDvCD_upregulated","Upregulated","TS_Kidney_endothelial cell","Adult","Urinary system","TS_Kidney","endothelial cell","Endothelial cell","CL:0000115","Kidney","UBERON:0002113",3.31554848665701e-15,0.00975750051884012,0.0376383763837638,0.0032720532588838,2.48517963597532,NA
"JOB3494_IDvCD_upregulated","Upregulated","TS_Lung_endothelial cell of lymphatic vessel","Adult","Respiratory system","TS_Lung","endothelial cell of lymphatic vessel","Endothelial cell","CL:0000115","Lung","UBERON:0002048",8.01757569546164e-08,0.00234674063111345,0.161254612546125,0.00336020428880768,2.47363431820395,NA
"JOB3494_IDvCD_upregulated","Upregulated","FetalPancreas_Fetal mesenchymal progenitor","Fetal","Digestive system","FetalPancreas","Fetal mesenchymal progenitor","Mesenchymal stem cell","CL:0000134","Pancreas","UBERON:0001264",3.04644578156601e-07,0.00209971530152256,0.180811808118081,0.0033698985567604,2.47238317239343,NA
"JOB3494_IDvCD_upregulated","Upregulated","AdultJeJunum_Stromal cell","Adult","Digestive system","AdultJeJunum","Stromal cell","Stromal cell","CL:0000499","Jejunum","UBERON:0002115",4.80494436966053e-07,0.00201737352499226,0.189667896678967,0.00339333981383649,2.46937264731497,NA
"JOB3494_IDvCD_upregulated","Upregulated","Fetal_HCA_Muscle_Myeloid cells","Fetal","Muscular system","Fetal_HCA_Muscle","Myeloid cells","Myeloid cell","CL:0000763","Muscle organ","UBERON:0001630",1.81810053809948e-06,0.00177034819540137,0.216974169741697,0.00340505174133032,2.46787628439627,NA
"JOB3494_IDvCD_upregulated","Upregulated","TS_Bladder_fibroblast","Adult","Urinary system","TS_Bladder","fibroblast","Fibroblast","CL:0000057","Bladder organ","UBERON:0018707",2.15433972966253e-27,0.065297028788525,0.00590405904059041,0.0034160413600719,2.46647687968612,NA
"JOB3494_IDvCD_upregulated","Upregulated","AdultLung_Endothelial cell (APC)","Adult","Respiratory system","AdultLung","Endothelial cell (APC)","Endothelial cell","CL:0000115","Lung","UBERON:0002048",5.86068254259593e-07,0.00205854441325741,0.191143911439114,0.00347853832561118,2.45860320733874,NA
"JOB3494_IDvCD_upregulated","Upregulated","AdultKidney_Dendritic cell","Adult","Urinary system","AdultKidney","Dendritic cell","Dendritic cell","CL:0000451","Kidney","UBERON:0002113",1.13562779630767e-08,0.00292313306682552,0.134686346863469,0.0034803249739751,2.45838020208366,NA
"JOB3494_IDvCD_upregulated","Upregulated","AdultHeart_Stromal cell","Adult","Cardiovascular system","AdultHeart","Stromal cell","Stromal cell","CL:0000499","Heart","UBERON:0000948",4.39112285596492e-05,0.00135863931274989,0.298892988929889,0.00357720326546007,2.44645638147262,NA
"JOB3494_IDvCD_upregulated","Upregulated","Fetal_HCA_Heart_Endocardial cells","Fetal","Cardiovascular system","Fetal_HCA_Heart","Endocardial cells","Endocardial cell","CL:0002350","Heart","UBERON:0000948",4.72400708453418e-06,0.00168800641887108,0.241328413284133,0.00358716660851932,2.44524845173769,NA
"JOB3494_IDvCD_upregulated","Upregulated","Enge_2017_Pancreas_pancreatic D cell","Adult","Digestive system","Enge_2017_Pancreas","pancreatic D cell","Pancreatic D cell","CL:0000173","Pancreas","UBERON:0001264",1.55655294174651e-05,0.00152332286581048,0.271586715867159,0.00363668690199459,2.43929408761432,NA
"JOB3494_IDvCD_upregulated","Upregulated","Fetal_HCA_Liver_Myeloid cells","Fetal","Digestive system","Fetal_HCA_Liver","Myeloid cells","Myeloid cell","CL:0000763","Liver","UBERON:0002107",1.18874102866505e-06,0.00205854441325741,0.206642066420664,0.00372741854722813,2.42859183811665,NA
"JOB3494_IDvCD_upregulated","Upregulated","FetalSpinalCord_Fetal mesenchymal progenitor","Fetal","Nervous system","FetalSpinalCord","Fetal mesenchymal progenitor","Mesenchymal stem cell","CL:0000134","Spinal cord","UBERON:0002240",7.36891719629001e-08,0.00284079129029522,0.15719557195572,0.00389129415947631,2.40990593778824,NA
"JOB3494_IDvCD_upregulated","Upregulated","TS_Mammary_fibroblast of breast","Adult","Endocrine system","TS_Mammary","fibroblast of breast","Fibroblast","CL:0000057","Mammary gland","UBERON:0001911",1.47083925124826e-21,0.0327720270590579,0.0140221402214022,0.00399118924207786,2.39889767967233,NA
"JOB3494_IDvCD_upregulated","Upregulated","Voigt_2019_retina_1_Macrophage","Adult","Sensory system","Voigt_2019_retina_1","Macrophage","Macrophage","CL:0000235","Retina","UBERON:0000966",4.90564981599915e-06,0.00201737352499226,0.24280442804428,0.00422302476399394,2.37437637184661,NA
"JOB3494_IDvCD_upregulated","Upregulated","FetalAdrenalGland_Macrophage","Fetal","Endocrine system","FetalAdrenalGland","Macrophage","Macrophage","CL:0000235","Adrenal gland","UBERON:0002369",1.016344056415e-09,0.00494050659181778,0.107749077490775,0.00454520290361926,2.34244672455306,NA
"JOB3494_IDvCD_upregulated","Upregulated","Voigt_2019_retina_1_Fibroblast","Adult","Sensory system","Voigt_2019_retina_1","Fibroblast","Fibroblast","CL:0000057","Retina","UBERON:0000966",1.55358503897888e-06,0.00259376596070434,0.214022140221402,0.00471650568244919,2.32637963798666,NA
"JOB3494_IDvCD_upregulated","Upregulated","Madissoon_2020_lung_Monocyte","Adult","Respiratory system","Madissoon_2020_lung","Monocyte","Monocyte","CL:0000576","Lung","UBERON:0002048",2.59002765075633e-06,0.00255259507243919,0.219926199261993,0.00476339142273252,2.32208372968971,NA
"JOB3494_IDvCD_upregulated","Upregulated","AdultGallbladder_Macrophage","Adult","Digestive system","AdultGallbladder","Macrophage","Macrophage","CL:0000235","Gall bladder","UBERON:0002110",1.44578121534875e-06,0.00267610773723463,0.210332103321033,0.00477453355259427,2.32106905034817,NA
"JOB3494_IDvCD_upregulated","Upregulated","Madissoon_2020_lung_Lymph_vessel","Adult","Respiratory system","Madissoon_2020_lung","Lymph_vessel","Endothelial cell","CL:0000115","Lung","UBERON:0002048",2.32467901460262e-05,0.00205854441325741,0.282656826568266,0.00491631061297337,2.30836068615197,NA
"JOB3494_IDvCD_upregulated","Upregulated","AdultAdipose_Fibroblast","Adult","Integumentary system","AdultAdipose","Fibroblast","Fibroblast","CL:0000057","Adipose tissue","UBERON:0001013",0.00032545398130707,0.00164683553060593,0.360885608856089,0.00500897840958281,2.30025084026482,NA
"JOB3494_IDvCD_upregulated","Upregulated","Voigt_2019_retina_2_Vein cell 2","Adult","Sensory system","Voigt_2019_retina_2","Vein cell 2","Endothelial cell","CL:0000115","Retina","UBERON:0000966",6.48484634355673e-06,0.00242908240764374,0.247232472324723,0.00505521403817899,2.29626045161954,NA
"JOB3494_IDvCD_upregulated","Upregulated","AdultPancreas_Stromal cell","Adult","Digestive system","AdultPancreas","Stromal cell","Stromal cell","CL:0000499","Pancreas","UBERON:0001264",1.71153447330226e-05,0.00226439885458315,0.27380073800738,0.00519914672738397,2.28406792597977,NA
"JOB3494_IDvCD_upregulated","Upregulated","Voigt_2019_retina_1_Endothelial cell","Adult","Sensory system","Voigt_2019_retina_1","Endothelial cell","Endothelial cell","CL:0000115","Retina","UBERON:0000966",1.48349235064155e-05,0.0023055697428483,0.269372693726937,0.00520700028008769,2.28341239896334,NA
"JOB3494_IDvCD_upregulated","Upregulated","FetalMuscle_Fetal stromal cell","Fetal","Muscular system","FetalMuscle","Fetal stromal cell","Stromal cell","CL:0000499","Muscle organ","UBERON:0001630",9.84605870280975e-08,0.00382889260865878,0.166051660516605,0.00531564199140089,2.27444427648679,NA
"JOB3494_IDvCD_upregulated","Upregulated","FetalStomach_Macrophage","Fetal","Digestive system","FetalStomach","Macrophage","Macrophage","CL:0000235","Stomach","UBERON:0000945",2.12177837535042e-09,0.005558069915795,0.118081180811808,0.00546627753319129,2.26230832213592,NA
"JOB3494_IDvCD_upregulated","Upregulated","ChorionicVillus_Macrophage","Adult","Reproductive system","ChorionicVillus","Macrophage","Macrophage","CL:0000235","Chorionic villus","UBERON:0007106",4.21100744016815e-09,0.00543455725099956,0.123247232472325,0.0055650115086594,2.25453393319053,NA
"JOB3494_IDvCD_upregulated","Upregulated","TS_Thymus_fibroblast","Adult","Lymphatic system","TS_Thymus","fibroblast","Fibroblast","CL:0000057","Thymus","UBERON:0002370",6.74844855251384e-25,0.0758367761844029,0.00885608856088561,0.00557833297480281,2.25349556593883,NA
"JOB3494_IDvCD_upregulated","Upregulated","AdultCervix_Smooth muscle cell","Adult","Reproductive system","AdultCervix","Smooth muscle cell","Smooth muscle cell","CL:0000192","Uterine cervix","UBERON:0000002",7.7990897709375e-06,0.00275844951376493,0.252029520295203,0.00575029325511245,2.24031000647045,NA
"JOB3494_IDvCD_upregulated","Upregulated","TS_Tongue_endothelial cell of artery","Adult","Digestive system","TS_Tongue","endothelial cell of artery","Endothelial cell","CL:0000115","Tongue","UBERON:0001723",4.73486064975287e-19,0.0372596538799591,0.0191881918819188,0.00589351246240688,2.2296257937735,NA
"JOB3494_IDvCD_upregulated","Upregulated","FetalSkin_Macrophage","Fetal","Integumentary system","FetalSkin","Macrophage","Macrophage","CL:0000235","Skin of body","UBERON:0002097",1.52444722626086e-07,0.00448762682090115,0.170479704797048,0.00625471429007374,2.2037925237129,NA
"JOB3494_IDvCD_upregulated","Upregulated","Fetal_HCA_Stomach_Lymphatic endothelial cells","Fetal","Digestive system","Fetal_HCA_Stomach","Lymphatic endothelial cells","Epithelial cell","CL:0000066","Stomach","UBERON:0000945",8.36105947332178e-05,0.00251142418417404,0.319188191881919,0.00651624769816384,2.18600241547753,NA
"JOB3494_IDvCD_upregulated","Upregulated","Fetal_HCA_Placenta_Myeloid cells","Fetal","Reproductive system","Fetal_HCA_Placenta","Myeloid cells","Myeloid cell","CL:0000763","Placenta","UBERON:0001987",5.36025623586943e-07,0.00428177237957541,0.190405904059041,0.00661349679207357,2.17956885277575,NA
"JOB3494_IDvCD_upregulated","Upregulated","AdultStomach_Fetal stromal cell","Adult","Digestive system","AdultStomach","Fetal stromal cell","Stromal cell","CL:0000499","Stomach","UBERON:0000945",0.00018495633592968,0.00234674063111345,0.349077490774908,0.00664136345259891,2.17774275208476,NA
"JOB3494_IDvCD_upregulated","Upregulated","van_Zyl_eye_2020_SchwannCell-nmy","Adult","Sensory system","van_Zyl_eye_2020","SchwannCell-nmy","Schwann cell","CL:0002573","Eye","UBERON:0000970",0.00011915104570313,0.00255259507243919,0.323985239852399,0.00669682494168355,2.17413105358801,NA
"JOB3494_IDvCD_upregulated","Upregulated","TS_Eye_microglial cell","Adult","Sensory system","TS_Eye","microglial cell","Microglial cell","CL:0000129","Eye","UBERON:0000970",2.55362908455594e-15,0.0228910138754224,0.03690036900369,0.00682215107224482,2.16607866764398,NA
"JOB3494_IDvCD_upregulated","Upregulated","Fetal_HCA_Heart_Smooth muscle cells","Fetal","Cardiovascular system","Fetal_HCA_Heart","Smooth muscle cells","Smooth muscle cell","CL:0000192","Heart","UBERON:0000948",4.36318598278004e-05,0.00288196217856037,0.296678966789668,0.00689519383229131,2.16145352077003,NA
"JOB3494_IDvCD_upregulated","Upregulated","AdultTransverseColon_Endothelial cell (APC)","Adult","Digestive system","AdultTransverseColon","Endothelial cell (APC)","Endothelial cell","CL:0000115","Transverse colon","UBERON:0001157",2.71559933717502e-06,0.00395240527345422,0.22140221402214,0.00703662772538349,2.15263542482715,NA
"JOB3494_IDvCD_upregulated","Upregulated","TS_Eye_macrophage","Adult","Sensory system","TS_Eye","macrophage","Macrophage","CL:0000235","Eye","UBERON:0000970",4.8421984275448e-19,0.0432706035666707,0.0206642066420664,0.00717077734224025,2.14443376244288,NA
"JOB3494_IDvCD_upregulated","Upregulated","Fetal_HCA_Kidney_Mesangial cells","Fetal","Urinary system","Fetal_HCA_Kidney","Mesangial cells","Mesangial cell","CL:0000650","Kidney","UBERON:0002113",3.51849388931662e-07,0.00485816481528748,0.18450184501845,0.00718613136842061,2.14350484779674,NA
"JOB3494_IDvCD_upregulated","Upregulated","FetalLung_Macrophage","Fetal","Respiratory system","FetalLung","Macrophage","Macrophage","CL:0000235","Lung","UBERON:0002048",8.42497674790005e-08,0.00551689902752986,0.16309963099631,0.00721043099518304,2.14203877505375,NA
"JOB3494_IDvCD_upregulated","Upregulated","TS_Muscle_mesenchymal stem cell","Adult","Muscular system","TS_Muscle","mesenchymal stem cell","Mesenchymal stem cell","CL:0000134","Muscle organ","UBERON:0001630",1.2677840840628e-25,0.126682823191861,0.00738007380073801,0.00745609324313457,2.12748866949452,NA
"JOB3494_IDvCD_upregulated","Upregulated","FetalEyes_Fetal mesenchymal progenitor","Fetal","Sensory system","FetalEyes","Fetal mesenchymal progenitor","Mesenchymal stem cell","CL:0000134","Eye","UBERON:0000970",1.94606146406486e-05,0.003334841949477,0.281180811808118,0.00747537502087559,2.12636701498863,NA
"JOB3494_IDvCD_upregulated","Upregulated","AdultAdipose_Macrophage","Adult","Integumentary system","AdultAdipose","Macrophage","Macrophage","CL:0000235","Adipose tissue","UBERON:0001013",1.2924675237331e-05,0.00354069639080274,0.265682656826568,0.00749634264098153,2.12515057104148,NA
"JOB3494_IDvCD_upregulated","Upregulated","TS_Lung_lung microvascular endothelial cell","Adult","Respiratory system","TS_Lung","lung microvascular endothelial cell","Endothelial cell","CL:0000115","Lung","UBERON:0002048",3.92651732150647e-16,0.0329367106121185,0.0287822878228782,0.00754713337176993,2.12221797515609,NA
"JOB3494_IDvCD_upregulated","Upregulated","Fetal_HCA_Eye_Microglia","Fetal","Sensory system","Fetal_HCA_Eye","Microglia","Microglial cell","CL:0000129","Eye","UBERON:0000970",5.23827249361494e-06,0.00395240527345422,0.245018450184502,0.0076890503560022,2.11412729486898,NA
"JOB3494_IDvCD_upregulated","Upregulated","CordBloodCD34P_Monocyte","Neonatal","Reproductive system","CordBloodCD34P","Monocyte","Monocyte","CL:0000576","Umbilical cord blood","UBERON:0012168",3.01545546066629e-06,0.00432294326784056,0.227306273062731,0.00778763053169307,2.10859466088251,NA
"JOB3494_IDvCD_upregulated","Upregulated","Fetal_HCA_Heart_Schwann cells","Fetal","Cardiovascular system","Fetal_HCA_Heart","Schwann cells","Schwann cell","CL:0002573","Heart","UBERON:0000948",0.00012352333701031,0.00308781661988611,0.326937269372694,0.00797348803794251,2.09835165297692,NA
"JOB3494_IDvCD_upregulated","Upregulated","van_Zyl_eye_2020_Macrophage","Adult","Sensory system","van_Zyl_eye_2020","Macrophage","Macrophage","CL:0000235","Eye","UBERON:0000970",1.39040696811448e-07,0.00605212057497678,0.1690036900369,0.00806520557496482,2.09338455835128,NA
"JOB3494_IDvCD_upregulated","Upregulated","Fetal_HCA_Adrenal_Schwann cells","Fetal","Endocrine system","Fetal_HCA_Adrenal","Schwann cells","Schwann cell","CL:0002573","Adrenal gland","UBERON:0002369",1.03623959733774e-05,0.00399357616171937,0.261992619926199,0.00822644276457762,2.0847879195487,NA
"JOB3494_IDvCD_upregulated","Upregulated","TS_Liver_endothelial cell of hepatic sinusoid","Adult","Digestive system","TS_Liver","endothelial cell of hepatic sinusoid","Endothelial cell","CL:0000115","Liver","UBERON:0002107",5.66242584533701e-17,0.0435999706727919,0.0243542435424354,0.00833308648611597,2.07919411076429,NA
"JOB3494_IDvCD_upregulated","Upregulated","Madissoon_2020_lung_Macrophage_MARCOneg","Adult","Respiratory system","Madissoon_2020_lung","Macrophage_MARCOneg","Melanocyte","CL:0000148","Lung","UBERON:0002048",8.11665965852405e-07,0.00547572813926471,0.19520295202952,0.00838123025159754,2.07669222811616,NA
"JOB3494_IDvCD_upregulated","Upregulated","AdultEsophagus_Endothelial cell (APC)","Adult","Digestive system","AdultEsophagus","Endothelial cell (APC)","Endothelial cell","CL:0000115","Esophagus","UBERON:0001043",1.63001704921647e-05,0.00395240527345422,0.272324723247232,0.00843223495302292,2.07405730092425,NA
"JOB3494_IDvCD_upregulated","Upregulated","AdultSpleen_Endothelial cell (APC)","Adult","Lymphatic system","AdultSpleen","Endothelial cell (APC)","Endothelial cell","CL:0000115","Spleen","UBERON:0002106",1.72300471870464e-05,0.00391123438518908,0.275276752767528,0.00843451908333059,2.07393967483064,NA
"JOB3494_IDvCD_upregulated","Upregulated","TS_Bone_Marrow_neutrophil","Adult","Lymphatic system","TS_Bone_Marrow","neutrophil","Neutrophil","CL:0000775","Bone marrow","UBERON:0002371",0.00050018049179515,0.00284079129029522,0.379335793357934,0.0084409556197268,2.07360838312783,NA
"JOB3494_IDvCD_upregulated","Upregulated","AdultEpityphlon_Dendritic cell","Adult","Digestive system","AdultEpityphlon","Dendritic cell","Dendritic cell","CL:0000451","Caecum","UBERON:0001153",1.34861744961732e-05,0.00403474704998452,0.267158671586716,0.00844303174612782,2.07350157775956,NA
"JOB3494_IDvCD_upregulated","Upregulated","Fetal_HCA_Liver_Stellate cells","Fetal","Digestive system","Fetal_HCA_Liver","Stellate cells","Hepatic stellate cell","CL:0000632","Liver","UBERON:0002107",1.23124995656997e-05,0.00407591793824967,0.264944649446494,0.0084565244811472,2.07280808953644,NA
"JOB3494_IDvCD_upregulated","Upregulated","Fetal_HCA_Cerebrum_10k_Vascular endothelial cells","Fetal","Nervous system","Fetal_HCA_Cerebrum_10k","Vascular endothelial cells","Endothelial cell","CL:0000115","Cerebral hemisphere","UBERON:0001869",2.05080927348238e-08,0.00761661432905241,0.142435424354244,0.00849055165083279,2.0710640917196,NA
"JOB3494_IDvCD_upregulated","Upregulated","NeonatalAdrenalGland_Macrophage","Neonatal","Endocrine system","NeonatalAdrenalGland","Macrophage","Macrophage","CL:0000235","Adrenal gland","UBERON:0002369",9.15606634663779e-08,0.00658734212242371,0.165313653136531,0.00851854464129453,2.06963459634173,NA
"JOB3494_IDvCD_upregulated","Upregulated","AdultAscendingColon_Stromal cell","Adult","Digestive system","AdultAscendingColon","Stromal cell","Stromal cell","CL:0000499","Ascending colon","UBERON:0001156",0.00013413744999088,0.00329367106121185,0.33210332103321,0.00855170151587559,2.06794746592257,NA
"JOB3494_IDvCD_upregulated","Upregulated","Fetal_HCA_Pancreas_Vascular endothelial cells","Fetal","Digestive system","Fetal_HCA_Pancreas","Vascular endothelial cells","Endothelial cell","CL:0000115","Pancreas","UBERON:0001264",1.47339932827283e-05,0.00432294326784056,0.268634686346863,0.00900956469854475,2.04529619166099,NA
"JOB3494_IDvCD_upregulated","Upregulated","TS_Lung_endothelial cell of artery","Adult","Respiratory system","TS_Lung","endothelial cell of artery","Endothelial cell","CL:0000115","Lung","UBERON:0002048",2.35287281779203e-11,0.0146568362223928,0.0793357933579336,0.00901983093730752,2.0448016025559,NA
"JOB3494_IDvCD_upregulated","Upregulated","TS_Trachea_endothelial cell","Adult","Respiratory system","TS_Trachea","endothelial cell","Endothelial cell","CL:0000115","Trachea","UBERON:0003126",2.40439652810972e-15,0.0335542739360958,0.0346863468634686,0.00902701612328816,2.04445578183971,NA
"JOB3494_IDvCD_upregulated","Upregulated","FetalKidney_Endothelial cell","Fetal","Urinary system","FetalKidney","Endothelial cell","Endothelial cell","CL:0000115","Kidney","UBERON:0002113",7.75867784887222e-06,0.00477582303875719,0.250553505535055,0.00924764381622623,2.03396890595928,NA
"JOB3494_IDvCD_upregulated","Upregulated","Madissoon_2020_oesophagus_Dendritic_Cells","Adult","Digestive system","Madissoon_2020_oesophagus","Dendritic_Cells","Dendritic cell","CL:0000451","Esophagus","UBERON:0001043",1.33873001726951e-08,0.00881057008874171,0.136531365313653,0.00929014955889185,2.03197729439402,NA
"JOB3494_IDvCD_upregulated","Upregulated","TS_Heart_cardiac endothelial cell","Adult","Cardiovascular system","TS_Heart","cardiac endothelial cell","Endothelial cell","CL:0000115","Heart","UBERON:0000948",3.73873111413008e-16,0.0448762682090115,0.0269372693726937,0.00932996853311452,2.03011982098209,NA
"JOB3494_IDvCD_upregulated","Upregulated","AdultCerebellum_Endothelial cell (APC)","Adult","Nervous system","AdultCerebellum","Endothelial cell (APC)","Endothelial cell","CL:0000115","Cerebellum","UBERON:0002037",4.79228761053139e-05,0.00403474704998452,0.299630996309963,0.00933058090552863,2.03009131700248,NA
"JOB3494_IDvCD_upregulated","Upregulated","TS_Tongue_pericyte cell","Adult","Digestive system","TS_Tongue","pericyte cell","Pericyte cell","CL:0000669","Tongue","UBERON:0001723",1.40421274309806e-12,0.0191032921550288,0.0634686346863469,0.00935425403975865,2.02899083984047,NA
"JOB3494_IDvCD_upregulated","Upregulated","Lake_2017_CerebellarHemisphere_End","Adult","Nervous system","Lake_2017_CerebellarHemisphere","End","Endothelial cell","CL:0000115","Cerebellar hemisphere","UBERON:0002245",1.06815408914912e-05,0.00465231037396174,0.262730627306273,0.00942032137115834,2.02593428114131,NA
"JOB3494_IDvCD_upregulated","Upregulated","AdultKidney_Endothelial cell (APC)","Adult","Urinary system","AdultKidney","Endothelial cell (APC)","Endothelial cell","CL:0000115","Kidney","UBERON:0002113",1.56844517677208e-07,0.00732841811119638,0.171217712177122,0.00963754084138657,2.01603376851025,NA
"JOB3494_IDvCD_upregulated","Upregulated","AdultThyroid_Smooth muscle cell","Adult","Endocrine system","AdultThyroid","Smooth muscle cell","Smooth muscle cell","CL:0000192","Thyroid gland","UBERON:0002046",0.00017059732333071,0.00366420905559819,0.342435424354244,0.00963754084138657,2.01603376851025,NA
"JOB3494_IDvCD_upregulated","Upregulated","AdultPancreas_Macrophage","Adult","Digestive system","AdultPancreas","Macrophage","Macrophage","CL:0000235","Pancreas","UBERON:0001264",1.51651840754012e-06,0.00588743702191619,0.213284132841328,0.00964383326112583,2.01575030704603,NA
"JOB3494_IDvCD_upregulated","Upregulated","TS_Salivary_Gland_endothelial cell of lymphatic vessel","Adult","Digestive system","TS_Salivary_Gland","endothelial cell of lymphatic vessel","Endothelial cell","CL:0000115","Saliva-secreting gland","UBERON:0001044",1.23968674900731e-20,0.0741075988772667,0.0169741697416974,0.00965864810475625,2.01508365637244,NA
"JOB3494_IDvCD_upregulated","Upregulated","van_Zyl_eye_2020_CollectorChnlAqVein","Adult","Sensory system","van_Zyl_eye_2020","CollectorChnlAqVein","Smooth muscle cell","CL:0000192","Eye","UBERON:0000970",4.76484954560956e-07,0.006669683898954,0.188929889298893,0.00967325617421133,2.01442731077176,NA
"JOB3494_IDvCD_upregulated","Upregulated","TS_Spleen_endothelial cell","Adult","Lymphatic system","TS_Spleen","endothelial cell","Endothelial cell","CL:0000115","Spleen","UBERON:0002106",1.25675267108559e-20,0.072790130452782,0.0177121771217712,0.00986767006917511,2.00578537980777,NA
"JOB3494_IDvCD_upregulated","Upregulated","FetalStomach_Endothelial cell","Fetal","Digestive system","FetalStomach","Endothelial cell","Endothelial cell","CL:0000115","Stomach","UBERON:0000945",4.3899342248522e-05,0.00436411415610571,0.298154981549816,0.00994686513015419,2.0023137706304,NA
"JOB3494_IDvCD_upregulated","Upregulated","Fetal_HCA_Pancreas_Mesothelial cells","Fetal","Digestive system","Fetal_HCA_Pancreas","Mesothelial cells","Mesothelial cell","CL:0000077","Pancreas","UBERON:0001264",4.37330335143219e-05,0.00448762682090115,0.297416974169742,0.010169120448964,1.99271660859942,NA
"JOB3494_IDvCD_upregulated","Upregulated","FetalLung_Endothelial cell","Fetal","Respiratory system","FetalLung","Endothelial cell","Endothelial cell","CL:0000115","Lung","UBERON:0002048",3.35879108901327e-05,0.00456996859743145,0.29409594095941,0.0102307300988717,1.99009337248558,NA
"JOB3494_IDvCD_upregulated","Upregulated","van_Zyl_eye_2020_VascularEndo","Adult","Sensory system","van_Zyl_eye_2020","VascularEndo","Endothelial cell","CL:0000115","Eye","UBERON:0000970",4.94348453235055e-06,0.005558069915795,0.243542435424354,0.0102942821338392,1.98740393327932,NA
"JOB3494_IDvCD_upregulated","Upregulated","AdultProstate_Endothelial cell (APC)","Adult","Reproductive system","AdultProstate","Endothelial cell (APC)","Endothelial cell","CL:0000115","Prostate gland","UBERON:0002367",3.76463840506629e-07,0.00728724722293123,0.187453874538745,0.0103761062972338,1.98396558780431,NA
"JOB3494_IDvCD_upregulated","Upregulated","Fetal_HCA_Muscle_Vascular endothelial cells","Fetal","Muscular system","Fetal_HCA_Muscle","Vascular endothelial cells","Endothelial cell","CL:0000115","Muscle organ","UBERON:0001630",0.00016268017071843,0.00407591793824967,0.339114391143911,0.010482729780557,1.97952560912146,NA
"JOB3494_IDvCD_upregulated","Upregulated","AdultRectum_Dendritic cell","Adult","Digestive system","AdultRectum","Dendritic cell","Dendritic cell","CL:0000451","Rectum","UBERON:0001052",3.79087521724471e-06,0.00584626613365104,0.237638376383764,0.0105294240625831,1.97759538316234,NA
"JOB3494_IDvCD_upregulated","Upregulated","TS_Large_Intestine_gut endothelial cell","Adult","Digestive system","TS_Large_Intestine","gut endothelial cell","Endothelial cell","CL:0000115","Large intestine","UBERON:0000059",2.72528205287487e-18,0.0656263958946462,0.0214022140221402,0.0106296893308443,1.97347942822098,NA
"JOB3494_IDvCD_upregulated","Upregulated","AdultLiver_Endothelial cell (APC)","Adult","Digestive system","AdultLiver","Endothelial cell (APC)","Endothelial cell","CL:0000115","Liver","UBERON:0002107",8.16284922213366e-05,0.00477582303875719,0.318081180811808,0.0113775042188645,1.94395299478187,NA
"JOB3494_IDvCD_upregulated","Upregulated","Fetal_HCA_Intestine_Vascular endothelial cells","Fetal","Digestive system","Fetal_HCA_Intestine","Vascular endothelial cells","Endothelial cell","CL:0000115","Intestine","UBERON:0000160",5.25268448066803e-05,0.00514636103314352,0.301845018450185,0.0115997403683642,1.93555173127727,NA
"JOB3494_IDvCD_upregulated","Upregulated","ChorionicVillus_Stromal cell","Adult","Reproductive system","ChorionicVillus","Stromal cell","Stromal cell","CL:0000499","Chorionic villus","UBERON:0007106",7.74969223444197e-06,0.00625797501630252,0.249446494464945,0.0116490445249779,1.93370969477075,NA
"JOB3494_IDvCD_upregulated","Upregulated","Fetal_HCA_Heart_Lymphatic endothelial cells","Fetal","Cardiovascular system","Fetal_HCA_Heart","Lymphatic endothelial cells","Endothelial cell","CL:0000115","Heart","UBERON:0000948",0.00012352333701031,0.00477582303875719,0.326937269372694,0.0116514007611122,1.93362185950906,NA
"JOB3494_IDvCD_upregulated","Upregulated","AdultFallopiantube_Macrophage","Adult","Reproductive system","AdultFallopiantube","Macrophage","Macrophage","CL:0000235","Fallopian tube","UBERON:0003889",1.33642991737808e-05,0.00588743702191619,0.266420664206642,0.011697526583238,1.93190595917785,NA
"JOB3494_IDvCD_upregulated","Upregulated","TS_Lung_classical monocyte","Adult","Respiratory system","TS_Lung","classical monocyte","Monocyte","CL:0000576","Lung","UBERON:0002048",2.83351544060046e-06,0.00699905100507519,0.225461254612546,0.0117587157723735,1.92964010712272,NA
"JOB3494_IDvCD_upregulated","Upregulated","AdultDuodenum_Macrophage","Adult","Digestive system","AdultDuodenum","Macrophage","Macrophage","CL:0000235","Duodenum","UBERON:0002114",5.17311824202007e-06,0.00646382945762826,0.244280442804428,0.0117649883607402,1.92940849814107,NA
"JOB3494_IDvCD_upregulated","Upregulated","AdultIleum_Endothelial cell (APC)","Adult","Digestive system","AdultIleum","Endothelial cell (APC)","Endothelial cell","CL:0000115","Ileum","UBERON:0002116",2.69403332667075e-06,0.00732841811119638,0.220664206642066,0.0120105229071349,1.92043808412585,NA
"JOB3494_IDvCD_upregulated","Upregulated","TS_Salivary_Gland_endothelial cell","Adult","Digestive system","TS_Salivary_Gland","endothelial cell","Endothelial cell","CL:0000115","Saliva-secreting gland","UBERON:0001044",2.75134613292626e-18,0.074189940653797,0.022140221402214,0.0121739714606822,1.91456772069397,NA
"JOB3494_IDvCD_upregulated","Upregulated","FetalMaleGonad_Endothelial cell","Fetal","Reproductive system","FetalMaleGonad","Endothelial cell","Endothelial cell","CL:0000115","Immature gonad","UBERON:2005272",4.78301652334415e-06,0.00695788011681004,0.242066420664207,0.012440725217005,1.90515430223658,NA
"JOB3494_IDvCD_upregulated","Upregulated","TS_Fat_fibroblast","Adult","Integumentary system","TS_Fat","fibroblast","Fibroblast","CL:0000057","Perirenal fat","UBERON:0005406",9.71207475181982e-21,0.108896999461317,0.0154981549815498,0.0124626491179934,1.9043896322322,NA
"JOB3494_IDvCD_upregulated","Upregulated","TS_Small_Intestine_monocyte","Adult","Digestive system","TS_Small_Intestine","monocyte","Monocyte","CL:0000576","Small intestine","UBERON:0002108",7.16590991942087e-17,0.0680554783022899,0.0250922509225092,0.0125899802527558,1.89997495107767,NA
"JOB3494_IDvCD_upregulated","Upregulated","Fetal_HCA_Heart_Vascular endothelial cells","Fetal","Cardiovascular system","Fetal_HCA_Heart","Vascular endothelial cells","Endothelial cell","CL:0000115","Heart","UBERON:0000948",0.00012352333701031,0.00526987369793897,0.326937269372694,0.0126871138963638,1.89663716131258,NA
"JOB3494_IDvCD_upregulated","Upregulated","Madissoon_2020_oesophagus_Muscle","Adult","Digestive system","Madissoon_2020_oesophagus","Muscle","Muscle cell","CL:0000187","Esophagus","UBERON:0001043",0.00013802608767269,0.00522870280967382,0.333210332103321,0.0128100783902366,1.89244821261729,NA
"JOB3494_IDvCD_upregulated","Upregulated","Fetal_HCA_Eye_Vascular endothelial cells","Fetal","Sensory system","Fetal_HCA_Eye","Vascular endothelial cells","Endothelial cell","CL:0000115","Eye","UBERON:0000970",1.71498577460275e-05,0.00662851301068886,0.274538745387454,0.0133008672014455,1.87612004260249,NA
"JOB3494_IDvCD_upregulated","Upregulated","AdultUterus_Fibroblast","Adult","Reproductive system","AdultUterus","Fibroblast","Fibroblast","CL:0000057","Uterus","UBERON:0000995",0.000410884046291,0.00502284836834808,0.367527675276753,0.013466304478761,1.87075157017768,NA
"JOB3494_IDvCD_upregulated","Upregulated","Fetal_HCA_Stomach_Vascular endothelial cells","Fetal","Digestive system","Fetal_HCA_Stomach","Vascular endothelial cells","Epithelial cell","CL:0000066","Stomach","UBERON:0000945",0.0002462584481948,0.00522870280967382,0.353505535055351,0.013481030113314,1.87027692119571,NA
"JOB3494_IDvCD_upregulated","Upregulated","AdultJeJunum_Macrophage","Adult","Digestive system","AdultJeJunum","Macrophage","Macrophage","CL:0000235","Jejunum","UBERON:0002115",1.62215963478235e-06,0.00868705742394627,0.21549815498155,0.0136298417431961,1.86550918675195,NA
"JOB3494_IDvCD_upregulated","Upregulated","Madissoon_2020_spleen_T_CD4_conv","Adult","Lymphatic system","Madissoon_2020_spleen","T_CD4_conv","T cell","CL:0000084","Spleen","UBERON:0002106",0.00024633094628508,0.00535221547446926,0.354243542435424,0.0137800681666976,1.86074863407227,NA
"JOB3494_IDvCD_upregulated","Upregulated","Lake_2017_VisualCortex_In4a","Adult","Nervous system","Lake_2017_VisualCortex","In4a","Inhibitory neuron","CL:0008029","Visual cortex","UBERON:0000411",1.69321635813786e-05,0.00699905100507519,0.273062730627306,0.013875232465577,1.8577597319767,NA
"JOB3494_IDvCD_upregulated","Upregulated","FetalAdrenalGland_Endothelial cell","Fetal","Endocrine system","FetalAdrenalGland","Endothelial cell","Endothelial cell","CL:0000115","Adrenal gland","UBERON:0002369",1.93382165971628e-05,0.00691670922854489,0.278966789667897,0.0139900299694902,1.85418135516005,NA
"JOB3494_IDvCD_upregulated","Upregulated","AdultOmentum_Fibroblast","Adult","Integumentary system","AdultOmentum","Fibroblast","Fibroblast","CL:0000057","Omentum","UBERON:0003688",0.00030750143571849,0.00543455725099956,0.360147601476015,0.0141630363631737,1.84884362980951,NA
"JOB3494_IDvCD_upregulated","Upregulated","TS_Muscle_endothelial cell of lymphatic vessel","Adult","Muscular system","TS_Muscle","endothelial cell of lymphatic vessel","Endothelial cell","CL:0000115","Muscle organ","UBERON:0001630",0.00050077943895951,0.00539338636273441,0.380073800738007,0.0147386139970601,1.83154335512896,NA
"JOB3494_IDvCD_upregulated","Upregulated","Placenta_Macrophage","Adult","Reproductive system","Placenta","Macrophage","Macrophage","CL:0000235","Placenta","UBERON:0001987",1.51899164937916e-07,0.0121454120382187,0.169741697416974,0.0148109909795883,1.82941588256126,NA
"JOB3494_IDvCD_upregulated","Upregulated","AdultCervix_Endothelial cell","Adult","Reproductive system","AdultCervix","Endothelial cell","Endothelial cell","CL:0000115","Uterine cervix","UBERON:0000002",7.7990897709375e-06,0.00819300676476449,0.252029520295203,0.0148313761237336,1.82881855124963,NA
"JOB3494_IDvCD_upregulated","Upregulated","Fetal_HCA_Lung_Vascular endothelial cells","Fetal","Respiratory system","Fetal_HCA_Lung","Vascular endothelial cells","Endothelial cell","CL:0000115","Lung","UBERON:0002048",2.59564088472929e-05,0.00720490544640093,0.288929889298893,0.0149353806114774,1.82578370540949,NA
"JOB3494_IDvCD_upregulated","Upregulated","Madissoon_2020_oesophagus_Endothelia_vascular_venous","Adult","Digestive system","Madissoon_2020_oesophagus","Endothelia_vascular_venous","Endothelial cell","CL:0000115","Esophagus","UBERON:0001043",1.76965847761474e-05,0.00761661432905241,0.276014760147601,0.0150623853139283,1.8221062468175,NA
"JOB3494_IDvCD_upregulated","Upregulated","TS_Prostate_fibroblast","Adult","Reproductive system","TS_Prostate","fibroblast","Fibroblast","CL:0000057","Prostate gland","UBERON:0002367",1.23639729489055e-14,0.0522870280967382,0.0402214022140221,0.0150670679658929,1.82197125267032,NA
"JOB3494_IDvCD_upregulated","Upregulated","FetalBrain_Fetal mesenchymal progenitor","Fetal","Nervous system","FetalBrain","Fetal mesenchymal progenitor","Mesenchymal stem cell","CL:0000134","Brain","UBERON:0000955",2.55513561091702e-05,0.00741075988772667,0.287822878228782,0.0152513470930862,1.81669179505449,NA
"JOB3494_IDvCD_upregulated","Upregulated","FetalKidney_Macrophage","Fetal","Urinary system","FetalKidney","Macrophage","Macrophage","CL:0000235","Kidney","UBERON:0002113",6.08503354494669e-08,0.0139981020101504,0.154981549815498,0.0154752827033464,1.81036140851903,NA
"JOB3494_IDvCD_upregulated","Upregulated","AdultPleura_Monocyte","Adult","Respiratory system","AdultPleura","Monocyte","Monocyte","CL:0000576","Pleura","UBERON:0000977",1.79912946033767e-06,0.0100868676249613,0.216236162361624,0.0155469983715208,1.80835344692769,NA
"JOB3494_IDvCD_upregulated","Upregulated","Madissoon_2020_spleen_DC_2","Adult","Lymphatic system","Madissoon_2020_spleen","DC_2","Dendritic cell","CL:0000451","Spleen","UBERON:0002106",8.9270677557204e-05,0.00679319656374945,0.321771217712177,0.015575853180431,1.80754815517249,NA
"JOB3494_IDvCD_upregulated","Upregulated","AdultOmentum_Macrophage","Adult","Integumentary system","AdultOmentum","Macrophage","Macrophage","CL:0000235","Omentum","UBERON:0003688",1.29786353582642e-06,0.0106632600606734,0.208118081180812,0.0157799676445445,1.80189389160887,NA
"JOB3494_IDvCD_upregulated","Upregulated","AdultBoneMarrow_Antigen presenting cell (RPS high)","Adult","Lymphatic system","AdultBoneMarrow","Antigen presenting cell (RPS high)","Professional antigen presenting cell","CL:0000145","Bone marrow","UBERON:0002371",1.90674369967558e-06,0.0101692094014916,0.218450184501845,0.0157937058680273,1.80151595427295,NA
"JOB3494_IDvCD_upregulated","Upregulated","AdultThyroid_Monocyte","Adult","Endocrine system","AdultThyroid","Monocyte","Monocyte","CL:0000576","Thyroid gland","UBERON:0002046",7.03076387925158e-06,0.00893408275353715,0.248708487084871,0.0157968616248546,1.80142918610829,NA
"JOB3494_IDvCD_upregulated","Upregulated","Fetal_HCA_Lung_Lymphatic endothelial cells","Fetal","Respiratory system","Fetal_HCA_Lung","Lymphatic endothelial cells","Endothelial cell","CL:0000115","Lung","UBERON:0002048",2.59564088472929e-05,0.00802832321170389,0.288929889298893,0.0163912665830682,1.78538748640605,NA
"JOB3494_IDvCD_upregulated","Upregulated","FetalFemaleGonad_Macrophage","Fetal","Reproductive system","FetalFemaleGonad","Macrophage","Macrophage","CL:0000235","Immature gonad","UBERON:2005272",8.42362118249965e-08,0.0146980071106579,0.162361623616236,0.016795363494636,1.7748105924769,NA
"JOB3494_IDvCD_upregulated","Upregulated","TS_Eye_ocular surface cell","Adult","Sensory system","TS_Eye","ocular surface cell","Epithelial cell","CL:0000066","Eye","UBERON:0000970",1.62628167272669e-17,0.105273961293984,0.0228782287822878,0.0169286372048109,1.77137800221314,NA
"JOB3494_IDvCD_upregulated","Upregulated","Fetal_HCA_Pancreas_Lymphatic endothelial cells","Fetal","Digestive system","Fetal_HCA_Pancreas","Lymphatic endothelial cells","Endothelial cell","CL:0000115","Pancreas","UBERON:0001264",0.00012376027280848,0.00741075988772667,0.328782287822878,0.0170975500023982,1.76706611748329,NA
"JOB3494_IDvCD_upregulated","Upregulated","Fetal_HCA_Liver_Lymphoid cells","Fetal","Digestive system","Fetal_HCA_Liver","Lymphoid cells","Innate lymphoid cell","CL:0001065","Liver","UBERON:0002107",1.18874102866505e-06,0.0118572158203627,0.206642066420664,0.0171797845684473,1.76498228644897,NA
"JOB3494_IDvCD_upregulated","Upregulated","Fetal_HCA_Placenta_Stromal cells","Fetal","Reproductive system","Fetal_HCA_Placenta","Stromal cells","Stromal cell","CL:0000499","Placenta","UBERON:0001987",0.00016486153079932,0.00761661432905241,0.340221402214022,0.0180242445542251,1.744142928706,NA
"JOB3494_IDvCD_upregulated","Upregulated","AdultProstate_Dendritic cell","Adult","Reproductive system","AdultProstate","Dendritic cell","Dendritic cell","CL:0000451","Prostate gland","UBERON:0002367",1.46587946794054e-06,0.0123512664795445,0.211808118081181,0.0181716064826259,1.74060667667111,NA
"JOB3494_IDvCD_upregulated","Upregulated","Placenta_Fibroblast","Adult","Reproductive system","Placenta","Fibroblast","Fibroblast","CL:0000057","Placenta","UBERON:0001987",0.00038574610852216,0.00736958899946152,0.366051660516605,0.0186552610787794,1.72919866866658,NA
"JOB3494_IDvCD_upregulated","Upregulated","Fetal_HCA_Liver_Hematopoietic stem cells","Fetal","Digestive system","Fetal_HCA_Liver","Hematopoietic stem cells","Hematopoietic stem cell","CL:0000037","Liver","UBERON:0002107",0.00010589673937189,0.00835769031782508,0.323247232472325,0.0186786237655173,1.72865512559307,NA
"JOB3494_IDvCD_upregulated","Upregulated","Fetal_HCA_Pancreas_Smooth muscle cells","Fetal","Digestive system","Fetal_HCA_Pancreas","Smooth muscle cells","Smooth muscle cell","CL:0000192","Pancreas","UBERON:0001264",0.00012376027280848,0.00827534854129478,0.328782287822878,0.0187920304967141,1.72602629143352,NA
"JOB3494_IDvCD_upregulated","Upregulated","FetalIntestine_Dendritic cell","Fetal","Digestive system","FetalIntestine","Dendritic cell","Dendritic cell","CL:0000451","Intestine","UBERON:0000160",3.2794859273156e-08,0.0177446528422789,0.153505535055351,0.0188104249755094,1.725601392518,NA
"JOB3494_IDvCD_upregulated","Upregulated","TS_Prostate_endothelial cell","Adult","Reproductive system","TS_Prostate","endothelial cell","Endothelial cell","CL:0000115","Prostate gland","UBERON:0002367",4.60940434494053e-16,0.0938696252445378,0.029520295202952,0.0190885114784752,1.719227936556,NA
"JOB3494_IDvCD_upregulated","Upregulated","Lake_2017_FrontalCortex_End","Adult","Nervous system","Lake_2017_FrontalCortex","End","Endothelial cell","CL:0000115","Frontal cortex","UBERON:0001870",3.1269136898312e-06,0.0121042411499536,0.231734317343173,0.019287978938934,1.71471327684824,NA
"JOB3494_IDvCD_upregulated","Upregulated","AdultTrachea_Endothelial cell (APC)","Adult","Respiratory system","AdultTrachea","Endothelial cell (APC)","Endothelial cell","CL:0000115","Trachea","UBERON:0003126",6.99413045088325e-06,0.011404336049446,0.247970479704797,0.0194228688489758,1.71168662235486,NA
"JOB3494_IDvCD_upregulated","Upregulated","AdultPeripheralBlood_Monocyte","Adult","Lymphatic system","AdultPeripheralBlood","Monocyte","Monocyte","CL:0000576","Blood","UBERON:0000178",0.00012240163158571,0.00872822831221141,0.324723247232472,0.0194599486225736,1.71085831067415,NA
"JOB3494_IDvCD_upregulated","Upregulated","TS_Pancreas_pancreatic stellate cell","Adult","Digestive system","TS_Pancreas","pancreatic stellate cell","Pancreatic stellate cell","CL:0002410","Pancreas","UBERON:0001264",7.88468778666746e-20,0.159166654033063,0.018450184501845,0.0200587702336624,1.69769569629595,NA
"JOB3494_IDvCD_upregulated","Upregulated","TS_Lung_capillary endothelial cell","Adult","Respiratory system","TS_Lung","capillary endothelial cell","Endothelial cell","CL:0000115","Lung","UBERON:0002048",2.26155144610843e-08,0.021120665680021,0.143911439114391,0.0206566624697722,1.68493984680727,NA
"JOB3494_IDvCD_upregulated","Upregulated","TS_Small_Intestine_neutrophil","Adult","Digestive system","TS_Small_Intestine","neutrophil","Neutrophil","CL:0000775","Small intestine","UBERON:0002108",2.5311473221623e-13,0.0547572813926471,0.0560885608856089,0.0208405320788264,1.68109119727518,NA
"JOB3494_IDvCD_upregulated","Upregulated","TS_Prostate_smooth muscle cell","Adult","Reproductive system","TS_Prostate","smooth muscle cell","Smooth muscle cell","CL:0000192","Prostate gland","UBERON:0002367",2.42328360439951e-15,0.0876528211165005,0.0354243542435424,0.0210358300254084,1.6770403470488,NA
"JOB3494_IDvCD_upregulated","Upregulated","TS_Bladder_vein endothelial cell","Adult","Urinary system","TS_Bladder","vein endothelial cell","Endothelial cell","CL:0000115","Bladder organ","UBERON:0018707",2.72260775656932e-11,0.038906489410565,0.0811808118081181,0.0213438349108629,1.67072754690797,NA
"JOB3494_IDvCD_upregulated","Upregulated","TS_Small_Intestine_gut endothelial cell","Adult","Digestive system","TS_Small_Intestine","gut endothelial cell","Endothelial cell","CL:0000115","Small intestine","UBERON:0002108",1.05571651971011e-14,0.0837004158430462,0.0383763837638376,0.0216523318484307,1.66449532543661,NA
"JOB3494_IDvCD_upregulated","Upregulated","TS_Prostate_monocyte","Adult","Reproductive system","TS_Prostate","monocyte","Monocyte","CL:0000576","Prostate gland","UBERON:0002367",0.00276198563457609,0.00712256366987063,0.45239852398524,0.0217104016571877,1.66333214172814,NA
"JOB3494_IDvCD_upregulated","Upregulated","TS_Eye_dendritic cell","Adult","Sensory system","TS_Eye","dendritic cell","Dendritic cell","CL:0000451","Eye","UBERON:0000970",1.00229859659634e-06,0.0158096210938169,0.205166051660517,0.0218328892615802,1.66088878800452,NA
"JOB3494_IDvCD_upregulated","Upregulated","VentoTormo_2018_decidua_decidual stromal cell (dS2)","Maternal-Fetal","Reproductive system","VentoTormo_2018_decidua","decidual stromal cell (dS2)","Stromal cell","CL:0000499","Decidua","UBERON:0002450",7.92440490657345e-12,0.0464819328513523,0.0701107011070111,0.0219204433682392,1.65915066595261,NA
"JOB3494_IDvCD_upregulated","Upregulated","Lake_2017_FrontalCortex_Ex6b","Adult","Nervous system","Lake_2017_FrontalCortex","Ex6b","Excitatory neuron","CL:0008030","Frontal cortex","UBERON:0001870",8.14013897261329e-05,0.0103750638428173,0.317343173431734,0.0221125326865611,1.65536151211127,NA
"JOB3494_IDvCD_upregulated","Upregulated","VentoTormo_2018_decidua_decidual perivascular cell (dP2)","Maternal-Fetal","Reproductive system","VentoTormo_2018_decidua","decidual perivascular cell (dP2)","Pericyte cell","CL:0000669","Decidua","UBERON:0002450",3.08445981542606e-08,0.0215735454509376,0.152767527675277,0.0221312886036259,1.65499329835691,NA
"JOB3494_IDvCD_upregulated","Upregulated","AdultArtery_Macrophage","Adult","Cardiovascular system","AdultArtery","Macrophage","Macrophage","CL:0000235","Artery","UBERON:0001637",1.4112286939384e-06,0.0162625008647335,0.209594095940959,0.022773971994945,1.64256121773582,NA
"JOB3494_IDvCD_upregulated","Upregulated","AdultTemporalLobe_Macrophage","Adult","Nervous system","AdultTemporalLobe","Macrophage","Microglial cell","CL:0000129","Temporal lobe","UBERON:0001871",6.03936191086125e-07,0.0179093363953395,0.191881918819188,0.0229326757596472,1.63954526930614,NA
"JOB3494_IDvCD_upregulated","Upregulated","Braga_2020_lung_Secretory","Adult","Respiratory system","Braga_2020_lung","Secretory","Club cell","CL:0000158","Lung","UBERON:0002048",0.00202335034446077,0.00819300676476449,0.433210332103321,0.0235708914323643,1.62762399249324,NA
"JOB3494_IDvCD_upregulated","Upregulated","TS_Tongue_capillary endothelial cell","Adult","Digestive system","TS_Tongue","capillary endothelial cell","Capillary endothelial cell","CL:0002144","Tongue","UBERON:0001723",1.27940538718986e-14,0.085017884267531,0.0420664206642066,0.0237236758537281,1.62481801854104,NA
"JOB3494_IDvCD_upregulated","Upregulated","AdultFallopiantube_Dendritic cell","Adult","Reproductive system","AdultFallopiantube","Dendritic cell","Dendritic cell","CL:0000451","Fallopian tube","UBERON:0003889",4.26762239977919e-06,0.0152332286581048,0.239852398523985,0.0241584672664383,1.61693062298319,NA
"JOB3494_IDvCD_upregulated","Upregulated","TS_Thymus_capillary endothelial cell","Adult","Lymphatic system","TS_Thymus","capillary endothelial cell","Capillary endothelial cell","CL:0002144","Thymus","UBERON:0002370",5.22098441936669e-14,0.0781011750389861,0.0468634686346863,0.024194185160842,1.61628899997028,NA
"JOB3494_IDvCD_upregulated","Upregulated","Madissoon_2020_oesophagus_Endothelia_vascular_arterial","Adult","Digestive system","Madissoon_2020_oesophagus","Endothelia_vascular_arterial","Endothelial cell","CL:0000115","Esophagus","UBERON:0001043",0.00013802608767269,0.0111573107198552,0.333210332103321,0.0245171052187368,1.61053080910245,NA
"JOB3494_IDvCD_upregulated","Upregulated","FetalPancreas_Endothelial cell","Fetal","Digestive system","FetalPancreas","Endothelial cell","Endothelial cell","CL:0000115","Pancreas","UBERON:0001264",0.00023186301889705,0.0105397473958779,0.352767527675277,0.0245190600866186,1.61049618207446,NA
"JOB3494_IDvCD_upregulated","Upregulated","VentoTormo_2018_decidua_decidual macrophage (dM1)","Maternal-Fetal","Reproductive system","VentoTormo_2018_decidua","decidual macrophage (dM1)","Macrophage","CL:0000235","Decidua","UBERON:0002450",3.42463197073041e-11,0.044999780873807,0.0833948339483395,0.0247128542182392,1.60707709273445,NA
"JOB3494_IDvCD_upregulated","Upregulated","AdultMuscle_Dendritic cell","Adult","Muscular system","AdultMuscle","Dendritic cell","Dendritic cell","CL:0000451","Muscle organ","UBERON:0001630",4.22548011653365e-06,0.0158096210938169,0.239114391143911,0.0248666757845053,1.60438226800465,NA
"JOB3494_IDvCD_upregulated","Upregulated","AdultStomach_Stromal cell","Adult","Digestive system","AdultStomach","Stromal cell","Stromal cell","CL:0000499","Stomach","UBERON:0000945",0.00120142973674135,0.00946930430098408,0.409963099630996,0.0254329161537865,1.5946038404972,NA
"JOB3494_IDvCD_upregulated","Upregulated","AdultStomach_Smooth muscle cell","Adult","Digestive system","AdultStomach","Smooth muscle cell","Smooth muscle cell","CL:0000192","Stomach","UBERON:0000945",0.00120142973674135,0.00946930430098408,0.409963099630996,0.0254329161537865,1.5946038404972,NA
"JOB3494_IDvCD_upregulated","Upregulated","Lake_2017_CerebellarHemisphere_Per","Adult","Nervous system","Lake_2017_CerebellarHemisphere","Per","Pericyte cell","CL:0000669","Cerebellar hemisphere","UBERON:0002245",0.00060897313707077,0.0100456967366962,0.387084870848708,0.0254688386861713,1.59399085730124,NA
"JOB3494_IDvCD_upregulated","Upregulated","TS_Mammary_macrophage","Adult","Endocrine system","TS_Mammary","macrophage","Macrophage","CL:0000235","Mammary gland","UBERON:0001911",4.00942196726202e-10,0.0385359514161787,0.101107011070111,0.0255116618048213,1.59326125094891,NA
"JOB3494_IDvCD_upregulated","Upregulated","FetalMuscle_Macrophage","Fetal","Muscular system","FetalMuscle","Macrophage","Macrophage","CL:0000235","Muscle organ","UBERON:0001630",3.69074801518273e-06,0.0166330388591199,0.23690036900369,0.0257561691141653,1.58911873200717,NA
"JOB3494_IDvCD_upregulated","Upregulated","AdultLung_Smooth muscle cell","Adult","Respiratory system","AdultLung","Smooth muscle cell","Smooth muscle cell","CL:0000192","Lung","UBERON:0002048",0.00089475120404156,0.010004525848431,0.39409594095941,0.0257692897742516,1.58889755084661,NA
"JOB3494_IDvCD_upregulated","Upregulated","FetalFemaleGonad_Fetal mesenchymal progenitor","Fetal","Reproductive system","FetalFemaleGonad","Fetal mesenchymal progenitor","Mesenchymal stem cell","CL:0000134","Immature gonad","UBERON:2005272",0.00171635470505855,0.00918110808312804,0.429520295202952,0.0257733266137866,1.58882952259113,NA
"JOB3494_IDvCD_upregulated","Upregulated","AdultLung_Macrophage","Adult","Respiratory system","AdultLung","Macrophage","Macrophage","CL:0000235","Lung","UBERON:0002048",0.00013833238129579,0.0118983867086278,0.334317343173432,0.0259634101990991,1.5856382651312,NA
"JOB3494_IDvCD_upregulated","Upregulated","FetalLiver_Dendritic cell","Fetal","Digestive system","FetalLiver","Dendritic cell","Dendritic cell","CL:0000451","Liver","UBERON:0002107",2.53130197540241e-07,0.0224381341045058,0.177859778597786,0.0260352652322374,1.58443799362453,NA
"JOB3494_IDvCD_upregulated","Upregulated","Fetal_HCA_Intestine_Lymphatic endothelial cells","Fetal","Digestive system","Fetal_HCA_Intestine","Lymphatic endothelial cells","Endothelial cell","CL:0000115","Intestine","UBERON:0000160",0.00039022887966406,0.0109514562785294,0.366789667896679,0.0261790159450115,1.58204668237211,NA
"JOB3494_IDvCD_upregulated","Upregulated","TS_Prostate_myeloid cell","Adult","Reproductive system","TS_Prostate","myeloid cell","Myeloid cell","CL:0000763","Prostate gland","UBERON:0002367",1.23639729489055e-14,0.100827505361348,0.0402214022140221,0.0263914809630158,1.578536238578,NA
"JOB3494_IDvCD_upregulated","Upregulated","AdultMuscle_Macrophage","Adult","Muscular system","AdultMuscle","Macrophage","Macrophage","CL:0000235","Muscle organ","UBERON:0001630",0.00030729762078089,0.0115690196025066,0.359409594095941,0.026955245519626,1.56935670808194,NA
"JOB3494_IDvCD_upregulated","Upregulated","TS_Lung_vascular associated smooth muscle cell","Adult","Respiratory system","TS_Lung","vascular associated smooth muscle cell","Smooth muscle cell","CL:0000192","Lung","UBERON:0002048",4.07646056106717e-10,0.040553324941171,0.102583025830258,0.0269665730702974,1.56917424046674,NA
"JOB3494_IDvCD_upregulated","Upregulated","TS_Tongue_endothelial cell of lymphatic vessel","Adult","Digestive system","TS_Tongue","endothelial cell of lymphatic vessel","Endothelial cell","CL:0000115","Tongue","UBERON:0001723",6.31902105283317e-14,0.0809007954410162,0.0516605166051661,0.0270723029384941,1.56747479886786,NA
"JOB3494_IDvCD_upregulated","Upregulated","TS_Skin_t cell","Adult","Integumentary system","TS_Skin","t cell","T cell","CL:0000084","Skin of body","UBERON:0002097",2.81123388516533e-06,0.0188562668254379,0.223616236162362,0.0272758525429839,1.56422166607685,NA
"JOB3494_IDvCD_upregulated","Upregulated","Fetal_HCA_Muscle_Lymphoid cells","Fetal","Muscular system","Fetal_HCA_Muscle","Lymphoid cells","Innate lymphoid cell","CL:0001065","Muscle organ","UBERON:0001630",0.00016268017071843,0.0128041462504611,0.339114391143911,0.0279603447133179,1.55345747862847,NA
"JOB3494_IDvCD_upregulated","Upregulated","TS_Salivary_Gland_macrophage","Adult","Digestive system","TS_Salivary_Gland","macrophage","Macrophage","CL:0000235","Saliva-secreting gland","UBERON:0001044",4.73975041161846e-16,0.143604058268837,0.0302583025830258,0.02797744934405,1.5531918819206,NA
"JOB3494_IDvCD_upregulated","Upregulated","AdultCervix_Macrophage","Adult","Reproductive system","AdultCervix","Macrophage","Macrophage","CL:0000235","Uterine cervix","UBERON:0000002",2.34920227794361e-05,0.0153155704346351,0.284132841328413,0.0280124778124531,1.55264847444378,NA
"JOB3494_IDvCD_upregulated","Upregulated","AdultFallopiantube_Endothelial cell (APC)","Adult","Reproductive system","AdultFallopiantube","Endothelial cell (APC)","Endothelial cell","CL:0000115","Fallopian tube","UBERON:0003889",0.00079607927231596,0.0111984816081203,0.391143911439114,0.0281676780458567,1.55024895185817,NA
"JOB3494_IDvCD_upregulated","Upregulated","AdultArtery_Endothelial cell (APC)","Adult","Cardiovascular system","AdultArtery","Endothelial cell (APC)","Endothelial cell","CL:0000115","Artery","UBERON:0001637",3.95221522049683e-05,0.0150273742167791,0.29520295202952,0.028470936296211,1.54559825039461,NA
"JOB3494_IDvCD_upregulated","Upregulated","AdultUterus_Macrophage","Adult","Reproductive system","AdultUterus","Macrophage","Macrophage","CL:0000235","Uterus","UBERON:0000995",0.00015053772105735,0.0131746842448474,0.33690036900369,0.028484105389861,1.54539741602995,NA
"JOB3494_IDvCD_upregulated","Upregulated","FetalKidney_Dendritic cell","Fetal","Urinary system","FetalKidney","Dendritic cell","Dendritic cell","CL:0000451","Kidney","UBERON:0002113",7.75867784887222e-06,0.0177446528422789,0.250553505535055,0.0285243451840972,1.54478431662745,NA
"JOB3494_IDvCD_upregulated","Upregulated","Fetal_HCA_Adrenal_Lymphoid cells","Fetal","Endocrine system","Fetal_HCA_Adrenal","Lymphoid cells","Innate lymphoid cell","CL:0001065","Adrenal gland","UBERON:0002369",3.35397528778981e-06,0.0190209503784985,0.233948339483395,0.0285456532558498,1.54446001388818,NA
"JOB3494_IDvCD_upregulated","Upregulated","Fetal_HCA_Muscle_Schwann cells","Fetal","Muscular system","Fetal_HCA_Muscle","Schwann cells","Schwann cell","CL:0002573","Muscle organ","UBERON:0001630",0.00113586067791656,0.0109926271667946,0.405535055350554,0.0285888346222193,1.54380354759601,NA
"JOB3494_IDvCD_upregulated","Upregulated","TS_Mammary_endothelial cell of lymphatic vessel","Adult","Endocrine system","TS_Mammary","endothelial cell of lymphatic vessel","Endothelial cell","CL:0000115","Mammary gland","UBERON:0001911",9.78368199134391e-11,0.0517106356610261,0.0885608856088561,0.0292456584851298,1.53393859576625,NA
"JOB3494_IDvCD_upregulated","Upregulated","Fetal_HCA_Kidney_Megakaryocytes","Fetal","Urinary system","Fetal_HCA_Kidney","Megakaryocytes","Megakaryocyte","CL:0000556","Kidney","UBERON:0002113",0.00025426163030933,0.0129276589152565,0.356088560885609,0.0293740658474313,1.53203593591193,NA
"JOB3494_IDvCD_upregulated","Upregulated","AdultAdrenalGland_Macrophage","Adult","Endocrine system","AdultAdrenalGland","Macrophage","Macrophage","CL:0000235","Adrenal gland","UBERON:0002369",1.94325807310537e-05,0.0170859186300365,0.280442804428044,0.0303831353112916,1.51736741223312,NA
"JOB3494_IDvCD_upregulated","Upregulated","Fetal_HCA_Stomach_Lymphoid cells","Fetal","Digestive system","Fetal_HCA_Stomach","Lymphoid cells","Innate lymphoid cell","CL:0001065","Stomach","UBERON:0000945",8.36105947332178e-05,0.0151920577698397,0.319188191881919,0.0306899060264273,1.51300444139113,NA
"JOB3494_IDvCD_upregulated","Upregulated","Fetal_HCA_Spleen_Stromal cells","Fetal","Lymphatic system","Fetal_HCA_Spleen","Stromal cells","Stromal cell","CL:0000499","Spleen","UBERON:0002106",0.00074307309649093,0.0127218044739308,0.389667896678967,0.0312650532786558,1.50494082690314,NA
"JOB3494_IDvCD_upregulated","Upregulated","FetalRib_Endothelial cell","Fetal","Skeletal system","FetalRib","Endothelial cell","Endothelial cell","CL:0000115","Rib","UBERON:0002228",0.00108105728939986,0.0126394626974005,0.397785977859779,0.0316388083590821,1.49977988209032,NA
"JOB3494_IDvCD_upregulated","Upregulated","Fetal_HCA_Pancreas_ENS glia","Fetal","Digestive system","Fetal_HCA_Pancreas","ENS glia","Glial cell","CL:0000125","Pancreas","UBERON:0001264",0.0003334268718443,0.0139157602336201,0.361623616236162,0.0316624465954486,1.49945552971846,NA
"JOB3494_IDvCD_upregulated","Upregulated","FetalCalvaria_Fetal mesenchymal progenitor","Fetal","Skeletal system","FetalCalvaria","Fetal mesenchymal progenitor","Mesenchymal stem cell","CL:0000134","Vault of skull","UBERON:0004339",0.00092574319857733,0.0127629753621959,0.395571955719557,0.0317492469302472,1.49826657140876,NA
"JOB3494_IDvCD_upregulated","Upregulated","AdultCerebellum_Macrophage","Adult","Nervous system","AdultCerebellum","Macrophage","Microglial cell","CL:0000129","Cerebellum","UBERON:0002037",5.25709922920775e-06,0.0206266150208392,0.245756457564576,0.031857351245991,1.49679033610145,NA
"JOB3494_IDvCD_upregulated","Upregulated","TS_Thymus_vein endothelial cell","Adult","Lymphatic system","TS_Thymus","vein endothelial cell","Endothelial cell","CL:0000115","Thymus","UBERON:0002370",3.87266475259815e-16,0.181975326131955,0.0280442804428044,0.0320381972388419,1.49433192926851,NA
"JOB3494_IDvCD_upregulated","Upregulated","TS_Prostate_macrophage","Adult","Reproductive system","TS_Prostate","macrophage","Macrophage","CL:0000235","Prostate gland","UBERON:0002367",2.93612031250111e-13,0.0907818086246517,0.0568265682656827,0.0323305623719927,1.4903867410139,NA
"JOB3494_IDvCD_upregulated","Upregulated","TS_Lung_intermediate monocyte","Adult","Respiratory system","TS_Lung","intermediate monocyte","Monocyte","CL:0000576","Lung","UBERON:0002048",1.61128233790003e-09,0.0462760784100266,0.114022140221402,0.0329490504105707,1.48215709722754,NA
"JOB3494_IDvCD_upregulated","Upregulated","Voigt_2019_retina_2_Choriocapillaris","Adult","Sensory system","Voigt_2019_retina_2","Choriocapillaris","Capillary endothelial cell","CL:0002144","Retina","UBERON:0000966",0.00038509864722389,0.0145744944458625,0.364944649446494,0.0331711750793795,1.47923914345034,NA
"JOB3494_IDvCD_upregulated","Upregulated","TS_Eye_monocyte","Adult","Sensory system","TS_Eye","monocyte","Monocyte","CL:0000576","Eye","UBERON:0000970",6.40709751358304e-14,0.104903423299598,0.0523985239852399,0.0340998085353679,1.46724805949039,NA
"JOB3494_IDvCD_upregulated","Upregulated","TS_Lymph_Node_intermediate monocyte","Adult","Lymphatic system","TS_Lymph_Node","intermediate monocyte","Monocyte","CL:0000576","Lymph node","UBERON:0000029",2.07804525513506e-15,0.163736622630494,0.0335793357933579,0.0341070022810432,1.46715644975157,NA
"JOB3494_IDvCD_upregulated","Upregulated","FetalSpinalCord_Monocyte","Fetal","Nervous system","FetalSpinalCord","Monocyte","Monocyte","CL:0000576","Spinal cord","UBERON:0002240",8.87099656487434e-05,0.0171270895183016,0.321033210332103,0.0341080299306176,1.4671433645847,NA
"JOB3494_IDvCD_upregulated","Upregulated","Fetal_HCA_Eye_Astrocytes","Fetal","Sensory system","Fetal_HCA_Eye","Astrocytes","Astrocyte","CL:0000127","Eye","UBERON:0000970",0.00116562016867494,0.0135040513509686,0.407749077490775,0.0341491300991734,1.46662035487969,NA
"JOB3494_IDvCD_upregulated","Upregulated","TS_Liver_endothelial cell","Adult","Digestive system","TS_Liver","endothelial cell","Endothelial cell","CL:0000115","Liver","UBERON:0002107",9.83174218320194e-13,0.0933755745853561,0.0597785977859779,0.0345418562614923,1.46165432738057,NA
"JOB3494_IDvCD_upregulated","Upregulated","Lake_2017_VisualCortex_Ex6a","Adult","Nervous system","Lake_2017_VisualCortex","Ex6a","Excitatory neuron","CL:0008030","Visual cortex","UBERON:0000411",0.00034474358502224,0.0154802539876957,0.362361623616236,0.0346849266282097,1.45985921986122,NA
"JOB3494_IDvCD_upregulated","Upregulated","Fetal_HCA_Cerebellum_10k_Vascular endothelial cells","Fetal","Nervous system","Fetal_HCA_Cerebellum_10k","Vascular endothelial cells","Endothelial cell","CL:0000115","Cerebellum","UBERON:0002037",5.55711861249953e-06,0.0228910138754224,0.246494464944649,0.0348561803123014,1.45772020644518,NA
"JOB3494_IDvCD_upregulated","Upregulated","Fetal_HCA_Thymus_Antigen presenting cells","Fetal","Lymphatic system","Fetal_HCA_Thymus","Antigen presenting cells","Professional antigen presenting cell","CL:0000145","Thymus","UBERON:0002370",7.47679394978452e-05,0.0183210452779909,0.314391143911439,0.0354631384483031,1.45022283245576,NA
"JOB3494_IDvCD_upregulated","Upregulated","Fetal_HCA_Kidney_Ureteric bud cells","Fetal","Urinary system","Fetal_HCA_Kidney","Ureteric bud cells","Epithelial cell","CL:0000066","Kidney","UBERON:0002113",0.00025426163030933,0.0163036717529987,0.356088560885609,0.0356979891811705,1.44735624641209,NA
"JOB3494_IDvCD_upregulated","Upregulated","CordBlood_Monocyte","Neonatal","Reproductive system","CordBlood","Monocyte","Monocyte","CL:0000576","Umbilical cord blood","UBERON:0012168",0.0004116598680461,0.0160978173116729,0.368265682656827,0.03632859287326,1.43975142347539,NA
"JOB3494_IDvCD_upregulated","Upregulated","Voigt_2019_retina_2_Artery","Adult","Sensory system","Voigt_2019_retina_2","Artery","Endothelial cell","CL:0000115","Retina","UBERON:0000966",0.00038509864722389,0.0164683553060593,0.364944649446494,0.036747321620626,1.4347743095804,NA
"JOB3494_IDvCD_upregulated","Upregulated","FetalLiver_Macrophage","Fetal","Digestive system","FetalLiver","Macrophage","Macrophage","CL:0000235","Liver","UBERON:0002107",1.36673080978198e-05,0.0225204758810361,0.26789667896679,0.0368655333792294,1.43337947824046,NA
"JOB3494_IDvCD_upregulated","Upregulated","TS_Lymph_Node_cd1c-positive myeloid dendritic cell","Adult","Lymphatic system","TS_Lymph_Node","cd1c-positive myeloid dendritic cell","Dendritic cell","CL:0000451","Lymph node","UBERON:0000029",1.06496378903775e-14,0.154637856323897,0.0391143911439114,0.0369442402306602,1.43245326040917,NA
"JOB3494_IDvCD_upregulated","Upregulated","FetalFemaleGonad_Dendritic cell","Fetal","Reproductive system","FetalFemaleGonad","Dendritic cell","Dendritic cell","CL:0000451","Immature gonad","UBERON:2005272",3.50308676165528e-06,0.0258141469422479,0.235424354243542,0.0370908377095225,1.43073335786808,NA
"JOB3494_IDvCD_upregulated","Upregulated","FetalHeart_Macrophage","Fetal","Cardiovascular system","FetalHeart","Macrophage","Macrophage","CL:0000235","Heart","UBERON:0000948",4.28125799186218e-06,0.0256082925009222,0.240590405904059,0.0375180664026331,1.42575955228406,NA
"JOB3494_IDvCD_upregulated","Upregulated","TS_Lymph_Node_macrophage","Adult","Lymphatic system","TS_Lymph_Node","macrophage","Macrophage","CL:0000235","Lymph node","UBERON:0000029",2.07804525513506e-15,0.18625709851153,0.0335793357933579,0.0379921130652228,1.4203065509558,NA
"JOB3494_IDvCD_upregulated","Upregulated","AdultGallbladder_Endothelial cell","Adult","Digestive system","AdultGallbladder","Endothelial cell","Endothelial cell","CL:0000115","Gall bladder","UBERON:0002110",0.00207100339116466,0.0144098108928019,0.434686346863469,0.0380395950093106,1.41976411545066,NA
"JOB3494_IDvCD_upregulated","Upregulated","Fetal_HCA_Muscle_Smooth muscle cells","Fetal","Muscular system","Fetal_HCA_Muscle","Smooth muscle cells","Smooth muscle cell","CL:0000192","Muscle organ","UBERON:0001630",0.00113586067791656,0.0154802539876957,0.405535055350554,0.038110791715719,1.41895202907626,NA
"JOB3494_IDvCD_upregulated","Upregulated","Lake_2017_FrontalCortex_Per","Adult","Nervous system","Lake_2017_FrontalCortex","Per","Pericyte cell","CL:0000669","Frontal cortex","UBERON:0001870",2.87353414022644e-05,0.0217382290039982,0.292250922509225,0.0384918235814168,1.41463151336407,NA
"JOB3494_IDvCD_upregulated","Upregulated","AdultEsophagus_Dendritic cell","Adult","Digestive system","AdultEsophagus","Dendritic cell","Dendritic cell","CL:0000451","Esophagus","UBERON:0001043",4.80683104342402e-05,0.0213676910096119,0.300369003690037,0.038821197228695,1.41093107528979,NA
"JOB3494_IDvCD_upregulated","Upregulated","TS_Eye_endothelial cell","Adult","Sensory system","TS_Eye","endothelial cell","Endothelial cell","CL:0000115","Eye","UBERON:0000970",3.06494601182148e-13,0.110585005880188,0.0583025830258303,0.0389685476846907,1.40928577958781,NA
"JOB3494_IDvCD_upregulated","Upregulated","AdultThyroid_Dendritic cell","Adult","Endocrine system","AdultThyroid","Dendritic cell","Dendritic cell","CL:0000451","Thyroid gland","UBERON:0002046",2.13245753936882e-05,0.023055697428483,0.281918819188192,0.0392328642019639,1.40634998497011,NA
"JOB3494_IDvCD_upregulated","Upregulated","FetalMuscle_Endothelial cell","Fetal","Muscular system","FetalMuscle","Endothelial cell","Endothelial cell","CL:0000115","Muscle organ","UBERON:0001630",0.00025106008090482,0.018609241495847,0.354981549815498,0.0397663322418453,1.40048446334099,NA
"JOB3494_IDvCD_upregulated","Upregulated","AdultCerebellum_Monocyte","Adult","Nervous system","AdultCerebellum","Monocyte","Monocyte","CL:0000576","Cerebellum","UBERON:0002037",0.00091881238427494,0.0169212350769759,0.394833948339483,0.0401430966123901,1.39638912936218,NA
"JOB3494_IDvCD_upregulated","Upregulated","Fetal_HCA_Eye_Retinal progenitors and Muller glia","Fetal","Sensory system","Fetal_HCA_Eye","Retinal progenitors and Muller glia","Mueller cell","CL:0000636","Eye","UBERON:0000970",0.00116562016867494,0.0167977224121805,0.407749077490775,0.0409833117141676,1.38739295074017,NA
"JOB3494_IDvCD_upregulated","Upregulated","TS_Kidney_cd4-positive helper t cell","Adult","Urinary system","TS_Kidney","cd4-positive helper t cell","T cell","CL:0000084","Kidney","UBERON:0002113",0.0007614745063604,0.0175799692892183,0.390405904059041,0.0410534067073748,1.38665079828082,NA
"JOB3494_IDvCD_upregulated","Upregulated","TS_Bladder_macrophage","Adult","Urinary system","TS_Bladder","macrophage","Macrophage","CL:0000235","Bladder organ","UBERON:0018707",2.48712316011139e-15,0.19169165576253,0.0361623616236162,0.0413952933073932,1.38304903585568,NA
"JOB3494_IDvCD_upregulated","Upregulated","AdultStomach_Dendritic cell","Adult","Digestive system","AdultStomach","Dendritic cell","Dendritic cell","CL:0000451","Stomach","UBERON:0000945",2.34207220693736e-05,0.0244966785177632,0.283394833948339,0.0414460417142462,1.38251694023427,NA
"JOB3494_IDvCD_upregulated","Upregulated","NeonatalAdrenalGland_Monocyte","Neonatal","Endocrine system","NeonatalAdrenalGland","Monocyte","Monocyte","CL:0000576","Adrenal gland","UBERON:0002369",4.05950332841372e-05,0.0241261405233768,0.295940959409594,0.042425754367205,1.372370426804,NA
"JOB3494_IDvCD_upregulated","Upregulated","AdultUterus_Endothelial cell (APC)","Adult","Reproductive system","AdultUterus","Endothelial cell (APC)","Endothelial cell","CL:0000115","Uterus","UBERON:0000995",0.00015053772105735,0.0212853492330816,0.33690036900369,0.0425795270246366,1.37079916703417,NA
"JOB3494_IDvCD_upregulated","Upregulated","TS_Pancreas_endothelial cell","Adult","Digestive system","TS_Pancreas","endothelial cell","Endothelial cell","CL:0000115","Pancreas","UBERON:0001264",4.8143550510606e-16,0.228951309642489,0.0313653136531365,0.0426293296531768,1.37029149658616,NA
"JOB3494_IDvCD_upregulated","Upregulated","FetalAdrenalGland_Dendritic cell","Fetal","Endocrine system","FetalAdrenalGland","Dendritic cell","Dendritic cell","CL:0000451","Adrenal gland","UBERON:0002369",1.93382165971628e-05,0.0261023431601039,0.278966789667897,0.0431250094067368,1.36527079718723,NA
"JOB3494_IDvCD_upregulated","Upregulated","TS_Thymus_dendritic cell","Adult","Lymphatic system","TS_Thymus","dendritic cell","Dendritic cell","CL:0000451","Thymus","UBERON:0002370",9.88245441230178e-11,0.0824652891950918,0.0892988929889299,0.0435300133732407,1.36121119941913,NA
"JOB3494_IDvCD_upregulated","Upregulated","TS_Pancreas_myeloid cell","Adult","Digestive system","TS_Pancreas","myeloid cell","Myeloid cell","CL:0000763","Pancreas","UBERON:0001264",4.8143550510606e-16,0.236032702424094,0.0313653136531365,0.0437223314293803,1.35929668798678,NA
"JOB3494_IDvCD_upregulated","Upregulated","TS_Lymph_Node_classical monocyte","Adult","Lymphatic system","TS_Lymph_Node","classical monocyte","Monocyte","CL:0000576","Lymph node","UBERON:0000029",5.2941768339874e-14,0.152867508128495,0.0487084870848708,0.0439317137659191,1.35722185467766,NA
"JOB3494_IDvCD_upregulated","Upregulated","AdultLung_Fetal mesenchymal progenitor","Adult","Respiratory system","AdultLung","Fetal mesenchymal progenitor","Mesenchymal stem cell","CL:0000134","Lung","UBERON:0002048",0.00211372090064644,0.0171682604065668,0.436162361623616,0.0441383973972442,1.35518343950623,NA
"JOB3494_IDvCD_upregulated","Upregulated","FetalAdrenalGland_Monocyte","Fetal","Endocrine system","FetalAdrenalGland","Monocyte","Monocyte","CL:0000576","Adrenal gland","UBERON:0002369",5.49529139339003e-05,0.0248260456238843,0.302583025830258,0.0442548031159743,1.35403958703257,NA
"JOB3494_IDvCD_upregulated","Upregulated","FetalSpinalCord_Fetal chondrocyte","Fetal","Nervous system","FetalSpinalCord","Fetal chondrocyte","Chondrocyte","CL:0000138","Spinal cord","UBERON:0002240",0.00160452393831504,0.0177446528422789,0.426937269372694,0.0445671502471378,1.35098513507494,NA
"JOB3494_IDvCD_upregulated","Upregulated","Fetal_HCA_Spleen_Vascular endothelial cells","Fetal","Lymphatic system","Fetal_HCA_Spleen","Vascular endothelial cells","Endothelial cell","CL:0000115","Spleen","UBERON:0002106",0.00188033668296268,0.0175799692892183,0.431734317343173,0.0446356057483523,1.35031856705385,NA
"JOB3494_IDvCD_upregulated","Upregulated","AdultSpleen_Macrophage","Adult","Lymphatic system","AdultSpleen","Macrophage","Macrophage","CL:0000235","Spleen","UBERON:0002106",0.00015830210923881,0.0228498429871572,0.338007380073801,0.0452862362054471,1.34403377256346,NA
"JOB3494_IDvCD_upregulated","Upregulated","Fetal_HCA_Adrenal_CSH1_CSH2 positive cells","Fetal","Endocrine system","Fetal_HCA_Adrenal","CSH1_CSH2 positive cells","Trophoblast cell","CL:0000351","Adrenal gland","UBERON:0002369",0.00145873146899855,0.0182387035014606,0.423616236162362,0.0452998309610541,1.34390341857919,NA
"JOB3494_IDvCD_upregulated","Upregulated","TS_Trachea_macrophage","Adult","Respiratory system","TS_Trachea","macrophage","Macrophage","CL:0000235","Trachea","UBERON:0003126",6.07455307227051e-14,0.156819913401949,0.0494464944649447,0.0454358706057159,1.34260114592915,NA
"JOB3494_IDvCD_upregulated","Upregulated","FetalSpinalCord_Endothelial cell","Fetal","Nervous system","FetalSpinalCord","Endothelial cell","Endothelial cell","CL:0000115","Spinal cord","UBERON:0002240",0.00160452393831504,0.0181975326131955,0.426937269372694,0.0455087970317489,1.34190464437448,NA
"JOB3494_IDvCD_upregulated","Upregulated","AdultLiver_Sinusoidal endothelial cell","Adult","Digestive system","AdultLiver","Sinusoidal endothelial cell","Endothelial cell","CL:0000115","Liver","UBERON:0002107",0.00150361066652934,0.018609241495847,0.424723247232472,0.046161336359599,1.33572162694941,NA
"JOB3494_IDvCD_upregulated","Upregulated","AdultThyroid_Endothelial cell (APC)","Adult","Endocrine system","AdultThyroid","Endothelial cell (APC)","Endothelial cell","CL:0000115","Thyroid gland","UBERON:0002046",0.0004487096145683,0.0214088618978771,0.370479704797048,0.0462957125163322,1.33445922748567,NA
"JOB3494_IDvCD_upregulated","Upregulated","FetalPancreas_Monocyte","Fetal","Digestive system","FetalPancreas","Monocyte","Monocyte","CL:0000576","Pancreas","UBERON:0001264",8.59705267322173e-05,0.0250730709534752,0.32029520295203,0.0467750872429087,1.32998539379955,NA
"JOB3494_IDvCD_upregulated","Upregulated","Fetal_HCA_Placenta_Megakaryocytes","Fetal","Reproductive system","Fetal_HCA_Placenta","Megakaryocytes","Megakaryocyte","CL:0000556","Placenta","UBERON:0001987",0.00279298037372319,0.0179093363953395,0.456088560885609,0.0474370852784217,1.32388200358954,NA
"JOB3494_IDvCD_upregulated","Upregulated","VentoTormo_2018_decidua_maternal endothelial cell (Endo m)","Maternal-Fetal","Reproductive system","VentoTormo_2018_decidua","maternal endothelial cell (Endo m)","Endothelial cell","CL:0000115","Decidua","UBERON:0002450",2.25601513760123e-09,0.069455288503305,0.118819188191882,0.047842296069105,1.32018798566234,NA
"JOB3494_IDvCD_upregulated","Upregulated","FetalEyes_Endothelial cell","Fetal","Sensory system","FetalEyes","Endothelial cell","Endothelial cell","CL:0000115","Eye","UBERON:0000970",0.00115428361208719,0.0205031023560438,0.406642066420664,0.0482486804551869,1.31651455960241,NA
"JOB3494_IDvCD_upregulated","Upregulated","TS_Mammary_t cell","Adult","Endocrine system","TS_Mammary","t cell","T cell","CL:0000084","Mammary gland","UBERON:0001911",2.81015421374335e-06,0.0375478500978151,0.222509225092251,0.0483315691194482,1.31576910494687,NA
"JOB3494_IDvCD_upregulated","Upregulated","TS_Thymus_macrophage","Adult","Lymphatic system","TS_Thymus","macrophage","Macrophage","CL:0000235","Thymus","UBERON:0002370",5.22098441936669e-14,0.18193415524369,0.0468634686346863,0.04914959012863,1.30848009951275,NA
"JOB3494_IDvCD_upregulated","Upregulated","TS_Fat_endothelial cell","Adult","Integumentary system","TS_Fat","endothelial cell","Endothelial cell","CL:0000115","Perirenal fat","UBERON:0005406",5.21681520683653e-14,0.186915832723773,0.0457564575645756,0.0492760058353729,1.30736450201973,NA
"JOB3494_IDvCD_upregulated","Upregulated","Madissoon_2020_lung_DC_Monocyte_Dividing","Adult","Respiratory system","Madissoon_2020_lung","DC_Monocyte_Dividing","Dendritic cell","CL:0000451","Lung","UBERON:0002048",0.00044796800390784,0.0231792100932784,0.369372693726937,0.0493196207438074,1.30698027168508,NA
"JOB3494_IDvCD_upregulated","Upregulated","Fetal_HCA_Intestine_Smooth muscle cells","Fetal","Digestive system","Fetal_HCA_Intestine","Smooth muscle cells","Smooth muscle cell","CL:0000192","Intestine","UBERON:0000160",0.00098671983639403,0.0217793998922634,0.396678966789668,0.0496889782759885,1.30373993329396,NA
"JOB3494_IDvCD_upregulated","Upregulated","FetalFemaleGonad_Endothelial cell","Fetal","Reproductive system","FetalFemaleGonad","Endothelial cell","Endothelial cell","CL:0000115","Immature gonad","UBERON:2005272",0.00026591806669801,0.0242496531881723,0.35719557195572,0.0497955657402435,1.30280932913356,NA
"JOB3494_IDvCD_upregulated","Upregulated","TS_Prostate_t cell","Adult","Reproductive system","TS_Prostate","t cell","T cell","CL:0000084","Prostate gland","UBERON:0002367",9.32882507493913e-06,0.0339248119304821,0.256826568265683,0.0500372468533654,1.30070659404826,NA
"JOB3494_IDvCD_upregulated","Upregulated","Fetal_HCA_Cerebellum_10k_Inhibitory interneurons","Fetal","Nervous system","Fetal_HCA_Cerebellum_10k","Inhibitory interneurons","Inhibitory neuron","CL:0008029","Cerebellum","UBERON:0002037",0.00013043676863679,0.0265140520427554,0.329889298892989,0.0501980101392011,1.29931349804806,NA
"JOB3494_IDvCD_upregulated","Upregulated","TS_Large_Intestine_monocyte","Adult","Digestive system","TS_Large_Intestine","monocyte","Monocyte","CL:0000576","Large intestine","UBERON:0000059",6.21047322080329e-14,0.174482224467698,0.0501845018450185,0.0502435070227766,1.29892005423339,NA
"JOB3494_IDvCD_upregulated","Upregulated","TS_Liver_fibroblast","Adult","Digestive system","TS_Liver","fibroblast","Fibroblast","CL:0000057","Liver","UBERON:0002107",3.48456183814999e-10,0.0878998464460914,0.0996309963099631,0.050249409327578,1.29886903892799,NA
"JOB3494_IDvCD_upregulated","Upregulated","VentoTormo_2018_decidua_CD16-positive natural killer cell (NK CD16+)","Maternal-Fetal","Reproductive system","VentoTormo_2018_decidua","CD16-positive natural killer cell (NK CD16+)","Natural killer cell","CL:0000623","Decidua","UBERON:0002450",0.00134937585905335,0.0207912985738998,0.42140221402214,0.0502681227809454,1.29870733281647,NA
"JOB3494_IDvCD_upregulated","Upregulated","TS_Lung_non-classical monocyte","Adult","Respiratory system","TS_Lung","non-classical monocyte","Monocyte","CL:0000576","Lung","UBERON:0002048",1.61128233790003e-09,0.0771130737206225,0.114022140221402,0.0504153931017134,1.2974368421565,NA
"JOB3494_IDvCD_upregulated","Upregulated","TS_Bladder_capillary endothelial cell","Adult","Urinary system","TS_Bladder","capillary endothelial cell","Capillary endothelial cell","CL:0002144","Bladder organ","UBERON:0018707",6.25860177187005e-14,0.17633491443963,0.0509225092250922,0.0512977926419884,1.28990132229616,NA
"JOB3494_IDvCD_upregulated","Upregulated","Fetal_HCA_Thymus_Vascular endothelial cells","Fetal","Lymphatic system","Fetal_HCA_Thymus","Vascular endothelial cells","Endothelial cell","CL:0000115","Thymus","UBERON:0002370",0.00222611830465264,0.0204619314677786,0.439114391143911,0.0513247117319912,1.28967348118888,NA
"JOB3494_IDvCD_upregulated","Upregulated","AdultHeart_Macrophage","Adult","Cardiovascular system","AdultHeart","Macrophage","Macrophage","CL:0000235","Heart","UBERON:0000948",0.0003539922453826,0.0250319000652101,0.36309963099631,0.0518139212667219,1.28555353915359,NA
"JOB3494_IDvCD_upregulated","Upregulated","CordBloodCD34P_Antigen presenting cell (RPS high)","Neonatal","Reproductive system","CordBloodCD34P","Antigen presenting cell (RPS high)","Professional antigen presenting cell","CL:0000145","Umbilical cord blood","UBERON:0012168",0.00287535383566086,0.0199678808085969,0.456826568265683,0.0519679730839031,1.28426422171173,NA
"JOB3494_IDvCD_upregulated","Upregulated","FetalLung_Dendritic cell","Fetal","Respiratory system","FetalLung","Dendritic cell","Dendritic cell","CL:0000451","Lung","UBERON:0002048",3.35879108901327e-05,0.0319897801820201,0.29409594095941,0.0533078624913539,1.27320873122145,NA
"JOB3494_IDvCD_upregulated","Upregulated","TS_Skin_macrophage","Adult","Integumentary system","TS_Skin","macrophage","Macrophage","CL:0000235","Skin of body","UBERON:0002097",9.78206577903456e-11,0.10827943613734,0.0878228782287823,0.0537802238012789,1.26937739483384,NA
"JOB3494_IDvCD_upregulated","Upregulated","TS_Uterus_endothelial cell","Adult","Reproductive system","TS_Uterus","endothelial cell","Endothelial cell","CL:0000115","Uterus","UBERON:0000995",2.46748327141586e-13,0.177281844869728,0.0538745387453875,0.0539736419601292,1.26781827621266,NA
"JOB3494_IDvCD_upregulated","Upregulated","TS_Spleen_classical monocyte","Adult","Lymphatic system","TS_Spleen","classical monocyte","Monocyte","CL:0000576","Spleen","UBERON:0002106",1.27622951775383e-14,0.231339221161868,0.0413284132841328,0.0540197075791934,1.26744777107575,NA
"JOB3494_IDvCD_upregulated","Upregulated","TS_Eye_limbal stromal cell","Adult","Sensory system","TS_Eye","limbal stromal cell","Stromal cell","CL:0000499","Eye","UBERON:0000970",1.42083392064899e-12,0.151755894145336,0.0642066420664207,0.0548682522971001,1.26067887304273,NA
"JOB3494_IDvCD_upregulated","Upregulated","TS_Salivary_Gland_monocyte","Adult","Digestive system","TS_Salivary_Gland","monocyte","Monocyte","CL:0000576","Saliva-secreting gland","UBERON:0001044",3.00163127494507e-13,0.16937703432282,0.0575645756457565,0.0548978001934992,1.26044505778972,NA
"JOB3494_IDvCD_upregulated","Upregulated","TS_Lung_dendritic cell","Adult","Respiratory system","TS_Lung","dendritic cell","Dendritic cell","CL:0000451","Lung","UBERON:0002048",8.01757569546164e-08,0.0606858893028284,0.161254612546125,0.0550633319065718,1.25913751279635,NA
"JOB3494_IDvCD_upregulated","Upregulated","Madissoon_2020_spleen_T_CD4_reg","Adult","Lymphatic system","Madissoon_2020_spleen","T_CD4_reg","T cell","CL:0000084","Spleen","UBERON:0002106",0.00160710153710976,0.0228498429871572,0.428413284132841,0.0550785846156262,1.25901722857345,NA
"JOB3494_IDvCD_upregulated","Upregulated","TS_Skin_cd1c-positive myeloid dendritic cell","Adult","Integumentary system","TS_Skin","cd1c-positive myeloid dendritic cell","Myeloid cell","CL:0000763","Skin of body","UBERON:0002097",2.70902882218998e-07,0.0548807940574425,0.179335793357934,0.0553232494731866,1.25709231903944,NA
"JOB3494_IDvCD_upregulated","Upregulated","AdultSigmoidColon_Dendritic cell","Adult","Digestive system","AdultSigmoidColon","Dendritic cell","Dendritic cell","CL:0000451","Sigmoid colon","UBERON:0001159",0.00030205129406289,0.0278315204672402,0.357933579335793,0.0558758760254975,1.25277565491044,NA
"JOB3494_IDvCD_upregulated","Upregulated","Fetal_HCA_Muscle_Satellite cells","Fetal","Muscular system","Fetal_HCA_Muscle","Satellite cells","Skeletal muscle satellite cell","CL:0000594","Muscle organ","UBERON:0001630",0.0027658128527384,0.0224381341045058,0.453136531365314,0.0568218483719273,1.24548464311093,NA
"JOB3494_IDvCD_upregulated","Upregulated","TS_Prostate_cd8-positive, alpha-beta t cell","Adult","Reproductive system","TS_Prostate","cd8-positive, alpha-beta t cell","T cell","CL:0000084","Prostate gland","UBERON:0002367",7.45778864082638e-05,0.0326073435059974,0.312915129151291,0.0569860228931067,1.24423165177944,NA
"JOB3494_IDvCD_upregulated","Upregulated","TS_Prostate_basal cell of prostate epithelium","Adult","Reproductive system","TS_Prostate","basal cell of prostate epithelium","Basal cell","CL:0000646","Prostate gland","UBERON:0002367",1.36511890358398e-12,0.16394247707182,0.0627306273062731,0.057356556511073,1.24141693009358,NA
"JOB3494_IDvCD_upregulated","Upregulated","AdultTransverseColon_Smooth muscle cell","Adult","Digestive system","AdultTransverseColon","Smooth muscle cell","Smooth muscle cell","CL:0000192","Transverse colon","UBERON:0001157",0.00127678733238258,0.0245378494060283,0.419926199261993,0.0574474916543699,1.24072892928114,NA
"JOB3494_IDvCD_upregulated","Upregulated","AdultFallopiantube_Stromal cell","Adult","Reproductive system","AdultFallopiantube","Stromal cell","Stromal cell","CL:0000499","Fallopian tube","UBERON:0003889",0.00451150558266526,0.0224381341045058,0.467158671586716,0.058260729908707,1.23462407869671,NA
"JOB3494_IDvCD_upregulated","Upregulated","TS_Skin_stromal cell","Adult","Integumentary system","TS_Skin","stromal cell","Stromal cell","CL:0000499","Skin of body","UBERON:0002097",2.48248091703828e-13,0.190827067108962,0.0553505535055351,0.0586260495209959,1.23190936948629,NA
"JOB3494_IDvCD_upregulated","Upregulated","AdultBladder_Monocyte","Adult","Urinary system","AdultBladder","Monocyte","Monocyte","CL:0000576","Bladder organ","UBERON:0018707",0.00016842328841942,0.0317839257406944,0.340959409594096,0.0598722684012869,1.22277428727775,NA
"JOB3494_IDvCD_upregulated","Upregulated","Segerstolpe_2016_PancreaticIslets_pancreatic PP cell","Adult","Digestive system","Segerstolpe_2016_PancreaticIslets","pancreatic PP cell","Pancreatic PP cell","CL:0002275","Pancreas","UBERON:0001264",0.00014267321361105,0.0329367106121185,0.335055350553506,0.0607690487199998,1.21631756205467,NA
"JOB3494_IDvCD_upregulated","Upregulated","Madissoon_2020_lung_Muscle_cells","Adult","Respiratory system","Madissoon_2020_lung","Muscle_cells","Muscle cell","CL:0000187","Lung","UBERON:0002048",0.00109316025288324,0.027790349578975,0.398892988929889,0.0609931616393049,1.21471885398587,NA
"JOB3494_IDvCD_upregulated","Upregulated","Fetal_HCA_Stomach_Myeloid cells","Fetal","Digestive system","Fetal_HCA_Stomach","Myeloid cells","Myeloid cell","CL:0000763","Stomach","UBERON:0000945",0.00068518541485341,0.0286961091208083,0.388929889298893,0.061332361505523,1.21231031316881,NA
"JOB3494_IDvCD_upregulated","Upregulated","Braga_2020_lung_Macrophages","Adult","Respiratory system","Braga_2020_lung","Macrophages","Macrophage","CL:0000235","Lung","UBERON:0002048",0.00080592101558124,0.0287372800090734,0.391881918819188,0.0617852448172099,1.20911522814056,NA
"JOB3494_IDvCD_upregulated","Upregulated","Fetal_HCA_Liver_Megakaryocytes","Fetal","Digestive system","Fetal_HCA_Liver","Megakaryocytes","Megakaryocyte","CL:0000556","Liver","UBERON:0002107",0.00183792939577986,0.0262670267131645,0.4309963099631,0.0620514486551804,1.2072480749935,NA
"JOB3494_IDvCD_upregulated","Upregulated","Braga_2020_lung_Lymphatic","Adult","Respiratory system","Braga_2020_lung","Lymphatic","Endothelial cell","CL:0000115","Lung","UBERON:0002048",0.00479629893389272,0.0242908240764374,0.470848708487085,0.0625720565261002,1.20361957103718,NA
"JOB3494_IDvCD_upregulated","Upregulated","TS_Uterus_macrophage","Adult","Reproductive system","TS_Uterus","macrophage","Macrophage","CL:0000235","Uterus","UBERON:0000995",9.73105513743895e-11,0.13187035511327,0.0870848708487085,0.0627803478244162,1.20217628249061,NA
"JOB3494_IDvCD_upregulated","Upregulated","TS_Lymph_Node_cd141-positive myeloid dendritic cell","Adult","Lymphatic system","TS_Lymph_Node","cd141-positive myeloid dendritic cell","Dendritic cell","CL:0000451","Lymph node","UBERON:0000029",1.1916756962811e-12,0.190538870891106,0.0619926199261993,0.064241224475968,1.19218618973921,NA
"JOB3494_IDvCD_upregulated","Upregulated","AdultIleum_Dendritic cell","Adult","Digestive system","AdultIleum","Dendritic cell","Dendritic cell","CL:0000451","Ileum","UBERON:0002116",0.00051450942572456,0.031125191528452,0.383763837638376,0.0648295740068725,1.18822683212334,NA
"JOB3494_IDvCD_upregulated","Upregulated","Madissoon_2020_lung_Macrophage_MARCOpos","Adult","Respiratory system","Madissoon_2020_lung","Macrophage_MARCOpos","Macrophage","CL:0000235","Lung","UBERON:0002048",0.00044796800390784,0.0325661726177322,0.369372693726937,0.0652026538473666,1.18573472746115,NA
"JOB3494_IDvCD_upregulated","Upregulated","TS_Vasculature_artery endothelial cell","Adult","Cardiovascular system","TS_Vasculature","artery endothelial cell","Endothelial cell","CL:0000115","Vasculature","UBERON:0002049",8.51397900762922e-11,0.143892254486693,0.0856088560885609,0.0664784568968618,1.17731906998441,NA
"JOB3494_IDvCD_upregulated","Upregulated","AdultLiver_Monocyte","Adult","Digestive system","AdultLiver","Monocyte","Monocyte","CL:0000576","Liver","UBERON:0002107",0.0035681047053456,0.0266375647075509,0.462730627306273,0.0665117184519222,1.17710183122846,NA
"JOB3494_IDvCD_upregulated","Upregulated","Fetal_HCA_Pancreas_CCL19_CCL21 positive cells","Fetal","Digestive system","Fetal_HCA_Pancreas","CCL19_CCL21 positive cells","Mesenchymal stem cell","CL:0000134","Pancreas","UBERON:0001264",0.00207514449031936,0.0283255711264219,0.435424354243542,0.0665452424681288,1.17688298817873,NA
"JOB3494_IDvCD_upregulated","Upregulated","FetalMuscle_Dendritic cell","Fetal","Muscular system","FetalMuscle","Dendritic cell","Dendritic cell","CL:0000451","Muscle organ","UBERON:0001630",9.36922022952746e-05,0.0387006349692393,0.322509225092251,0.0671934267422727,1.17267321011861,NA
"JOB3494_IDvCD_upregulated","Upregulated","AdultPleura_Macrophage","Adult","Respiratory system","AdultPleura","Macrophage","Macrophage","CL:0000235","Pleura","UBERON:0000977",0.00014535845231742,0.0373419956564894,0.335793357933579,0.0674470211993939,1.17103722620309,NA
"JOB3494_IDvCD_upregulated","Upregulated","Madissoon_2020_spleen_Macrophage","Adult","Lymphatic system","Madissoon_2020_spleen","Macrophage","Macrophage","CL:0000235","Spleen","UBERON:0002106",0.00064595869538222,0.0323191472881413,0.388191881918819,0.0674769556339589,1.17084451975804,NA
"JOB3494_IDvCD_upregulated","Upregulated","NeonatalAdrenalGland_Smooth muscle cell","Neonatal","Endocrine system","NeonatalAdrenalGland","Smooth muscle cell","Smooth muscle cell","CL:0000192","Adrenal gland","UBERON:0002369",0.00510464782042118,0.0268434191488766,0.474538745387454,0.0683170615817327,1.16547082156792,NA
"JOB3494_IDvCD_upregulated","Upregulated","FetalMuscle_Fetal neuron","Fetal","Muscular system","FetalMuscle","Fetal neuron","Neuron","CL:0000540","Muscle organ","UBERON:0001630",0.00358875268697851,0.0276668369141796,0.463468634686347,0.0686853313972853,1.16313600200037,NA
"JOB3494_IDvCD_upregulated","Upregulated","AdultBladder_Macrophage","Adult","Urinary system","AdultBladder","Macrophage","Macrophage","CL:0000235","Bladder organ","UBERON:0018707",0.00263999952928205,0.0289843053386643,0.451291512915129,0.0698052647333839,1.15611182152536,NA
"JOB3494_IDvCD_upregulated","Upregulated","FetalLiver_T cell","Fetal","Digestive system","FetalLiver","T cell","T cell","CL:0000084","Liver","UBERON:0002107",0.00125000133253845,0.031948609293755,0.419188191881919,0.0711550745281183,1.14779412212962,NA
"JOB3494_IDvCD_upregulated","Upregulated","TS_Lung_bronchial smooth muscle cell","Adult","Respiratory system","TS_Lung","bronchial smooth muscle cell","Smooth muscle cell","CL:0000192","Lung","UBERON:0002048",2.83351544060046e-06,0.0599036424257906,0.225461254612546,0.0716440009656489,1.14482016893154,NA
"JOB3494_IDvCD_upregulated","Upregulated","TS_Thymus_monocyte","Adult","Lymphatic system","TS_Thymus","monocyte","Monocyte","CL:0000576","Thymus","UBERON:0002370",1.60043762228243e-09,0.120671873505149,0.112915129151292,0.0721588637272709,1.14171031416985,NA
"JOB3494_IDvCD_upregulated","Upregulated","TS_Bladder_endothelial cell of lymphatic vessel","Adult","Urinary system","TS_Bladder","endothelial cell of lymphatic vessel","Endothelial cell","CL:0000115","Bladder organ","UBERON:0018707",9.37734354366492e-06,0.0531516167503063,0.257564575645756,0.0724349039390019,1.14005211149191,NA
"JOB3494_IDvCD_upregulated","Upregulated","AdultBoneMarrow_Dendritic cell","Adult","Lymphatic system","AdultBoneMarrow","Dendritic cell","Dendritic cell","CL:0000451","Bone marrow","UBERON:0002371",0.00051405584000608,0.0361892107850652,0.383025830258303,0.0731694521380822,1.13567019676787,NA
"JOB3494_IDvCD_upregulated","Upregulated","FetalAdrenalGland_Smooth muscle cell","Fetal","Endocrine system","FetalAdrenalGland","Smooth muscle cell","Smooth muscle cell","CL:0000192","Adrenal gland","UBERON:0002369",0.00224414139334632,0.0314545586345732,0.440959409594096,0.073207020573361,1.13544726798442,NA
"JOB3494_IDvCD_upregulated","Upregulated","TS_Liver_macrophage","Adult","Digestive system","TS_Liver","macrophage","Macrophage","CL:0000235","Liver","UBERON:0002107",1.97905050547906e-11,0.184692604757455,0.0760147601476015,0.073929749249283,1.1311807668153,NA
"JOB3494_IDvCD_upregulated","Upregulated","MacParland_2018_liver_Stellate cell","Adult","Digestive system","MacParland_2018_liver","Stellate cell","Hepatic stellate cell","CL:0000632","Liver","UBERON:0002107",0.00297956943624309,0.0312898750815126,0.457564575645756,0.0751119741796604,1.1242908232406,NA
"JOB3494_IDvCD_upregulated","Upregulated","Placenta_Stromal cell","Adult","Reproductive system","Placenta","Stromal cell","Stromal cell","CL:0000499","Placenta","UBERON:0001987",0.005343136072288,0.0303841155396794,0.475276752767528,0.0756368158369818,1.12126676239622,NA
"JOB3494_IDvCD_upregulated","Upregulated","Voigt_2019_retina_2_Pericytes","Adult","Sensory system","Voigt_2019_retina_2","Pericytes","Pericyte cell","CL:0000669","Retina","UBERON:0000966",0.00223526196002514,0.0331425650534443,0.439852398523985,0.0762166176902219,1.11795032807849,NA
"JOB3494_IDvCD_upregulated","Upregulated","TS_Fat_mesenchymal stem cell","Adult","Integumentary system","TS_Fat","mesenchymal stem cell","Mesenchymal stem cell","CL:0000134","Perirenal fat","UBERON:0005406",5.32192899140302e-12,0.225987005687398,0.0664206642066421,0.0780384391692095,1.10769142542537,NA
"JOB3494_IDvCD_upregulated","Upregulated","TS_Uterus_vascular associated smooth muscle cell","Adult","Reproductive system","TS_Uterus","vascular associated smooth muscle cell","Smooth muscle cell","CL:0000192","Uterus","UBERON:0000995",7.89466248165585e-08,0.0953517772220832,0.159409594095941,0.0788341399321083,1.10328566609905,NA
"JOB3494_IDvCD_upregulated","Upregulated","TS_Uterus_myometrial cell","Adult","Reproductive system","TS_Uterus","myometrial cell","Myometrial cell","CL:0002366","Uterus","UBERON:0000995",8.86933573520074e-07,0.0783070294803118,0.197047970479705,0.0797963503716421,1.0980169714275,NA
"JOB3494_IDvCD_upregulated","Upregulated","AdultThyroid_Endothelial cell","Adult","Endocrine system","AdultThyroid","Endothelial cell","Endothelial cell","CL:0000115","Thyroid gland","UBERON:0002046",0.00112214312337683,0.0386594640809741,0.400738007380074,0.0800551684811852,1.09661062413946,NA
"JOB3494_IDvCD_upregulated","Upregulated","Lake_2017_VisualCortex_Per","Adult","Nervous system","Lake_2017_VisualCortex","Per","Pericyte cell","CL:0000669","Visual cortex","UBERON:0000411",0.00013219742923445,0.047223008840125,0.3309963099631,0.0806310102110048,1.09349789897137,NA
"JOB3494_IDvCD_upregulated","Upregulated","FetalAdrenalGland_Antigen presenting cell (RPS high)","Fetal","Endocrine system","FetalAdrenalGland","Antigen presenting cell (RPS high)","Professional antigen presenting cell","CL:0000145","Adrenal gland","UBERON:0002369",0.00224414139334632,0.0356128183493532,0.440959409594096,0.0809351003401498,1.09186309052568,NA
"JOB3494_IDvCD_upregulated","Upregulated","TS_Thymus_endothelial cell of artery","Adult","Lymphatic system","TS_Thymus","endothelial cell of artery","Endothelial cell","CL:0000115","Thymus","UBERON:0002370",5.32571855584175e-12,0.240932038127647,0.0671586715867159,0.0829087724063307,1.08139951521449,NA
"JOB3494_IDvCD_upregulated","Upregulated","TS_Lymph_Node_nk cell","Adult","Lymphatic system","TS_Lymph_Node","nk cell","Natural killer cell","CL:0000623","Lymph node","UBERON:0000029",2.26778069452645e-08,0.111943645192938,0.144649446494465,0.0829578869760014,1.08114231841204,NA
"JOB3494_IDvCD_upregulated","Upregulated","TS_Lymph_Node_non-classical monocyte","Adult","Lymphatic system","TS_Lymph_Node","non-classical monocyte","Monocyte","CL:0000576","Lymph node","UBERON:0000029",1.61574301683343e-09,0.141216146749458,0.115867158671587,0.0836568207238152,1.07749864427774,NA
"JOB3494_IDvCD_upregulated","Upregulated","TS_Vasculature_vein or capillary endothelial cell","Adult","Cardiovascular system","TS_Vasculature","vein or capillary endothelial cell","Capillary endothelial cell","CL:0002144","Vasculature","UBERON:0002049",1.99650702668703e-11,0.213429884766528,0.0767527675276753,0.0837350373033608,1.07709278186887,NA
"JOB3494_IDvCD_upregulated","Upregulated","FetalFemaleGonad_Erythroid cell","Fetal","Reproductive system","FetalFemaleGonad","Erythroid cell","Erythroid lineage cell","CL:0000764","Immature gonad","UBERON:2005272",0.00402235410534516,0.0353246221314971,0.464206642066421,0.0838032401210383,1.0767391897291,NA
"JOB3494_IDvCD_upregulated","Upregulated","Fetal_HCA_Intestine_Lymphoid cells","Fetal","Digestive system","Fetal_HCA_Intestine","Lymphoid cells","Innate lymphoid cell","CL:0001065","Intestine","UBERON:0000160",0.00098671983639403,0.0415825971477997,0.396678966789668,0.0842017536713657,1.07467886334755,NA
"JOB3494_IDvCD_upregulated","Upregulated","Madissoon_2020_spleen_T_CD8_MAIT","Adult","Lymphatic system","Madissoon_2020_spleen","T_CD8_MAIT","T cell","CL:0000084","Spleen","UBERON:0002106",0.00160710153710976,0.0388653185222999,0.428413284132841,0.0848392101997758,1.07140338314788,NA
"JOB3494_IDvCD_upregulated","Upregulated","TS_Thymus_endothelial cell of lymphatic vessel","Adult","Lymphatic system","TS_Thymus","endothelial cell of lymphatic vessel","Endothelial cell","CL:0000115","Thymus","UBERON:0002370",2.33271671053026e-11,0.213265201213468,0.0782287822878229,0.0849745615065534,1.07071106782493,NA
"JOB3494_IDvCD_upregulated","Upregulated","Voigt_2019_retina_2_Macrophage 2","Adult","Sensory system","Voigt_2019_retina_2","Macrophage 2","Macrophage","CL:0000235","Retina","UBERON:0000966",0.00499133986990581,0.0356951601258835,0.473431734317343,0.085856287628208,1.06622789407042,NA
"JOB3494_IDvCD_upregulated","Upregulated","Lake_2017_VisualCortex_End","Adult","Nervous system","Lake_2017_VisualCortex","End","Endothelial cell","CL:0000115","Visual cortex","UBERON:0000411",4.83913784129719e-05,0.0576804144594726,0.301107011070111,0.0877625972695494,1.05669053261723,NA
"JOB3494_IDvCD_upregulated","Upregulated","Lake_2017_FrontalCortex_Ast","Adult","Nervous system","Lake_2017_FrontalCortex","Ast","Astrocyte","CL:0000127","Frontal cortex","UBERON:0001870",0.00055324027073451,0.0452468062033978,0.38450184501845,0.0878821527347595,1.05609931327433,NA
"JOB3494_IDvCD_upregulated","Upregulated","FetalStomach_Dendritic cell","Fetal","Digestive system","FetalStomach","Dendritic cell","Dendritic cell","CL:0000451","Stomach","UBERON:0000945",0.00085744058762674,0.0447527555442161,0.393357933579336,0.0887170310887048,1.05199300026024,NA
"JOB3494_IDvCD_upregulated","Upregulated","Fetal_HCA_Heart_Lymphoid cells","Fetal","Cardiovascular system","Fetal_HCA_Heart","Lymphoid cells","Innate lymphoid cell","CL:0001065","Heart","UBERON:0000948",0.000852829090513,0.0454114897564584,0.392619926199262,0.0896269512573651,1.04756137624931,NA
"JOB3494_IDvCD_upregulated","Upregulated","TS_Tongue_epithelial cell","Adult","Digestive system","TS_Tongue","epithelial cell","Epithelial cell","CL:0000066","Tongue","UBERON:0001723",6.31080896064064e-12,0.260405868277062,0.0686346863468635,0.0898017438992846,1.04671522949659,NA
"JOB3494_IDvCD_upregulated","Upregulated","FetalPancreas_Endothelial cell (APC)","Fetal","Digestive system","FetalPancreas","Endothelial cell (APC)","Endothelial cell","CL:0000115","Pancreas","UBERON:0001264",0.00145543192405432,0.0426942111309587,0.422878228782288,0.0905315772030468,1.04319991346786,NA
"JOB3494_IDvCD_upregulated","Upregulated","TS_Vasculature_macrophage","Adult","Cardiovascular system","TS_Vasculature","macrophage","Macrophage","CL:0000235","Vasculature","UBERON:0002049",3.50906254163159e-10,0.189633111349272,0.100369003690037,0.0944349052967528,1.02486745087317,NA
"JOB3494_IDvCD_upregulated","Upregulated","Fetal_HCA_Muscle_Lymphatic endothelial cells","Fetal","Muscular system","Fetal_HCA_Muscle","Lymphatic endothelial cells","Endothelial cell","CL:0000115","Muscle organ","UBERON:0001630",0.00636173725662055,0.0399357616171937,0.491512915129151,0.0967854114877632,1.01419009917747,NA
"JOB3494_IDvCD_upregulated","Upregulated","TS_Bone_Marrow_cd8-positive, alpha-beta t cell","Adult","Lymphatic system","TS_Bone_Marrow","cd8-positive, alpha-beta t cell","T cell","CL:0000084","Bone marrow","UBERON:0002371",2.7089244123176e-05,0.0694141176150398,0.290036900369004,0.0987589725670239,1.00542343687288,NA
"JOB3494_IDvCD_upregulated","Upregulated","TS_Skin_endothelial cell","Adult","Integumentary system","TS_Skin","endothelial cell","Endothelial cell","CL:0000115","Skin of body","UBERON:0002097",2.30684497392751e-11,0.261064602489305,0.0774907749077491,0.0991392915548265,1.00375418886973,NA
"JOB3494_IDvCD_upregulated","Upregulated","AdultLung_M2 Macrophage","Adult","Respiratory system","AdultLung","M2 Macrophage","Macrophage","CL:0000235","Lung","UBERON:0002048",0.00036039558753261,0.0557453827110106,0.363837638376384,0.09934271798629,1.00286396201444,NA
"JOB3494_IDvCD_upregulated","Upregulated","TS_Prostate_hillock cell of prostate epithelium","Adult","Reproductive system","TS_Prostate","hillock cell of prostate epithelium","Epithelial cell","CL:0000066","Prostate gland","UBERON:0002367",2.51687356595254e-08,0.14018687454283,0.146125461254613,0.100131458786495,0.999429456676829,NA
"JOB3494_IDvCD_upregulated","Upregulated","AdultBladder_Endothelial cell (APC)","Adult","Urinary system","AdultBladder","Endothelial cell (APC)","Endothelial cell","CL:0000115","Bladder organ","UBERON:0018707",0.00263999952928205,0.045576173309519,0.451291512915129,0.100455043425127,0.998028254269461,NA
"JOB3494_IDvCD_upregulated","Upregulated","TS_Blood_classical monocyte","Adult","Lymphatic system","TS_Blood","classical monocyte","Monocyte","CL:0000576","Blood","UBERON:0000178",5.43277291900476e-12,0.304170522502915,0.0678966789667897,0.100781238210094,0.996620310154612,NA
"JOB3494_IDvCD_upregulated","Upregulated","FetalPancreas_Dendritic cell","Fetal","Digestive system","FetalPancreas","Dendritic cell","Dendritic cell","CL:0000451","Pancreas","UBERON:0001264",0.00059565954475267,0.0545102560630562,0.385977859778598,0.102281423186535,0.990203237648452,NA
"JOB3494_IDvCD_upregulated","Upregulated","TS_Thymus_mature nk t cell","Adult","Lymphatic system","TS_Thymus","mature nk t cell","Natural killer cell","CL:0000623","Thymus","UBERON:0002370",6.90522078071289e-05,0.0699081682742216,0.305535055350554,0.10351326236619,0.985004003796825,NA
"JOB3494_IDvCD_upregulated","Upregulated","Fetal_HCA_Placenta_IGFBP1_DKK1 positive cells","Fetal","Reproductive system","Fetal_HCA_Placenta","IGFBP1_DKK1 positive cells","Epithelial cell","CL:0000066","Placenta","UBERON:0001987",0.00641720548582876,0.0438058251141177,0.492619926199262,0.104359179204758,0.981469345327338,NA
"JOB3494_IDvCD_upregulated","Upregulated","TS_Muscle_endothelial cell of artery","Adult","Muscular system","TS_Muscle","endothelial cell of artery","Endothelial cell","CL:0000115","Muscle organ","UBERON:0001630",2.74727300178366e-11,0.263411343120418,0.0822878228782288,0.104726929858741,0.979941627917999,NA
"JOB3494_IDvCD_upregulated","Upregulated","Fetal_HCA_Intestine_ENS glia","Fetal","Digestive system","Fetal_HCA_Intestine","ENS glia","Enteric neural system glia",NA,"Intestine","UBERON:0000160",0.00236814167866303,0.0501461419069505,0.44280442804428,0.106748903644697,0.971636576663626,NA
"JOB3494_IDvCD_upregulated","Upregulated","Lake_2017_VisualCortex_Ast","Adult","Nervous system","Lake_2017_VisualCortex","Ast","Astrocyte","CL:0000127","Visual cortex","UBERON:0000411",0.00013219742923445,0.0672732314252521,0.3309963099631,0.10698585885951,0.970673622549781,NA
"JOB3494_IDvCD_upregulated","Upregulated","TS_Muscle_macrophage","Adult","Muscular system","TS_Muscle","macrophage","Macrophage","CL:0000235","Muscle organ","UBERON:0001630",1.15543095695492e-10,0.244061025635798,0.0940959409594096,0.109630521750555,0.960068519004203,NA
"JOB3494_IDvCD_upregulated","Upregulated","TS_Bone_Marrow_nampt neutrophil","Adult","Lymphatic system","TS_Bone_Marrow","nampt neutrophil","Neutrophil","CL:0000775","Bone marrow","UBERON:0002371",8.97557419372163e-08,0.140310387207625,0.164575645756458,0.110107634907787,0.958182565829704,NA
"JOB3494_IDvCD_upregulated","Upregulated","Braga_2020_lung_NK cell","Adult","Respiratory system","Braga_2020_lung","NK cell","Natural killer cell","CL:0000623","Lung","UBERON:0002048",0.0107131146658073,0.0456996859743145,0.506273062730627,0.110276589102108,0.95751667525616,NA
"JOB3494_IDvCD_upregulated","Upregulated","TS_Muscle_pericyte cell","Adult","Muscular system","TS_Muscle","pericyte cell","Pericyte cell","CL:0000669","Muscle organ","UBERON:0001630",2.74727300178366e-11,0.287043432984613,0.0822878228782288,0.112093194995404,0.950420751951429,NA
"JOB3494_IDvCD_upregulated","Upregulated","Madissoon_2020_lung_DC_2","Adult","Respiratory system","Madissoon_2020_lung","DC_2","Dendritic cell","CL:0000451","Lung","UBERON:0002048",0.00109316025288324,0.0594095917666088,0.398892988929889,0.112384817410147,0.949292355674093,NA
"JOB3494_IDvCD_upregulated","Upregulated","Fetal_HCA_Placenta_PAEP_MECOM positive cells","Fetal","Reproductive system","Fetal_HCA_Placenta","PAEP_MECOM positive cells","Epithelial cell","CL:0000066","Placenta","UBERON:0001987",0.00641720548582876,0.0490345279237915,0.492619926199262,0.114091874460773,0.942745284613405,NA
"JOB3494_IDvCD_upregulated","Upregulated","TS_Vasculature_endothelial cell","Adult","Cardiovascular system","TS_Vasculature","endothelial cell","Endothelial cell","CL:0000115","Vasculature","UBERON:0002049",2.43768632490328e-07,0.136934374369883,0.176752767527675,0.114271078981391,0.942063671862833,NA
"JOB3494_IDvCD_upregulated","Upregulated","VentoTormo_2018_decidua_Hofbauer cell (HB)","Maternal-Fetal","Reproductive system","VentoTormo_2018_decidua","Hofbauer cell (HB)","Hofbauer cell","CL:3000001","Decidua","UBERON:0002450",3.63438950853748e-07,0.130305861359194,0.185977859778598,0.114384467235008,0.941632946278348,NA
"JOB3494_IDvCD_upregulated","Upregulated","TS_Vasculature_lymphatic endothelial cells","Adult","Cardiovascular system","TS_Vasculature","lymphatic endothelial cells","Endothelial cell","CL:0000115","Vasculature","UBERON:0002049",2.43768632490328e-07,0.137840133911716,0.176752767527675,0.114866307154879,0.939807340872568,NA
"JOB3494_IDvCD_upregulated","Upregulated","TS_Fat_macrophage","Adult","Integumentary system","TS_Fat","macrophage","Macrophage","CL:0000235","Perirenal fat","UBERON:0005406",4.04409426244368e-10,0.241055550792443,0.101845018450184,0.115559054204455,0.937196021305749,NA
"JOB3494_IDvCD_upregulated","Upregulated","Fetal_HCA_Intestine_Mesothelial cells","Fetal","Digestive system","Fetal_HCA_Intestine","Mesothelial cells","Mesothelial cell","CL:0000077","Intestine","UBERON:0000160",0.00538538155251002,0.0516282938844958,0.477490774907749,0.115935949004196,0.935781878675101,NA
"JOB3494_IDvCD_upregulated","Upregulated","TS_Bladder_myofibroblast cell","Adult","Urinary system","TS_Bladder","myofibroblast cell","Myofibroblast cell","CL:0000186","Bladder organ","UBERON:0018707",1.145927838605e-10,0.267569602835198,0.0929889298892989,0.116782766799907,0.932621239722701,NA
"JOB3494_IDvCD_upregulated","Upregulated","TS_Uterus_endothelial cell of lymphatic vessel","Adult","Reproductive system","TS_Uterus","endothelial cell of lymphatic vessel","Endothelial cell","CL:0000115","Uterus","UBERON:0000995",1.57934819254676e-09,0.225904663910868,0.112177121771218,0.118478810334267,0.926359315289153,NA
"JOB3494_IDvCD_upregulated","Upregulated","TS_Muscle_tendon cell","Adult","Muscular system","TS_Muscle","tendon cell","Cell of skeletal muscle","CL:0000188","Muscle organ","UBERON:0001630",6.99239421811021e-09,0.193956054617113,0.131365313653137,0.118984759286547,0.924508663663307,NA
"JOB3494_IDvCD_upregulated","Upregulated","TS_Bone_Marrow_cd4-positive, alpha-beta t cell","Adult","Lymphatic system","TS_Bone_Marrow","cd4-positive, alpha-beta t cell","T cell","CL:0000084","Bone marrow","UBERON:0002371",6.96380452218639e-09,0.201655010722696,0.129889298892989,0.121594170229203,0.915087246592731,NA
"JOB3494_IDvCD_upregulated","Upregulated","AdultJeJunum_Dendritic cell","Adult","Digestive system","AdultJeJunum","Dendritic cell","Dendritic cell","CL:0000451","Jejunum","UBERON:0002115",0.00221196663725019,0.0599448133140557,0.438376383763838,0.121905672417895,0.913976085665661,NA
"JOB3494_IDvCD_upregulated","Upregulated","TS_Muscle_endothelial cell of vascular tree","Adult","Muscular system","TS_Muscle","endothelial cell of vascular tree","Endothelial cell","CL:0000115","Muscle organ","UBERON:0001630",1.15543095695492e-10,0.280456090862189,0.0940959409594096,0.122310783194721,0.912535252894025,NA
"JOB3494_IDvCD_upregulated","Upregulated","VentoTormo_2018_decidua_decidual macrophage (dM2)","Maternal-Fetal","Reproductive system","VentoTormo_2018_decidua","decidual macrophage (dM2)","Macrophage","CL:0000235","Decidua","UBERON:0002450",3.63438950853748e-07,0.144468646922405,0.185977859778598,0.124044591352528,0.906422167280211,NA
"JOB3494_IDvCD_upregulated","Upregulated","TS_Bone_Marrow_cd24 neutrophil","Adult","Lymphatic system","TS_Bone_Marrow","cd24 neutrophil","Neutrophil","CL:0000775","Bone marrow","UBERON:0002371",4.67445251889857e-10,0.258429665640335,0.104059040590406,0.124131287806294,0.906118738976619,NA
"JOB3494_IDvCD_upregulated","Upregulated","AdultOmentum_Dendritic cell","Adult","Integumentary system","AdultOmentum","Dendritic cell","Dendritic cell","CL:0000451","Omentum","UBERON:0003688",0.00449349015801267,0.0580097815655938,0.466051660516605,0.124650195599235,0.904307035671224,NA
"JOB3494_IDvCD_upregulated","Upregulated","FetalThymus_Dendritic cell","Fetal","Lymphatic system","FetalThymus","Dendritic cell","Dendritic cell","CL:0000451","Thymus","UBERON:0002370",0.00235769102162411,0.061962186839048,0.442066420664207,0.125932686445402,0.899861532001348,NA
"JOB3494_IDvCD_upregulated","Upregulated","AdultLiver_Macrophage","Adult","Digestive system","AdultLiver","Macrophage","Macrophage","CL:0000235","Liver","UBERON:0002107",0.00150361066652934,0.0657499085594416,0.424723247232472,0.127848996282107,0.893302677186754,NA
"JOB3494_IDvCD_upregulated","Upregulated","TS_Lung_macrophage","Adult","Respiratory system","TS_Lung","macrophage","Macrophage","CL:0000235","Lung","UBERON:0002048",9.96144664578066e-11,0.30836995310596,0.0907749077490775,0.128087724402507,0.892492489925185,NA
"JOB3494_IDvCD_upregulated","Upregulated","Fetal_HCA_Lung_Mesothelial cells","Fetal","Respiratory system","Fetal_HCA_Lung","Mesothelial cells","Mesothelial cell","CL:0000077","Lung","UBERON:0002048",0.00303120455188147,0.0610975981854799,0.458671586715867,0.128200267530646,0.892111068522645,NA
"JOB3494_IDvCD_upregulated","Upregulated","Madissoon_2020_spleen_T_CD8_activated","Adult","Lymphatic system","Madissoon_2020_spleen","T_CD8_activated","T cell","CL:0000084","Spleen","UBERON:0002106",0.00843499547604095,0.0576392435712074,0.495571955719557,0.130127785786272,0.885629959970128,NA
"JOB3494_IDvCD_upregulated","Upregulated","TS_Blood_neutrophil","Adult","Lymphatic system","TS_Blood","neutrophil","Neutrophil","CL:0000775","Blood","UBERON:0000178",1.62428272022858e-09,0.246531278931707,0.116605166051661,0.130775844636873,0.883472466330551,NA
"JOB3494_IDvCD_upregulated","Upregulated","TS_Kidney_cd8-positive, alpha-beta t cell","Adult","Urinary system","TS_Kidney","cd8-positive, alpha-beta t cell","T cell","CL:0000084","Kidney","UBERON:0002113",0.00030377455447801,0.0803655738935692,0.358671586715867,0.131052675130179,0.882554109532967,NA
"JOB3494_IDvCD_upregulated","Upregulated","AdultEsophagus_Smooth muscle cell","Adult","Digestive system","AdultEsophagus","Smooth muscle cell","Smooth muscle cell","CL:0000192","Esophagus","UBERON:0001043",0.0110068914010749,0.0571040220237605,0.508118081180812,0.131728501782661,0.88032024760678,NA
"JOB3494_IDvCD_upregulated","Upregulated","TS_Liver_monocyte","Adult","Digestive system","TS_Liver","monocyte","Monocyte","CL:0000576","Liver","UBERON:0002107",5.33694178308557e-09,0.233027227580739,0.124723247232472,0.131899533321114,0.87975674104517,NA
"JOB3494_IDvCD_upregulated","Upregulated","AdultOmentum_Monocyte","Adult","Integumentary system","AdultOmentum","Monocyte","Monocyte","CL:0000576","Omentum","UBERON:0003688",0.00449349015801267,0.0625385792747601,0.466051660516605,0.132190602104815,0.878799419276244,NA
"JOB3494_IDvCD_upregulated","Upregulated","TS_Blood_monocyte","Adult","Lymphatic system","TS_Blood","monocyte","Monocyte","CL:0000576","Blood","UBERON:0000178",1.00543977248521e-10,0.318497991619186,0.0915129151291513,0.132192267142026,0.878793949054402,NA
"JOB3494_IDvCD_upregulated","Upregulated","TS_Tongue_tongue muscle cell","Adult","Digestive system","TS_Tongue","tongue muscle cell","Muscle cell","CL:0000187","Tongue","UBERON:0001723",9.98423485281276e-07,0.145909628011685,0.204059040590406,0.134404029412544,0.87158771100391,NA
"JOB3494_IDvCD_upregulated","Upregulated","TS_Muscle_t cell","Adult","Muscular system","TS_Muscle","t cell","T cell","CL:0000084","Muscle organ","UBERON:0001630",9.4047340029267e-06,0.115649025136801,0.259778597785978,0.135347984381343,0.868548207411601,NA
"JOB3494_IDvCD_upregulated","Upregulated","Fetal_HCA_Kidney_Lymphoid cells","Fetal","Urinary system","Fetal_HCA_Kidney","Lymphoid cells","Innate lymphoid cell","CL:0001065","Kidney","UBERON:0002113",0.00157135178121081,0.0709374404808503,0.425830258302583,0.135922961902905,0.866707170306814,NA
"JOB3494_IDvCD_upregulated","Upregulated","VentoTormo_2018_decidua_decidual stromal cell (dS1)","Maternal-Fetal","Reproductive system","VentoTormo_2018_decidua","decidual stromal cell (dS1)","Stromal cell","CL:0000499","Decidua","UBERON:0002450",3.63438950853748e-07,0.162748521312131,0.185977859778598,0.136133977664656,0.866033465754772,NA
"JOB3494_IDvCD_upregulated","Upregulated","TS_Vasculature_pericyte cell","Adult","Cardiovascular system","TS_Vasculature","pericyte cell","Pericyte cell","CL:0000669","Vasculature","UBERON:0002049",5.36591741493006e-09,0.242125993887336,0.125461254612546,0.136517856118109,0.864810540517819,NA
"JOB3494_IDvCD_upregulated","Upregulated","AdultEsophagus_Endothelial cell","Adult","Digestive system","AdultEsophagus","Endothelial cell","Endothelial cell","CL:0000115","Esophagus","UBERON:0001043",0.0110068914010749,0.0601918386436466,0.508118081180812,0.137240877285823,0.862516514463327,NA
"JOB3494_IDvCD_upregulated","Upregulated","FetalSpinalCord_Antigen presenting cell (RPS high)","Fetal","Nervous system","FetalSpinalCord","Antigen presenting cell (RPS high)","Professional antigen presenting cell","CL:0000145","Spinal cord","UBERON:0002240",0.00843935466961214,0.061673990621192,0.497047970479705,0.137486195972469,0.86174090411687,NA
"JOB3494_IDvCD_upregulated","Upregulated","TS_Lymph_Node_t cell","Adult","Lymphatic system","TS_Lymph_Node","t cell","T cell","CL:0000084","Lymph node","UBERON:0000029",2.4965135426296e-05,0.108608803243461,0.287084870848708,0.139311373658411,0.85601342546085,NA
"JOB3494_IDvCD_upregulated","Upregulated","TS_Lymph_Node_innate lymphoid cell","Adult","Lymphatic system","TS_Lymph_Node","innate lymphoid cell","Innate lymphoid cell","CL:0001065","Lymph node","UBERON:0000029",0.0441255805399035,0.0542632307334653,0.581549815498155,0.140615936237711,0.851965457211643,NA
"JOB3494_IDvCD_upregulated","Upregulated","FetalIntestine_Fetal stromal cell","Fetal","Digestive system","FetalIntestine","Fetal stromal cell","Stromal cell","CL:0000499","Intestine","UBERON:0000160",0.0104127626698259,0.0627032628278207,0.505535055350554,0.141106107842033,0.850454187204682,NA
"JOB3494_IDvCD_upregulated","Upregulated","Lake_2017_VisualCortex_Ex6b","Adult","Nervous system","Lake_2017_VisualCortex","Ex6b","Excitatory neuron","CL:0008030","Visual cortex","UBERON:0000411",0.00202770989125223,0.0735723773298198,0.433948339483395,0.1418919293689,0.848042305953598,NA
"JOB3494_IDvCD_upregulated","Upregulated","VentoTormo_2018_decidua_T cell","Maternal-Fetal","Reproductive system","VentoTormo_2018_decidua","T cell","T cell","CL:0000084","Decidua","UBERON:0002450",0.00134937585905335,0.0766601939497059,0.42140221402214,0.143192216278562,0.844080589005433,NA
"JOB3494_IDvCD_upregulated","Upregulated","TS_Lung_capillary aerocyte","Adult","Respiratory system","TS_Lung","capillary aerocyte","Alveolar capillary type 1 endothelial cell","CL:4028002","Lung","UBERON:0002048",8.57893017867303e-06,0.128782538493383,0.254612546125461,0.144852946956894,0.839072664877903,NA
"JOB3494_IDvCD_upregulated","Upregulated","Lake_2017_CerebellarHemisphere_Ast","Adult","Nervous system","Lake_2017_CerebellarHemisphere","Ast","Astrocyte","CL:0000127","Cerebellar hemisphere","UBERON:0002245",0.00060897313707077,0.0848120298262052,0.387084870848708,0.144988957240982,0.838665073571459,NA
"JOB3494_IDvCD_upregulated","Upregulated","Voigt_2019_retina_1_Schwann cell 2","Adult","Sensory system","Voigt_2019_retina_1","Schwann cell 2","Schwann cell","CL:0002573","Retina","UBERON:0000966",0.00916687358531105,0.0659557630007674,0.498154981549816,0.145080295826542,0.838391567540846,NA
"JOB3494_IDvCD_upregulated","Upregulated","TS_Blood_cd4-positive, alpha-beta memory t cell","Adult","Lymphatic system","TS_Blood","cd4-positive, alpha-beta memory t cell","T cell","CL:0000084","Blood","UBERON:0000178",6.19290014092043e-09,0.260364697388797,0.127675276752768,0.146396270290019,0.834469987574739,NA
"JOB3494_IDvCD_upregulated","Upregulated","TS_Trachea_t cell","Adult","Respiratory system","TS_Trachea","t cell","T cell","CL:0000084","Trachea","UBERON:0003126",3.08294451491755e-06,0.146115482453011,0.228044280442804,0.146663948887421,0.833676625920739,NA
"JOB3494_IDvCD_upregulated","Upregulated","FetalMaleGonad_Fetal mesenchymal progenitor","Fetal","Reproductive system","FetalMaleGonad","Fetal mesenchymal progenitor","Mesenchymal stem cell","CL:0000134","Immature gonad","UBERON:2005272",0.0047979658590758,0.0721725671288048,0.471586715867159,0.149087861487826,0.826557714719081,NA
"JOB3494_IDvCD_upregulated","Upregulated","FetalSpinalCord_Dendritic cell","Fetal","Nervous system","FetalSpinalCord","Dendritic cell","Dendritic cell","CL:0000451","Spinal cord","UBERON:0002240",0.00843935466961214,0.0688788960675929,0.497047970479705,0.14976500338971,0.824589659336176,NA
"JOB3494_IDvCD_upregulated","Upregulated","TS_Spleen_cd4-positive, alpha-beta memory t cell","Adult","Lymphatic system","TS_Spleen","cd4-positive, alpha-beta memory t cell","T cell","CL:0000084","Spleen","UBERON:0002106",9.95620616840336e-07,0.170447477417713,0.202952029520295,0.150966308377387,0.82111996474928,NA
"JOB3494_IDvCD_upregulated","Upregulated","AdultUterus_Smooth muscle cell","Adult","Reproductive system","AdultUterus","Smooth muscle cell","Smooth muscle cell","CL:0000192","Uterus","UBERON:0000995",0.0131338588074883,0.0661616174420931,0.523985239852399,0.151218702131159,0.820394493688789,NA
"JOB3494_IDvCD_upregulated","Upregulated","Madissoon_2020_oesophagus_Glands_duct","Adult","Digestive system","Madissoon_2020_oesophagus","Glands_duct","Salivary gland cell","CL:0009005","Esophagus","UBERON:0001043",0.0100790323437715,0.0694964593915701,0.502214022140221,0.152005902803972,0.818139546888009,NA
"JOB3494_IDvCD_upregulated","Upregulated","TS_Lymph_Node_neutrophil","Adult","Lymphatic system","TS_Lymph_Node","neutrophil","Neutrophil","CL:0000775","Lymph node","UBERON:0000029",2.74382341575856e-07,0.196261624359961,0.180073800738007,0.153477695213097,0.813954731259945,NA
"JOB3494_IDvCD_upregulated","Upregulated","TS_Thymus_vascular associated smooth muscle cell","Adult","Lymphatic system","TS_Thymus","vascular associated smooth muscle cell","Smooth muscle cell","CL:0000192","Thymus","UBERON:0002370",6.10905496042134e-09,0.281814730174939,0.12619926199262,0.15422319598604,0.811850301180533,NA
"JOB3494_IDvCD_upregulated","Upregulated","FetalSkin_Endothelial cell","Fetal","Integumentary system","FetalSkin","Endothelial cell","Endothelial cell","CL:0000115","Skin of body","UBERON:0002097",0.00536117809352557,0.0749721875308348,0.476752767527675,0.154817919241549,0.810178773773706,NA
"JOB3494_IDvCD_upregulated","Upregulated","AdultSpleen_CB CD34+","Adult","Lymphatic system","AdultSpleen","CB CD34+","Hematopoietic stem cell","CL:0000037","Spleen","UBERON:0002106",0.0151417241279812,0.0685906998497369,0.528413284132841,0.156483583037041,0.805531218311841,NA
"JOB3494_IDvCD_upregulated","Upregulated","FetalThymus_T cell","Fetal","Lymphatic system","FetalThymus","T cell","T cell","CL:0000084","Thymus","UBERON:0002370",0.0167182808301756,0.0685906998497369,0.529889298892989,0.156819305865792,0.804600472806802,NA
"JOB3494_IDvCD_upregulated","Upregulated","FetalCalvaria_Endothelial cell","Fetal","Skeletal system","FetalCalvaria","Endothelial cell","Endothelial cell","CL:0000115","Vault of skull","UBERON:0004339",0.0127847554920309,0.0695376302798353,0.523247232472325,0.156951522503025,0.804234467084325,NA
"JOB3494_IDvCD_upregulated","Upregulated","TS_Spleen_macrophage","Adult","Lymphatic system","TS_Spleen","macrophage","Macrophage","CL:0000235","Spleen","UBERON:0002106",1.84007046536801e-09,0.31125191528452,0.117343173431734,0.157408254607065,0.802972496651041,NA
"JOB3494_IDvCD_upregulated","Upregulated","TS_Kidney_nk cell","Adult","Urinary system","TS_Kidney","nk cell","Natural killer cell","CL:0000623","Kidney","UBERON:0002113",0.00412082297573129,0.0792127890221451,0.464944649446494,0.158420684426172,0.800188114756156,NA
"JOB3494_IDvCD_upregulated","Upregulated","Madissoon_2020_spleen_NK_FCGR3Apos","Adult","Lymphatic system","Madissoon_2020_spleen","NK_FCGR3Apos","Natural killer cell","CL:0000623","Spleen","UBERON:0002106",0.00843499547604095,0.0745604786481834,0.495571955719557,0.158818378074348,0.799099243505523,NA
"JOB3494_IDvCD_upregulated","Upregulated","Lake_2017_VisualCortex_In3","Adult","Nervous system","Lake_2017_VisualCortex","In3","Inhibitory neuron","CL:0008029","Visual cortex","UBERON:0000411",0.00455947518092793,0.0788422510277588,0.469372693726937,0.15900408091752,0.798591729156177,NA
"JOB3494_IDvCD_upregulated","Upregulated","Madissoon_2020_oesophagus_NK_T_CD8_Cytotoxic","Adult","Digestive system","Madissoon_2020_oesophagus","NK_T_CD8_Cytotoxic","T cell","CL:0000084","Esophagus","UBERON:0001043",0.0100790323437715,0.0737370608828804,0.502214022140221,0.159087761936262,0.79836322782026,NA
"JOB3494_IDvCD_upregulated","Upregulated","TS_Muscle_capillary endothelial cell","Adult","Muscular system","TS_Muscle","capillary endothelial cell","Capillary endothelial cell","CL:0002144","Muscle organ","UBERON:0001630",2.55632179123245e-08,0.248136943574048,0.149815498154982,0.159558725165648,0.797079442252748,NA
"JOB3494_IDvCD_upregulated","Upregulated","TS_Blood_type i nk t cell","Adult","Lymphatic system","TS_Blood","type i nk t cell","T cell","CL:0000084","Blood","UBERON:0000178",6.19290014092043e-09,0.293342578889181,0.127675276752768,0.160472357555317,0.7945997669669,NA
"JOB3494_IDvCD_upregulated","Upregulated","Madissoon_2020_spleen_T_CD4_naive","Adult","Lymphatic system","Madissoon_2020_spleen","T_CD4_naive","T cell","CL:0000084","Spleen","UBERON:0002106",0.0177276203486738,0.0704845607099337,0.531734317343173,0.160559276683613,0.794364597004272,NA
"JOB3494_IDvCD_upregulated","Upregulated","TS_Spleen_type i nk t cell","Adult","Lymphatic system","TS_Spleen","type i nk t cell","Natural killer cell","CL:0000623","Spleen","UBERON:0002106",2.55153996950341e-08,0.252501057730154,0.148708487084871,0.160789058310969,0.79374350830429,NA
"JOB3494_IDvCD_upregulated","Upregulated","TS_Salivary_Gland_basal cell","Adult","Digestive system","TS_Salivary_Gland","basal cell","Basal cell","CL:0000646","Saliva-secreting gland","UBERON:0001044",6.96594940766866e-09,0.289884224274908,0.130627306273063,0.161830591052385,0.790939379698549,NA
"JOB3494_IDvCD_upregulated","Upregulated","AdultAdrenalGland_Endothelial cell","Adult","Endocrine system","AdultAdrenalGland","Endothelial cell","Endothelial cell","CL:0000115","Adrenal gland","UBERON:0002369",0.0121189981750499,0.0733253520002289,0.517343173431734,0.162051749595897,0.790346275734876,NA
"JOB3494_IDvCD_upregulated","Upregulated","Fetal_HCA_Cerebrum_10k_Astrocytes","Fetal","Nervous system","Fetal_HCA_Cerebrum_10k","Astrocytes","Astrocyte","CL:0000127","Cerebral hemisphere","UBERON:0001869",0.00110606853342813,0.0954752898868786,0.4,0.162887663067213,0.788111807433217,NA
"JOB3494_IDvCD_upregulated","Upregulated","TS_Eye_limbal stem cell","Adult","Sensory system","TS_Eye","limbal stem cell","Stem cell","CL:0000034","Eye","UBERON:0000970",7.04338285233189e-09,0.292230964906022,0.13210332103321,0.164239049853236,0.784523576086869,NA
"JOB3494_IDvCD_upregulated","Upregulated","TS_Kidney_b cell","Adult","Urinary system","TS_Kidney","b cell","B cell","CL:0000236","Kidney","UBERON:0002113",0.00181702742354773,0.0905347832950608,0.430258302583026,0.165372156774955,0.78153760951684,NA
"JOB3494_IDvCD_upregulated","Upregulated","AdultKidney_Endothelial cell","Adult","Urinary system","AdultKidney","Endothelial cell","Endothelial cell","CL:0000115","Kidney","UBERON:0002113",0.0116035796035697,0.0765366812849105,0.509594095940959,0.165532119201308,0.781117724918592,NA
"JOB3494_IDvCD_upregulated","Upregulated","Fetal_HCA_Adrenal_Megakaryocytes","Fetal","Endocrine system","Fetal_HCA_Adrenal","Megakaryocytes","Megakaryocyte","CL:0000556","Adrenal gland","UBERON:0002369",0.00338158729280241,0.0848532007144704,0.461623616236162,0.166075476601035,0.779694492552512,NA
"JOB3494_IDvCD_upregulated","Upregulated","TS_Blood_nk cell","Adult","Lymphatic system","TS_Blood","nk cell","Natural killer cell","CL:0000623","Blood","UBERON:0000178",6.19290014092043e-09,0.309316883536058,0.127675276752768,0.167116988161526,0.776979399958195,NA
"JOB3494_IDvCD_upregulated","Upregulated","AdultTrachea_Endothelial cell","Adult","Respiratory system","AdultTrachea","Endothelial cell","Endothelial cell","CL:0000115","Trachea","UBERON:0003126",0.00597465046356646,0.0823829474185615,0.487822878228782,0.169360661489638,0.771187458715979,NA
"JOB3494_IDvCD_upregulated","Upregulated","TS_Bladder_pericyte cell","Adult","Urinary system","TS_Bladder","pericyte cell","Pericyte cell","CL:0000669","Bladder organ","UBERON:0018707",2.54216664620401e-08,0.27518621716425,0.146863468634686,0.170088086959511,0.76932610348872,NA
"JOB3494_IDvCD_upregulated","Upregulated","TS_Spleen_cd141-positive myeloid dendritic cell","Adult","Lymphatic system","TS_Spleen","cd141-positive myeloid dendritic cell","Dendritic cell","CL:0000451","Spleen","UBERON:0002106",2.55153996950341e-08,0.272962989197932,0.148708487084871,0.170655969865116,0.767878514686083,NA
"JOB3494_IDvCD_upregulated","Upregulated","Segerstolpe_2016_PancreaticIslets_beta cell","Adult","Digestive system","Segerstolpe_2016_PancreaticIslets","beta cell","Type B pancreatic cell","CL:0000169","Pancreas","UBERON:0001264",0.00215123990597056,0.0930462074792349,0.437269372693727,0.170958154865964,0.767110178115013,NA
"JOB3494_IDvCD_upregulated","Upregulated","Voigt_2019_retina_2_Macrophage 3","Adult","Sensory system","Voigt_2019_retina_2","Macrophage 3","Macrophage","CL:0000235","Retina","UBERON:0000966",0.00499133986990581,0.0860059855858945,0.473431734317343,0.171059661297593,0.766852392219979,NA
"JOB3494_IDvCD_upregulated","Upregulated","TS_Salivary_Gland_nk cell","Adult","Digestive system","TS_Salivary_Gland","nk cell","Natural killer cell","CL:0000623","Saliva-secreting gland","UBERON:0001044",3.04936589325748e-07,0.22512241703383,0.182287822878229,0.172079920189248,0.764269804046542,NA
"JOB3494_IDvCD_upregulated","Upregulated","TS_Bone_Marrow_macrophage","Adult","Lymphatic system","TS_Bone_Marrow","macrophage","Macrophage","CL:0000235","Bone marrow","UBERON:0002371",2.54681129811182e-08,0.278232862895871,0.14760147601476,0.172177322895971,0.764024049105836,NA
"JOB3494_IDvCD_upregulated","Upregulated","TS_Prostate_cd8b-positive nk t cell","Adult","Reproductive system","TS_Prostate","cd8b-positive nk t cell","Natural killer cell","CL:0000623","Prostate gland","UBERON:0002367",7.45778864082638e-05,0.132158551331126,0.312915129151291,0.173092035288429,0.761722915428283,NA
"JOB3494_IDvCD_upregulated","Upregulated","Fetal_HCA_Cerebellum_10k_Granule neurons","Fetal","Nervous system","Fetal_HCA_Cerebellum_10k","Granule neurons","Neuron","CL:0000540","Cerebellum","UBERON:0002037",0.00201142988548785,0.0957634861047347,0.432472324723247,0.173285187439224,0.761238559550074,NA
"JOB3494_IDvCD_upregulated","Upregulated","Madissoon_2020_lung_Macrophage_Dividing","Adult","Respiratory system","Madissoon_2020_lung","Macrophage_Dividing","Macrophage","CL:0000235","Lung","UBERON:0002048",0.00560392213091126,0.0865000362450763,0.47970479704797,0.173538008918449,0.760605389716362,NA
"JOB3494_IDvCD_upregulated","Upregulated","TS_Prostate_club cell of prostate epithelium","Adult","Reproductive system","TS_Prostate","club cell of prostate epithelium","Club cell","CL:0000158","Prostate gland","UBERON:0002367",8.88183689657431e-08,0.254724285696472,0.163837638376384,0.17429768567833,0.758708379406378,NA
"JOB3494_IDvCD_upregulated","Upregulated","AdultPeripheralBlood_Neutrophil","Adult","Lymphatic system","AdultPeripheralBlood","Neutrophil","Neutrophil","CL:0000775","Blood","UBERON:0000178",0.0168091669207394,0.0792539599104102,0.530627306273063,0.175315746666547,0.756179074304045,NA
"JOB3494_IDvCD_upregulated","Upregulated","AdultPleura_Dendritic cell","Adult","Respiratory system","AdultPleura","Dendritic cell","Dendritic cell","CL:0000451","Pleura","UBERON:0000977",0.00535088942690533,0.0883938971052731,0.476014760147601,0.175386989295357,0.756002626972322,NA
"JOB3494_IDvCD_upregulated","Upregulated","Fetal_HCA_Lung_Lymphoid cells","Fetal","Respiratory system","Fetal_HCA_Lung","Lymphoid cells","Innate lymphoid cell","CL:0001065","Lung","UBERON:0002048",0.00303120455188147,0.0918934226078107,0.458671586715867,0.175615366067252,0.755437486685886,NA
"JOB3494_IDvCD_upregulated","Upregulated","MacParland_2018_liver_T cell","Adult","Digestive system","MacParland_2018_liver","T cell","T cell","CL:0000084","Liver","UBERON:0002107",0.0139728022592229,0.0802832321170389,0.525461254612546,0.175731960966064,0.755149244714852,NA
"JOB3494_IDvCD_upregulated","Upregulated","AdultCerebellum_Neutrophil","Adult","Nervous system","AdultCerebellum","Neutrophil","Neutrophil","CL:0000775","Cerebellum","UBERON:0002037",0.0109940599405026,0.0832475360721296,0.507011070110701,0.175800633010741,0.754979565481946,NA
"JOB3494_IDvCD_upregulated","Upregulated","Lake_2017_VisualCortex_Oli","Adult","Nervous system","Lake_2017_VisualCortex","Oli","Oligodendrocyte","CL:0000128","Visual cortex","UBERON:0000411",0.00455947518092793,0.0903700997420002,0.469372693726937,0.176464272820731,0.753343209185002,NA
"JOB3494_IDvCD_upregulated","Upregulated","AdultLung_Dendritic cell","Adult","Respiratory system","AdultLung","Dendritic cell","Dendritic cell","CL:0000451","Lung","UBERON:0002048",0.010098914422127,0.0872822831221141,0.503321033210332,0.181221336105114,0.741790671961527,NA
"JOB3494_IDvCD_upregulated","Upregulated","Lake_2017_FrontalCortex_In6a","Adult","Nervous system","Lake_2017_FrontalCortex","In6a","Inhibitory neuron","CL:0008029","Frontal cortex","UBERON:0001870",0.00712413368143642,0.0890526313175155,0.493726937269373,0.181335931979009,0.741516131293225,NA
"JOB3494_IDvCD_upregulated","Upregulated","VentoTormo_2018_decidua_monocyte","Maternal-Fetal","Reproductive system","VentoTormo_2018_decidua","monocyte","Monocyte","CL:0000576","Decidua","UBERON:0002450",3.66375531109299e-06,0.186380611176326,0.236162361623616,0.181487128921748,0.741154169726889,NA
"JOB3494_IDvCD_upregulated","Upregulated","TS_Lymph_Node_type i nk t cell","Adult","Lymphatic system","TS_Lymph_Node","type i nk t cell","Natural killer cell","CL:0000623","Lymph node","UBERON:0000029",9.00692468945179e-07,0.224998904369035,0.2,0.184548495983341,0.733889489827833,NA
"JOB3494_IDvCD_upregulated","Upregulated","Fetal_HCA_Adrenal_Chromaffin cells","Fetal","Endocrine system","Fetal_HCA_Adrenal","Chromaffin cells","Neuron","CL:0000540","Adrenal gland","UBERON:0002369",0.00338158729280241,0.0988101318363556,0.461623616236162,0.186446268064616,0.729446305116644,NA
"JOB3494_IDvCD_upregulated","Upregulated","AdultPeripheralBlood_Antigen presenting cell (RPS high)","Adult","Lymphatic system","AdultPeripheralBlood","Antigen presenting cell (RPS high)","Professional antigen presenting cell","CL:0000145","Blood","UBERON:0000178",0.0363933116633736,0.0804479156700995,0.569741697416974,0.187129445901196,0.727857868372768,NA
"JOB3494_IDvCD_upregulated","Upregulated","AdultHeart_Endothelial cell (APC)","Adult","Cardiovascular system","AdultHeart","Endothelial cell (APC)","Endothelial cell","CL:0000115","Heart","UBERON:0000948",0.0119055554586282,0.0898348781945533,0.511439114391144,0.187470071738825,0.727068054422233,NA
"JOB3494_IDvCD_upregulated","Upregulated","Fetal_HCA_Stomach_Goblet cells","Fetal","Digestive system","Fetal_HCA_Stomach","Goblet cells","Goblet cell","CL:0000160","Stomach","UBERON:0000945",0.0222691021191975,0.0843591500552886,0.544649446494465,0.187473441087909,0.727060249034676,NA
"JOB3494_IDvCD_upregulated","Upregulated","TS_Mammary_pericyte cell","Adult","Endocrine system","TS_Mammary","pericyte cell","Pericyte cell","CL:0000669","Mammary gland","UBERON:0001911",8.51627772278953e-06,0.181604788137569,0.253136531365314,0.187549338135288,0.726884464142954,NA
"JOB3494_IDvCD_upregulated","Upregulated","TS_Vasculature_smooth muscle cell","Adult","Cardiovascular system","TS_Vasculature","smooth muscle cell","Smooth muscle cell","CL:0000192","Vasculature","UBERON:0002049",7.09479608273838e-08,0.29581283218509,0.156457564575646,0.188507163297449,0.724672141896147,NA
"JOB3494_IDvCD_upregulated","Upregulated","VentoTormo_2018_decidua_decidual perivascular cell (dP1)","Maternal-Fetal","Reproductive system","VentoTormo_2018_decidua","decidual perivascular cell (dP1)","Pericyte cell","CL:0000669","Decidua","UBERON:0002450",3.13407477850374e-05,0.15850791982082,0.292988929889299,0.188995222616294,0.723549173697678,NA
"JOB3494_IDvCD_upregulated","Upregulated","Fetal_HCA_Spleen_STC2_TLX1 positive cells","Fetal","Lymphatic system","Fetal_HCA_Spleen","STC2_TLX1 positive cells","Mesenchymal stem cell","CL:0000134","Spleen","UBERON:0002106",0.0101068435629418,0.0922227897139319,0.504059040590406,0.189132303837259,0.723234287230649,NA
"JOB3494_IDvCD_upregulated","Upregulated","Fetal_HCA_Cerebrum_10k_Excitatory neurons","Fetal","Nervous system","Fetal_HCA_Cerebrum_10k","Excitatory neurons","Excitatory neuron","CL:0008030","Cerebral hemisphere","UBERON:0001869",0.00256379228402497,0.104944594187863,0.443911439114391,0.189440207046969,0.72252784029867,NA
"JOB3494_IDvCD_upregulated","Upregulated","TS_Blood_cd8-positive, alpha-beta cytokine secreting effector t cell","Adult","Lymphatic system","TS_Blood","cd8-positive, alpha-beta cytokine secreting effector t cell","T cell","CL:0000084","Blood","UBERON:0000178",2.27715413477463e-08,0.321174099356421,0.145387453874539,0.189773032155767,0.721765503278959,NA
"JOB3494_IDvCD_upregulated","Upregulated","FetalHeart_Endothelial cell","Fetal","Cardiovascular system","FetalHeart","Endothelial cell","Endothelial cell","CL:0000115","Heart","UBERON:0000948",0.00991779597277262,0.0941166505741287,0.501107011070111,0.191204182597382,0.718502611750844,NA
"JOB3494_IDvCD_upregulated","Upregulated","TS_Uterus_t cell","Adult","Reproductive system","TS_Uterus","t cell","T cell","CL:0000084","Uterus","UBERON:0000995",0.0119037397939739,0.092799182149644,0.51070110701107,0.191906479802351,0.71691036088259,NA
"JOB3494_IDvCD_upregulated","Upregulated","TS_Mammary_vein endothelial cell","Adult","Endocrine system","TS_Mammary","vein endothelial cell","Endothelial cell","CL:0000115","Mammary gland","UBERON:0001911",7.92605437336617e-08,0.297089129721309,0.160147601476015,0.192471658175356,0.71563321215156,NA
"JOB3494_IDvCD_upregulated","Upregulated","Segerstolpe_2016_PancreaticIslets_pancreatic D cell","Adult","Digestive system","Segerstolpe_2016_PancreaticIslets","pancreatic D cell","Pancreatic D cell","CL:0000173","Pancreas","UBERON:0001264",0.0205211173249921,0.0878998464460914,0.54169741697417,0.192584347978625,0.715379012448963,NA
"JOB3494_IDvCD_upregulated","Upregulated","AdultTrachea_Smooth muscle cell","Adult","Respiratory system","AdultTrachea","Smooth muscle cell","Smooth muscle cell","CL:0000192","Trachea","UBERON:0003126",0.0255658901491487,0.0858413020328339,0.557564575645756,0.193335571962043,0.713688232440517,NA
"JOB3494_IDvCD_upregulated","Upregulated","TS_Trachea_smooth muscle cell","Adult","Respiratory system","TS_Trachea","smooth muscle cell","Smooth muscle cell","CL:0000192","Trachea","UBERON:0003126",9.29283284874607e-06,0.187698079600811,0.256088560885609,0.193959012162388,0.712290036422446,NA
"JOB3494_IDvCD_upregulated","Upregulated","VentoTormo_2018_decidua_CD16-negative natural killer cell (NK CD16-)","Maternal-Fetal","Reproductive system","VentoTormo_2018_decidua","CD16-negative natural killer cell (NK CD16-)","Natural killer cell","CL:0000623","Decidua","UBERON:0002450",0.026606499022095,0.0860471564741597,0.559040590405904,0.194069848350139,0.712041933505663,NA
"JOB3494_IDvCD_upregulated","Upregulated","FetalKidney_Fetal fibroblast","Fetal","Urinary system","FetalKidney","Fetal fibroblast","Fibroblast","CL:0000057","Kidney","UBERON:0002113",0.0267812153962816,0.0859236438093643,0.560147601476015,0.19414894740232,0.711864959681948,NA
"JOB3494_IDvCD_upregulated","Upregulated","AdultOmentum_Neutrophil","Adult","Integumentary system","AdultOmentum","Neutrophil","Neutrophil","CL:0000775","Omentum","UBERON:0003688",0.00984469894730314,0.0962163658756513,0.500369003690037,0.194190703792988,0.711771564273751,NA
"JOB3494_IDvCD_upregulated","Upregulated","Fetal_HCA_Placenta_Lymphoid cells","Fetal","Reproductive system","Fetal_HCA_Placenta","Lymphoid cells","Innate lymphoid cell","CL:0001065","Placenta","UBERON:0001987",0.0139008214451622,0.0919345934960759,0.524723247232472,0.194483441080881,0.711117369933862,NA
"JOB3494_IDvCD_upregulated","Upregulated","Lake_2017_VisualCortex_In7","Adult","Nervous system","Lake_2017_VisualCortex","In7","Inhibitory neuron","CL:0008029","Visual cortex","UBERON:0000411",0.00972728817410767,0.0965869038700376,0.499630996309963,0.194536770870314,0.710998297285679,NA
"JOB3494_IDvCD_upregulated","Upregulated","AdultBoneMarrow_Neutrophil","Adult","Lymphatic system","AdultBoneMarrow","Neutrophil","Neutrophil","CL:0000775","Bone marrow","UBERON:0002371",0.00765870704492318,0.0978632014062572,0.494464944649447,0.194937046123642,0.710105619075323,NA
"JOB3494_IDvCD_upregulated","Upregulated","AdultLung_Monocyte","Adult","Respiratory system","AdultLung","Monocyte","Monocyte","CL:0000576","Lung","UBERON:0002048",0.0203576820369315,0.0896701946414927,0.540959409594096,0.1952943006794,0.709310430647649,NA
"JOB3494_IDvCD_upregulated","Upregulated","Lake_2017_VisualCortex_In1a","Adult","Nervous system","Lake_2017_VisualCortex","In1a","Inhibitory neuron","CL:0008029","Visual cortex","UBERON:0000411",0.00455947518092793,0.103627125763378,0.469372693726937,0.195692975270912,0.708424763794405,NA
"JOB3494_IDvCD_upregulated","Upregulated","TS_Fat_myofibroblast cell","Adult","Integumentary system","TS_Fat","myofibroblast cell","Myofibroblast cell","CL:0000186","Perirenal fat","UBERON:0005406",8.94146917210439e-07,0.249454411998533,0.197785977859779,0.197800796723383,0.703771963437161,NA
"JOB3494_IDvCD_upregulated","Upregulated","TS_Lung_neutrophil","Adult","Respiratory system","TS_Lung","neutrophil","Neutrophil","CL:0000775","Lung","UBERON:0002048",0.0119416874141922,0.0964633912052422,0.515129151291513,0.198860290351322,0.701451930817478,NA
"JOB3494_IDvCD_upregulated","Upregulated","FetalAdrenalGland_Neutrophil (RPS high)","Fetal","Endocrine system","FetalAdrenalGland","Neutrophil (RPS high)","Neutrophil","CL:0000775","Adrenal gland","UBERON:0002369",0.0212818951004808,0.091975764384341,0.542435424354244,0.19945969849763,0.700144841772793,NA
"JOB3494_IDvCD_upregulated","Upregulated","Fetal_HCA_Eye_Corneal and conjunctival epithelial cells","Fetal","Sensory system","Fetal_HCA_Eye","Corneal and conjunctival epithelial cells","Epithelial cell","CL:0000066","Eye","UBERON:0000970",0.0150867226591341,0.0947753847863711,0.527675276752767,0.199818449383038,0.699364415532768,NA
"JOB3494_IDvCD_upregulated","Upregulated","AdultKidney_Smooth muscle cell","Adult","Urinary system","AdultKidney","Smooth muscle cell","Smooth muscle cell","CL:0000192","Kidney","UBERON:0002113",0.0116035796035697,0.0996747204899237,0.509594095940959,0.202157908105523,0.694309265067804,NA
"JOB3494_IDvCD_upregulated","Upregulated","TS_Lymph_Node_mature nk t cell","Adult","Lymphatic system","TS_Lymph_Node","mature nk t cell","Natural killer cell","CL:0000623","Lymph node","UBERON:0000029",2.84090368277864e-06,0.224504853709853,0.226568265682657,0.202372494179536,0.693848515734494,NA
"JOB3494_IDvCD_upregulated","Upregulated","Voigt_2019_retina_1_Pericyte","Adult","Sensory system","Voigt_2019_retina_1","Pericyte","Pericyte cell","CL:0000669","Retina","UBERON:0000966",0.0186761860186632,0.0963398785404467,0.533579335793358,0.203975965834102,0.690421001792452,NA
"JOB3494_IDvCD_upregulated","Upregulated","Fetal_HCA_Pancreas_Lymphoid cells","Fetal","Digestive system","Fetal_HCA_Pancreas","Lymphoid cells","Innate lymphoid cell","CL:0001065","Pancreas","UBERON:0001264",0.0104016215844656,0.103668296651643,0.50479704797048,0.206717483145017,0.684622791334415,NA
"JOB3494_IDvCD_upregulated","Upregulated","AdultArtery_Smooth muscle cell","Adult","Cardiovascular system","AdultArtery","Smooth muscle cell","Smooth muscle cell","CL:0000192","Artery","UBERON:0001637",0.0178005607657597,0.0987689609480905,0.532841328413284,0.207592056263112,0.682789269258564,NA
"JOB3494_IDvCD_upregulated","Upregulated","TS_Skin_regulatory t cell","Adult","Integumentary system","TS_Skin","regulatory t cell","T cell","CL:0000084","Skin of body","UBERON:0002097",8.51986670097217e-06,0.207624789521142,0.253874538745387,0.207834805206309,0.682281721248094,NA
"JOB3494_IDvCD_upregulated","Upregulated","TS_Salivary_Gland_pericyte cell","Adult","Digestive system","TS_Salivary_Gland","pericyte cell","Pericyte cell","CL:0000669","Saliva-secreting gland","UBERON:0001044",3.04936589325748e-07,0.290542958487151,0.182287822878229,0.208575223789865,0.680737281769545,NA
"JOB3494_IDvCD_upregulated","Upregulated","Madissoon_2020_lung_T_CD8_CytT","Adult","Respiratory system","Madissoon_2020_lung","T_CD8_CytT","T cell","CL:0000084","Lung","UBERON:0002048",0.0232798022538478,0.0987277900598253,0.547970479704797,0.211905181681048,0.673858423430914,NA
"JOB3494_IDvCD_upregulated","Upregulated","TS_Spleen_innate lymphoid cell","Adult","Lymphatic system","TS_Spleen","innate lymphoid cell","Innate lymphoid cell","CL:0001065","Spleen","UBERON:0002106",9.39883996015603e-06,0.21264763788949,0.25830258302583,0.214312695644095,0.668952101077349,NA
"JOB3494_IDvCD_upregulated","Upregulated","Madissoon_2020_spleen_NK_CD160pos","Adult","Lymphatic system","Madissoon_2020_spleen","NK_CD160pos","Natural killer cell","CL:0000623","Spleen","UBERON:0002106",0.0177276203486738,0.104574056193476,0.531734317343173,0.2162764303991,0.664990806984182,NA
"JOB3494_IDvCD_upregulated","Upregulated","Madissoon_2020_oesophagus_T_CD4","Adult","Digestive system","Madissoon_2020_oesophagus","T_CD4","T cell","CL:0000084","Esophagus","UBERON:0001043",0.020319820311908,0.104615227081742,0.539483394833948,0.218675896539791,0.660199084253894,NA
"JOB3494_IDvCD_upregulated","Upregulated","TS_Salivary_Gland_neutrophil","Adult","Digestive system","TS_Salivary_Gland","neutrophil","Neutrophil","CL:0000775","Saliva-secreting gland","UBERON:0001044",0.00050135450444109,0.148091685089738,0.381180811808118,0.21870904215897,0.660133261413359,NA
"JOB3494_IDvCD_upregulated","Upregulated","Fetal_HCA_Cerebrum_10k_Inhibitory neurons","Fetal","Nervous system","Fetal_HCA_Cerebrum_10k","Inhibitory neurons","Inhibitory neuron","CL:0008029","Cerebral hemisphere","UBERON:0001869",0.00256379228402497,0.127917949839815,0.443911439114391,0.219669634675361,0.658229972229946,NA
"JOB3494_IDvCD_upregulated","Upregulated","Lake_2017_FrontalCortex_Ex6a","Adult","Nervous system","Lake_2017_FrontalCortex","Ex6a","Excitatory neuron","CL:0008030","Frontal cortex","UBERON:0001870",0.0148765144616598,0.108197094360809,0.526568265682657,0.22021122314289,0.657160550828308,NA
"JOB3494_IDvCD_upregulated","Upregulated","Enge_2017_Pancreas_pancreatic A cell","Adult","Digestive system","Enge_2017_Pancreas","pancreatic A cell","Pancreatic A cell","CL:0000171","Pancreas","UBERON:0001264",0.00012273431943447,0.175552667562592,0.325461254612546,0.220676396820036,0.656244115768996,NA
"JOB3494_IDvCD_upregulated","Upregulated","TS_Fat_neutrophil","Adult","Integumentary system","TS_Fat","neutrophil","Neutrophil","CL:0000775","Perirenal fat","UBERON:0005406",6.90273842370513e-05,0.189838965790598,0.304059040590406,0.222352615331123,0.652957757974906,NA
"JOB3494_IDvCD_upregulated","Upregulated","Fetal_HCA_Heart_Epicardial fat cells","Fetal","Cardiovascular system","Fetal_HCA_Heart","Epicardial fat cells","Epicardial adipocyte","CL:1000309","Heart","UBERON:0000948",0.0213690117630197,0.107332505707241,0.543173431734317,0.223998000989085,0.649755857394781,NA
"JOB3494_IDvCD_upregulated","Upregulated","TS_Lung_basal cell","Adult","Respiratory system","TS_Lung","basal cell","Basal cell","CL:0000646","Lung","UBERON:0002048",8.98303972761613e-07,0.29326023711265,0.198892988929889,0.224075413755971,0.649605792978033,NA
"JOB3494_IDvCD_upregulated","Upregulated","TS_Spleen_nk cell","Adult","Lymphatic system","TS_Spleen","nk cell","Natural killer cell","CL:0000623","Spleen","UBERON:0002106",3.0507516112094e-07,0.319527263825815,0.183763837638376,0.225182797739963,0.647464789362259,NA
"JOB3494_IDvCD_upregulated","Upregulated","TS_Uterus_fibroblast","Adult","Reproductive system","TS_Uterus","fibroblast","Fibroblast","CL:0000057","Uterus","UBERON:0000995",2.69822748121941e-07,0.330190523886488,0.17859778597786,0.225901608176732,0.646080677358545,NA
"JOB3494_IDvCD_upregulated","Upregulated","Fetal_HCA_Eye_Bipolar cells","Fetal","Sensory system","Fetal_HCA_Eye","Bipolar cells","Bipolar neuron","CL:0000103","Eye","UBERON:0000970",0.031216709099858,0.104821081523067,0.565313653136531,0.226709061715458,0.644531120480595,NA
"JOB3494_IDvCD_upregulated","Upregulated","AdultTrachea_Chondrocyte","Adult","Respiratory system","AdultTrachea","Chondrocyte","Chondrocyte","CL:0000138","Trachea","UBERON:0003126",0.0255658901491487,0.106632600606734,0.557564575645756,0.227267611507134,0.64346245229079,NA
"JOB3494_IDvCD_upregulated","Upregulated","FetalPancreas_Antigen presenting cell (RPS high)","Fetal","Digestive system","FetalPancreas","Antigen presenting cell (RPS high)","Professional antigen presenting cell","CL:0000145","Pancreas","UBERON:0001264",0.0304049549464359,0.105973866394491,0.564206642066421,0.228216724480789,0.641652532207148,NA
"JOB3494_IDvCD_upregulated","Upregulated","VentoTormo_2018_decidua_decidual stromal cell (dS3)","Maternal-Fetal","Reproductive system","VentoTormo_2018_decidua","decidual stromal cell (dS3)","Stromal cell","CL:0000499","Decidua","UBERON:0002450",0.00056471662036844,0.156325862742768,0.385239852398524,0.229431485646169,0.639346982668054,NA
"JOB3494_IDvCD_upregulated","Upregulated","FetalLiver_Neutrophil","Fetal","Digestive system","FetalLiver","Neutrophil","Neutrophil","CL:0000775","Liver","UBERON:0002107",0.018711432355368,0.112725892069976,0.534317343173432,0.229455218235122,0.639302061199005,NA
"JOB3494_IDvCD_upregulated","Upregulated","TS_Thymus_nk cell","Adult","Lymphatic system","TS_Thymus","nk cell","Natural killer cell","CL:0000623","Thymus","UBERON:0002370",2.48306182196335e-05,0.210918460582354,0.286346863468635,0.229916999598153,0.638428916687529,NA
"JOB3494_IDvCD_upregulated","Upregulated","TS_Skin_cd4-positive, alpha-beta memory t cell","Adult","Integumentary system","TS_Skin","cd4-positive, alpha-beta memory t cell","T cell","CL:0000084","Skin of body","UBERON:0002097",0.00018327192891235,0.177981749970236,0.343911439114391,0.232196637954263,0.634144072833802,NA
"JOB3494_IDvCD_upregulated","Upregulated","TS_Salivary_Gland_duct epithelial cell","Adult","Digestive system","TS_Salivary_Gland","duct epithelial cell","Epithelial cell","CL:0000066","Saliva-secreting gland","UBERON:0001044",3.04936589325748e-07,0.336324986237995,0.182287822878229,0.232470288580826,0.633632545268407,NA
"JOB3494_IDvCD_upregulated","Upregulated","TS_Spleen_regulatory t cell","Adult","Lymphatic system","TS_Spleen","regulatory t cell","T cell","CL:0000084","Spleen","UBERON:0002106",0.00019827777948035,0.177281844869728,0.349815498154982,0.234442807789012,0.629963085959707,NA
"JOB3494_IDvCD_upregulated","Upregulated","TS_Mammary_endothelial cell of artery","Adult","Endocrine system","TS_Mammary","endothelial cell of artery","Endothelial cell","CL:0000115","Mammary gland","UBERON:0001911",2.81015421374335e-06,0.279879698426477,0.222509225092251,0.235164819273359,0.628627648319746,NA
"JOB3494_IDvCD_upregulated","Upregulated","FetalMaleGonad_Fetal fibroblast","Fetal","Reproductive system","FetalMaleGonad","Fetal fibroblast","Fibroblast","CL:0000057","Immature gonad","UBERON:2005272",0.021442375940815,0.115113803589354,0.543911439114391,0.236096433921293,0.626910572599378,NA
"JOB3494_IDvCD_upregulated","Upregulated","TS_Thymus_cd8-positive, alpha-beta t cell","Adult","Lymphatic system","TS_Thymus","cd8-positive, alpha-beta t cell","T cell","CL:0000084","Thymus","UBERON:0002370",0.00260917807167153,0.141174975861193,0.446125461254613,0.23712064122789,0.625030639268589,NA
"JOB3494_IDvCD_upregulated","Upregulated","TS_Lung_bronchial vessel endothelial cell","Adult","Respiratory system","TS_Lung","bronchial vessel endothelial cell","Endothelial cell","CL:0000115","Lung","UBERON:0002048",8.98303972761613e-07,0.319774289155406,0.198892988929889,0.238829399887578,0.621912212622114,NA
"JOB3494_IDvCD_upregulated","Upregulated","TS_Lymph_Node_mast cell","Adult","Lymphatic system","TS_Lymph_Node","mast cell","Mast cell","CL:0000097","Lymph node","UBERON:0000029",6.93954205646756e-05,0.205031023560438,0.310332103321033,0.238903354633263,0.6217777519308,NA
"JOB3494_IDvCD_upregulated","Upregulated","TS_Salivary_Gland_salivary gland cell","Adult","Digestive system","TS_Salivary_Gland","salivary gland cell","Salivary gland cell","CL:0009005","Saliva-secreting gland","UBERON:0001044",9.95487628291924e-07,0.31940375116102,0.202214022140221,0.241541237655353,0.617008712708418,NA
"JOB3494_IDvCD_upregulated","Upregulated","AdultOmentum_Endothelial cell (APC)","Adult","Integumentary system","AdultOmentum","Endothelial cell (APC)","Endothelial cell","CL:0000115","Omentum","UBERON:0003688",0.0203548506334977,0.120466019063824,0.540221402214022,0.242882955555201,0.614602960979339,NA
"JOB3494_IDvCD_upregulated","Upregulated","FetalPancreas_Stromal cell","Fetal","Digestive system","FetalPancreas","Stromal cell","Stromal cell","CL:0000499","Pancreas","UBERON:0001264",0.0304049549464359,0.115978392242922,0.564206642066421,0.243858608080414,0.612861909435383,NA
"JOB3494_IDvCD_upregulated","Upregulated","TS_Lung_cd8-positive, alpha-beta t cell","Adult","Respiratory system","TS_Lung","cd8-positive, alpha-beta t cell","T cell","CL:0000084","Lung","UBERON:0002048",0.00573249098011324,0.136605007263762,0.486346863468635,0.24658213201943,0.608038396704241,NA
"JOB3494_IDvCD_upregulated","Upregulated","TS_Tongue_basal cell","Adult","Digestive system","TS_Tongue","basal cell","Basal cell","CL:0000646","Tongue","UBERON:0001723",9.98423485281276e-07,0.328420175691087,0.204059040590406,0.248151434496398,0.605283209920338,NA
"JOB3494_IDvCD_upregulated","Upregulated","TS_Thymus_immature natural killer cell","Adult","Lymphatic system","TS_Thymus","immature natural killer cell","Natural killer cell","CL:0000623","Thymus","UBERON:0002370",0.00572610858461417,0.138540039012224,0.483763837638376,0.248161042820364,0.605266394537812,NA
"JOB3494_IDvCD_upregulated","Upregulated","TS_Fat_nk cell","Adult","Integumentary system","TS_Fat","nk cell","Natural killer cell","CL:0000623","Perirenal fat","UBERON:0005406",0.0119284266303809,0.132611431102042,0.512915129151292,0.250850321311771,0.600585338352236,NA
"JOB3494_IDvCD_upregulated","Upregulated","Fetal_HCA_Cerebellum_10k_Astrocytes","Fetal","Nervous system","Fetal_HCA_Cerebellum_10k","Astrocytes","Astrocyte","CL:0000127","Cerebellum","UBERON:0002037",0.00452953535179016,0.145415577352503,0.46789667896679,0.250906917176465,0.600487365587903,NA
"JOB3494_IDvCD_upregulated","Upregulated","AdultStomach_Endothelial cell","Adult","Digestive system","AdultStomach","Endothelial cell","Endothelial cell","CL:0000115","Stomach","UBERON:0000945",0.0267975681098304,0.121495291270452,0.560885608856089,0.251190370107599,0.599997014175673,NA
"JOB3494_IDvCD_upregulated","Upregulated","Madissoon_2020_spleen_Neutrophil","Adult","Lymphatic system","Madissoon_2020_spleen","Neutrophil","Neutrophil","CL:0000775","Spleen","UBERON:0002106",0.0350841776868011,0.12083655705821,0.566051660516605,0.251874245757076,0.598816237017169,NA
"JOB3494_IDvCD_upregulated","Upregulated","TS_Lung_cd4-positive alpha-beta t cell","Adult","Respiratory system","TS_Lung","cd4-positive alpha-beta t cell","T cell","CL:0000084","Lung","UBERON:0002048",0.00261271535873117,0.153732096782063,0.447970479704797,0.253127222189081,0.596661146778661,NA
"JOB3494_IDvCD_upregulated","Upregulated","Fetal_HCA_Placenta_Smooth muscle cells","Fetal","Reproductive system","Fetal_HCA_Placenta","Smooth muscle cells","Smooth muscle cell","CL:0000192","Placenta","UBERON:0001987",0.0283311788952213,0.122936272359732,0.562361623616236,0.253841618837232,0.595437171250241,NA
"JOB3494_IDvCD_upregulated","Upregulated","FetalSkin_Fetal stromal cell","Fetal","Integumentary system","FetalSkin","Fetal stromal cell","Stromal cell","CL:0000499","Skin of body","UBERON:0002097",0.0234561097391959,0.128906051158179,0.549815498154982,0.258468403992749,0.587592538876708,NA
"JOB3494_IDvCD_upregulated","Upregulated","AdultEsophagus_Neutrophil","Adult","Digestive system","AdultEsophagus","Neutrophil","Neutrophil","CL:0000775","Esophagus","UBERON:0001043",0.0224814157640903,0.130964595571436,0.545387453874539,0.25992706074214,0.58514850418808,NA
"JOB3494_IDvCD_upregulated","Upregulated","TS_Muscle_mature nk t cell","Adult","Muscular system","TS_Muscle","mature nk t cell","Natural killer cell","CL:0000623","Muscle organ","UBERON:0001630",0.024593201471379,0.13059405757705,0.553874538745388,0.262313076855174,0.581180058382272,NA
"JOB3494_IDvCD_upregulated","Upregulated","TS_Skin_cd4-positive helper t cells","Adult","Integumentary system","TS_Skin","cd4-positive helper t cells","T cell","CL:0000084","Skin of body","UBERON:0002097",0.00112906904994453,0.181069566590122,0.401845018450184,0.263439038020392,0.579319868172243,NA
"JOB3494_IDvCD_upregulated","Upregulated","Madissoon_2020_lung_NK","Adult","Respiratory system","Madissoon_2020_lung","NK","Natural killer cell","CL:0000623","Lung","UBERON:0002048",0.0232798022538478,0.133146652649489,0.547970479704797,0.263959032451374,0.578463472224597,NA
"JOB3494_IDvCD_upregulated","Upregulated","CordBlood_Antigen presenting cell (RPS high)","Neonatal","Reproductive system","CordBlood","Antigen presenting cell (RPS high)","Professional antigen presenting cell","CL:0000145","Umbilical cord blood","UBERON:0012168",0.0441482634709541,0.127135702962778,0.582287822878229,0.266750063354251,0.573895468756732,NA
"JOB3494_IDvCD_upregulated","Upregulated","TS_Small_Intestine_cd4-positive, alpha-beta t cell","Adult","Digestive system","TS_Small_Intestine","cd4-positive, alpha-beta t cell","T cell","CL:0000084","Small intestine","UBERON:0002108",2.82833645225153e-06,0.329984669445163,0.224354243542435,0.26676018798487,0.573878985207639,NA
"JOB3494_IDvCD_upregulated","Upregulated","TS_Mammary_vascular associated smooth muscle cell","Adult","Endocrine system","TS_Mammary","vascular associated smooth muscle cell","Smooth muscle cell","CL:0000192","Mammary gland","UBERON:0001911",2.47436202397986e-05,0.25966479228829,0.285608856088561,0.267096162367826,0.573332351867994,NA
"JOB3494_IDvCD_upregulated","Upregulated","TS_Salivary_Gland_cd8-positive, alpha-beta t cell","Adult","Digestive system","TS_Salivary_Gland","cd8-positive, alpha-beta t cell","T cell","CL:0000084","Saliva-secreting gland","UBERON:0001044",0.0246362259937398,0.133640703308671,0.555350553505535,0.267238897231096,0.573100329043161,NA
"JOB3494_IDvCD_upregulated","Upregulated","TS_Large_Intestine_cd4-positive, alpha-beta t cell","Adult","Digestive system","TS_Large_Intestine","cd4-positive, alpha-beta t cell","T cell","CL:0000084","Large intestine","UBERON:0000059",3.10457084012266e-06,0.328255492138026,0.229151291512915,0.269840013601931,0.568893649927203,NA
"JOB3494_IDvCD_upregulated","Upregulated","TS_Salivary_Gland_naive b cell","Adult","Digestive system","TS_Salivary_Gland","naive b cell","B cell","CL:0000236","Saliva-secreting gland","UBERON:0001044",9.40271887501469e-06,0.290831154705007,0.259040590405904,0.270142392855995,0.56840725757946,NA
"JOB3494_IDvCD_upregulated","Upregulated","TS_Spleen_cd8-positive, alpha-beta memory t cell","Adult","Lymphatic system","TS_Spleen","cd8-positive, alpha-beta memory t cell","T cell","CL:0000084","Spleen","UBERON:0002106",3.12225961026239e-06,0.32652631483089,0.2309963099631,0.270373249870979,0.568036278736713,NA
"JOB3494_IDvCD_upregulated","Upregulated","TS_Liver_t cell","Adult","Digestive system","TS_Liver","t cell","T cell","CL:0000084","Liver","UBERON:0002107",0.0225939241769603,0.138581209900489,0.546863468634686,0.271299306150011,0.566551316948344,NA
"JOB3494_IDvCD_upregulated","Upregulated","TS_Eye_t cell","Adult","Sensory system","TS_Eye","t cell","T cell","CL:0000084","Eye","UBERON:0000970",0.0804536897720989,0.123924373678096,0.622878228782288,0.274910528554729,0.560808627178499,NA
"JOB3494_IDvCD_upregulated","Upregulated","Fetal_HCA_Stomach_Squamous epithelial cells","Fetal","Digestive system","Fetal_HCA_Stomach","Squamous epithelial cells","Epithelial cell","CL:0000066","Stomach","UBERON:0000945",0.0450923230068771,0.131911526001535,0.585977859778598,0.275185658316274,0.560374203708345,NA
"JOB3494_IDvCD_upregulated","Upregulated","FetalAdrenalGland_Neutrophil","Fetal","Endocrine system","FetalAdrenalGland","Neutrophil","Neutrophil","CL:0000775","Adrenal gland","UBERON:0002369",0.0403525969597324,0.134299437520913,0.575645756457565,0.275215527668416,0.560327066837435,NA
"JOB3494_IDvCD_upregulated","Upregulated","TS_Prostate_nkt cell","Adult","Reproductive system","TS_Prostate","nkt cell","Natural killer cell","CL:0000623","Prostate gland","UBERON:0002367",0.0245797183570451,0.140145703654564,0.552029520295203,0.275358005133584,0.560102293307243,NA
"JOB3494_IDvCD_upregulated","Upregulated","AdultBladder_Dendritic cell","Adult","Urinary system","AdultBladder","Dendritic cell","Dendritic cell","CL:0000451","Bladder organ","UBERON:0018707",0.0254795510408123,0.140763266978542,0.556457564575646,0.277819676410798,0.556236998864723,NA
"JOB3494_IDvCD_upregulated","Upregulated","Fetal_HCA_Placenta_Trophoblast giant cells","Fetal","Reproductive system","Fetal_HCA_Placenta","Trophoblast giant cells","Trophoblast cell","CL:0000351","Placenta","UBERON:0001987",0.0542151112433224,0.135452222392338,0.590774907749077,0.282113284272656,0.549576463116257,NA
"JOB3494_IDvCD_upregulated","Upregulated","van_Zyl_eye_2020_BeamCellb","Adult","Sensory system","van_Zyl_eye_2020","BeamCellb","Beam B cell",NA,"Eye","UBERON:0000970",0.035977469374476,0.141174975861193,0.567527675276753,0.282363070770991,0.549192103686522,NA
"JOB3494_IDvCD_upregulated","Upregulated","van_Zyl_eye_2020_Pericyte","Adult","Sensory system","van_Zyl_eye_2020","Pericyte","Pericyte cell","CL:0000669","Eye","UBERON:0000970",0.035977469374476,0.141216146749458,0.567527675276753,0.282422047348196,0.549101402988813,NA
"JOB3494_IDvCD_upregulated","Upregulated","TS_Spleen_neutrophil","Adult","Lymphatic system","TS_Spleen","neutrophil","Neutrophil","CL:0000775","Spleen","UBERON:0002106",2.71284155025152e-05,0.284943717683091,0.290774907749077,0.28921761123152,0.538775265223301,NA
"JOB3494_IDvCD_upregulated","Upregulated","TS_Large_Intestine_cd8-positive, alpha-beta t cell","Adult","Digestive system","TS_Large_Intestine","cd8-positive, alpha-beta t cell","T cell","CL:0000084","Large intestine","UBERON:0000059",3.10457084012266e-06,0.363580114269524,0.229151291512915,0.290362962916711,0.537058780625908,NA
"JOB3494_IDvCD_upregulated","Upregulated","van_Zyl_eye_2020_NKT","Adult","Sensory system","van_Zyl_eye_2020","NKT","Natural killer cell","CL:0000623","Eye","UBERON:0000970",0.035977469374476,0.147679976207087,0.567527675276753,0.291598131451908,0.535215263285221,NA
"JOB3494_IDvCD_upregulated","Upregulated","Fetal_HCA_Adrenal_Sympathoblasts","Fetal","Endocrine system","Fetal_HCA_Adrenal","Sympathoblasts","Neuron","CL:0000540","Adrenal gland","UBERON:0002369",0.0154617428160104,0.159413679362654,0.529151291512915,0.292938810715197,0.533223085939286,NA
"JOB3494_IDvCD_upregulated","Upregulated","TS_Bladder_nk cell","Adult","Urinary system","TS_Bladder","nk cell","Natural killer cell","CL:0000623","Bladder organ","UBERON:0018707",3.11433580060968e-06,0.371690779257758,0.230258302583026,0.295973643753193,0.528746960840327,NA
"JOB3494_IDvCD_upregulated","Upregulated","TS_Spleen_intermediate monocyte","Adult","Lymphatic system","TS_Spleen","intermediate monocyte","Monocyte","CL:0000576","Spleen","UBERON:0002106",7.49903977163816e-05,0.272263084097425,0.315129151291513,0.296497345701119,0.527979190166555,NA
"JOB3494_IDvCD_upregulated","Upregulated","TS_Bone_Marrow_nk cell","Adult","Lymphatic system","TS_Bone_Marrow","nk cell","Natural killer cell","CL:0000623","Bone marrow","UBERON:0002371",0.00603713174883159,0.175552667562592,0.490774907749078,0.297377746458977,0.526691533970329,NA
"JOB3494_IDvCD_upregulated","Upregulated","TS_Salivary_Gland_myoepithelial cell","Adult","Digestive system","TS_Salivary_Gland","myoepithelial cell","Epithelial cell","CL:0000066","Saliva-secreting gland","UBERON:0001044",7.50528784826816e-05,0.273868748739766,0.316236162361624,0.298480662430074,0.525083800119041,NA
"JOB3494_IDvCD_upregulated","Upregulated","TS_Lymph_Node_cd8-positive, alpha-beta memory t cell","Adult","Lymphatic system","TS_Lymph_Node","cd8-positive, alpha-beta memory t cell","T cell","CL:0000084","Lymph node","UBERON:0000029",0.011962339336142,0.168265420339661,0.516605166051661,0.299261893307408,0.523948580787418,NA
"JOB3494_IDvCD_upregulated","Upregulated","AdultKidney_Fetal epithelial progenitor","Adult","Urinary system","AdultKidney","Fetal epithelial progenitor","Epithelial fate stem cell","CL:0000036","Kidney","UBERON:0002113",0.0450576984912553,0.148873931966776,0.584870848708487,0.299616542156092,0.523434212438582,NA
"JOB3494_IDvCD_upregulated","Upregulated","Lake_2017_VisualCortex_OPC","Adult","Nervous system","Lake_2017_VisualCortex","OPC","Oligodendrocyte precursor cell","CL:0002453","Visual cortex","UBERON:0000411",0.0196564892948254,0.162830863088661,0.537269372693727,0.300621300059959,0.521980251391221,NA
"JOB3494_IDvCD_upregulated","Upregulated","TS_Small_Intestine_mast cell","Adult","Digestive system","TS_Small_Intestine","mast cell","Mast cell","CL:0000097","Small intestine","UBERON:0002108",6.91449170142661e-05,0.285437768342272,0.307380073800738,0.301239378413503,0.521088257206215,NA
"JOB3494_IDvCD_upregulated","Upregulated","Lake_2017_FrontalCortex_In8","Adult","Nervous system","Lake_2017_FrontalCortex","In8","Inhibitory neuron","CL:0008029","Frontal cortex","UBERON:0001870",0.0293515855991906,0.156531717184093,0.56309963099631,0.302224142460731,0.519670846023857,NA
"JOB3494_IDvCD_upregulated","Upregulated","Madissoon_2020_lung_T_regulatory","Adult","Respiratory system","Madissoon_2020_lung","T_regulatory","T cell","CL:0000084","Lung","UBERON:0002048",0.0773527754496568,0.14450981781067,0.611808118081181,0.30287787276101,0.518732453602807,NA
"JOB3494_IDvCD_upregulated","Upregulated","AdultJeJunum_Smooth muscle cell","Adult","Digestive system","AdultJeJunum","Smooth muscle cell","Smooth muscle cell","CL:0000192","Jejunum","UBERON:0002115",0.0431051548987831,0.153526242340738,0.577121771217712,0.303341122479235,0.518068710509606,NA
"JOB3494_IDvCD_upregulated","Upregulated","Voigt_2019_retina_2_White blood cell 2","Adult","Sensory system","Voigt_2019_retina_2","White blood cell 2","Leukocyte","CL:0000738","Retina","UBERON:0000966",0.0402242598419266,0.154349660106041,0.574907749077491,0.303664519196691,0.517605949001302,NA
"JOB3494_IDvCD_upregulated","Upregulated","TS_Lung_club cell","Adult","Respiratory system","TS_Lung","club cell","Club cell","CL:0000158","Lung","UBERON:0002048",6.92295733300347e-05,0.289225490062666,0.308856088560886,0.305096995098236,0.515562069704959,NA
"JOB3494_IDvCD_upregulated","Upregulated","Placenta_Smooth muscle cell","Adult","Reproductive system","Placenta","Smooth muscle cell","Smooth muscle cell","CL:0000192","Placenta","UBERON:0001987",0.0447932501693807,0.153196875234616,0.583763837638376,0.305342688257555,0.515212475168415,NA
"JOB3494_IDvCD_upregulated","Upregulated","AdultKidney_B cell","Adult","Urinary system","AdultKidney","B cell","B cell","CL:0000236","Kidney","UBERON:0002113",0.0450576984912553,0.156037666524912,0.584870848708487,0.309744843768316,0.508995914464752,NA
"JOB3494_IDvCD_upregulated","Upregulated","AdultPleura_Neutrophil","Adult","Respiratory system","AdultPleura","Neutrophil","Neutrophil","CL:0000775","Pleura","UBERON:0000977",0.0234034091191076,0.166495072144259,0.549077490774908,0.310120125270004,0.508470049273469,NA
"JOB3494_IDvCD_upregulated","Upregulated","Lake_2017_VisualCortex_In6a","Adult","Nervous system","Lake_2017_VisualCortex","In6a","Inhibitory neuron","CL:0008029","Visual cortex","UBERON:0000411",0.0196564892948254,0.171435578736077,0.537269372693727,0.311764377539527,0.506173509165861,NA
"JOB3494_IDvCD_upregulated","Upregulated","Madissoon_2020_spleen_B_T_doublet","Adult","Lymphatic system","Madissoon_2020_spleen","B_T_doublet","B/T doublet",NA,"Spleen","UBERON:0002106",0.0652543761274189,0.154308489217775,0.598154981549816,0.312225170869496,0.505532088047861,NA
"JOB3494_IDvCD_upregulated","Upregulated","TS_Skin_nkt cell","Adult","Integumentary system","TS_Skin","nkt cell","Natural killer cell","CL:0000623","Skin of body","UBERON:0002097",0.00046578421280987,0.249330899333737,0.371217712177122,0.312833966890035,0.504686098220792,NA
"JOB3494_IDvCD_upregulated","Upregulated","AdultEsophagus_Monocyte","Adult","Digestive system","AdultEsophagus","Monocyte","Monocyte","CL:0000576","Esophagus","UBERON:0001043",0.0432625501312677,0.160648806010608,0.578228782287823,0.313632346465597,0.503579152725232,NA
"JOB3494_IDvCD_upregulated","Upregulated","CordBloodCD34P_Dendritic cell","Neonatal","Reproductive system","CordBloodCD34P","Dendritic cell","Dendritic cell","CL:0000451","Umbilical cord blood","UBERON:0012168",0.0363644758488936,0.164148331513146,0.5690036900369,0.314841077312177,0.501908610219613,NA
"JOB3494_IDvCD_upregulated","Upregulated","Fetal_HCA_Placenta_Syncytiotrophoblasts and villous cytotrophoblasts","Fetal","Reproductive system","Fetal_HCA_Placenta","Syncytiotrophoblasts and villous cytotrophoblasts","Trophoblast cell","CL:0000351","Placenta","UBERON:0001987",0.0542151112433224,0.160278268016222,0.590774907749077,0.317884417215119,0.497730760802926,NA
"JOB3494_IDvCD_upregulated","Upregulated","AdultHeart_Monocyte","Adult","Cardiovascular system","AdultHeart","Monocyte","Monocyte","CL:0000576","Heart","UBERON:0000948",0.0481441738977047,0.161472223775911,0.588929889298893,0.3188439444698,0.496421826781867,NA
"JOB3494_IDvCD_upregulated","Upregulated","Lake_2017_VisualCortex_In2","Adult","Nervous system","Lake_2017_VisualCortex","In2","Inhibitory neuron","CL:0008029","Visual cortex","UBERON:0000411",0.0196564892948254,0.178599313294213,0.537269372693727,0.320863822156673,0.493679247452507,NA
"JOB3494_IDvCD_upregulated","Upregulated","VentoTormo_2018_decidua_innate lymphoid cell (ILC3)","Maternal-Fetal","Reproductive system","VentoTormo_2018_decidua","innate lymphoid cell (ILC3)","Innate lymphoid cell","CL:0001065","Decidua","UBERON:0002450",0.026606499022095,0.172588363607501,0.559040590405904,0.322099839165368,0.492009492037218,NA
"JOB3494_IDvCD_upregulated","Upregulated","Madissoon_2020_oesophagus_Epi_basal","Adult","Digestive system","Madissoon_2020_oesophagus","Epi_basal","Basal cell","CL:0000646","Esophagus","UBERON:0001043",0.0387269625797063,0.168635958334047,0.573431734317343,0.322607746314126,0.491325208735371,NA
"JOB3494_IDvCD_upregulated","Upregulated","Fetal_HCA_Eye_Lens fibre cells","Fetal","Sensory system","Fetal_HCA_Eye","Lens fibre cells","Lens fibre cell","CL:0011004","Eye","UBERON:0000970",0.0604016981347363,0.164601211284062,0.594833948339483,0.325425014738402,0.48754906681002,NA
"JOB3494_IDvCD_upregulated","Upregulated","AdultEsophagus_T cell","Adult","Digestive system","AdultEsophagus","T cell","T cell","CL:0000084","Esophagus","UBERON:0001043",0.0432625501312677,0.169335863434554,0.578228782287823,0.325435428778196,0.487535169022676,NA
"JOB3494_IDvCD_upregulated","Upregulated","AdultAscendingColon_T cell","Adult","Digestive system","AdultAscendingColon","T cell","T cell","CL:0000084","Ascending colon","UBERON:0001156",0.0650536732012461,0.165177603719774,0.596309963099631,0.326786489534338,0.485735906980427,NA
"JOB3494_IDvCD_upregulated","Upregulated","FetalLiver_B cell","Fetal","Digestive system","FetalLiver","B cell","B cell","CL:0000236","Liver","UBERON:0002107",0.0399181931621315,0.172506021830971,0.574169741697417,0.328061296528786,0.484045003065505,NA
"JOB3494_IDvCD_upregulated","Upregulated","Fetal_HCA_Liver_Hepatoblasts","Fetal","Digestive system","Fetal_HCA_Liver","Hepatoblasts","Hepatoblast","CL:0005026","Liver","UBERON:0002107",0.0382810866937675,0.176911306875342,0.572693726937269,0.333280079829671,0.477190643370941,NA
"JOB3494_IDvCD_upregulated","Upregulated","TS_Blood_cd8-positive, alpha-beta t cell","Adult","Lymphatic system","TS_Blood","cd8-positive, alpha-beta t cell","T cell","CL:0000084","Blood","UBERON:0000178",8.61652730363087e-06,0.39865771107143,0.255350553505535,0.334381271924607,0.475758054581008,NA
"JOB3494_IDvCD_upregulated","Upregulated","TS_Lung_cd8-positive alpha-beta t cell","Adult","Respiratory system","TS_Lung","cd8-positive alpha-beta t cell","T cell","CL:0000084","Lung","UBERON:0002048",0.00261271535873117,0.229939410960853,0.447970479704797,0.337135501017749,0.47219551302541,NA
"JOB3494_IDvCD_upregulated","Upregulated","NeonatalAdrenalGland_Dendritic cell","Neonatal","Endocrine system","NeonatalAdrenalGland","Dendritic cell","Dendritic cell","CL:0000451","Adrenal gland","UBERON:0002369",0.0462593829212074,0.17641725621616,0.588191881918819,0.338862718849718,0.469976208939158,NA
"JOB3494_IDvCD_upregulated","Upregulated","TS_Lymph_Node_hematopoietic stem cell","Adult","Lymphatic system","TS_Lymph_Node","hematopoietic stem cell","Hematopoietic stem cell","CL:0000037","Lymph node","UBERON:0000029",6.93954205646756e-05,0.335254543143102,0.310332103321033,0.339480982523251,0.469184549561813,NA
"JOB3494_IDvCD_upregulated","Upregulated","FetalIntestine_Fetal epithelial progenitor","Fetal","Digestive system","FetalIntestine","Fetal epithelial progenitor","Epithelial fate stem cell","CL:0000036","Intestine","UBERON:0000160",0.075378758484281,0.172670705384031,0.61070110701107,0.342662141825742,0.465133874865132,NA
"JOB3494_IDvCD_upregulated","Upregulated","TS_Small_Intestine_small intestine goblet cell","Adult","Digestive system","TS_Small_Intestine","small intestine goblet cell","Goblet cell","CL:0000160","Small intestine","UBERON:0002108",6.91449170142661e-05,0.344723847444086,0.307380073800738,0.343810522558202,0.463680835563365,NA
"JOB3494_IDvCD_upregulated","Upregulated","Fetal_HCA_Lung_Megakaryocytes","Fetal","Respiratory system","Fetal_HCA_Lung","Megakaryocytes","Megakaryocyte","CL:0000556","Lung","UBERON:0002048",0.0281019987965343,0.18897437713703,0.561623616236162,0.344194744292723,0.463195765449758,NA
"JOB3494_IDvCD_upregulated","Upregulated","TS_Eye_epithelial cell of lacrimal sac","Adult","Sensory system","TS_Eye","epithelial cell of lacrimal sac","Epithelial cell","CL:0000066","Eye","UBERON:0000970",0.0005025182785165,0.278562230001993,0.382287822878229,0.344998223949552,0.462183140668449,NA
"JOB3494_IDvCD_upregulated","Upregulated","AdultGallbladder_Fibroblast","Adult","Digestive system","AdultGallbladder","Fibroblast","Fibroblast","CL:0000057","Gall bladder","UBERON:0002110",0.0753224489784043,0.175099787791675,0.608487084870849,0.345121417601258,0.462028088354362,NA
"JOB3494_IDvCD_upregulated","Upregulated","AdultGallbladder_Stromal cell","Adult","Digestive system","AdultGallbladder","Stromal cell","Stromal cell","CL:0000499","Gall bladder","UBERON:0002110",0.0753224489784043,0.176623110657486,0.608487084870849,0.347192942031662,0.459429112032005,NA
"JOB3494_IDvCD_upregulated","Upregulated","TS_Fat_t cell","Adult","Integumentary system","TS_Fat","t cell","T cell","CL:0000084","Perirenal fat","UBERON:0005406",0.00260849814558943,0.246037228272526,0.445018450184502,0.351675792551157,0.453857525124285,NA
"JOB3494_IDvCD_upregulated","Upregulated","TS_Eye_conjunctival epithelial cell","Adult","Sensory system","TS_Eye","conjunctival epithelial cell","Epithelial cell","CL:0000066","Eye","UBERON:0000970",9.45053712098655e-06,0.41953135142186,0.261254612546125,0.351926552841833,0.453547964430393,NA
"JOB3494_IDvCD_upregulated","Upregulated","VentoTormo_2018_decidua_glandular epithelial cell (Epi2)","Maternal-Fetal","Reproductive system","VentoTormo_2018_decidua","glandular epithelial cell (Epi2)","Epithelial cell","CL:0000066","Decidua","UBERON:0002450",0.00307093589407036,0.238379443055208,0.460147601476015,0.352114948980353,0.453315536639951,NA
"JOB3494_IDvCD_upregulated","Upregulated","FetalThymus_CB CD34+","Fetal","Lymphatic system","FetalThymus","CB CD34+","Hematopoietic stem cell","CL:0000037","Thymus","UBERON:0002370",0.0831379594204728,0.176828965098811,0.626568265682657,0.354553077657694,0.450318740429191,NA
"JOB3494_IDvCD_upregulated","Upregulated","Madissoon_2020_oesophagus_T_CD8","Adult","Digestive system","Madissoon_2020_oesophagus","T_CD8","T cell","CL:0000084","Esophagus","UBERON:0001043",0.0696586248802735,0.183869186992152,0.605166051660517,0.355599228238386,0.449039190255744,NA
"JOB3494_IDvCD_upregulated","Upregulated","AdultStomach_T cell","Adult","Digestive system","AdultStomach","T cell","T cell","CL:0000084","Stomach","UBERON:0000945",0.0504730404029262,0.189674282237538,0.589667896678967,0.356856914291698,0.447505884139952,NA
"JOB3494_IDvCD_upregulated","Upregulated","TS_Prostate_hillock-club cell of prostate epithelium","Adult","Reproductive system","TS_Prostate","hillock-club cell of prostate epithelium","Club cell","CL:0000158","Prostate gland","UBERON:0002367",7.45778864082638e-05,0.358063215241994,0.312915129151291,0.357291716943986,0.446977051883811,NA
"JOB3494_IDvCD_upregulated","Upregulated","TS_Spleen_naive thymus-derived cd8-positive, alpha-beta t cell","Adult","Lymphatic system","TS_Spleen","naive thymus-derived cd8-positive, alpha-beta t cell","T cell","CL:0000084","Spleen","UBERON:0002106",0.00120653850478766,0.273045330974463,0.414760147601476,0.359922683083827,0.443790782333717,NA
"JOB3494_IDvCD_upregulated","Upregulated","Braga_2020_lung_B cell","Adult","Respiratory system","Braga_2020_lung","B cell","B cell","CL:0000236","Lung","UBERON:0002048",0.0443366306620888,0.194326592611499,0.583025830258303,0.360029623363624,0.443661763860314,NA
"JOB3494_IDvCD_upregulated","Upregulated","TS_Thymus_cd4-positive helper t cell","Adult","Lymphatic system","TS_Thymus","cd4-positive helper t cell","T cell","CL:0000084","Thymus","UBERON:0002370",0.00018366076131067,0.329490618785981,0.344649446494465,0.360598444604057,0.442976150884088,NA
"JOB3494_IDvCD_upregulated","Upregulated","AdultFallopiantube_Smooth muscle cell","Adult","Reproductive system","AdultFallopiantube","Smooth muscle cell","Smooth muscle cell","CL:0000192","Fallopian tube","UBERON:0003889",0.0728026976666993,0.187368712494689,0.607380073800738,0.361131733691667,0.44233434718203,NA
"JOB3494_IDvCD_upregulated","Upregulated","Placenta_Fetal stromal cell","Adult","Reproductive system","Placenta","Fetal stromal cell","Stromal cell","CL:0000499","Placenta","UBERON:0001987",0.0806910866079272,0.183622161662561,0.623616236162362,0.362663316362476,0.440496371375912,NA
"JOB3494_IDvCD_upregulated","Upregulated","TS_Pancreas_pancreatic ductal cell","Adult","Digestive system","TS_Pancreas","pancreatic ductal cell","Pancreatic ductal cell","CL:0002079","Pancreas","UBERON:0001264",9.42325289873289e-06,0.443616321056972,0.260516605166052,0.364954805258871,0.43776091374066,NA
"JOB3494_IDvCD_upregulated","Upregulated","Lake_2017_CerebellarHemisphere_OPC","Adult","Nervous system","Lake_2017_CerebellarHemisphere","OPC","Oligodendrocyte precursor cell","CL:0002453","Cerebellar hemisphere","UBERON:0002245",0.0567185378708507,0.19576757370078,0.59409594095941,0.366539169446882,0.435879608565333,NA
"JOB3494_IDvCD_upregulated","Upregulated","VentoTormo_2018_decidua_placental extravillous trophoblast cell (EVT)","Maternal-Fetal","Reproductive system","VentoTormo_2018_decidua","placental extravillous trophoblast cell (EVT)","Trophoblast cell","CL:0000351","Decidua","UBERON:0002450",0.00134937585905335,0.277574128683629,0.42140221402214,0.36796940213802,0.434188292834882,NA
"JOB3494_IDvCD_upregulated","Upregulated","Segerstolpe_2016_PancreaticIslets_pancreatic ductal cell","Adult","Digestive system","Segerstolpe_2016_PancreaticIslets","pancreatic ductal cell","Pancreatic ductal cell","CL:0002079","Pancreas","UBERON:0001264",0.00215123990597056,0.268804729483152,0.437269372693727,0.369190548465739,0.43274942574395,NA
"JOB3494_IDvCD_upregulated","Upregulated","TS_Thymus_innate lymphoid cell","Adult","Lymphatic system","TS_Thymus","innate lymphoid cell","Innate lymphoid cell","CL:0001065","Thymus","UBERON:0002370",0.00046658166822846,0.316192421876338,0.371955719557196,0.369339335080759,0.432574437004298,NA
"JOB3494_IDvCD_upregulated","Upregulated","Fetal_HCA_Thymus_Thymic epithelial cells","Fetal","Lymphatic system","Fetal_HCA_Thymus","Thymic epithelial cells","Epithelial cell","CL:0000066","Thymus","UBERON:0002370",0.0709174130514918,0.195273523041598,0.60590405904059,0.370851406397693,0.430800069653133,NA
"JOB3494_IDvCD_upregulated","Upregulated","VentoTormo_2018_decidua_plasmacytoid dendritic cell (DC2)","Maternal-Fetal","Reproductive system","VentoTormo_2018_decidua","plasmacytoid dendritic cell (DC2)","Plasmacytoid dendritic cell","CL:0000784","Decidua","UBERON:0002450",0.00307093589407036,0.258223811199009,0.460147601476015,0.371926166236724,0.429543266512042,NA
"JOB3494_IDvCD_upregulated","Upregulated","TS_Skin_cd8-positive, alpha-beta memory t cell","Adult","Integumentary system","TS_Skin","cd8-positive, alpha-beta memory t cell","T cell","CL:0000084","Skin of body","UBERON:0002097",0.00112906904994453,0.300876851441703,0.401845018450184,0.376348884028362,0.4244093674231,NA
"JOB3494_IDvCD_upregulated","Upregulated","TS_Lung_respiratory goblet cell","Adult","Respiratory system","TS_Lung","respiratory goblet cell","Goblet cell","CL:0000160","Lung","UBERON:0002048",6.92295733300347e-05,0.392399736055127,0.308856088560886,0.376959509335712,0.423705296522229,NA
"JOB3494_IDvCD_upregulated","Upregulated","FetalMaleGonad_Immature sertoli cell (Pre-Sertoli cell)","Fetal","Reproductive system","FetalMaleGonad","Immature sertoli cell (Pre-Sertoli cell)","Sertoli cell","CL:0000216","Immature gonad","UBERON:2005272",0.041489918684413,0.215159062073664,0.576383763837638,0.382876360944358,0.416941446471171,NA
"JOB3494_IDvCD_upregulated","Upregulated","FetalSkin_Smooth muscle cell","Fetal","Integumentary system","FetalSkin","Smooth muscle cell","Smooth muscle cell","CL:0000192","Skin of body","UBERON:0002097",0.0808904561859383,0.199143586538522,0.624354243542435,0.383547975620074,0.416180305133734,NA
"JOB3494_IDvCD_upregulated","Upregulated","Fetal_HCA_Spleen_Megakaryocytes","Fetal","Lymphatic system","Fetal_HCA_Spleen","Megakaryocytes","Megakaryocyte","CL:0000556","Spleen","UBERON:0002106",0.0787682483876033,0.201284472728309,0.619557195571956,0.384321079455063,0.415305794458498,NA
"JOB3494_IDvCD_upregulated","Upregulated","TS_Thymus_medullary thymic epithelial cell","Adult","Lymphatic system","TS_Thymus","medullary thymic epithelial cell","Epithelial cell","CL:0000066","Thymus","UBERON:0002370",6.90522078071289e-05,0.408456382478535,0.305535055350554,0.384509448274678,0.415092984124861,NA
"JOB3494_IDvCD_upregulated","Upregulated","TS_Thymus_cd8-positive, alpha-beta cytotoxic t cell","Adult","Lymphatic system","TS_Thymus","cd8-positive, alpha-beta cytotoxic t cell","T cell","CL:0000084","Thymus","UBERON:0002370",6.90522078071289e-05,0.415784800589731,0.305535055350554,0.389149160581878,0.409883902013493,NA
"JOB3494_IDvCD_upregulated","Upregulated","TS_Muscle_smooth muscle cell","Adult","Muscular system","TS_Muscle","smooth muscle cell","Smooth muscle cell","CL:0000192","Muscle organ","UBERON:0001630",0.0001983003351759,0.362427329398099,0.350553505535055,0.389176681454817,0.409853189521079,NA
"JOB3494_IDvCD_upregulated","Upregulated","Fetal_HCA_Spleen_Mesothelial cells","Fetal","Lymphatic system","Fetal_HCA_Spleen","Mesothelial cells","Mesothelial cell","CL:0000077","Spleen","UBERON:0002106",0.0787682483876033,0.205278048890029,0.619557195571956,0.389447552531305,0.409551021123444,NA
"JOB3494_IDvCD_upregulated","Upregulated","FetalCalvaria_Fetal stromal cell","Fetal","Skeletal system","FetalCalvaria","Fetal stromal cell","Stromal cell","CL:0000499","Vault of skull","UBERON:0004339",0.0980717722059796,0.203631213359423,0.634686346863469,0.393679905718882,0.404856751981734,NA
"JOB3494_IDvCD_upregulated","Upregulated","AdultOmentum_T cell","Adult","Integumentary system","AdultOmentum","T cell","T cell","CL:0000084","Omentum","UBERON:0003688",0.072577745551515,0.213100517660407,0.606642066420664,0.393749032808083,0.404780499987431,NA
"JOB3494_IDvCD_upregulated","Upregulated","AdultKidney_Mast cell","Adult","Urinary system","AdultKidney","Mast cell","Mast cell","CL:0000097","Kidney","UBERON:0002113",0.0810758606073753,0.206760200867574,0.625461254612546,0.393840587739581,0.404679529124732,NA
"JOB3494_IDvCD_upregulated","Upregulated","Madissoon_2020_spleen_T_CD8_CTL","Adult","Lymphatic system","Madissoon_2020_spleen","T_CD8_CTL","T cell","CL:0000084","Spleen","UBERON:0002106",0.0652543761274189,0.216764726716005,0.598154981549816,0.394532342761442,0.403917388634361,NA
"JOB3494_IDvCD_upregulated","Upregulated","TS_Lung_pericyte cell","Adult","Respiratory system","TS_Lung","pericyte cell","Pericyte cell","CL:0000669","Lung","UBERON:0002048",0.00261271535873117,0.289843053386643,0.447970479704797,0.394904484108602,0.403507934856604,NA
"JOB3494_IDvCD_upregulated","Upregulated","TS_Pancreas_t cell","Adult","Digestive system","TS_Pancreas","t cell","T cell","CL:0000084","Pancreas","UBERON:0001264",0.00120850113284674,0.311498940614111,0.416974169741697,0.394998138403784,0.403404951165614,NA
"JOB3494_IDvCD_upregulated","Upregulated","TS_Liver_hepatocyte","Adult","Digestive system","TS_Liver","hepatocyte","Hepatocyte","CL:0000182","Liver","UBERON:0002107",0.00017023851261378,0.380542520234765,0.34169741697417,0.395290719142146,0.403083382147466,NA
"JOB3494_IDvCD_upregulated","Upregulated","TS_Lung_nk cell","Adult","Respiratory system","TS_Lung","nk cell","Natural killer cell","CL:0000623","Lung","UBERON:0002048",0.023580091012573,0.236814949301132,0.550553505535055,0.396002011686116,0.402302607857416,NA
"JOB3494_IDvCD_upregulated","Upregulated","Voigt_2019_retina_1_B cell","Adult","Sensory system","Voigt_2019_retina_1","B cell","B cell","CL:0000236","Retina","UBERON:0000966",0.0653171541455438,0.217958682475694,0.6,0.396807999482542,0.40141958123533,NA
"JOB3494_IDvCD_upregulated","Upregulated","FetalKidney_Erythroid cell","Fetal","Urinary system","FetalKidney","Erythroid cell","Erythroid lineage cell","CL:0000764","Kidney","UBERON:0002113",0.0894181850625333,0.207830643962468,0.63210332103321,0.398017510236935,0.400097821313251,NA
"JOB3494_IDvCD_upregulated","Upregulated","CordBlood_Neutrophil","Neonatal","Reproductive system","CordBlood","Neutrophil","Neutrophil","CL:0000775","Umbilical cord blood","UBERON:0012168",0.0886671817684682,0.20832469462165,0.6309963099631,0.39818325997995,0.399917002096539,NA
"JOB3494_IDvCD_upregulated","Upregulated","TS_Blood_macrophage","Adult","Lymphatic system","TS_Blood","macrophage","Macrophage","CL:0000235","Blood","UBERON:0000178",6.94744782065231e-05,0.422289800935625,0.311439114391144,0.398316045134355,0.399772198805436,NA
"JOB3494_IDvCD_upregulated","Upregulated","Lake_2017_FrontalCortex_In1b","Adult","Nervous system","Lake_2017_FrontalCortex","In1b","Inhibitory neuron","CL:0008029","Frontal cortex","UBERON:0001870",0.0546190722492413,0.222734505514452,0.592619926199262,0.399287578247798,0.398714200405086,NA
"JOB3494_IDvCD_upregulated","Upregulated","AdultArtery_T cell","Adult","Cardiovascular system","AdultArtery","T cell","T cell","CL:0000084","Artery","UBERON:0001637",0.0628812393487418,0.222528651073126,0.595571955719557,0.400369691767492,0.397538806308438,NA
"JOB3494_IDvCD_upregulated","Upregulated","TS_Blood_cd4-positive, alpha-beta t cell","Adult","Lymphatic system","TS_Blood","cd4-positive, alpha-beta t cell","T cell","CL:0000084","Blood","UBERON:0000178",0.00018464968502706,0.380871887340886,0.347970479704797,0.400370397922923,0.397538040318547,NA
"JOB3494_IDvCD_upregulated","Upregulated","TS_Salivary_Gland_memory b cell","Adult","Digestive system","TS_Salivary_Gland","memory b cell","B cell","CL:0000236","Saliva-secreting gland","UBERON:0001044",7.50528784826816e-05,0.419243155204004,0.316236162361624,0.400466733449461,0.397433554684329,NA
"JOB3494_IDvCD_upregulated","Upregulated","TS_Lymph_Node_cd4-positive, alpha-beta memory t cell","Adult","Lymphatic system","TS_Lymph_Node","cd4-positive, alpha-beta memory t cell","T cell","CL:0000084","Lymph node","UBERON:0000029",0.0778887733201676,0.214747353191013,0.617712177121771,0.400612616279225,0.397275377822841,NA
"JOB3494_IDvCD_upregulated","Upregulated","Fetal_HCA_Stomach_PDE1C_ACSM3 positive cells","Fetal","Digestive system","Fetal_HCA_Stomach","PDE1C_ACSM3 positive cells","Epithelial cell","CL:0000066","Stomach","UBERON:0000945",0.0850559026368388,0.213059346772142,0.627306273062731,0.402631719185603,0.395092014532684,NA
"JOB3494_IDvCD_upregulated","Upregulated","Segerstolpe_2016_PancreaticIslets_pancreatic A cell","Adult","Digestive system","Segerstolpe_2016_PancreaticIslets","pancreatic A cell","Pancreatic A cell","CL:0000171","Pancreas","UBERON:0001264",0.00481076963475592,0.283790932811666,0.472324723247232,0.403412026605938,0.394251158649931,NA
"JOB3494_IDvCD_upregulated","Upregulated","TS_Lung_lung ciliated cell","Adult","Respiratory system","TS_Lung","lung ciliated cell","Ciliated cell","CL:0000064","Lung","UBERON:0002048",0.00046747386933884,0.35851609501291,0.374538745387454,0.403887480694995,0.393739608452558,NA
"JOB3494_IDvCD_upregulated","Upregulated","TS_Blood_naive thymus-derived cd4-positive, alpha-beta t cell","Adult","Lymphatic system","TS_Blood","naive thymus-derived cd4-positive, alpha-beta t cell","T cell","CL:0000084","Blood","UBERON:0000178",0.00018464968502706,0.386429957256681,0.347970479704797,0.404264922057317,0.393333940629858,NA
"JOB3494_IDvCD_upregulated","Upregulated","Madissoon_2020_spleen_DC_plasmacytoid","Adult","Lymphatic system","Madissoon_2020_spleen","DC_plasmacytoid","Plasmacytoid dendritic cell","CL:0000784","Spleen","UBERON:0002106",0.0652543761274189,0.225369442363421,0.598154981549816,0.404945955604766,0.392602934189774,NA
"JOB3494_IDvCD_upregulated","Upregulated","TS_Trachea_b cell","Adult","Respiratory system","TS_Trachea","b cell","B cell","CL:0000236","Trachea","UBERON:0003126",0.00119952272019045,0.331796188528829,0.408856088560886,0.406648685088791,0.390780627666318,NA
"JOB3494_IDvCD_upregulated","Upregulated","TS_Lymph_Node_cd8-positive alpha-beta t cell","Adult","Lymphatic system","TS_Lymph_Node","cd8-positive alpha-beta t cell","T cell","CL:0000084","Lymph node","UBERON:0000029",0.00018449444844646,0.39322315382043,0.346863468634686,0.408120641205746,0.389211439691175,NA
"JOB3494_IDvCD_upregulated","Upregulated","AdultThyroid_T cell","Adult","Endocrine system","AdultThyroid","T cell","T cell","CL:0000084","Thyroid gland","UBERON:0002046",0.0864951580275864,0.216682384939475,0.629889298892989,0.408302236716591,0.389018240966025,NA
"JOB3494_IDvCD_upregulated","Upregulated","Fetal_HCA_Muscle_Erythroblasts","Fetal","Muscular system","Fetal_HCA_Muscle","Erythroblasts","Erythroblast","CL:0000765","Muscle organ","UBERON:0001630",0.0967494189581757,0.217876340699164,0.633948339483395,0.411551469008548,0.385575843784353,NA
"JOB3494_IDvCD_upregulated","Upregulated","TS_Skin_naive thymus-derived cd4-positive, alpha-beta t cell","Adult","Integumentary system","TS_Skin","naive thymus-derived cd4-positive, alpha-beta t cell","T cell","CL:0000084","Skin of body","UBERON:0002097",0.00572196456067072,0.28622001521931,0.482656826568266,0.411598383558502,0.385526339480551,NA
"JOB3494_IDvCD_upregulated","Upregulated","Madissoon_2020_spleen_CD34_progenitor","Adult","Lymphatic system","Madissoon_2020_spleen","CD34_progenitor","Hematopoietic stem cell","CL:0000037","Spleen","UBERON:0002106",0.0652543761274189,0.231339221161868,0.598154981549816,0.412054776188015,0.38504504752284,NA
"JOB3494_IDvCD_upregulated","Upregulated","TS_Heart_hepatocyte","Adult","Cardiovascular system","TS_Heart","hepatocyte","Hepatocyte","CL:0000182","Heart","UBERON:0000948",0.00018254444175443,0.404751002534672,0.343173431734317,0.413088329480017,0.383957074483654,NA
"JOB3494_IDvCD_upregulated","Upregulated","Lake_2017_VisualCortex_Ex5b","Adult","Nervous system","Lake_2017_VisualCortex","Ex5b","Excitatory neuron","CL:0008030","Visual cortex","UBERON:0000411",0.0196564892948254,0.260323526500532,0.537269372693727,0.414988062707028,0.381964395757859,NA
"JOB3494_IDvCD_upregulated","Upregulated","Lake_2017_FrontalCortex_Ex4","Adult","Nervous system","Lake_2017_FrontalCortex","Ex4","Excitatory neuron","CL:0008030","Frontal cortex","UBERON:0001870",0.0148765144616598,0.2666226724051,0.526568265682657,0.416031932759582,0.380873333582312,NA
"JOB3494_IDvCD_upregulated","Upregulated","AdultKidney_T cell","Adult","Urinary system","AdultKidney","T cell","T cell","CL:0000084","Kidney","UBERON:0002113",0.0810758606073753,0.226810423452701,0.625461254612546,0.418902679166448,0.377886862022443,NA
"JOB3494_IDvCD_upregulated","Upregulated","AdultBladder_Smooth muscle cell","Adult","Urinary system","AdultBladder","Smooth muscle cell","Smooth muscle cell","CL:0000192","Bladder organ","UBERON:0018707",0.086143164687832,0.226357543681785,0.628782287822878,0.419816808401534,0.376940177354616,NA
"JOB3494_IDvCD_upregulated","Upregulated","TS_Lung_type i pneumocyte","Adult","Respiratory system","TS_Lung","type i pneumocyte","Pneumocyte","CL:0000322","Lung","UBERON:0002048",0.00018406993095413,0.418213882997375,0.346125461254613,0.424523797185657,0.372097959844669,NA
"JOB3494_IDvCD_upregulated","Upregulated","TS_Eye_radial glial cell","Adult","Sensory system","TS_Eye","radial glial cell","Glial cell","CL:0000125","Eye","UBERON:0000970",2.72625069220528e-05,0.497385501131255,0.291512915129151,0.4249871108029,0.371624241225125,NA
"JOB3494_IDvCD_upregulated","Upregulated","FetalHeart_Smooth muscle cell","Fetal","Cardiovascular system","FetalHeart","Smooth muscle cell","Smooth muscle cell","CL:0000192","Heart","UBERON:0000948",0.125372958252327,0.223804948609345,0.648708487084871,0.425353641382684,0.371249844919413,NA
"JOB3494_IDvCD_upregulated","Upregulated","FetalIntestine_T cell","Fetal","Digestive system","FetalIntestine","T cell","T cell","CL:0000084","Intestine","UBERON:0000160",0.075378758484281,0.237967734172556,0.61070110701107,0.42562950448035,0.370968274536131,NA
"JOB3494_IDvCD_upregulated","Upregulated","TS_Vasculature_t cell","Adult","Cardiovascular system","TS_Vasculature","t cell","T cell","CL:0000084","Vasculature","UBERON:0002049",0.0225759285197434,0.266581501516834,0.546125461254613,0.426130340811308,0.370457542594159,NA
"JOB3494_IDvCD_upregulated","Upregulated","TS_Muscle_cd4-positive, alpha-beta t cell","Adult","Muscular system","TS_Muscle","cd4-positive, alpha-beta t cell","T cell","CL:0000084","Muscle organ","UBERON:0001630",0.133167568916277,0.222487480184861,0.65830258302583,0.427817931646053,0.368741016277525,NA
"JOB3494_IDvCD_upregulated","Upregulated","Fetal_HCA_Heart_Megakaryocytes","Fetal","Cardiovascular system","Fetal_HCA_Heart","Megakaryocytes","Hematopoietic stem cell","CL:0000037","Heart","UBERON:0000948",0.0753230470141147,0.243525804088351,0.609594095940959,0.431623035414415,0.364895385382994,NA
"JOB3494_IDvCD_upregulated","Upregulated","TS_Lymph_Node_cd4-positive alpha-beta t cell","Adult","Lymphatic system","TS_Lymph_Node","cd4-positive alpha-beta t cell","T cell","CL:0000084","Lymph node","UBERON:0000029",0.00046850600093478,0.396969704652559,0.375645756457565,0.432895917195373,0.363616510162546,NA
"JOB3494_IDvCD_upregulated","Upregulated","TS_Prostate_luminal cell of prostate epithelium","Adult","Reproductive system","TS_Prostate","luminal cell of prostate epithelium","Luminal cell of prostate epithelium","CL:0002340","Prostate gland","UBERON:0002367",0.00049886485123351,0.396557995769907,0.376383763837638,0.433158479391338,0.363353179552351,NA
"JOB3494_IDvCD_upregulated","Upregulated","AdultCerebellum_Astrocyte","Adult","Nervous system","AdultCerebellum","Astrocyte","Astrocyte","CL:0000127","Cerebellum","UBERON:0002037",0.0782473762213267,0.243649316753147,0.618450184501845,0.435865896785159,0.360647109916529,NA
"JOB3494_IDvCD_upregulated","Upregulated","TS_Spleen_naive thymus-derived cd4-positive, alpha-beta t cell","Adult","Lymphatic system","TS_Spleen","naive thymus-derived cd4-positive, alpha-beta t cell","T cell","CL:0000084","Spleen","UBERON:0002106",0.00120653850478766,0.363538943381258,0.414760147601476,0.436048500045814,0.360465203091897,NA
"JOB3494_IDvCD_upregulated","Upregulated","TS_Small_Intestine_enterocyte of epithelium of small intestine","Adult","Digestive system","TS_Small_Intestine","enterocyte of epithelium of small intestine","Enterocyte","CL:0000584","Small intestine","UBERON:0002108",0.00018387693536156,0.437646542258525,0.345387453874539,0.436759695580432,0.359757445382597,NA
"JOB3494_IDvCD_upregulated","Upregulated","TS_Large_Intestine_large intestine goblet cell","Adult","Digestive system","TS_Large_Intestine","large intestine goblet cell","Goblet cell","CL:0000160","Large intestine","UBERON:0000059",0.00120300874145807,0.369838089285826,0.411808118081181,0.438918209999461,0.357616400612708,NA
"JOB3494_IDvCD_upregulated","Upregulated","TS_Small_Intestine_intestinal enteroendocrine cell","Adult","Digestive system","TS_Small_Intestine","intestinal enteroendocrine cell","Endocrine cell","CL:0000163","Small intestine","UBERON:0002108",0.00046705887345836,0.408744578696391,0.373062730627306,0.439266324239544,0.357272090059369,NA
"JOB3494_IDvCD_upregulated","Upregulated","TS_Trachea_neutrophil","Adult","Respiratory system","TS_Trachea","neutrophil","Neutrophil","CL:0000775","Trachea","UBERON:0003126",0.0124805126635905,0.294948243531521,0.518081180811808,0.43986736395033,0.356678259396355,NA
"JOB3494_IDvCD_upregulated","Upregulated","Enge_2017_Pancreas_type B pancreatic cell","Adult","Digestive system","Enge_2017_Pancreas","type B pancreatic cell","Type B pancreatic cell","CL:0000169","Pancreas","UBERON:0001264",0.0187985818321435,0.28622001521931,0.535055350553506,0.440498978382788,0.35605509447834,NA
"JOB3494_IDvCD_upregulated","Upregulated","Lake_2017_VisualCortex_In1b","Adult","Nervous system","Lake_2017_VisualCortex","In1b","Inhibitory neuron","CL:0008029","Visual cortex","UBERON:0000411",0.0677464339836828,0.259294254293903,0.603321033210332,0.446644833518523,0.350037685267191,NA
"JOB3494_IDvCD_upregulated","Upregulated","TS_Eye_muller cell","Adult","Sensory system","TS_Eye","muller cell","Mueller cell","CL:0000636","Eye","UBERON:0000970",0.00019905490378769,0.450121321402865,0.351660516605166,0.450069958423027,0.346719974678781,NA
"JOB3494_IDvCD_upregulated","Upregulated","TS_Salivary_Gland_ionocyte","Adult","Digestive system","TS_Salivary_Gland","ionocyte","Ionocyte","CL:0005006","Saliva-secreting gland","UBERON:0001044",0.00050135450444109,0.416525876578504,0.381180811808118,0.450957295578354,0.345864582673675,NA
"JOB3494_IDvCD_upregulated","Upregulated","TS_Large_Intestine_mast cell","Adult","Digestive system","TS_Large_Intestine","mast cell","Mast cell","CL:0000097","Large intestine","UBERON:0000059",0.00049912628842359,0.421013503399405,0.377121771217712,0.450960398912199,0.345861594017897,NA
"JOB3494_IDvCD_upregulated","Upregulated","FetalPancreas_Smooth muscle cell","Fetal","Digestive system","FetalPancreas","Smooth muscle cell","Smooth muscle cell","CL:0000192","Pancreas","UBERON:0001264",0.098431446106971,0.250483684205161,0.635424354243542,0.451677766710197,0.345171286531188,NA
"JOB3494_IDvCD_upregulated","Upregulated","TS_Eye_melanocyte","Adult","Sensory system","TS_Eye","melanocyte","Melanocyte","CL:0000148","Eye","UBERON:0000970",0.00019905490378769,0.454691290000296,0.351660516605166,0.453024197370051,0.343878600407407,NA
"JOB3494_IDvCD_upregulated","Upregulated","FetalKidney_Smooth muscle cell","Fetal","Urinary system","FetalKidney","Smooth muscle cell","Smooth muscle cell","CL:0000192","Kidney","UBERON:0002113",0.0894181850625333,0.252995108389336,0.63210332103321,0.453064662982506,0.343839809527225,NA
"JOB3494_IDvCD_upregulated","Upregulated","Lake_2017_FrontalCortex_In4b","Adult","Nervous system","Lake_2017_FrontalCortex","In4b","Inhibitory neuron","CL:0008029","Frontal cortex","UBERON:0001870",0.0546190722492413,0.272345425873955,0.592619926199262,0.455767664318739,0.341256490270376,NA
"JOB3494_IDvCD_upregulated","Upregulated","TS_Pancreas_pancreatic alpha cell","Adult","Digestive system","TS_Pancreas","pancreatic alpha cell","Pancreatic A cell","CL:0000171","Pancreas","UBERON:0001264",0.0125376030970037,0.309481567089119,0.521771217712177,0.455915830854832,0.341115327443726,NA
"JOB3494_IDvCD_upregulated","Upregulated","AdultThyroid_B cell","Adult","Endocrine system","AdultThyroid","B cell","B cell","CL:0000236","Thyroid gland","UBERON:0002046",0.0864951580275864,0.26254675446685,0.629889298892989,0.462974574496918,0.33444285878526,NA
"JOB3494_IDvCD_upregulated","Upregulated","TS_Bladder_t cell","Adult","Urinary system","TS_Bladder","t cell","T cell","CL:0000084","Bladder organ","UBERON:0018707",0.00276588860082401,0.365185778911864,0.453874538745387,0.463645625759604,0.333813833190251,NA
"JOB3494_IDvCD_upregulated","Upregulated","FetalFemaleGonad_T cell","Fetal","Reproductive system","FetalFemaleGonad","T cell","T cell","CL:0000084","Heart","UBERON:0000948",0.117703540855021,0.257976785869418,0.643911439114391,0.464302447006381,0.333199027471952,NA
"JOB3494_IDvCD_upregulated","Upregulated","Fetal_HCA_Cerebellum_10k_Oligodendrocytes","Fetal","Nervous system","Fetal_HCA_Cerebellum_10k","Oligodendrocytes","Oligodendrocyte","CL:0000128","Cerebellum","UBERON:0002037",0.0675968354575066,0.280414919973924,0.601107011070111,0.468673815308746,0.329129309728323,NA
"JOB3494_IDvCD_upregulated","Upregulated","Enge_2017_Pancreas_pancreatic ductal cell","Adult","Digestive system","Enge_2017_Pancreas","pancreatic ductal cell","Pancreatic ductal cell","CL:0002079","Pancreas","UBERON:0001264",0.00925726186462353,0.338877581310435,0.498892988929889,0.46957090688299,0.328298818429058,NA
"JOB3494_IDvCD_upregulated","Upregulated","Braga_2020_lung_T cell","Adult","Respiratory system","Braga_2020_lung","T cell","T cell","CL:0000084","Lung","UBERON:0002048",0.14098669050641,0.254271405925555,0.664944649446494,0.469593589634569,0.328277840221548,NA
"JOB3494_IDvCD_upregulated","Upregulated","Fetal_HCA_Eye_Amacrine cells","Fetal","Sensory system","Fetal_HCA_Eye","Amacrine cells","Neuron","CL:0000540","Eye","UBERON:0000970",0.109037507511279,0.266952039511221,0.63690036900369,0.471271383359451,0.326728930761057,NA
"JOB3494_IDvCD_upregulated","Upregulated","FetalFemaleGonad_Smooth muscle cell","Fetal","Reproductive system","FetalFemaleGonad","Smooth muscle cell","Smooth muscle cell","CL:0000192","Immature gonad","UBERON:2005272",0.117703540855021,0.264193589997456,0.643911439114391,0.471440428464679,0.326573177207831,NA
"JOB3494_IDvCD_upregulated","Upregulated","Madissoon_2020_spleen_T_CD4_fh","Adult","Lymphatic system","Madissoon_2020_spleen","T_CD4_fh","T cell","CL:0000084","Spleen","UBERON:0002106",0.113846312331222,0.266334476187244,0.638745387453875,0.47144511069073,0.326568863927263,NA
"JOB3494_IDvCD_upregulated","Upregulated","AdultBoneMarrow_B cell","Adult","Lymphatic system","AdultBoneMarrow","B cell","B cell","CL:0000236","Bone marrow","UBERON:0002371",0.116336822385378,0.266005109081122,0.642066420664207,0.472635886787908,0.325473305889741,NA
"JOB3494_IDvCD_upregulated","Upregulated","van_Zyl_eye_2020_CribiformJCT","Adult","Sensory system","van_Zyl_eye_2020","CribiformJCT","Trabecular meshwork cell","CL:0002367","Eye","UBERON:0000970",0.111750544546565,0.269092925701008,0.637638376383764,0.474032044122756,0.324192299432865,NA
"JOB3494_IDvCD_upregulated","Upregulated","AdultLung_Endothelial cell","Adult","Respiratory system","AdultLung","Endothelial cell","Endothelial cell","CL:0000115","Lung","UBERON:0002048",0.118233777749664,0.266581501516834,0.646494464944649,0.475369103575901,0.322969048486132,NA
"JOB3494_IDvCD_upregulated","Upregulated","TS_Large_Intestine_intestinal enteroendocrine cell","Adult","Digestive system","TS_Large_Intestine","intestinal enteroendocrine cell","Endocrine cell","CL:0000163","Large intestine","UBERON:0000059",0.00120300874145807,0.41953135142186,0.411808118081181,0.476112245543027,0.32229064838608,NA
"JOB3494_IDvCD_upregulated","Upregulated","TS_Thymus_thymocyte","Adult","Lymphatic system","TS_Thymus","thymocyte","Thymocyte","CL:0000893","Thymus","UBERON:0002370",0.0119309724532752,0.336613182455851,0.514022140221402,0.476568934054862,0.321874271280962,NA
"JOB3494_IDvCD_upregulated","Upregulated","TS_Bladder_smooth muscle cell","Adult","Urinary system","TS_Bladder","smooth muscle cell","Smooth muscle cell","CL:0000192","Bladder organ","UBERON:0018707",0.00050007914870393,0.458355499055895,0.378228782287823,0.477159131697471,0.321336760387991,NA
"JOB3494_IDvCD_upregulated","Upregulated","Lake_2017_FrontalCortex_Oli","Adult","Nervous system","Lake_2017_FrontalCortex","Oli","Oligodendrocyte","CL:0000128","Frontal cortex","UBERON:0001870",0.0546190722492413,0.292930870006529,0.592619926199262,0.477568026486863,0.320964757224475,NA
"JOB3494_IDvCD_upregulated","Upregulated","TS_Small_Intestine_cd8-positive, alpha-beta t cell","Adult","Digestive system","TS_Small_Intestine","cd8-positive, alpha-beta t cell","T cell","CL:0000084","Small intestine","UBERON:0002108",0.00046705887345836,0.471736037742068,0.373062730627306,0.481737394423657,0.317189640666017,NA
"JOB3494_IDvCD_upregulated","Upregulated","AdultPeripheralBlood_T cell","Adult","Lymphatic system","AdultPeripheralBlood","T cell","T cell","CL:0000084","Blood","UBERON:0000178",0.134674683442741,0.266499159740304,0.660516605166052,0.481806859153226,0.317127021541511,NA
"JOB3494_IDvCD_upregulated","Upregulated","TS_Blood_platelet","Adult","Lymphatic system","TS_Blood","platelet","Platelet","CL:0000233","Blood","UBERON:0000178",0.00113518469497141,0.435258630739147,0.404428044280443,0.481813245651846,0.317121264872268,NA
"JOB3494_IDvCD_upregulated","Upregulated","FetalLung_Fetal stromal cell","Fetal","Respiratory system","FetalLung","Fetal stromal cell","Stromal cell","CL:0000499","Lung","UBERON:0002048",0.117668211579738,0.273992261404561,0.64280442804428,0.481974149519673,0.316976254337967,NA
"JOB3494_IDvCD_upregulated","Upregulated","TS_Skin_cd8-positive, alpha-beta cytotoxic t cell","Adult","Integumentary system","TS_Skin","cd8-positive, alpha-beta cytotoxic t cell","T cell","CL:0000084","Skin of body","UBERON:0002097",0.0119253207197997,0.344641505667555,0.512177121771218,0.482658014109925,0.316360478337808,NA
"JOB3494_IDvCD_upregulated","Upregulated","NeonatalAdrenalGland_Erythroid cell","Neonatal","Endocrine system","NeonatalAdrenalGland","Erythroid cell","Erythroid lineage cell","CL:0000764","Adrenal gland","UBERON:0002369",0.145339056087135,0.264811153321433,0.667527675276753,0.483093637636475,0.315968682152408,NA
"JOB3494_IDvCD_upregulated","Upregulated","Braga_2020_lung_Transformed epithelium","Adult","Respiratory system","Braga_2020_lung","Transformed epithelium","Epithelial cell","CL:0000066","Lung","UBERON:0002048",0.14098669050641,0.267363748393872,0.664944649446494,0.484846734592015,0.314395524986166,NA
"JOB3494_IDvCD_upregulated","Upregulated","TS_Thymus_dn1 thymic pro-t cell","Adult","Lymphatic system","TS_Thymus","dn1 thymic pro-t cell","T cell","CL:0000084","Thymus","UBERON:0002370",0.00260917807167153,0.401498502361725,0.446125461254613,0.487150312041208,0.312337014929352,NA
"JOB3494_IDvCD_upregulated","Upregulated","Madissoon_2020_spleen_T_CD8_gd","Adult","Lymphatic system","Madissoon_2020_spleen","T_CD8_gd","Thymocyte","CL:0000893","Spleen","UBERON:0002106",0.113846312331222,0.280785457968311,0.638745387453875,0.487548638155498,0.311982052316477,NA
"JOB3494_IDvCD_upregulated","Upregulated","AdultCerebellum_Smooth muscle cell","Adult","Nervous system","AdultCerebellum","Smooth muscle cell","Smooth muscle cell","CL:0000192","Cerebellum","UBERON:0002037",0.132952869312184,0.274115774069357,0.656826568265683,0.48874348893699,0.310919015248398,NA
"JOB3494_IDvCD_upregulated","Upregulated","TS_Mammary_basal cell","Adult","Endocrine system","TS_Mammary","basal cell","Basal cell","CL:0000646","Mammary gland","UBERON:0001911",0.00571914311870052,0.373996349000606,0.481549815498155,0.488831522676205,0.310840796049234,NA
"JOB3494_IDvCD_upregulated","Upregulated","AdultSigmoidColon_Smooth muscle cell","Adult","Digestive system","AdultSigmoidColon","Smooth muscle cell","Smooth muscle cell","CL:0000192","Sigmoid colon","UBERON:0001159",0.140766038340073,0.271974887879569,0.663468634686347,0.489429347818526,0.310309992455623,NA
"JOB3494_IDvCD_upregulated","Upregulated","TS_Uterus_pericyte cell","Adult","Reproductive system","TS_Uterus","pericyte cell","Pericyte cell","CL:0000669","Uterus","UBERON:0000995",0.00571051823691796,0.377084165620492,0.480442804428044,0.490661750925256,0.309217795716953,NA
"JOB3494_IDvCD_upregulated","Upregulated","Lake_2017_VisualCortex_In1c","Adult","Nervous system","Lake_2017_VisualCortex","In1c","Inhibitory neuron","CL:0008029","Visual cortex","UBERON:0000411",0.0677464339836828,0.302441345195778,0.603321033210332,0.492881080587761,0.30725785207054,NA
"JOB3494_IDvCD_upregulated","Upregulated","Fetal_HCA_Thymus_Thymocytes","Fetal","Lymphatic system","Fetal_HCA_Thymus","Thymocytes","Thymocyte","CL:0000893","Thymus","UBERON:0002370",0.13601380774137,0.277574128683629,0.661254612546125,0.494711679739063,0.305647836176457,NA
"JOB3494_IDvCD_upregulated","Upregulated","Lake_2017_VisualCortex_Ex8","Adult","Nervous system","Lake_2017_VisualCortex","Ex8","Excitatory neuron","CL:0008030","Visual cortex","UBERON:0000411",0.0677464339836828,0.305776187145256,0.603321033210332,0.496292756733623,0.30426206317377,NA
"JOB3494_IDvCD_upregulated","Upregulated","Lake_2017_VisualCortex_In4b","Adult","Nervous system","Lake_2017_VisualCortex","In4b","Inhibitory neuron","CL:0008029","Visual cortex","UBERON:0000411",0.0375591398003618,0.324220745088042,0.571217712177122,0.497507336967142,0.303200510132632,NA
"JOB3494_IDvCD_upregulated","Upregulated","TS_Lymph_Node_regulatory t cell","Adult","Lymphatic system","TS_Lymph_Node","regulatory t cell","T cell","CL:0000084","Lymph node","UBERON:0000029",0.00113479737381417,0.461607999228841,0.403690036900369,0.499436178428284,0.301520001186366,NA
"JOB3494_IDvCD_upregulated","Upregulated","TS_Large_Intestine_b cell","Adult","Digestive system","TS_Large_Intestine","b cell","B cell","CL:0000236","Large intestine","UBERON:0000059",0.00120300874145807,0.454526606447236,0.411808118081181,0.500830859309121,0.300308919384754,NA
"JOB3494_IDvCD_upregulated","Upregulated","TS_Bladder_bladder urothelial cell","Adult","Urinary system","TS_Bladder","bladder urothelial cell","Urothelial cell","CL:0000731","Bladder organ","UBERON:0018707",0.00050007914870393,0.496150374483301,0.378228782287823,0.50163559191603,0.299611657136759,NA
"JOB3494_IDvCD_upregulated","Upregulated","TS_Trachea_cd4-positive, alpha-beta t cell","Adult","Respiratory system","TS_Trachea","cd4-positive, alpha-beta t cell","T cell","CL:0000084","Trachea","UBERON:0003126",0.00601795815422384,0.384042045737302,0.488929889298893,0.501821749995361,0.299450519389959,NA
"JOB3494_IDvCD_upregulated","Upregulated","Lake_2017_VisualCortex_In6b","Adult","Nervous system","Lake_2017_VisualCortex","In6b","Inhibitory neuron","CL:0008029","Visual cortex","UBERON:0000411",0.0196564892948254,0.352134607331812,0.537269372693727,0.504193905390252,0.297402408305309,NA
"JOB3494_IDvCD_upregulated","Upregulated","FetalIntestine_Smooth muscle cell","Fetal","Digestive system","FetalIntestine","Smooth muscle cell","Smooth muscle cell","CL:0000192","Intestine","UBERON:0000160",0.12877458521092,0.29309555355959,0.649446494464945,0.506119663653343,0.295746789246744,NA
"JOB3494_IDvCD_upregulated","Upregulated","TS_Small_Intestine_b cell","Adult","Digestive system","TS_Small_Intestine","b cell","B cell","CL:0000236","Small intestine","UBERON:0002108",0.00113157992961219,0.48071129138387,0.402952029520295,0.511653733585149,0.291023852437905,NA
"JOB3494_IDvCD_upregulated","Upregulated","TS_Liver_liver dendritic cell","Adult","Digestive system","TS_Liver","liver dendritic cell","Dendritic cell","CL:0000451","Liver","UBERON:0002107",0.00543194399488412,0.404915686087732,0.47859778597786,0.51179842230214,0.290901057226736,NA
"JOB3494_IDvCD_upregulated","Upregulated","Madissoon_2020_oesophagus_B_CD27pos","Adult","Digestive system","Madissoon_2020_oesophagus","B_CD27pos","B cell","CL:0000236","Esophagus","UBERON:0001043",0.118064482847784,0.302976566743225,0.645387453874539,0.514654939365231,0.288483854756852,NA
"JOB3494_IDvCD_upregulated","Upregulated","TS_Lung_type ii pneumocyte","Adult","Respiratory system","TS_Lung","type ii pneumocyte","Pneumocyte","CL:0000322","Lung","UBERON:0002048",0.00046747386933884,0.523076135408708,0.374538745387454,0.515266588945487,0.287968017265371,NA
"JOB3494_IDvCD_upregulated","Upregulated","FetalMuscle_Fetal mesenchymal progenitor","Fetal","Muscular system","FetalMuscle","Fetal mesenchymal progenitor","Mesenchymal stem cell","CL:0000134","Muscle organ","UBERON:0001630",0.165997350106461,0.289390173615727,0.678228782287823,0.515853848213681,0.287473325320555,NA
"JOB3494_IDvCD_upregulated","Upregulated","AdultHeart_Smooth muscle cell","Adult","Cardiovascular system","AdultHeart","Smooth muscle cell","Smooth muscle cell","CL:0000192","Heart","UBERON:0000948",0.149734744931359,0.293671945995302,0.671955719557196,0.517579855123603,0.286022635312527,NA
"JOB3494_IDvCD_upregulated","Upregulated","AdultIleum_Enterocyte progenitor","Adult","Digestive system","AdultIleum","Enterocyte progenitor","Enterocyte","CL:0000584","Ileum","UBERON:0002116",0.152642709880905,0.296018686626415,0.673062730627306,0.520661585381477,0.283444463561647,NA
"JOB3494_IDvCD_upregulated","Upregulated","TS_Eye_retinal pigment epithelial cell","Adult","Sensory system","TS_Eye","retinal pigment epithelial cell","Retinal pigment epithelial cell","CL:0002586","Eye","UBERON:0000970",0.00121017946770531,0.477458791210923,0.418081180811808,0.521270051881029,0.282937225536103,NA
"JOB3494_IDvCD_upregulated","Upregulated","FetalSkin_Neutrophil","Fetal","Integumentary system","FetalSkin","Neutrophil","Neutrophil","CL:0000775","Skin of body","UBERON:0002097",0.136774050799499,0.303388275625877,0.661992619926199,0.523239032088856,0.281299866387672,NA
"JOB3494_IDvCD_upregulated","Upregulated","FetalBrain_Erythroid cell","Fetal","Nervous system","FetalBrain","Erythroid cell","Erythroid lineage cell","CL:0000764","Brain","UBERON:0000955",0.15303214735813,0.299312357687627,0.674538745387454,0.524932969564414,0.279896149559476,NA
"JOB3494_IDvCD_upregulated","Upregulated","TS_Bladder_b cell","Adult","Urinary system","TS_Bladder","b cell","B cell","CL:0000236","Bladder organ","UBERON:0018707",0.012513836924506,0.392358565166862,0.520295202952029,0.528511720748725,0.276945376946807,NA
"JOB3494_IDvCD_upregulated","Upregulated","TS_Salivary_Gland_acinar cell of salivary gland","Adult","Digestive system","TS_Salivary_Gland","acinar cell of salivary gland","Acinar cell","CL:0000622","Saliva-secreting gland","UBERON:0001044",0.00120802462264077,0.4916627476624,0.416236162361624,0.529314360666036,0.276286323138127,NA
"JOB3494_IDvCD_upregulated","Upregulated","FetalAdrenalGland_CB CD34+","Fetal","Endocrine system","FetalAdrenalGland","CB CD34+","Hematopoietic stem cell","CL:0000037","Adrenal gland","UBERON:0002369",0.121796340059927,0.316974668753376,0.647970479704797,0.530490827546157,0.275322120868254,NA
"JOB3494_IDvCD_upregulated","Upregulated","TS_Trachea_cd8-positive, alpha-beta t cell","Adult","Respiratory system","TS_Trachea","cd8-positive, alpha-beta t cell","T cell","CL:0000084","Trachea","UBERON:0003126",0.00601795815422384,0.42097233251114,0.488929889298893,0.5311800545699,0.27475824078021,NA
"JOB3494_IDvCD_upregulated","Upregulated","TS_Lymph_Node_naive thymus-derived cd4-positive, alpha-beta t cell","Adult","Lymphatic system","TS_Lymph_Node","naive thymus-derived cd4-positive, alpha-beta t cell","T cell","CL:0000084","Lymph node","UBERON:0000029",0.203463536571869,0.295359952414173,0.698523985239852,0.531954113679282,0.274125828297733,NA
"JOB3494_IDvCD_upregulated","Upregulated","NeonatalAdrenalGland_Endothelial cell","Neonatal","Endocrine system","NeonatalAdrenalGland","Endothelial cell","Endothelial cell","CL:0000115","Adrenal gland","UBERON:0002369",0.145339056087135,0.309193370871263,0.667527675276753,0.532078978888061,0.274023898626969,NA
"JOB3494_IDvCD_upregulated","Upregulated","AdultHeart_Dendritic cell","Adult","Cardiovascular system","AdultHeart","Dendritic cell","Dendritic cell","CL:0000451","Heart","UBERON:0000948",0.149734744931359,0.307670048005452,0.671955719557196,0.53262390191892,0.27357934815135,NA
"JOB3494_IDvCD_upregulated","Upregulated","Madissoon_2020_oesophagus_Mast_cell","Adult","Digestive system","Madissoon_2020_oesophagus","Mast_cell","Mast cell","CL:0000097","Esophagus","UBERON:0001043",0.118064482847784,0.321174099356421,0.645387453874539,0.533476102603189,0.272885030297654,NA
"JOB3494_IDvCD_upregulated","Upregulated","Lake_2017_FrontalCortex_In4a","Adult","Nervous system","Lake_2017_FrontalCortex","In4a","Inhibitory neuron","CL:0008029","Frontal cortex","UBERON:0001870",0.0956937234327276,0.328049637696701,0.633210332103321,0.534172274406218,0.272318657282206,NA
"JOB3494_IDvCD_upregulated","Upregulated","Fetal_HCA_Stomach_MUC13_DMBT1 positive cells","Fetal","Digestive system","Fetal_HCA_Stomach","MUC13_DMBT1 positive cells","Epithelial cell","CL:0000066","Stomach","UBERON:0000945",0.149092700582555,0.30981093419524,0.670848708487085,0.534348013601062,0.272175800727923,NA
"JOB3494_IDvCD_upregulated","Upregulated","TS_Spleen_hematopoietic stem cell","Adult","Lymphatic system","TS_Spleen","hematopoietic stem cell","Hematopoietic stem cell","CL:0000037","Spleen","UBERON:0002106",0.00120653850478766,0.502161324170012,0.414760147601476,0.535039166546499,0.271614425095746,NA
"JOB3494_IDvCD_upregulated","Upregulated","TS_Pancreas_nk cell","Adult","Digestive system","TS_Pancreas","nk cell","Natural killer cell","CL:0000623","Pancreas","UBERON:0001264",0.00277285989425482,0.45856135349722,0.454612546125461,0.535339112327679,0.271371025535764,NA
"JOB3494_IDvCD_upregulated","Upregulated","TS_Thymus_memory b cell","Adult","Lymphatic system","TS_Thymus","memory b cell","B cell","CL:0000236","Thymus","UBERON:0002370",0.0119309724532752,0.4057802747413,0.514022140221402,0.535515166499451,0.271228224862475,NA
"JOB3494_IDvCD_upregulated","Upregulated","TS_Lung_cd4-positive, alpha-beta t cell","Adult","Respiratory system","TS_Lung","cd4-positive, alpha-beta t cell","T cell","CL:0000084","Lung","UBERON:0002048",0.129548975444348,0.322244542451315,0.654981549815498,0.539394222942693,0.268093709269011,NA
"JOB3494_IDvCD_upregulated","Upregulated","Braga_2020_lung_Alveolar cells type 1","Adult","Respiratory system","Braga_2020_lung","Alveolar cells type 1","Alveolar capillary type 1 endothelial cell","CL:4028002","Lung","UBERON:0002048",0.14098669050641,0.318250966289595,0.664944649446494,0.54025692146345,0.267399660475952,NA
"JOB3494_IDvCD_upregulated","Upregulated","AdultTemporalLobe_Smooth muscle cell","Adult","Nervous system","AdultTemporalLobe","Smooth muscle cell","Smooth muscle cell","CL:0000192","Temporal lobe","UBERON:0001871",0.167158529937968,0.311869478608497,0.680073800738007,0.540994023713094,0.266807532458609,NA
"JOB3494_IDvCD_upregulated","Upregulated","FetalKidney_Neutrophil","Fetal","Urinary system","FetalKidney","Neutrophil","Neutrophil","CL:0000775","Kidney","UBERON:0002113",0.148895641288525,0.317304035859497,0.668634686346864,0.541096706757504,0.266725109278278,NA
"JOB3494_IDvCD_upregulated","Upregulated","Fetal_HCA_Cerebrum_10k_Oligodendrocytes","Fetal","Nervous system","Fetal_HCA_Cerebrum_10k","Oligodendrocytes","Oligodendrocyte","CL:0000128","Cerebral hemisphere","UBERON:0001869",0.0775527824863087,0.349952550253759,0.612915129151292,0.544697540458842,0.263844585746814,NA
"JOB3494_IDvCD_upregulated","Upregulated","AdultSpleen_T cell","Adult","Lymphatic system","AdultSpleen","T cell","T cell","CL:0000084","Spleen","UBERON:0002106",0.183674556844676,0.314092706574815,0.685608856088561,0.546009840432648,0.262799530176055,NA
"JOB3494_IDvCD_upregulated","Upregulated","AdultTransverseColon_Mast cell","Adult","Digestive system","AdultTransverseColon","Mast cell","Mast cell","CL:0000097","Transverse colon","UBERON:0001157",0.152737855509426,0.320144827149792,0.67380073800738,0.54657625153585,0.262349242110969,NA
"JOB3494_IDvCD_upregulated","Upregulated","Fetal_HCA_Cerebrum_10k_SKOR2_NPSR1 positive cells","Fetal","Nervous system","Fetal_HCA_Cerebrum_10k","SKOR2_NPSR1 positive cells","Neuron","CL:0000540","Cerebral hemisphere","UBERON:0001869",0.0775527824863087,0.358227898795054,0.612915129151292,0.552446446150801,0.257709815866329,NA
"JOB3494_IDvCD_upregulated","Upregulated","Fetal_HCA_Liver_Erythroblasts","Fetal","Digestive system","Fetal_HCA_Liver","Erythroblasts","Erythroblast","CL:0000765","Liver","UBERON:0002107",0.121493607164024,0.341141980165018,0.647232472324723,0.554315182185123,0.256243226316567,NA
"JOB3494_IDvCD_upregulated","Upregulated","TS_Trachea_mast cell","Adult","Respiratory system","TS_Trachea","mast cell","Mast cell","CL:0000097","Trachea","UBERON:0003126",0.0245349487551138,0.402198407462233,0.551291512915129,0.555718601667801,0.255145065754714,NA
"JOB3494_IDvCD_upregulated","Upregulated","AdultStomach_Mast cell","Adult","Digestive system","AdultStomach","Mast cell","Mast cell","CL:0000097","Stomach","UBERON:0000945",0.148946353029861,0.333154827841579,0.669372693726937,0.557637241706091,0.253648229660127,NA
"JOB3494_IDvCD_upregulated","Upregulated","TS_Blood_alpha-beta t cell","Adult","Lymphatic system","TS_Blood","alpha-beta t cell","T cell","CL:0000084","Blood","UBERON:0000178",0.00261826390422685,0.497961893566967,0.450184501845018,0.559389809414752,0.252285449575598,NA
"JOB3494_IDvCD_upregulated","Upregulated","TS_Liver_nk cell","Adult","Digestive system","TS_Liver","nk cell","Natural killer cell","CL:0000623","Liver","UBERON:0002107",0.00543194399488412,0.46959515155228,0.47859778597786,0.560245114610948,0.251621921864312,NA
"JOB3494_IDvCD_upregulated","Upregulated","TS_Spleen_mature nk t cell","Adult","Lymphatic system","TS_Spleen","mature nk t cell","T cell","CL:0000084","Spleen","UBERON:0002106",0.0125233539334527,0.431470909018753,0.521033210332103,0.560339856892108,0.251548485130722,NA
"JOB3494_IDvCD_upregulated","Upregulated","Madissoon_2020_lung_DC_activated","Adult","Respiratory system","Madissoon_2020_lung","DC_activated","Dendritic cell","CL:0000451","Lung","UBERON:0002048",0.129164752378163,0.347111758963464,0.650184501845018,0.561645599126938,0.250537639757736,NA
"JOB3494_IDvCD_upregulated","Upregulated","TS_Eye_eye photoreceptor cell","Adult","Sensory system","TS_Eye","eye photoreceptor cell","Photoreceptor cell","CL:0000210","Eye","UBERON:0000970",0.00277606252575117,0.495738665600649,0.455350553505535,0.561717329519299,0.250482177515151,NA
"JOB3494_IDvCD_upregulated","Upregulated","Fetal_HCA_Cerebellum_10k_Purkinje neurons","Fetal","Nervous system","Fetal_HCA_Cerebellum_10k","Purkinje neurons","Neuron","CL:0000540","Cerebellum","UBERON:0002037",0.0675968354575066,0.376260747855189,0.601107011070111,0.562368966773042,0.249978653015051,NA
"JOB3494_IDvCD_upregulated","Upregulated","AdultStomach_Epithelial cell","Adult","Digestive system","AdultStomach","Epithelial cell","Epithelial cell","CL:0000066","Stomach","UBERON:0000945",0.232662856353262,0.317839257406944,0.714391143911439,0.563688053687273,0.248961169140559,NA
"JOB3494_IDvCD_upregulated","Upregulated","van_Zyl_eye_2020_SchwannCell-my","Adult","Sensory system","van_Zyl_eye_2020","SchwannCell-my","Schwann cell","CL:0002573","Eye","UBERON:0000970",0.179801353429469,0.335666252025753,0.681180811808118,0.566036570316119,0.247155509141372,NA
"JOB3494_IDvCD_upregulated","Upregulated","AdultTemporalLobe_Astrocyte","Adult","Nervous system","AdultTemporalLobe","Astrocyte","Astrocyte","CL:0000127","Temporal lobe","UBERON:0001871",0.167158529937968,0.338342359762988,0.680073800738007,0.568169149247687,0.245522351526916,NA
"JOB3494_IDvCD_upregulated","Upregulated","TS_Small_Intestine_duodenum glandular cell","Adult","Digestive system","TS_Small_Intestine","duodenum glandular cell","Duodenum glandular cell","CL:1001589","Small intestine","UBERON:0002108",0.00572970187638887,0.476717715222151,0.485239852398524,0.56996522770642,0.244151638846574,NA
"JOB3494_IDvCD_upregulated","Upregulated","TS_Bone_Marrow_granulocyte","Adult","Lymphatic system","TS_Bone_Marrow","granulocyte","Granulocyte","CL:0000094","Bone marrow","UBERON:0002371",0.00120516864072379,0.560294618400402,0.413284132841328,0.570314169896043,0.243885837899007,NA
"JOB3494_IDvCD_upregulated","Upregulated","Fetal_HCA_Eye_Retinal pigment cells","Fetal","Sensory system","Fetal_HCA_Eye","Retinal pigment cells","Retinal pigment epithelial cell","CL:0002586","Eye","UBERON:0000970",0.183248249937516,0.340730271282366,0.683394833948339,0.572201284212579,0.242451171826438,NA
"JOB3494_IDvCD_upregulated","Upregulated","AdultCervix_T cell","Adult","Reproductive system","AdultCervix","T cell","T cell","CL:0000084","Uterine cervix","UBERON:0000002",0.14904445232389,0.347770493175707,0.670110701107011,0.572480173525058,0.242239549473251,NA
"JOB3494_IDvCD_upregulated","Upregulated","TS_Lymph_Node_b cell","Adult","Lymphatic system","TS_Lymph_Node","b cell","B cell","CL:0000236","Lymph node","UBERON:0000029",0.0026179013979007,0.519905977012291,0.449446494464945,0.573389940188507,0.241549930780789,NA
"JOB3494_IDvCD_upregulated","Upregulated","FetalSpinalCord_Neutrophil","Fetal","Nervous system","FetalSpinalCord","Neutrophil","Neutrophil","CL:0000775","Spinal cord","UBERON:0002240",0.186463702292441,0.34027739151145,0.68929889298893,0.574671889897166,0.240580045881999,NA
"JOB3494_IDvCD_upregulated","Upregulated","FetalLung_T cell","Fetal","Respiratory system","FetalLung","T cell","T cell","CL:0000084","Lung","UBERON:0002048",0.191244482670594,0.341224321941548,0.691512915129151,0.57670966055363,0.239042773593449,NA
"JOB3494_IDvCD_upregulated","Upregulated","TS_Eye_corneal epithelial cell","Adult","Sensory system","TS_Eye","corneal epithelial cell","Epithelial cell","CL:0000066","Eye","UBERON:0000970",0.00121017946770531,0.567087814964151,0.418081180811808,0.578335494360674,0.23782015279076,NA
"JOB3494_IDvCD_upregulated","Upregulated","FetalLiver_CB CD34+","Fetal","Digestive system","FetalLiver","CB CD34+","Hematopoietic stem cell","CL:0000037","Liver","UBERON:0002107",0.143656596368614,0.358845462119032,0.666420664206642,0.581281968670823,0.235613148621487,NA
"JOB3494_IDvCD_upregulated","Upregulated","FetalLung_Smooth muscle cell","Fetal","Respiratory system","FetalLung","Smooth muscle cell","Smooth muscle cell","CL:0000192","Lung","UBERON:0002048",0.191244482670594,0.346123657645101,0.691512915129151,0.581577959566865,0.235392060573822,NA
"JOB3494_IDvCD_upregulated","Upregulated","AdultEsophagus_Stromal cell","Adult","Digestive system","AdultEsophagus","Stromal cell","Stromal cell","CL:0000499","Esophagus","UBERON:0001043",0.211809157043404,0.339948024405329,0.707011070110701,0.583002907545343,0.234329279327179,NA
"JOB3494_IDvCD_upregulated","Upregulated","FetalStomach_Fetal mesenchymal progenitor","Fetal","Digestive system","FetalStomach","Fetal mesenchymal progenitor","Mesenchymal stem cell","CL:0000134","Stomach","UBERON:0000945",0.206601348375935,0.343365208131336,0.700369003690037,0.583195808717622,0.234185605844659,NA
"JOB3494_IDvCD_upregulated","Upregulated","AdultBoneMarrow_Neutrophil (RPS high)","Adult","Lymphatic system","AdultBoneMarrow","Neutrophil (RPS high)","Neutrophil","CL:0000775","Bone marrow","UBERON:0002371",0.193337608903066,0.350652455354267,0.692988929889299,0.586768154350069,0.231533464640171,NA
"JOB3494_IDvCD_upregulated","Upregulated","Fetal_HCA_Intestine_ENS neurons","Fetal","Digestive system","Fetal_HCA_Intestine","ENS neurons","Enteric neuron","CL:0007011","Intestine","UBERON:0000160",0.136920738595081,0.367861886649099,0.662730627306273,0.587891640086615,0.230702715504176,NA
"JOB3494_IDvCD_upregulated","Upregulated","Fetal_HCA_Eye_Smooth muscle cells","Fetal","Sensory system","Fetal_HCA_Eye","Smooth muscle cells","Smooth muscle cell","CL:0000192","Eye","UBERON:0000970",0.183248249937516,0.357033943035365,0.683394833948339,0.588176402828581,0.230492403030082,NA
"JOB3494_IDvCD_upregulated","Upregulated","TS_Salivary_Gland_cd4-positive helper t cell","Adult","Digestive system","TS_Salivary_Gland","cd4-positive helper t cell","T cell","CL:0000084","Saliva-secreting gland","UBERON:0001044",0.0246362259937398,0.445798378135024,0.555350553505535,0.593199155928507,0.226799475606994,NA
"JOB3494_IDvCD_upregulated","Upregulated","Lake_2017_VisualCortex_Ex1","Adult","Nervous system","Lake_2017_VisualCortex","Ex1","Excitatory neuron","CL:0008030","Visual cortex","UBERON:0000411",0.0375591398003618,0.433941162314662,0.571217712177122,0.593618487585198,0.226492581901526,NA
"JOB3494_IDvCD_upregulated","Upregulated","Madissoon_2020_oesophagus_B_CD27neg","Adult","Digestive system","Madissoon_2020_oesophagus","B_CD27neg","B cell","CL:0000236","Esophagus","UBERON:0001043",0.188298801018402,0.359421854554744,0.690036900369004,0.593812977771128,0.226350315138764,NA
"JOB3494_IDvCD_upregulated","Upregulated","TS_Uterus_nk cell","Adult","Reproductive system","TS_Uterus","nk cell","Natural killer cell","CL:0000623","Uterus","UBERON:0000995",0.0439710486434623,0.42920651016417,0.579335793357934,0.594704974063221,0.225698429082401,NA
"JOB3494_IDvCD_upregulated","Upregulated","AdultCerebellum_T cell","Adult","Nervous system","AdultCerebellum","T cell","T cell","CL:0000084","Cerebellum","UBERON:0002037",0.211744552304193,0.352587487102729,0.706273062730627,0.595217330859932,0.225324431986275,NA
"JOB3494_IDvCD_upregulated","Upregulated","Lake_2017_VisualCortex_Ex5a","Adult","Nervous system","Lake_2017_VisualCortex","Ex5a","Excitatory neuron","CL:0008030","Visual cortex","UBERON:0000411",0.0375591398003618,0.437234833375874,0.571217712177122,0.596235605452595,0.224582092728299,NA
"JOB3494_IDvCD_upregulated","Upregulated","AdultLiver_Neutrophil","Adult","Digestive system","AdultLiver","Neutrophil","Neutrophil","CL:0000775","Liver","UBERON:0002107",0.181671509596951,0.366338563783288,0.681918819188192,0.596314506368386,0.224524625571061,NA
"JOB3494_IDvCD_upregulated","Upregulated","FetalLung_Fetal chondrocyte","Fetal","Respiratory system","FetalLung","Fetal chondrocyte","Chondrocyte","CL:0000138","Lung","UBERON:0002048",0.191244482670594,0.361645082521062,0.691512915129151,0.596687592887876,0.22425299248329,NA
"JOB3494_IDvCD_upregulated","Upregulated","Fetal_HCA_Eye_Skeletal muscle cells","Fetal","Sensory system","Fetal_HCA_Eye","Skeletal muscle cells","Cell of skeletal muscle","CL:0000188","Eye","UBERON:0000970",0.183248249937516,0.366009196677167,0.683394833948339,0.59675210376463,0.224206041275109,NA
"JOB3494_IDvCD_upregulated","Upregulated","Lake_2017_VisualCortex_In8","Adult","Nervous system","Lake_2017_VisualCortex","In8","Inhibitory neuron","CL:0008029","Visual cortex","UBERON:0000411",0.115165021193594,0.393923058920938,0.640959409594096,0.600011302688092,0.221840568534965,NA
"JOB3494_IDvCD_upregulated","Upregulated","Madissoon_2020_lung_T_CD4","Adult","Respiratory system","Madissoon_2020_lung","T_CD4","T cell","CL:0000084","Lung","UBERON:0002048",0.20307225903872,0.364609386476152,0.69409594095941,0.600816093163517,0.221258443050315,NA
"JOB3494_IDvCD_upregulated","Upregulated","Madissoon_2020_spleen_Platelet","Adult","Lymphatic system","Madissoon_2020_spleen","Platelet","Platelet","CL:0000233","Spleen","UBERON:0002106",0.185993035010682,0.369673405732765,0.687822878228782,0.60245656890243,0.220074255916377,NA
"JOB3494_IDvCD_upregulated","Upregulated","TS_Blood_hematopoietic stem cell","Adult","Lymphatic system","TS_Blood","hematopoietic stem cell","Hematopoietic stem cell","CL:0000037","Blood","UBERON:0000178",0.00574296756736692,0.52517585071023,0.487084870848708,0.60455443690033,0.218564587142347,NA
"JOB3494_IDvCD_upregulated","Upregulated","AdultSpleen_Dendritic cell","Adult","Lymphatic system","AdultSpleen","Dendritic cell","Dendritic cell","CL:0000451","Spleen","UBERON:0002106",0.183674556844676,0.373914007224076,0.685608856088561,0.605308505668509,0.218023223429353,NA
"JOB3494_IDvCD_upregulated","Upregulated","TS_Skin_naive thymus-derived cd8-positive, alpha-beta t cell","Adult","Integumentary system","TS_Skin","naive thymus-derived cd8-positive, alpha-beta t cell","T cell","CL:0000084","Skin of body","UBERON:0002097",0.044034305863053,0.443369295727381,0.580073800738007,0.606434439056483,0.217216143346495,NA
"JOB3494_IDvCD_upregulated","Upregulated","AdultSigmoidColon_Mast cell","Adult","Digestive system","AdultSigmoidColon","Mast cell","Mast cell","CL:0000097","Sigmoid colon","UBERON:0001159",0.226368497517311,0.366379734671554,0.71070110701107,0.610759482453483,0.214129781587021,NA
"JOB3494_IDvCD_upregulated","Upregulated","AdultAdipose_Stromal cell","Adult","Integumentary system","AdultAdipose","Stromal cell","Stromal cell","CL:0000499","Adipose tissue","UBERON:0001013",0.231648667539115,0.365350462464925,0.713653136531365,0.611226197971824,0.213798039591453,NA
"JOB3494_IDvCD_upregulated","Upregulated","TS_Thymus_naive regulatory t cell","Adult","Lymphatic system","TS_Thymus","naive regulatory t cell","T cell","CL:0000084","Thymus","UBERON:0002370",0.00572610858461417,0.539668003379562,0.483763837638376,0.611680822332189,0.213475135467324,NA
"JOB3494_IDvCD_upregulated","Upregulated","TS_Eye_retinal bipolar neuron","Adult","Sensory system","TS_Eye","retinal bipolar neuron","Bipolar neuron","CL:0000103","Eye","UBERON:0000970",0.0125470572574906,0.503396450817967,0.522509225092251,0.614302245279353,0.21161789732792,NA
"JOB3494_IDvCD_upregulated","Upregulated","Lake_2017_VisualCortex_Ex3a","Adult","Nervous system","Lake_2017_VisualCortex","Ex3a","Excitatory neuron","CL:0008030","Visual cortex","UBERON:0000411",0.115165021193594,0.419901889416246,0.640959409594096,0.622392686760963,0.205935519035749,NA
"JOB3494_IDvCD_upregulated","Upregulated","AdultSpleen_Neutrophil","Adult","Lymphatic system","AdultSpleen","Neutrophil","Neutrophil","CL:0000775","Spleen","UBERON:0002106",0.183674556844676,0.393099641155635,0.685608856088561,0.622881380986531,0.205594650753185,NA
"JOB3494_IDvCD_upregulated","Upregulated","TS_Mammary_luminal epithelial cell of mammary gland","Adult","Endocrine system","TS_Mammary","luminal epithelial cell of mammary gland","Epithelial cell","CL:0000066","Mammary gland","UBERON:0001911",0.00571914311870052,0.562559017254985,0.481549815498155,0.62469714745003,0.204330477165135,NA
"JOB3494_IDvCD_upregulated","Upregulated","Lake_2017_FrontalCortex_In1c","Adult","Nervous system","Lake_2017_FrontalCortex","In1c","Inhibitory neuron","CL:0008029","Frontal cortex","UBERON:0001870",0.157600204882194,0.403392363221922,0.675645756457565,0.6268472323208,0.202838287309599,NA
"JOB3494_IDvCD_upregulated","Upregulated","AdultJeJunum_Mast cell","Adult","Digestive system","AdultJeJunum","Mast cell","Mast cell","CL:0000097","Jejunum","UBERON:0002115",0.211299102433212,0.389147235882181,0.705535055350553,0.629448408328327,0.201039860308348,NA
"JOB3494_IDvCD_upregulated","Upregulated","AdultBladder_Mast cell","Adult","Urinary system","AdultBladder","Mast cell","Mast cell","CL:0000097","Bladder organ","UBERON:0018707",0.226651600420348,0.385935906597499,0.712177121771218,0.629833061364787,0.200774545999518,NA
"JOB3494_IDvCD_upregulated","Upregulated","TS_Thymus_naive b cell","Adult","Lymphatic system","TS_Thymus","naive b cell","B cell","CL:0000236","Thymus","UBERON:0002370",0.0777574216976277,0.448186289654403,0.614760147601476,0.630700583580387,0.200176767158536,NA
"JOB3494_IDvCD_upregulated","Upregulated","Fetal_HCA_Cerebellum_10k_SLC24A4_PEX5L positive cells","Fetal","Nervous system","Fetal_HCA_Cerebellum_10k","SLC24A4_PEX5L positive cells","Neuron","CL:0000540","Cerebellum","UBERON:0002037",0.114994181430512,0.431388567242223,0.639852398523985,0.631342012948443,0.199735309382341,NA
"JOB3494_IDvCD_upregulated","Upregulated","FetalSkin_Epithelial cell","Fetal","Integumentary system","FetalSkin","Epithelial cell","Epithelial cell","CL:0000066","Skin of body","UBERON:0002097",0.216807666125418,0.39169983095462,0.708487084870849,0.633255075560228,0.198421320638929,NA
"JOB3494_IDvCD_upregulated","Upregulated","Fetal_HCA_Heart_Cardiomyocytes","Fetal","Cardiovascular system","Fetal_HCA_Heart","Cardiomyocytes","Fetal cardiomyocyte","CL:0002495","Heart","UBERON:0000948",0.206087987234192,0.397504926200006,0.699630996309963,0.634013954246752,0.197901183465788,NA
"JOB3494_IDvCD_upregulated","Upregulated","TS_Small_Intestine_paneth cell of epithelium of small intestine","Adult","Digestive system","TS_Small_Intestine","paneth cell of epithelium of small intestine","Paneth cell","CL:0000510","Small intestine","UBERON:0002108",0.00572970187638887,0.574704429293203,0.485239852398524,0.634989006606195,0.197233793466442,NA
"JOB3494_IDvCD_upregulated","Upregulated","TS_Large_Intestine_paneth cell of epithelium of large intestine","Adult","Digestive system","TS_Large_Intestine","paneth cell of epithelium of large intestine","Paneth cell","CL:0000510","Large intestine","UBERON:0000059",0.00602964171422564,0.571822467114643,0.490036900369004,0.636702861234906,0.196063198485869,NA
"JOB3494_IDvCD_upregulated","Upregulated","Fetal_HCA_Spleen_Lymphoid cells","Fetal","Lymphatic system","Fetal_HCA_Spleen","Lymphoid cells","Innate lymphoid cell","CL:0001065","Spleen","UBERON:0002106",0.220915469323464,0.396805021099498,0.709225092250923,0.638239575953162,0.195016269579709,NA
"JOB3494_IDvCD_upregulated","Upregulated","CordBloodCD34P_Neutrophil","Neonatal","Reproductive system","CordBloodCD34P","Neutrophil","Neutrophil","CL:0000775","Umbilical cord blood","UBERON:0012168",0.228596348193799,0.398781223736225,0.712915129151292,0.641867729144267,0.192554458568533,NA
"JOB3494_IDvCD_upregulated","Upregulated","TS_Bone_Marrow_hematopoietic stem cell","Adult","Lymphatic system","TS_Bone_Marrow","hematopoietic stem cell","Hematopoietic stem cell","CL:0000037","Bone marrow","UBERON:0002371",0.0125122182971126,0.547737497479531,0.519188191881919,0.641970440824242,0.192484968321274,NA
"JOB3494_IDvCD_upregulated","Upregulated","AdultPleura_Mesothelial cell","Adult","Respiratory system","AdultPleura","Mesothelial cell","Mesothelial cell","CL:0000077","Pleura","UBERON:0000977",0.216377052325066,0.404586318981611,0.707749077490775,0.644436745150456,0.190819704501873,NA
"JOB3494_IDvCD_upregulated","Upregulated","Madissoon_2020_spleen_DC_activated","Adult","Lymphatic system","Madissoon_2020_spleen","DC_activated","Dendritic cell","CL:0000451","Spleen","UBERON:0002106",0.185993035010682,0.417555148785133,0.687822878228782,0.64550892472436,0.190097748855736,NA
"JOB3494_IDvCD_upregulated","Upregulated","Braga_2020_lung_Alveolar cells type 2","Adult","Respiratory system","Braga_2020_lung","Alveolar cells type 2","Alveolar capillary type 2 endothelial cell","CL:4028003","Lung","UBERON:0002048",0.226648893638279,0.404133439210695,0.711439114391144,0.645898433388169,0.189835768826875,NA
"JOB3494_IDvCD_upregulated","Upregulated","Lake_2017_CerebellarHemisphere_Oli","Adult","Nervous system","Lake_2017_CerebellarHemisphere","Oli","Oligodendrocyte","CL:0000128","Cerebellar hemisphere","UBERON:0002245",0.161984403010381,0.427271478415708,0.677121771217712,0.648134586734214,0.188334802452069,NA
"JOB3494_IDvCD_upregulated","Upregulated","FetalPancreas_Fetal fibroblast","Fetal","Digestive system","FetalPancreas","Fetal fibroblast","Fibroblast","CL:0000057","Pancreas","UBERON:0001264",0.248800210488056,0.402651287233149,0.719926199261993,0.64883401628519,0.187866389534118,NA
"JOB3494_IDvCD_upregulated","Upregulated","Madissoon_2020_spleen_DC_1","Adult","Lymphatic system","Madissoon_2020_spleen","DC_1","Dendritic cell","CL:0000451","Spleen","UBERON:0002106",0.185993035010682,0.424430687125413,0.687822878228782,0.651370114880153,0.186172170917562,NA
"JOB3494_IDvCD_upregulated","Upregulated","Lake_2017_CerebellarHemisphere_Gran","Adult","Nervous system","Lake_2017_CerebellarHemisphere","Gran","Cerebellar granule cell","CL:0001031","Cerebellar hemisphere","UBERON:0002245",0.0988525710778392,0.459796480145175,0.636162361623616,0.65207391440575,0.185703172981064,NA
"JOB3494_IDvCD_upregulated","Upregulated","VentoTormo_2018_decidua_conventional dendritic cell (DC1)","Maternal-Fetal","Reproductive system","VentoTormo_2018_decidua","conventional dendritic cell (DC1)","Dendritic cell","CL:0000451","Decidua","UBERON:0002450",0.0854644653519118,0.469183442669629,0.628044280442804,0.654724564041592,0.183941364855318,NA
"JOB3494_IDvCD_upregulated","Upregulated","TS_Skin_melanocyte","Adult","Integumentary system","TS_Skin","melanocyte","Melanocyte","CL:0000148","Skin of body","UBERON:0002097",0.203272344432856,0.425706984661632,0.697416974169742,0.657437718175582,0.182145383421996,NA
"JOB3494_IDvCD_upregulated","Upregulated","Lake_2017_VisualCortex_Ex4","Adult","Nervous system","Lake_2017_VisualCortex","Ex4","Excitatory neuron","CL:0008030","Visual cortex","UBERON:0000411",0.0677464339836828,0.492856703422089,0.603321033210332,0.657990563698984,0.181780334597057,NA
"JOB3494_IDvCD_upregulated","Upregulated","TS_Blood_memory b cell","Adult","Lymphatic system","TS_Blood","memory b cell","B cell","CL:0000236","Blood","UBERON:0000178",0.0119602499167546,0.578409809237067,0.515867158671587,0.659240197895891,0.180956318920002,NA
"JOB3494_IDvCD_upregulated","Upregulated","TS_Trachea_ciliated cell","Adult","Respiratory system","TS_Trachea","ciliated cell","Ciliated cell","CL:0000064","Trachea","UBERON:0003126",0.0456450838213782,0.509242716951618,0.586715867158672,0.659721455459412,0.18063939156589,NA
"JOB3494_IDvCD_upregulated","Upregulated","FetalCalvaria_Erythroid cell","Fetal","Skeletal system","FetalCalvaria","Erythroid cell","Erythroid lineage cell","CL:0000764","Vault of skull","UBERON:0004339",0.266745614024913,0.413602743511679,0.722509225092251,0.659783080059079,0.180598826000734,NA
"JOB3494_IDvCD_upregulated","Upregulated","FetalLiver_Erythroid cell","Fetal","Digestive system","FetalLiver","Erythroid cell","Erythroid lineage cell","CL:0000764","Liver","UBERON:0002107",0.240922469558396,0.421878092052973,0.715867158671587,0.663603516990602,0.178091320951529,NA
"JOB3494_IDvCD_upregulated","Upregulated","MacParland_2018_liver_NK-like cell","Adult","Digestive system","MacParland_2018_liver","NK-like cell","Natural killer cell","CL:0000623","Liver","UBERON:0002107",0.237346691180456,0.424677712455003,0.715129151291513,0.665623116601614,0.176771603727265,NA
"JOB3494_IDvCD_upregulated","Upregulated","TS_Skin_nk cell","Adult","Integumentary system","TS_Skin","nk cell","Natural killer cell","CL:0000623","Skin of body","UBERON:0002097",0.129533106900195,0.470377398429318,0.653136531365314,0.669799114795006,0.174055430758377,NA
"JOB3494_IDvCD_upregulated","Upregulated","FetalSkin_Fetal mesenchymal progenitor","Fetal","Integumentary system","FetalSkin","Fetal mesenchymal progenitor","Mesenchymal stem cell","CL:0000134","Skin of body","UBERON:0002097",0.321858739522142,0.415949484142792,0.749815498154981,0.675269115456994,0.170523112997619,NA
"JOB3494_IDvCD_upregulated","Upregulated","TS_Bone_Marrow_myeloid progenitor","Adult","Lymphatic system","TS_Bone_Marrow","myeloid progenitor","Myeloid cell","CL:0000763","Bone marrow","UBERON:0002371",0.0125122182971126,0.601794873771671,0.519188191881919,0.675920408419618,0.170104440477329,NA
"JOB3494_IDvCD_upregulated","Upregulated","AdultAdrenalGland_Myeloid cell","Adult","Endocrine system","AdultAdrenalGland","Myeloid cell","Myeloid cell","CL:0000763","Adrenal gland","UBERON:0002369",0.221775108477616,0.442545877962078,0.709963099630996,0.677947230764187,0.168804108905522,NA
"JOB3494_IDvCD_upregulated","Upregulated","AdultDuodenum_T cell","Adult","Digestive system","AdultDuodenum","T cell","T cell","CL:0000084","Duodenum","UBERON:0002114",0.286486185117177,0.430688662141715,0.729889298892989,0.678136830867782,0.168682667644429,NA
"JOB3494_IDvCD_upregulated","Upregulated","Fetal_HCA_Placenta_AFP_ALB positive cells","Fetal","Reproductive system","Fetal_HCA_Placenta","AFP_ALB positive cells","Hepatocyte","CL:0000182","Placenta","UBERON:0001987",0.255319596810178,0.438716985353419,0.721771217712177,0.680788055609919,0.166988072530119,NA
"JOB3494_IDvCD_upregulated","Upregulated","AdultLung_T cell","Adult","Respiratory system","AdultLung","T cell","T cell","CL:0000084","Lung","UBERON:0002048",0.282609489695559,0.439005181571275,0.72619926199262,0.683255385648103,0.165416936367048,NA
"JOB3494_IDvCD_upregulated","Upregulated","FetalAdrenalGland_Erythroid cell","Fetal","Endocrine system","FetalAdrenalGland","Erythroid cell","Erythroid lineage cell","CL:0000764","Adrenal gland","UBERON:0002369",0.288500965597722,0.437028978934548,0.730627306273063,0.683826657443525,0.165053973216279,NA
"JOB3494_IDvCD_upregulated","Upregulated","Madissoon_2020_lung_Alveolar_Type1","Adult","Respiratory system","Madissoon_2020_lung","Alveolar_Type1","Alveolar capillary type 2 endothelial cell","CL:4028003","Lung","UBERON:0002048",0.20307225903872,0.461072777681394,0.69409594095941,0.684651720630841,0.164530296059768,NA
"JOB3494_IDvCD_upregulated","Upregulated","Fetal_HCA_Kidney_Metanephric cells","Fetal","Urinary system","Fetal_HCA_Kidney","Metanephric cells","Epithelial cell","CL:0000066","Kidney","UBERON:0002113",0.166406213111057,0.473424044160939,0.678966789667897,0.686255616757127,0.163514087982079,NA
"JOB3494_IDvCD_upregulated","Upregulated","Madissoon_2020_spleen_Unknown","Adult","Lymphatic system","Madissoon_2020_spleen","Unknown","Unknown",NA,"Spleen","UBERON:0002106",0.284161981749853,0.449215561861032,0.727675276752768,0.692388262569478,0.159650302934879,NA
"JOB3494_IDvCD_upregulated","Upregulated","FetalSpinalCord_CB CD34+","Fetal","Nervous system","FetalSpinalCord","CB CD34+","Hematopoietic stem cell","CL:0000037","Spinal cord","UBERON:0002240",0.284853853521714,0.450121321402865,0.728413284132841,0.693495176574322,0.158956555202723,NA
"JOB3494_IDvCD_upregulated","Upregulated","TS_Spleen_naive b cell","Adult","Lymphatic system","TS_Spleen","naive b cell","B cell","CL:0000236","Spleen","UBERON:0002106",0.0803701302166501,0.532627781486222,0.622140221402214,0.697373772744791,0.156534389862821,NA
"JOB3494_IDvCD_upregulated","Upregulated","TS_Thymus_dn3 thymocyte","Adult","Lymphatic system","TS_Thymus","dn3 thymocyte","Thymocyte","CL:0000893","Thymus","UBERON:0002370",0.0777574216976277,0.540738446474456,0.614760147601476,0.698537675807433,0.155810165134615,NA
"JOB3494_IDvCD_upregulated","Upregulated","TS_Pancreas_pancreatic beta cell","Adult","Digestive system","TS_Pancreas","pancreatic beta cell","Type B pancreatic cell","CL:0000169","Pancreas","UBERON:0001264",0.0457843788587523,0.568734650494757,0.587453874538745,0.70038470955834,0.15466334378066,NA
"JOB3494_IDvCD_upregulated","Upregulated","AdultUterus_Endothelial cell","Adult","Reproductive system","AdultUterus","Endothelial cell","Endothelial cell","CL:0000115","Uterus","UBERON:0000995",0.248779290794718,0.466589676708924,0.718819188191882,0.701794523661619,0.1537900250531,NA
"JOB3494_IDvCD_upregulated","Upregulated","TS_Muscle_skeletal muscle satellite stem cell","Adult","Muscular system","TS_Muscle","skeletal muscle satellite stem cell","Skeletal muscle satellite cell","CL:0000594","Muscle organ","UBERON:0001630",0.024593201471379,0.609452658988988,0.553874538745388,0.704154550060419,0.1523320100738,NA
"JOB3494_IDvCD_upregulated","Upregulated","AdultLung_Stratified epithelial cell","Adult","Respiratory system","AdultLung","Stratified epithelial cell","Epithelial cell","CL:0000066","Lung","UBERON:0002048",0.282609489695559,0.467083727368106,0.72619926199262,0.705926817121449,0.151240319582364,NA
"JOB3494_IDvCD_upregulated","Upregulated","Fetal_HCA_Eye_PDE11A_FAM19A2 positive cells","Fetal","Sensory system","Fetal_HCA_Eye","PDE11A_FAM19A2 positive cells","Neuron","CL:0000540","Eye","UBERON:0000970",0.286212168331192,0.46959515155228,0.729151291512915,0.70938231280097,0.149119644097372,NA
"JOB3494_IDvCD_upregulated","Upregulated","TS_Uterus_epithelial cell of uterus","Adult","Reproductive system","TS_Uterus","epithelial cell of uterus","Epithelial cell","CL:0000066","Uterus","UBERON:0000995",0.129393309957956,0.527563762229609,0.650922509225092,0.710449637356811,0.14846670308944,NA
"JOB3494_IDvCD_upregulated","Upregulated","FetalHeart_Erythroid cell","Fetal","Cardiovascular system","FetalHeart","Erythroid cell","Erythroid lineage cell","CL:0000764","Heart","UBERON:0000948",0.303591552627381,0.465848600720152,0.737269372693727,0.710506044796646,0.148432222858735,NA
"JOB3494_IDvCD_upregulated","Upregulated","Lake_2017_FrontalCortex_Ex5b","Adult","Nervous system","Lake_2017_FrontalCortex","Ex5b","Excitatory neuron","CL:0008030","Frontal cortex","UBERON:0001870",0.157600204882194,0.510477843599572,0.675645756457565,0.712048641758235,0.14749033764737,NA
"JOB3494_IDvCD_upregulated","Upregulated","van_Zyl_eye_2020_CornealEpi","Adult","Sensory system","van_Zyl_eye_2020","CornealEpi","Epithelial cell","CL:0000066","Eye","UBERON:0000970",0.271817260119054,0.477005911440007,0.723985239852398,0.712519982003153,0.147202951737668,NA
"JOB3494_IDvCD_upregulated","Upregulated","TS_Lung_basophil","Adult","Respiratory system","TS_Lung","basophil","Basophil","CL:0000767","Lung","UBERON:0002048",0.129548975444348,0.528387179994912,0.654981549815498,0.713304495890781,0.146725038653642,NA
"JOB3494_IDvCD_upregulated","Upregulated","TS_Trachea_secretory cell","Adult","Respiratory system","TS_Trachea","secretory cell","Endocrine cell","CL:0000163","Trachea","UBERON:0003126",0.080234560757885,0.558153732210614,0.621033210332103,0.713885689959029,0.146371323510123,NA
"JOB3494_IDvCD_upregulated","Upregulated","Lake_2017_CerebellarHemisphere_Purk2","Adult","Nervous system","Lake_2017_CerebellarHemisphere","Purk2","Purkinje cell","CL:0000121","Cerebellar hemisphere","UBERON:0002245",0.161984403010381,0.512495217124564,0.677121771217712,0.71429831778849,0.146120372661453,NA
"JOB3494_IDvCD_upregulated","Upregulated","TS_Eye_b cell","Adult","Sensory system","TS_Eye","b cell","B cell","CL:0000236","Eye","UBERON:0000970",0.208221551701008,0.493309583193005,0.703690036900369,0.714420402154699,0.146046151520566,NA
"JOB3494_IDvCD_upregulated","Upregulated","TS_Lung_b cell","Adult","Respiratory system","TS_Lung","b cell","B cell","CL:0000236","Lung","UBERON:0002048",0.203263518431265,0.500185121533285,0.696678966789668,0.715826536551815,0.145192205828101,NA
"JOB3494_IDvCD_upregulated","Upregulated","AdultBoneMarrow_T cell","Adult","Lymphatic system","AdultBoneMarrow","T cell","T cell","CL:0000084","Bone marrow","UBERON:0002371",0.298789444286835,0.478241038087961,0.731365313653137,0.7171950605362,0.144362710171287,NA
"JOB3494_IDvCD_upregulated","Upregulated","Lake_2017_FrontalCortex_Ex2","Adult","Nervous system","Lake_2017_FrontalCortex","Ex2","Excitatory neuron","CL:0008030","Frontal cortex","UBERON:0001870",0.243668169726535,0.489768886802203,0.716974169741697,0.718644869148484,0.143485670772816,NA
"JOB3494_IDvCD_upregulated","Upregulated","FetalStomach_T cell","Fetal","Digestive system","FetalStomach","T cell","T cell","CL:0000084","Stomach","UBERON:0000945",0.309538389633629,0.476306006339499,0.744649446494465,0.722320801175643,0.14126987827868,NA
"JOB3494_IDvCD_upregulated","Upregulated","Lake_2017_FrontalCortex_In1a","Adult","Nervous system","Lake_2017_FrontalCortex","In1a","Excitatory neuron","CL:0008030","Frontal cortex","UBERON:0001870",0.243668169726535,0.495368127606263,0.716974169741697,0.722823343145977,0.140967830605033,NA
"JOB3494_IDvCD_upregulated","Upregulated","Madissoon_2020_lung_Basal","Adult","Respiratory system","Madissoon_2020_lung","Basal","Basal cell","CL:0000646","Lung","UBERON:0002048",0.30033541388679,0.485240089093036,0.735793357933579,0.724754486947002,0.139809087252314,NA
"JOB3494_IDvCD_upregulated","Upregulated","TS_Bone_Marrow_erythroid progenitor","Adult","Lymphatic system","TS_Bone_Marrow","erythroid progenitor","Erythroid progenitor cell","CL:0000038","Bone marrow","UBERON:0002371",0.0245832881748555,0.648976711723531,0.552767527675277,0.726498043606883,0.138765550879902,NA
"JOB3494_IDvCD_upregulated","Upregulated","FetalPancreas_Fetal neuron","Fetal","Digestive system","FetalPancreas","Fetal neuron","Neuron","CL:0000540","Pancreas","UBERON:0001264",0.248800210488056,0.499526387321043,0.719926199261993,0.727408202905211,0.138221805760848,NA
"JOB3494_IDvCD_upregulated","Upregulated","Fetal_HCA_Adrenal_Erythroblasts","Fetal","Endocrine system","Fetal_HCA_Adrenal","Erythroblasts","Erythroblast","CL:0000765","Adrenal gland","UBERON:0002369",0.248468769906047,0.501955469728687,0.718081180811808,0.728248580848216,0.137720353017342,NA
"JOB3494_IDvCD_upregulated","Upregulated","TS_Small_Intestine_intestinal tuft cell","Adult","Digestive system","TS_Small_Intestine","intestinal tuft cell","Intestinal tuft cell","CL:0019032","Small intestine","UBERON:0002108",0.0777773541846494,0.590102341504369,0.616236162361624,0.731497349307456,0.135787243268309,NA
"JOB3494_IDvCD_upregulated","Upregulated","TS_Lymph_Node_naive b cell","Adult","Lymphatic system","TS_Lymph_Node","naive b cell","B cell","CL:0000236","Lymph node","UBERON:0000029",0.129696764581794,0.555189428255523,0.656088560885609,0.732114945275108,0.135420727439344,NA
"JOB3494_IDvCD_upregulated","Upregulated","AdultPleura_T cell","Adult","Respiratory system","AdultPleura","T cell","T cell","CL:0000084","Pleura","UBERON:0000977",0.321291087038848,0.488863127260369,0.748339483394834,0.733709333100523,0.134475956476165,NA
"JOB3494_IDvCD_upregulated","Upregulated","Madissoon_2020_lung_Secretory_club","Adult","Respiratory system","Madissoon_2020_lung","Secretory_club","Club cell","CL:0000158","Lung","UBERON:0002048",0.30033541388679,0.506648950990913,0.735793357933579,0.740635759357109,0.130395323185103,NA
"JOB3494_IDvCD_upregulated","Upregulated","TS_Thymus_b cell","Adult","Lymphatic system","TS_Thymus","b cell","B cell","CL:0000236","Thymus","UBERON:0002370",0.0777574216976277,0.60850572855889,0.614760147601476,0.741912464212936,0.129647332661555,NA
"JOB3494_IDvCD_upregulated","Upregulated","Fetal_HCA_Cerebellum_10k_Unipolar brush cells","Fetal","Nervous system","Fetal_HCA_Cerebellum_10k","Unipolar brush cells","Neuron","CL:0000540","Cerebellum","UBERON:0002037",0.391597976893298,0.495532811159323,0.762361623616236,0.745522721992095,0.127539115610846,NA
"JOB3494_IDvCD_upregulated","Upregulated","TS_Small_Intestine_intestinal crypt stem cell of small intestine","Adult","Digestive system","TS_Small_Intestine","intestinal crypt stem cell of small intestine","Intestinal crypt stem cell","CL:0002250","Small intestine","UBERON:0002108",0.0440528482986675,0.655481712069424,0.580811808118081,0.748369718079752,0.125883794043403,NA
"JOB3494_IDvCD_upregulated","Upregulated","AdultEpityphlon_T cell","Adult","Digestive system","AdultEpityphlon","T cell","T cell","CL:0000084","Caecum","UBERON:0001153",0.370512968395154,0.507884077638868,0.758671586715867,0.7527897574299,0.123326298616316,NA
"JOB3494_IDvCD_upregulated","Upregulated","Madissoon_2020_lung_DC_plasmacytoid","Adult","Respiratory system","Madissoon_2020_lung","DC_plasmacytoid","Plasmacytoid dendritic cell","CL:0000784","Lung","UBERON:0002048",0.30033541388679,0.525669901369412,0.735793357933579,0.75418622181815,0.122521405957191,NA
"JOB3494_IDvCD_upregulated","Upregulated","TS_Blood_naive b cell","Adult","Lymphatic system","TS_Blood","naive b cell","B cell","CL:0000236","Blood","UBERON:0000178",0.0778558953701565,0.627732533378714,0.616974169741697,0.754670647896163,0.122242541097279,NA
"JOB3494_IDvCD_upregulated","Upregulated","Placenta_Epithelial cell","Adult","Reproductive system","Placenta","Epithelial cell","Epithelial cell","CL:0000066","Placenta","UBERON:0001987",0.321347411362627,0.518176799705155,0.749077490774908,0.755485291355629,0.121773986580111,NA
"JOB3494_IDvCD_upregulated","Upregulated","Fetal_HCA_Heart_SATB2_LRRC7 positive cells","Fetal","Cardiovascular system","Fetal_HCA_Heart","SATB2_LRRC7 positive cells","Neuron","CL:0000540","Heart","UBERON:0000948",0.308897923293393,0.525134679821965,0.74280442804428,0.757295463796074,0.120734644593893,NA
"JOB3494_IDvCD_upregulated","Upregulated","AdultLung_AT2 cell","Adult","Respiratory system","AdultLung","AT2 cell","Alveolar capillary type 2 endothelial cell","CL:4028003","Lung","UBERON:0002048",0.282609489695559,0.538721072949464,0.72619926199262,0.758373103351934,0.120117078192374,NA
"JOB3494_IDvCD_upregulated","Upregulated","Fetal_HCA_Heart_Visceral neurons","Fetal","Cardiovascular system","Fetal_HCA_Heart","Visceral neurons","Neuron","CL:0000540","Heart","UBERON:0000948",0.308897923293393,0.526946198905631,0.74280442804428,0.758559928477391,0.120010102973595,NA
"JOB3494_IDvCD_upregulated","Upregulated","AdultGallbladder_Goblet cell","Adult","Digestive system","AdultGallbladder","Goblet cell","Goblet cell","CL:0000160","Gall bladder","UBERON:0002110",0.308959810972863,0.52653449002298,0.743911439114391,0.758819707299999,0.119861398578707,NA
"JOB3494_IDvCD_upregulated","Upregulated","FetalKidney_Loop of Henle","Fetal","Urinary system","FetalKidney","Loop of Henle","Kidney loop of Henle epithelial cell","CL:1000909","Kidney","UBERON:0002113",0.34058838690381,0.520894078330655,0.752029520295203,0.758850348755567,0.11984386194086,NA
"JOB3494_IDvCD_upregulated","Upregulated","MacParland_2018_liver_Cholangiocytes","Adult","Digestive system","MacParland_2018_liver","Cholangiocytes","Cholangiocyte","CL:1000488","Liver","UBERON:0002107",0.346195801916143,0.524023065838806,0.752767527675277,0.76140852033897,0.118382267637892,NA
"JOB3494_IDvCD_upregulated","Upregulated","AdultAdrenalGland_T cell","Adult","Endocrine system","AdultAdrenalGland","T cell","T cell","CL:0000084","Adrenal gland","UBERON:0002369",0.327764007769255,0.528222496441851,0.751291512915129,0.76361668949076,0.117124588300195,NA
"JOB3494_IDvCD_upregulated","Upregulated","AdultKidney_Loop of Henle","Adult","Urinary system","AdultKidney","Loop of Henle","Kidney loop of Henle epithelial cell","CL:1000909","Kidney","UBERON:0002113",0.322031922617741,0.528881230654093,0.750553505535055,0.763713331397481,0.117069628276767,NA
"JOB3494_IDvCD_upregulated","Upregulated","AdultCerebellum_Oligodendrocyte","Adult","Nervous system","AdultCerebellum","Oligodendrocyte","Oligodendrocyte","CL:0000128","Cerebellum","UBERON:0002037",0.315752706839088,0.532792465039283,0.745387453874539,0.763882514703505,0.116973430873868,NA
"JOB3494_IDvCD_upregulated","Upregulated","CordBlood_B cell","Neonatal","Reproductive system","CordBlood","B cell","B cell","CL:0000236","Umbilical cord blood","UBERON:0012168",0.41961109842258,0.512742242454155,0.777859778597786,0.765453152425309,0.116081384019629,NA
"JOB3494_IDvCD_upregulated","Upregulated","FetalThymus_Proliferating T cell","Fetal","Lymphatic system","FetalThymus","Proliferating T cell","T cell","CL:0000084","Thymus","UBERON:0002370",0.438146745949174,0.509283887839883,0.78339483394834,0.765571523023305,0.116014229389849,NA
"JOB3494_IDvCD_upregulated","Upregulated","Fetal_HCA_Stomach_ENS neurons","Fetal","Digestive system","Fetal_HCA_Stomach","ENS neurons","ENS neuron","CL:0000540","Stomach","UBERON:0000945",0.36475179814896,0.528098983777056,0.757564575645756,0.766579586479328,0.115442749910031,NA
"JOB3494_IDvCD_upregulated","Upregulated","Voigt_2019_retina_1_Melanocyte","Adult","Sensory system","Voigt_2019_retina_1","Melanocyte","Melanocyte","CL:0000148","Retina","UBERON:0000966",0.386040961933518,0.525422876039821,0.761623616236162,0.766676120776156,0.115388063255634,NA
"JOB3494_IDvCD_upregulated","Upregulated","TS_Mammary_b cell","Adult","Endocrine system","TS_Mammary","b cell","B cell","CL:0000236","Mammary gland","UBERON:0001911",0.300147028948453,0.547861010144327,0.732841328413284,0.767883530892841,0.114704646799704,NA
"JOB3494_IDvCD_upregulated","Upregulated","TS_Trachea_basal cell","Adult","Respiratory system","TS_Trachea","basal cell","Basal cell","CL:0000646","Trachea","UBERON:0003126",0.080234560757885,0.647206363528129,0.621033210332103,0.768286142547942,0.114477000040121,NA
"JOB3494_IDvCD_upregulated","Upregulated","TS_Spleen_erythrocyte","Adult","Lymphatic system","TS_Spleen","erythrocyte","Erythrocyte","CL:0000232","Spleen","UBERON:0002106",0.133223962180823,0.612005254061428,0.659040590405904,0.769559442022155,0.113757828925186,NA
"JOB3494_IDvCD_upregulated","Upregulated","FetalLiver_Neutrophil (RPS high)","Fetal","Digestive system","FetalLiver","Neutrophil (RPS high)","Neutrophil","CL:0000775","Liver","UBERON:0002107",0.371040977600328,0.532627781486222,0.759409594095941,0.770598676610783,0.113171741158896,NA
"JOB3494_IDvCD_upregulated","Upregulated","TS_Bone_Marrow_memory b cell","Adult","Lymphatic system","TS_Bone_Marrow","memory b cell","B cell","CL:0000236","Bone marrow","UBERON:0002371",0.133150330805778,0.623738957216995,0.657564575645756,0.775687731531041,0.110313077410405,NA
"JOB3494_IDvCD_upregulated","Upregulated","FetalSpinalCord_Erythroid cell","Fetal","Nervous system","FetalSpinalCord","Erythroid cell","Erythroid lineage cell","CL:0000764","Spinal cord","UBERON:0002240",0.406628512748072,0.535139205670396,0.766789667896679,0.775857531001854,0.110218019953456,NA
"JOB3494_IDvCD_upregulated","Upregulated","TS_Bladder_mast cell","Adult","Urinary system","TS_Bladder","mast cell","Mast cell","CL:0000097","Bladder organ","UBERON:0018707",0.423486833564493,0.52653449002298,0.779335793357934,0.77586462210214,0.110214050653,NA
"JOB3494_IDvCD_upregulated","Upregulated","Fetal_HCA_Stomach_ENS glia","Fetal","Digestive system","Fetal_HCA_Stomach","ENS glia","ENS glia","CL:0000125","Stomach","UBERON:0000945",0.36475179814896,0.544032117535668,0.757564575645756,0.777457195272134,0.109323512743384,NA
"JOB3494_IDvCD_upregulated","Upregulated","TS_Skin_muscle cell","Adult","Integumentary system","TS_Skin","muscle cell","Cell of skeletal muscle","CL:0000188","Skin of body","UBERON:0002097",0.129533106900195,0.631437913322578,0.653136531365314,0.777701489045646,0.109187069511266,NA
"JOB3494_IDvCD_upregulated","Upregulated","TS_Skin_langerhans cell","Adult","Integumentary system","TS_Skin","langerhans cell","Langerhans cell","CL:0000453","Skin of body","UBERON:0002097",0.129533106900195,0.632796552635328,0.653136531365314,0.778486506803274,0.108748910483999,NA
"JOB3494_IDvCD_upregulated","Upregulated","AdultLung_Epithelial cell","Adult","Respiratory system","AdultLung","Epithelial cell","Epithelial cell","CL:0000066","Lung","UBERON:0002048",0.398042310047409,0.549631358339728,0.764575645756458,0.784553819235615,0.105377259093821,NA
"JOB3494_IDvCD_upregulated","Upregulated","TS_Thymus_erythrocyte","Adult","Lymphatic system","TS_Thymus","erythrocyte","Erythrocyte","CL:0000232","Thymus","UBERON:0002370",0.299638255072615,0.577915758577885,0.73210332103321,0.787022956521787,0.104012599603668,NA
"JOB3494_IDvCD_upregulated","Upregulated","FetalThymus_Erythroid cell","Fetal","Lymphatic system","FetalThymus","Erythroid cell","Erythroid lineage cell","CL:0000764","Thymus","UBERON:0002370",0.438146745949174,0.546584712608107,0.78339483394834,0.791377120796301,0.101616509611497,NA
"JOB3494_IDvCD_upregulated","Upregulated","TS_Blood_erythrocyte","Adult","Lymphatic system","TS_Blood","erythrocyte","Erythrocyte","CL:0000232","Blood","UBERON:0000178",0.416740375330495,0.557865535992758,0.772693726937269,0.793799759969177,0.100289036751705,NA
"JOB3494_IDvCD_upregulated","Upregulated","AdultDuodenum_Enterocyte","Adult","Digestive system","AdultDuodenum","Enterocyte","Enterocyte","CL:0000584","Duodenum","UBERON:0002114",0.415444501947397,0.560582814618258,0.771955719557196,0.795215177159212,0.0995153397606471,NA
"JOB3494_IDvCD_upregulated","Upregulated","Lake_2017_FrontalCortex_In3","Adult","Nervous system","Lake_2017_FrontalCortex","In3","Inhibitory neuron","CL:0008029","Frontal cortex","UBERON:0001870",0.353398524108151,0.573304619092188,0.755350553505535,0.795467067598744,0.0993777954720781,NA
"JOB3494_IDvCD_upregulated","Upregulated","TS_Pancreas_pancreatic acinar cell","Adult","Digestive system","TS_Pancreas","pancreatic acinar cell","Acinar cell","CL:0000622","Pancreas","UBERON:0001264",0.133304252711274,0.661698516197461,0.659778597785978,0.798405821034337,0.0977763053455904,NA
"JOB3494_IDvCD_upregulated","Upregulated","TS_Thymus_t follicular helper cell","Adult","Lymphatic system","TS_Thymus","t follicular helper cell","T cell","CL:0000084","Thymus","UBERON:0002370",0.129513687150247,0.670097377403552,0.651660516605166,0.798489918760895,0.0977305626239983,NA
"JOB3494_IDvCD_upregulated","Upregulated","AdultLiver_Antigen presenting cell (RPS high)","Adult","Digestive system","AdultLiver","Antigen presenting cell (RPS high)","Professional antigen presenting cell","CL:0000145","Liver","UBERON:0002107",0.399908803115769,0.572398859550355,0.765313653136531,0.799638305718538,0.0971064096968458,NA
"JOB3494_IDvCD_upregulated","Upregulated","Lake_2017_FrontalCortex_OPC","Adult","Nervous system","Lake_2017_FrontalCortex","OPC","Oligodendrocyte precursor cell","CL:0002453","Frontal cortex","UBERON:0001870",0.353398524108151,0.581826992963074,0.755350553505535,0.800806972611182,0.096472154118426,NA
"JOB3494_IDvCD_upregulated","Upregulated","Lake_2017_CerebellarHemisphere_Purk1","Adult","Nervous system","Lake_2017_CerebellarHemisphere","Purk1","Purkinje cell","CL:0000121","Cerebellar hemisphere","UBERON:0002245",0.249248113816341,0.610523102083882,0.721033210332103,0.801401691888445,0.0961497450365358,NA
"JOB3494_IDvCD_upregulated","Upregulated","AdultJeJunum_T cell","Adult","Digestive system","AdultJeJunum","T cell","T cell","CL:0000084","Jejunum","UBERON:0002115",0.438556888156282,0.561529745048356,0.78450184501845,0.801658964658785,0.0960103465115885,NA
"JOB3494_IDvCD_upregulated","Upregulated","TS_Liver_neutrophil","Adult","Digestive system","TS_Liver","neutrophil","Neutrophil","CL:0000775","Liver","UBERON:0002107",0.5391017515994,0.544979047965766,0.809594095940959,0.802224656043669,0.0957039942876098,NA
"JOB3494_IDvCD_upregulated","Upregulated","TS_Lymph_Node_memory b cell","Adult","Lymphatic system","TS_Lymph_Node","memory b cell","B cell","CL:0000236","Lymph node","UBERON:0000029",0.203463536571869,0.633661141288896,0.698523985239852,0.803380744352862,0.0950785817672992,NA
"JOB3494_IDvCD_upregulated","Upregulated","van_Zyl_eye_2020_CiliaryMuscle","Adult","Sensory system","van_Zyl_eye_2020","CiliaryMuscle","Muscle cell","CL:0000187","Eye","UBERON:0000970",0.385900811405565,0.5820328474044,0.760885608856089,0.803570512394648,0.0949760083837864,NA
"JOB3494_IDvCD_upregulated","Upregulated","AdultFallopiantube_T cell","Adult","Reproductive system","AdultFallopiantube","T cell","T cell","CL:0000084","Fallopian tube","UBERON:0003889",0.426759351400859,0.568446454276901,0.780073800738007,0.804034222947123,0.0947254655291927,NA
"JOB3494_IDvCD_upregulated","Upregulated","Braga_2020_lung_Mast cell","Adult","Respiratory system","Braga_2020_lung","Mast cell","Mast cell","CL:0000097","Lung","UBERON:0002048",0.473255316774777,0.563094238802432,0.788560885608856,0.804524916881988,0.094460500854225,NA
"JOB3494_IDvCD_upregulated","Upregulated","TS_Muscle_mast cell","Adult","Muscular system","TS_Muscle","mast cell","Mast cell","CL:0000097","Muscle organ","UBERON:0001630",0.423401049012714,0.571945979779438,0.77859778597786,0.805563688316658,0.0939001183222674,NA
"JOB3494_IDvCD_upregulated","Upregulated","AdultTemporalLobe_Oligodendrocyte","Adult","Nervous system","AdultTemporalLobe","Oligodendrocyte","Oligodendrocyte","CL:0000128","Temporal lobe","UBERON:0001871",0.378959985120678,0.589855316174778,0.760147601476015,0.808029638238661,0.0925727091667061,NA
"JOB3494_IDvCD_upregulated","Upregulated","Fetal_HCA_Eye_Horizontal cells","Fetal","Sensory system","Fetal_HCA_Eye","Horizontal cells","Retina horizontal cell","CL:0000745","Eye","UBERON:0000970",0.41504504903313,0.582238701845725,0.770479704797048,0.808210860006836,0.0924753181975597,NA
"JOB3494_IDvCD_upregulated","Upregulated","Lake_2017_FrontalCortex_Ex8","Adult","Nervous system","Lake_2017_FrontalCortex","Ex8","Excitatory neuron","CL:0008030","Frontal cortex","UBERON:0001870",0.353398524108151,0.598130664716073,0.755350553505535,0.810760854034217,0.0911072285130057,NA
"JOB3494_IDvCD_upregulated","Upregulated","TS_Trachea_plasma cell","Adult","Respiratory system","TS_Trachea","plasma cell","Plasma cell","CL:0000786","Trachea","UBERON:0003126",0.305824333359536,0.611758228731837,0.738745387453875,0.810868285429704,0.0910496853162587,NA
"JOB3494_IDvCD_upregulated","Upregulated","AdultTransverseColon_Enterocyte","Adult","Digestive system","AdultTransverseColon","Enterocyte","Enterocyte","CL:0000584","Transverse colon","UBERON:0001157",0.346370696660715,0.600642088900247,0.753505535055351,0.811386890587111,0.0907720133825819,NA
"JOB3494_IDvCD_upregulated","Upregulated","AdultDuodenum_B cell (Plasmocyte)","Adult","Digestive system","AdultDuodenum","B cell (Plasmocyte)","B cell","CL:0000236","Duodenum","UBERON:0002114",0.559460141738482,0.55420132693716,0.82140221402214,0.813468242811413,0.0896593969262308,NA
"JOB3494_IDvCD_upregulated","Upregulated","Braga_2020_lung_Ciliated","Adult","Respiratory system","Braga_2020_lung","Ciliated","Ciliated cell","CL:0000064","Lung","UBERON:0002048",0.473255316774777,0.581085916974301,0.788560885608856,0.815818841954377,0.088406268542928,NA
"JOB3494_IDvCD_upregulated","Upregulated","Enge_2017_Pancreas_acinar cell","Adult","Digestive system","Enge_2017_Pancreas","acinar cell","Acinar cell","CL:0000622","Pancreas","UBERON:0001264",0.271284446859832,0.633661141288896,0.723247232472325,0.815875057612305,0.0883763436286401,NA
"JOB3494_IDvCD_upregulated","Upregulated","Fetal_HCA_Eye_Ganglion cells","Fetal","Sensory system","Fetal_HCA_Eye","Ganglion cells","Retinal ganglion cell","CL:0000740","Eye","UBERON:0000970",0.41504504903313,0.595207531649247,0.770479704797048,0.816110324376598,0.0882511279749423,NA
"JOB3494_IDvCD_upregulated","Upregulated","FetalRib_Kidney intercalated cell","Fetal","Skeletal system","FetalRib","Kidney intercalated cell","Renal intercalated cell","CL:0005010","Rib","UBERON:0002228",0.408224849748617,0.597677784945156,0.767527675276753,0.816218601681148,0.0881935118472125,NA
"JOB3494_IDvCD_upregulated","Upregulated","FetalPancreas_Erythroid cell","Fetal","Digestive system","FetalPancreas","Erythroid cell","Erythroid lineage cell","CL:0000764","Pancreas","UBERON:0001264",0.487390993667681,0.578903859896248,0.794464944649447,0.817140199736479,0.0877034235799074,NA
"JOB3494_IDvCD_upregulated","Upregulated","Fetal_HCA_Eye_Photoreceptor cells","Fetal","Sensory system","Fetal_HCA_Eye","Photoreceptor cells","Photoreceptor cell","CL:0000210","Eye","UBERON:0000970",0.41504504903313,0.599036424257906,0.770479704797048,0.818400703390422,0.0870340060328859,NA
"JOB3494_IDvCD_upregulated","Upregulated","Madissoon_2020_lung_B_cell_mature","Adult","Respiratory system","Madissoon_2020_lung","B_cell_mature","B cell","CL:0000236","Lung","UBERON:0002048",0.417729155442199,0.596977879844649,0.776383763837638,0.819895457594169,0.0862415196704329,NA
"JOB3494_IDvCD_upregulated","Upregulated","TS_Small_Intestine_intestinal crypt stem cell","Adult","Digestive system","TS_Small_Intestine","intestinal crypt stem cell","Intestinal crypt stem cell","CL:0002250","Small intestine","UBERON:0002108",0.203255740198223,0.66672136456581,0.695940959409594,0.820291023676359,0.0860320408434634,NA
"JOB3494_IDvCD_upregulated","Upregulated","NeonatalAdrenalGland_T cell","Neonatal","Endocrine system","NeonatalAdrenalGland","T cell","T cell","CL:0000084","Adrenal gland","UBERON:0002369",0.480354534126764,0.589114240186005,0.793357933579336,0.82287396507057,0.0846666781121367,NA
"JOB3494_IDvCD_upregulated","Upregulated","TS_Eye_plasma cell","Adult","Sensory system","TS_Eye","plasma cell","Plasma cell","CL:0000786","Eye","UBERON:0000970",0.208221551701008,0.665939117688772,0.703690036900369,0.823812655169581,0.0841715408232746,NA
"JOB3494_IDvCD_upregulated","Upregulated","FetalAdrenalGland_Fetal neuron","Fetal","Endocrine system","FetalAdrenalGland","Fetal neuron","Neuron","CL:0000540","Adrenal gland","UBERON:0002369",0.404649182768709,0.613528576927238,0.766051660516605,0.824856526229965,0.0836215851292652,NA
"JOB3494_IDvCD_upregulated","Upregulated","VentoTormo_2018_decidua_decidual natural killer cell (dNK2)","Maternal-Fetal","Reproductive system","VentoTormo_2018_decidua","decidual natural killer cell (dNK2)","Natural killer cell","CL:0000623","Decidua","UBERON:0002450",0.317615088027329,0.629832248680237,0.746863468634686,0.825161471476387,0.0834610583477445,NA
"JOB3494_IDvCD_upregulated","Upregulated","FetalIntestine_Erythroid cell","Fetal","Digestive system","FetalIntestine","Erythroid cell","Erythroid lineage cell","CL:0000764","Intestine","UBERON:0000160",0.433282824120262,0.603935759961459,0.781918819188192,0.826538084855514,0.0827371304028476,NA
"JOB3494_IDvCD_upregulated","Upregulated","TS_Skin_mast cell","Adult","Integumentary system","TS_Skin","mast cell","Mast cell","CL:0000097","Skin of body","UBERON:0002097",0.417226900516343,0.613981456698155,0.774169741697417,0.828851701493787,0.0815231666563422,NA
"JOB3494_IDvCD_upregulated","Upregulated","AdultPeripheralBlood_B cell","Adult","Lymphatic system","AdultPeripheralBlood","B cell","B cell","CL:0000236","Blood","UBERON:0000178",0.509473343256118,0.594219430330884,0.802214022140221,0.829865186007193,0.0809924542849221,NA
"JOB3494_IDvCD_upregulated","Upregulated","AdultArtery_Stromal cell","Adult","Cardiovascular system","AdultArtery","Stromal cell","Stromal cell","CL:0000499","Artery","UBERON:0001637",0.507376184039172,0.598954082481376,0.798154981549815,0.830876038365064,0.0804637654695727,NA
"JOB3494_IDvCD_upregulated","Upregulated","TS_Trachea_tracheal goblet cell","Adult","Respiratory system","TS_Trachea","tracheal goblet cell","Goblet cell","CL:0000160","Trachea","UBERON:0003126",0.305824333359536,0.648194464846493,0.738745387453875,0.831460254941666,0.0801585058816997,NA
"JOB3494_IDvCD_upregulated","Upregulated","TS_Uterus_epithelial cell","Adult","Reproductive system","TS_Uterus","epithelial cell","Epithelial cell","CL:0000066","Uterus","UBERON:0000995",0.20308754803929,0.68895364422899,0.69520295202952,0.831542667926074,0.0801154614541732,NA
"JOB3494_IDvCD_upregulated","Upregulated","AdultTrachea_Basal cell","Adult","Respiratory system","AdultTrachea","Basal cell","Basal cell","CL:0000646","Trachea","UBERON:0003126",0.460304663600803,0.610070222312966,0.785977859778598,0.831939199381489,0.0799084120962763,NA
"JOB3494_IDvCD_upregulated","Upregulated","TS_Salivary_Gland_plasma cell","Adult","Digestive system","TS_Salivary_Gland","plasma cell","Plasma cell","CL:0000786","Saliva-secreting gland","UBERON:0001044",0.208308571303786,0.68063712479943,0.70479704797048,0.832093026591682,0.079828117607142,NA
"JOB3494_IDvCD_upregulated","Upregulated","TS_Trachea_serous cell of epithelium of trachea","Adult","Respiratory system","TS_Trachea","serous cell of epithelium of trachea","Serous cell of epithelium of trachea","CL:1000330","Trachea","UBERON:0003126",0.305824333359536,0.653011458773515,0.738745387453875,0.83406744885395,0.0787988276828385,NA
"JOB3494_IDvCD_upregulated","Upregulated","FetalBrain_Fetal endocrine cell","Fetal","Nervous system","FetalBrain","Fetal endocrine cell","Endocrine cell","CL:0000163","Brain","UBERON:0000955",0.474060799962323,0.610605443860413,0.790405904059041,0.834225544682705,0.0787165158269333,NA
"JOB3494_IDvCD_upregulated","Upregulated","FetalIntestine_CB CD34+","Fetal","Digestive system","FetalIntestine","CB CD34+","Hematopoietic stem cell","CL:0000037","Intestine","UBERON:0000160",0.433282824120262,0.618139716412935,0.781918819188192,0.834741488417777,0.0784480006078688,NA
"JOB3494_IDvCD_upregulated","Upregulated","Fetal_HCA_Stomach_Ciliated epithelial cells","Fetal","Digestive system","Fetal_HCA_Stomach","Ciliated epithelial cells","Ciliated cell","CL:0000064","Stomach","UBERON:0000945",0.508128125841218,0.60706474746961,0.799630996309963,0.836258460334005,0.0776594754928353,NA
"JOB3494_IDvCD_upregulated","Upregulated","Madissoon_2020_lung_T_cells_Dividing","Adult","Respiratory system","Madissoon_2020_lung","T_cells_Dividing","T cell","CL:0000084","Lung","UBERON:0002048",0.417729155442199,0.626085697848108,0.776383763837638,0.83673139015706,0.0774139380582944,NA
"JOB3494_IDvCD_upregulated","Upregulated","Fetal_HCA_Intestine_Chromaffin cells","Fetal","Digestive system","Fetal_HCA_Intestine","Chromaffin cells","Neuron","CL:0000540","Intestine","UBERON:0000160",0.447433029820097,0.622462659680775,0.785239852398524,0.838671418461979,0.076408157287484,NA
"JOB3494_IDvCD_upregulated","Upregulated","Segerstolpe_2016_PancreaticIslets_acinar cell","Adult","Digestive system","Segerstolpe_2016_PancreaticIslets","acinar cell","Acinar cell","CL:0000622","Pancreas","UBERON:0001264",0.282554664928862,0.677137599296892,0.724723247232472,0.840066886063091,0.0756861340670752,NA
"JOB3494_IDvCD_upregulated","Upregulated","AdultLiver_Dendritic cell","Adult","Digestive system","AdultLiver","Dendritic cell","Dendritic cell","CL:0000451","Liver","UBERON:0002107",0.535887844156805,0.610440760307352,0.806642066420664,0.841252715093871,0.0750735211056984,NA
"JOB3494_IDvCD_upregulated","Upregulated","VentoTormo_2018_decidua_decidual natural killer cell (dNK3)","Maternal-Fetal","Reproductive system","VentoTormo_2018_decidua","decidual natural killer cell (dNK3)","Natural killer cell","CL:0000623","Decidua","UBERON:0002450",0.317615088027329,0.660051680666855,0.746863468634686,0.841650041777277,0.0748684506836342,NA
"JOB3494_IDvCD_upregulated","Upregulated","Fetal_HCA_Stomach_Neuroendocrine cells","Fetal","Digestive system","Fetal_HCA_Stomach","Neuroendocrine cells","Epithelial cell","CL:0000066","Stomach","UBERON:0000945",0.508128125841218,0.618510254407321,0.799630996309963,0.842787228989778,0.0742820540099395,NA
"JOB3494_IDvCD_upregulated","Upregulated","Lake_2017_FrontalCortex_Ex1","Adult","Nervous system","Lake_2017_FrontalCortex","Ex1","Excitatory neuron","CL:0008030","Frontal cortex","UBERON:0001870",0.353398524108151,0.656428642499522,0.755350553505535,0.843668351683927,0.073828242165556,NA
"JOB3494_IDvCD_upregulated","Upregulated","AdultIleum_Mast cell","Adult","Digestive system","AdultIleum","Mast cell","Mast cell","CL:0000097","Ileum","UBERON:0002116",0.473465041897064,0.628597122032282,0.789667896678967,0.844053339613779,0.0736301074407418,NA
"JOB3494_IDvCD_upregulated","Upregulated","Fetal_HCA_Pancreas_Islet endocrine cells","Fetal","Digestive system","Fetal_HCA_Pancreas","Islet endocrine cells","Endocrine cell","CL:0000163","Pancreas","UBERON:0001264",0.433131572868191,0.635802027478683,0.780811808118081,0.844094494510968,0.0736089323464821,NA
"JOB3494_IDvCD_upregulated","Upregulated","AdultProstate_Basal cell","Adult","Reproductive system","AdultProstate","Basal cell","Basal cell","CL:0000646","Prostate gland","UBERON:0002367",0.548711529001942,0.610811298301738,0.816236162361624,0.845577746860329,0.0728464549141266,NA
"JOB3494_IDvCD_upregulated","Upregulated","TS_Spleen_cd1c-positive myeloid dendritic cell","Adult","Lymphatic system","TS_Spleen","cd1c-positive myeloid dendritic cell","Dendritic cell","CL:0000451","Spleen","UBERON:0002106",0.208092356910531,0.712668075869715,0.701845018450185,0.846700083258106,0.0722703975230966,NA
"JOB3494_IDvCD_upregulated","Upregulated","FetalMuscle_Fetal epithelial progenitor","Fetal","Muscular system","FetalMuscle","Fetal epithelial progenitor","Epithelial fate stem cell","CL:0000036","Muscle organ","UBERON:0001630",0.49417412175399,0.631108546216456,0.795940959409594,0.848179857816837,0.0715120451784405,NA
"JOB3494_IDvCD_upregulated","Upregulated","Madissoon_2020_lung_DC_1","Adult","Respiratory system","Madissoon_2020_lung","DC_1","Dendritic cell","CL:0000451","Lung","UBERON:0002048",0.417729155442199,0.647535730634251,0.776383763837638,0.848462725521214,0.0713672322573642,NA
"JOB3494_IDvCD_upregulated","Upregulated","TS_Spleen_cd8-positive, alpha-beta t cell","Adult","Lymphatic system","TS_Spleen","cd8-positive, alpha-beta t cell","T cell","CL:0000084","Spleen","UBERON:0002106",0.208092356910531,0.717196873578881,0.701845018450185,0.848892023220103,0.0711475473319412,NA
"JOB3494_IDvCD_upregulated","Upregulated","TS_Spleen_memory b cell","Adult","Lymphatic system","TS_Spleen","memory b cell","B cell","CL:0000236","Spleen","UBERON:0002106",0.208092356910531,0.718020291344184,0.701845018450185,0.849288397645984,0.070944808886793,NA
"JOB3494_IDvCD_upregulated","Upregulated","FetalAdrenalGland_Fetal epithelial progenitor","Fetal","Endocrine system","FetalAdrenalGland","Fetal epithelial progenitor","Epithelial fate stem cell","CL:0000036","Adrenal gland","UBERON:0002369",0.533723879101115,0.630902691775131,0.805535055350553,0.852200156768769,0.0694583902437502,NA
"JOB3494_IDvCD_upregulated","Upregulated","VentoTormo_2018_decidua_decidual natural killer cell (dNK1)","Maternal-Fetal","Reproductive system","VentoTormo_2018_decidua","decidual natural killer cell (dNK1)","Natural killer cell","CL:0000623","Decidua","UBERON:0002450",0.317615088027329,0.681419371676467,0.746863468634686,0.852682252998084,0.0692127759579567,NA
"JOB3494_IDvCD_upregulated","Upregulated","TS_Bone_Marrow_erythrocyte","Adult","Lymphatic system","TS_Bone_Marrow","erythrocyte","Erythrocyte","CL:0000232","Bone marrow","UBERON:0002371",0.305886851725322,0.687636175804505,0.740221402214022,0.852733432125229,0.06918670980563,NA
"JOB3494_IDvCD_upregulated","Upregulated","FetalPancreas_CB CD34+","Fetal","Digestive system","FetalPancreas","CB CD34+","Hematopoietic stem cell","CL:0000037","Pancreas","UBERON:0001264",0.487390993667681,0.641442439171009,0.794464944649447,0.853138608405475,0.0689804037969294,NA
"JOB3494_IDvCD_upregulated","Upregulated","CordBlood_Dendritic cell","Neonatal","Reproductive system","CordBlood","Dendritic cell","Dendritic cell","CL:0000451","Umbilical cord blood","UBERON:0012168",0.584753527045895,0.613857944033359,0.8309963099631,0.853482259567581,0.0688055016751749,NA
"JOB3494_IDvCD_upregulated","Upregulated","FetalEyes_Erythroid cell","Fetal","Sensory system","FetalEyes","Erythroid cell","Erythroid lineage cell","CL:0000764","Eye","UBERON:0000970",0.508361949033955,0.638231109886327,0.800738007380074,0.854115619187006,0.0684833361304497,NA
"JOB3494_IDvCD_upregulated","Upregulated","AdultCervix_Stratified epithelial cell","Adult","Reproductive system","AdultCervix","Stratified epithelial cell","Epithelial cell","CL:0000066","Uterine cervix","UBERON:0000002",0.467624184095811,0.649017882611796,0.787453874538745,0.85412618424889,0.0684779641180472,NA
"JOB3494_IDvCD_upregulated","Upregulated","AdultRectum_T cell","Adult","Digestive system","AdultRectum","T cell","T cell","CL:0000084","Rectum","UBERON:0001052",0.538290703048932,0.632714210858797,0.808118081180812,0.854284642783372,0.0683974007474054,NA
"JOB3494_IDvCD_upregulated","Upregulated","FetalKidney_Proximal tubule progenitor","Fetal","Urinary system","FetalKidney","Proximal tubule progenitor","Epithelial cell of proximal tubule","CL:0002306","Kidney","UBERON:0002113",0.467415255834715,0.65017066748322,0.786715867158672,0.854413254015336,0.0683320233058309,NA
"JOB3494_IDvCD_upregulated","Upregulated","TS_Liver_plasma cell","Adult","Digestive system","TS_Liver","plasma cell","Plasma cell","CL:0000786","Liver","UBERON:0002107",0.411068634906868,0.669809181185696,0.768634686346863,0.856640866387702,0.067201211257067,NA
"JOB3494_IDvCD_upregulated","Upregulated","Voigt_2019_retina_1_Retinal pigment epithelium","Adult","Sensory system","Voigt_2019_retina_1","Retinal pigment epithelium","Retinal pigment epithelial cell","CL:0002586","Retina","UBERON:0000966",0.514886242182375,0.641113072064887,0.803321033210332,0.856761031048936,0.0671402951935826,NA
"JOB3494_IDvCD_upregulated","Upregulated","Fetal_HCA_Placenta_Extravillous trophoblasts","Fetal","Reproductive system","Fetal_HCA_Placenta","Extravillous trophoblasts","Trophoblast cell","CL:0000351","Placenta","UBERON:0001987",0.508508309384886,0.642759907595493,0.801476014760148,0.856851941592274,0.067094214838233,NA
"JOB3494_IDvCD_upregulated","Upregulated","FetalSpinalCord_B cell","Fetal","Nervous system","FetalSpinalCord","B cell","B cell","CL:0000236","Spinal cord","UBERON:0002240",0.54264104623918,0.635596173037358,0.811808118081181,0.857398811044546,0.0668171230613914,NA
"JOB3494_IDvCD_upregulated","Upregulated","Lake_2017_VisualCortex_Ex3d","Adult","Nervous system","Lake_2017_VisualCortex","Ex3d","Excitatory neuron","CL:0008030","Visual cortex","UBERON:0000411",0.391646400650534,0.677466966403013,0.763468634686347,0.858219554333672,0.0664015943914822,NA
"JOB3494_IDvCD_upregulated","Upregulated","FetalMuscle_Fetal skeletal muscle cell","Fetal","Muscular system","FetalMuscle","Fetal skeletal muscle cell","Cell of skeletal muscle","CL:0000188","Muscle organ","UBERON:0001630",0.49417412175399,0.649964813041894,0.795940959409594,0.858291296686416,0.0663652913201499,NA
"JOB3494_IDvCD_upregulated","Upregulated","TS_Eye_erythroid lineage cell","Adult","Sensory system","TS_Eye","erythroid lineage cell","Erythroid lineage cell","CL:0000764","Eye","UBERON:0000970",0.675002108546031,0.60978202609511,0.85239852398524,0.859896085275745,0.0655540281960609,NA
"JOB3494_IDvCD_upregulated","Upregulated","TS_Spleen_plasmacytoid dendritic cell","Adult","Lymphatic system","TS_Spleen","plasmacytoid dendritic cell","Plasmacytoid dendritic cell","CL:0000784","Spleen","UBERON:0002106",0.306006142984055,0.702169499362102,0.740959409594096,0.860224197526791,0.0653883451990902,NA
"JOB3494_IDvCD_upregulated","Upregulated","TS_Pancreas_mast cell","Adult","Digestive system","TS_Pancreas","mast cell","Mast cell","CL:0000097","Pancreas","UBERON:0001264",0.679399171585214,0.609040950106337,0.854612546125461,0.860364592353253,0.065317470974041,NA
"JOB3494_IDvCD_upregulated","Upregulated","AdultRectum_B cell","Adult","Digestive system","AdultRectum","B cell","B cell","CL:0000236","Rectum","UBERON:0001052",0.538290703048932,0.648482661064349,0.808118081180812,0.862674798666206,0.0641528888290108,NA
"JOB3494_IDvCD_upregulated","Upregulated","FetalStomach_Erythroid cell","Fetal","Digestive system","FetalStomach","Erythroid cell","Erythroid lineage cell","CL:0000764","Stomach","UBERON:0000945",0.56963869394998,0.635225635042971,0.827306273062731,0.863626200210999,0.0636741907536696,NA
"JOB3494_IDvCD_upregulated","Upregulated","Voigt_2019_retina_1_T/NK cell","Adult","Sensory system","Voigt_2019_retina_1","T/NK cell","T cell","CL:0000084","Retina","UBERON:0000966",0.514886242182375,0.659145921125022,0.803321033210332,0.866171485874328,0.0623961172250457,NA
"JOB3494_IDvCD_upregulated","Upregulated","Fetal_HCA_Kidney_Erythroblasts","Fetal","Urinary system","Fetal_HCA_Kidney","Erythroblasts","Erythroblast","CL:0000765","Kidney","UBERON:0002113",0.49461790963085,0.664745161929082,0.797047970479705,0.866379930255268,0.0622916167247778,NA
"JOB3494_IDvCD_upregulated","Upregulated","Fetal_HCA_Lung_Neuroendocrine cells","Fetal","Respiratory system","Fetal_HCA_Lung","Neuroendocrine cells","Epithelial cell","CL:0000066","Lung","UBERON:0002048",0.474636641127357,0.669150446973453,0.791881918819188,0.866414455056592,0.0622743106544986,NA
"JOB3494_IDvCD_upregulated","Upregulated","AdultMuscle_T cell","Adult","Muscular system","AdultMuscle","T cell","T cell","CL:0000084","Muscle organ","UBERON:0001630",0.562886043358397,0.643953863355183,0.822878228782288,0.86641920202189,0.0622719312214511,NA
"JOB3494_IDvCD_upregulated","Upregulated","AdultArtery_Mast cell","Adult","Cardiovascular system","AdultArtery","Mast cell","Mast cell","CL:0000097","Artery","UBERON:0001637",0.507376184039172,0.666103801241832,0.798154981549815,0.867533037318474,0.0617139774570789,NA
"JOB3494_IDvCD_upregulated","Upregulated","Fetal_HCA_Lung_Visceral neurons","Fetal","Respiratory system","Fetal_HCA_Lung","Visceral neurons","Neuron","CL:0000540","Lung","UBERON:0002048",0.474636641127357,0.672649972475991,0.791881918819188,0.868167187789037,0.0613966322630963,NA
"JOB3494_IDvCD_upregulated","Upregulated","AdultRectum_Enterocyte progenitor","Adult","Digestive system","AdultRectum","Enterocyte progenitor","Enterocyte","CL:0000584","Rectum","UBERON:0001052",0.538290703048932,0.663098326398476,0.808118081180812,0.870174683980312,0.0603935558026514,NA
"JOB3494_IDvCD_upregulated","Upregulated","AdultLung_Mesothelial cell","Adult","Respiratory system","AdultLung","Mesothelial cell","Mesothelial cell","CL:0000077","Lung","UBERON:0002048",0.527032234727927,0.666391997459688,0.804428044280443,0.870301083540365,0.0603304757729642,NA
"JOB3494_IDvCD_upregulated","Upregulated","FetalSkin_Erythroid cell","Fetal","Integumentary system","FetalSkin","Erythroid cell","Erythroid lineage cell","CL:0000764","Skin of body","UBERON:0002097",0.582711017177563,0.647000509086804,0.829151291512915,0.870548401980772,0.0602070773567798,NA
"JOB3494_IDvCD_upregulated","Upregulated","Fetal_HCA_Lung_Bronchiolar and alveolar epithelial cells","Fetal","Respiratory system","Fetal_HCA_Lung","Bronchiolar and alveolar epithelial cells","Epithelial cell","CL:0000066","Lung","UBERON:0002048",0.474636641127357,0.67791984617393,0.791881918819188,0.870779418071077,0.0600918445870697,NA
"JOB3494_IDvCD_upregulated","Upregulated","TS_Small_Intestine_goblet cell","Adult","Digestive system","TS_Small_Intestine","goblet cell","Goblet cell","CL:0000160","Small intestine","UBERON:0002108",0.300180919331439,0.732306589572191,0.733948339483395,0.871178860240572,0.0598926715813192,NA
"JOB3494_IDvCD_upregulated","Upregulated","AdultTransverseColon_B cell (Plasmocyte)","Adult","Digestive system","AdultTransverseColon","B cell (Plasmocyte)","B cell","CL:0000236","Transverse colon","UBERON:0001157",0.607671270180165,0.643542154472531,0.835424354243542,0.871275435214167,0.0598445303149748,NA
"JOB3494_IDvCD_upregulated","Upregulated","Madissoon_2020_lung_Mast_cells","Adult","Respiratory system","Madissoon_2020_lung","Mast_cells","Mast cell","CL:0000097","Lung","UBERON:0002048",0.546781097127617,0.660134022443386,0.815129151291513,0.871562997651149,0.0597012160772782,NA
"JOB3494_IDvCD_upregulated","Upregulated","FetalAdrenalGland_T cell","Fetal","Endocrine system","FetalAdrenalGland","T cell","T cell","CL:0000084","Adrenal gland","UBERON:0002369",0.533723879101115,0.668738738090802,0.805535055350553,0.871933265484866,0.0595167530728805,NA
"JOB3494_IDvCD_upregulated","Upregulated","TS_Pancreas_plasma cell","Adult","Digestive system","TS_Pancreas","plasma cell","Plasma cell","CL:0000786","Pancreas","UBERON:0001264",0.306125636087616,0.734818013756365,0.74169741697417,0.875806030431184,0.0575920687648455,NA
"JOB3494_IDvCD_upregulated","Upregulated","TS_Vasculature_nk cell","Adult","Cardiovascular system","TS_Vasculature","nk cell","Natural killer cell","CL:0000623","Vasculature","UBERON:0002049",0.539442517448446,0.676314181531589,0.810332103321033,0.87763454803378,0.0566862891194082,NA
"JOB3494_IDvCD_upregulated","Upregulated","Lake_2017_VisualCortex_Ex3b","Adult","Nervous system","Lake_2017_VisualCortex","Ex3b","Excitatory neuron","CL:0008030","Visual cortex","UBERON:0000411",0.391646400650534,0.719625955986525,0.763468634686347,0.878458415663725,0.056278792250904,NA
"JOB3494_IDvCD_upregulated","Upregulated","TS_Small_Intestine_transit amplifying cell of small intestine","Adult","Digestive system","TS_Small_Intestine","transit amplifying cell of small intestine","Transit amplifying cell","CL:0009010","Small intestine","UBERON:0002108",0.300180919331439,0.751533394392015,0.733948339483395,0.879756644034207,0.0556374446331539,NA
"JOB3494_IDvCD_upregulated","Upregulated","FetalFemaleGonad_Fetal epithelial progenitor","Fetal","Reproductive system","FetalFemaleGonad","Fetal epithelial progenitor","Epithelial fate stem cell","CL:0000036","Immature gonad","UBERON:2005272",0.549180638688243,0.675408421989756,0.816974169741697,0.87987830317418,0.0555773913893473,NA
"JOB3494_IDvCD_upregulated","Upregulated","AdultSpleen_Erythroid progenitor cell (RP high)","Adult","Lymphatic system","AdultSpleen","Erythroid progenitor cell (RP high)","Erythroid progenitor cell","CL:0000038","Spleen","UBERON:0002106",0.559641360011467,0.673349877576498,0.822140221402214,0.880943721845643,0.0550518351436562,NA
"JOB3494_IDvCD_upregulated","Upregulated","FetalIntestine_Fetal enterocyte","Fetal","Digestive system","FetalIntestine","Fetal enterocyte","Enterocyte","CL:0000584","Intestine","UBERON:0000160",0.568959067712875,0.677096428408627,0.825830258302583,0.884214584969443,0.0534423257573253,NA
"JOB3494_IDvCD_upregulated","Upregulated","Madissoon_2020_spleen_NK_dividing","Adult","Lymphatic system","Madissoon_2020_spleen","NK_dividing","Natural killer cell","CL:0000623","Spleen","UBERON:0002106",0.541621118943076,0.691218043083573,0.811070110701107,0.885061144516838,0.0530267249982507,NA
"JOB3494_IDvCD_upregulated","Upregulated","AdultIleum_Epithelial cell","Adult","Digestive system","AdultIleum","Epithelial cell","Epithelial cell","CL:0000066","Ileum","UBERON:0002116",0.607642916986171,0.673391048464763,0.834317343173432,0.885751728100859,0.0526879916857983,NA
"JOB3494_IDvCD_upregulated","Upregulated","AdultGallbladder_Smooth muscle cell","Adult","Digestive system","AdultGallbladder","Smooth muscle cell","Smooth muscle cell","CL:0000192","Gall bladder","UBERON:0002110",0.569026438995253,0.680925321017286,0.826568265682657,0.886332830063336,0.0524031639854382,NA
"JOB3494_IDvCD_upregulated","Upregulated","AdultEsophagus_Mast cell","Adult","Digestive system","AdultEsophagus","Mast cell","Mast cell","CL:0000097","Esophagus","UBERON:0001043",0.576284509052761,0.684630700961149,0.828044280442804,0.888659344126024,0.0512646882075723,NA
"JOB3494_IDvCD_upregulated","Upregulated","Fetal_HCA_Pancreas_Ductal cells","Fetal","Digestive system","Fetal_HCA_Pancreas","Ductal cells","Pancreatic ductal cell","CL:0002079","Pancreas","UBERON:0001264",0.568809578990805,0.688047884687156,0.824354243542435,0.888824236382338,0.0511841116013899,NA
"JOB3494_IDvCD_upregulated","Upregulated","AdultBladder_Sinusoidal endothelial cell","Adult","Urinary system","AdultBladder","Sinusoidal endothelial cell","Endothelial cell","CL:0000115","Bladder organ","UBERON:0018707",0.594880822966663,0.68207810588871,0.831734317343173,0.888888060653579,0.0511529271078477,NA
"JOB3494_IDvCD_upregulated","Upregulated","AdultUreter_B cell (Plasmocyte)","Adult","Urinary system","AdultUreter","B cell (Plasmocyte)","B cell","CL:0000236","Uterus","UBERON:0000995",0.643402911480899,0.673185194023438,0.845018450184502,0.889762391119202,0.0507259551564038,NA
"JOB3494_IDvCD_upregulated","Upregulated","TS_Liver_intrahepatic cholangiocyte","Adult","Digestive system","TS_Liver","intrahepatic cholangiocyte","Intrahepatic cholangiocyte","CL:0002538","Liver","UBERON:0002107",0.411068634906868,0.740664279890016,0.768634686346863,0.890014014581189,0.0506031546951364,NA
"JOB3494_IDvCD_upregulated","Upregulated","Madissoon_2020_lung_NK_Dividing","Adult","Respiratory system","Madissoon_2020_lung","NK_Dividing","Natural killer cell","CL:0000623","Lung","UBERON:0002048",0.546781097127617,0.700357980278436,0.815129151291513,0.890903005709715,0.0501695758486785,NA
"JOB3494_IDvCD_upregulated","Upregulated","Fetal_HCA_Pancreas_Erythroblasts","Fetal","Digestive system","Fetal_HCA_Pancreas","Erythroblasts","Erythroblast","CL:0000765","Pancreas","UBERON:0001264",0.568809578990805,0.695129277468762,0.824354243542435,0.89210450668621,0.0495842666792581,NA
"JOB3494_IDvCD_upregulated","Upregulated","AdultSigmoidColon_Enterocyte progenitor","Adult","Digestive system","AdultSigmoidColon","Enterocyte progenitor","Enterocyte","CL:0000584","Sigmoid colon","UBERON:0001159",0.614880757295716,0.683766112307581,0.839114391143911,0.892507856838064,0.0493879520601418,NA
"JOB3494_IDvCD_upregulated","Upregulated","FetalSkin_Fetal neuron","Fetal","Integumentary system","FetalSkin","Fetal neuron","Neuron","CL:0000540","Skin of body","UBERON:0002097",0.582711017177563,0.695376302798353,0.829151291512915,0.894064374509111,0.0486312099652021,NA
"JOB3494_IDvCD_upregulated","Upregulated","Fetal_HCA_Pancreas_ENS neurons","Fetal","Digestive system","Fetal_HCA_Pancreas","ENS neurons","Neuron","CL:0000540","Pancreas","UBERON:0001264",0.568809578990805,0.705710195752905,0.824354243542435,0.896895210834279,0.0472582949881104,NA
"JOB3494_IDvCD_upregulated","Upregulated","AdultIleum_Smooth muscle cell","Adult","Digestive system","AdultIleum","Smooth muscle cell","Smooth muscle cell","CL:0000192","Ileum","UBERON:0002116",0.607642916986171,0.699369878960072,0.834317343173432,0.897835838735867,0.0468030629412968,NA
"JOB3494_IDvCD_upregulated","Upregulated","FetalBrain_Primordial germ cell","Fetal","Nervous system","FetalBrain","Primordial germ cell","Primordial germ cell","CL:0000670","Brain","UBERON:0000955",0.608198117780086,0.700934372714148,0.836531365313653,0.899368060006721,0.0460625399492451,NA
"JOB3494_IDvCD_upregulated","Upregulated","FetalPancreas_B cell","Fetal","Digestive system","FetalPancreas","B cell","B cell","CL:0000236","Pancreas","UBERON:0001264",0.620741187114773,0.699822758730989,0.842066420664207,0.90093210287301,0.0453079376099397,NA
"JOB3494_IDvCD_upregulated","Upregulated","AdultTrachea_Stratified epithelial cell","Adult","Respiratory system","AdultTrachea","Stratified epithelial cell","Epithelial cell","CL:0000066","Trachea","UBERON:0003126",0.595128372016849,0.71254456320492,0.832472324723247,0.902969308137245,0.0443270110742709,NA
"JOB3494_IDvCD_upregulated","Upregulated","AdultKidney_Epithelial cell","Adult","Urinary system","AdultKidney","Epithelial cell","Epithelial cell","CL:0000066","Kidney","UBERON:0002113",0.582717313611769,0.717238044467146,0.830258302583026,0.904176030847705,0.0437470100296093,NA
"JOB3494_IDvCD_upregulated","Upregulated","TS_Lymph_Node_plasma cell","Adult","Lymphatic system","TS_Lymph_Node","plasma cell","Plasma cell","CL:0000786","Lymph node","UBERON:0000029",0.417415877900441,0.773189281619483,0.774907749077491,0.906060757505699,0.0428426789625492,NA
"JOB3494_IDvCD_upregulated","Upregulated","TS_Small_Intestine_immature enterocyte","Adult","Digestive system","TS_Small_Intestine","immature enterocyte","Enterocyte","CL:0000584","Small intestine","UBERON:0002108",0.41714130050053,0.774836117150089,0.773431734317343,0.906128602758053,0.0428101604858596,NA
"JOB3494_IDvCD_upregulated","Upregulated","FetalMuscle_Smooth muscle cell","Fetal","Muscular system","FetalMuscle","Smooth muscle cell","Smooth muscle cell","CL:0000192","Muscle organ","UBERON:0001630",0.62704511918991,0.710444847903397,0.843542435424354,0.906132460965494,0.0428083113061412,NA
"JOB3494_IDvCD_upregulated","Upregulated","AdultStomach_Gastric chief cell","Adult","Digestive system","AdultStomach","Gastric chief cell","Peptic cell","CL:0000155","Stomach","UBERON:0000945",0.601961424211168,0.721313962405396,0.833210332103321,0.907008547280465,0.0423886203056701,NA
"JOB3494_IDvCD_upregulated","Upregulated","Fetal_HCA_Cerebrum_10k_Limbic system neurons","Fetal","Nervous system","Fetal_HCA_Cerebrum_10k","Limbic system neurons","Neuron","CL:0000540","Cerebral hemisphere","UBERON:0001869",0.546702311070425,0.738976273471145,0.814022140221402,0.907281620100622,0.0422578870613637,NA
"JOB3494_IDvCD_upregulated","Upregulated","FetalBrain_Fetal neuron","Fetal","Nervous system","FetalBrain","Fetal neuron","Neuron","CL:0000540","Brain","UBERON:0000955",0.608198117780086,0.721066937075805,0.836531365313653,0.908119025779655,0.0418572254309537,NA
"JOB3494_IDvCD_upregulated","Upregulated","TS_Pancreas_b cell","Adult","Digestive system","TS_Pancreas","b cell","B cell","CL:0000236","Pancreas","UBERON:0001264",0.791935454588151,0.68071946657596,0.88929889298893,0.909211069195472,0.0413352855941749,NA
"JOB3494_IDvCD_upregulated","Upregulated","FetalPancreas_Fetal endocrine cell","Fetal","Digestive system","FetalPancreas","Fetal endocrine cell","Endocrine cell","CL:0000163","Pancreas","UBERON:0001264",0.620741187114773,0.727448424756903,0.842066420664207,0.912780737288614,0.0396335335520819,NA
"JOB3494_IDvCD_upregulated","Upregulated","FetalPancreas_Fetal acinar cell","Fetal","Digestive system","FetalPancreas","Fetal acinar cell","Acinar cell","CL:0000622","Pancreas","UBERON:0001264",0.620741187114773,0.727942475416085,0.842066420664207,0.912984492712039,0.0395365990120165,NA
"JOB3494_IDvCD_upregulated","Upregulated","TS_Thymus_fast muscle cell","Adult","Lymphatic system","TS_Thymus","fast muscle cell","Cell of skeletal muscle","CL:0000188","Thymus","UBERON:0002370",0.545760521066735,0.754497698347105,0.812546125461255,0.913027686714751,0.0395160526900982,NA
"JOB3494_IDvCD_upregulated","Upregulated","Fetal_HCA_Lung_Squamous epithelial cells","Fetal","Respiratory system","Fetal_HCA_Lung","Squamous epithelial cells","Epithelial cell","CL:0000066","Lung","UBERON:0002048",0.608699214037171,0.7320595642426,0.837638376383764,0.913094705179018,0.0394841755833292,NA
"JOB3494_IDvCD_upregulated","Upregulated","FetalAdrenalGland_Fetal endocrine cell","Fetal","Endocrine system","FetalAdrenalGland","Fetal endocrine cell","Endocrine cell","CL:0000163","Adrenal gland","UBERON:0002369",0.66327480128432,0.724031241030896,0.847970479704797,0.913463938155483,0.0393085931053344,NA
"JOB3494_IDvCD_upregulated","Upregulated","van_Zyl_eye_2020_MastCell","Adult","Sensory system","van_Zyl_eye_2020","MastCell","Mast cell","CL:0000097","Eye","UBERON:0000970",0.64600843929537,0.726830861432926,0.845756457564576,0.913836542774696,0.0391314792327258,NA
"JOB3494_IDvCD_upregulated","Upregulated","AdultLung_B cell","Adult","Respiratory system","AdultLung","B cell","B cell","CL:0000236","Lung","UBERON:0002048",0.657214658227463,0.725925101891093,0.847232472324723,0.913985081835674,0.0390608928102836,NA
"JOB3494_IDvCD_upregulated","Upregulated","AdultEpityphlon_B cell","Adult","Digestive system","AdultEpityphlon","B cell","B cell","CL:0000236","Caecum","UBERON:0001153",0.680494838993262,0.721272791517131,0.855350553505535,0.914912365612461,0.0386205026041655,NA
"JOB3494_IDvCD_upregulated","Upregulated","Fetal_HCA_Adrenal_SLC26A4_PAEP positive cells","Fetal","Endocrine system","Fetal_HCA_Adrenal","SLC26A4_PAEP positive cells","Cortical cell of adrenal gland","CL:0002097","Adrenal gland","UBERON:0002369",0.620134366617241,0.73494152642116,0.840221402214022,0.915188615997797,0.0384893906927553,NA
"JOB3494_IDvCD_upregulated","Upregulated","TS_Mammary_plasma cell","Adult","Endocrine system","TS_Mammary","plasma cell","Plasma cell","CL:0000786","Mammary gland","UBERON:0001911",0.545794332018549,0.763514122877173,0.813284132841328,0.91683747166727,0.0377076451522523,NA
"JOB3494_IDvCD_upregulated","Upregulated","FetalHeart_Ventricle cardiomyocyte","Fetal","Cardiovascular system","FetalHeart","Ventricle cardiomyocyte","Fetal cardiomyocyte","CL:0002495","Heart","UBERON:0000948",0.69648848362362,0.724113582807426,0.85830258302583,0.917101507774106,0.0375825925454864,NA
"JOB3494_IDvCD_upregulated","Upregulated","AdultFallopiantube_Mast cell","Adult","Reproductive system","AdultFallopiantube","Mast cell","Mast cell","CL:0000097","Fallopian tube","UBERON:0003889",0.695839478738233,0.725225196790585,0.85719557195572,0.917173433670115,0.0375485332896433,NA
"JOB3494_IDvCD_upregulated","Upregulated","Madissoon_2020_lung_B_cell_naive","Adult","Respiratory system","Madissoon_2020_lung","B_cell_naive","B cell","CL:0000236","Lung","UBERON:0002048",0.67493019845826,0.730289216047198,0.851660516605166,0.917315335359197,0.0374813460473942,NA
"JOB3494_IDvCD_upregulated","Upregulated","AdultRectum_Epithelial cell","Adult","Digestive system","AdultRectum","Epithelial cell","Epithelial cell","CL:0000066","Rectum","UBERON:0001052",0.682884659544261,0.727242570315577,0.856088560885609,0.91761208536804,0.0373408752134931,NA
"JOB3494_IDvCD_upregulated","Upregulated","CordBlood_Erythroid cell","Neonatal","Reproductive system","CordBlood","Erythroid cell","Erythroid lineage cell","CL:0000764","Umbilical cord blood","UBERON:0012168",0.743800712150664,0.716002917819192,0.870848708487085,0.9180597350169,0.0371290598181477,NA
"JOB3494_IDvCD_upregulated","Upregulated","AdultKidney_B cell (Plasmocyte)","Adult","Urinary system","AdultKidney","B cell (Plasmocyte)","B cell","CL:0000236","Kidney","UBERON:0002113",0.713089413972114,0.722260892835494,0.863837638376384,0.918241911666701,0.0370428884484899,NA
"JOB3494_IDvCD_upregulated","Upregulated","TS_Salivary_Gland_b cell","Adult","Digestive system","TS_Salivary_Gland","b cell","B cell","CL:0000236","Saliva-secreting gland","UBERON:0001044",0.552466076556121,0.763020072217991,0.820664206642066,0.919307286434353,0.0365392976493193,NA
"JOB3494_IDvCD_upregulated","Upregulated","Fetal_HCA_Adrenal_Adrenocortical cells","Fetal","Endocrine system","Fetal_HCA_Adrenal","Adrenocortical cells","Cortical cell of adrenal gland","CL:0002097","Adrenal gland","UBERON:0002369",0.620134366617241,0.751409881727219,0.840221402214022,0.921704947602251,0.0354080812628479,NA
"JOB3494_IDvCD_upregulated","Upregulated","AdultArtery_Endothelial cell","Adult","Cardiovascular system","AdultArtery","Endothelial cell","Endothelial cell","CL:0000115","Artery","UBERON:0001637",0.639262671296184,0.748116210666008,0.844280442804428,0.921828703357894,0.0353497731958025,NA
"JOB3494_IDvCD_upregulated","Upregulated","FetalSkin_Fetal skeletal muscle cell","Fetal","Integumentary system","FetalSkin","Fetal skeletal muscle cell","Cell of skeletal muscle","CL:0000188","Skin of body","UBERON:0002097",0.713159325830704,0.733047665560963,0.864944649446495,0.922938613898506,0.0348271836238304,NA
"JOB3494_IDvCD_upregulated","Upregulated","Placenta_Erythroid cell","Adult","Reproductive system","Placenta","Erythroid cell","Erythroid lineage cell","CL:0000764","Placenta","UBERON:0001987",0.712648993558794,0.73630016573391,0.862730627306273,0.923476548028576,0.0345741291258562,NA
"JOB3494_IDvCD_upregulated","Upregulated","AdultHeart_T cell","Adult","Cardiovascular system","AdultHeart","T cell","T cell","CL:0000084","Heart","UBERON:0000948",0.75901941883407,0.727119057650782,0.874538745387454,0.923777995517752,0.0344323869033215,NA
"JOB3494_IDvCD_upregulated","Upregulated","AdultAscendingColon_B cell","Adult","Digestive system","AdultAscendingColon","B cell","B cell","CL:0000236","Ascending colon","UBERON:0001156",0.751309880262035,0.727818962751289,0.87380073800738,0.923811926529366,0.0344164352563297,NA
"JOB3494_IDvCD_upregulated","Upregulated","AdultFallopiantube_Stratified epithelial cell","Adult","Reproductive system","AdultFallopiantube","Stratified epithelial cell","Epithelial cell","CL:0000066","Fallopian tube","UBERON:0003889",0.695839478738233,0.74317570407419,0.85719557195572,0.924299001854974,0.0341875159551864,NA
"JOB3494_IDvCD_upregulated","Upregulated","Fetal_HCA_Spleen_Erythroblasts","Fetal","Lymphatic system","Fetal_HCA_Spleen","Erythroblasts","Erythroblast","CL:0000765","Spleen","UBERON:0002106",0.742487604257484,0.733953425102796,0.869741697416974,0.92488519729343,0.0339121713433481,NA
"JOB3494_IDvCD_upregulated","Upregulated","FetalBrain_Fetal epithelial progenitor","Fetal","Nervous system","FetalBrain","Fetal epithelial progenitor","Epithelial fate stem cell","CL:0000036","Brain","UBERON:0000955",0.734638685001676,0.736464849286971,0.86789667896679,0.925255204486238,0.0337384633543882,NA
"JOB3494_IDvCD_upregulated","Upregulated","AdultSigmoidColon_T cell","Adult","Digestive system","AdultSigmoidColon","T cell","T cell","CL:0000084","Sigmoid colon","UBERON:0001159",0.747662098731811,0.732841811119638,0.872324723247232,0.925300237606291,0.0337173263107732,NA
"JOB3494_IDvCD_upregulated","Upregulated","Lake_2017_FrontalCortex_Ex3e","Adult","Nervous system","Lake_2017_FrontalCortex","Ex3e","Excitatory neuron","CL:0008030","Frontal cortex","UBERON:0001870",0.614402169910585,0.762978901329726,0.838376383763838,0.925473478102072,0.03363602259337,NA
"JOB3494_IDvCD_upregulated","Upregulated","TS_Large_Intestine_plasma cell","Adult","Digestive system","TS_Large_Intestine","plasma cell","Plasma cell","CL:0000786","Large intestine","UBERON:0000059",0.551980488780928,0.781917509931694,0.818081180811808,0.92547727936879,0.0336342387866931,NA
"JOB3494_IDvCD_upregulated","Upregulated","FetalIntestine_Enterocyte progenitor","Fetal","Digestive system","FetalIntestine","Enterocyte progenitor","Enterocyte","CL:0000584","Intestine","UBERON:0000160",0.701303262381965,0.746181178917546,0.859040590405904,0.926069216579957,0.0333565519192406,NA
"JOB3494_IDvCD_upregulated","Upregulated","AdultEsophagus_B cell","Adult","Digestive system","AdultEsophagus","B cell","B cell","CL:0000236","Esophagus","UBERON:0001043",0.707628463666868,0.744122634504288,0.861623616236162,0.926137559100595,0.0333245028197603,NA
"JOB3494_IDvCD_upregulated","Upregulated","FetalKidney_Primordial germ cell","Fetal","Urinary system","FetalKidney","Primordial germ cell","Primordial germ cell","CL:0000670","Kidney","UBERON:0002113",0.729367978304528,0.740787792554811,0.865682656826568,0.926196888166854,0.0332966824807934,NA
"JOB3494_IDvCD_upregulated","Upregulated","Fetal_HCA_Spleen_AFP_ALB positive cells","Fetal","Lymphatic system","Fetal_HCA_Spleen","AFP_ALB positive cells","Hepatocyte","CL:0000182","Spleen","UBERON:0002106",0.742487604257484,0.738029343041046,0.869741697416974,0.926466609830167,0.0331702281829882,NA
"JOB3494_IDvCD_upregulated","Upregulated","AdultEsophagus_Stratified epithelial cell","Adult","Digestive system","AdultEsophagus","Stratified epithelial cell","Epithelial cell","CL:0000066","Esophagus","UBERON:0001043",0.707628463666868,0.744987223157856,0.861623616236162,0.926468246466601,0.0331694609869158,NA
"JOB3494_IDvCD_upregulated","Upregulated","FetalMuscle_Erythroid cell","Fetal","Muscular system","FetalMuscle","Erythroid cell","Erythroid lineage cell","CL:0000764","Muscle organ","UBERON:0001630",0.75023206649914,0.73621782395738,0.873062730627306,0.926851475211805,0.0329898544896944,NA
"JOB3494_IDvCD_upregulated","Upregulated","FetalStomach_Fetal neuron","Fetal","Digestive system","FetalStomach","Fetal neuron","Neuron","CL:0000540","Stomach","UBERON:0000945",0.70192367009036,0.747704501783356,0.860516605166052,0.9271374598175,0.0328558714493418,NA
"JOB3494_IDvCD_upregulated","Upregulated","TS_Large_Intestine_transit amplifying cell of large intestine","Adult","Digestive system","TS_Large_Intestine","transit amplifying cell of large intestine","Transit amplifying cell","CL:0009010","Large intestine","UBERON:0000059",0.551980488780928,0.786858016523512,0.818081180811808,0.927270383758015,0.0327936109987323,NA
"JOB3494_IDvCD_upregulated","Upregulated","AdultEpityphlon_B cell (Plasmocyte)","Adult","Digestive system","AdultEpityphlon","B cell (Plasmocyte)","B cell","CL:0000236","Caecum","UBERON:0001153",0.81645309256918,0.719090734439078,0.89520295202952,0.927278494424134,0.0327898123201625,NA
"JOB3494_IDvCD_upregulated","Upregulated","TS_Spleen_plasma cell","Adult","Lymphatic system","TS_Spleen","plasma cell","Plasma cell","CL:0000786","Spleen","UBERON:0002106",0.552121955277222,0.787887288730141,0.819188191881919,0.928023222764282,0.0324411559016211,NA
"JOB3494_IDvCD_upregulated","Upregulated","Lake_2017_VisualCortex_Ex3c","Adult","Nervous system","Lake_2017_VisualCortex","Ex3c","Excitatory neuron","CL:0008030","Visual cortex","UBERON:0000411",0.650902081930929,0.762526021558809,0.846494464944649,0.92804340262658,0.0324317122720422,NA
"JOB3494_IDvCD_upregulated","Upregulated","TS_Tongue_keratinocyte","Adult","Digestive system","TS_Tongue","keratinocyte","Keratinocyte","CL:0000312","Tongue","UBERON:0001723",0.552430433699144,0.787393238070959,0.819926199261993,0.928100425860752,0.0324050280511657,NA
"JOB3494_IDvCD_upregulated","Upregulated","FetalMaleGonad_Fetal epithelial progenitor","Fetal","Reproductive system","FetalMaleGonad","Fetal epithelial progenitor","Epithelial fate stem cell","CL:0000036","Immature gonad","UBERON:2005272",0.701445080955797,0.754168331240984,0.859778597785978,0.929325379317105,0.0318322023670118,NA
"JOB3494_IDvCD_upregulated","Upregulated","AdultKidney_Intercalated cell","Adult","Urinary system","AdultKidney","Intercalated cell","Renal intercalated cell","CL:0005010","Kidney","UBERON:0002113",0.713089413972114,0.752974375481295,0.863837638376384,0.930201562514859,0.0314229353136324,NA
"JOB3494_IDvCD_upregulated","Upregulated","MacParland_2018_liver_Hepatocyte","Adult","Digestive system","MacParland_2018_liver","Hepatocyte","Hepatocyte","CL:0000182","Liver","UBERON:0002107",0.734168374041282,0.753303742587416,0.866420664206642,0.931156992697218,0.0309770909691108,NA
"JOB3494_IDvCD_upregulated","Upregulated","FetalEyes_Primordial germ cell","Fetal","Sensory system","FetalEyes","Primordial germ cell","Primordial germ cell","CL:0000670","Eye","UBERON:0000970",0.773851396991821,0.745934153587955,0.877490774907749,0.93195321319974,0.0306058899627712,NA
"JOB3494_IDvCD_upregulated","Upregulated","AdultUterus_Loop of Henle","Adult","Reproductive system","AdultUterus","Loop of Henle","Kidney loop of Henle epithelial cell","CL:1000909","Uterus","UBERON:0000995",0.768334045959535,0.748116210666008,0.876014760147601,0.932296208857331,0.0304460818155063,NA
"JOB3494_IDvCD_upregulated","Upregulated","FetalPancreas_T cell","Fetal","Digestive system","FetalPancreas","T cell","T cell","CL:0000084","Pancreas","UBERON:0001264",0.745059260230958,0.755074090782818,0.871586715867159,0.933453225728576,0.0299074391684827,NA
"JOB3494_IDvCD_upregulated","Upregulated","Fetal_HCA_Muscle_Skeletal muscle cells","Fetal","Muscular system","Fetal_HCA_Muscle","Skeletal muscle cells","Cell of skeletal muscle","CL:0000188","Muscle organ","UBERON:0001630",0.773414531981878,0.751533394392015,0.876752767527675,0.933785956524471,0.0297526618357025,NA
"JOB3494_IDvCD_upregulated","Upregulated","TS_Muscle_cd8-positive, alpha-beta t cell","Adult","Muscular system","TS_Muscle","cd8-positive, alpha-beta t cell","T cell","CL:0000084","Muscle organ","UBERON:0001630",0.879833899944199,0.723125481489063,0.923247232472325,0.937364055157589,0.0280917042679281,NA
"JOB3494_IDvCD_upregulated","Upregulated","TS_Uterus_ciliated epithelial cell","Adult","Reproductive system","TS_Uterus","ciliated epithelial cell","Ciliated cell","CL:0000064","Uterus","UBERON:0000995",0.673572196805065,0.787516750735754,0.848708487084871,0.937666073104318,0.0279517974719172,NA
"JOB3494_IDvCD_upregulated","Upregulated","FetalAdrenalGland_Primordial germ cell","Fetal","Endocrine system","FetalAdrenalGland","Primordial germ cell","Primordial germ cell","CL:0000670","Adrenal gland","UBERON:0002369",0.779542393294592,0.759479375827188,0.880442804428044,0.937789294171702,0.0278947294865843,NA
"JOB3494_IDvCD_upregulated","Upregulated","Fetal_HCA_Stomach_Erythroblasts","Fetal","Digestive system","Fetal_HCA_Stomach","Erythroblasts","Erythroblast","CL:0000765","Stomach","UBERON:0000945",0.788750880561215,0.756268046542507,0.884870848708487,0.937998928287009,0.0277976578248844,NA
"JOB3494_IDvCD_upregulated","Upregulated","Voigt_2019_retina_1_Mast cell","Adult","Sensory system","Voigt_2019_retina_1","Mast cell","Mast cell","CL:0000097","Retina","UBERON:0000966",0.765915258939766,0.764913933078188,0.875276752767528,0.938124111457623,0.02773970175361,NA
"JOB3494_IDvCD_upregulated","Upregulated","AdultTransverseColon_Epithelial cell","Adult","Digestive system","AdultTransverseColon","Epithelial cell","Epithelial cell","CL:0000066","Transverse colon","UBERON:0001157",0.73418126721232,0.77236586385418,0.867158671586716,0.938225317734649,0.0276928519216916,NA
"JOB3494_IDvCD_upregulated","Upregulated","Fetal_HCA_Lung_Ciliated epithelial cells","Fetal","Respiratory system","Fetal_HCA_Lung","Ciliated epithelial cells","Ciliated cell","CL:0000064","Lung","UBERON:0002048",0.73502059549217,0.771336591647551,0.868634686346863,0.938323861532205,0.0276472394453264,NA
"JOB3494_IDvCD_upregulated","Upregulated","AdultPeripheralBlood_Dendritic cell","Adult","Lymphatic system","AdultPeripheralBlood","Dendritic cell","Dendritic cell","CL:0000451","Blood","UBERON:0000178",0.807328927290999,0.754044818576189,0.891512915129151,0.939213574810096,0.0272356390281977,NA
"JOB3494_IDvCD_upregulated","Upregulated","AdultLung_Mast cell","Adult","Respiratory system","AdultLung","Mast cell","Mast cell","CL:0000097","Lung","UBERON:0002048",0.774695497420013,0.765737350843491,0.878228782287823,0.939313561668047,0.0271894073396915,NA
"JOB3494_IDvCD_upregulated","Upregulated","AdultJeJunum_B cell (Plasmocyte)","Adult","Digestive system","AdultJeJunum","B cell (Plasmocyte)","B cell","CL:0000236","Jejunum","UBERON:0002115",0.816658541367083,0.750957001956303,0.895940959409594,0.93944067027657,0.027130642263952,NA
"JOB3494_IDvCD_upregulated","Upregulated","AdultStomach_B cell (Plasmocyte)","Adult","Digestive system","AdultStomach","B cell (Plasmocyte)","B cell","CL:0000236","Stomach","UBERON:0000945",0.836067192854627,0.742558140750212,0.907011070110701,0.939715856670929,0.0270034448413791,NA
"JOB3494_IDvCD_upregulated","Upregulated","TS_Heart_cardiac muscle cell","Adult","Cardiovascular system","TS_Heart","cardiac muscle cell","Muscle cell","CL:0000187","Heart","UBERON:0000948",0.673623394176677,0.794639314405625,0.849446494464945,0.940305154051409,0.026731183406571,NA
"JOB3494_IDvCD_upregulated","Upregulated","TS_Thymus_dn4 thymocyte","Adult","Lymphatic system","TS_Thymus","dn4 thymocyte","Thymocyte","CL:0000893","Thymus","UBERON:0002370",0.673651741519436,0.794639314405625,0.850184501845018,0.940535395957672,0.0266248556374341,NA
"JOB3494_IDvCD_upregulated","Upregulated","AdultProstate_Gastric endocrine cell","Adult","Reproductive system","AdultProstate","Gastric endocrine cell","Endocrine cell","CL:0000163","Prostate gland","UBERON:0002367",0.831791784264505,0.749804217084879,0.901845018450184,0.940777148338197,0.0265132402381266,NA
"JOB3494_IDvCD_upregulated","Upregulated","TS_Blood_plasma cell","Adult","Lymphatic system","TS_Blood","plasma cell","Plasma cell","CL:0000786","Blood","UBERON:0000178",0.673721302866337,0.795627415723989,0.850922509225092,0.941093611368709,0.0263671747886643,NA
"JOB3494_IDvCD_upregulated","Upregulated","TS_Large_Intestine_enterocyte of epithelium of large intestine","Adult","Digestive system","TS_Large_Intestine","enterocyte of epithelium of large intestine","Enterocyte","CL:0000584","Large intestine","UBERON:0000059",0.679181833264582,0.793651213087261,0.853136531365314,0.941123082331154,0.0263535747856358,NA
"JOB3494_IDvCD_upregulated","Upregulated","AdultPancreas_Fetal endocrine cell","Adult","Digestive system","AdultPancreas","Fetal endocrine cell","Endocrine cell","CL:0000163","Pancreas","UBERON:0001264",0.822614623044677,0.755403457888939,0.897416974169742,0.941441970184356,0.0262064444263091,NA
"JOB3494_IDvCD_upregulated","Upregulated","AdultRectum_Enterocyte","Adult","Digestive system","AdultRectum","Enterocyte","Enterocyte","CL:0000584","Rectum","UBERON:0001052",0.808893628486397,0.760261622704226,0.892250922509225,0.941609863907053,0.0261290006553129,NA
"JOB3494_IDvCD_upregulated","Upregulated","TS_Eye_adipocyte","Adult","Sensory system","TS_Eye","adipocyte","Epicardial adipocyte","CL:1000309","Eye","UBERON:0000970",0.6793820995707,0.79476282707042,0.853874538745387,0.94171987311478,0.0260782645670013,NA
"JOB3494_IDvCD_upregulated","Upregulated","Voigt_2019_retina_2_RPE/Rod/melanocyte","Adult","Sensory system","Voigt_2019_retina_2","RPE/Rod/melanocyte","Retinal pigment epithelial cell","CL:0002586","Retina","UBERON:0000966",0.779010015663875,0.772942256289892,0.879335793357934,0.942125374850587,0.0258912989240715,NA
"JOB3494_IDvCD_upregulated","Upregulated","FetalSpinalCord_Fetal neuron","Fetal","Nervous system","FetalSpinalCord","Fetal neuron","Neuron","CL:0000540","Spinal cord","UBERON:0002240",0.797890529319217,0.766272572390938,0.890036900369004,0.943023031908435,0.0254777001485778,NA
"JOB3494_IDvCD_upregulated","Upregulated","CordBlood_T cell","Neonatal","Reproductive system","CordBlood","T cell","T cell","CL:0000084","Umbilical cord blood","UBERON:0012168",0.870156657044582,0.744246147169084,0.919188191881919,0.943820229526733,0.0251107183708217,NA
"JOB3494_IDvCD_upregulated","Upregulated","AdultPancreas_Pancreas exocrine cell","Adult","Digestive system","AdultPancreas","Pancreas exocrine cell","Pancreas exocrine glandular cell","CL:1001599","Pancreas","UBERON:0001264",0.822614623044677,0.762402508894014,0.897416974169742,0.943854650857233,0.0250948798447568,NA
"JOB3494_IDvCD_upregulated","Upregulated","AdultThyroid_B cell (Plasmocyte)","Adult","Endocrine system","AdultThyroid","B cell (Plasmocyte)","B cell","CL:0000236","Thyroid gland","UBERON:0002046",0.832106837771557,0.758120736514438,0.902952029520295,0.943988795917534,0.0250331602570855,NA
"JOB3494_IDvCD_upregulated","Upregulated","Voigt_2019_retina_2_White blood cell 1","Adult","Sensory system","Voigt_2019_retina_2","White blood cell 1","Leukocyte","CL:0000738","Retina","UBERON:0000966",0.779010015663875,0.778665009758747,0.879335793357934,0.944049930753826,0.0250050352809525,NA
"JOB3494_IDvCD_upregulated","Upregulated","AdultPancreas_Enterocyte progenitor","Adult","Digestive system","AdultPancreas","Enterocyte progenitor","Enterocyte","CL:0000584","Pancreas","UBERON:0001264",0.822614623044677,0.767837066145013,0.897416974169742,0.945688230080455,0.0242520161058506,NA
"JOB3494_IDvCD_upregulated","Upregulated","FetalStomach_Goblet cell","Fetal","Digestive system","FetalStomach","Goblet cell","Goblet cell","CL:0000160","Stomach","UBERON:0000945",0.815745251264713,0.770554344770513,0.894464944649446,0.945749223966669,0.0242240063948606,NA
"JOB3494_IDvCD_upregulated","Upregulated","FetalLung_Fetal epithelial progenitor","Fetal","Respiratory system","FetalLung","Fetal epithelial progenitor","Epithelial fate stem cell","CL:0000036","Lung","UBERON:0002048",0.802173313074815,0.774053870273051,0.890774907749078,0.945851113967752,0.0241772203329353,NA
"JOB3494_IDvCD_upregulated","Upregulated","AdultOmentum_Epithelial cell","Adult","Integumentary system","AdultOmentum","Epithelial cell","Epithelial cell","CL:0000066","Omentum","UBERON:0003688",0.810645252500335,0.772859914513362,0.892988929889299,0.946091566679874,0.024066828736336,NA
"JOB3494_IDvCD_upregulated","Upregulated","AdultLiver_B cell (Plasmocyte)","Adult","Digestive system","AdultLiver","B cell (Plasmocyte)","B cell","CL:0000236","Liver","UBERON:0002107",0.88629649367617,0.749557191755288,0.925461254612546,0.947391903883199,0.0234703309378861,NA
"JOB3494_IDvCD_upregulated","Upregulated","CordBlood_Erythroid progenitor cell (RP high)","Neonatal","Reproductive system","CordBlood","Erythroid progenitor cell (RP high)","Erythroid progenitor cell","CL:0000038","Umbilical cord blood","UBERON:0012168",0.870156657044582,0.756515071872098,0.919188191881919,0.948009241520463,0.0231874289891714,NA
"JOB3494_IDvCD_upregulated","Upregulated","AdultBladder_Epithelial cell (intermediated)","Adult","Urinary system","AdultBladder","Epithelial cell (intermediated)","Epithelial cell","CL:0000066","Bladder organ","UBERON:0018707",0.831767933387346,0.77388918671999,0.901107011070111,0.948724762869454,0.0228597636575305,NA
"JOB3494_IDvCD_upregulated","Upregulated","AdultPleura_Stromal cell","Adult","Respiratory system","AdultPleura","Stromal cell","Stromal cell","CL:0000499","Pleura","UBERON:0000977",0.82362162679863,0.776030072909778,0.898892988929889,0.94880079468503,0.0228249602285702,NA
"JOB3494_IDvCD_upregulated","Upregulated","TS_Lung_plasma cell","Adult","Respiratory system","TS_Lung","plasma cell","Plasma cell","CL:0000786","Lung","UBERON:0002048",0.787412311092847,0.791139788903087,0.881918819188192,0.948855909275579,0.0227997333658773,NA
"JOB3494_IDvCD_upregulated","Upregulated","FetalSkin_Fetal epithelial progenitor","Fetal","Integumentary system","FetalSkin","Fetal epithelial progenitor","Epithelial fate stem cell","CL:0000036","Skin of body","UBERON:0002097",0.824136237743302,0.775041971591414,0.900369003690037,0.948892866893214,0.0227828180717069,NA
"JOB3494_IDvCD_upregulated","Upregulated","Madissoon_2020_lung_Alveolar_Type2","Adult","Respiratory system","Madissoon_2020_lung","Alveolar_Type2","Alveolar capillary type 2 endothelial cell","CL:4028003","Lung","UBERON:0002048",0.788731078022231,0.789616466037277,0.884132841328413,0.949001487168437,0.0227331069946886,NA
"JOB3494_IDvCD_upregulated","Upregulated","FetalIntestine_Hepatocyte/Endodermal cell","Fetal","Digestive system","FetalIntestine","Hepatocyte/Endodermal cell","Hepatocyte","CL:0000182","Intestine","UBERON:0000160",0.815254456145113,0.783193807467914,0.893726937269373,0.949658693051914,0.0224324519295632,NA
"JOB3494_IDvCD_upregulated","Upregulated","AdultSigmoidColon_B cell","Adult","Digestive system","AdultSigmoidColon","B cell","B cell","CL:0000236","Sigmoid colon","UBERON:0001159",0.855503016608903,0.767548869927157,0.914760147601476,0.95042650710466,0.0220814598536729,NA
"JOB3494_IDvCD_upregulated","Upregulated","TS_Liver_erythrocyte","Adult","Digestive system","TS_Liver","erythrocyte","Erythrocyte","CL:0000232","Liver","UBERON:0002107",0.783247890853021,0.797809472802041,0.881180811808118,0.95074114018742,0.0219377130219729,NA
"JOB3494_IDvCD_upregulated","Upregulated","AdultSigmoidColon_Epithelial cell","Adult","Digestive system","AdultSigmoidColon","Epithelial cell","Epithelial cell","CL:0000066","Sigmoid colon","UBERON:0001159",0.855503016608903,0.769360389010824,0.914760147601476,0.951010582707685,0.0218146502697583,NA
"JOB3494_IDvCD_upregulated","Upregulated","FetalKidney_Intermediated cell","Fetal","Urinary system","FetalKidney","Intermediated cell","Kidney cell","CL:1000497","Kidney","UBERON:0002113",0.836034229286673,0.779282573082725,0.90479704797048,0.951470373738221,0.0216047299437738,NA
"JOB3494_IDvCD_upregulated","Upregulated","AdultIleum_T cell","Adult","Digestive system","AdultIleum","T cell","T cell","CL:0000084","Ileum","UBERON:0002116",0.839540996884674,0.774589091820498,0.910332103321033,0.951484610107502,0.0215982318640256,NA
"JOB3494_IDvCD_upregulated","Upregulated","AdultThyroid_Thyroid follicular cell","Adult","Endocrine system","AdultThyroid","Thyroid follicular cell","Thyroid follicular cell","CL:0002258","Thyroid gland","UBERON:0002046",0.832106837771557,0.782411560590876,0.902952029520295,0.951953850399104,0.0213841051899187,NA
"JOB3494_IDvCD_upregulated","Upregulated","TS_Thymus_plasma cell","Adult","Lymphatic system","TS_Thymus","plasma cell","Plasma cell","CL:0000786","Thymus","UBERON:0002370",0.787432242819116,0.802008903405086,0.882656826568266,0.952445308961507,0.0211599528682535,NA
"JOB3494_IDvCD_upregulated","Upregulated","TS_Small_Intestine_plasma cell","Adult","Digestive system","TS_Small_Intestine","plasma cell","Plasma cell","CL:0000786","Small intestine","UBERON:0002108",0.787434368013503,0.801597194522435,0.88339483394834,0.952524100380464,0.0211240271695772,NA
"JOB3494_IDvCD_upregulated","Upregulated","FetalKidney_Erythroid progenitor cell (RP high)","Fetal","Urinary system","FetalKidney","Erythroid progenitor cell (RP high)","Erythroid progenitor cell","CL:0000038","Kidney","UBERON:0002113",0.836034229286673,0.78364668723883,0.90479704797048,0.952839095145693,0.0209804319852734,NA
"JOB3494_IDvCD_upregulated","Upregulated","Fetal_HCA_Intestine_Intestinal epithelial cells","Fetal","Digestive system","Fetal_HCA_Intestine","Intestinal epithelial cells","Epithelial cell","CL:0000066","Intestine","UBERON:0000160",0.824067188339038,0.788257826724527,0.899630996309963,0.952873460138391,0.0209647690494758,NA
"JOB3494_IDvCD_upregulated","Upregulated","TS_Muscle_fast muscle cell","Adult","Muscular system","TS_Muscle","fast muscle cell","Cell of skeletal muscle","CL:0000188","Muscle organ","UBERON:0001630",0.791737126029181,0.800979631198458,0.885608856088561,0.952946801544021,0.020931343265926,NA
"JOB3494_IDvCD_upregulated","Upregulated","TS_Bone_Marrow_plasma cell","Adult","Lymphatic system","TS_Bone_Marrow","plasma cell","Plasma cell","CL:0000786","Bone marrow","UBERON:0002371",0.791761050426008,0.801967732516821,0.886346863468635,0.953449028850142,0.020702519273261,NA
"JOB3494_IDvCD_upregulated","Upregulated","AdultTransverseColon_B cell","Adult","Digestive system","AdultTransverseColon","B cell","B cell","CL:0000236","Transverse colon","UBERON:0001157",0.839522594106159,0.78212336437302,0.909225092250923,0.953552935173688,0.0206551926906493,NA
"JOB3494_IDvCD_upregulated","Upregulated","FetalKidney_Ureteric bud cell","Fetal","Urinary system","FetalKidney","Ureteric bud cell","Epithelial cell","CL:0000066","Kidney","UBERON:0002113",0.836034229286673,0.785952256981679,0.90479704797048,0.953553308068486,0.020655022856217,NA
"JOB3494_IDvCD_upregulated","Upregulated","TS_Large_Intestine_intestinal crypt stem cell","Adult","Digestive system","TS_Large_Intestine","intestinal crypt stem cell","Intestinal crypt stem cell","CL:0002250","Large intestine","UBERON:0000059",0.791777987753585,0.80147368185764,0.887453874538745,0.953602261789321,0.0206327275268082,NA
"JOB3494_IDvCD_upregulated","Upregulated","AdultStomach_Fetal endocrine cell","Adult","Digestive system","AdultStomach","Fetal endocrine cell","Endocrine cell","CL:0000163","Stomach","UBERON:0000945",0.836067192854627,0.784552446780664,0.907011070110701,0.95371353830759,0.020582052355028,NA
"JOB3494_IDvCD_upregulated","Upregulated","TS_Trachea_goblet cell","Adult","Respiratory system","TS_Trachea","goblet cell","Goblet cell","CL:0000160","Trachea","UBERON:0003126",0.791844277026017,0.800897289421927,0.888560885608856,0.953729953527234,0.0205745773872595,NA
"JOB3494_IDvCD_upregulated","Upregulated","TS_Large_Intestine_immature enterocyte","Adult","Digestive system","TS_Large_Intestine","immature enterocyte","Enterocyte","CL:0000584","Large intestine","UBERON:0000059",0.791777987753585,0.801926561628556,0.887453874538745,0.953739079718332,0.02057042166639,NA
"JOB3494_IDvCD_upregulated","Upregulated","AdultCervix_Basal cell","Adult","Reproductive system","AdultCervix","Basal cell","Basal cell","CL:0000646","Uterine cervix","UBERON:0000002",0.836136653274499,0.783399661909239,0.908487084870849,0.953751201621968,0.0205649018732767,NA
"JOB3494_IDvCD_upregulated","Upregulated","MacParland_2018_liver_Erythroid cell","Adult","Digestive system","MacParland_2018_liver","Erythroid cell","Erythroid lineage cell","CL:0000764","Liver","UBERON:0002107",0.83954587443707,0.783111465691383,0.911439114391144,0.954445411850989,0.0202489054157659,NA
"JOB3494_IDvCD_upregulated","Upregulated","AdultStomach_Goblet cell","Adult","Digestive system","AdultStomach","Goblet cell","Goblet cell","CL:0000160","Stomach","UBERON:0000945",0.836067192854627,0.789245928042891,0.907011070110701,0.955149255696352,0.0199287584053035,NA
"JOB3494_IDvCD_upregulated","Upregulated","AdultIleum_Enterocyte","Adult","Digestive system","AdultIleum","Enterocyte","Enterocyte","CL:0000584","Ileum","UBERON:0002116",0.839540996884674,0.786816845635247,0.910332103321033,0.95528613894736,0.0198665237536151,NA
"JOB3494_IDvCD_upregulated","Upregulated","FetalPancreas_Fetal epithelial progenitor","Fetal","Digestive system","FetalPancreas","Fetal epithelial progenitor","Epithelial fate stem cell","CL:0000036","Pancreas","UBERON:0001264",0.847391760247624,0.78644630764086,0.913653136531365,0.956041545318319,0.0195232348050119,NA
"JOB3494_IDvCD_upregulated","Upregulated","FetalSpinalCord_Neutrophil (RPS high)","Fetal","Nervous system","FetalSpinalCord","Neutrophil (RPS high)","Neutrophil","CL:0000775","Spinal cord","UBERON:0002240",0.889320680843531,0.77644178179243,0.927675276752768,0.95661677266775,0.0192620087732837,NA
"JOB3494_IDvCD_upregulated","Upregulated","FetalRib_Fetal chondrocyte","Fetal","Skeletal system","FetalRib","Fetal chondrocyte","Chondrocyte","CL:0000138","Rib","UBERON:0002228",0.907789582293061,0.774918458926619,0.931365313653137,0.957089872317286,0.0190472793403186,NA
"JOB3494_IDvCD_upregulated","Upregulated","TS_Salivary_Gland_t cell","Adult","Digestive system","TS_Salivary_Gland","t cell","T cell","CL:0000084","Saliva-secreting gland","UBERON:0001044",0.939991053867258,0.763719977318499,0.945387453874539,0.957180836865632,0.0190060047167915,NA
"JOB3494_IDvCD_upregulated","Upregulated","AdultSpleen_B cell","Adult","Lymphatic system","AdultSpleen","B cell","B cell","CL:0000236","Spleen","UBERON:0002106",0.910538874697865,0.776112414686308,0.93210332103321,0.957637317954964,0.0187989383471245,NA
"JOB3494_IDvCD_upregulated","Upregulated","van_Zyl_eye_2020_BCell","Adult","Sensory system","van_Zyl_eye_2020","BCell","B cell","CL:0000236","Eye","UBERON:0000970",0.862056720180242,0.789781149590338,0.916236162361624,0.957704984832778,0.0187682520811639,NA
"JOB3494_IDvCD_upregulated","Upregulated","AdultLung_Basal cell","Adult","Respiratory system","AdultLung","Basal cell","Basal cell","CL:0000646","Lung","UBERON:0002048",0.868326039928639,0.788340168501057,0.918081180811808,0.957748390967722,0.0187485689657946,NA
"JOB3494_IDvCD_upregulated","Upregulated","AdultBoneMarrow_B cell (Plasmocyte)","Adult","Lymphatic system","AdultBoneMarrow","B cell (Plasmocyte)","B cell","CL:0000236","Bone marrow","UBERON:0002371",0.915344432935378,0.774630262708763,0.935424354243542,0.958021964992662,0.0186245335459319,NA
"JOB3494_IDvCD_upregulated","Upregulated","CordBlood_CB CD34+","Neonatal","Reproductive system","CordBlood","CB CD34+","Hematopoietic stem cell","CL:0000037","Umbilical cord blood","UBERON:0012168",0.949657331881116,0.763678806430234,0.949077490774908,0.958080682115697,0.0185979164723906,NA
"JOB3494_IDvCD_upregulated","Upregulated","Lake_2017_FrontalCortex_In6b","Adult","Nervous system","Lake_2017_FrontalCortex","In6b","Inhibitory neuron","CL:0008029","Frontal cortex","UBERON:0001870",0.842753184974876,0.795997953718375,0.912177121771218,0.958498193918862,0.0184087011185332,NA
"JOB3494_IDvCD_upregulated","Upregulated","van_Zyl_eye_2020_SchwalbeLine","Adult","Sensory system","van_Zyl_eye_2020","SchwalbeLine","Schwalbe line",NA,"Eye","UBERON:0000970",0.862056720180242,0.793486529534201,0.916236162361624,0.958795250557363,0.0182741259335841,NA
"JOB3494_IDvCD_upregulated","Upregulated","Lake_2017_FrontalCortex_In7","Adult","Nervous system","Lake_2017_FrontalCortex","In7","Inhibitory neuron","CL:0008029","Frontal cortex","UBERON:0001870",0.843421270719017,0.798180010796428,0.912915129151291,0.959319258469894,0.0180368369193191,NA
"JOB3494_IDvCD_upregulated","Upregulated","Madissoon_2020_oesophagus_Epi_upper","Adult","Digestive system","Madissoon_2020_oesophagus","Epi_upper","Basal cell","CL:0000646","Esophagus","UBERON:0001043",0.868113183401053,0.795421561282663,0.917343173431734,0.959636345173798,0.0178933119656596,NA
"JOB3494_IDvCD_upregulated","Upregulated","AdultSigmoidColon_Enterocyte","Adult","Digestive system","AdultSigmoidColon","Enterocyte","Enterocyte","CL:0000584","Sigmoid colon","UBERON:0001159",0.930001095350285,0.778253300876096,0.938745387453875,0.959921678162481,0.0177642004286327,NA
"JOB3494_IDvCD_upregulated","Upregulated","AdultBladder_B cell (Plasmocyte)","Adult","Urinary system","AdultBladder","B cell (Plasmocyte)","B cell","CL:0000236","Bladder organ","UBERON:0018707",0.910968965859447,0.783811370791891,0.932841328413284,0.960106631810743,0.0176805304653522,NA
"JOB3494_IDvCD_upregulated","Upregulated","AdultBoneMarrow_Erythroid cell","Adult","Lymphatic system","AdultBoneMarrow","Erythroid cell","Erythroid lineage cell","CL:0000764","Bone marrow","UBERON:0002371",0.915344432935378,0.784511275892399,0.935424354243542,0.960940640610746,0.0173034388157545,NA
"JOB3494_IDvCD_upregulated","Upregulated","Fetal_HCA_Heart_CLC_IL5RA positive cells","Fetal","Cardiovascular system","Fetal_HCA_Heart","CLC_IL5RA positive cells","Endothelial cell","CL:0000115","Heart","UBERON:0000948",0.900515433466902,0.79052222557911,0.929151291512915,0.961145750856947,0.0172107496953899,NA
"JOB3494_IDvCD_upregulated","Upregulated","AdultJeJunum_Enterocyte","Adult","Digestive system","AdultJeJunum","Enterocyte","Enterocyte","CL:0000584","Jejunum","UBERON:0002115",0.903235709152273,0.791386814232678,0.929889298892989,0.961572511772448,0.0170179602292055,NA
"JOB3494_IDvCD_upregulated","Upregulated","FetalIntestine_Fetal neuron","Fetal","Digestive system","FetalIntestine","Fetal neuron","Neuron","CL:0000540","Intestine","UBERON:0000160",0.900509681542548,0.792827795321958,0.928413284132841,0.961624540480517,0.0169944620850148,NA
"JOB3494_IDvCD_upregulated","Upregulated","Madissoon_2020_lung_Ciliated","Adult","Respiratory system","Madissoon_2020_lung","Ciliated","Ciliated cell","CL:0000064","Lung","UBERON:0002048",0.877994177372927,0.798674061455609,0.921771217712177,0.961662191688818,0.0169774581596711,NA
"JOB3494_IDvCD_upregulated","Upregulated","AdultPeripheralBlood_B cell (Plasmocyte)","Adult","Lymphatic system","AdultPeripheralBlood","B cell (Plasmocyte)","B cell","CL:0000236","Blood","UBERON:0000178",0.966981879662891,0.768783996575112,0.957933579335793,0.961738482926161,0.0169430057818069,NA
"JOB3494_IDvCD_upregulated","Upregulated","Madissoon_2020_spleen_B_naive","Adult","Lymphatic system","Madissoon_2020_spleen","B_naive","B cell","CL:0000236","Spleen","UBERON:0002106",0.888703973669409,0.795668586612254,0.926568265682657,0.961981949983657,0.0168330767106681,NA
"JOB3494_IDvCD_upregulated","Upregulated","NeonatalAdrenalGland_Adrenal gland inflammatory cell","Neonatal","Endocrine system","NeonatalAdrenalGland","Adrenal gland inflammatory cell","Inflammatory cell","CL:0009002","Adrenal gland","UBERON:0002369",0.932164731428221,0.784634788557194,0.939852398523985,0.962042776854653,0.0168056167990928,NA
"JOB3494_IDvCD_upregulated","Upregulated","NeonatalAdrenalGland_Fasciculata cell","Neonatal","Endocrine system","NeonatalAdrenalGland","Fasciculata cell","Type II cell of adrenal cortex","CL:0002136","Adrenal gland","UBERON:0002369",0.932164731428221,0.784799472110255,0.939852398523985,0.962089901317904,0.016784343947601,NA
"JOB3494_IDvCD_upregulated","Upregulated","Madissoon_2020_spleen_B_mature","Adult","Lymphatic system","Madissoon_2020_spleen","B_mature","B cell","CL:0000236","Spleen","UBERON:0002106",0.888703973669409,0.796450833489291,0.926568265682657,0.962202543467646,0.0167334994262798,NA
"JOB3494_IDvCD_upregulated","Upregulated","TS_Vasculature_mast cell","Adult","Cardiovascular system","TS_Vasculature","mast cell","Mast cell","CL:0000097","Vasculature","UBERON:0002049",0.873850707046781,0.802214757846412,0.920295202952029,0.962296166182209,0.016691244445132,NA
"JOB3494_IDvCD_upregulated","Upregulated","Fetal_HCA_Intestine_Erythroblasts","Fetal","Digestive system","Fetal_HCA_Intestine","Erythroblasts","Erythroblast","CL:0000765","Intestine","UBERON:0000160",0.906105943025074,0.794392289076034,0.930627306273063,0.962601575994803,0.0165534316205488,NA
"JOB3494_IDvCD_upregulated","Upregulated","FetalKidney_Fetal neuron","Fetal","Urinary system","FetalKidney","Fetal neuron","Neuron","CL:0000540","Kidney","UBERON:0002113",0.91360834135703,0.792704282657163,0.934317343173432,0.963009406390745,0.0163694707948384,NA
"JOB3494_IDvCD_upregulated","Upregulated","ChorionicVillus_Epithelial cell","Adult","Reproductive system","ChorionicVillus","Epithelial cell","Epithelial cell","CL:0000066","Chorionic villus","UBERON:0007106",0.913507168064831,0.793692383975527,0.933579335793358,0.96311064673059,0.0163238161941193,NA
"JOB3494_IDvCD_upregulated","Upregulated","TS_Skin_epithelial cell","Adult","Integumentary system","TS_Skin","epithelial cell","Epithelial cell","CL:0000066","Skin of body","UBERON:0002097",0.877004721817087,0.804561498477526,0.921033210332103,0.963126548978034,0.0163166454694232,NA
"JOB3494_IDvCD_upregulated","Upregulated","AdultLiver_B cell","Adult","Digestive system","AdultLiver","B cell","B cell","CL:0000236","Liver","UBERON:0002107",0.947199704282542,0.782493902367406,0.94760147601476,0.96326562708516,0.0162539366863064,NA
"JOB3494_IDvCD_upregulated","Upregulated","AdultTransverseColon_T cell","Adult","Digestive system","AdultTransverseColon","T cell","T cell","CL:0000084","Transverse colon","UBERON:0001157",0.915760713387323,0.791757352227065,0.936531365313653,0.963269580111681,0.0162521544426199,NA
"JOB3494_IDvCD_upregulated","Upregulated","AdultArtery_B cell (Plasmocyte)","Adult","Cardiovascular system","AdultArtery","B cell (Plasmocyte)","B cell","CL:0000236","Artery","UBERON:0001637",0.927138405227444,0.790892763573496,0.938007380073801,0.96337645867189,0.0162039704295258,NA
"JOB3494_IDvCD_upregulated","Upregulated","Fetal_HCA_Stomach_Parietal and chief cells","Fetal","Digestive system","Fetal_HCA_Stomach","Parietal and chief cells","Epithelial cell","CL:0000066","Stomach","UBERON:0000945",0.953251614991557,0.78220570614955,0.950553505535055,0.963871782207508,0.0159807337146603,NA
"JOB3494_IDvCD_upregulated","Upregulated","CordBloodCD34P_CB CD34+","Neonatal","Reproductive system","CordBloodCD34P","CB CD34+","Hematopoietic stem cell","CL:0000037","Umbilical cord blood","UBERON:0012168",0.96690260105116,0.777100516004672,0.956826568265683,0.963878314552984,0.0159777904269397,NA
"JOB3494_IDvCD_upregulated","Upregulated","CordBloodCD34P_Erythroid progenitor cell (RP high)","Neonatal","Reproductive system","CordBloodCD34P","Erythroid progenitor cell (RP high)","Erythroid progenitor cell","CL:0000038","Umbilical cord blood","UBERON:0012168",0.96690260105116,0.777100516004672,0.956826568265683,0.963878314552984,0.0159777904269397,NA
"JOB3494_IDvCD_upregulated","Upregulated","CordBlood_Neutrophil (RPS high)","Neonatal","Reproductive system","CordBlood","Neutrophil (RPS high)","Neutrophil","CL:0000775","Umbilical cord blood","UBERON:0012168",0.986798366199319,0.765160958407779,0.971955719557196,0.963923383871565,0.0159574840267716,NA
"JOB3494_IDvCD_upregulated","Upregulated","FetalCalvaria_Fetal chondrocyte","Fetal","Skeletal system","FetalCalvaria","Fetal chondrocyte","Chondrocyte","CL:0000138","Vault of skull","UBERON:0004339",0.959235281980918,0.77940608574752,0.954243542435424,0.963935421087419,0.015952060708,NA
"JOB3494_IDvCD_upregulated","Upregulated","TS_Bladder_plasma cell","Adult","Urinary system","TS_Bladder","plasma cell","Plasma cell","CL:0000786","Bladder organ","UBERON:0018707",0.879392631024179,0.8070729226617,0.922509225092251,0.964168591326531,0.015847020162436,NA
"JOB3494_IDvCD_upregulated","Upregulated","AdultEpityphlon_Enterocyte progenitor","Adult","Digestive system","AdultEpityphlon","Enterocyte progenitor","Enterocyte","CL:0000584","Caecum","UBERON:0001153",0.969217619225754,0.77668880712202,0.958671586715867,0.964185485091225,0.0158394107001748,NA
"JOB3494_IDvCD_upregulated","Upregulated","AdultAscendingColon_Enterocyte progenitor","Adult","Digestive system","AdultAscendingColon","Enterocyte progenitor","Enterocyte","CL:0000584","Ascending colon","UBERON:0001156",0.980215023592388,0.772324692965915,0.965313653136531,0.964463904224526,0.0157140215083822,NA
"JOB3494_IDvCD_upregulated","Upregulated","FetalEyes_Fetal epithelial progenitor","Fetal","Sensory system","FetalEyes","Fetal epithelial progenitor","Epithelial fate stem cell","CL:0000036","Eye","UBERON:0000970",0.940065395907644,0.788051972283201,0.946494464944649,0.964566969572826,0.0156676140478353,NA
"JOB3494_IDvCD_upregulated","Upregulated","VentoTormo_2018_decidua_villous cytotrophoblast (VCT)","Maternal-Fetal","Reproductive system","VentoTormo_2018_decidua","villous cytotrophoblast (VCT)","Trophoblast cell","CL:0000351","Decidua","UBERON:0002450",0.886072503466978,0.806949409996904,0.924354243542435,0.964572915484807,0.0156649369202893,NA
"JOB3494_IDvCD_upregulated","Upregulated","VentoTormo_2018_decidua_proliferating decidual natural killer cell (dNK p)","Maternal-Fetal","Reproductive system","VentoTormo_2018_decidua","proliferating decidual natural killer cell (dNK p)","Natural killer cell","CL:0000623","Decidua","UBERON:0002450",0.886072503466978,0.807525802432616,0.924354243542435,0.964728915107692,0.0155947044927123,NA
"JOB3494_IDvCD_upregulated","Upregulated","FetalEyes_Fetal neuron","Fetal","Sensory system","FetalEyes","Fetal neuron","Neuron","CL:0000540","Eye","UBERON:0000970",0.940065395907644,0.789369440707686,0.946494464944649,0.964931518131153,0.0155035077475091,NA
"JOB3494_IDvCD_upregulated","Upregulated","FetalLung_Proliferating T cell","Fetal","Respiratory system","FetalLung","Proliferating T cell","T cell","CL:0000084","Lung","UBERON:0002048",0.950318940024187,0.787187383629633,0.949815498154982,0.965091347427659,0.0154315780487305,NA
"JOB3494_IDvCD_upregulated","Upregulated","AdultSigmoidColon_B cell (Plasmocyte)","Adult","Digestive system","AdultSigmoidColon","B cell (Plasmocyte)","B cell","CL:0000236","Sigmoid colon","UBERON:0001159",0.972561347856353,0.77940608574752,0.960885608856089,0.965450106109447,0.0152701653866574,NA
"JOB3494_IDvCD_upregulated","Upregulated","FetalAdrenalGland_Fasciculata cell","Fetal","Endocrine system","FetalAdrenalGland","Fasciculata cell","Type II cell of adrenal cortex","CL:0002136","Adrenal gland","UBERON:0002369",0.93519668470866,0.798509377902549,0.942435424354244,0.966488972570162,0.0148030968131309,NA
"JOB3494_IDvCD_upregulated","Upregulated","FetalStomach_Fetal enterocyte","Fetal","Digestive system","FetalStomach","Fetal enterocyte","Enterocyte","CL:0000584","Stomach","UBERON:0000945",0.954988954164972,0.791016276238292,0.95239852398524,0.966721425195791,0.0146986561446783,NA
"JOB3494_IDvCD_upregulated","Upregulated","FetalStomach_Smooth muscle cell","Fetal","Digestive system","FetalStomach","Smooth muscle cell","Smooth muscle cell","CL:0000192","Stomach","UBERON:0000945",0.954988954164972,0.791510326897474,0.95239852398524,0.966854537238885,0.0146388603807621,NA
"JOB3494_IDvCD_upregulated","Upregulated","TS_Eye_lacrimal gland functional unit cell","Adult","Sensory system","TS_Eye","lacrimal gland functional unit cell","Epithelial cell","CL:0000066","Eye","UBERON:0000970",0.93988550809102,0.798674061455609,0.943911439114391,0.966867058840163,0.0146332359285651,NA
"JOB3494_IDvCD_upregulated","Upregulated","TS_Kidney_kidney epithelial cell","Adult","Urinary system","TS_Kidney","kidney epithelial cell","Epithelial cell","CL:0000066","Kidney","UBERON:0002113",0.926562492400627,0.805220232689768,0.937269372693727,0.967101289354542,0.0145280377018408,NA
"JOB3494_IDvCD_upregulated","Upregulated","Madissoon_2020_lung_Plasma_cells","Adult","Respiratory system","Madissoon_2020_lung","Plasma_cells","Plasma cell","CL:0000786","Lung","UBERON:0002048",0.938873153150764,0.800567922315806,0.943173431734317,0.967204238965549,0.0144818087608984,NA
"JOB3494_IDvCD_upregulated","Upregulated","AdultEsophagus_B cell (Plasmocyte)","Adult","Digestive system","AdultEsophagus","B cell (Plasmocyte)","B cell","CL:0000236","Esophagus","UBERON:0001043",0.956408063958258,0.792251402886246,0.953505535055351,0.967300159408958,0.014438740655865,NA
"JOB3494_IDvCD_upregulated","Upregulated","Madissoon_2020_oesophagus_Glands_mucous","Adult","Digestive system","Madissoon_2020_oesophagus","Glands_mucous","Mucus secreting cell","CL:0000319","Esophagus","UBERON:0001043",0.933070401840989,0.80307934649998,0.941328413284133,0.967452914530023,0.0143701626991298,NA
"JOB3494_IDvCD_upregulated","Upregulated","Madissoon_2020_oesophagus_Epi_stratified","Adult","Digestive system","Madissoon_2020_oesophagus","Epi_stratified","Epithelial cell","CL:0000066","Esophagus","UBERON:0001043",0.933070401840989,0.803738080712223,0.941328413284133,0.967626138399331,0.0142924085932586,NA
"JOB3494_IDvCD_upregulated","Upregulated","AdultTrachea_B cell (Plasmocyte)","Adult","Respiratory system","AdultTrachea","B cell (Plasmocyte)","B cell","CL:0000236","Trachea","UBERON:0003126",0.960309094899649,0.792786624433693,0.954981549815498,0.967769649641916,0.0142280019832566,NA
"JOB3494_IDvCD_upregulated","Upregulated","AdultLiver_T cell","Adult","Digestive system","AdultLiver","T cell","T cell","CL:0000084","Liver","UBERON:0002107",0.980190856030129,0.785334693657701,0.964575645756458,0.967885882126386,0.0141758448449069,NA
"JOB3494_IDvCD_upregulated","Upregulated","Madissoon_2020_spleen_T_cell_dividing","Adult","Lymphatic system","Madissoon_2020_spleen","T_cell_dividing","T cell","CL:0000084","Spleen","UBERON:0002106",0.948476404035235,0.799909188103564,0.948339483394834,0.96818248533869,0.0140427781189681,NA
"JOB3494_IDvCD_upregulated","Upregulated","FetalMaleGonad_Primordial germ cell","Fetal","Reproductive system","FetalMaleGonad","Primordial germ cell","Primordial germ cell","CL:0000670","Immature gonad","UBERON:2005272",0.954828937637647,0.797438934807655,0.951291512915129,0.968185641851344,0.0140413622146176,NA
"JOB3494_IDvCD_upregulated","Upregulated","AdultDuodenum_Goblet cell","Adult","Digestive system","AdultDuodenum","Goblet cell","Goblet cell","CL:0000160","Duodenum","UBERON:0002114",0.988699911475315,0.779900136406702,0.972693726937269,0.968187597795447,0.0140404848468525,NA
"JOB3494_IDvCD_upregulated","Upregulated","CordBloodCD34P_Neutrophil (RPS high)","Neonatal","Reproductive system","CordBloodCD34P","Neutrophil (RPS high)","Neutrophil","CL:0000775","Umbilical cord blood","UBERON:0012168",0.991927311787961,0.778088617323035,0.977859778597786,0.968807959218405,0.0137623019145144,NA
"JOB3494_IDvCD_upregulated","Upregulated","MacParland_2018_liver_B cell","Adult","Digestive system","MacParland_2018_liver","B cell","B cell","CL:0000236","Liver","UBERON:0002107",0.962767882339518,0.797274251254594,0.955719557195572,0.969110253877698,0.0136268112600405,NA
"JOB3494_IDvCD_upregulated","Upregulated","FetalHeart_Fetal neuron","Fetal","Cardiovascular system","FetalHeart","Fetal neuron","Neuron","CL:0000540","Heart","UBERON:0000948",0.982937492821065,0.788257826724527,0.967527675276753,0.969297697258356,0.0135428190064026,NA
"JOB3494_IDvCD_upregulated","Upregulated","TS_Trachea_mucus secreting cell","Adult","Respiratory system","TS_Trachea","mucus secreting cell","Mucus secreting cell","CL:0000319","Trachea","UBERON:0003126",0.93989376495121,0.807566973320881,0.944649446494465,0.969353600208755,0.013517772374325,NA
"JOB3494_IDvCD_upregulated","Upregulated","AdultUreter_Epithelial cell (intermediated)","Adult","Urinary system","AdultUreter","Epithelial cell (intermediated)","Epithelial cell","CL:0000066","Uterus","UBERON:0000995",0.996456795947904,0.778212129987831,0.985977859778598,0.970540425770407,0.0129863702979096,NA
"JOB3494_IDvCD_upregulated","Upregulated","FetalFemaleGonad_Erythroid progenitor cell (RP high)","Fetal","Reproductive system","FetalFemaleGonad","Erythroid progenitor cell (RP high)","Erythroid progenitor cell","CL:0000038","Immature gonad","UBERON:2005272",0.98153670855255,0.793857067528587,0.966789667896679,0.970591491181933,0.0129635203037868,NA
"JOB3494_IDvCD_upregulated","Upregulated","AdultBladder_T cell","Adult","Urinary system","AdultBladder","T cell","T cell","CL:0000084","Bladder organ","UBERON:0018707",0.985708519184735,0.791427985120943,0.971217712177122,0.970896546350393,0.0128270437714906,NA
"JOB3494_IDvCD_upregulated","Upregulated","van_Zyl_eye_2020_Melanocyte","Adult","Sensory system","van_Zyl_eye_2020","Melanocyte","Melanocyte","CL:0000148","Eye","UBERON:0000970",0.969652916220432,0.802255928734677,0.959409594095941,0.971170315576187,0.0127046005464959,NA
"JOB3494_IDvCD_upregulated","Upregulated","AdultAdrenalGland_B cell (Plasmocyte)","Adult","Endocrine system","AdultAdrenalGland","B cell (Plasmocyte)","B cell","CL:0000236","Adrenal gland","UBERON:0002369",0.985183040453998,0.793815896640322,0.970479704797048,0.971350671600763,0.0126239552129386,NA
"JOB3494_IDvCD_upregulated","Upregulated","AdultEsophagus_Basal cell","Adult","Digestive system","AdultEsophagus","Basal cell","Basal cell","CL:0000646","Esophagus","UBERON:0001043",0.984097448111154,0.79476282707042,0.969741697416974,0.971437321948134,0.0125852152496815,NA
"JOB3494_IDvCD_upregulated","Upregulated","Madissoon_2020_oesophagus_Epi_suprabasal","Adult","Digestive system","Madissoon_2020_oesophagus","Epi_suprabasal","Basal cell","CL:0000646","Esophagus","UBERON:0001043",0.97141746944268,0.804520327589261,0.960147601476015,0.971889451786313,0.0123831313798746,NA
"JOB3494_IDvCD_upregulated","Upregulated","Fetal_HCA_Heart_ELF3_AGBL2 positive cells","Fetal","Cardiovascular system","Fetal_HCA_Heart","ELF3_AGBL2 positive cells","Endothelial cell","CL:0000115","Heart","UBERON:0000948",0.983429615445952,0.797274251254594,0.9690036900369,0.971916147769641,0.0123712022875295,NA
"JOB3494_IDvCD_upregulated","Upregulated","AdultAscendingColon_B cell (Plasmocyte)","Adult","Digestive system","AdultAscendingColon","B cell (Plasmocyte)","B cell","CL:0000236","Ascending colon","UBERON:0001156",1,0.773148110731218,0.999630996309963,0.971993792360288,0.0123365086871836,NA
"JOB3494_IDvCD_upregulated","Upregulated","AdultRectum_B cell (Plasmocyte)","Adult","Digestive system","AdultRectum","B cell (Plasmocyte)","B cell","CL:0000236","Rectum","UBERON:0001052",0.997308737590448,0.782699756808732,0.987453874538745,0.971998195791742,0.012334541203785,NA
"JOB3494_IDvCD_upregulated","Upregulated","Madissoon_2020_spleen_B_Hypermutation","Adult","Lymphatic system","Madissoon_2020_spleen","B_Hypermutation","B cell","CL:0000236","Spleen","UBERON:0002106",0.980728319623728,0.800650264092337,0.966051660516605,0.972149873030587,0.0122667762129895,NA
"JOB3494_IDvCD_upregulated","Upregulated","Fetal_HCA_Pancreas_Acinar cells","Fetal","Digestive system","Fetal_HCA_Pancreas","Acinar cells","Acinar cell","CL:0000622","Pancreas","UBERON:0001264",0.983410243810138,0.799003428561731,0.968265682656827,0.972195596557833,0.0122463503412601,NA
"JOB3494_IDvCD_upregulated","Upregulated","FetalSpinalCord_Erythroid progenitor cell (RP high)","Fetal","Nervous system","FetalSpinalCord","Erythroid progenitor cell (RP high)","Erythroid progenitor cell","CL:0000038","Spinal cord","UBERON:0002240",0.994612382326341,0.789822320478603,0.980811808118081,0.972456557661762,0.0121297907109302,NA
"JOB3494_IDvCD_upregulated","Upregulated","AdultSpleen_B cell (Plasmocyte)","Adult","Lymphatic system","AdultSpleen","B cell (Plasmocyte)","B cell","CL:0000236","Spleen","UBERON:0002106",0.997650312780647,0.783687858127096,0.989667896678967,0.97269183686752,0.0120247288436166,NA
"JOB3494_IDvCD_upregulated","Upregulated","TS_Bone_Marrow_naive b cell","Adult","Lymphatic system","TS_Bone_Marrow","naive b cell","B cell","CL:0000236","Bone marrow","UBERON:0002371",0.974643661076581,0.806167163119866,0.96309963099631,0.972901962526199,0.0119309205528482,NA
"JOB3494_IDvCD_upregulated","Upregulated","AdultFallopiantube_B cell (Plasmocyte)","Adult","Reproductive system","AdultFallopiantube","B cell (Plasmocyte)","B cell","CL:0000236","Fallopian tube","UBERON:0003889",0.995232256345953,0.791098618014822,0.981549815498155,0.972923064788964,0.011921500799123,NA
"JOB3494_IDvCD_upregulated","Upregulated","TS_Vasculature_plasma cell","Adult","Cardiovascular system","TS_Vasculature","plasma cell","Plasma cell","CL:0000786","Vasculature","UBERON:0002049",0.972951712216497,0.808760929080571,0.961623616236162,0.973230940121474,0.011784092804893,NA
"JOB3494_IDvCD_upregulated","Upregulated","TS_Muscle_slow muscle cell","Adult","Muscular system","TS_Muscle","slow muscle cell","Cell of skeletal muscle","CL:0000188","Muscle organ","UBERON:0001630",0.974634708061417,0.808760929080571,0.962361623616236,0.973380755141718,0.0117172445095859,NA
"JOB3494_IDvCD_upregulated","Upregulated","TS_Large_Intestine_mature enterocyte","Adult","Digestive system","TS_Large_Intestine","mature enterocyte","Enterocyte","CL:0000584","Large intestine","UBERON:0000059",0.974653522041805,0.807937511315268,0.963837638376384,0.97348092465724,0.0116725540538274,NA
"JOB3494_IDvCD_upregulated","Upregulated","FetalLiver_Erythroid progenitor cell (RP high)","Fetal","Digestive system","FetalLiver","Erythroid progenitor cell (RP high)","Erythroid progenitor cell","CL:0000038","Liver","UBERON:0002107",1,0.779035547753134,0.999630996309963,0.973487801478489,0.0116694861406335,NA
"JOB3494_IDvCD_upregulated","Upregulated","FetalAdrenalGland_Fetal enterocyte","Fetal","Endocrine system","FetalAdrenalGland","Fetal enterocyte","Enterocyte","CL:0000584","Adrenal gland","UBERON:0002369",0.99057082716799,0.799868017215299,0.97380073800738,0.973528791489433,0.0116511999733424,NA
"JOB3494_IDvCD_upregulated","Upregulated","FetalAdrenalGland_Erythroid progenitor cell (RP high)","Fetal","Endocrine system","FetalAdrenalGland","Erythroid progenitor cell (RP high)","Erythroid progenitor cell","CL:0000038","Adrenal gland","UBERON:0002369",0.99057082716799,0.799909188103564,0.97380073800738,0.973538807789631,0.0116467316909811,NA
"JOB3494_IDvCD_upregulated","Upregulated","FetalStomach_Fetal epithelial progenitor","Fetal","Digestive system","FetalStomach","Fetal epithelial progenitor","Epithelial fate stem cell","CL:0000036","Stomach","UBERON:0000945",0.995436026486446,0.793527700422466,0.982287822878229,0.973668642702733,0.0115888163554703,NA
"JOB3494_IDvCD_upregulated","Upregulated","AdultBoneMarrow_Erythroid progenitor cell (RP high)","Adult","Lymphatic system","AdultBoneMarrow","Erythroid progenitor cell (RP high)","Erythroid progenitor cell","CL:0000038","Bone marrow","UBERON:0002371",0.997838558402751,0.787063870964838,0.99409594095941,0.974396650272915,0.0112642177022605,NA
"JOB3494_IDvCD_upregulated","Upregulated","TS_Prostate_erythroid progenitor","Adult","Reproductive system","TS_Prostate","erythroid progenitor","Erythroid progenitor cell","CL:0000038","Prostate gland","UBERON:0002367",0.991156843239452,0.803532226270897,0.975645756457565,0.974774415043901,0.0110958782881679,NA
"JOB3494_IDvCD_upregulated","Upregulated","Madissoon_2020_spleen_Plasma_IgM","Adult","Lymphatic system","Madissoon_2020_spleen","Plasma_IgM","Plasma cell","CL:0000786","Spleen","UBERON:0002106",0.994554120864973,0.801144314751518,0.979335793357934,0.974926650044406,0.0110280578186712,NA
"JOB3494_IDvCD_upregulated","Upregulated","Madissoon_2020_spleen_Plasma_IgG","Adult","Lymphatic system","Madissoon_2020_spleen","Plasma_IgG","Plasma cell","CL:0000786","Spleen","UBERON:0002106",0.994554120864973,0.801185485639784,0.979335793357934,0.974936430464122,0.0110237010180775,NA
"JOB3494_IDvCD_upregulated","Upregulated","Madissoon_2020_spleen_Plasmablast","Adult","Lymphatic system","Madissoon_2020_spleen","Plasmablast","Plasma cell","CL:0000786","Spleen","UBERON:0002106",0.994554120864973,0.801185485639784,0.979335793357934,0.974936430464122,0.0110237010180775,NA
"JOB3494_IDvCD_upregulated","Upregulated","AdultKidney_Ureteric bud cell","Adult","Urinary system","AdultKidney","Ureteric bud cell","Epithelial cell","CL:0000066","Kidney","UBERON:0002113",0.995786946976013,0.798180010796428,0.983025830258303,0.974936902112472,0.0110234909179932,NA
"JOB3494_IDvCD_upregulated","Upregulated","FetalKidney_Fetal epithelial progenitor","Fetal","Urinary system","FetalKidney","Fetal epithelial progenitor","Epithelial fate stem cell","CL:0000036","Kidney","UBERON:0002113",0.996284973216335,0.79748010569592,0.984132841328413,0.974984123592582,0.0110024561909733,NA
"JOB3494_IDvCD_upregulated","Upregulated","FetalKidney_Intercalated cell","Fetal","Urinary system","FetalKidney","Intercalated cell","Renal intercalated cell","CL:0005010","Kidney","UBERON:0002113",0.996284973216335,0.79748010569592,0.984132841328413,0.974984123592582,0.0110024561909733,NA
"JOB3494_IDvCD_upregulated","Upregulated","AdultIleum_B cell (Plasmocyte)","Adult","Digestive system","AdultIleum","B cell (Plasmocyte)","B cell","CL:0000236","Ileum","UBERON:0002116",0.99642340800177,0.796656687930617,0.985239852398524,0.975001457665135,0.0109947350138207,NA
"JOB3494_IDvCD_upregulated","Upregulated","TS_Small_Intestine_mature enterocyte","Adult","Digestive system","TS_Small_Intestine","mature enterocyte","Enterocyte","CL:0000584","Small intestine","UBERON:0002108",0.991067906501343,0.806208334008132,0.974907749077491,0.975262493704212,0.0108784774047454,NA
"JOB3494_IDvCD_upregulated","Upregulated","TS_Pancreas_pancreatic pp cell","Adult","Digestive system","TS_Pancreas","pancreatic pp cell","Pancreatic PP cell","CL:0002275","Pancreas","UBERON:0001264",0.991398215179235,0.806208334008132,0.977121771217712,0.975690333071667,0.0106879978843233,NA
"JOB3494_IDvCD_upregulated","Upregulated","FetalMuscle_Primordial germ cell","Fetal","Muscular system","FetalMuscle","Primordial germ cell","Primordial germ cell","CL:0000670","Muscle organ","UBERON:0001630",0.996856240415614,0.799168112114791,0.986715867158672,0.975877955673512,0.010604492263349,NA
"JOB3494_IDvCD_upregulated","Upregulated","TS_Large_Intestine_intestinal crypt stem cell of large intestine","Adult","Digestive system","TS_Large_Intestine","intestinal crypt stem cell of large intestine","Intestinal crypt stem cell","CL:0002250","Large intestine","UBERON:0000059",0.99139052867165,0.808925612633631,0.976383763837638,0.976178625761641,0.010470705812257,NA
"JOB3494_IDvCD_upregulated","Upregulated","FetalSkin_Erythroid progenitor cell (RP high)","Fetal","Integumentary system","FetalSkin","Erythroid progenitor cell (RP high)","Erythroid progenitor cell","CL:0000038","Skin of body","UBERON:0002097",0.999929090470327,0.792416086439307,0.997047970479705,0.976238755184195,0.0104439555111397,NA
"JOB3494_IDvCD_upregulated","Upregulated","AdultLung_B cell (Plasmocyte)","Adult","Respiratory system","AdultLung","B cell (Plasmocyte)","B cell","CL:0000236","Lung","UBERON:0002048",0.997455030386427,0.799826846327034,0.988191881918819,0.976310690338653,0.0104119552555542,NA
"JOB3494_IDvCD_upregulated","Upregulated","FetalAdrenalGland_Hepatocyte/Endodermal cell","Fetal","Endocrine system","FetalAdrenalGland","Hepatocyte/Endodermal cell","Hepatocyte","CL:0000182","Adrenal gland","UBERON:0002369",0.997565821260804,0.800403238762746,0.988929889298893,0.976582783822823,0.0102909361615124,NA
"JOB3494_IDvCD_upregulated","Upregulated","FetalFemaleGonad_Primordial germ cell","Fetal","Reproductive system","FetalFemaleGonad","Primordial germ cell","Primordial germ cell","CL:0000670","Immature gonad","UBERON:2005272",0.999907908101169,0.794556972629095,0.996309963099631,0.976602028698249,0.0102823778897615,NA
"JOB3494_IDvCD_upregulated","Upregulated","AdultAdrenalGland_Fasciculata cell","Adult","Endocrine system","AdultAdrenalGland","Fasciculata cell","Type II cell of adrenal cortex","CL:0002136","Adrenal gland","UBERON:0002369",0.999932259320572,0.795380390394398,0.997785977859779,0.977065538492542,0.0100763041921406,NA
"JOB3494_IDvCD_upregulated","Upregulated","AdultTransverseColon_Enterocyte progenitor","Adult","Digestive system","AdultTransverseColon","Enterocyte progenitor","Enterocyte","CL:0000584","Transverse colon","UBERON:0001157",0.999941652136352,0.797356593031125,0.998523985239852,0.977653225614529,0.00981516250102754,NA
"JOB3494_IDvCD_upregulated","Upregulated","TS_Fat_leucocyte","Adult","Integumentary system","TS_Fat","leucocyte","Leukocyte","CL:0000738","Perirenal fat","UBERON:0005406",0.997701678608282,0.807196435326495,0.990405904059041,0.978392396455972,0.0094869310638045,NA
"JOB3494_IDvCD_upregulated","Upregulated","TS_Large_Intestine_intestinal tuft cell","Adult","Digestive system","TS_Large_Intestine","intestinal tuft cell","Intestinal tuft cell","CL:0019032","Large intestine","UBERON:0000059",0.997794186732755,0.8070729226617,0.991512915129151,0.978564621413192,0.00941048958034134,NA
"JOB3494_IDvCD_upregulated","Upregulated","TS_Large_Intestine_goblet cell","Adult","Digestive system","TS_Large_Intestine","goblet cell","Goblet cell","CL:0000160","Large intestine","UBERON:0000059",0.997794186732755,0.8070729226617,0.991512915129151,0.978564621413192,0.00941048958034134,NA
"JOB3494_IDvCD_upregulated","Upregulated","TS_Prostate_stromal cell","Adult","Reproductive system","TS_Prostate","stromal cell","Stromal cell","CL:0000499","Prostate gland","UBERON:0002367",0.997801934554691,0.807114093549965,0.992988929889299,0.978838272268448,0.00928905821067935,NA
"JOB3494_IDvCD_upregulated","Upregulated","TS_Prostate_epithelial cell","Adult","Reproductive system","TS_Prostate","epithelial cell","Epithelial cell","CL:0000066","Prostate gland","UBERON:0002367",0.997801934554691,0.808719758192306,0.992988929889299,0.979189571147889,0.00913322062441618,NA
"JOB3494_IDvCD_upregulated","Upregulated","TS_Salivary_Gland_cd4-positive, alpha-beta t cell","Adult","Digestive system","TS_Salivary_Gland","cd4-positive, alpha-beta t cell","T cell","CL:0000084","Saliva-secreting gland","UBERON:0001044",0.99962315238422,0.80867858730404,0.995571955719557,0.979636157653932,0.00893519375987633,NA
"JOB3494_IDvCD_upregulated","Upregulated","TS_Vasculature_erythrocyte","Adult","Cardiovascular system","TS_Vasculature","erythrocyte","Erythrocyte","CL:0000232","Vasculature","UBERON:0002049",0.999551365396216,0.809337321516283,0.994833948339483,0.979648842257329,0.0089295704296709,NA
