"direction","human_symbol","best_muscle_combined_p","best_muscle_combined_log10p","muscle_tissue_cell_type_hits","muscle_specific_cell_type_hits","muscle_general_cell_type_hits"
"Downregulated","ALDH3A2",0.0562947464755684,1.24953213238006,"TS_Muscle_mesenchymal stem cell; TS_Muscle_tendon cell; Fetal_HCA_Muscle_Satellite cells","mesenchymal stem cell; tendon cell; Satellite cells","Mesenchymal stem cell; Cell of skeletal muscle; Skeletal muscle satellite cell"
"Downregulated","ARL2BP",0.0562947464755684,1.24953213238006,"TS_Muscle_mesenchymal stem cell; TS_Muscle_tendon cell; TS_Muscle_endothelial cell of artery; AdultMuscle_Smooth muscle cell","mesenchymal stem cell; tendon cell; endothelial cell of artery; Smooth muscle cell","Mesenchymal stem cell; Cell of skeletal muscle; Endothelial cell; Smooth muscle cell"
"Downregulated","ATF5",0.0562947464755684,1.24953213238006,"TS_Muscle_mesenchymal stem cell","mesenchymal stem cell","Mesenchymal stem cell"
"Downregulated","AUTS2",0.0562947464755684,1.24953213238006,"TS_Muscle_mesenchymal stem cell; TS_Muscle_tendon cell; TS_Muscle_t cell; Fetal_HCA_Muscle_Stromal cells; TS_Muscle_mature nk t cell; Fetal_HCA_Muscle_Lymphatic endothelial cells; Fetal_HCA_Muscle_Vascular endothelial cells","mesenchymal stem cell; tendon cell; t cell; Stromal cells; mature nk t cell; Lymphatic endothelial cells; Vascular endothelial cells","Mesenchymal stem cell; Cell of skeletal muscle; T cell; Stromal cell; Natural killer cell; Endothelial cell"
"Downregulated","BCL6",0.0562947464755684,1.24953213238006,"TS_Muscle_mesenchymal stem cell; TS_Muscle_pericyte cell","mesenchymal stem cell; pericyte cell","Mesenchymal stem cell; Pericyte cell"
"Downregulated","CLN5",0.0562947464755684,1.24953213238006,"TS_Muscle_mesenchymal stem cell","mesenchymal stem cell","Mesenchymal stem cell"
"Downregulated","COA3",0.0562947464755684,1.24953213238006,"TS_Muscle_mesenchymal stem cell; FetalMuscle_Primordial germ cell; TS_Muscle_smooth muscle cell; AdultMuscle_Smooth muscle cell; TS_Muscle_fast muscle cell; TS_Muscle_slow muscle cell","mesenchymal stem cell; Primordial germ cell; smooth muscle cell; Smooth muscle cell; fast muscle cell; slow muscle cell","Mesenchymal stem cell; Primordial germ cell; Smooth muscle cell; Cell of skeletal muscle"
"Downregulated","CSTB",0.0562947464755684,1.24953213238006,"TS_Muscle_mesenchymal stem cell; TS_Muscle_macrophage; TS_Muscle_tendon cell; FetalMuscle_Dendritic cell; FetalMuscle_Fetal stromal cell; FetalMuscle_Endothelial cell; AdultMuscle_Dendritic cell; Fetal_HCA_Muscle_Lymphatic endothelial cells; AdultMuscle_Macrophage","mesenchymal stem cell; macrophage; tendon cell; Dendritic cell; Fetal stromal cell; Endothelial cell; Lymphatic endothelial cells; Macrophage","Mesenchymal stem cell; Macrophage; Cell of skeletal muscle; Dendritic cell; Stromal cell; Endothelial cell"
"Downregulated","DCTN3",0.0562947464755684,1.24953213238006,"TS_Muscle_mesenchymal stem cell; TS_Muscle_smooth muscle cell; TS_Muscle_fast muscle cell; Fetal_HCA_Muscle_Erythroblasts","mesenchymal stem cell; smooth muscle cell; fast muscle cell; Erythroblasts","Mesenchymal stem cell; Smooth muscle cell; Cell of skeletal muscle; Erythroblast"
"Downregulated","F10",0.0562947464755684,1.24953213238006,"TS_Muscle_mesenchymal stem cell; TS_Muscle_pericyte cell; FetalMuscle_Fetal stromal cell; Fetal_HCA_Muscle_Stromal cells","mesenchymal stem cell; pericyte cell; Fetal stromal cell; Stromal cells","Mesenchymal stem cell; Pericyte cell; Stromal cell"
"Downregulated","FUCA2",0.0562947464755684,1.24953213238006,"TS_Muscle_mesenchymal stem cell","mesenchymal stem cell","Mesenchymal stem cell"
"Downregulated","GLRX",0.0562947464755684,1.24953213238006,"TS_Muscle_mesenchymal stem cell; TS_Muscle_macrophage; TS_Muscle_fast muscle cell; TS_Muscle_slow muscle cell; FetalMuscle_Dendritic cell; FetalMuscle_Macrophage; Fetal_HCA_Muscle_Erythroblasts; FetalMuscle_Endothelial cell","mesenchymal stem cell; macrophage; fast muscle cell; slow muscle cell; Dendritic cell; Macrophage; Erythroblasts; Endothelial cell","Mesenchymal stem cell; Macrophage; Cell of skeletal muscle; Dendritic cell; Erythroblast; Endothelial cell"
"Downregulated","HEBP1",0.0562947464755684,1.24953213238006,"TS_Muscle_mesenchymal stem cell; FetalMuscle_Primordial germ cell; TS_Muscle_tendon cell; FetalMuscle_Fetal stromal cell; TS_Muscle_endothelial cell of lymphatic vessel","mesenchymal stem cell; Primordial germ cell; tendon cell; Fetal stromal cell; endothelial cell of lymphatic vessel","Mesenchymal stem cell; Primordial germ cell; Cell of skeletal muscle; Stromal cell; Endothelial cell"
"Downregulated","HOXA10",0.0562947464755684,1.24953213238006,"TS_Muscle_mesenchymal stem cell; TS_Muscle_tendon cell; TS_Muscle_fast muscle cell; TS_Muscle_slow muscle cell","mesenchymal stem cell; tendon cell; fast muscle cell; slow muscle cell","Mesenchymal stem cell; Cell of skeletal muscle"
"Downregulated","MAP1LC3A",0.0562947464755684,1.24953213238006,"TS_Muscle_mesenchymal stem cell; AdultMuscle_Smooth muscle cell; FetalMuscle_Smooth muscle cell","mesenchymal stem cell; Smooth muscle cell","Mesenchymal stem cell; Smooth muscle cell"
"Downregulated","MCFD2",0.0562947464755684,1.24953213238006,"TS_Muscle_mesenchymal stem cell; TS_Muscle_endothelial cell of vascular tree","mesenchymal stem cell; endothelial cell of vascular tree","Mesenchymal stem cell; Endothelial cell"
"Downregulated","NFIB",0.0562947464755684,1.24953213238006,"TS_Muscle_mesenchymal stem cell; TS_Muscle_endothelial cell of artery; AdultMuscle_Smooth muscle cell; TS_Muscle_endothelial cell of vascular tree; TS_Muscle_capillary endothelial cell; FetalMuscle_Fetal stromal cell; Fetal_HCA_Muscle_Satellite cells; Fetal_HCA_Muscle_Stromal cells","mesenchymal stem cell; endothelial cell of artery; Smooth muscle cell; endothelial cell of vascular tree; capillary endothelial cell; Fetal stromal cell; Satellite cells; Stromal cells","Mesenchymal stem cell; Endothelial cell; Smooth muscle cell; Capillary endothelial cell; Stromal cell; Skeletal muscle satellite cell"
"Downregulated","NUCKS1",0.0562947464755684,1.24953213238006,"TS_Muscle_mesenchymal stem cell; TS_Muscle_skeletal muscle satellite stem cell; TS_Muscle_tendon cell; TS_Muscle_pericyte cell; AdultMuscle_Smooth muscle cell; Fetal_HCA_Muscle_Satellite cells","mesenchymal stem cell; skeletal muscle satellite stem cell; tendon cell; pericyte cell; Smooth muscle cell; Satellite cells","Mesenchymal stem cell; Skeletal muscle satellite cell; Cell of skeletal muscle; Pericyte cell; Smooth muscle cell"
"Downregulated","NUDT1",0.0562947464755684,1.24953213238006,"TS_Muscle_mesenchymal stem cell; FetalMuscle_Fetal skeletal muscle cell","mesenchymal stem cell; Fetal skeletal muscle cell","Mesenchymal stem cell; Cell of skeletal muscle"
"Downregulated","PBX3",0.0562947464755684,1.24953213238006,"TS_Muscle_mesenchymal stem cell; Fetal_HCA_Muscle_Smooth muscle cells","mesenchymal stem cell; Smooth muscle cells","Mesenchymal stem cell; Smooth muscle cell"
"Downregulated","PRDX6",0.0562947464755684,1.24953213238006,"TS_Muscle_mesenchymal stem cell; TS_Muscle_fast muscle cell; TS_Muscle_slow muscle cell; Fetal_HCA_Muscle_Skeletal muscle cells; FetalMuscle_Fetal skeletal muscle cell; AdultMuscle_T cell","mesenchymal stem cell; fast muscle cell; slow muscle cell; Skeletal muscle cells; Fetal skeletal muscle cell; T cell","Mesenchymal stem cell; Cell of skeletal muscle; T cell"
"Downregulated","RHOQ",0.0562947464755684,1.24953213238006,"TS_Muscle_mesenchymal stem cell; TS_Muscle_macrophage","mesenchymal stem cell; macrophage","Mesenchymal stem cell; Macrophage"
"Downregulated","RNF103",0.0562947464755684,1.24953213238006,"TS_Muscle_mesenchymal stem cell","mesenchymal stem cell","Mesenchymal stem cell"
"Downregulated","SCARB2",0.0562947464755684,1.24953213238006,"TS_Muscle_mesenchymal stem cell; Fetal_HCA_Muscle_Schwann cells","mesenchymal stem cell; Schwann cells","Mesenchymal stem cell; Schwann cell"
"Downregulated","UBE2H",0.0562947464755684,1.24953213238006,"TS_Muscle_mesenchymal stem cell; Fetal_HCA_Muscle_Skeletal muscle cells; FetalMuscle_Erythroid cell","mesenchymal stem cell; Skeletal muscle cells; Erythroid cell","Mesenchymal stem cell; Cell of skeletal muscle; Erythroid lineage cell"
"Downregulated","ATG7",0.100415919500004,0.998197430588016,"TS_Muscle_macrophage; Fetal_HCA_Muscle_Myeloid cells","macrophage; Myeloid cells","Macrophage; Myeloid cell"
"Downregulated","CAB39",0.100415919500004,0.998197430588016,"TS_Muscle_macrophage; FetalMuscle_Dendritic cell; FetalMuscle_Macrophage; Fetal_HCA_Muscle_Myeloid cells; Fetal_HCA_Muscle_Lymphoid cells","macrophage; Dendritic cell; Macrophage; Myeloid cells; Lymphoid cells","Macrophage; Dendritic cell; Myeloid cell; Innate lymphoid cell"
"Downregulated","CANX",0.100415919500004,0.998197430588016,"TS_Muscle_macrophage; FetalMuscle_Endothelial cell","macrophage; Endothelial cell","Macrophage; Endothelial cell"
"Downregulated","CSGALNACT2",0.100415919500004,0.998197430588016,"TS_Muscle_macrophage; Fetal_HCA_Muscle_Lymphoid cells","macrophage; Lymphoid cells","Macrophage; Innate lymphoid cell"
"Downregulated","FAM83H",0.100415919500004,0.998197430588016,"TS_Muscle_macrophage","macrophage","Macrophage"
"Downregulated","GDPD1",0.100415919500004,0.998197430588016,"TS_Muscle_macrophage; FetalMuscle_Macrophage; Fetal_HCA_Muscle_Myeloid cells","macrophage; Macrophage; Myeloid cells","Macrophage; Myeloid cell"
"Downregulated","HAGHL",0.100415919500004,0.998197430588016,"TS_Muscle_macrophage; FetalMuscle_Fetal mesenchymal progenitor; FetalMuscle_Smooth muscle cell; TS_Muscle_t cell","macrophage; Fetal mesenchymal progenitor; Smooth muscle cell; t cell","Macrophage; Mesenchymal stem cell; Smooth muscle cell; T cell"
"Downregulated","HSPA5",0.100415919500004,0.998197430588016,"TS_Muscle_macrophage; FetalMuscle_Fetal neuron; TS_Muscle_mature nk t cell; Fetal_HCA_Muscle_Schwann cells","macrophage; Fetal neuron; mature nk t cell; Schwann cells","Macrophage; Neuron; Natural killer cell; Schwann cell"
"Downregulated","MEF2C",0.100415919500004,0.998197430588016,"TS_Muscle_macrophage; TS_Muscle_endothelial cell of artery; TS_Muscle_pericyte cell; TS_Muscle_smooth muscle cell; TS_Muscle_fast muscle cell; TS_Muscle_slow muscle cell; TS_Muscle_endothelial cell of vascular tree; TS_Muscle_capillary endothelial cell; FetalMuscle_Smooth muscle cell; FetalMuscle_Macrophage; Fetal_HCA_Muscle_Skeletal muscle cells; TS_Muscle_endothelial cell of lymphatic vessel; FetalMuscle_Endothelial cell","macrophage; endothelial cell of artery; pericyte cell; smooth muscle cell; fast muscle cell; slow muscle cell; endothelial cell of vascular tree; capillary endothelial cell; Smooth muscle cell; Macrophage; Skeletal muscle cells; endothelial cell of lymphatic vessel; Endothelial cell","Macrophage; Endothelial cell; Pericyte cell; Smooth muscle cell; Cell of skeletal muscle; Capillary endothelial cell"
"Downregulated","MOB1B",0.100415919500004,0.998197430588016,"TS_Muscle_macrophage; TS_Muscle_pericyte cell; Fetal_HCA_Muscle_Erythroblasts","macrophage; pericyte cell; Erythroblasts","Macrophage; Pericyte cell; Erythroblast"
"Downregulated","OSTM1",0.100415919500004,0.998197430588016,"TS_Muscle_macrophage; FetalMuscle_Primordial germ cell","macrophage; Primordial germ cell","Macrophage; Primordial germ cell"
"Downregulated","OTUB2",0.100415919500004,0.998197430588016,"TS_Muscle_macrophage","macrophage","Macrophage"
"Downregulated","PKP2",0.100415919500004,0.998197430588016,"TS_Muscle_macrophage; TS_Muscle_skeletal muscle satellite stem cell; FetalMuscle_Fetal mesenchymal progenitor","macrophage; skeletal muscle satellite stem cell; Fetal mesenchymal progenitor","Macrophage; Skeletal muscle satellite cell; Mesenchymal stem cell"
"Downregulated","PPP1R15A",0.100415919500004,0.998197430588016,"TS_Muscle_macrophage; TS_Muscle_endothelial cell of artery; TS_Muscle_pericyte cell; TS_Muscle_smooth muscle cell; TS_Muscle_capillary endothelial cell; AdultMuscle_Dendritic cell","macrophage; endothelial cell of artery; pericyte cell; smooth muscle cell; capillary endothelial cell; Dendritic cell","Macrophage; Endothelial cell; Pericyte cell; Smooth muscle cell; Capillary endothelial cell; Dendritic cell"
"Downregulated","RPN1",0.100415919500004,0.998197430588016,"TS_Muscle_macrophage; TS_Muscle_endothelial cell of vascular tree","macrophage; endothelial cell of vascular tree","Macrophage; Endothelial cell"
"Downregulated","SERPINA1",0.100415919500004,0.998197430588016,"TS_Muscle_macrophage; FetalMuscle_Dendritic cell; FetalMuscle_Macrophage; Fetal_HCA_Muscle_Erythroblasts; AdultMuscle_Dendritic cell","macrophage; Dendritic cell; Macrophage; Erythroblasts","Macrophage; Dendritic cell; Erythroblast"
"Downregulated","SLC5A3",0.100415919500004,0.998197430588016,"TS_Muscle_macrophage; TS_Muscle_tendon cell; TS_Muscle_pericyte cell; TS_Muscle_smooth muscle cell; FetalMuscle_Dendritic cell; TS_Muscle_t cell; TS_Muscle_endothelial cell of lymphatic vessel; FetalMuscle_Erythroid cell","macrophage; tendon cell; pericyte cell; smooth muscle cell; Dendritic cell; t cell; endothelial cell of lymphatic vessel; Erythroid cell","Macrophage; Cell of skeletal muscle; Pericyte cell; Smooth muscle cell; Dendritic cell; T cell; Endothelial cell; Erythroid lineage cell"
"Downregulated","TMEM37",0.100415919500004,0.998197430588016,"TS_Muscle_macrophage; FetalMuscle_Dendritic cell; FetalMuscle_Macrophage; FetalMuscle_Endothelial cell; AdultMuscle_Macrophage","macrophage; Dendritic cell; Macrophage; Endothelial cell","Macrophage; Dendritic cell; Endothelial cell"
"Downregulated","TMUB2",0.100415919500004,0.998197430588016,"TS_Muscle_macrophage","macrophage","Macrophage"
"Downregulated","GINS2",0.103522377820498,0.98496576118792,"FetalMuscle_Primordial germ cell; TS_Muscle_skeletal muscle satellite stem cell; FetalMuscle_Fetal skeletal muscle cell","Primordial germ cell; skeletal muscle satellite stem cell; Fetal skeletal muscle cell","Primordial germ cell; Skeletal muscle satellite cell; Cell of skeletal muscle"
"Downregulated","INO80C",0.103522377820498,0.98496576118792,"FetalMuscle_Primordial germ cell; TS_Muscle_capillary endothelial cell; Fetal_HCA_Muscle_Lymphatic endothelial cells","Primordial germ cell; capillary endothelial cell; Lymphatic endothelial cells","Primordial germ cell; Capillary endothelial cell; Endothelial cell"
"Downregulated","MSRA",0.103522377820498,0.98496576118792,"FetalMuscle_Primordial germ cell; TS_Muscle_endothelial cell of vascular tree","Primordial germ cell; endothelial cell of vascular tree","Primordial germ cell; Endothelial cell"
"Downregulated","NR3C2",0.103522377820498,0.98496576118792,"FetalMuscle_Primordial germ cell; TS_Muscle_endothelial cell of artery; TS_Muscle_endothelial cell of vascular tree; Fetal_HCA_Muscle_Skeletal muscle cells","Primordial germ cell; endothelial cell of artery; endothelial cell of vascular tree; Skeletal muscle cells","Primordial germ cell; Endothelial cell; Cell of skeletal muscle"
"Downregulated","NSUN4",0.103522377820498,0.98496576118792,"FetalMuscle_Primordial germ cell","Primordial germ cell","Primordial germ cell"
"Downregulated","PSPH",0.103522377820498,0.98496576118792,"FetalMuscle_Primordial germ cell; TS_Muscle_fast muscle cell","Primordial germ cell; fast muscle cell","Primordial germ cell; Cell of skeletal muscle"
"Downregulated","ST8SIA5",0.103522377820498,0.98496576118792,"FetalMuscle_Primordial germ cell; TS_Muscle_skeletal muscle satellite stem cell; TS_Muscle_slow muscle cell","Primordial germ cell; skeletal muscle satellite stem cell; slow muscle cell","Primordial germ cell; Skeletal muscle satellite cell; Cell of skeletal muscle"
"Downregulated","TP53INP2",0.103522377820498,0.98496576118792,"FetalMuscle_Primordial germ cell; TS_Muscle_skeletal muscle satellite stem cell; TS_Muscle_pericyte cell; TS_Muscle_smooth muscle cell","Primordial germ cell; skeletal muscle satellite stem cell; pericyte cell; smooth muscle cell","Primordial germ cell; Skeletal muscle satellite cell; Pericyte cell; Smooth muscle cell"
"Downregulated","TTC13",0.103522377820498,0.98496576118792,"FetalMuscle_Primordial germ cell; TS_Muscle_capillary endothelial cell; Fetal_HCA_Muscle_Erythroblasts; AdultMuscle_T cell; TS_Muscle_mature nk t cell","Primordial germ cell; capillary endothelial cell; Erythroblasts; T cell; mature nk t cell","Primordial germ cell; Capillary endothelial cell; Erythroblast; T cell; Natural killer cell"
"Downregulated","CUTA",0.123510865602042,0.908294834603206,"TS_Muscle_skeletal muscle satellite stem cell; AdultMuscle_T cell","skeletal muscle satellite stem cell; T cell","Skeletal muscle satellite cell; T cell"
"Downregulated","DDAH1",0.123510865602042,0.908294834603206,"TS_Muscle_skeletal muscle satellite stem cell; TS_Muscle_tendon cell; FetalMuscle_Fetal mesenchymal progenitor; Fetal_HCA_Muscle_Satellite cells","skeletal muscle satellite stem cell; tendon cell; Fetal mesenchymal progenitor; Satellite cells","Skeletal muscle satellite cell; Cell of skeletal muscle; Mesenchymal stem cell"
"Downregulated","EIF5B",0.123510865602042,0.908294834603206,"TS_Muscle_skeletal muscle satellite stem cell; TS_Muscle_smooth muscle cell; TS_Muscle_endothelial cell of vascular tree","skeletal muscle satellite stem cell; smooth muscle cell; endothelial cell of vascular tree","Skeletal muscle satellite cell; Smooth muscle cell; Endothelial cell"
"Downregulated","FAT3",0.123510865602042,0.908294834603206,"TS_Muscle_skeletal muscle satellite stem cell; TS_Muscle_tendon cell; FetalMuscle_Fetal mesenchymal progenitor; Fetal_HCA_Muscle_Stromal cells; AdultMuscle_Macrophage","skeletal muscle satellite stem cell; tendon cell; Fetal mesenchymal progenitor; Stromal cells; Macrophage","Skeletal muscle satellite cell; Cell of skeletal muscle; Mesenchymal stem cell; Stromal cell; Macrophage"
"Downregulated","ITGB6",0.123510865602042,0.908294834603206,"TS_Muscle_skeletal muscle satellite stem cell; TS_Muscle_fast muscle cell; Fetal_HCA_Muscle_Skeletal muscle cells; FetalMuscle_Fetal skeletal muscle cell","skeletal muscle satellite stem cell; fast muscle cell; Skeletal muscle cells; Fetal skeletal muscle cell","Skeletal muscle satellite cell; Cell of skeletal muscle"
"Downregulated","LPGAT1",0.123510865602042,0.908294834603206,"TS_Muscle_skeletal muscle satellite stem cell; TS_Muscle_endothelial cell of artery; Fetal_HCA_Muscle_Satellite cells","skeletal muscle satellite stem cell; endothelial cell of artery; Satellite cells","Skeletal muscle satellite cell; Endothelial cell"
"Downregulated","MSI2",0.123510865602042,0.908294834603206,"TS_Muscle_skeletal muscle satellite stem cell; TS_Muscle_endothelial cell of artery; TS_Muscle_pericyte cell; Fetal_HCA_Muscle_Skeletal muscle cells; TS_Muscle_t cell; AdultMuscle_T cell; Fetal_HCA_Muscle_Lymphoid cells","skeletal muscle satellite stem cell; endothelial cell of artery; pericyte cell; Skeletal muscle cells; t cell; T cell; Lymphoid cells","Skeletal muscle satellite cell; Endothelial cell; Pericyte cell; Cell of skeletal muscle; T cell; Innate lymphoid cell"
"Downregulated","MT-ND2",0.123510865602042,0.908294834603206,"TS_Muscle_skeletal muscle satellite stem cell; TS_Muscle_t cell","skeletal muscle satellite stem cell; t cell","Skeletal muscle satellite cell; T cell"
"Downregulated","NME1",0.123510865602042,0.908294834603206,"TS_Muscle_skeletal muscle satellite stem cell; TS_Muscle_endothelial cell of vascular tree; FetalMuscle_Smooth muscle cell; FetalMuscle_Fetal skeletal muscle cell","skeletal muscle satellite stem cell; endothelial cell of vascular tree; Smooth muscle cell; Fetal skeletal muscle cell","Skeletal muscle satellite cell; Endothelial cell; Smooth muscle cell; Cell of skeletal muscle"
"Downregulated","PDE12",0.123510865602042,0.908294834603206,"TS_Muscle_skeletal muscle satellite stem cell","skeletal muscle satellite stem cell","Skeletal muscle satellite cell"
"Downregulated","RIC3",0.123510865602042,0.908294834603206,"TS_Muscle_skeletal muscle satellite stem cell; TS_Muscle_mast cell","skeletal muscle satellite stem cell; mast cell","Skeletal muscle satellite cell; Mast cell"
"Downregulated","SERPINA3",0.123510865602042,0.908294834603206,"TS_Muscle_skeletal muscle satellite stem cell","skeletal muscle satellite stem cell","Skeletal muscle satellite cell"
"Downregulated","SETD6",0.123510865602042,0.908294834603206,"TS_Muscle_skeletal muscle satellite stem cell","skeletal muscle satellite stem cell","Skeletal muscle satellite cell"
"Downregulated","SLC4A7",0.123510865602042,0.908294834603206,"TS_Muscle_skeletal muscle satellite stem cell; TS_Muscle_endothelial cell of vascular tree; FetalMuscle_Macrophage; AdultMuscle_T cell","skeletal muscle satellite stem cell; endothelial cell of vascular tree; Macrophage; T cell","Skeletal muscle satellite cell; Endothelial cell; Macrophage; T cell"
"Downregulated","TMEM132B",0.123510865602042,0.908294834603206,"TS_Muscle_skeletal muscle satellite stem cell; FetalMuscle_Fetal neuron; Fetal_HCA_Muscle_Schwann cells","skeletal muscle satellite stem cell; Fetal neuron; Schwann cells","Skeletal muscle satellite cell; Neuron; Schwann cell"
"Downregulated","TSC22D1",0.123510865602042,0.908294834603206,"TS_Muscle_skeletal muscle satellite stem cell; TS_Muscle_tendon cell; TS_Muscle_endothelial cell of artery; TS_Muscle_pericyte cell; TS_Muscle_smooth muscle cell; AdultMuscle_Smooth muscle cell; TS_Muscle_fast muscle cell; TS_Muscle_endothelial cell of vascular tree; FetalMuscle_Fetal mesenchymal progenitor; TS_Muscle_capillary endothelial cell; FetalMuscle_Smooth muscle cell; FetalMuscle_Fetal stromal cell","skeletal muscle satellite stem cell; tendon cell; endothelial cell of artery; pericyte cell; smooth muscle cell; Smooth muscle cell; fast muscle cell; endothelial cell of vascular tree; Fetal mesenchymal progenitor; capillary endothelial cell; Fetal stromal cell","Skeletal muscle satellite cell; Cell of skeletal muscle; Endothelial cell; Pericyte cell; Smooth muscle cell; Mesenchymal stem cell; Capillary endothelial cell; Stromal cell"
"Downregulated","C19orf33",0.143604170152821,0.842832948338408,"TS_Muscle_tendon cell; TS_Muscle_endothelial cell of artery; TS_Muscle_pericyte cell; TS_Muscle_capillary endothelial cell","tendon cell; endothelial cell of artery; pericyte cell; capillary endothelial cell","Cell of skeletal muscle; Endothelial cell; Pericyte cell; Capillary endothelial cell"
"Downregulated","CCDC34",0.143604170152821,0.842832948338408,"TS_Muscle_tendon cell; FetalMuscle_Fetal stromal cell; TS_Muscle_endothelial cell of lymphatic vessel","tendon cell; Fetal stromal cell; endothelial cell of lymphatic vessel","Cell of skeletal muscle; Stromal cell; Endothelial cell"
"Downregulated","CYB5R1",0.143604170152821,0.842832948338408,"TS_Muscle_tendon cell; AdultMuscle_Smooth muscle cell; TS_Muscle_fast muscle cell; TS_Muscle_slow muscle cell; FetalMuscle_Fetal skeletal muscle cell","tendon cell; Smooth muscle cell; fast muscle cell; slow muscle cell; Fetal skeletal muscle cell","Cell of skeletal muscle; Smooth muscle cell"
"Downregulated","FOLH1",0.143604170152821,0.842832948338408,"TS_Muscle_tendon cell; FetalMuscle_Fetal neuron","tendon cell; Fetal neuron","Cell of skeletal muscle; Neuron"
"Downregulated","NPR3",0.143604170152821,0.842832948338408,"TS_Muscle_tendon cell; TS_Muscle_endothelial cell of artery; TS_Muscle_fast muscle cell; TS_Muscle_slow muscle cell","tendon cell; endothelial cell of artery; fast muscle cell; slow muscle cell","Cell of skeletal muscle; Endothelial cell"
"Downregulated","PAQR7",0.143604170152821,0.842832948338408,"TS_Muscle_tendon cell; FetalMuscle_Macrophage; FetalMuscle_Fetal epithelial progenitor","tendon cell; Macrophage; Fetal epithelial progenitor","Cell of skeletal muscle; Macrophage; Epithelial fate stem cell"
"Downregulated","SCX",0.143604170152821,0.842832948338408,"TS_Muscle_tendon cell; TS_Muscle_fast muscle cell; TS_Muscle_slow muscle cell; FetalMuscle_Fetal mesenchymal progenitor","tendon cell; fast muscle cell; slow muscle cell; Fetal mesenchymal progenitor","Cell of skeletal muscle; Mesenchymal stem cell"
"Downregulated","ZMPSTE24",0.143604170152821,0.842832948338408,"TS_Muscle_tendon cell; TS_Muscle_smooth muscle cell","tendon cell; smooth muscle cell","Cell of skeletal muscle; Smooth muscle cell"
"Downregulated","ANP32E",0.152357052024125,0.81713743914867,"TS_Muscle_endothelial cell of artery; TS_Muscle_mature nk t cell; TS_Muscle_cd4-positive, alpha-beta t cell","endothelial cell of artery; mature nk t cell; cd4-positive, alpha-beta t cell","Endothelial cell; Natural killer cell; T cell"
"Downregulated","ARL5B",0.152357052024125,0.81713743914867,"TS_Muscle_endothelial cell of artery; TS_Muscle_pericyte cell; TS_Muscle_smooth muscle cell; TS_Muscle_endothelial cell of vascular tree; TS_Muscle_capillary endothelial cell; AdultMuscle_Dendritic cell","endothelial cell of artery; pericyte cell; smooth muscle cell; endothelial cell of vascular tree; capillary endothelial cell; Dendritic cell","Endothelial cell; Pericyte cell; Smooth muscle cell; Capillary endothelial cell; Dendritic cell"
"Downregulated","G3BP2",0.152357052024125,0.81713743914867,"TS_Muscle_endothelial cell of artery; TS_Muscle_endothelial cell of vascular tree; TS_Muscle_t cell; TS_Muscle_cd4-positive, alpha-beta t cell","endothelial cell of artery; endothelial cell of vascular tree; t cell; cd4-positive, alpha-beta t cell","Endothelial cell; T cell"
"Downregulated","GTF2A1",0.152357052024125,0.81713743914867,"TS_Muscle_endothelial cell of artery","endothelial cell of artery","Endothelial cell"
"Downregulated","MIB1",0.152357052024125,0.81713743914867,"TS_Muscle_endothelial cell of artery; Fetal_HCA_Muscle_Satellite cells","endothelial cell of artery; Satellite cells","Endothelial cell; Skeletal muscle satellite cell"
"Downregulated","NUDT4",0.152357052024125,0.81713743914867,"TS_Muscle_endothelial cell of artery; TS_Muscle_pericyte cell; TS_Muscle_smooth muscle cell; FetalMuscle_Smooth muscle cell; FetalMuscle_Fetal neuron; Fetal_HCA_Muscle_Smooth muscle cells","endothelial cell of artery; pericyte cell; smooth muscle cell; Smooth muscle cell; Fetal neuron; Smooth muscle cells","Endothelial cell; Pericyte cell; Smooth muscle cell; Neuron"
"Downregulated","PIK3R3",0.152357052024125,0.81713743914867,"TS_Muscle_endothelial cell of artery; TS_Muscle_pericyte cell; TS_Muscle_endothelial cell of vascular tree; TS_Muscle_capillary endothelial cell; Fetal_HCA_Muscle_Vascular endothelial cells","endothelial cell of artery; pericyte cell; endothelial cell of vascular tree; capillary endothelial cell; Vascular endothelial cells","Endothelial cell; Pericyte cell; Capillary endothelial cell"
"Downregulated","PPIC",0.152357052024125,0.81713743914867,"TS_Muscle_endothelial cell of artery; AdultMuscle_Smooth muscle cell; TS_Muscle_endothelial cell of vascular tree; FetalMuscle_Fetal mesenchymal progenitor; TS_Muscle_capillary endothelial cell; FetalMuscle_Fetal stromal cell","endothelial cell of artery; Smooth muscle cell; endothelial cell of vascular tree; Fetal mesenchymal progenitor; capillary endothelial cell; Fetal stromal cell","Endothelial cell; Smooth muscle cell; Mesenchymal stem cell; Capillary endothelial cell; Stromal cell"
"Downregulated","SNCG",0.152357052024125,0.81713743914867,"TS_Muscle_endothelial cell of artery; TS_Muscle_pericyte cell; TS_Muscle_smooth muscle cell; AdultMuscle_Smooth muscle cell; TS_Muscle_endothelial cell of vascular tree; TS_Muscle_capillary endothelial cell; FetalMuscle_Smooth muscle cell; TS_Muscle_endothelial cell of lymphatic vessel; FetalMuscle_Endothelial cell","endothelial cell of artery; pericyte cell; smooth muscle cell; Smooth muscle cell; endothelial cell of vascular tree; capillary endothelial cell; endothelial cell of lymphatic vessel; Endothelial cell","Endothelial cell; Pericyte cell; Smooth muscle cell; Capillary endothelial cell"
"Downregulated","TSPAN17",0.152357052024125,0.81713743914867,"TS_Muscle_endothelial cell of artery; FetalMuscle_Smooth muscle cell; Fetal_HCA_Muscle_Erythroblasts","endothelial cell of artery; Smooth muscle cell; Erythroblasts","Endothelial cell; Smooth muscle cell; Erythroblast"
"Downregulated","C3orf70",0.186728696406264,0.728788934685037,"TS_Muscle_pericyte cell; TS_Muscle_smooth muscle cell; Fetal_HCA_Muscle_Smooth muscle cells","pericyte cell; smooth muscle cell; Smooth muscle cells","Pericyte cell; Smooth muscle cell"
"Downregulated","CDC5L",0.186728696406264,0.728788934685037,"TS_Muscle_pericyte cell; TS_Muscle_smooth muscle cell","pericyte cell; smooth muscle cell","Pericyte cell; Smooth muscle cell"
"Downregulated","DNM1L",0.186728696406264,0.728788934685037,"TS_Muscle_pericyte cell; TS_Muscle_smooth muscle cell","pericyte cell; smooth muscle cell","Pericyte cell; Smooth muscle cell"
"Downregulated","RAB3A",0.186728696406264,0.728788934685037,"TS_Muscle_pericyte cell; FetalMuscle_Erythroid cell","pericyte cell; Erythroid cell","Pericyte cell; Erythroid lineage cell"
"Downregulated","RDH16",0.202233914298248,0.694146012159852,"TS_Muscle_smooth muscle cell","smooth muscle cell","Smooth muscle cell"
"Downregulated","ZDHHC21",0.202233914298248,0.694146012159852,"TS_Muscle_smooth muscle cell","smooth muscle cell","Smooth muscle cell"
"Downregulated","LARP7",0.212546586018529,0.672545866397737,"AdultMuscle_Smooth muscle cell","Smooth muscle cell","Smooth muscle cell"
"Downregulated","ACOT8",0.2125857923619,0.672465763825005,"TS_Muscle_fast muscle cell; TS_Muscle_slow muscle cell","fast muscle cell; slow muscle cell","Cell of skeletal muscle"
"Downregulated","COX10",0.2125857923619,0.672465763825005,"TS_Muscle_fast muscle cell; TS_Muscle_slow muscle cell; FetalMuscle_Dendritic cell","fast muscle cell; slow muscle cell; Dendritic cell","Cell of skeletal muscle; Dendritic cell"
"Downregulated","PTGES2",0.2125857923619,0.672465763825005,"TS_Muscle_fast muscle cell; TS_Muscle_slow muscle cell; AdultMuscle_T cell","fast muscle cell; slow muscle cell; T cell","Cell of skeletal muscle; T cell"
"Downregulated","TMEM182",0.2125857923619,0.672465763825005,"TS_Muscle_fast muscle cell; TS_Muscle_slow muscle cell; Fetal_HCA_Muscle_Skeletal muscle cells","fast muscle cell; slow muscle cell; Skeletal muscle cells","Cell of skeletal muscle"
"Downregulated","ANKRD40",0.240762937819172,0.618410365999885,"TS_Muscle_slow muscle cell","slow muscle cell","Cell of skeletal muscle"
"Downregulated","DDC",0.240762937819172,0.618410365999885,"TS_Muscle_slow muscle cell","slow muscle cell","Cell of skeletal muscle"
"Downregulated","EPHA7",0.246658416607363,0.607904060725782,"TS_Muscle_endothelial cell of vascular tree; FetalMuscle_Fetal stromal cell; Fetal_HCA_Muscle_Stromal cells","endothelial cell of vascular tree; Fetal stromal cell; Stromal cells","Endothelial cell; Stromal cell"
"Downregulated","MPZL3",0.246658416607363,0.607904060725782,"TS_Muscle_endothelial cell of vascular tree; FetalMuscle_Fetal mesenchymal progenitor; TS_Muscle_t cell; TS_Muscle_cd4-positive, alpha-beta t cell; TS_Muscle_cd8-positive, alpha-beta t cell","endothelial cell of vascular tree; Fetal mesenchymal progenitor; t cell; cd4-positive, alpha-beta t cell; cd8-positive, alpha-beta t cell","Endothelial cell; Mesenchymal stem cell; T cell"
"Downregulated","SYT9",0.395653265007376,0.402685246039502,"FetalMuscle_Fetal mesenchymal progenitor; TS_Muscle_endothelial cell of lymphatic vessel; FetalMuscle_Fetal neuron; TS_Muscle_mast cell","Fetal mesenchymal progenitor; endothelial cell of lymphatic vessel; Fetal neuron; mast cell","Mesenchymal stem cell; Endothelial cell; Neuron; Mast cell"
"Downregulated","LYRM7",0.622199466532105,0.206070365587107,"FetalMuscle_Dendritic cell","Dendritic cell","Dendritic cell"
"Downregulated","CYP4F2",0.669498974329863,0.174250083989122,"TS_Muscle_t cell","t cell","T cell"
"Downregulated","FAM169A",0.669498974329863,0.174250083989122,"TS_Muscle_t cell; TS_Muscle_mature nk t cell","t cell; mature nk t cell","T cell; Natural killer cell"
"Downregulated","ABCB7",0.670752770233829,0.173437524999995,"Fetal_HCA_Muscle_Erythroblasts","Erythroblasts","Erythroblast"
"Downregulated","RNGTT",0.685123421511834,0.164231185510132,"Fetal_HCA_Muscle_Satellite cells","Satellite cells","Skeletal muscle satellite cell"
"Downregulated","GNB3",0.7365057091804,0.132823882282404,"FetalMuscle_Fetal skeletal muscle cell","Fetal skeletal muscle cell","Cell of skeletal muscle"
"Downregulated","TTR",0.794393655736019,0.0999642329037136,"TS_Muscle_endothelial cell of lymphatic vessel","endothelial cell of lymphatic vessel","Endothelial cell"
"Downregulated","TMEM19",0.837951036647483,0.0767813574258906,"FetalMuscle_Fetal neuron; FetalMuscle_Fetal epithelial progenitor","Fetal neuron; Fetal epithelial progenitor","Neuron; Epithelial fate stem cell"
"Downregulated","ARMC6",0.902784489686546,0.0444159109383271,"FetalMuscle_Fetal epithelial progenitor","Fetal epithelial progenitor","Epithelial fate stem cell"
"Downregulated","DFFA",0.902784489686546,0.0444159109383271,"FetalMuscle_Fetal epithelial progenitor","Fetal epithelial progenitor","Epithelial fate stem cell"
"Downregulated","PPHLN1",0.902784489686546,0.0444159109383271,"FetalMuscle_Fetal epithelial progenitor","Fetal epithelial progenitor","Epithelial fate stem cell"
"Downregulated","KIF26B",0.933736727133503,0.0297755585352038,"Fetal_HCA_Muscle_Smooth muscle cells; Fetal_HCA_Muscle_Lymphatic endothelial cells","Smooth muscle cells; Lymphatic endothelial cells","Smooth muscle cell; Endothelial cell"
"Downregulated","GC",0.957778718719591,0.0187348169544347,"TS_Muscle_cd4-positive, alpha-beta t cell","cd4-positive, alpha-beta t cell","T cell"
"Upregulated","ABCA9",5.68637445893527e-05,4.2451645445586,"AdultMuscle_Smooth muscle cell; Fetal_HCA_Muscle_Stromal cells; FetalMuscle_Fetal stromal cell; TS_Muscle_mesenchymal stem cell","Smooth muscle cell; Stromal cells; Fetal stromal cell; mesenchymal stem cell","Smooth muscle cell; Stromal cell; Mesenchymal stem cell"
"Upregulated","ABI3BP",5.68637445893527e-05,4.2451645445586,"AdultMuscle_Smooth muscle cell; FetalMuscle_Fetal stromal cell; TS_Muscle_mesenchymal stem cell; FetalMuscle_Fetal mesenchymal progenitor; Fetal_HCA_Muscle_Skeletal muscle cells","Smooth muscle cell; Fetal stromal cell; mesenchymal stem cell; Fetal mesenchymal progenitor; Skeletal muscle cells","Smooth muscle cell; Stromal cell; Mesenchymal stem cell; Cell of skeletal muscle"
"Upregulated","ADAMTSL3",5.68637445893527e-05,4.2451645445586,"AdultMuscle_Smooth muscle cell; Fetal_HCA_Muscle_Stromal cells; FetalMuscle_Fetal stromal cell; TS_Muscle_mesenchymal stem cell; TS_Muscle_tendon cell","Smooth muscle cell; Stromal cells; Fetal stromal cell; mesenchymal stem cell; tendon cell","Smooth muscle cell; Stromal cell; Mesenchymal stem cell; Cell of skeletal muscle"
"Upregulated","APOL1",5.68637445893527e-05,4.2451645445586,"AdultMuscle_Smooth muscle cell; FetalMuscle_Dendritic cell; TS_Muscle_endothelial cell of vascular tree; TS_Muscle_capillary endothelial cell","Smooth muscle cell; Dendritic cell; endothelial cell of vascular tree; capillary endothelial cell","Smooth muscle cell; Dendritic cell; Endothelial cell; Capillary endothelial cell"
"Upregulated","BGN",5.68637445893527e-05,4.2451645445586,"AdultMuscle_Smooth muscle cell; Fetal_HCA_Muscle_Stromal cells; TS_Muscle_mesenchymal stem cell; Fetal_HCA_Muscle_Smooth muscle cells; TS_Muscle_endothelial cell of artery; TS_Muscle_pericyte cell; TS_Muscle_tendon cell; TS_Muscle_smooth muscle cell; FetalMuscle_Fetal mesenchymal progenitor; FetalMuscle_Smooth muscle cell","Smooth muscle cell; Stromal cells; mesenchymal stem cell; Smooth muscle cells; endothelial cell of artery; pericyte cell; tendon cell; smooth muscle cell; Fetal mesenchymal progenitor","Smooth muscle cell; Stromal cell; Mesenchymal stem cell; Endothelial cell; Pericyte cell; Cell of skeletal muscle"
"Upregulated","CFH",5.68637445893527e-05,4.2451645445586,"AdultMuscle_Smooth muscle cell; TS_Muscle_mesenchymal stem cell; TS_Muscle_endothelial cell of lymphatic vessel; Fetal_HCA_Muscle_Satellite cells; TS_Muscle_endothelial cell of artery; TS_Muscle_tendon cell","Smooth muscle cell; mesenchymal stem cell; endothelial cell of lymphatic vessel; Satellite cells; endothelial cell of artery; tendon cell","Smooth muscle cell; Mesenchymal stem cell; Endothelial cell; Skeletal muscle satellite cell; Cell of skeletal muscle"
"Upregulated","COL14A1",5.68637445893527e-05,4.2451645445586,"AdultMuscle_Smooth muscle cell; Fetal_HCA_Muscle_Stromal cells; FetalMuscle_Fetal stromal cell; TS_Muscle_mesenchymal stem cell; Fetal_HCA_Muscle_Schwann cells; FetalMuscle_Fetal neuron; TS_Muscle_tendon cell; TS_Muscle_smooth muscle cell; FetalMuscle_Fetal mesenchymal progenitor","Smooth muscle cell; Stromal cells; Fetal stromal cell; mesenchymal stem cell; Schwann cells; Fetal neuron; tendon cell; smooth muscle cell; Fetal mesenchymal progenitor","Smooth muscle cell; Stromal cell; Mesenchymal stem cell; Schwann cell; Neuron; Cell of skeletal muscle"
"Upregulated","CRISPLD2",5.68637445893527e-05,4.2451645445586,"AdultMuscle_Smooth muscle cell; TS_Muscle_mesenchymal stem cell; Fetal_HCA_Muscle_Smooth muscle cells; TS_Muscle_pericyte cell; FetalMuscle_Smooth muscle cell","Smooth muscle cell; mesenchymal stem cell; Smooth muscle cells; pericyte cell","Smooth muscle cell; Mesenchymal stem cell; Pericyte cell"
"Upregulated","ECM2",5.68637445893527e-05,4.2451645445586,"AdultMuscle_Smooth muscle cell; Fetal_HCA_Muscle_Stromal cells; TS_Muscle_mesenchymal stem cell; Fetal_HCA_Muscle_Smooth muscle cells; TS_Muscle_pericyte cell; TS_Muscle_tendon cell; FetalMuscle_Smooth muscle cell","Smooth muscle cell; Stromal cells; mesenchymal stem cell; Smooth muscle cells; pericyte cell; tendon cell","Smooth muscle cell; Stromal cell; Mesenchymal stem cell; Pericyte cell; Cell of skeletal muscle"
"Upregulated","EFHD1",5.68637445893527e-05,4.2451645445586,"AdultMuscle_Smooth muscle cell; TS_Muscle_mesenchymal stem cell; Fetal_HCA_Muscle_Smooth muscle cells; TS_Muscle_pericyte cell; TS_Muscle_smooth muscle cell; FetalMuscle_Smooth muscle cell","Smooth muscle cell; mesenchymal stem cell; Smooth muscle cells; pericyte cell; smooth muscle cell","Smooth muscle cell; Mesenchymal stem cell; Pericyte cell"
"Upregulated","GALNT16",5.68637445893527e-05,4.2451645445586,"AdultMuscle_Smooth muscle cell; Fetal_HCA_Muscle_Stromal cells; FetalMuscle_Fetal stromal cell; TS_Muscle_mesenchymal stem cell; TS_Muscle_tendon cell","Smooth muscle cell; Stromal cells; Fetal stromal cell; mesenchymal stem cell; tendon cell","Smooth muscle cell; Stromal cell; Mesenchymal stem cell; Cell of skeletal muscle"
"Upregulated","GJA1",5.68637445893527e-05,4.2451645445586,"AdultMuscle_Smooth muscle cell; Fetal_HCA_Muscle_Stromal cells; FetalMuscle_Fetal stromal cell; FetalMuscle_Endothelial cell; Fetal_HCA_Muscle_Lymphatic endothelial cells; TS_Muscle_endothelial cell of vascular tree; TS_Muscle_capillary endothelial cell","Smooth muscle cell; Stromal cells; Fetal stromal cell; Endothelial cell; Lymphatic endothelial cells; endothelial cell of vascular tree; capillary endothelial cell","Smooth muscle cell; Stromal cell; Endothelial cell; Capillary endothelial cell"
"Upregulated","GPC3",5.68637445893527e-05,4.2451645445586,"AdultMuscle_Smooth muscle cell; Fetal_HCA_Muscle_Stromal cells; FetalMuscle_Fetal stromal cell; TS_Muscle_mesenchymal stem cell; Fetal_HCA_Muscle_Satellite cells","Smooth muscle cell; Stromal cells; Fetal stromal cell; mesenchymal stem cell; Satellite cells","Smooth muscle cell; Stromal cell; Mesenchymal stem cell; Skeletal muscle satellite cell"
"Upregulated","GULP1",5.68637445893527e-05,4.2451645445586,"AdultMuscle_Smooth muscle cell; Fetal_HCA_Muscle_Stromal cells; TS_Muscle_mesenchymal stem cell; Fetal_HCA_Muscle_Vascular endothelial cells; Fetal_HCA_Muscle_Schwann cells; FetalMuscle_Fetal neuron","Smooth muscle cell; Stromal cells; mesenchymal stem cell; Vascular endothelial cells; Schwann cells; Fetal neuron","Smooth muscle cell; Stromal cell; Mesenchymal stem cell; Endothelial cell; Schwann cell; Neuron"
"Upregulated","ITGA8",5.68637445893527e-05,4.2451645445586,"AdultMuscle_Smooth muscle cell; Fetal_HCA_Muscle_Schwann cells; Fetal_HCA_Muscle_Satellite cells; TS_Muscle_pericyte cell; TS_Muscle_smooth muscle cell","Smooth muscle cell; Schwann cells; Satellite cells; pericyte cell; smooth muscle cell","Smooth muscle cell; Schwann cell; Skeletal muscle satellite cell; Pericyte cell"
"Upregulated","KCNAB1",5.68637445893527e-05,4.2451645445586,"AdultMuscle_Smooth muscle cell; Fetal_HCA_Muscle_Myeloid cells; Fetal_HCA_Muscle_Smooth muscle cells; TS_Muscle_pericyte cell; TS_Muscle_smooth muscle cell; FetalMuscle_Fetal mesenchymal progenitor; FetalMuscle_Smooth muscle cell","Smooth muscle cell; Myeloid cells; Smooth muscle cells; pericyte cell; smooth muscle cell; Fetal mesenchymal progenitor","Smooth muscle cell; Myeloid cell; Pericyte cell; Mesenchymal stem cell"
"Upregulated","LTBP4",5.68637445893527e-05,4.2451645445586,"AdultMuscle_Smooth muscle cell; Fetal_HCA_Muscle_Stromal cells; FetalMuscle_Fetal stromal cell; TS_Muscle_mesenchymal stem cell; Fetal_HCA_Muscle_Satellite cells; TS_Muscle_endothelial cell of artery; TS_Muscle_tendon cell","Smooth muscle cell; Stromal cells; Fetal stromal cell; mesenchymal stem cell; Satellite cells; endothelial cell of artery; tendon cell","Smooth muscle cell; Stromal cell; Mesenchymal stem cell; Skeletal muscle satellite cell; Endothelial cell; Cell of skeletal muscle"
"Upregulated","MMP2",5.68637445893527e-05,4.2451645445586,"AdultMuscle_Smooth muscle cell; Fetal_HCA_Muscle_Stromal cells; FetalMuscle_Fetal stromal cell; TS_Muscle_mesenchymal stem cell; TS_Muscle_tendon cell","Smooth muscle cell; Stromal cells; Fetal stromal cell; mesenchymal stem cell; tendon cell","Smooth muscle cell; Stromal cell; Mesenchymal stem cell; Cell of skeletal muscle"
"Upregulated","NPNT",5.68637445893527e-05,4.2451645445586,"AdultMuscle_Smooth muscle cell; TS_Muscle_endothelial cell of artery; TS_Muscle_pericyte cell; TS_Muscle_smooth muscle cell; TS_Muscle_skeletal muscle satellite stem cell; FetalMuscle_Fetal skeletal muscle cell; Fetal_HCA_Muscle_Skeletal muscle cells","Smooth muscle cell; endothelial cell of artery; pericyte cell; smooth muscle cell; skeletal muscle satellite stem cell; Fetal skeletal muscle cell; Skeletal muscle cells","Smooth muscle cell; Endothelial cell; Pericyte cell; Skeletal muscle satellite cell; Cell of skeletal muscle"
"Upregulated","OGN",5.68637445893527e-05,4.2451645445586,"AdultMuscle_Smooth muscle cell; Fetal_HCA_Muscle_Stromal cells; FetalMuscle_Fetal stromal cell; TS_Muscle_mesenchymal stem cell; TS_Muscle_tendon cell; TS_Muscle_smooth muscle cell","Smooth muscle cell; Stromal cells; Fetal stromal cell; mesenchymal stem cell; tendon cell; smooth muscle cell","Smooth muscle cell; Stromal cell; Mesenchymal stem cell; Cell of skeletal muscle"
"Upregulated","PDGFRL",5.68637445893527e-05,4.2451645445586,"AdultMuscle_Smooth muscle cell; Fetal_HCA_Muscle_Stromal cells; FetalMuscle_Fetal stromal cell; TS_Muscle_mesenchymal stem cell; TS_Muscle_tendon cell; FetalMuscle_Fetal mesenchymal progenitor","Smooth muscle cell; Stromal cells; Fetal stromal cell; mesenchymal stem cell; tendon cell; Fetal mesenchymal progenitor","Smooth muscle cell; Stromal cell; Mesenchymal stem cell; Cell of skeletal muscle"
"Upregulated","PHLDB2",5.68637445893527e-05,4.2451645445586,"AdultMuscle_Smooth muscle cell; TS_Muscle_mesenchymal stem cell; Fetal_HCA_Muscle_Smooth muscle cells; Fetal_HCA_Muscle_Satellite cells; FetalMuscle_Fetal neuron; TS_Muscle_pericyte cell; TS_Muscle_smooth muscle cell","Smooth muscle cell; mesenchymal stem cell; Smooth muscle cells; Satellite cells; Fetal neuron; pericyte cell; smooth muscle cell","Smooth muscle cell; Mesenchymal stem cell; Skeletal muscle satellite cell; Neuron; Pericyte cell"
"Upregulated","PI16",5.68637445893527e-05,4.2451645445586,"AdultMuscle_Smooth muscle cell; Fetal_HCA_Muscle_Stromal cells; TS_Muscle_mesenchymal stem cell","Smooth muscle cell; Stromal cells; mesenchymal stem cell","Smooth muscle cell; Stromal cell; Mesenchymal stem cell"
"Upregulated","PPL",5.68637445893527e-05,4.2451645445586,"AdultMuscle_Smooth muscle cell; TS_Muscle_mesenchymal stem cell; Fetal_HCA_Muscle_Erythroblasts","Smooth muscle cell; mesenchymal stem cell; Erythroblasts","Smooth muscle cell; Mesenchymal stem cell; Erythroblast"
"Upregulated","SCARA3",5.68637445893527e-05,4.2451645445586,"AdultMuscle_Smooth muscle cell; Fetal_HCA_Muscle_Stromal cells; FetalMuscle_Fetal stromal cell; TS_Muscle_endothelial cell of lymphatic vessel; TS_Muscle_tendon cell; TS_Muscle_smooth muscle cell","Smooth muscle cell; Stromal cells; Fetal stromal cell; endothelial cell of lymphatic vessel; tendon cell; smooth muscle cell","Smooth muscle cell; Stromal cell; Endothelial cell; Cell of skeletal muscle"
"Upregulated","SYNE2",5.68637445893527e-05,4.2451645445586,"AdultMuscle_Smooth muscle cell; Fetal_HCA_Muscle_Vascular endothelial cells; Fetal_HCA_Muscle_Satellite cells; TS_Muscle_endothelial cell of artery; TS_Muscle_pericyte cell; TS_Muscle_endothelial cell of vascular tree; TS_Muscle_t cell; TS_Muscle_capillary endothelial cell; TS_Muscle_mature nk t cell; TS_Muscle_smooth muscle cell; TS_Muscle_cd4-positive, alpha-beta t cell","Smooth muscle cell; Vascular endothelial cells; Satellite cells; endothelial cell of artery; pericyte cell; endothelial cell of vascular tree; t cell; capillary endothelial cell; mature nk t cell; smooth muscle cell; cd4-positive, alpha-beta t cell","Smooth muscle cell; Endothelial cell; Skeletal muscle satellite cell; Pericyte cell; T cell; Capillary endothelial cell; Natural killer cell"
"Upregulated","SYTL2",5.68637445893527e-05,4.2451645445586,"AdultMuscle_Smooth muscle cell; Fetal_HCA_Muscle_Smooth muscle cells; Fetal_HCA_Muscle_Satellite cells; TS_Muscle_pericyte cell; TS_Muscle_t cell; TS_Muscle_mature nk t cell; TS_Muscle_smooth muscle cell; TS_Muscle_cd4-positive, alpha-beta t cell; FetalMuscle_Fetal skeletal muscle cell; FetalMuscle_Smooth muscle cell; TS_Muscle_cd8-positive, alpha-beta t cell","Smooth muscle cell; Smooth muscle cells; Satellite cells; pericyte cell; t cell; mature nk t cell; smooth muscle cell; cd4-positive, alpha-beta t cell; Fetal skeletal muscle cell; cd8-positive, alpha-beta t cell","Smooth muscle cell; Skeletal muscle satellite cell; Pericyte cell; T cell; Natural killer cell; Cell of skeletal muscle"
"Upregulated","TGFBR2",5.68637445893527e-05,4.2451645445586,"AdultMuscle_Smooth muscle cell; Fetal_HCA_Muscle_Stromal cells; FetalMuscle_Fetal stromal cell; TS_Muscle_mesenchymal stem cell; Fetal_HCA_Muscle_Vascular endothelial cells; Fetal_HCA_Muscle_Schwann cells; FetalMuscle_Endothelial cell; FetalMuscle_Fetal neuron; Fetal_HCA_Muscle_Lymphatic endothelial cells; TS_Muscle_endothelial cell of vascular tree","Smooth muscle cell; Stromal cells; Fetal stromal cell; mesenchymal stem cell; Vascular endothelial cells; Schwann cells; Endothelial cell; Fetal neuron; Lymphatic endothelial cells; endothelial cell of vascular tree","Smooth muscle cell; Stromal cell; Mesenchymal stem cell; Endothelial cell; Schwann cell; Neuron"
"Upregulated","TLN2",5.68637445893527e-05,4.2451645445586,"AdultMuscle_Smooth muscle cell; TS_Muscle_mesenchymal stem cell; Fetal_HCA_Muscle_Satellite cells; TS_Muscle_skeletal muscle satellite stem cell","Smooth muscle cell; mesenchymal stem cell; Satellite cells; skeletal muscle satellite stem cell","Smooth muscle cell; Mesenchymal stem cell; Skeletal muscle satellite cell"
"Upregulated","TMEM47",5.68637445893527e-05,4.2451645445586,"AdultMuscle_Smooth muscle cell; TS_Muscle_endothelial cell of artery; TS_Muscle_pericyte cell; TS_Muscle_capillary endothelial cell; TS_Muscle_smooth muscle cell; TS_Muscle_skeletal muscle satellite stem cell; FetalMuscle_Fetal skeletal muscle cell; Fetal_HCA_Muscle_Skeletal muscle cells","Smooth muscle cell; endothelial cell of artery; pericyte cell; capillary endothelial cell; smooth muscle cell; skeletal muscle satellite stem cell; Fetal skeletal muscle cell; Skeletal muscle cells","Smooth muscle cell; Endothelial cell; Pericyte cell; Capillary endothelial cell; Skeletal muscle satellite cell; Cell of skeletal muscle"
"Upregulated","VIT",5.68637445893527e-05,4.2451645445586,"AdultMuscle_Smooth muscle cell; Fetal_HCA_Muscle_Stromal cells; TS_Muscle_mesenchymal stem cell; FetalMuscle_Fetal epithelial progenitor","Smooth muscle cell; Stromal cells; mesenchymal stem cell; Fetal epithelial progenitor","Smooth muscle cell; Stromal cell; Mesenchymal stem cell; Epithelial fate stem cell"
"Upregulated","VWF",5.68637445893527e-05,4.2451645445586,"AdultMuscle_Smooth muscle cell; Fetal_HCA_Muscle_Vascular endothelial cells; TS_Muscle_endothelial cell of lymphatic vessel; FetalMuscle_Endothelial cell; Fetal_HCA_Muscle_Lymphatic endothelial cells; TS_Muscle_endothelial cell of artery; TS_Muscle_pericyte cell; TS_Muscle_endothelial cell of vascular tree; TS_Muscle_capillary endothelial cell","Smooth muscle cell; Vascular endothelial cells; endothelial cell of lymphatic vessel; Endothelial cell; Lymphatic endothelial cells; endothelial cell of artery; pericyte cell; endothelial cell of vascular tree; capillary endothelial cell","Smooth muscle cell; Endothelial cell; Pericyte cell; Capillary endothelial cell"
"Upregulated","ABCA6",0.00015657134123014,3.80528772813135,"Fetal_HCA_Muscle_Stromal cells; FetalMuscle_Fetal stromal cell; TS_Muscle_mesenchymal stem cell","Stromal cells; Fetal stromal cell; mesenchymal stem cell","Stromal cell; Mesenchymal stem cell"
"Upregulated","B4GALT1",0.00015657134123014,3.80528772813135,"Fetal_HCA_Muscle_Stromal cells; FetalMuscle_Fetal stromal cell; TS_Muscle_mesenchymal stem cell; TS_Muscle_macrophage; TS_Muscle_mature nk t cell","Stromal cells; Fetal stromal cell; mesenchymal stem cell; macrophage; mature nk t cell","Stromal cell; Mesenchymal stem cell; Macrophage; Natural killer cell"
"Upregulated","CDH11",0.00015657134123014,3.80528772813135,"Fetal_HCA_Muscle_Stromal cells; FetalMuscle_Fetal stromal cell; TS_Muscle_mesenchymal stem cell; Fetal_HCA_Muscle_Smooth muscle cells; TS_Muscle_tendon cell","Stromal cells; Fetal stromal cell; mesenchymal stem cell; Smooth muscle cells; tendon cell","Stromal cell; Mesenchymal stem cell; Smooth muscle cell; Cell of skeletal muscle"
"Upregulated","CLEC11A",0.00015657134123014,3.80528772813135,"Fetal_HCA_Muscle_Stromal cells; TS_Muscle_pericyte cell; FetalMuscle_Smooth muscle cell","Stromal cells; pericyte cell; Smooth muscle cell","Stromal cell; Pericyte cell; Smooth muscle cell"
"Upregulated","CLEC3B",0.00015657134123014,3.80528772813135,"Fetal_HCA_Muscle_Stromal cells; Fetal_HCA_Muscle_Vascular endothelial cells; TS_Muscle_endothelial cell of artery; TS_Muscle_capillary endothelial cell","Stromal cells; Vascular endothelial cells; endothelial cell of artery; capillary endothelial cell","Stromal cell; Endothelial cell; Capillary endothelial cell"
"Upregulated","CNTFR",0.00015657134123014,3.80528772813135,"Fetal_HCA_Muscle_Stromal cells; FetalMuscle_Fetal stromal cell; TS_Muscle_mesenchymal stem cell; TS_Muscle_fast muscle cell","Stromal cells; Fetal stromal cell; mesenchymal stem cell; fast muscle cell","Stromal cell; Mesenchymal stem cell; Cell of skeletal muscle"
"Upregulated","COL6A6",0.00015657134123014,3.80528772813135,"Fetal_HCA_Muscle_Stromal cells; FetalMuscle_Fetal stromal cell; TS_Muscle_mesenchymal stem cell","Stromal cells; Fetal stromal cell; mesenchymal stem cell","Stromal cell; Mesenchymal stem cell"
"Upregulated","FAM171B",0.00015657134123014,3.80528772813135,"Fetal_HCA_Muscle_Stromal cells; FetalMuscle_Fetal stromal cell; TS_Muscle_mesenchymal stem cell; TS_Muscle_endothelial cell of lymphatic vessel","Stromal cells; Fetal stromal cell; mesenchymal stem cell; endothelial cell of lymphatic vessel","Stromal cell; Mesenchymal stem cell; Endothelial cell"
"Upregulated","FNDC1",0.00015657134123014,3.80528772813135,"Fetal_HCA_Muscle_Stromal cells; FetalMuscle_Fetal stromal cell; TS_Muscle_mesenchymal stem cell; TS_Muscle_tendon cell","Stromal cells; Fetal stromal cell; mesenchymal stem cell; tendon cell","Stromal cell; Mesenchymal stem cell; Cell of skeletal muscle"
"Upregulated","GPX8",0.00015657134123014,3.80528772813135,"Fetal_HCA_Muscle_Stromal cells; FetalMuscle_Fetal stromal cell; TS_Muscle_mesenchymal stem cell; TS_Muscle_tendon cell; FetalMuscle_Fetal mesenchymal progenitor","Stromal cells; Fetal stromal cell; mesenchymal stem cell; tendon cell; Fetal mesenchymal progenitor","Stromal cell; Mesenchymal stem cell; Cell of skeletal muscle"
"Upregulated","INHBA",0.00015657134123014,3.80528772813135,"Fetal_HCA_Muscle_Stromal cells; FetalMuscle_Fetal stromal cell; Fetal_HCA_Muscle_Smooth muscle cells; TS_Muscle_macrophage; TS_Muscle_tendon cell; TS_Muscle_smooth muscle cell","Stromal cells; Fetal stromal cell; Smooth muscle cells; macrophage; tendon cell; smooth muscle cell","Stromal cell; Smooth muscle cell; Macrophage; Cell of skeletal muscle"
"Upregulated","LEPR",0.00015657134123014,3.80528772813135,"Fetal_HCA_Muscle_Stromal cells; TS_Muscle_endothelial cell of artery; TS_Muscle_tendon cell; TS_Muscle_skeletal muscle satellite stem cell","Stromal cells; endothelial cell of artery; tendon cell; skeletal muscle satellite stem cell","Stromal cell; Endothelial cell; Cell of skeletal muscle; Skeletal muscle satellite cell"
"Upregulated","MYOF",0.00015657134123014,3.80528772813135,"Fetal_HCA_Muscle_Stromal cells; FetalMuscle_Fetal stromal cell; Fetal_HCA_Muscle_Smooth muscle cells; TS_Muscle_endothelial cell of artery; TS_Muscle_endothelial cell of vascular tree","Stromal cells; Fetal stromal cell; Smooth muscle cells; endothelial cell of artery; endothelial cell of vascular tree","Stromal cell; Smooth muscle cell; Endothelial cell"
"Upregulated","PHACTR1",0.00015657134123014,3.80528772813135,"Fetal_HCA_Muscle_Stromal cells; AdultMuscle_Dendritic cell; FetalMuscle_Dendritic cell; FetalMuscle_Fetal neuron; TS_Muscle_macrophage; TS_Muscle_capillary endothelial cell; TS_Muscle_smooth muscle cell; TS_Muscle_mast cell","Stromal cells; Dendritic cell; Fetal neuron; macrophage; capillary endothelial cell; smooth muscle cell; mast cell","Stromal cell; Dendritic cell; Neuron; Macrophage; Capillary endothelial cell; Smooth muscle cell; Mast cell"
"Upregulated","PLP1",0.00015657134123014,3.80528772813135,"Fetal_HCA_Muscle_Stromal cells; FetalMuscle_Fetal stromal cell; Fetal_HCA_Muscle_Schwann cells; FetalMuscle_Fetal neuron; TS_Muscle_tendon cell","Stromal cells; Fetal stromal cell; Schwann cells; Fetal neuron; tendon cell","Stromal cell; Schwann cell; Neuron; Cell of skeletal muscle"
"Upregulated","RNF24",0.00015657134123014,3.80528772813135,"Fetal_HCA_Muscle_Stromal cells; FetalMuscle_Fetal stromal cell; TS_Muscle_mesenchymal stem cell; Fetal_HCA_Muscle_Smooth muscle cells; TS_Muscle_tendon cell","Stromal cells; Fetal stromal cell; mesenchymal stem cell; Smooth muscle cells; tendon cell","Stromal cell; Mesenchymal stem cell; Smooth muscle cell; Cell of skeletal muscle"
"Upregulated","SLC6A2",0.00015657134123014,3.80528772813135,"Fetal_HCA_Muscle_Stromal cells","Stromal cells","Stromal cell"
"Upregulated","TBC1D2B",0.00015657134123014,3.80528772813135,"Fetal_HCA_Muscle_Stromal cells; TS_Muscle_mesenchymal stem cell","Stromal cells; mesenchymal stem cell","Stromal cell; Mesenchymal stem cell"
"Upregulated","TGFBI",0.00015657134123014,3.80528772813135,"Fetal_HCA_Muscle_Stromal cells; FetalMuscle_Fetal stromal cell; AdultMuscle_Dendritic cell; AdultMuscle_Macrophage; Fetal_HCA_Muscle_Smooth muscle cells; TS_Muscle_macrophage; TS_Muscle_skeletal muscle satellite stem cell","Stromal cells; Fetal stromal cell; Dendritic cell; Macrophage; Smooth muscle cells; macrophage; skeletal muscle satellite stem cell","Stromal cell; Dendritic cell; Macrophage; Smooth muscle cell; Skeletal muscle satellite cell"
"Upregulated","TMEFF2",0.00015657134123014,3.80528772813135,"Fetal_HCA_Muscle_Stromal cells; FetalMuscle_Fetal stromal cell; Fetal_HCA_Muscle_Satellite cells; TS_Muscle_skeletal muscle satellite stem cell","Stromal cells; Fetal stromal cell; Satellite cells; skeletal muscle satellite stem cell","Stromal cell; Skeletal muscle satellite cell"
"Upregulated","AFF3",0.00340505174133032,2.46787628439627,"Fetal_HCA_Muscle_Myeloid cells; TS_Muscle_mesenchymal stem cell; Fetal_HCA_Muscle_Lymphoid cells; Fetal_HCA_Muscle_Smooth muscle cells; FetalMuscle_Dendritic cell; TS_Muscle_tendon cell; TS_Muscle_smooth muscle cell","Myeloid cells; mesenchymal stem cell; Lymphoid cells; Smooth muscle cells; Dendritic cell; tendon cell; smooth muscle cell","Myeloid cell; Mesenchymal stem cell; Innate lymphoid cell; Smooth muscle cell; Dendritic cell; Cell of skeletal muscle"
"Upregulated","AOAH",0.00340505174133032,2.46787628439627,"Fetal_HCA_Muscle_Myeloid cells; AdultMuscle_Dendritic cell; FetalMuscle_Macrophage; Fetal_HCA_Muscle_Lymphoid cells; FetalMuscle_Dendritic cell; Fetal_HCA_Muscle_Lymphatic endothelial cells; TS_Muscle_macrophage; TS_Muscle_t cell; TS_Muscle_mature nk t cell; TS_Muscle_cd4-positive, alpha-beta t cell; TS_Muscle_cd8-positive, alpha-beta t cell","Myeloid cells; Dendritic cell; Macrophage; Lymphoid cells; Lymphatic endothelial cells; macrophage; t cell; mature nk t cell; cd4-positive, alpha-beta t cell; cd8-positive, alpha-beta t cell","Myeloid cell; Dendritic cell; Macrophage; Innate lymphoid cell; Endothelial cell; T cell; Natural killer cell"
"Upregulated","APPL2",0.00340505174133032,2.46787628439627,"Fetal_HCA_Muscle_Myeloid cells; TS_Muscle_mesenchymal stem cell; FetalMuscle_Fetal epithelial progenitor","Myeloid cells; mesenchymal stem cell; Fetal epithelial progenitor","Myeloid cell; Mesenchymal stem cell; Epithelial fate stem cell"
"Upregulated","C1QA",0.00340505174133032,2.46787628439627,"Fetal_HCA_Muscle_Myeloid cells; AdultMuscle_Dendritic cell; FetalMuscle_Macrophage; AdultMuscle_Macrophage; TS_Muscle_macrophage","Myeloid cells; Dendritic cell; Macrophage; macrophage","Myeloid cell; Dendritic cell; Macrophage"
"Upregulated","C1QC",0.00340505174133032,2.46787628439627,"Fetal_HCA_Muscle_Myeloid cells; AdultMuscle_Dendritic cell; FetalMuscle_Macrophage; AdultMuscle_Macrophage; TS_Muscle_macrophage; Fetal_HCA_Muscle_Erythroblasts","Myeloid cells; Dendritic cell; Macrophage; macrophage; Erythroblasts","Myeloid cell; Dendritic cell; Macrophage; Erythroblast"
"Upregulated","CD14",0.00340505174133032,2.46787628439627,"Fetal_HCA_Muscle_Myeloid cells; AdultMuscle_Dendritic cell; FetalMuscle_Macrophage; AdultMuscle_Macrophage; FetalMuscle_Dendritic cell; TS_Muscle_macrophage; FetalMuscle_Fetal epithelial progenitor","Myeloid cells; Dendritic cell; Macrophage; macrophage; Fetal epithelial progenitor","Myeloid cell; Dendritic cell; Macrophage; Epithelial fate stem cell"
"Upregulated","CD163",0.00340505174133032,2.46787628439627,"Fetal_HCA_Muscle_Myeloid cells; AdultMuscle_Dendritic cell; FetalMuscle_Macrophage; AdultMuscle_Macrophage; TS_Muscle_macrophage","Myeloid cells; Dendritic cell; Macrophage; macrophage","Myeloid cell; Dendritic cell; Macrophage"
"Upregulated","CDC14A",0.00340505174133032,2.46787628439627,"Fetal_HCA_Muscle_Myeloid cells; Fetal_HCA_Muscle_Lymphoid cells; TS_Muscle_t cell; TS_Muscle_capillary endothelial cell; TS_Muscle_cd4-positive, alpha-beta t cell","Myeloid cells; Lymphoid cells; t cell; capillary endothelial cell; cd4-positive, alpha-beta t cell","Myeloid cell; Innate lymphoid cell; T cell; Capillary endothelial cell"
"Upregulated","CSF1R",0.00340505174133032,2.46787628439627,"Fetal_HCA_Muscle_Myeloid cells; AdultMuscle_Dendritic cell; FetalMuscle_Macrophage; AdultMuscle_Macrophage; FetalMuscle_Dendritic cell; TS_Muscle_macrophage","Myeloid cells; Dendritic cell; Macrophage; macrophage","Myeloid cell; Dendritic cell; Macrophage"
"Upregulated","CSF3R",0.00340505174133032,2.46787628439627,"Fetal_HCA_Muscle_Myeloid cells; AdultMuscle_Dendritic cell; FetalMuscle_Macrophage; AdultMuscle_Macrophage; FetalMuscle_Dendritic cell; TS_Muscle_macrophage","Myeloid cells; Dendritic cell; Macrophage; macrophage","Myeloid cell; Dendritic cell; Macrophage"
"Upregulated","CX3CR1",0.00340505174133032,2.46787628439627,"Fetal_HCA_Muscle_Myeloid cells; FetalMuscle_Macrophage; Fetal_HCA_Muscle_Lymphoid cells; FetalMuscle_Dendritic cell; TS_Muscle_pericyte cell; TS_Muscle_t cell; TS_Muscle_mature nk t cell; TS_Muscle_smooth muscle cell; FetalMuscle_Fetal epithelial progenitor; FetalMuscle_Erythroid cell","Myeloid cells; Macrophage; Lymphoid cells; Dendritic cell; pericyte cell; t cell; mature nk t cell; smooth muscle cell; Fetal epithelial progenitor; Erythroid cell","Myeloid cell; Macrophage; Innate lymphoid cell; Dendritic cell; Pericyte cell; T cell; Natural killer cell; Smooth muscle cell; Epithelial fate stem cell; Erythroid lineage cell"
"Upregulated","F13A1",0.00340505174133032,2.46787628439627,"Fetal_HCA_Muscle_Myeloid cells; AdultMuscle_Dendritic cell; FetalMuscle_Macrophage; AdultMuscle_Macrophage; TS_Muscle_macrophage","Myeloid cells; Dendritic cell; Macrophage; macrophage","Myeloid cell; Dendritic cell; Macrophage"
"Upregulated","FNBP1",0.00340505174133032,2.46787628439627,"Fetal_HCA_Muscle_Myeloid cells; Fetal_HCA_Muscle_Lymphoid cells; Fetal_HCA_Muscle_Smooth muscle cells; TS_Muscle_endothelial cell of artery; TS_Muscle_macrophage; TS_Muscle_t cell; TS_Muscle_mature nk t cell; TS_Muscle_cd4-positive, alpha-beta t cell; TS_Muscle_cd8-positive, alpha-beta t cell","Myeloid cells; Lymphoid cells; Smooth muscle cells; endothelial cell of artery; macrophage; t cell; mature nk t cell; cd4-positive, alpha-beta t cell; cd8-positive, alpha-beta t cell","Myeloid cell; Innate lymphoid cell; Smooth muscle cell; Endothelial cell; Macrophage; T cell; Natural killer cell"
"Upregulated","IFI16",0.00340505174133032,2.46787628439627,"Fetal_HCA_Muscle_Myeloid cells; TS_Muscle_mesenchymal stem cell; Fetal_HCA_Muscle_Vascular endothelial cells; FetalMuscle_Macrophage; Fetal_HCA_Muscle_Lymphoid cells; Fetal_HCA_Muscle_Smooth muscle cells; FetalMuscle_Endothelial cell; FetalMuscle_Dendritic cell; TS_Muscle_endothelial cell of vascular tree; FetalMuscle_Smooth muscle cell","Myeloid cells; mesenchymal stem cell; Vascular endothelial cells; Macrophage; Lymphoid cells; Smooth muscle cells; Endothelial cell; Dendritic cell; endothelial cell of vascular tree; Smooth muscle cell","Myeloid cell; Mesenchymal stem cell; Endothelial cell; Macrophage; Innate lymphoid cell; Smooth muscle cell; Dendritic cell"
"Upregulated","JAK3",0.00340505174133032,2.46787628439627,"Fetal_HCA_Muscle_Myeloid cells; FetalMuscle_Macrophage; Fetal_HCA_Muscle_Lymphoid cells; TS_Muscle_macrophage; TS_Muscle_endothelial cell of vascular tree; TS_Muscle_t cell; TS_Muscle_mature nk t cell; TS_Muscle_cd4-positive, alpha-beta t cell; AdultMuscle_T cell; TS_Muscle_cd8-positive, alpha-beta t cell","Myeloid cells; Macrophage; Lymphoid cells; macrophage; endothelial cell of vascular tree; t cell; mature nk t cell; cd4-positive, alpha-beta t cell; T cell; cd8-positive, alpha-beta t cell","Myeloid cell; Macrophage; Innate lymphoid cell; Endothelial cell; T cell; Natural killer cell"
"Upregulated","LAIR1",0.00340505174133032,2.46787628439627,"Fetal_HCA_Muscle_Myeloid cells; AdultMuscle_Dendritic cell; FetalMuscle_Macrophage; AdultMuscle_Macrophage; TS_Muscle_macrophage; TS_Muscle_mature nk t cell; TS_Muscle_mast cell; FetalMuscle_Erythroid cell","Myeloid cells; Dendritic cell; Macrophage; macrophage; mature nk t cell; mast cell; Erythroid cell","Myeloid cell; Dendritic cell; Macrophage; Natural killer cell; Mast cell; Erythroid lineage cell"
"Upregulated","LOXL3",0.00340505174133032,2.46787628439627,"Fetal_HCA_Muscle_Myeloid cells; Fetal_HCA_Muscle_Schwann cells; FetalMuscle_Fetal neuron; TS_Muscle_macrophage; TS_Muscle_smooth muscle cell; FetalMuscle_Smooth muscle cell","Myeloid cells; Schwann cells; Fetal neuron; macrophage; smooth muscle cell; Smooth muscle cell","Myeloid cell; Schwann cell; Neuron; Macrophage; Smooth muscle cell"
"Upregulated","MAML3",0.00340505174133032,2.46787628439627,"Fetal_HCA_Muscle_Myeloid cells; Fetal_HCA_Muscle_Vascular endothelial cells; Fetal_HCA_Muscle_Schwann cells; FetalMuscle_Fetal neuron; TS_Muscle_macrophage; TS_Muscle_pericyte cell; TS_Muscle_capillary endothelial cell; TS_Muscle_smooth muscle cell; TS_Muscle_mast cell; FetalMuscle_Fetal epithelial progenitor","Myeloid cells; Vascular endothelial cells; Schwann cells; Fetal neuron; macrophage; pericyte cell; capillary endothelial cell; smooth muscle cell; mast cell; Fetal epithelial progenitor","Myeloid cell; Endothelial cell; Schwann cell; Neuron; Macrophage; Pericyte cell; Capillary endothelial cell; Smooth muscle cell; Mast cell; Epithelial fate stem cell"
"Upregulated","P2RX7",0.00340505174133032,2.46787628439627,"Fetal_HCA_Muscle_Myeloid cells; FetalMuscle_Macrophage; Fetal_HCA_Muscle_Schwann cells; FetalMuscle_Dendritic cell; FetalMuscle_Fetal neuron; TS_Muscle_macrophage; TS_Muscle_tendon cell","Myeloid cells; Macrophage; Schwann cells; Dendritic cell; Fetal neuron; macrophage; tendon cell","Myeloid cell; Macrophage; Schwann cell; Dendritic cell; Neuron; Cell of skeletal muscle"
"Upregulated","RNF213",0.00340505174133032,2.46787628439627,"Fetal_HCA_Muscle_Myeloid cells; Fetal_HCA_Muscle_Lymphoid cells","Myeloid cells; Lymphoid cells","Myeloid cell; Innate lymphoid cell"
"Upregulated","SAMHD1",0.00340505174133032,2.46787628439627,"Fetal_HCA_Muscle_Myeloid cells; TS_Muscle_mesenchymal stem cell; AdultMuscle_Dendritic cell; FetalMuscle_Macrophage; AdultMuscle_Macrophage; Fetal_HCA_Muscle_Lymphoid cells; Fetal_HCA_Muscle_Schwann cells; FetalMuscle_Dendritic cell; FetalMuscle_Fetal neuron","Myeloid cells; mesenchymal stem cell; Dendritic cell; Macrophage; Lymphoid cells; Schwann cells; Fetal neuron","Myeloid cell; Mesenchymal stem cell; Dendritic cell; Macrophage; Innate lymphoid cell; Schwann cell; Neuron"
"Upregulated","SIGLEC1",0.00340505174133032,2.46787628439627,"Fetal_HCA_Muscle_Myeloid cells; AdultMuscle_Dendritic cell; FetalMuscle_Macrophage; AdultMuscle_Macrophage; TS_Muscle_macrophage; AdultMuscle_T cell","Myeloid cells; Dendritic cell; Macrophage; macrophage; T cell","Myeloid cell; Dendritic cell; Macrophage; T cell"
"Upregulated","STAB1",0.00340505174133032,2.46787628439627,"Fetal_HCA_Muscle_Myeloid cells; AdultMuscle_Dendritic cell; FetalMuscle_Macrophage; AdultMuscle_Macrophage; Fetal_HCA_Muscle_Lymphatic endothelial cells; TS_Muscle_macrophage; TS_Muscle_endothelial cell of vascular tree","Myeloid cells; Dendritic cell; Macrophage; Lymphatic endothelial cells; macrophage; endothelial cell of vascular tree","Myeloid cell; Dendritic cell; Macrophage; Endothelial cell"
"Upregulated","SUSD1",0.00340505174133032,2.46787628439627,"Fetal_HCA_Muscle_Myeloid cells; TS_Muscle_mesenchymal stem cell","Myeloid cells; mesenchymal stem cell","Myeloid cell; Mesenchymal stem cell"
"Upregulated","NUMBL",0.00531564199140089,2.27444427648679,"FetalMuscle_Fetal stromal cell; TS_Muscle_mesenchymal stem cell; TS_Muscle_tendon cell; TS_Muscle_skeletal muscle satellite stem cell","Fetal stromal cell; mesenchymal stem cell; tendon cell; skeletal muscle satellite stem cell","Stromal cell; Mesenchymal stem cell; Cell of skeletal muscle; Skeletal muscle satellite cell"
"Upregulated","PENK",0.00531564199140089,2.27444427648679,"FetalMuscle_Fetal stromal cell","Fetal stromal cell","Stromal cell"
"Upregulated","ACSM3",0.00745609324313457,2.12748866949452,"TS_Muscle_mesenchymal stem cell; FetalMuscle_Fetal mesenchymal progenitor","mesenchymal stem cell; Fetal mesenchymal progenitor","Mesenchymal stem cell"
"Upregulated","APOL3",0.00745609324313457,2.12748866949452,"TS_Muscle_mesenchymal stem cell; Fetal_HCA_Muscle_Vascular endothelial cells; Fetal_HCA_Muscle_Lymphoid cells; FetalMuscle_Endothelial cell; FetalMuscle_Dendritic cell; Fetal_HCA_Muscle_Lymphatic endothelial cells; TS_Muscle_endothelial cell of artery; TS_Muscle_capillary endothelial cell; Fetal_HCA_Muscle_Erythroblasts","mesenchymal stem cell; Vascular endothelial cells; Lymphoid cells; Endothelial cell; Dendritic cell; Lymphatic endothelial cells; endothelial cell of artery; capillary endothelial cell; Erythroblasts","Mesenchymal stem cell; Endothelial cell; Innate lymphoid cell; Dendritic cell; Capillary endothelial cell; Erythroblast"
"Upregulated","APOL4",0.00745609324313457,2.12748866949452,"TS_Muscle_mesenchymal stem cell; FetalMuscle_Fetal skeletal muscle cell","mesenchymal stem cell; Fetal skeletal muscle cell","Mesenchymal stem cell; Cell of skeletal muscle"
"Upregulated","ASAP2",0.00745609324313457,2.12748866949452,"TS_Muscle_mesenchymal stem cell; Fetal_HCA_Muscle_Vascular endothelial cells; Fetal_HCA_Muscle_Smooth muscle cells; TS_Muscle_endothelial cell of artery; TS_Muscle_pericyte cell","mesenchymal stem cell; Vascular endothelial cells; Smooth muscle cells; endothelial cell of artery; pericyte cell","Mesenchymal stem cell; Endothelial cell; Smooth muscle cell; Pericyte cell"
"Upregulated","FBXL20",0.00745609324313457,2.12748866949452,"TS_Muscle_mesenchymal stem cell","mesenchymal stem cell","Mesenchymal stem cell"
"Upregulated","GALNT15",0.00745609324313457,2.12748866949452,"TS_Muscle_mesenchymal stem cell; Fetal_HCA_Muscle_Vascular endothelial cells","mesenchymal stem cell; Vascular endothelial cells","Mesenchymal stem cell; Endothelial cell"
"Upregulated","IKZF4",0.00745609324313457,2.12748866949452,"TS_Muscle_mesenchymal stem cell","mesenchymal stem cell","Mesenchymal stem cell"
"Upregulated","KCNA2",0.00745609324313457,2.12748866949452,"TS_Muscle_mesenchymal stem cell","mesenchymal stem cell","Mesenchymal stem cell"
"Upregulated","PKD1",0.00745609324313457,2.12748866949452,"TS_Muscle_mesenchymal stem cell; TS_Muscle_tendon cell","mesenchymal stem cell; tendon cell","Mesenchymal stem cell; Cell of skeletal muscle"
"Upregulated","PTPN13",0.00745609324313457,2.12748866949452,"TS_Muscle_mesenchymal stem cell; Fetal_HCA_Muscle_Schwann cells; Fetal_HCA_Muscle_Smooth muscle cells; FetalMuscle_Fetal mesenchymal progenitor","mesenchymal stem cell; Schwann cells; Smooth muscle cells; Fetal mesenchymal progenitor","Mesenchymal stem cell; Schwann cell; Smooth muscle cell"
"Upregulated","RGS2",0.00745609324313457,2.12748866949452,"TS_Muscle_mesenchymal stem cell; AdultMuscle_Dendritic cell; FetalMuscle_Macrophage; FetalMuscle_Dendritic cell; TS_Muscle_macrophage; TS_Muscle_mature nk t cell; TS_Muscle_mast cell; FetalMuscle_Fetal skeletal muscle cell; AdultMuscle_T cell; Fetal_HCA_Muscle_Skeletal muscle cells","mesenchymal stem cell; Dendritic cell; Macrophage; macrophage; mature nk t cell; mast cell; Fetal skeletal muscle cell; T cell; Skeletal muscle cells","Mesenchymal stem cell; Dendritic cell; Macrophage; Natural killer cell; Mast cell; Cell of skeletal muscle; T cell"
"Upregulated","SDK1",0.00745609324313457,2.12748866949452,"TS_Muscle_mesenchymal stem cell; Fetal_HCA_Muscle_Schwann cells; Fetal_HCA_Muscle_Satellite cells","mesenchymal stem cell; Schwann cells; Satellite cells","Mesenchymal stem cell; Schwann cell; Skeletal muscle satellite cell"
"Upregulated","SLC43A3",0.00745609324313457,2.12748866949452,"TS_Muscle_mesenchymal stem cell; Fetal_HCA_Muscle_Smooth muscle cells; Fetal_HCA_Muscle_Lymphatic endothelial cells; TS_Muscle_macrophage; Fetal_HCA_Muscle_Erythroblasts","mesenchymal stem cell; Smooth muscle cells; Lymphatic endothelial cells; macrophage; Erythroblasts","Mesenchymal stem cell; Smooth muscle cell; Endothelial cell; Macrophage; Erythroblast"
"Upregulated","SYNE3",0.00745609324313457,2.12748866949452,"TS_Muscle_mesenchymal stem cell","mesenchymal stem cell","Mesenchymal stem cell"
"Upregulated","TBC1D4",0.00745609324313457,2.12748866949452,"TS_Muscle_mesenchymal stem cell","mesenchymal stem cell","Mesenchymal stem cell"
"Upregulated","TNFSF10",0.00745609324313457,2.12748866949452,"TS_Muscle_mesenchymal stem cell; Fetal_HCA_Muscle_Vascular endothelial cells; Fetal_HCA_Muscle_Lymphoid cells; FetalMuscle_Endothelial cell; Fetal_HCA_Muscle_Lymphatic endothelial cells; TS_Muscle_endothelial cell of artery; TS_Muscle_endothelial cell of vascular tree; TS_Muscle_capillary endothelial cell","mesenchymal stem cell; Vascular endothelial cells; Lymphoid cells; Endothelial cell; Lymphatic endothelial cells; endothelial cell of artery; endothelial cell of vascular tree; capillary endothelial cell","Mesenchymal stem cell; Endothelial cell; Innate lymphoid cell; Capillary endothelial cell"
"Upregulated","ZNF217",0.00745609324313457,2.12748866949452,"TS_Muscle_mesenchymal stem cell; FetalMuscle_Macrophage; Fetal_HCA_Muscle_Lymphoid cells","mesenchymal stem cell; Macrophage; Lymphoid cells","Mesenchymal stem cell; Macrophage; Innate lymphoid cell"
"Upregulated","ACE",0.010482729780557,1.97952560912146,"Fetal_HCA_Muscle_Vascular endothelial cells; FetalMuscle_Endothelial cell; TS_Muscle_endothelial cell of artery; TS_Muscle_capillary endothelial cell","Vascular endothelial cells; Endothelial cell; endothelial cell of artery; capillary endothelial cell","Endothelial cell; Capillary endothelial cell"
"Upregulated","HID1",0.010482729780557,1.97952560912146,"Fetal_HCA_Muscle_Vascular endothelial cells; TS_Muscle_endothelial cell of lymphatic vessel; FetalMuscle_Endothelial cell; Fetal_HCA_Muscle_Lymphatic endothelial cells; TS_Muscle_endothelial cell of artery; TS_Muscle_endothelial cell of vascular tree; TS_Muscle_capillary endothelial cell","Vascular endothelial cells; endothelial cell of lymphatic vessel; Endothelial cell; Lymphatic endothelial cells; endothelial cell of artery; endothelial cell of vascular tree; capillary endothelial cell","Endothelial cell; Capillary endothelial cell"
"Upregulated","HLA-A",0.010482729780557,1.97952560912146,"Fetal_HCA_Muscle_Vascular endothelial cells; AdultMuscle_Macrophage; Fetal_HCA_Muscle_Lymphoid cells; FetalMuscle_Endothelial cell; FetalMuscle_Dendritic cell; Fetal_HCA_Muscle_Lymphatic endothelial cells; TS_Muscle_endothelial cell of artery; TS_Muscle_endothelial cell of vascular tree; TS_Muscle_t cell; TS_Muscle_capillary endothelial cell; TS_Muscle_mature nk t cell; TS_Muscle_cd4-positive, alpha-beta t cell","Vascular endothelial cells; Macrophage; Lymphoid cells; Endothelial cell; Dendritic cell; Lymphatic endothelial cells; endothelial cell of artery; endothelial cell of vascular tree; t cell; capillary endothelial cell; mature nk t cell; cd4-positive, alpha-beta t cell","Endothelial cell; Macrophage; Innate lymphoid cell; Dendritic cell; T cell; Capillary endothelial cell; Natural killer cell"
"Upregulated","ITGA2",0.010482729780557,1.97952560912146,"Fetal_HCA_Muscle_Vascular endothelial cells; Fetal_HCA_Muscle_Schwann cells; FetalMuscle_Endothelial cell; FetalMuscle_Fetal neuron; TS_Muscle_tendon cell; TS_Muscle_endothelial cell of vascular tree; FetalMuscle_Fetal mesenchymal progenitor","Vascular endothelial cells; Schwann cells; Endothelial cell; Fetal neuron; tendon cell; endothelial cell of vascular tree; Fetal mesenchymal progenitor","Endothelial cell; Schwann cell; Neuron; Cell of skeletal muscle; Mesenchymal stem cell"
"Upregulated","ITGB4",0.010482729780557,1.97952560912146,"Fetal_HCA_Muscle_Vascular endothelial cells; TS_Muscle_endothelial cell of lymphatic vessel; Fetal_HCA_Muscle_Schwann cells; TS_Muscle_endothelial cell of artery; TS_Muscle_endothelial cell of vascular tree","Vascular endothelial cells; endothelial cell of lymphatic vessel; Schwann cells; endothelial cell of artery; endothelial cell of vascular tree","Endothelial cell; Schwann cell"
"Upregulated","MMRN1",0.010482729780557,1.97952560912146,"Fetal_HCA_Muscle_Vascular endothelial cells; TS_Muscle_endothelial cell of lymphatic vessel; FetalMuscle_Endothelial cell; Fetal_HCA_Muscle_Lymphatic endothelial cells; TS_Muscle_endothelial cell of artery; TS_Muscle_endothelial cell of vascular tree","Vascular endothelial cells; endothelial cell of lymphatic vessel; Endothelial cell; Lymphatic endothelial cells; endothelial cell of artery; endothelial cell of vascular tree","Endothelial cell"
"Upregulated","NOTCH1",0.010482729780557,1.97952560912146,"Fetal_HCA_Muscle_Vascular endothelial cells; TS_Muscle_endothelial cell of lymphatic vessel; Fetal_HCA_Muscle_Smooth muscle cells; FetalMuscle_Endothelial cell; Fetal_HCA_Muscle_Satellite cells; TS_Muscle_endothelial cell of artery; TS_Muscle_pericyte cell; TS_Muscle_endothelial cell of vascular tree; TS_Muscle_capillary endothelial cell","Vascular endothelial cells; endothelial cell of lymphatic vessel; Smooth muscle cells; Endothelial cell; Satellite cells; endothelial cell of artery; pericyte cell; endothelial cell of vascular tree; capillary endothelial cell","Endothelial cell; Smooth muscle cell; Skeletal muscle satellite cell; Pericyte cell; Capillary endothelial cell"
"Upregulated","PRKD2",0.010482729780557,1.97952560912146,"Fetal_HCA_Muscle_Vascular endothelial cells; Fetal_HCA_Muscle_Lymphoid cells; FetalMuscle_Endothelial cell; Fetal_HCA_Muscle_Lymphatic endothelial cells; TS_Muscle_endothelial cell of artery; TS_Muscle_endothelial cell of vascular tree; TS_Muscle_capillary endothelial cell","Vascular endothelial cells; Lymphoid cells; Endothelial cell; Lymphatic endothelial cells; endothelial cell of artery; endothelial cell of vascular tree; capillary endothelial cell","Endothelial cell; Innate lymphoid cell; Capillary endothelial cell"
"Upregulated","RASSF2",0.010482729780557,1.97952560912146,"Fetal_HCA_Muscle_Vascular endothelial cells; AdultMuscle_Dendritic cell; FetalMuscle_Endothelial cell; TS_Muscle_macrophage; TS_Muscle_tendon cell; TS_Muscle_t cell; TS_Muscle_mast cell","Vascular endothelial cells; Dendritic cell; Endothelial cell; macrophage; tendon cell; t cell; mast cell","Endothelial cell; Dendritic cell; Macrophage; Cell of skeletal muscle; T cell; Mast cell"
"Upregulated","SPNS2",0.010482729780557,1.97952560912146,"Fetal_HCA_Muscle_Vascular endothelial cells; FetalMuscle_Endothelial cell","Vascular endothelial cells; Endothelial cell","Endothelial cell"
"Upregulated","AMN1",0.0147386139970601,1.83154335512896,"TS_Muscle_endothelial cell of lymphatic vessel; TS_Muscle_pericyte cell; TS_Muscle_fast muscle cell; FetalMuscle_Primordial germ cell","endothelial cell of lymphatic vessel; pericyte cell; fast muscle cell; Primordial germ cell","Endothelial cell; Pericyte cell; Cell of skeletal muscle; Primordial germ cell"
"Upregulated","ANKS1A",0.0147386139970601,1.83154335512896,"TS_Muscle_endothelial cell of lymphatic vessel; TS_Muscle_pericyte cell; TS_Muscle_endothelial cell of vascular tree; TS_Muscle_capillary endothelial cell; Fetal_HCA_Muscle_Skeletal muscle cells","endothelial cell of lymphatic vessel; pericyte cell; endothelial cell of vascular tree; capillary endothelial cell; Skeletal muscle cells","Endothelial cell; Pericyte cell; Capillary endothelial cell; Cell of skeletal muscle"
"Upregulated","CASP12",0.0147386139970601,1.83154335512896,"TS_Muscle_endothelial cell of lymphatic vessel; FetalMuscle_Endothelial cell; TS_Muscle_endothelial cell of artery","endothelial cell of lymphatic vessel; Endothelial cell; endothelial cell of artery","Endothelial cell"
"Upregulated","CCDC149",0.0147386139970601,1.83154335512896,"TS_Muscle_endothelial cell of lymphatic vessel; TS_Muscle_endothelial cell of vascular tree; FetalMuscle_Erythroid cell","endothelial cell of lymphatic vessel; endothelial cell of vascular tree; Erythroid cell","Endothelial cell; Erythroid lineage cell"
"Upregulated","CLEC4M",0.0147386139970601,1.83154335512896,"TS_Muscle_endothelial cell of lymphatic vessel","endothelial cell of lymphatic vessel","Endothelial cell"
"Upregulated","GPM6A",0.0147386139970601,1.83154335512896,"TS_Muscle_endothelial cell of lymphatic vessel; Fetal_HCA_Muscle_Lymphatic endothelial cells; TS_Muscle_endothelial cell of vascular tree; FetalMuscle_Fetal mesenchymal progenitor","endothelial cell of lymphatic vessel; Lymphatic endothelial cells; endothelial cell of vascular tree; Fetal mesenchymal progenitor","Endothelial cell; Mesenchymal stem cell"
"Upregulated","GREM2",0.0147386139970601,1.83154335512896,"TS_Muscle_endothelial cell of lymphatic vessel; FetalMuscle_Fetal mesenchymal progenitor","endothelial cell of lymphatic vessel; Fetal mesenchymal progenitor","Endothelial cell; Mesenchymal stem cell"
"Upregulated","ITGB8",0.0147386139970601,1.83154335512896,"TS_Muscle_endothelial cell of lymphatic vessel; AdultMuscle_Macrophage; Fetal_HCA_Muscle_Schwann cells; FetalMuscle_Fetal neuron; TS_Muscle_tendon cell; TS_Muscle_skeletal muscle satellite stem cell","endothelial cell of lymphatic vessel; Macrophage; Schwann cells; Fetal neuron; tendon cell; skeletal muscle satellite stem cell","Endothelial cell; Macrophage; Schwann cell; Neuron; Cell of skeletal muscle; Skeletal muscle satellite cell"
"Upregulated","KMT2E",0.0147386139970601,1.83154335512896,"TS_Muscle_endothelial cell of lymphatic vessel; Fetal_HCA_Muscle_Schwann cells; Fetal_HCA_Muscle_Satellite cells; TS_Muscle_endothelial cell of artery; TS_Muscle_macrophage; TS_Muscle_pericyte cell; TS_Muscle_endothelial cell of vascular tree; TS_Muscle_t cell; TS_Muscle_capillary endothelial cell; TS_Muscle_mature nk t cell; TS_Muscle_cd4-positive, alpha-beta t cell","endothelial cell of lymphatic vessel; Schwann cells; Satellite cells; endothelial cell of artery; macrophage; pericyte cell; endothelial cell of vascular tree; t cell; capillary endothelial cell; mature nk t cell; cd4-positive, alpha-beta t cell","Endothelial cell; Schwann cell; Skeletal muscle satellite cell; Macrophage; Pericyte cell; T cell; Capillary endothelial cell; Natural killer cell"
"Upregulated","MRC1",0.0147386139970601,1.83154335512896,"TS_Muscle_endothelial cell of lymphatic vessel; AdultMuscle_Dendritic cell; FetalMuscle_Macrophage; AdultMuscle_Macrophage; FetalMuscle_Dendritic cell; TS_Muscle_macrophage","endothelial cell of lymphatic vessel; Dendritic cell; Macrophage; macrophage","Endothelial cell; Dendritic cell; Macrophage"
"Upregulated","ODF2L",0.0147386139970601,1.83154335512896,"TS_Muscle_endothelial cell of lymphatic vessel; TS_Muscle_tendon cell; TS_Muscle_endothelial cell of vascular tree; TS_Muscle_t cell; AdultMuscle_T cell","endothelial cell of lymphatic vessel; tendon cell; endothelial cell of vascular tree; t cell; T cell","Endothelial cell; Cell of skeletal muscle; T cell"
"Upregulated","RELN",0.0147386139970601,1.83154335512896,"TS_Muscle_endothelial cell of lymphatic vessel; Fetal_HCA_Muscle_Schwann cells; FetalMuscle_Fetal neuron; Fetal_HCA_Muscle_Lymphatic endothelial cells; TS_Muscle_endothelial cell of artery; Fetal_HCA_Muscle_Erythroblasts","endothelial cell of lymphatic vessel; Schwann cells; Fetal neuron; Lymphatic endothelial cells; endothelial cell of artery; Erythroblasts","Endothelial cell; Schwann cell; Neuron; Erythroblast"
"Upregulated","SOCS2",0.0147386139970601,1.83154335512896,"TS_Muscle_endothelial cell of lymphatic vessel; FetalMuscle_Endothelial cell; FetalMuscle_Fetal neuron; TS_Muscle_endothelial cell of artery; TS_Muscle_endothelial cell of vascular tree; TS_Muscle_capillary endothelial cell; FetalMuscle_Fetal epithelial progenitor","endothelial cell of lymphatic vessel; Endothelial cell; Fetal neuron; endothelial cell of artery; endothelial cell of vascular tree; capillary endothelial cell; Fetal epithelial progenitor","Endothelial cell; Neuron; Capillary endothelial cell; Epithelial fate stem cell"
"Upregulated","ZNF235",0.0147386139970601,1.83154335512896,"TS_Muscle_endothelial cell of lymphatic vessel; TS_Muscle_endothelial cell of artery; TS_Muscle_capillary endothelial cell","endothelial cell of lymphatic vessel; endothelial cell of artery; capillary endothelial cell","Endothelial cell; Capillary endothelial cell"
"Upregulated","CCR5",0.0248666757845053,1.60438226800465,"AdultMuscle_Dendritic cell; FetalMuscle_Dendritic cell; TS_Muscle_macrophage; TS_Muscle_t cell","Dendritic cell; macrophage; t cell","Dendritic cell; Macrophage; T cell"
"Upregulated","CLEC10A",0.0248666757845053,1.60438226800465,"AdultMuscle_Dendritic cell; FetalMuscle_Macrophage; FetalMuscle_Dendritic cell; TS_Muscle_macrophage","Dendritic cell; Macrophage; macrophage","Dendritic cell; Macrophage"
"Upregulated","FCGR2A",0.0248666757845053,1.60438226800465,"AdultMuscle_Dendritic cell; FetalMuscle_Macrophage; FetalMuscle_Dendritic cell; FetalMuscle_Fetal neuron; TS_Muscle_macrophage","Dendritic cell; Macrophage; Fetal neuron; macrophage","Dendritic cell; Macrophage; Neuron"
"Upregulated","FCN1",0.0248666757845053,1.60438226800465,"AdultMuscle_Dendritic cell; FetalMuscle_Dendritic cell; TS_Muscle_macrophage","Dendritic cell; macrophage","Dendritic cell; Macrophage"
"Upregulated","HBEGF",0.0248666757845053,1.60438226800465,"AdultMuscle_Dendritic cell; FetalMuscle_Macrophage; Fetal_HCA_Muscle_Schwann cells; FetalMuscle_Endothelial cell; FetalMuscle_Dendritic cell; FetalMuscle_Fetal neuron; TS_Muscle_endothelial cell of artery; TS_Muscle_macrophage; TS_Muscle_pericyte cell; TS_Muscle_endothelial cell of vascular tree; TS_Muscle_capillary endothelial cell","Dendritic cell; Macrophage; Schwann cells; Endothelial cell; Fetal neuron; endothelial cell of artery; macrophage; pericyte cell; endothelial cell of vascular tree; capillary endothelial cell","Dendritic cell; Macrophage; Schwann cell; Endothelial cell; Neuron; Pericyte cell; Capillary endothelial cell"
"Upregulated","MMP9",0.0248666757845053,1.60438226800465,"AdultMuscle_Dendritic cell; AdultMuscle_Macrophage; TS_Muscle_macrophage","Dendritic cell; Macrophage; macrophage","Dendritic cell; Macrophage"
"Upregulated","MNDA",0.0248666757845053,1.60438226800465,"AdultMuscle_Dendritic cell; FetalMuscle_Macrophage; FetalMuscle_Dendritic cell; TS_Muscle_macrophage","Dendritic cell; Macrophage; macrophage","Dendritic cell; Macrophage"
"Upregulated","S100A9",0.0248666757845053,1.60438226800465,"AdultMuscle_Dendritic cell; FetalMuscle_Macrophage; AdultMuscle_Macrophage; FetalMuscle_Dendritic cell; TS_Muscle_macrophage","Dendritic cell; Macrophage; macrophage","Dendritic cell; Macrophage"
"Upregulated","RASAL3",0.0257561691141653,1.58911873200717,"FetalMuscle_Macrophage; TS_Muscle_t cell; TS_Muscle_mature nk t cell; TS_Muscle_cd4-positive, alpha-beta t cell; TS_Muscle_cd8-positive, alpha-beta t cell","Macrophage; t cell; mature nk t cell; cd4-positive, alpha-beta t cell; cd8-positive, alpha-beta t cell","Macrophage; T cell; Natural killer cell"
"Upregulated","UVSSA",0.0257561691141653,1.58911873200717,"FetalMuscle_Macrophage; FetalMuscle_Erythroid cell","Macrophage; Erythroid cell","Macrophage; Erythroid lineage cell"
"Upregulated","BUB1B",0.026955245519626,1.56935670808194,"AdultMuscle_Macrophage; Fetal_HCA_Muscle_Lymphoid cells; Fetal_HCA_Muscle_Satellite cells; FetalMuscle_Fetal skeletal muscle cell; TS_Muscle_slow muscle cell","Macrophage; Lymphoid cells; Satellite cells; Fetal skeletal muscle cell; slow muscle cell","Macrophage; Innate lymphoid cell; Skeletal muscle satellite cell; Cell of skeletal muscle"
"Upregulated","DUS3L",0.026955245519626,1.56935670808194,"AdultMuscle_Macrophage","Macrophage","Macrophage"
"Upregulated","TLR8",0.026955245519626,1.56935670808194,"AdultMuscle_Macrophage; TS_Muscle_macrophage","Macrophage; macrophage","Macrophage"
"Upregulated","TMPO",0.026955245519626,1.56935670808194,"AdultMuscle_Macrophage; Fetal_HCA_Muscle_Lymphoid cells; Fetal_HCA_Muscle_Satellite cells; TS_Muscle_endothelial cell of artery; TS_Muscle_pericyte cell; TS_Muscle_endothelial cell of vascular tree; TS_Muscle_t cell; TS_Muscle_capillary endothelial cell; Fetal_HCA_Muscle_Erythroblasts; FetalMuscle_Fetal skeletal muscle cell","Macrophage; Lymphoid cells; Satellite cells; endothelial cell of artery; pericyte cell; endothelial cell of vascular tree; t cell; capillary endothelial cell; Erythroblasts; Fetal skeletal muscle cell","Macrophage; Innate lymphoid cell; Skeletal muscle satellite cell; Endothelial cell; Pericyte cell; T cell; Capillary endothelial cell; Erythroblast; Cell of skeletal muscle"
"Upregulated","CEP152",0.0279603447133179,1.55345747862847,"Fetal_HCA_Muscle_Lymphoid cells; Fetal_HCA_Muscle_Satellite cells; Fetal_HCA_Muscle_Erythroblasts","Lymphoid cells; Satellite cells; Erythroblasts","Innate lymphoid cell; Skeletal muscle satellite cell; Erythroblast"
"Upregulated","GLCCI1",0.0279603447133179,1.55345747862847,"Fetal_HCA_Muscle_Lymphoid cells; Fetal_HCA_Muscle_Satellite cells; TS_Muscle_t cell; TS_Muscle_mature nk t cell; TS_Muscle_cd4-positive, alpha-beta t cell; FetalMuscle_Fetal skeletal muscle cell","Lymphoid cells; Satellite cells; t cell; mature nk t cell; cd4-positive, alpha-beta t cell; Fetal skeletal muscle cell","Innate lymphoid cell; Skeletal muscle satellite cell; T cell; Natural killer cell; Cell of skeletal muscle"
"Upregulated","IL7R",0.0279603447133179,1.55345747862847,"Fetal_HCA_Muscle_Lymphoid cells; TS_Muscle_macrophage; TS_Muscle_t cell; TS_Muscle_mature nk t cell; TS_Muscle_cd4-positive, alpha-beta t cell; AdultMuscle_T cell; TS_Muscle_cd8-positive, alpha-beta t cell","Lymphoid cells; macrophage; t cell; mature nk t cell; cd4-positive, alpha-beta t cell; T cell; cd8-positive, alpha-beta t cell","Innate lymphoid cell; Macrophage; T cell; Natural killer cell"
"Upregulated","KDM4C",0.0279603447133179,1.55345747862847,"Fetal_HCA_Muscle_Lymphoid cells; TS_Muscle_t cell; Fetal_HCA_Muscle_Erythroblasts","Lymphoid cells; t cell; Erythroblasts","Innate lymphoid cell; T cell; Erythroblast"
"Upregulated","PSMB8",0.0279603447133179,1.55345747862847,"Fetal_HCA_Muscle_Lymphoid cells; FetalMuscle_Endothelial cell; FetalMuscle_Dendritic cell; TS_Muscle_endothelial cell of artery; TS_Muscle_endothelial cell of vascular tree; TS_Muscle_capillary endothelial cell","Lymphoid cells; Endothelial cell; Dendritic cell; endothelial cell of artery; endothelial cell of vascular tree; capillary endothelial cell","Innate lymphoid cell; Endothelial cell; Dendritic cell; Capillary endothelial cell"
"Upregulated","PCDH20",0.0285888346222193,1.54380354759601,"Fetal_HCA_Muscle_Schwann cells; TS_Muscle_smooth muscle cell; Fetal_HCA_Muscle_Erythroblasts","Schwann cells; smooth muscle cell; Erythroblasts","Schwann cell; Smooth muscle cell; Erythroblast"
"Upregulated","PLEKHA4",0.0285888346222193,1.54380354759601,"Fetal_HCA_Muscle_Schwann cells; FetalMuscle_Fetal neuron; TS_Muscle_pericyte cell; TS_Muscle_tendon cell; TS_Muscle_smooth muscle cell; TS_Muscle_skeletal muscle satellite stem cell","Schwann cells; Fetal neuron; pericyte cell; tendon cell; smooth muscle cell; skeletal muscle satellite stem cell","Schwann cell; Neuron; Pericyte cell; Cell of skeletal muscle; Smooth muscle cell; Skeletal muscle satellite cell"
"Upregulated","ACKR1",0.0397663322418453,1.40048446334099,"FetalMuscle_Endothelial cell; TS_Muscle_endothelial cell of vascular tree; FetalMuscle_Erythroid cell","Endothelial cell; endothelial cell of vascular tree; Erythroid cell","Endothelial cell; Erythroid lineage cell"
"Upregulated","CCL23",0.0397663322418453,1.40048446334099,"FetalMuscle_Endothelial cell; TS_Muscle_endothelial cell of vascular tree","Endothelial cell; endothelial cell of vascular tree","Endothelial cell"
"Upregulated","CCL8",0.0397663322418453,1.40048446334099,"FetalMuscle_Endothelial cell; TS_Muscle_endothelial cell of artery; TS_Muscle_pericyte cell; TS_Muscle_capillary endothelial cell","Endothelial cell; endothelial cell of artery; pericyte cell; capillary endothelial cell","Endothelial cell; Pericyte cell; Capillary endothelial cell"
"Upregulated","CEP112",0.0568218483719273,1.24548464311093,"Fetal_HCA_Muscle_Satellite cells; TS_Muscle_endothelial cell of artery; TS_Muscle_endothelial cell of vascular tree; TS_Muscle_capillary endothelial cell; TS_Muscle_skeletal muscle satellite stem cell","Satellite cells; endothelial cell of artery; endothelial cell of vascular tree; capillary endothelial cell; skeletal muscle satellite stem cell","Skeletal muscle satellite cell; Endothelial cell; Capillary endothelial cell"
"Upregulated","KCNF1",0.0568218483719273,1.24548464311093,"Fetal_HCA_Muscle_Satellite cells; FetalMuscle_Fetal skeletal muscle cell","Satellite cells; Fetal skeletal muscle cell","Skeletal muscle satellite cell; Cell of skeletal muscle"
"Upregulated","CADM3",0.0686853313972853,1.16313600200037,"FetalMuscle_Fetal neuron","Fetal neuron","Neuron"
"Upregulated","HLA-G",0.0686853313972853,1.16313600200037,"FetalMuscle_Fetal neuron; TS_Muscle_endothelial cell of vascular tree; TS_Muscle_capillary endothelial cell; TS_Muscle_mature nk t cell; TS_Muscle_cd4-positive, alpha-beta t cell; TS_Muscle_cd8-positive, alpha-beta t cell","Fetal neuron; endothelial cell of vascular tree; capillary endothelial cell; mature nk t cell; cd4-positive, alpha-beta t cell; cd8-positive, alpha-beta t cell","Neuron; Endothelial cell; Capillary endothelial cell; Natural killer cell; T cell"
"Upregulated","ACER2",0.0967854114877632,1.01419009917747,"Fetal_HCA_Muscle_Lymphatic endothelial cells; TS_Muscle_endothelial cell of vascular tree; TS_Muscle_capillary endothelial cell","Lymphatic endothelial cells; endothelial cell of vascular tree; capillary endothelial cell","Endothelial cell; Capillary endothelial cell"
"Upregulated","CDK12",0.0967854114877632,1.01419009917747,"Fetal_HCA_Muscle_Lymphatic endothelial cells; AdultMuscle_T cell","Lymphatic endothelial cells; T cell","Endothelial cell; T cell"
"Upregulated","ISLR2",0.0967854114877632,1.01419009917747,"Fetal_HCA_Muscle_Lymphatic endothelial cells; TS_Muscle_pericyte cell; TS_Muscle_capillary endothelial cell","Lymphatic endothelial cells; pericyte cell; capillary endothelial cell","Endothelial cell; Pericyte cell; Capillary endothelial cell"
"Upregulated","B3GALNT1",0.104726929858741,0.979941627917999,"TS_Muscle_endothelial cell of artery; TS_Muscle_pericyte cell","endothelial cell of artery; pericyte cell","Endothelial cell; Pericyte cell"
"Upregulated","HLA-F",0.104726929858741,0.979941627917999,"TS_Muscle_endothelial cell of artery; TS_Muscle_pericyte cell; TS_Muscle_endothelial cell of vascular tree; TS_Muscle_t cell; TS_Muscle_capillary endothelial cell; TS_Muscle_mature nk t cell; TS_Muscle_cd4-positive, alpha-beta t cell; AdultMuscle_T cell; FetalMuscle_Erythroid cell","endothelial cell of artery; pericyte cell; endothelial cell of vascular tree; t cell; capillary endothelial cell; mature nk t cell; cd4-positive, alpha-beta t cell; T cell; Erythroid cell","Endothelial cell; Pericyte cell; T cell; Capillary endothelial cell; Natural killer cell; Erythroid lineage cell"
"Upregulated","NEBL",0.104726929858741,0.979941627917999,"TS_Muscle_endothelial cell of artery; TS_Muscle_pericyte cell; TS_Muscle_tendon cell; TS_Muscle_capillary endothelial cell","endothelial cell of artery; pericyte cell; tendon cell; capillary endothelial cell","Endothelial cell; Pericyte cell; Cell of skeletal muscle; Capillary endothelial cell"
"Upregulated","PER3",0.104726929858741,0.979941627917999,"TS_Muscle_endothelial cell of artery","endothelial cell of artery","Endothelial cell"
"Upregulated","STON1",0.104726929858741,0.979941627917999,"TS_Muscle_endothelial cell of artery; TS_Muscle_pericyte cell; TS_Muscle_endothelial cell of vascular tree; TS_Muscle_capillary endothelial cell","endothelial cell of artery; pericyte cell; endothelial cell of vascular tree; capillary endothelial cell","Endothelial cell; Pericyte cell; Capillary endothelial cell"
"Upregulated","ADAMTS10",0.112093194995404,0.950420751951429,"TS_Muscle_pericyte cell; Fetal_HCA_Muscle_Erythroblasts","pericyte cell; Erythroblasts","Pericyte cell; Erythroblast"
"Upregulated","AKAP8L",0.112093194995404,0.950420751951429,"TS_Muscle_pericyte cell; Fetal_HCA_Muscle_Erythroblasts","pericyte cell; Erythroblasts","Pericyte cell; Erythroblast"
"Upregulated","CBX7",0.112093194995404,0.950420751951429,"TS_Muscle_pericyte cell","pericyte cell","Pericyte cell"
"Upregulated","PPM1K",0.112093194995404,0.950420751951429,"TS_Muscle_pericyte cell; TS_Muscle_t cell; TS_Muscle_smooth muscle cell; FetalMuscle_Primordial germ cell","pericyte cell; t cell; smooth muscle cell; Primordial germ cell","Pericyte cell; T cell; Smooth muscle cell; Primordial germ cell"
"Upregulated","SLC7A2",0.112093194995404,0.950420751951429,"TS_Muscle_pericyte cell; TS_Muscle_smooth muscle cell; TS_Muscle_fast muscle cell; TS_Muscle_slow muscle cell","pericyte cell; smooth muscle cell; fast muscle cell; slow muscle cell","Pericyte cell; Smooth muscle cell; Cell of skeletal muscle"
"Upregulated","TPPP",0.112093194995404,0.950420751951429,"TS_Muscle_pericyte cell; TS_Muscle_t cell; TS_Muscle_cd4-positive, alpha-beta t cell; TS_Muscle_mast cell; FetalMuscle_Fetal epithelial progenitor","pericyte cell; t cell; cd4-positive, alpha-beta t cell; mast cell; Fetal epithelial progenitor","Pericyte cell; T cell; Mast cell; Epithelial fate stem cell"
"Upregulated","ZCCHC14",0.112093194995404,0.950420751951429,"TS_Muscle_pericyte cell","pericyte cell","Pericyte cell"
"Upregulated","CNTLN",0.118984759286547,0.924508663663307,"TS_Muscle_tendon cell","tendon cell","Cell of skeletal muscle"
"Upregulated","COMP",0.118984759286547,0.924508663663307,"TS_Muscle_tendon cell; FetalMuscle_Fetal mesenchymal progenitor","tendon cell; Fetal mesenchymal progenitor","Cell of skeletal muscle; Mesenchymal stem cell"
"Upregulated","FREM2",0.118984759286547,0.924508663663307,"TS_Muscle_tendon cell","tendon cell","Cell of skeletal muscle"
"Upregulated","KCNA1",0.118984759286547,0.924508663663307,"TS_Muscle_tendon cell","tendon cell","Cell of skeletal muscle"
"Upregulated","CCL15",0.122310783194721,0.912535252894025,"TS_Muscle_endothelial cell of vascular tree","endothelial cell of vascular tree","Endothelial cell"
"Upregulated","FCN2",0.122310783194721,0.912535252894025,"TS_Muscle_endothelial cell of vascular tree","endothelial cell of vascular tree","Endothelial cell"
"Upregulated","CLCA1",0.135347984381343,0.868548207411601,"TS_Muscle_t cell","t cell","T cell"
"Upregulated","RBM33",0.135347984381343,0.868548207411601,"TS_Muscle_t cell; Fetal_HCA_Muscle_Erythroblasts","t cell; Erythroblasts","T cell; Erythroblast"
"Upregulated","RBM5",0.135347984381343,0.868548207411601,"TS_Muscle_t cell","t cell","T cell"
"Upregulated","RNF169",0.135347984381343,0.868548207411601,"TS_Muscle_t cell; TS_Muscle_skeletal muscle satellite stem cell","t cell; skeletal muscle satellite stem cell","T cell; Skeletal muscle satellite cell"
"Upregulated","UHRF2",0.135347984381343,0.868548207411601,"TS_Muscle_t cell","t cell","T cell"
"Upregulated","ZNF790",0.135347984381343,0.868548207411601,"TS_Muscle_t cell","t cell","T cell"
"Upregulated","GALR2",0.262313076855174,0.581180058382272,"TS_Muscle_mature nk t cell","mature nk t cell","Natural killer cell"
"Upregulated","ACTC1",0.389176681454817,0.409853189521079,"TS_Muscle_smooth muscle cell; TS_Muscle_skeletal muscle satellite stem cell; FetalMuscle_Fetal skeletal muscle cell; Fetal_HCA_Muscle_Skeletal muscle cells; TS_Muscle_fast muscle cell; TS_Muscle_slow muscle cell","smooth muscle cell; skeletal muscle satellite stem cell; Fetal skeletal muscle cell; Skeletal muscle cells; fast muscle cell; slow muscle cell","Smooth muscle cell; Skeletal muscle satellite cell; Cell of skeletal muscle"
"Upregulated","KIF1A",0.411551469008548,0.385575843784353,"Fetal_HCA_Muscle_Erythroblasts; FetalMuscle_Erythroid cell; FetalMuscle_Primordial germ cell","Erythroblasts; Erythroid cell; Primordial germ cell","Erythroblast; Erythroid lineage cell; Primordial germ cell"
"Upregulated","VWA5A",0.515853848213681,0.287473325320555,"FetalMuscle_Fetal mesenchymal progenitor; TS_Muscle_mast cell; Fetal_HCA_Muscle_Skeletal muscle cells","Fetal mesenchymal progenitor; mast cell; Skeletal muscle cells","Mesenchymal stem cell; Mast cell; Cell of skeletal muscle"
"Upregulated","APOL2",0.704154550060419,0.1523320100738,"TS_Muscle_skeletal muscle satellite stem cell","skeletal muscle satellite stem cell","Skeletal muscle satellite cell"
"Upregulated","CEP95",0.704154550060419,0.1523320100738,"TS_Muscle_skeletal muscle satellite stem cell","skeletal muscle satellite stem cell","Skeletal muscle satellite cell"
"Upregulated","CISH",0.704154550060419,0.1523320100738,"TS_Muscle_skeletal muscle satellite stem cell","skeletal muscle satellite stem cell","Skeletal muscle satellite cell"
"Upregulated","SIM1",0.704154550060419,0.1523320100738,"TS_Muscle_skeletal muscle satellite stem cell; TS_Muscle_fast muscle cell; TS_Muscle_slow muscle cell","skeletal muscle satellite stem cell; fast muscle cell; slow muscle cell","Skeletal muscle satellite cell; Cell of skeletal muscle"
"Upregulated","TMEM67",0.704154550060419,0.1523320100738,"TS_Muscle_skeletal muscle satellite stem cell","skeletal muscle satellite stem cell","Skeletal muscle satellite cell"
"Upregulated","CHIA",0.805563688316658,0.0939001183222674,"TS_Muscle_mast cell","mast cell","Mast cell"
"Upregulated","CR1L",0.805563688316658,0.0939001183222674,"TS_Muscle_mast cell; FetalMuscle_Erythroid cell","mast cell; Erythroid cell","Mast cell; Erythroid lineage cell"
"Upregulated","RAB44",0.805563688316658,0.0939001183222674,"TS_Muscle_mast cell","mast cell","Mast cell"
"Upregulated","ZNF445",0.805563688316658,0.0939001183222674,"TS_Muscle_mast cell","mast cell","Mast cell"
"Upregulated","ATP13A5",0.848179857816837,0.0715120451784405,"FetalMuscle_Fetal epithelial progenitor; TS_Muscle_fast muscle cell","Fetal epithelial progenitor; fast muscle cell","Epithelial fate stem cell; Cell of skeletal muscle"
"Upregulated","PC",0.848179857816837,0.0715120451784405,"FetalMuscle_Fetal epithelial progenitor","Fetal epithelial progenitor","Epithelial fate stem cell"
"Upregulated","RBM12B",0.848179857816837,0.0715120451784405,"FetalMuscle_Fetal epithelial progenitor","Fetal epithelial progenitor","Epithelial fate stem cell"
"Upregulated","C2orf68",0.86641920202189,0.0622719312214511,"AdultMuscle_T cell; TS_Muscle_fast muscle cell; TS_Muscle_slow muscle cell","T cell; fast muscle cell; slow muscle cell","T cell; Cell of skeletal muscle"
"Upregulated","MCM9",0.86641920202189,0.0622719312214511,"AdultMuscle_T cell","T cell","T cell"
"Upregulated","KRBA1",0.952946801544021,0.020931343265926,"TS_Muscle_fast muscle cell","fast muscle cell","Cell of skeletal muscle"
